Date,Close,High,Low,Open,Volume
2018-06-01,88.07524108886719,89.29440018950557,88.04834897976852,89.05235752902698,2711200
2018-06-04,89.15094757080078,89.20473861687897,88.42483342203666,88.57722656745487,2417400
2018-06-05,89.02545928955078,89.11510876610004,88.23659450669892,88.85514033055578,1811500
2018-06-06,90.51353454589844,90.54042664764545,89.2585173631219,89.64398677984697,2872700
2018-06-07,90.97073364257812,91.78649048106318,90.44183048943988,90.93487522208618,4245700
2018-06-08,90.54047393798828,90.80940877451299,89.27648978133797,90.80044245614964,3580500
2018-06-11,90.7197265625,91.1410544628164,90.35218971367358,90.70180077153303,3453000
2018-06-12,90.29840087890625,90.9886566441587,89.85914037081506,90.9886566441587,2426100
2018-06-13,89.6619644165039,90.43290369576312,89.60818018190822,90.42394421619542,3183800
2018-06-14,89.42886352539062,90.63008993938067,89.20475350732129,90.11015305602902,3285500
2018-06-15,88.31726837158203,88.98959839122935,87.23257676059971,88.94478049349631,6741200
2018-06-18,88.27246856689453,88.34418542512063,87.23259464050422,87.71667317458632,3621300
2018-06-19,87.08016967773438,87.78835800594037,86.61402394791568,87.08016967773438,3119600
2018-06-20,86.43475341796875,87.75252146866875,86.38096920015903,87.58219565987766,4495300
2018-06-21,86.62300109863281,86.91882796178622,85.84310261851283,86.20168001270227,3350700
2018-06-22,87.1608657836914,87.81526316550702,87.01743209823921,87.26843420848598,7235400
2018-06-25,88.33521270751953,89.73365714512128,85.74450123565705,86.9995188064949,7996700
2018-06-26,88.03937530517578,89.49161062878144,87.91387424700804,89.19578377483117,5166100
2018-06-27,86.91880798339844,89.11508974343154,86.89191588189203,88.23657567155962,3693700
2018-06-28,86.92778015136719,87.35806748303531,86.56920281544787,86.9636385688885,3142300
2018-06-29,87.85112762451172,89.17786194894722,87.53737496514033,87.96766237247965,4698500
2018-07-02,88.74756622314453,88.78342464637431,87.0981197903436,87.31326349042743,3148700
2018-07-03,87.70770263671875,89.0254707762001,87.60013419385216,89.0254707762001,2041200
2018-07-05,88.64334869384766,88.73331316883181,87.83365469129133,88.48140989333639,2385500
2018-07-06,88.63433074951172,89.09315839431342,88.34644037438767,88.58035344912845,1996600
2018-07-09,89.88487243652344,89.97483690215013,89.13815433050935,89.30009311417687,4991700
2018-07-10,89.88487243652344,90.38867893511187,89.57898501677421,89.88487243652344,4675500
2018-07-11,90.23571014404297,90.68553919388596,89.65992950935167,89.65992950935167,3469600
2018-07-12,91.00045776367188,91.16239656665257,90.5056428479393,90.89249627373488,3688800
2018-07-13,90.41565704345703,91.00043629760222,89.62396022888765,90.93746049262337,3456500
2018-07-16,90.58660888671875,90.75753931981936,90.02881819299023,90.50563605937714,3264800
2018-07-17,91.00045776367188,91.27934969953046,90.5506285180421,90.66758165092,3092200
2018-07-18,92.64684295654297,92.72780893354258,91.24337091389799,91.36033092136435,5923800
2018-07-19,90.11878967285156,91.19838398367615,89.31809416251103,90.1457783294485,7171100
2018-07-20,90.10077667236328,91.13538505057002,89.94783641453519,90.08277966329653,3325500
2018-07-23,91.06343841552734,91.22537722710086,89.97485240700254,90.10080405335418,2617900
2018-07-24,91.5042495727539,91.84611727334095,91.01843324212065,91.27933498619305,3155100
2018-07-25,92.33191680908203,92.46686690924122,90.93745074436293,91.07240084452214,2549400
2018-07-26,92.21495819091797,92.79973734733706,92.08900660200885,92.52083866002674,2744000
2018-07-27,93.42951965332031,93.7803858658896,92.36792251010208,92.5478583010662,3815800
2018-07-30,90.73054504394531,92.76377487759066,90.28071585992589,92.42190716872142,4423000
2018-07-31,89.53398132324219,91.04540737851154,89.46201388354164,90.91046413916843,4330400
2018-08-01,89.47102355957031,90.80252098822648,89.21912031022019,89.87587395075336,3315400
2018-08-02,89.72291564941406,89.9028445445636,88.76927328634879,88.9761976932334,2481800
2018-08-03,90.67655181884766,90.77551477106557,89.69592080064656,89.9298338571478,1830400
2018-08-06,90.79352569580078,91.15339043497218,90.32570633957225,90.65857556063038,2004600
2018-08-07,91.7381591796875,92.43989156488404,91.19836556521695,91.30632016980212,1852800
2018-08-08,92.46688079833984,92.6198210650308,91.59421113192352,91.76514840872414,2228900
2018-08-09,92.65581512451172,92.95270403880609,92.01705849499427,92.1610071312032,2435500
2018-08-10,91.38728332519531,91.94506702684248,91.01842016159866,91.84610407387008,2473800
2018-08-13,91.5942153930664,92.03505293123474,91.22535903483721,91.29733335092779,3389200
2018-08-14,91.92710876464844,92.30496369949162,91.61222965227911,91.70219413240608,2327100
2018-08-15,91.32432556152344,91.70218043994744,90.72154922059124,91.37830286877005,2219600
2018-08-16,92.34993743896484,92.79076813932225,91.64820497525538,91.67519362942129,2290400
2018-08-17,92.6917953491211,92.94369857979264,91.81912568297452,92.33193064936964,1950800
2018-08-20,93.41152954101562,93.53748116281322,92.60183564099633,92.68280159907395,2267900
2018-08-21,94.29320526123047,94.6890571979674,93.3485679538123,93.49250974472142,3218400
2018-08-22,95.2108383178711,95.5976916564743,94.02328965162258,94.37415583502454,2761300
2018-08-23,94.79700469970703,95.38177714778224,94.60807726610369,94.94994497493136,1866800
2018-08-24,95.14788055419922,95.66967724394024,94.86898176446681,95.28283069583111,1844000
2018-08-27,96.30841064453125,96.56031383600947,95.61567000411897,96.07449759650983,1972000
2018-08-28,96.51535034179688,96.6503004721729,95.9755566841415,96.31742439909186,2275000
2018-08-29,96.00254821777344,96.54234189162403,95.26482859527954,96.29943714073839,1896200
2018-08-30,95.57068634033203,95.96653125082172,95.33677330423801,95.90355545616335,1868300
2018-08-31,95.34579467773438,95.72364953631948,94.73402672694722,94.9319457977429,2115500
2018-09-04,96.27244567871094,96.50635191678633,94.9859339139012,95.67866785009932,2941800
2018-09-05,95.07588195800781,96.48834510361877,94.35615262894528,96.26343054626767,5511800
2018-09-06,94.82400512695312,95.24684571060041,94.059296792028,94.91396960214735,3623900
2018-09-07,95.43576049804688,95.6786652352093,94.77900687500264,95.03990862312439,2498400
2018-09-10,96.52434539794922,96.98317307929075,95.86759178097611,95.86759178097611,3337000
2018-09-11,97.44200134277344,97.58594998472292,95.7866331434487,96.00254924252387,2795800
2018-09-12,97.05513763427734,97.78386554497621,96.85721856840124,97.44199098859828,4103100
2018-09-13,97.75688171386719,98.23369955143446,97.10012808411034,97.34303282375546,3429600
2018-09-14,98.56658935546875,98.97143982462175,97.91883409590399,97.91883409590399,2999800
2018-09-17,98.2426986694336,99.1783442684762,98.00879241755982,99.15135561355608,2383100
2018-09-18,98.63854217529297,98.84546661846744,98.03577272059776,98.45861324858797,2173200
2018-09-19,99.05239868164062,99.37627628814721,98.719529432178,98.96243420513315,2365700
2018-09-20,99.96104431152344,100.55481528001619,99.54720227558029,99.7271312081299,2844800
2018-09-21,99.7720947265625,100.32088677202567,99.64614312896576,100.12296087184588,5662900
2018-09-24,98.82747650146484,99.71813641932759,98.3776472894747,99.62817194969938,1871600
2018-09-25,98.84548950195312,99.17835877980401,98.404651860926,99.17835877980401,1910600
2018-09-26,97.17211151123047,99.06139289133202,96.98318405960525,99.03440423593545,2944200
2018-09-27,97.02811431884766,97.47794332066321,96.56928681511894,97.17206289407464,2121700
2018-09-28,95.80462646484375,97.04615951930627,95.61569901391452,96.50635895796643,3931500
2018-10-01,97.07315063476562,98.05377507594342,96.8122488538657,96.99217780297282,3361300
2018-10-02,97.51398468017578,97.58595900780549,96.54235184872394,97.17211691970925,2223100
2018-10-03,97.56793975830078,98.42261926046072,97.3880108440819,98.2876691428725,2505100
2018-10-04,97.27900695800781,98.28123230828409,96.43930482368498,97.73949055131263,2478700
2018-10-05,96.81852722167969,97.9381277361791,96.35804364279383,97.56793329919124,2399800
2018-10-08,96.60185241699219,96.81855468536146,95.31972832793932,96.27680590306021,2723400
2018-10-09,96.30389404296875,96.54767547193059,95.65380104757506,95.9788475452719,2604400
2018-10-10,93.5138931274414,96.6198892808804,93.46874511110556,96.57474126454456,4555600
2018-10-11,91.71710205078125,94.20911517620019,91.69001599986007,93.19786586917311,6069300
2018-10-12,92.99927520751953,94.73285227656496,91.83452617682944,94.18207931890632,4855900
2018-10-15,92.65615844726562,93.50488487398819,92.28596391146758,92.86382284019767,2780900
2018-10-16,94.14595031738281,94.3265355445397,92.71936491026473,93.06246650892972,3121000
2018-10-17,94.20913696289062,95.06690114260289,93.82991838505785,94.20011286957617,3792400
2018-10-18,92.85479736328125,94.58838114089448,92.35820347653625,94.38070984702577,4538200
2018-10-19,96.3670883178711,97.10747040843926,93.9563258660293,93.9563258660293,5726300
2018-10-22,94.36263275146484,96.57474793224753,94.30845375039718,96.25873246193866,5003100
2018-10-23,94.2452621459961,94.37166834953013,91.95188162833081,92.46654431380405,4223800
2018-10-24,91.95187377929688,94.75990985411931,91.65392026132659,94.29040212230187,4056700
2018-10-25,93.541015625,94.05567152408398,91.91578973302983,92.52976579585132,3378900
2018-10-26,91.41917419433594,92.692274148914,90.41694862244903,92.58392301811318,5395700
2018-10-29,91.3650131225586,93.2249963168701,90.32667038149849,92.52073110304818,4238700
2018-10-30,92.1685791015625,92.44847755363959,90.66072883145137,91.73518150576533,3778200
2018-10-31,92.7554702758789,93.6403136673505,92.59294703621374,93.05342380808071,4511300
2018-11-01,93.9382553100586,94.14591964285046,93.01728817318225,93.23399037516481,2786800
2018-11-02,93.64030456542969,94.85020120724975,92.8999225208367,94.74185009513107,4322200
2018-11-05,94.99468231201172,95.1662365532146,93.72158919962226,93.93828458050562,2697700
2018-11-06,94.7870101928711,95.40098612920922,94.23623735783448,94.7870101928711,2856000
2018-11-07,96.8907699584961,97.04426910185002,94.71477166831663,95.4641847547715,3606900
2018-11-08,97.9652328491211,98.08260806756199,96.63796085027617,96.63796085027617,2896700
2018-11-09,97.76657104492188,98.71462423216195,96.92686895836115,97.85686018451145,4444000
2018-11-12,96.15039825439453,97.91106799332644,95.97885090527573,97.65825557262774,3154600
2018-11-13,97.38737487792969,97.69435940071764,96.1323369503034,96.29486019431506,3021800
2018-11-14,97.30609893798828,98.71463585823072,96.51154477195402,98.06454295482969,4978100
2018-11-15,98.95841217041016,99.04870131599645,96.01493918167935,96.32193054301705,3742600
2018-11-16,98.83202362060547,99.66269492998441,98.03746935362841,98.03746935362841,3486200
2018-11-19,97.73950958251953,99.33764911005778,96.99009644700102,99.22930487073951,3161200
2018-11-20,95.78921508789062,97.42347828185102,95.2203872577884,97.10746282068311,3779000
2018-11-21,96.1594467163086,97.215844618514,95.82536916330538,96.0420714678268,2791000
2018-11-23,95.47319793701172,96.1142598293553,95.0849484091281,95.5996041192417,938800
2018-11-26,99.0306396484375,99.07578766253461,96.45736128315686,96.74629066296697,4488500
2018-11-27,99.41891479492188,99.64464114639729,98.17290781468135,98.86814194623214,2837900
2018-11-28,101.92898559570312,102.19082897688254,99.6175500771831,99.6175500771831,3995900
2018-11-29,100.50237274169922,101.36013679041108,99.7529666824206,101.12537951629186,4249500
2018-11-30,101.36918640136719,101.5317096491916,99.65367164931362,99.65367164931362,3949500
2018-12-03,101.4504623413086,103.42782758696872,101.12541581082688,102.92219582365144,3399400
2018-12-04,97.188720703125,101.26985629680826,97.0984315557151,100.99898196595817,5238400
2018-12-06,97.73950958251953,97.86591578747186,94.60642674129765,95.38292593664573,7455200
2018-12-07,96.3219223022461,98.97646566482055,95.49125121212744,97.69433510815432,4419400
2018-12-10,95.51836395263672,96.35806625774187,93.45070974138596,95.65380114158044,4110000
2018-12-11,95.1662368774414,97.52282067952036,94.36265156899846,96.96301681432399,3132200
2018-12-12,97.04425811767578,98.17288966641372,96.1594079524723,96.85464195550195,4183800
2018-12-13,96.33998107910156,97.83880700199668,96.00591056730488,97.306089357474,3542600
2018-12-14,95.43708038330078,96.11425930812634,94.74184638480611,95.50028347407302,5245400
2018-12-17,91.35597229003906,95.22040645394019,90.99480873791465,95.22040645394019,7345500
2018-12-18,91.21147918701172,92.61098498579672,90.71488546609633,92.07827423067695,5220800
2018-12-19,89.17996978759766,92.09635747186714,88.66531394785858,90.07385115816187,6195600
2018-12-20,86.47123718261719,89.27024911162165,86.01076044138055,88.40346085393885,7110500
2018-12-21,82.46236419677734,87.24775940095837,82.29984092486946,85.95660420986309,11005300
2018-12-24,80.81001281738281,82.6609711736758,80.81001281738281,81.92961330078776,3190900
2018-12-26,84.72862243652344,84.77377045291728,80.40371249990235,81.12603254186293,5383700
2018-12-27,85.4870834350586,85.4870834350586,82.39914862439095,83.39234318535976,4226600
2018-12-28,85.2523193359375,86.36289591932136,84.82795272999913,86.13716958753464,3225100
2018-12-31,86.06492614746094,86.32676949048933,85.14396584493028,85.89337194960298,2821100
2019-01-02,86.38998413085938,86.92269498061968,84.6654316064737,84.79184469295733,4175400
2019-01-03,84.70372009277344,86.29027162523813,84.52240268436093,85.9366978370627,4776600
2019-01-04,88.5205078125,89.16419359595764,86.0364233817113,86.46252689450533,4637200
2019-01-07,89.00100708007812,89.68095774275598,87.95841468060891,88.63836534328676,3289000
2019-01-08,89.43614959716797,90.22488768379816,88.41168650358924,89.47241445078978,3227200
2019-01-09,89.59933471679688,90.28834616007627,88.98284606130619,89.51773706991625,2954500
2019-01-10,89.08259582519531,89.4542985534492,88.68368926303638,89.25484527236974,3523800
2019-01-11,89.34548950195312,89.46334508674126,88.2666326034899,88.73806185945593,2770600
2019-01-14,89.24576568603516,89.78065672241385,88.50235346730364,88.62927699853972,4120500
2019-01-15,88.83780670166016,89.63561979871217,88.61115651123673,89.39990166396363,5795100
2019-01-16,90.12516784667969,90.62379402039835,89.30922593345127,89.69906446328187,4701900
2019-01-17,90.19768524169922,90.87763564258177,89.36361440998512,90.12516245571642,5693300
2019-01-18,91.09524536132812,91.39441834862653,87.36911576810745,89.01912883755978,9872500
2019-01-22,90.5059585571289,91.27656784553318,89.71721337950189,90.52408752953654,4699800
2019-01-23,90.39717102050781,90.83234247718774,89.26391994425511,90.5966243166188,3585100
2019-01-24,90.40621185302734,91.14962405942737,90.0979640559859,90.37901494204412,3415900
2019-01-25,91.358154296875,92.10156663327201,90.74166551180322,91.04991336274651,3488300
2019-01-28,91.00457763671875,91.0317814683991,90.18864252348685,90.70540465638052,3185400
2019-01-29,91.53040313720703,91.94743861686567,91.14963251449448,91.5122741671411,2827400
2019-01-30,93.08067321777344,93.24386158715079,91.1496166108189,91.64824274399587,3501500
2019-01-31,93.10790252685547,93.28922684304712,92.20130169634348,92.47328471222325,4302100
2019-02-01,93.43424224853516,93.86034557623333,92.84495747633572,92.84495747633572,4727800
2019-02-04,93.76065826416016,93.79692312818467,92.9447161156474,93.41615243115058,2578300
2019-02-05,94.19581604003906,94.44966313454094,93.7515836246608,93.95102997261615,2231200
2019-02-06,95.15680694580078,95.26560151791469,93.76970900621627,94.15047963339353,3595700
2019-02-07,94.64004516601562,94.9936188806133,93.93289773682028,94.34086527925933,3857300
2019-02-08,94.7579116821289,94.7579116821289,93.76972013948657,94.04170314365673,2581900
2019-02-11,95.56478881835938,95.70077339803476,95.02082283239851,95.14774638463875,2653800
2019-02-12,97.00627136230469,97.39610992576036,96.33538880547896,96.34444983204213,3238600
2019-02-13,97.51396942138672,98.3389793813576,97.09693392793855,97.50490839446125,3182100
2019-02-14,96.6617660522461,97.33264861221814,96.31725337043311,97.00627181724488,2385900
2019-02-15,97.35079956054688,97.99448535239456,97.11508831292879,97.30547366684299,3882300
2019-02-19,96.5530014038086,97.21482314227615,96.5167365357047,97.05163469421677,3692800
2019-02-20,96.80682373046875,97.16946540166519,96.55297663567562,96.6164384093739,3840800
2019-02-21,96.65270233154297,96.9609432531434,96.38978729539375,96.77055793389351,2566500
2019-02-22,97.40518188476562,97.5049085155852,96.87935181622863,96.9881463907994,2256400
2019-02-25,96.94281768798828,98.68348945383627,96.78869722177372,98.09419758775235,3333500
2019-02-26,96.95189666748047,97.56838551932411,96.48046035422712,96.70711056568705,2548100
2019-02-27,97.38703155517578,97.57741684483044,96.64361936455663,96.87933744943005,2393500
2019-02-28,97.6771469116211,98.32083250894998,97.07879411111251,97.20571764203294,3295800
2019-03-01,98.72882843017578,99.40877902967173,98.0942037205571,98.27552803051181,2682000
2019-03-04,98.81947326660156,99.80766467919676,97.69529036981793,99.32716742963659,4053200
2019-03-05,98.6834716796875,99.10957505867563,98.20297447931826,98.84666006064437,2685700
2019-03-06,98.80135345458984,99.22744999988159,98.68349092952172,98.75602065005367,2616000
2019-03-07,97.78595733642578,98.4840368697283,97.36892182192088,98.42057509397353,3048200
2019-03-08,97.89474487304688,97.97633561451212,96.71616121746634,96.81588784602228,2077100
2019-03-11,99.32719421386719,99.53571546809383,98.55658481808508,98.82856785980398,3289200
2019-03-12,100.11591339111328,100.88652258592008,99.490356708395,99.490356708395,3917500
2019-03-13,101.66619873046875,101.77499330108239,99.8076645875007,99.88926224466448,4234100
2019-03-14,101.8565902709961,102.24642886018647,101.43048682271653,101.89285513008527,3538200
2019-03-15,102.91730499267578,103.14395516012661,102.01977226627845,102.18296066351562,4780400
2019-03-18,102.94451904296875,103.57913680810867,102.59094529998868,103.12583642820448,2918000
2019-03-19,102.14669799804688,103.55193183311403,101.86565399775918,103.55193183311403,3331300
2019-03-20,100.42416381835938,101.95632132646229,100.27004334815663,101.7750039399667,3309300
2019-03-21,101.37609100341797,101.7024678120022,99.5538216416251,99.68981313133762,3111000
2019-03-22,99.23651885986328,100.9227968353095,98.81041539382478,100.89559991906278,3737400
2019-03-25,98.85574340820312,99.78954104376821,98.08513417902516,99.07332564444776,3596200
2019-03-26,99.27278137207031,100.0887234242448,98.86481380439045,99.7170137994929,2844500
2019-03-27,98.80135345458984,99.72608318252013,98.2120615796938,99.43597121720721,3346600
2019-03-28,98.96453857421875,99.61728528684077,98.35711083099517,99.20024978288173,2693300
2019-03-29,99.09144592285156,100.07963723260889,98.9463865103293,99.90738090944207,4891000
2019-04-01,101.26730346679688,101.57555132602408,99.79861464290218,99.9889999750065,5125100
2019-04-02,100.63269805908203,101.0497336354351,100.06154199258418,100.82308341458132,3568900
2019-04-03,100.23377227783203,101.53927951352948,100.04338695876191,101.3760911090673,3719700
2019-04-04,100.18830108642578,100.52492641585476,99.62421626714077,100.37936039425597,3619600
2019-04-05,100.95252990722656,101.17998243683223,100.47943169981892,100.51582493751187,4553700
2019-04-08,100.7159652709961,100.85243816067539,100.00631457422314,100.64318574562671,4776600
2019-04-09,99.94263458251953,100.36114638084764,99.61510240273233,100.08820752522495,2869300
2019-04-10,100.22468566894531,100.51582462829292,99.64240080894976,100.51582462829292,2650100
2019-04-11,99.94263458251953,100.83425150334025,99.5514159756237,100.5431125592294,2320600
2019-04-12,100.90702056884766,101.48929835663,100.48850190141151,100.8251340673758,2316900
2019-04-15,100.5613021850586,100.96162082218052,100.30655648554453,100.91612754385314,2285000
2019-04-16,101.78955841064453,101.92603132318449,100.93434157857541,101.0708075498147,2523400
2019-04-17,101.68036651611328,102.35362396574637,101.21636147723808,102.18075784627732,3799900
2019-04-18,103.41812133789062,103.84573323245043,101.28006880639239,102.12619255016158,6186800
2019-04-22,102.19898986816406,103.17248658487156,102.10801022891413,102.44463558826904,3174400
2019-04-23,103.6910400390625,103.75472645725148,101.80773373970382,102.07157945542932,3342800
2019-04-24,103.73654174804688,104.04588078317411,103.19065709103998,103.49999612616723,2318400
2019-04-25,105.42879486083984,105.9928796376077,104.40071191772948,104.8374238322111,4595200
2019-04-26,106.99363708496094,107.11191680801701,105.6289223085168,106.07472719192504,2990600
2019-04-29,106.22942352294922,107.08464025100358,106.0383642451509,106.66612846040255,3096200
2019-04-30,106.65702819824219,106.76620095462735,105.6289384669528,106.49326212236508,2387900
2019-05-01,106.46599578857422,107.34851286976411,106.38411619529344,106.87541457888273,2450500
2019-05-02,106.67521667480469,107.03914204319177,106.1566252807753,106.44776418722515,2538700
2019-05-03,108.5858383178711,108.86788418004926,107.02096377371005,107.2757164424227,2856200
2019-05-06,108.57672119140625,108.82237377655026,106.49326241657394,106.68432168207518,2924500
2019-05-07,107.5577621459961,108.6404384970729,107.03917061354687,107.6942350632303,6282300
2019-05-08,106.89356994628906,107.45765461871797,106.28399894077178,107.20290894126592,4037500
2019-05-09,106.68433380126953,106.7116269935417,104.97388637834547,105.67444403939847,3219600
2019-05-10,107.77610778808594,108.20371966225885,105.72903498378622,106.32041295995512,2435100
2019-05-13,105.44696807861328,106.34767792990256,105.19222241895963,105.9200661692131,3710600
2019-05-14,106.45687866210938,107.11194302575005,105.32870917303934,105.5197753968512,2460700
2019-05-15,107.04824829101562,107.56683971510374,105.44698074207886,105.70172643232573,2711400
2019-05-16,109.0316390991211,109.49564419388494,107.14833246896222,107.14833246896222,4143500
2019-05-17,108.3310775756836,108.80417572654864,107.82158619147518,107.90346576052316,5273600
2019-05-20,109.0316390991211,109.46835100148122,107.92167660733536,108.1127358954616,2765600
2019-05-21,109.67762756347656,109.79590039619087,108.57675106116861,109.6048410781287,3369100
2019-05-22,109.18630981445312,109.97784014285413,108.66771834569727,109.50474195468917,2941100
2019-05-23,107.74881744384766,108.63133440897919,107.22112588554005,108.51305464583744,3290200
2019-05-24,108.73140716552734,108.84057993526687,107.65783096818731,108.4584613585781,2240100
2019-05-28,107.51226043701172,109.28639433946395,107.51226043701172,108.5949367032687,2550300
2019-05-29,106.45687866210938,107.18472255625457,105.57436178005459,107.09374293714892,2553900
2019-05-30,106.21121978759766,106.7298112213279,105.63804197388515,106.63883160759094,1882400
2019-05-31,104.36434173583984,105.51980473780085,104.22786879858356,105.3287384608609,2969100
2019-06-03,104.28242492675781,105.47427380814656,103.61826057113466,104.22783160655489,2968500
2019-06-04,106.3113021850586,106.44777507983115,104.83741435715432,105.27411929086678,3043200
2019-06-05,107.46676635742188,107.5759391217545,106.45687663954597,106.6115426832171,2568100
2019-06-06,108.65859985351562,108.84965910521966,107.49404425762503,107.73968988373053,2209300
2019-06-07,110.18707275390625,110.41452521901772,108.77686469369576,109.05891047051688,2481800
2019-06-10,111.59729766845703,112.3160414584173,110.46003517114093,110.63289435064938,3453700
2019-06-11,112.11590576171875,113.48971406503244,111.9794328534868,112.40704472667335,3303800
2019-06-12,111.02412414550781,112.07950718147917,110.62380548478764,111.83385457010992,2685700
2019-06-13,110.86945343017578,111.63369054160553,110.46913478630314,111.07870585489114,2343900
2019-06-14,110.99681091308594,111.55179552295527,110.03241461325345,111.0059109559048,2483800
2019-06-17,110.49642181396484,111.21517254750935,110.35995586689265,111.21517254750935,2094200
2019-06-18,112.29785919189453,113.77175403007288,111.1878897763738,111.7337744397102,2729200
2019-06-19,113.43511199951172,113.65346445772236,112.5253019921179,113.0347933750426,2951700
2019-06-20,113.65348052978516,115.00000258531529,113.24406874508165,114.35403822167396,3303200
2019-06-21,113.48060607910156,114.91810062556421,113.32593310136292,113.90821095490972,5703800
2019-06-24,112.94380187988281,114.10835745621749,112.82552909023278,113.70804581516417,2680900
2019-06-25,112.0522232055664,113.33505192819443,111.94304348694459,113.06210610229024,2387800
2019-06-26,112.44343566894531,112.81646117076978,111.93394419455161,112.07041710842157,1902500
2019-06-27,112.76185607910156,113.18946789903018,112.41612382913394,112.53440357414374,1504300
2019-06-28,112.30696105957031,113.31685082672277,112.08860163765071,113.08029825695998,4338900
2019-07-01,113.65348052978516,115.00000258531529,113.31685522187797,113.99921282391746,4008800
2019-07-02,113.81725311279297,114.02651251017272,113.3623480188639,113.5261141303304,4076100
2019-07-03,114.86677551269531,115.04018221600086,114.02713446206877,114.2735482840765,3714300
2019-07-05,114.44698333740234,115.16798190610835,113.45218537596976,115.11321784975836,3731500
2019-07-08,113.94500732421875,114.29182077783913,113.75335055601082,114.07277850302404,3332000
2019-07-09,114.9032974243164,115.03106860233892,113.33352927946048,113.41566490975767,2237100
2019-07-10,115.80682373046875,117.20318514424554,115.633417005383,115.633417005383,2733800
2019-07-11,116.16276550292969,116.53695751827955,115.39613839295536,115.8889730906563,2928100
2019-07-12,116.78337860107422,116.81988565090106,115.788587604572,116.40919352561272,1639400
2019-07-15,117.340087890625,117.44046659548484,116.60083243028481,117.04803153680695,2355700
2019-07-16,116.8746337890625,118.04283144198155,116.6373484278808,117.93331726389992,2734000
2019-07-17,115.98023986816406,117.4039799408152,115.91635427421197,116.83813809809874,2248900
2019-07-18,117.1849136352539,117.81464790587617,115.5969026147409,115.62428115467993,3524500
2019-07-19,113.91764068603516,116.81988498207899,112.98673529130762,115.7247013455751,7819000
2019-07-22,114.99456787109375,115.00369637374146,113.8081131951573,113.85374874538846,4839700
2019-07-23,117.00240325927734,117.71427325841535,115.32312089854227,115.34137094028628,4055100
2019-07-24,116.77426147460938,117.02068234419619,115.71558477852045,116.55522611731658,3628300
2019-07-25,116.04412078857422,116.99328311978441,115.45089346119194,116.64646965543407,2663500
2019-07-26,115.70642852783203,116.4182984905824,115.26835791829647,115.98934941994902,4236200
2019-07-29,116.08063507080078,116.32704894919166,115.4874077064427,115.82509268935611,1829500
2019-07-30,115.42350006103516,115.8250705625953,115.26835035379831,115.51476418511528,1575400
2019-07-31,113.50694274902344,115.53303167647414,112.82245127051772,115.47827458635605,3221000
2019-08-01,113.25139617919922,115.1132138817417,112.73118292135703,112.95934675309496,4489800
2019-08-02,113.45216369628906,113.99976237710105,112.32960171923872,113.09622873156515,3268800
2019-08-05,110.1757583618164,112.32962561124153,109.6646735782267,111.76377677011867,5876200
2019-08-06,111.84590911865234,112.11970152917954,110.31264794547522,110.48604771657358,3497000
2019-08-07,112.74945068359375,113.03237163377733,109.71943498756764,110.35829099217835,3170800
2019-08-08,114.34658813476562,114.72077320258553,112.89546252656662,113.03236221986957,2976100
2019-08-09,115.14971923828125,115.66993248847902,113.82637181885053,114.61125594553594,2138300
2019-08-12,113.12362670898438,114.72990205846331,112.98673397826805,114.0727890989943,2918000
2019-08-13,115.28661346435547,115.45089169152774,111.8093991127176,113.041482335006,3175700
2019-08-14,111.93716430664062,114.38308057871674,111.46257969218928,113.48867539794722,5626300
2019-08-15,111.69075012207031,112.25659889962907,110.55905952995997,111.93717094576814,3031700
2019-08-16,113.74424743652344,113.85376859837129,111.97370057953889,112.7129492737383,2343400
2019-08-19,113.53431701660156,115.131463739608,113.47955296553936,115.08582819089068,3286700
2019-08-20,110.81461334228516,112.96848057229268,110.74159924157117,112.83158087420593,3641600
2019-08-21,111.80028533935547,112.31137012988708,111.33482914054528,111.80028533935547,2948300
2019-08-22,111.5903549194336,112.90458071425769,111.13402729212045,112.53951721980577,2322100
2019-08-23,107.47428894042969,111.38958097156188,106.83542605938524,111.34394542184182,4800400
2019-08-26,108.1770248413086,108.55121683319092,107.127469919232,107.99449657790699,3170600
2019-08-27,107.46515655517578,108.91627507214879,106.64376543094247,108.6881112578066,3145800
2019-08-28,108.6881332397461,108.88891855105675,106.75330815913456,106.80806525748895,2327400
2019-08-29,110.19400024414062,110.61382085142502,109.48213021600588,109.9384578712725,1901300
2019-08-30,109.8563232421875,111.03364943912418,109.35436003159174,110.86024270037154,2366200
2019-09-03,107.32823944091797,109.77415541190275,107.25522536106627,109.39084193719017,3198700
2019-09-04,108.05836486816406,108.35954272126972,107.51077320261203,108.07661490637994,3746900
2019-09-05,110.13011169433594,111.0062599333656,109.06230668080048,109.06230668080048,5261100
2019-09-06,109.69203186035156,110.6046870698714,109.51862514238066,110.55905152419274,4552400
2019-09-09,109.44562530517578,110.80548675778975,109.08056178123238,110.62295151431427,5336000
2019-09-10,107.06358337402344,109.16269319941905,106.14180660017324,109.15356469742848,6196100
2019-09-11,107.69332122802734,107.78458536189035,106.55250214722196,106.8901871018229,3674400
2019-09-12,108.62423706054688,109.91108445064157,108.40520172544846,108.60598701720858,3733500
2019-09-13,108.78850555419922,109.49125401238707,107.95799287807657,108.82501260061223,3941100
2019-09-16,107.36475372314453,108.09488064490053,106.48860559484115,107.82108130849043,4280600
2019-09-17,108.65161895751953,108.72462609145309,107.23700042206796,107.60206394376587,3054700
2019-09-18,108.36869049072266,108.42345454463818,107.2096213007887,108.23179080044511,2844500
2019-09-19,107.50167083740234,109.08056063964787,107.32826409866732,108.25004792030076,1975800
2019-09-20,106.59813690185547,107.91235573831189,106.20569486246053,107.53817070335784,5301500
2019-09-23,107.912353515625,108.07663173717427,105.95927186109864,106.19656417289356,5089400
2019-09-24,107.84847259521484,109.70116169659161,107.25524527155545,108.5055855098525,5128400
2019-09-25,108.71550750732422,109.0075569400212,106.83543275651758,107.56555981976392,2742900
2019-09-26,108.52384948730469,109.5460190086307,108.45995692921417,108.8889060517739,3411200
2019-09-27,108.23176574707031,109.17180635577257,107.67505253802197,108.72460034018418,2909200
2019-09-30,107.9488754272461,108.82502374183457,107.82110423322325,108.6516239573795,2345800
2019-10-01,106.50688171386719,109.06231960273279,106.4247460706362,108.33219250219744,2841300
2019-10-02,103.00228118896484,105.69461162956526,102.90188854553836,105.64898304083077,4908800
2019-10-03,103.1122055053711,103.48782162296673,101.74714332456766,102.79154890567965,3529300
2019-10-04,104.81625366210938,104.92618669452571,103.15802486356642,103.21299836941297,2728200
2019-10-07,104.11996459960938,105.03611033829554,104.07415451682016,104.35816444876622,2556000
2019-10-08,103.10303497314453,104.11995723028217,102.65412555005935,103.36871805731568,3757300
2019-10-09,104.36732482910156,105.14604733857067,103.73518899840373,103.75350883843136,2365600
2019-10-10,105.37509155273438,106.0805277644773,104.37649594110519,105.1827017648876,2384300
2019-10-11,106.6393814086914,107.71127040654413,106.44699161340797,106.95086765163458,2860400
2019-10-14,106.63021850585938,107.18906805231174,106.21795565535969,106.40118203566213,1864400
2019-10-15,107.72958374023438,108.27927682456446,106.94170476461295,107.21654431714008,2379700
2019-10-16,107.56466674804688,108.09602592589782,107.25317358482978,107.76621292467348,2136700
2019-10-17,109.11294555664062,109.32366213165714,108.06854007443282,108.11435015280408,3005500
2019-10-18,106.96917724609375,109.91916761101471,106.88672049589478,109.6901311788269,6188500
2019-10-21,109.06717681884766,109.3694996665507,107.63798440124926,107.69295791053612,4259500
2019-10-22,108.66407012939453,109.34201616556744,108.37090370918689,108.71903664892135,3912100
2019-10-23,106.72181701660156,109.23206141722306,105.82399809111935,108.48997860290216,3921100
2019-10-24,106.64852142333984,107.09743084716649,106.40115817679684,106.67600467525867,2551300
2019-10-25,108.3433837890625,108.57242019577644,106.52024895908127,106.60270570010924,2325000
2019-10-28,108.63655853271484,109.29618455353395,108.16932226969514,108.69152503790411,2552700
2019-10-29,107.5738296508789,108.8655984817439,107.26234345853929,108.18764561082146,2756300
2019-10-30,108.16934967041016,108.26096286547808,107.06081393391912,107.59218025080735,2264400
2019-10-31,107.4455795288086,108.29759541209337,107.08828322191218,107.91281584922613,2507400
2019-11-01,109.14961242675781,109.43361539425061,108.26094986308797,108.4808298924094,2036600
2019-11-04,109.58937072753906,110.39557657129201,109.03052119153408,109.58937072753906,1956400
2019-11-05,108.81063079833984,109.9008465090476,107.88532859662347,109.7909064995992,2630000
2019-11-06,109.65348052978516,109.68096378230791,108.92056117753901,108.92056117753901,2420700
2019-11-07,111.11018371582031,112.16375299434912,110.02913117613983,110.18487431575875,2845000
2019-11-08,111.28424072265625,111.59572696560026,110.75287443684057,110.8628144582764,1984600
2019-11-11,110.76203155517578,111.59572062067237,110.40473524287182,110.63377169894554,1704100
2019-11-12,110.75286865234375,111.06436186865717,110.31312256884455,110.73454881121378,2012400
2019-11-13,110.17572021484375,110.82618303784488,110.05661676115274,110.1848766423282,1807900
2019-11-14,110.78949737548828,110.83530745534861,109.75425527323138,109.93748161339897,1990600
2019-11-15,110.63377380371094,111.1559766539082,110.29479732600328,110.83532700723235,2341500
2019-11-18,109.62601470947266,110.71622350751151,109.3878148336697,110.45054037481553,2617900
2019-11-19,109.93751525878906,110.34977814515392,109.80925538349159,109.94667867549288,1891000
2019-11-20,109.29621887207031,110.14823491821817,108.95724234114641,109.78177512606999,2544100
2019-11-21,108.83814239501953,109.45195850817487,108.55413239563624,109.28705195646936,2783800
2019-11-22,109.07632446289062,109.28704108730594,108.48083524228203,109.21374774058424,1629700
2019-11-25,110.48719787597656,110.48719787597656,109.14962565553006,109.14962565553006,2285400
2019-11-26,109.74510192871094,110.89028413392376,109.57103199683459,110.77118770085112,4596200
2019-11-27,110.23983764648438,110.26732090509783,109.34201159049334,109.93750782245937,2629700
2019-11-29,110.04743957519531,110.75286878859386,109.7359463584987,110.00162948785704,1961500
2019-12-02,107.42725372314453,110.26730417985411,107.25318379214409,110.22149409602112,5538200
2019-12-03,106.79512786865234,106.96003441114156,105.03612940852626,106.30957165733365,3792300
2019-12-04,108.05025482177734,108.59994098999384,107.18907539813354,107.47307840395699,2444100
2019-12-05,108.36172485351562,108.4991481223916,107.72958201046882,108.0227553785444,3128300
2019-12-06,110.496337890625,111.25674052979208,109.85503867062701,110.12987819792446,3287600
2019-12-09,110.35893249511719,111.33920831271946,110.03828283321707,110.34061265285364,2885200
2019-12-10,110.76203155517578,111.28423439543833,109.96498217176959,110.34976174046032,2518200
2019-12-11,110.52381896972656,111.20176484461908,110.02909944276051,110.74369198516575,2015300
2019-12-12,112.35613250732422,112.75007552352581,109.9833179836633,110.4871940343891,2933800
2019-12-13,114.26170349121094,114.50905977786687,111.84307917654957,112.20037547374017,3919000
2019-12-16,113.30892944335938,115.73671756738675,112.99743619105895,115.11373805242468,3416100
2019-12-17,114.4724349975586,114.88470487367121,112.91498966017046,113.59293571401292,4325200
2019-12-18,113.84027862548828,114.58235448393856,113.67537210253957,114.54570781332355,3154200
2019-12-19,114.36248016357422,114.42661008901975,113.49213747294185,113.7669840046442,2543600
2019-12-20,115.22366333007812,115.69089968223778,114.36249096272377,115.3061200932302,5828700
2019-12-23,114.05099487304688,115.19617718518184,113.327238813021,115.19617718518184,3031400
2019-12-24,114.28002166748047,114.82055130769164,113.95020863031645,114.47241144088655,953500
2019-12-26,114.89385986328125,114.92134312174515,114.08764700360162,114.49991684947555,1486600
2019-12-27,114.69229888916016,115.40689151943162,114.61900554512256,115.28778808796105,1788600
2019-12-30,113.87692260742188,114.93964807161498,113.76698259817256,114.70144821306025,2306500
2019-12-31,114.05099487304688,114.12428821853666,113.4005321585108,113.86776849896053,2340400
2020-01-02,115.6965560913086,116.08266926016668,114.20726043603791,114.60256877954401,2708000
2020-01-03,114.54743194580078,115.00709259326696,113.94068353835513,114.2900231054381,2090600
2020-01-06,114.05097961425781,114.14291734034052,113.18682250276325,113.41665279024248,2855200
2020-01-07,113.45343780517578,114.36356387057933,113.40746893754486,113.50859483524131,2042300
2020-01-08,115.41158294677734,116.16542604145134,113.81196604127184,114.04179633859763,3458200
2020-01-09,117.49845123291016,117.56280344232829,116.19301669107666,116.28494741683618,2787100
2020-01-10,117.01119232177734,117.82938756649129,116.68023615381848,117.28699146636426,2789200
2020-01-13,118.16952514648438,118.5464501549674,117.33294661304906,117.52600319768798,3285700
2020-01-14,118.40859985351562,119.5945182946048,117.98570583471391,118.24311470607795,3836000
2020-01-15,119.3462905883789,119.36466691328776,118.08681094567602,118.30745309414263,3187200
2020-01-16,120.01738739013672,120.36671991288337,119.24516093640813,119.97141852385391,2424500
2020-01-17,120.90911865234375,121.22168446913173,120.2380041291066,120.84475944009067,3659400
2020-01-21,119.9990005493164,121.18493280656281,119.87029613659567,120.53220855279625,3102700
2020-01-22,120.88156127929688,121.5986307621349,120.36672957442504,120.36672957442504,2483800
2020-01-23,120.7712173461914,120.95509280196588,119.6404562373629,120.67009145660657,3841000
2020-01-24,124.20948028564453,126.98583406736495,123.05114069457159,125.35863171526239,8612500
2020-01-27,120.10011291503906,121.33199987338479,118.47291057290934,120.56896164546778,6432400
2020-01-28,121.76408386230469,123.0695182157335,120.55977539677595,121.35039214915987,3712700
2020-01-29,121.05622100830078,122.38924810400621,120.83559287594763,121.79168084751386,2518400
2020-01-30,122.47198486328125,122.57311076751847,119.91627276826382,120.20126012718788,2428500
2020-01-31,119.39225006103516,121.58023919477486,118.9417916118978,121.50669180909888,3522600
2020-02-03,120.43107604980469,121.5526490253112,119.92544658908812,120.01738431930137,2721900
2020-02-04,121.21253204345703,122.5823119499276,121.09301577273843,122.15943196200709,2547500
2020-02-05,122.82133483886719,123.0051962986322,120.69769079123131,122.66503786895024,4084500
2020-02-06,122.49954986572266,123.510808796531,122.3708454588678,123.33613552414336,1708600
2020-02-07,121.18492126464844,122.03988320463722,120.74363701072431,121.87441213021135,2885600
2020-02-10,121.57102966308594,121.81004810372285,120.75283442938512,120.99185287002202,1816500
2020-02-11,121.92957305908203,122.8672705663079,121.64458573662743,122.29729592139869,1733300
2020-02-12,122.4903793334961,122.93164964511983,121.83765501553303,122.6282719222128,1715400
2020-02-13,123.61192321777344,123.80497279627556,122.32486524094237,122.40760077458614,3178300
2020-02-14,124.908203125,125.36786385810471,123.67631572693513,123.84180088527364,2360300
2020-02-18,124.65995025634766,125.71716393981467,124.0531949467295,124.90815686032379,2428200
2020-02-19,125.88265228271484,126.33312474610453,125.13800431315178,125.30348943290416,1785000
2020-02-20,125.56090545654297,126.90310670563348,124.01643837050679,125.40462251809981,2541700
2020-02-21,124.01644134521484,125.27592110149274,123.08793185534694,125.2115618753213,3106100
2020-02-24,117.8477783203125,120.39430178727713,116.96523087402198,118.98772754784115,6329300
2020-02-25,111.14595031738281,117.6639351873246,110.23582416360199,117.40652633687064,7628100
2020-02-26,108.93956756591797,112.55250034043084,108.91198905077783,111.48608432924877,5268000
2020-02-27,103.70863342285156,108.00186921670097,103.68105490611933,106.54933988197445,8279800
2020-02-28,101.06099700927734,102.07224909874111,98.36738515394643,100.2519967404794,11362100
2020-03-02,104.6831283569336,104.79344243396667,99.8291055653774,102.14579937718965,9851600
2020-03-03,99.2958984375,107.00900380559784,98.36738193386817,105.74033588617522,9285000
2020-03-04,106.36548614501953,106.4482287205405,100.43586575496388,101.35518718063861,7470900
2020-03-05,101.989501953125,103.506376408009,100.84953855053055,102.61464068511197,12060600
2020-03-06,99.50733184814453,99.99457099680917,95.41635502080496,97.19984052092653,9897700
2020-03-09,90.36009216308594,93.25595568471618,89.11900980063439,92.73194281995376,12266300
2020-03-10,94.96589660644531,95.03024881926983,89.58786119152684,93.70642385389111,9793200
2020-03-11,87.68488311767578,92.81469882790756,86.29671268726096,92.20795027838759,8822900
2020-03-12,76.79090118408203,82.38037594321824,75.20966754699678,80.58770235109506,12206600
2020-03-13,91.56441497802734,92.00569235993949,77.49880100736857,83.08827009043748,12680400
2020-03-16,78.94210052490234,85.66233510798867,73.88583478600034,75.78882906535985,15072400
2020-03-17,79.59484100341797,81.7644398643125,76.50592082905509,80.54174083407197,10512200
2020-03-18,67.7999496459961,74.94307345819217,61.594530525854076,73.56409143149395,14359300
2020-03-19,70.85208892822266,71.60593207768231,64.15943130592433,66.68756476024038,12330400
2020-03-20,68.14009094238281,75.7888431663169,66.7059450783635,72.60799260587355,12208600
2020-03-23,63.396400451660156,69.33521562442313,62.62417387216716,66.94498147959408,8907600
2020-03-24,77.26896667480469,77.93087219286443,65.91534174443383,67.57931825215348,10593900
2020-03-25,82.89519500732422,88.67772648206103,78.4364883702872,80.54173486373747,11046500
2020-03-26,85.76348114013672,91.6471386036903,83.51113984605037,84.79819101211906,9459400
2020-03-27,81.57139587402344,84.54999542747294,78.89616707050472,80.84513108214584,6999800
2020-03-30,82.98712158203125,84.01676385032917,78.39051558512577,81.3691213211027,5565000
2020-03-31,78.70309448242188,83.56630484217634,78.20666015497949,82.68375726467808,6075900
2020-04-01,71.55994415283203,74.74998918425635,70.78771786999526,74.14324096400784,8313400
2020-04-02,70.86666107177734,73.14075333669035,70.09938406107483,71.23642666711801,8338100
2020-04-03,68.03791046142578,70.86666539767826,67.12272856728704,70.25653943303439,10023100
2020-04-06,77.53177642822266,77.88305651801068,72.78945642554305,74.15761292518583,11253000
2020-04-07,80.96139526367188,86.24912385531279,80.81348341780709,84.52044118409941,8693200
2020-04-08,85.12132263183594,85.97179460623029,81.46058899816774,82.46821202271263,6122800
2020-04-09,87.65425872802734,90.45527431335636,86.39703614045399,87.44163719436504,6902500
2020-04-13,83.50358581542969,86.36006504868601,81.29420338338238,86.23989194355467,5037700
2020-04-14,81.71017456054688,85.5095734703189,79.41759751330278,84.54816768982718,8703200
2020-04-15,77.45782470703125,78.94615438470422,74.58285299819659,77.12503005532636,10415600
2020-04-16,75.20219421386719,77.59646569531566,74.25928103515614,77.45780012564008,7526600
2020-04-17,80.7857666015625,80.7857666015625,77.910794806239,78.8722008231059,8269000
2020-04-20,77.66120147705078,78.82597572734403,76.44095674853435,78.19736437914914,6140400
2020-04-21,75.35935974121094,76.22832422914772,73.46428676693046,74.6290679024675,7360300
2020-04-22,76.30228424072266,77.33764608918632,75.77536058856383,77.28217561597314,5130300
2020-04-23,76.22834777832031,78.3730208991809,75.53502663511762,76.94940063879875,5807200
2020-04-24,76.88467407226562,78.37300369722945,75.16523745029282,77.77212409444097,9125400
2020-04-27,78.63184356689453,78.71504575451617,76.11739827384406,77.162006429563,7785000
2020-04-28,81.52531433105469,82.23712084678252,79.69494363617005,80.94292012899632,7165900
2020-04-29,88.85601043701172,89.10560286157207,84.02124951742964,84.81625805910336,9396500
2020-04-30,84.35405731201172,87.18280481263893,84.28010137730648,86.66512737535452,6553700
2020-05-01,81.64546966552734,82.33879057201206,80.5731369976333,81.44209440450649,4620200
2020-05-04,79.85210418701172,80.76729316940917,78.59488128952088,79.58401916666747,4875400
2020-05-05,80.18486022949219,82.02447651096702,79.8335802271481,81.34964115721576,4410300
2020-05-06,77.65194702148438,81.12779805342767,77.52252767400795,80.87819855984777,4723400
2020-05-07,80.17562866210938,80.76726190807221,78.51165574982353,78.85369658535579,4627600
2020-05-08,82.73628234863281,82.88419417170651,80.9336510850715,81.8118546128939,3913100
2020-05-11,78.88143920898438,81.02611178562948,78.85370749874564,80.88744618161017,5917600
2020-05-12,76.85694885253906,80.6655950239486,76.81997088355531,79.59325508189902,5504900
2020-05-13,72.13310241699219,75.92325510787954,71.55071542334687,75.80308202904547,10681600
2020-05-14,77.4762954711914,77.55949764475177,70.25651625504408,71.10698818019036,10625100
2020-05-15,76.0064697265625,77.08804877165844,75.08204174555897,76.23757672181338,6618600
2020-05-18,81.72868347167969,82.2740926103695,79.42685265656836,80.16639788318521,7781700
2020-05-19,80.66558074951172,83.05059937789058,80.06470120230253,81.7379134489768,4920600
2020-05-20,83.87333679199219,84.43723125732454,82.06145211058171,82.44047089120234,5218500
2020-05-21,83.04137420654297,84.52045768991272,82.38503113119846,83.30021293452938,6241900
2020-05-22,82.57913970947266,83.15228045000737,81.54377800132102,82.93041974569795,3734500
2020-05-26,87.19204711914062,88.34758209848295,85.87011482065999,86.84076702443785,6559400
2020-05-27,93.579833984375,94.00506994733486,89.484618343145,92.44278463018088,11007700
2020-05-28,90.64939880371094,94.71688302751998,90.60318163980105,93.8664110410652,9268200
2020-05-29,87.88538360595703,89.77121787116303,87.50637173336074,88.28288799106653,7710900
2020-06-01,89.43840789794922,90.65865256080045,87.41390834599059,88.33833633459989,4269500
2020-06-02,91.58308410644531,92.8957702085763,90.75109747381788,91.14860180647176,5433800
2020-06-03,97.43470764160156,97.86918990789604,93.94961030975162,95.01270386610129,7301000
2020-06-04,98.48856353759766,99.31130392320468,95.42870900354966,95.65056975680321,5841600
2020-06-05,101.43748474121094,107.16893536175931,99.90293091824385,105.4864767303473,10097600
2020-06-08,105.07974243164062,105.11672040268269,102.27872636385216,103.45275402275061,6795200
2020-06-09,102.11229705810547,103.35103401538014,100.45757039926465,101.76101702240126,5517400
2020-06-10,98.13724517822266,101.99210688302297,97.95235541187738,101.68704405817083,5747400
2020-06-11,91.14861297607422,95.20685193677045,90.714130622858,93.24706879845318,8601200
2020-06-12,93.99581146240234,95.6782696416203,90.66787305934554,95.4101847547397,7251100
2020-06-15,96.09428405761719,96.82458299567546,90.24266040436909,92.44279642015147,6472400
2020-06-16,97.63806915283203,100.81809606635578,95.08664638790547,100.78111810711631,6706000
2020-06-17,96.103515625,98.10028310787496,95.98334254703653,97.68428635586372,4408200
2020-06-18,94.43958282470703,95.66906689931118,93.61683528578291,94.42109031219528,3645700
2020-06-19,93.31175994873047,96.3531287642206,91.81418412399147,96.3531287642206,7589500
2020-06-22,91.92511749267578,92.90500886157528,90.547714770823,90.5939389893968,4799900
2020-06-23,91.90660858154297,93.96808564285759,91.7494575509597,93.31174276263549,4364800
2020-06-24,88.26438903808594,90.84353696605876,87.82066049235482,90.27039611665413,5958300
2020-06-25,90.45526885986328,90.7048683431502,86.6743621235428,87.46012443019661,5195400
2020-06-26,86.36007690429688,89.02243451550818,85.46338046178901,88.68039355772697,10489400
2020-06-29,87.3769302368164,88.19967763392921,86.28610492993327,87.30298135799657,4962400
2020-06-30,88.00553894042969,88.37531153486691,86.49872390516809,87.04414006884876,4367100
2020-07-01,87.33692932128906,90.0392165045716,86.95619078118067,88.45127323679871,3301000
2020-07-02,87.59695434570312,90.34567585140454,87.15121246796626,89.86278822678737,4239700
2020-07-06,89.68635559082031,90.91213690957477,88.99916989460165,89.62135230440252,4059600
2020-07-07,86.37116241455078,88.70199929478251,86.01828140500466,88.62771489498546,5564200
2020-07-08,86.26901245117188,86.45473407587276,84.23532736201562,85.40539343514361,6382100
2020-07-09,84.10531616210938,86.5568783138408,83.18598212641645,85.9068455784671,4484500
2020-07-10,86.5754623413086,86.64974674272428,83.40885681730785,83.87316797907972,4400900
2020-07-13,86.88189697265625,88.92487020952385,86.15757273847456,87.51336039716796,4819700
2020-07-14,88.07052612304688,88.42340709363853,85.70254376190489,86.53830515958889,4044400
2020-07-15,90.41069030761719,90.80071007080774,89.50992531775259,89.76065736896628,5405600
2020-07-16,89.44490814208984,90.80998418622542,88.84130217283462,89.6120604553478,2666000
2020-07-17,88.38624572753906,89.6398840599922,88.2283816816738,89.47273181001019,2861600
2020-07-20,87.29048156738281,88.55340825046284,86.90046196712052,88.03338211677978,3560100
2020-07-21,89.45417785644531,90.50351838756902,87.96838375955443,88.45126418423455,4227100
2020-07-22,89.64921569824219,90.45711981204722,88.57201021316882,88.97131816576294,4360300
2020-07-23,89.76991271972656,90.80068400138066,88.6927145756855,88.6927145756855,4239800
2020-07-24,88.52558898925781,90.21568173917842,86.64048635490343,88.49773144645695,4790300
2020-07-27,88.95271301269531,89.12915348122633,86.95617405371758,87.88479616628169,3501800
2020-07-28,87.6805191040039,89.41704541967749,87.45765172752385,88.92487671607205,3567400
2020-07-29,89.78849792480469,89.84421299905502,87.69909762250109,87.94982254145393,2791700
2020-07-30,87.89411163330078,88.01482999484055,85.89757205505578,87.92196917174637,3856300
2020-07-31,86.65904235839844,87.70838312317613,85.6468473399173,87.57837655355152,4088200
2020-08-03,86.86332702636719,87.66194273653063,85.84184395761703,86.64974078930346,2869000
2020-08-04,86.5383071899414,87.10476731250495,85.88826738323597,86.81688960582206,2415100
2020-08-05,88.58126068115234,88.75770114556111,87.11403607722241,87.12332428188189,2844900
2020-08-06,89.07345581054688,89.39847222228069,87.736244418724,88.38627724219162,2698800
2020-08-07,92.08220672607422,92.21221330395879,88.17269992668498,88.48843524785259,4690700
2020-08-10,94.36662292480469,95.32310298573626,92.17507321332974,92.38865242518156,5254800
2020-08-11,95.8895492553711,98.15538305228088,95.61095970653164,96.56743962747973,4744000
2020-08-12,94.42230224609375,97.31960595835008,93.493680078876,97.2824602214824,3407800
2020-08-13,93.25223541259766,94.56159605618618,92.39790472753519,93.35438441677087,3265400
2020-08-14,93.24295806884766,94.06014305050817,92.18432224773447,92.54649142208838,1956500
2020-08-17,90.58710479736328,92.86222651300157,90.48495578141294,92.78793503143301,7488500
2020-08-18,89.76991271972656,91.77574021424014,89.58419110052743,91.18142253101219,3337300
2020-08-19,89.9742202758789,90.92141905460593,89.04559791193356,89.9092169937958,3079600
2020-08-20,89.81635284423828,90.61496861440705,88.85058477136381,88.90629984399034,3102500
2020-08-21,89.28704833984375,90.67998198918663,89.11060781044904,89.60277656631122,2845100
2020-08-24,92.24005889892578,92.27720464277192,89.50990694725719,89.77920827652206,4141100
2020-08-25,91.98004913330078,93.59585008302643,91.03285034272518,93.43798597953933,2946600
2020-08-26,91.37645721435547,92.06363589412071,90.82856624446809,91.52503313316771,2936500
2020-08-27,94.28301239013672,94.84947250828158,91.49714574410967,91.71073197096152,3992100
2020-08-28,95.2209243774414,95.55522894724884,93.54940152840426,94.85876227428759,4382900
2020-08-31,94.33872985839844,95.55522980915818,94.1251507109327,95.55522980915818,4665800
2020-09-01,95.15592956542969,95.4438002153721,93.01081428912138,93.36368821759355,3142500
2020-09-02,96.94815826416016,97.38461182798295,94.98876487220573,95.2580661580714,3536900
2020-09-03,97.0038833618164,101.24768693491217,96.43742319930645,97.47748271248433,6747900
2020-09-04,98.12753295898438,100.5512381293561,97.02247705702433,98.75899651074457,5235100
2020-09-08,96.2702865600586,97.57964759989184,95.9267007918847,96.96675338937578,4517000
2020-09-09,96.37242126464844,97.23604028797543,95.36022635727025,97.1060337326209,2474700
2020-09-10,95.43450164794922,97.6074813090043,95.00733628043801,96.75315057398188,3288900
2020-09-11,95.98239135742188,96.43741425261251,94.7287528017925,95.56451420048712,2604400
2020-09-14,99.61331176757812,100.0033385210368,96.78101798175373,97.18032585720893,3620100
2020-09-15,99.06543731689453,100.40265583196033,98.65684119621852,100.14263561027684,3371500
2020-09-16,98.41539001464844,99.81760452307545,97.21746645171649,99.11185670810941,5798900
2020-09-17,97.1895980834961,97.83034255237284,95.94524071244926,96.82742892522909,3215300
2020-09-18,96.05670166015625,98.54540993246339,95.93597621595725,97.0038933744342,6630300
2020-09-21,91.1628646850586,93.44727507362973,89.35205373217508,93.41941753355877,8339900
2020-09-22,91.45072937011719,92.65793413758702,89.52848144734367,91.01427574528981,4884400
2020-09-23,88.7391586303711,90.16923804670954,88.30270494738654,88.92488737037888,9427200
2020-09-24,88.63699340820312,89.98349995926716,87.021192631752,88.53484439105945,4249000
2020-09-25,89.38920593261719,89.93708981976438,87.71768255943873,87.92198064780804,2775600
2020-09-28,91.76647186279297,92.6115217080863,91.59003132700047,91.93362419016817,3930900
2020-09-29,90.77283477783203,92.25862912193615,90.28995427280805,91.69216892124236,3200400
2020-09-30,93.0943603515625,94.27370723570114,91.21854693112788,91.21854693112788,5060900
2020-10-01,94.09729766845703,94.23659242791912,92.27719884334279,93.1686753851441,4179300
2020-10-02,94.35731506347656,95.77810608795907,91.59001741608579,92.65793450740584,3783300
2020-10-05,96.47457885742188,96.65101937743574,94.97020804557701,95.95455258979347,2863200
2020-10-06,94.49661254882812,97.77464831870246,94.0880164466932,97.51463519364435,3309200
2020-10-07,96.0009765625,96.71601974374852,95.0816424142925,95.47166210325007,3048400
2020-10-08,98.90104675292969,98.97564853508689,97.03604488550478,97.28782412168096,2922600
2020-10-09,99.16215515136719,99.97343360077168,98.1364054512217,98.83578121692338,3511300
2020-10-12,99.4139175415039,99.78691930946694,98.84509144610409,99.27404098921565,2626700
2020-10-13,97.92193603515625,99.39528226888139,97.6888107755545,98.74253438776381,2602600
2020-10-14,97.73543548583984,99.09688620288705,97.68881470069726,98.26696081451182,2826300
2020-10-15,97.3810806274414,97.81003023773229,96.06625079019535,96.45790662082449,2699300
2020-10-16,97.82867431640625,98.54669688994349,97.16659240668594,97.58622208669532,2394300
2020-10-19,95.55335235595703,98.1177294014195,95.34820105401346,98.03380063498072,3196500
2020-10-20,96.17813873291016,97.54891614399207,95.88906574111522,95.99164140551026,2954700
2020-10-21,94.58357238769531,96.41127341035394,94.51829760525813,96.20612206143205,2588400
2020-10-22,97.7167739868164,97.78204876779286,94.71411983306406,94.83534239361533,3748800
2020-10-23,94.16395568847656,96.64440469055005,93.25010156281697,93.83757464147219,8921200
2020-10-26,90.3406753540039,93.3433290819774,89.31492589221841,93.03560210911678,5731500
2020-10-27,88.52232360839844,91.10534834708405,88.49434971563284,91.0307536711819,3780300
2020-10-28,85.4170913696289,87.25411950358264,84.85759218470132,85.75279230346909,7037800
2020-10-29,84.9228744506836,86.00457913597795,84.0463211446291,85.23992852253215,5419500
2020-10-30,85.08138275146484,85.15598453322886,83.09515833431605,84.67108718059775,4736300
2020-11-02,87.09561157226562,87.77633344910134,86.04188068639479,86.68530877674641,3572900
2020-11-03,89.7905044555664,90.31270263608289,88.02807848190666,88.35445234472947,4004300
2020-11-04,89.89311218261719,91.21726210667963,86.59205726156888,87.65510800222962,4545500
2020-11-05,91.48764038085938,91.68346466585604,90.30336055782162,90.64838836343408,4197300
2020-11-06,90.16352081298828,91.98189485362029,89.77186499972942,91.86999217634379,3126300
2020-11-09,109.4476318359375,111.72292916589716,102.75227517245065,103.07864906051687,17261700
2020-11-10,108.12348937988281,111.7975456398434,107.34951894770914,110.58529147977391,7056800
2020-11-11,103.61951446533203,108.17011681857826,102.85486392412226,108.10484203266101,5642700
2020-11-12,103.60086059570312,104.55201560821074,102.15548830153843,102.40726044342685,4941200
2020-11-13,107.22827911376953,107.83440613643364,104.63592768686073,104.75715024562656,4811500
2020-11-16,110.65988159179688,112.26378429979037,108.86948154704862,111.06085726879525,5339100
2020-11-17,108.61772155761719,109.83929561290351,106.43566547900042,109.07464506377175,4023200
2020-11-18,106.52890014648438,110.74380817175302,106.48227937043123,109.04665682912287,3264300
2020-11-19,106.4356689453125,107.05112305131048,104.93434169034958,106.09996799920785,3249800
2020-11-20,104.98096466064453,106.80866577341145,104.34686369381372,106.06266212499236,3702300
2020-11-23,108.25403594970703,108.89746390606574,106.04401316815832,106.528910550086,3022900
2020-11-24,112.2637939453125,112.6834165462727,109.9325414634937,110.96761813457469,6163400
2020-11-25,112.44096374511719,112.81396553966317,110.268234872723,111.43386103416827,4646600
2020-11-27,112.45028686523438,113.47604360833309,111.70429036911077,112.39433908448997,2447700
2020-11-30,110.58528137207031,113.28021559280789,110.03510924078677,111.92808498179181,3517700
2020-12-01,111.83484649658203,114.29664859564917,111.76024470826653,112.19852132159754,3583400
2020-12-02,114.07284545898438,114.55774283342917,110.87436684474423,111.22871465243782,3271900
2020-12-03,114.80953979492188,115.58351031310967,113.87703868028792,114.55776050989613,4285100
2020-12-04,116.59992218017578,116.86102131355324,115.49024374890381,115.95649423405435,5048600
2020-12-07,115.57416534423828,116.44139147723268,114.35258431135146,116.10569057965954,4253700
2020-12-08,115.18250274658203,116.14298460557141,113.78375146083569,114.20338111520977,3623000
2020-12-09,113.47602844238281,115.59280219918134,112.84192759249491,114.95870134929345,3622800
2020-12-10,113.61590576171875,113.88633187530786,111.62035441329164,112.57150931135226,2818800
2020-12-11,112.11459350585938,112.36636563461387,110.8184106267186,112.00269082951418,2942800
2020-12-14,109.43831634521484,113.56929600000247,108.77624149852744,113.51334821742599,5336300
2020-12-15,111.06084442138672,111.25666873665168,107.75979071888499,110.7717714485313,4528900
2020-12-16,110.96762084960938,111.51779303385901,110.29621898011156,110.9023460630981,2943700
2020-12-17,110.94896697998047,111.59238780242394,110.46406249832872,111.34994267601577,3746700
2020-12-18,109.57818603515625,111.30331132897577,108.77623466796794,110.58528163038234,8394100
2020-12-21,108.55243682861328,110.03510989447436,106.04400704677819,107.95562968731134,4528300
2020-12-22,106.81800079345703,108.41257677508733,106.65947020403615,108.34730198453236,3632300
2020-12-23,109.05598449707031,110.21229081060216,107.96496008062189,107.96496008062189,2725200
2020-12-24,109.42898559570312,109.51291438111147,108.0022602735205,109.0373369022447,707000
2020-12-28,110.37081146240234,111.2939853979112,109.6621087583101,110.08173844857234,1878700
2020-12-29,110.16564178466797,111.29396687683375,110.03509224437879,111.19139122168993,1860400
2020-12-30,111.36859130859375,111.85348868342021,110.17499120340447,110.26823987766905,1954200
2020-12-31,112.74870300292969,112.88857246595798,111.11682619969575,111.62969749777545,1747800
2021-01-04,110.07240295410156,113.57860819840363,108.96272464818075,113.11235776592154,3472100
2021-01-05,110.65988159179688,111.22870771764148,109.19585544357814,110.27755991712439,2112700
2021-01-06,114.75357055664062,116.31085263052124,112.6554433107864,112.83262077705007,5861500
2021-01-07,113.84588623046875,117.61704165317445,109.81270896995167,116.12916227361862,8696600
2021-01-08,113.95816802978516,114.35119005629718,111.84332400145685,114.2295424212429,2934500
2021-01-11,113.2844009399414,113.61192640303172,111.72166555290158,112.68550825102358,3311000
2021-01-12,113.80844116210938,114.46347783123095,112.9662460594072,114.1640314768662,2671300
2021-01-13,114.538330078125,115.93262636087506,113.37797646010175,113.78971069525375,3678300
2021-01-14,115.8296890258789,116.50344503100698,114.24823435491793,114.77227076966389,3404700
2021-01-15,114.30438995361328,114.96878627947888,113.89264856994751,114.61319599136262,3948200
2021-01-19,118.60895538330078,119.83481291371088,116.26016854789131,117.4298821118292,5818500
2021-01-20,120.65828704833984,121.21974095091977,118.90839311390464,119.02068817803931,4090200
2021-01-21,119.24526977539062,120.61149424594565,118.00069293503856,120.05002607118888,3654900
2021-01-22,118.03812408447266,118.89903147744008,116.8590509179694,117.66381434946288,2954800
2021-01-25,113.36862182617188,116.97133759626404,112.59193043108536,116.26014986465687,6156700
2021-01-26,108.68978118896484,112.56387177761697,108.28739945442538,111.12278387111205,8932500
2021-01-27,106.7621078491211,109.29805349154937,104.89992559501646,107.48265550289867,5816900
2021-01-28,111.32865142822266,112.64808452253763,109.1108720977115,109.88756356267045,5788500
2021-01-29,108.79271697998047,110.78590624629155,108.37161582949915,110.17765378850613,5059300
2021-02-01,109.51325225830078,111.62809620114366,109.48518027745102,110.14021696182677,3359800
2021-02-02,112.94751739501953,114.55704409515793,110.68295407941253,110.69231378516598,4036700
2021-02-03,112.7042236328125,113.20954065964605,111.88074086047763,112.36734561492347,2782500
2021-02-04,116.87776184082031,117.35500689677257,113.04110339925285,113.21889497745948,3915900
2021-02-05,118.16912078857422,119.16103542864305,117.56086841633129,118.48728653348316,3184200
2021-02-08,119.769287109375,120.15294937498575,118.60893346737478,118.72122851893495,3360900
2021-02-09,118.54341888427734,119.46047720578913,118.09424585878192,119.45111750084716,2175000
2021-02-10,119.99385833740234,120.43367165546007,118.6931377930069,119.43239741324136,2929100
2021-02-11,120.0687255859375,120.82669750113187,118.82415609120972,119.26396228414656,3733000
2021-02-12,121.29458618164062,122.08064437362655,119.77864230910856,119.95644101588245,2873300
2021-02-16,122.2864990234375,122.50173654893062,120.01258324727786,120.63019528971381,2730600
2021-02-17,120.30268096923828,122.73569054242806,120.19039305250668,121.72505645565975,3088800
2021-02-18,120.23719024658203,120.55534887849423,117.98197928520169,119.30141234602041,2269700
2021-02-19,123.25038146972656,124.79439761730914,121.17296909885535,121.17296909885535,3419500
2021-02-22,127.21804809570312,127.70465295064176,122.93221575807277,123.0632231099335,3923100
2021-02-23,128.14443969726562,129.42644096460967,125.6552862519856,127.70462633367376,4814400
2021-02-24,130.9049835205078,131.8968983360408,128.02280759158876,128.38775765161938,4099500
2021-02-25,128.2754669189453,131.60680878471018,127.61106334788943,131.5880893700908,3607500
2021-02-26,126.57233428955078,129.3702937023706,125.1967502775059,128.294163155216,3654800
2021-03-01,129.80078125,130.79269606918373,129.2486655951175,129.30480956167807,2972100
2021-03-02,130.3061065673828,131.1857335569949,129.21125625437577,129.3609830353165,2929100
2021-03-03,133.43153381347656,134.98491652236146,131.00789125220524,131.00789125220524,4393700
2021-03-04,133.5157470703125,134.85390650051716,130.9610972401194,133.01978977709217,4461700
2021-03-05,137.86708068847656,138.4566207206042,132.95428516401512,135.368574963769,5048300
2021-03-08,140.61830139160156,141.73187108085907,137.29631174043956,137.8203411756828,4283400
2021-03-09,135.7803497314453,139.5047135431834,134.85393149268955,139.03682813994442,5806100
2021-03-10,137.3243408203125,138.7654213169796,136.09848357186203,136.34177879685794,3049800
2021-03-11,138.26011657714844,138.32562737787762,135.8084019894401,136.62251790364581,3147700
2021-03-12,138.9993896484375,140.9645140582951,138.5127991085749,139.52343329546773,2420100
2021-03-15,137.54893493652344,139.3549654628734,136.6505888171304,138.53148270999037,2586300
2021-03-16,134.095947265625,137.80159132720038,133.64678131728544,137.79223876032617,4031000
2021-03-17,135.38726806640625,135.518289642995,132.7858272382996,135.4621314192893,3278500
2021-03-18,133.42222595214844,136.15467545750414,132.9449879001666,136.14532288819416,3173600
2021-03-19,131.6722869873047,132.82328082357833,130.76458836591112,132.78584200361146,5098300
2021-03-22,130.9611053466797,131.93431486138465,129.89432733011344,130.53065882491708,2274100
2021-03-23,127.33966827392578,130.5400020957287,126.45068903654605,130.01597283069336,4905400
2021-03-24,129.52940368652344,131.0453479451577,128.7714315572063,129.10830964565065,2638900
2021-03-25,133.1414794921875,133.37542221188542,127.97602024321267,129.0895898735717,2766400
2021-03-26,134.4983367919922,134.73227949843837,131.9904778326794,134.507703638637,2687500
2021-03-29,133.22567749023438,133.88072844009506,131.2979920243047,132.86072746783728,2220600
2021-03-30,134.2737274169922,135.20013116489844,133.45024472665236,133.72161191575466,2034500
2021-03-31,132.7532501220703,134.46146461381045,132.6687810457988,134.19866238431197,2957300
2021-04-01,135.69100952148438,135.74732223423226,133.47595211630792,133.59795822004634,2629200
2021-04-05,137.08949279785156,138.42227954308274,136.6671331208267,137.88729443795697,2960100
2021-04-06,137.1739501953125,137.53061644947476,135.51266798561468,137.0143927451992,2851200
2021-04-07,138.0937957763672,139.24824947831513,136.77038959613665,138.36597869149477,2399500
2021-04-08,138.00930786132812,138.12194761704734,135.79425028748065,137.78405699318424,2295600
2021-04-09,138.70384216308594,139.32331059272772,137.68078977942125,139.10744043875374,1783400
2021-04-12,138.5067138671875,138.69442762140335,137.4179540424375,138.21574107826527,1869000
2021-04-13,137.0238037109375,137.59634019118496,135.0058406902929,137.5494081541194,2132100
2021-04-14,138.365966796875,139.6142844707404,136.75160216012026,136.8548469097376,2141800
2021-04-15,139.4077606201172,139.46407332027857,136.56385468882365,138.4504017524448,2901200
2021-04-16,140.77810668945312,141.20984696392213,139.5579456012844,140.5153045254345,3480000
2021-04-19,139.41717529296875,140.3276023586322,138.72263272609106,140.02726311065314,2259100
2021-04-20,136.18844604492188,138.44104029392778,135.634670999296,138.16885743148387,2526700
2021-04-21,138.1407012939453,138.32842943582332,134.23620513953077,135.15601288381797,2161700
2021-04-22,138.1219024658203,139.7738036860169,136.91112215875478,138.50672500196626,3247300
2021-04-23,135.4657440185547,136.0758175006977,132.03990601106662,132.84708830899282,6395300
2021-04-26,141.10659790039062,141.83869166648114,136.62017125316177,137.78401960210627,4821100
2021-04-27,141.1254119873047,141.61347940475824,139.7081560947085,141.44452693186585,2692100
2021-04-28,143.17147827148438,144.03498743810187,140.26187887852362,141.42571290705055,2584500
2021-04-29,145.13314819335938,145.55550783711215,142.74913846095382,144.4010543250825,2636000
2021-04-30,143.93174743652344,144.57935785028408,143.1151702684881,144.16639324954573,2712700
2021-05-03,145.292724609375,146.4659539516315,144.55123564494642,145.09561577835112,2726200
2021-05-04,145.03929138183594,146.17498359521136,143.45308314737386,144.9923593475955,3025100
2021-05-05,146.78509521484375,147.1042102159611,144.84223452295873,145.3584440687928,3001600
2021-05-06,147.2449493408203,147.83624706766489,144.56060059095572,147.2261736651865,2798800
2021-05-07,149.21600341796875,149.47880565681263,145.79955999135026,146.05298155082397,2617800
2021-05-10,148.93441772460938,150.8209796598358,148.76547957487713,149.93870890906385,2987600
2021-05-11,144.9454345703125,148.09907551910405,144.2133406287758,146.850772140016,3900100
2021-05-12,142.94625854492188,146.32515028318895,142.7303883671527,145.2176287156679,3487400
2021-05-13,144.616943359375,145.30210528517674,142.48635486382204,143.04951067675188,2269700
2021-05-14,147.49838256835938,148.23987150960562,145.039298526799,145.84648086190117,1892700
2021-05-17,147.2261962890625,147.71426367903186,146.30638854468086,147.40452943087706,1541400
2021-05-18,145.47103881835938,148.57774742065118,145.34901839972648,147.69547677869554,2417800
2021-05-19,145.2270050048828,145.2739370390611,142.40187413576115,142.7303840533631,3526800
2021-05-20,145.9778594970703,146.65364061877318,144.47612048847625,145.92154679053584,3031100
2021-05-21,147.23556518554688,149.05641917173085,146.74751215627853,147.0760077350193,3424100
2021-05-24,148.89688110351562,149.1503026504693,147.31067274779915,148.01461035027825,1956900
2021-05-25,148.30555725097656,150.24843175514968,148.0521500456335,149.30046768095153,2484200
2021-05-26,148.84056091308594,149.59143051568986,147.70486866992113,148.44635759408933,3731600
2021-05-27,149.9293212890625,150.44553071488855,149.09398261466023,150.15457214494398,2828400
2021-05-28,150.2953643798828,150.77403675794673,149.10335945217915,150.4173704831269,2436400
2021-06-01,153.7024383544922,154.03094832856317,151.62817671073083,152.52920890659368,3827800
2021-06-02,154.04034423828125,155.51392744492586,153.28948877470816,154.50025538312224,3384600
2021-06-03,154.415771484375,155.26049096071728,152.82018229481258,153.62735040858715,2454800
2021-06-04,154.8662872314453,155.55144921943798,153.28947372675282,154.8662872314453,3239300
2021-06-07,155.7297821044922,156.41494409124144,155.21355828366117,155.45759917440773,2516400
2021-06-08,156.28350830078125,156.87482039363294,153.58039799412785,154.73485150344487,2486300
2021-06-09,154.01219177246094,155.93629117027749,153.74000880827435,155.1197279560674,2700100
2021-06-10,152.26638793945312,155.06337691102493,152.16314318786291,155.03520623182146,3024500
2021-06-11,154.4063720703125,154.43452843060936,152.5292050017318,152.9891160893274,1630100
2021-06-14,153.74932861328125,154.75361962214402,153.09232316533792,154.20923958766392,2125700
2021-06-15,156.0583038330078,156.6496017799086,153.74000112618438,153.86200725909904,3726100
2021-06-16,154.56588745117188,156.41489765581375,154.1810791913813,155.59833478632774,3281300
2021-06-17,152.17254638671875,155.80485992369947,150.67080706843373,155.7767035646258,4194400
2021-06-18,148.4557647705078,149.86364015606551,147.59226958596366,148.95321292767295,6900200
2021-06-21,154.77236938476562,155.06334221716065,149.3567544422286,150.24840564920223,3681400
2021-06-22,154.39698791503906,155.09154487057168,152.482283849715,153.38331600222708,2697600
2021-06-23,155.82359313964844,156.61199962215554,154.66912544564485,154.89439057849415,2327600
2021-06-24,157.879150390625,158.22642173251137,156.18969708125402,156.79977067997046,2417100
2021-06-25,159.04293823242188,159.94398450711097,158.10435492704124,158.10435492704124,9186000
2021-06-28,154.65980529785156,158.47984744488178,153.17684148324162,158.26396290412802,3433400
2021-06-29,154.16233825683594,156.10521295583342,153.2049790868235,155.40127533822232,2785900
2021-06-30,155.08213806152344,155.9550281095579,153.64610654145886,153.64610654145886,2331800
2021-07-01,157.09593200683594,157.50056899719226,154.97860936489192,155.88199231774067,2685900
2021-07-02,158.56399536132812,159.0156869952448,157.16185159808526,157.81116639878823,2028700
2021-07-06,159.5614471435547,162.3657195994058,157.90523533346425,162.3657195994058,4688100
2021-07-07,160.89772033691406,164.45482176200917,159.3920770692264,159.59910535187342,3998900
2021-07-08,157.62294006347656,160.0131562396064,155.82556458435008,157.10536932877835,4628400
2021-07-09,161.8011016845703,162.14927905300587,159.23208743519274,159.97549666053143,3175200
2021-07-12,163.36326599121094,163.8337822937674,159.86262355146943,160.04142204388376,3154100
2021-07-13,162.44100952148438,164.43600798870057,162.25280591186416,163.7396388381893,2675000
2021-07-14,162.34690856933594,164.25720313261388,160.9259405001979,162.66685612912306,3123100
2021-07-15,162.65748596191406,163.04329840393206,161.01067895941458,161.04831394436113,3448200
2021-07-16,159.98492431640625,163.542025887853,159.5426379088281,163.49498575178305,4359800
2021-07-19,153.2095184326172,156.56901177544847,151.95794332601446,155.8820476249478,6739800
2021-07-20,158.91212463378906,159.58026390463226,152.9836324546257,153.3318098210998,4243700
2021-07-21,162.33750915527344,163.38205579015357,159.73085950490116,160.67189199185566,3384500
2021-07-22,160.82244873046875,162.9962458700713,159.08154721845298,162.09284835084537,3335900
2021-07-23,162.96798706054688,169.07529261525343,162.75155362519192,166.12045140065442,6326600
2021-07-26,162.431640625,165.08534513874505,162.13992281111857,163.0339009256315,3115900
2021-07-27,162.74212646484375,164.79356996389555,159.9378542622909,160.4083704071024,7922600
2021-07-28,159.99435424804688,163.22208892306617,159.70263646214332,162.798627157754,7961700
2021-07-29,161.8105010986328,163.57024126360352,160.91652328551595,161.2835253081224,3186900
2021-07-30,160.47427368164062,163.0244781160114,159.80614863684255,162.15872992503762,3441900
2021-08-02,159.28854370117188,163.13736241660754,158.808608031595,161.04826953225086,2895700
2021-08-03,159.07211303710938,160.2484035552935,155.55266099647213,159.7402523694046,3642000
2021-08-04,158.14991760253906,160.38957951839268,157.45356275133605,158.37577056885735,3544400
2021-08-05,159.6273193359375,160.47424269253207,158.39456927642175,158.71451682366737,2535400
2021-08-06,161.25531005859375,162.65745348140757,159.730842189867,160.47425145600735,2828700
2021-08-09,160.70953369140625,161.02948130418145,158.83687379483936,160.3048965974288,2560200
2021-08-10,159.49559020996094,161.57526381939314,158.73334188735222,160.66246122227088,3389500
2021-08-11,160.60601806640625,160.66247772002333,158.7239530310809,159.45795724613646,3843400
2021-08-12,158.58274841308594,160.07898614651117,158.06517783765253,159.99429669571614,3372800
2021-08-13,156.28665161132812,158.37574453962478,155.8443652660302,158.17812143169883,4157700
2021-08-16,155.97613525390625,156.1172843838327,153.04011847930616,155.05392743401555,3845400
2021-08-17,154.9409942626953,156.54076098835787,153.71766350874108,155.04450841130858,7631600
2021-08-18,152.569580078125,155.40208229310585,152.50370092104876,154.16933220738002,3563700
2021-08-19,149.6523895263672,151.59091407788827,148.05263723154985,150.7157607908293,4256400
2021-08-20,150.32994079589844,150.55579376352313,148.73959358487167,149.4830172955844,3075000
2021-08-23,150.98866271972656,152.3061168435699,150.6687151138424,151.72266692570386,2006300
2021-08-24,151.69442749023438,152.3531473309215,150.74398988860122,151.12981663779496,2377600
2021-08-25,156.38076782226562,157.36885478030254,151.03571032430025,152.33433971823538,3579900
2021-08-26,155.75027465820312,156.6819019471344,154.6869177604703,156.18315590046836,3164700
2021-08-27,158.7051544189453,158.9310074295145,155.4209595828218,155.59975808797836,3002300
2021-08-30,154.573974609375,158.37575349119777,154.52693447727023,158.2440095314721,2582100
2021-08-31,156.1737518310547,156.61602387257489,154.0658339723097,154.42343089844906,3536300
2021-09-01,154.74337768554688,157.41590638546813,154.45165992478996,156.53133358896935,2569000
2021-09-02,152.4943084716797,155.34563559181143,151.63796551242814,155.31740576757372,4350600
2021-09-03,149.90647888183594,151.76971919589937,148.84310757074647,151.2709731237461,4206500
2021-09-07,150.30169677734375,151.1862695349095,149.21951525590518,149.50181349000917,3779000
2021-09-08,149.5583038330078,149.86884631327464,147.55391416440253,149.80298149813692,3056700
2021-09-09,149.99111938476562,152.5883630459825,149.19123628395377,149.41708917758586,3295800
2021-09-10,149.3606414794922,151.93907504154367,149.05009911056163,151.66616764505346,2943700
2021-09-13,151.92967224121094,152.2590393120979,150.32992009479068,151.1674383240881,3192500
2021-09-14,150.0758514404297,156.0514132548728,149.41713159576264,153.08715241534748,4281500
2021-09-15,151.82614135742188,152.7389437981937,149.82175240807817,150.58398624111155,2933100
2021-09-16,153.0401153564453,154.79984148236275,152.63546392721952,153.48240176654477,2765000
2021-09-17,154.25405883789062,154.5646013124681,152.04264088962208,152.04264088962208,6390600
2021-09-20,151.10157775878906,152.57899114444209,148.63606313279112,149.9629222488912,5976900
2021-09-21,153.64239501953125,155.59974453019183,152.15556180396163,152.36259012252307,3480600
2021-09-22,157.61355590820312,158.67691298588247,155.17627055261318,155.85381517576323,3562800
2021-09-23,163.13742065429688,163.83378998401403,159.3262355528915,159.49562889645242,4399200
2021-09-24,165.3582305908203,165.6217185397759,163.08093368398036,163.1467984917111,2680400
2021-09-27,166.34634399414062,168.25663910692526,165.9322873345978,167.19326762755563,3703300
2021-09-28,162.9303436279297,166.7885820804958,162.50688193411497,165.14177543642734,3862200
2021-09-29,161.42471313476562,162.77980226916725,160.35193662986714,162.69511278802136,2726100
2021-09-30,157.6511688232422,162.19635738429093,157.53824952153187,162.02696407270946,3088200
2021-10-01,163.6831817626953,164.79359312820978,158.54513842115566,158.5639630901179,3956000
2021-10-04,162.47865295410156,166.77916343164708,161.74464885194706,163.6267135977821,3613900
2021-10-05,164.45481872558594,165.67816372981787,162.45983461220203,163.20324389778838,2629400
2021-10-06,163.1750030517578,164.58655157074887,159.88138984077875,162.37513417307133,2922200
2021-10-07,164.42027282714844,166.85417391899216,163.86368689232808,165.5617590953251,3578800
2021-10-08,165.23155212402344,166.95792411073145,163.70329453353546,164.0051803954497,2375300
2021-10-11,163.63726806640625,166.77868328773866,163.51462513411454,165.83531154939706,2499200
2021-10-12,165.00514221191406,166.56169970912927,163.29764179280753,163.7787561622882,3069500
2021-10-13,159.16567993164062,164.23158153117106,157.61855086542272,162.99576686418553,5608100
2021-10-14,161.79769897460938,162.61844226319616,160.19396972675798,161.31658451866753,3061900
2021-10-15,165.8541717529297,167.70318656820083,163.34479964460078,163.92969987106,3043900
2021-10-18,166.80699157714844,167.55224888948604,164.45799085256596,165.63720548232848,2623300
2021-10-19,167.26927185058594,167.92020077472068,166.27872846145536,167.66548632729555,1400100
2021-10-20,169.4295654296875,169.5899368935484,166.23153589808496,166.92962175316063,2398500
2021-10-21,167.42019653320312,169.60881165056415,166.0428673547835,169.41071163119383,3313800
2021-10-22,176.48599243164062,178.32556450391365,171.88233358844593,174.52377742297912,6026100
2021-10-25,171.98609924316406,176.60862939596282,171.53328483946524,176.15580059755365,3889600
2021-10-26,170.70310974121094,173.10871050454858,167.4673516532298,173.0332390396337,3832200
2021-10-27,167.94845581054688,173.32567140424507,167.8352558174298,169.9012420600713,3309900
2021-10-28,164.72213745117188,169.08051021365375,163.22217986339697,168.29750995466625,4865700
2021-10-29,163.93910217285156,166.6654452994893,163.2410020634922,165.6843452488964,3455400
2021-11-01,164.3448028564453,166.09947492946327,163.5240596257894,164.69384580603833,2250400
2021-11-02,163.36366271972656,165.27870596860953,162.79764838104646,165.0900345223828,3252900
2021-11-03,162.83543395996094,163.9863488982751,162.02413350171835,162.92033398130042,3831200
2021-11-04,162.7599334716797,164.16556261823783,161.9392046222275,162.3825905142723,3315400
2021-11-05,166.6843719482422,167.72207233065555,165.42025714317103,166.2032430994333,3936000
2021-11-08,169.85409545898438,171.7785675971986,167.72206597849413,167.98622332561305,3392000
2021-11-09,169.6748504638672,170.92953667000015,168.32582132099506,169.58050752712802,3203300
2021-11-10,171.11822509765625,173.08986887627603,169.2031813288016,169.2031813288016,3296700
2021-11-11,171.03330993652344,172.38232469883445,170.50502403254958,171.6842387806024,2119700
2021-11-12,171.58990478515625,172.05216217257924,169.47674666442384,170.47673291444366,2390200
2021-11-15,172.7596893310547,173.51437528582414,171.73140308746434,172.19366047026574,1748300
2021-11-16,170.67481994628906,173.01437791969803,169.56164816033294,173.01437791969803,3299200
2021-11-17,169.43899536132812,171.4483817330894,168.10883778017038,170.92008147784546,3543500
2021-11-18,166.2315673828125,170.15598351260223,165.88250999445222,169.8069405189547,4011500
2021-11-19,163.71273803710938,165.34478163722108,162.10900883451237,163.89198098467057,4456500
2021-11-22,161.2222442626953,165.32591758985765,161.21281572624162,165.0806460896524,4651700
2021-11-23,161.1750946044922,162.21279505593648,158.3261074407168,161.5996090798427,5890300
2021-11-24,161.89202880859375,162.24107175456263,158.3921132345288,158.9392705843813,3590600
2021-11-26,147.9395751953125,155.88276416407558,145.75094567124074,155.7412497547523,6804200
2021-11-29,148.920654296875,152.26962664692962,145.5999819457037,151.646997882077,6258500
2021-11-30,143.67552185058594,147.04335154674655,143.10949303700247,146.30752272591445,7444900
2021-12-01,141.56239318847656,148.17543980210846,141.40202168357794,147.26036785467048,6145500
2021-12-02,147.8923797607422,148.9678228816589,142.88307852924308,143.0906070521414,6289300
2021-12-03,147.1094207763672,149.36407910881886,144.9302339255318,149.12823612678537,4069300
2021-12-06,151.5810089111328,153.5243673593674,149.0999502927167,150.0621937813959,4141900
2021-12-07,157.49594116210938,159.5807994654192,154.86393980560933,155.1846828077452,5124500
2021-12-08,159.3638153076172,160.8826447105501,157.80725736066518,158.46761484135047,4042400
2021-12-09,158.50535583496094,159.26948479571345,157.1185979451829,158.3449843340992,2245300
2021-12-10,157.5713653564453,160.9203375888175,156.5619651774206,159.78829448913493,2768500
2021-12-13,154.05262756347656,156.97707169163428,152.81681273045942,156.97707169163428,3477600
2021-12-14,153.62806701660156,155.9015815763688,151.93942383334775,152.95826686350307,2964200
2021-12-15,153.0526580810547,153.81678699614625,149.55274209344176,153.49604401358897,5013000
2021-12-16,153.7695770263672,155.82612028817985,152.73186246646523,154.71294866456577,4900100
2021-12-17,150.94891357421875,152.18474269952873,148.06219822601122,151.88285681999045,9576800
2021-12-20,147.062255859375,149.25088573971186,145.07174042645516,148.10939932209044,3839600
2021-12-21,151.7979736328125,151.93004512106558,148.59994351502263,148.8169150182857,3722400
2021-12-22,153.26962280273438,153.92998020664922,151.36400767025572,151.4394791442334,2877700
2021-12-23,154.89224243164062,156.97708637549752,154.32621350500503,154.5809279614624,3140500
2021-12-27,155.08090209960938,155.65635951968275,153.3262298346899,155.65635951968275,1687300
2021-12-28,155.0997772216797,156.72237803799214,154.3356482873711,154.3356482873711,2035300
2021-12-29,154.5526123046875,155.59031270549104,154.01488343936248,155.29786973440358,2082200
2021-12-30,154.86392211914062,156.4110513350775,154.71297917253418,155.29786509724457,1632900
2021-12-31,154.33563232421875,155.81671856579737,154.00544643614953,154.8073182244826,1743600
2022-01-03,158.68460083007812,158.86382940764855,155.09034163649574,155.19411312599098,3236400
2022-01-04,163.7787628173828,164.19384867209624,159.9958474500354,160.1090474486991,4799500
2022-01-05,162.0335693359375,166.32591480953022,161.78829779834038,164.8165282482402,4491900
2022-01-06,163.5183563232422,164.2654986211435,160.53928262420118,163.1778895207084,2649400
2022-01-07,164.9180450439453,165.84486563697016,162.53477765961455,163.13059811340682,3043000
2022-01-10,164.31277465820312,166.6487522174927,161.24857369321265,166.6487522174927,4269400
2022-01-11,165.86380004882812,166.18534801915067,163.13061343940717,165.06936789218932,2762700
2022-01-12,165.003173828125,167.22566745386317,164.71944908833123,166.6676701742942,3224300
2022-01-13,163.88719177246094,166.8095377978774,163.47107851394208,165.42875177690073,3808800
2022-01-14,159.2624969482422,159.55568826161416,155.77273095233681,159.55568826161416,6508500
2022-01-18,157.15350341796875,159.773205414098,155.89566837189713,158.79909505442788,4336300
2022-01-19,152.6328887939453,157.68313397818076,152.42482496111117,157.68313397818076,3592000
2022-01-20,152.18841552734375,155.64037374460753,150.80764378511114,152.37756056220343,4205600
2022-01-21,150.12669372558594,153.09631518429615,149.1241977316742,151.27103044160623,3779100
2022-01-24,150.30638122558594,150.79816983703384,144.55629740445542,147.36514504990987,5405000
2022-01-25,163.71694946289062,165.00315563474314,150.99675731403954,157.12514463600124,13320800
2022-01-26,165.80703735351562,169.4954152149027,163.64128606167617,167.3485827515631,8257300
2022-01-27,162.57260131835938,168.5307625795787,161.37152263930656,167.11215344266162,3649900
2022-01-28,167.45260620117188,167.5944757614957,160.55817272221503,162.44018478397788,4271500
2022-01-31,170.0628662109375,170.35604311665185,165.71245918898032,166.3650216853577,5524300
2022-02-01,173.58103942871094,174.0539092276057,169.28738800431677,170.15746670258216,3471200
2022-02-02,174.1673583984375,174.56456718515972,171.78409124726724,172.60687984613207,2841400
2022-02-03,174.05389404296875,175.7184048256029,172.42723535305595,174.7726653103207,3380900
2022-02-04,175.7656707763672,178.44210054137525,174.18627330156818,174.87667344400677,4075800
2022-02-07,177.6760711669922,178.65964830567555,174.72536861262054,175.55762397137735,3260800
2022-02-08,183.47344970703125,183.97469045124834,177.43017531711052,177.874674004373,5133900
2022-02-09,185.7432098388672,187.93733214356132,183.7571657846228,183.7571657846228,4614200
2022-02-10,184.90150451660156,187.47391683374997,184.0503448306966,185.70538877727466,4511100
2022-02-11,181.4022979736328,186.49983349213477,180.11609162827298,184.82587047386465,4834900
2022-02-14,181.91299438476562,183.61531390067327,180.560579427047,181.82786686429887,3841300
2022-02-15,187.2375030517578,187.59688868132014,183.64369004865335,184.0881887702153,4134300
2022-02-16,187.61578369140625,188.72229703943168,186.53764137044521,186.78352841528272,4122600
2022-02-17,185.09072875976562,186.6701123759007,183.72886124072048,185.015067849725,3051700
2022-02-18,184.30569458007812,187.01996197673975,183.6625842990808,184.34351780562494,2806300
2022-02-22,181.9980926513672,185.50677774807767,181.34553015569293,184.5894093745701,3420600
2022-02-23,178.6974334716797,183.8989994942685,178.3191435332804,183.80443422508674,3562100
2022-02-24,178.13003540039062,178.2718905489162,169.334655420828,170.67760373994673,5886600
2022-02-25,183.19921875,183.70991176905451,179.1798255710117,179.3689705991489,5426200
2022-02-28,183.984130859375,184.54212805562452,178.9622571089922,179.34056151584252,5787800
2022-03-01,168.3983612060547,184.2016734880928,167.1783636865102,184.10709377241528,8562500
2022-03-02,170.5262908935547,172.35157567495153,168.4362146313194,170.03450230150642,4058800
2022-03-03,170.1290740966797,173.49590432896022,169.03201283894987,172.22861689201673,3339900
2022-03-04,163.56564331054688,167.2351171810507,161.5512279925608,167.03650553687993,5348600
2022-03-07,150.49551391601562,161.49445322098376,150.44822406029542,160.89864721759056,7760400
2022-03-08,151.36558532714844,157.2669896148848,147.27053222419244,151.81008397456924,7058900
2022-03-09,159.49899291992188,161.46613320649934,157.6642700435314,158.90318672829275,4788200
2022-03-10,160.39743041992188,161.68363676083894,155.88624881107333,156.60500566038226,3840900
2022-03-11,158.78964233398438,162.96035662614594,158.53430308161074,162.43074486158667,3000000
2022-03-14,163.41429138183594,165.23012358235724,160.50142696416742,162.03352005059313,4614600
2022-03-15,166.48794555664062,168.6253256814244,163.96282327340367,164.17088708078683,3827300
2022-03-16,170.8100128173828,172.8433469836789,166.73387785398978,169.45759781927936,5239300
2022-03-17,176.82492065429688,177.52477309992005,170.2898570542754,170.4033411797343,6398900
2022-03-18,180.3714141845703,180.63622005426663,174.8104620592725,178.45156441385325,8744100
2022-03-21,178.82986450195312,181.1090999807782,177.38288433542493,180.4187142408074,3166200
2022-03-22,180.94833374023438,183.80447096785394,179.74724057792048,180.16336825184587,3007000
2022-03-23,175.92645263671875,179.33110592287701,175.13202054886054,178.58397812347857,3664600
2022-03-24,178.64073181152344,179.0946827264001,175.62382052741768,176.48444692731005,2424400
2022-03-25,179.9552764892578,180.8820969813692,178.74473131524059,180.07822721861226,1871900
2022-03-28,179.40676879882812,179.64320365871873,176.18179384651893,179.64320365871873,3043700
2022-03-29,180.5795135498047,183.47347428893278,180.03098287435344,181.8940909584557,2764100
2022-03-30,179.46351623535156,181.6765575576968,178.17730998176145,181.0050761859121,2278000
2022-03-31,176.85328674316406,180.74027667074205,176.79654468202037,179.24600652698678,3801600
2022-04-01,177.01405334472656,179.14196713391266,176.17234580090428,177.98816383597574,2647000
2022-04-04,177.47744750976562,178.27186508973546,175.51976015465746,177.43960985500303,2971400
2022-04-05,175.34010314941406,180.48492850330166,174.7726680897247,177.31670973522603,2974700
2022-04-06,173.74180603027344,174.8388528584353,171.86923147171802,174.47948166939918,3143300
2022-04-07,172.98304748535156,173.81766521077677,169.87221801833195,172.15792326158882,4062400
2022-04-08,174.22547912597656,177.08972354662427,172.54676465919616,173.56158524617112,3075600
2022-04-11,168.41168212890625,173.0305030773539,168.10817945648225,171.72167312818232,4816800
2022-04-12,166.4863739013672,170.00503397066927,165.69919456851798,167.46326411913603,4348900
2022-04-13,170.32742309570312,170.7352528462437,165.02573764126424,165.2438710584566,2980600
2022-04-14,171.8164825439453,173.05891557612023,169.4643807790547,170.02396189603633,2667100
2022-04-18,174.9652557373047,176.30253705259622,171.66474426432708,171.97772592142522,2182700
2022-04-19,177.51651000976562,178.38905831218713,175.18339518350408,175.46791079270594,2713800
2022-04-20,178.74000549316406,180.34283000522615,177.96229081411377,178.61670573385055,2256200
2022-04-21,176.1602783203125,182.4957436704876,175.06010301113662,181.09208020776765,3973200
2022-04-22,171.22848510742188,175.98009923416976,171.0198451140452,175.86627849837816,4373700
2022-04-25,174.60488891601562,174.75662577893505,168.81001687648205,170.69737164181342,4408900
2022-04-26,169.43594360351562,174.42466315823773,169.33161638354002,173.7986998383841,3728100
2022-04-27,168.4685821533203,170.1567759400661,166.44843413371177,168.49703371935956,4085800
2022-04-28,172.59420776367188,174.40570120595683,168.44959921938258,171.04828637436415,2703200
2022-04-29,165.69915771484375,172.90717118412468,165.33875197624926,170.80166881871705,3210100
2022-05-02,162.7685546875,165.8604268056386,158.8705306917828,165.6422788224662,3881800
2022-05-03,163.23329162597656,165.02581280690347,161.54509768719058,164.07738859536957,3152300
2022-05-04,168.6487579345703,168.9806976422545,162.37018138841833,163.33757789360934,2930400
2022-05-05,162.18997192382812,167.6434095503917,160.59662665940087,167.52960330916142,2987100
2022-05-06,158.52906799316406,161.22260318880535,156.49944118410176,160.44488855163658,3129800
2022-05-09,152.7152099609375,157.45732913584848,152.10821928542086,156.5183843293684,4485200
2022-05-10,153.4834442138672,156.2338677842524,150.22086362412995,154.99143476855838,3014800
2022-05-11,151.1692657470703,156.43302062153526,150.83731163528125,153.3885739195047,2644300
2022-05-12,145.36495971679688,149.05432873103268,142.1498027325235,147.57478951303824,5314800
2022-05-13,150.5623016357422,151.83318625190773,147.84032953793374,147.9162051903348,3625100
2022-05-16,148.3619842529297,150.55285621663896,146.36082317027694,149.29145034849273,2811300
2022-05-17,153.50242614746094,154.36548096616994,150.23035185616345,152.762656604681,2928100
2022-05-18,148.04898071289062,152.55399436369018,147.38507238691125,152.49707677178858,2697700
2022-05-19,146.05731201171875,148.39044167508382,145.3459939337396,145.6494965934763,2768300
2022-05-20,145.3365020751953,146.81604123131973,141.98856644140545,146.38925331656108,2982500
2022-05-23,150.83734130859375,151.33052582342205,147.97311134862463,148.53267801579065,2726600
2022-05-24,147.60324096679688,149.8225497921302,145.03300539872774,149.17761390652578,2817800
2022-05-25,152.23155212402344,153.4170822882957,148.02056113684353,149.03536743212263,4381000
2022-05-26,156.84085083007812,158.1686529318281,154.3085608325161,154.3085608325161,2463900
2022-05-27,160.85272216796875,160.9285833556031,157.476320446147,158.4626895470215,2157500
2022-05-31,160.11294555664062,161.97184848001103,158.4247375338631,159.27832781124073,4123500
2022-06-01,157.21075439453125,160.6345655560035,155.38978208167586,159.99912322327285,2276400
2022-06-02,160.4164581298828,160.46388223114576,157.372010279168,157.57118571575094,1707000
2022-06-03,158.22557067871094,159.3731555638923,157.41940452554297,158.29195283044652,1390700
2022-06-06,158.40577697753906,161.47866140663157,157.69445899350077,160.37850058988812,1486000
2022-06-07,159.98965454101562,160.73890316932133,155.96833137849475,156.14853426261703,2083100
2022-06-08,157.40045166015625,159.94222100547307,156.67016113615935,158.14970024424542,2313900
2022-06-09,152.6773223876953,157.9790246199511,152.62989828373077,157.6470703640039,2273800
2022-06-10,146.45562744140625,149.73718073916302,146.3987243187991,149.14914803801972,2733300
2022-06-13,138.74497985839844,143.24051610052146,137.88192477271596,142.1308614430961,4156500
2022-06-14,137.14212036132812,139.79769606468375,135.86174213365138,138.42248411720269,3574800
2022-06-15,138.6785888671875,140.26245555811002,136.0419707263937,139.1243494027423,3327800
2022-06-16,130.4082794189453,135.24524684429508,129.45037653997034,135.23575334384023,4815100
2022-06-17,136.7437744140625,138.0526042515696,130.49366331408194,130.88252065302285,10033600
2022-06-21,137.29388427734375,141.03067800330192,136.72483843091368,141.03067800330192,3518800
2022-06-22,136.94296264648438,138.8018803508861,134.05026609025407,134.89436300615694,3419000
2022-06-23,134.34425354003906,137.17056747403,132.2766961706783,137.06624025536857,3915000
2022-06-24,138.6121368408203,138.72595754114113,133.72775990944328,134.32527155278035,8957200
2022-06-27,136.84811401367188,141.0970646184707,136.5256532764285,140.35729494041638,3151500
2022-06-28,134.8563995361328,141.79885510704182,134.53393887647923,138.54576800704143,2649300
2022-06-29,132.27670288085938,134.3727119187457,131.3093063016336,134.34426035510396,4164900
2022-06-30,131.96255493164062,133.15252174360813,127.8500371829812,130.13476765157398,4123500
2022-07-01,133.6570587158203,134.12353090825638,130.86778364368212,131.4389734905034,2625300
2022-07-05,132.94309997558594,132.94309997558594,129.13520578909194,130.62981122975333,4057000
2022-07-06,131.51510620117188,133.75224927704372,131.22952583060086,132.60035518722123,4401300
2022-07-07,134.2568359375,135.34208526281836,132.46712091730453,133.4476525653569,4258000
2022-07-08,134.95172119140625,136.23689087501225,133.00970217440312,134.93269218530816,3631800
2022-07-11,133.8284454345703,135.47535563381217,133.1239797675247,133.72372776144144,2373600
2022-07-12,132.49562072753906,135.07547444664414,130.47744222651383,130.9248707849046,4047400
2022-07-13,132.7051239013672,133.29535745492961,129.81113033351127,130.26807362823266,2753800
2022-07-14,129.92532348632812,130.64883255536944,127.67866571722924,129.18278540828334,4600200
2022-07-15,135.63717651367188,136.23692445062383,132.20055169135603,133.00022044927942,3296600
2022-07-18,135.49435424804688,139.03569589574394,134.72325824065393,137.40781524883522,3330300
2022-07-19,140.68263244628906,140.82542265052916,137.46495760176884,137.46495760176884,3372300
2022-07-20,141.77735900878906,141.9392072325561,139.34030998726317,139.81629657821614,2802300
2022-07-21,142.96734619140625,143.1101509049486,139.41648977591288,141.09197211533203,4683000
2022-07-22,145.6614532470703,153.1534942220999,145.29018418033544,151.37329398204514,9298400
2022-07-25,146.40399169921875,147.34645065188744,143.9479129606801,146.84190588127672,4213800
2022-07-26,142.6341552734375,146.12789539414328,141.69169651679445,145.39487191675425,2812700
2022-07-27,144.34771728515625,145.38536470424913,140.1971130828248,144.31915924800396,5029100
2022-07-28,144.83323669433594,145.31873791306677,140.45415311698187,144.47148214353942,3587900
2022-07-29,146.6229248046875,146.9656357575313,144.02402735980584,145.0521602183372,3197900
2022-08-01,145.96607971191406,147.33692369963705,144.5095616064486,145.4996075276036,2295600
2022-08-02,144.31918334960938,145.9375353376668,143.59567421836414,144.71901046247328,2562900
2022-08-03,147.9652099609375,148.54591428211214,145.94703111893534,146.6705401573591,2609300
2022-08-04,149.3360595703125,150.13572824976774,147.80338184646806,148.52689091235797,3693300
2022-08-05,149.94529724121094,150.449841887714,148.50782290271565,148.96476598284022,2513600
2022-08-08,149.72634887695312,153.0677696943844,149.4026814640653,151.36374399927354,3080700
2022-08-09,151.17337036132812,151.30664604882784,149.71685230295228,150.0690777929243,2997900
2022-08-10,154.63856506347656,156.32356208844467,153.87698342034125,154.0007446135647,3225400
2022-08-11,155.1621551513672,156.99945690551144,154.39104446844487,156.46635410691957,1968200
2022-08-12,157.87525939941406,158.02757862407748,155.43820990864225,156.57106053739025,1942600
2022-08-15,157.45640563964844,158.08471161413223,155.89516973472527,156.39020000486062,1852800
2022-08-16,157.4088134765625,158.00854686367828,156.08557098136276,157.07561696352784,1876000
2022-08-17,156.0284423828125,156.58058872600148,154.41009042572037,155.45726702934812,1804100
2022-08-18,156.74241638183594,157.0660983814534,155.49533353701432,156.05699436352822,1397700
2022-08-19,154.4481658935547,156.05698869866632,154.22920155818153,155.6476471190713,1895400
2022-08-22,150.12619018554688,151.5446356666693,149.44076823066516,151.34471487734544,1969300
2022-08-23,149.77395629882812,151.93493968880358,149.6501951254322,150.411776646556,2885200
2022-08-24,151.48753356933594,151.8968751636817,148.78391804185483,149.48838359547395,2029200
2022-08-25,154.43862915039062,154.533832293708,151.15432406938453,152.31573269324736,1936300
2022-08-26,149.75494384765625,155.7333360614547,149.64071167986467,155.3715960214606,2373700
2022-08-29,147.1179656982422,148.99335449469623,146.99421903149553,148.39362111871682,2693600
2022-08-30,147.23220825195312,148.62208126934783,145.5567257858845,148.16513810858422,2104500
2022-08-31,144.699951171875,148.86007011975897,144.54763194756876,148.08897401990467,3271600
2022-09-01,143.85269165039062,144.10019948886327,140.55885751030843,143.57662577386193,2425200
2022-09-02,142.59605407714844,146.58482396497953,141.77735657373233,146.10883738220176,2028500
2022-09-06,141.4632568359375,144.04309668443562,139.51170840852186,142.7960138212175,2797600
2022-09-07,144.93795776367188,145.36634291098292,141.25382516044996,141.27285417075743,1766400
2022-09-08,146.14694213867188,146.30877585329605,142.32951998597179,143.6718057981575,3399200
2022-09-09,150.8306427001953,150.97343287602993,146.88947406161228,147.0322642374469,3543500
2022-09-12,154.64810180664062,155.60007536596248,151.68746345611115,151.83978271183395,4146300
2022-09-13,147.88906860351562,152.13486169239158,147.4035528889767,150.54506791014782,3519800
2022-09-14,148.79344177246094,149.99292299847494,146.12791341091332,148.6791950895351,2840200
2022-09-15,148.631591796875,151.1638296639235,148.41262748534257,148.9171721580749,2371600
2022-09-16,145.7280731201172,146.68004641105657,143.28149478994231,146.68004641105657,6527200
2022-09-19,147.8985595703125,148.0127917080428,143.4623608929778,143.9859490675059,2472500
2022-09-20,146.10887145996094,147.1655625012237,144.82371610229185,146.20407460910434,1725900
2022-09-21,141.56800842285156,147.37503899441995,141.520406834977,147.24176326395025,2599900
2022-09-22,136.1607666015625,141.73933181306265,135.62766377331747,141.67270122251333,3249400
2022-09-23,133.52378845214844,135.14215490864112,131.4580078461348,134.0188187044625,3035600
2022-09-26,130.84872436523438,134.50429827237215,130.1347444055922,133.31433167296848,3808700
2022-09-27,130.88682556152344,133.63802805532674,129.5635831411674,132.7431707518127,2828700
2022-09-28,133.8093719482422,134.39959077780108,129.96340600001997,131.84830916851757,5269500
2022-09-29,131.1724090576172,132.2767016934298,129.31606382342613,131.74359891088892,2280700
2022-09-30,128.4307403564453,132.01015526372348,128.15465992413507,130.8011449269028,3717200
2022-10-03,133.2952880859375,134.009267967483,128.4402190810449,131.3246966404121,2677100
2022-10-04,138.47402954101562,138.55970364369983,136.16072708683313,136.16072708683313,2408800
2022-10-05,137.4364013671875,138.31221519194804,135.25638857335423,136.05604277953188,2073800
2022-10-06,135.54197692871094,138.0932586605021,135.30398357943363,136.17979736165873,2526000
2022-10-07,132.3242950439453,134.50430761403805,131.44848130907187,133.6760954516387,2579600
2022-10-10,130.9058380126953,133.63801115196242,130.0871404264344,133.28577116741207,2893400
2022-10-11,130.75352478027344,132.52419551263318,128.8876509175669,129.82058058594103,2588700
2022-10-12,130.17283630371094,131.80070253758905,129.57308846704007,130.71545353968364,2397400
2022-10-13,135.2662353515625,136.22184278664042,124.85010556036578,125.51904243005015,5232300
2022-10-14,130.73663330078125,137.4927839584432,130.096378155041,136.61362698602034,3871900
2022-10-17,135.25668334960938,135.9065040521967,133.87105534770734,134.33930828660976,3139300
2022-10-18,139.50912475585938,140.52206623184065,137.1774404473833,139.64290920398122,3963300
2022-10-19,137.5788116455078,140.54120070016714,136.2696340488926,138.97399041677366,2803900
2022-10-20,136.0976104736328,140.78009569976345,135.8395923808646,137.60747198546505,4319300
2022-10-21,133.82327270507812,135.04646376404304,126.34087854217321,134.73111152791307,11755400
2022-10-24,135.3426971435547,137.40679829603334,134.13862234141084,135.0273449135367,4299600
2022-10-25,140.49339294433594,140.89474627089538,135.31400299481564,136.15492752509755,3889100
2022-10-26,140.3596649169922,142.8633524476809,139.9678622568934,141.00947115981478,3559100
2022-10-27,140.4456024169922,143.063971600615,139.91046467585113,141.85034627819235,2101300
2022-10-28,143.76158142089844,144.21071807113447,139.56646546469892,140.05381999560078,3383100
2022-10-31,141.85992431640625,143.62780394742515,141.73570526214576,143.34111879355552,3042900
2022-11-01,140.5507354736328,143.94314459551555,140.12071506807843,143.3028893994392,2675500
2022-11-02,137.129638671875,142.41414553222964,137.00540506486695,140.07291071508925,2851600
2022-11-03,133.12567138671875,135.887376331063,132.60964978008195,134.82665147942006,3960500
2022-11-04,138.29554748535156,139.86274352980976,134.74068567548503,136.0785306226751,3322100
2022-11-07,140.45513916015625,140.99027684765107,137.3780828756527,139.7097667266587,2918000
2022-11-08,143.53221130371094,144.62160302545317,140.60805534437185,140.89474044617978,3846000
2022-11-09,139.38485717773438,142.83459951545433,139.19373866717584,142.83459951545433,2425500
2022-11-10,147.8802490234375,148.87407432964767,144.59295714830736,146.0072520545568,4701600
2022-11-11,148.0140380859375,151.82691707977494,147.83247033650534,149.5430158461332,3714600
2022-11-14,147.28775024414062,149.5525347626745,146.2652434866228,146.56147940136998,3666500
2022-11-15,147.0584259033203,150.3648340063439,145.558129829901,149.9921476942221,2916900
2022-11-16,145.79702758789062,148.98875279495624,145.10898909540307,147.36422313602077,2635300
2022-11-17,143.9527130126953,144.35406641235681,142.59575211438835,143.34112479681875,2769600
2022-11-18,145.73013305664062,146.93419316898056,144.23938779905438,145.49123119917073,2631300
2022-11-21,146.0263671875,146.64752075794487,145.14721011285425,145.49122936653407,2003500
2022-11-22,147.71778869628906,148.2624773137192,146.48504702596975,147.25910124244086,2124600
2022-11-23,147.0966796875,148.10963605261608,146.09330331247853,147.00112767062046,1404400
2022-11-25,147.30686950683594,147.6126708627645,146.37037837177436,146.7048467821448,665800
2022-11-28,144.1724853515625,146.95330641556916,143.69468164632747,145.91169783769567,1782900
2022-11-29,147.56484985351562,147.61263312584015,143.84753873662441,144.25845738092636,2655700
2022-11-30,150.59414672851562,150.59414672851562,144.7553857042832,147.0106194529575,3914700
2022-12-01,150.50814819335938,151.81732551476784,147.8802281455388,150.71838296369782,2670300
2022-12-02,149.7914581298828,150.29792887921573,148.1191452002031,148.32937999216148,2285400
2022-12-05,149.15122985839844,152.37162267265137,148.64475901762316,149.0365616171404,3013100
2022-12-06,147.8324432373047,151.31085315177972,146.51371510682017,148.83583379716305,3285100
2022-12-07,147.89938354492188,150.02083345735423,147.4597976592246,147.6986995450263,2879800
2022-12-08,147.2781982421875,149.4760980355067,146.63794307560252,148.9696273129632,1632400
2022-12-09,147.06796264648438,148.25292098815103,145.84478642733652,147.1539783882858,1761200
2022-12-12,150.32659912109375,150.75661953870213,147.16354093150105,147.41199360844075,2773900
2022-12-13,150.5272674560547,154.37836374633616,149.22764093204387,153.489641366281,3110500
2022-12-14,147.26866149902344,151.5784457554584,147.01064341034095,150.5750696199162,3556200
2022-12-15,143.5513458251953,145.5198947503034,139.967818049466,144.91785741792907,4282200
2022-12-16,139.8053436279297,141.99367781518316,137.75077929104543,141.99367781518316,4510600
2022-12-19,138.57260131835938,140.2258123504688,137.28254028673229,139.55687561398508,2546000
2022-12-20,139.2319793701172,139.99646811913166,137.84635171457163,138.55350635915678,1607800
2022-12-21,140.56983947753906,141.21964544160684,139.87223565084193,140.53160701999965,2107100
2022-12-22,138.85931396484375,140.18760771545305,136.3842942091939,139.56646871563467,2901100
2022-12-23,140.49339294433594,140.6080611572356,138.1043746328555,138.782847667726,1671800
2022-12-27,139.89138793945312,141.29613219721827,139.20334934049004,140.75142889745,1858500
2022-12-28,137.61700439453125,140.3022732021771,137.55011946471228,139.71935215587825,1490200
2022-12-29,140.78009033203125,141.06676088927406,137.9897038692985,138.63952448900986,1758500
2022-12-30,141.1909942626953,141.36299659672954,139.26066321942187,139.52823212663856,2247200
2023-01-03,140.58897399902344,143.7711487976967,139.2606801264313,142.90154245296154,2762200
2023-01-04,143.8571319580078,145.2141073012141,141.96503338383366,141.96503338383366,2620400
2023-01-05,140.41461181640625,142.61054623541168,140.02146583961914,141.11463376815172,2505700
2023-01-06,144.00094604492188,144.25025985864875,139.5036110462513,141.67077857830807,3077400
2023-01-09,144.2215118408203,146.18730008151863,143.93384764672786,145.1324972286228,3219400
2023-01-10,145.75579833984375,145.92839686717153,143.14753551478498,144.32700268071954,2198400
2023-01-11,147.59693908691406,147.77913619647887,146.01472721366628,146.04349363812855,3113600
2023-01-12,148.55584716796875,149.35175232302066,146.1393652806266,148.4024164950048,3322400
2023-01-13,149.361328125,149.83120404839906,146.04347413644624,146.94486100111396,2391300
2023-01-17,147.43392944335938,149.6873969819427,147.06953521194012,149.15038956597266,3073400
2023-01-18,144.24070739746094,148.40241561112967,144.14482420139527,148.14351781299357,2762400
2023-01-19,140.81732177734375,141.92007325049704,138.27617655145932,140.58717585051696,3852300
2023-01-20,145.3722381591797,145.54483668871217,141.65162489285925,141.8817708975232,3954800
2023-01-23,147.67361450195312,148.69006691001016,145.3242644703578,145.7557753525771,3608700
2023-01-24,148.9490203857422,150.233969458661,146.38870617079303,146.63802006149268,2348500
2023-01-25,150.329833984375,150.6079142380769,147.0694984742139,147.18457877915287,2916500
2023-01-26,149.47640991210938,151.72986246402664,147.9517164444066,151.17368727328503,3640300
2023-01-27,165.23146057128906,168.3287672816488,158.7012193836834,159.9478179910337,13997300
2023-01-30,165.5670623779297,170.55344139353255,165.42321565812406,167.60955118521113,10240700
2023-01-31,167.74378967285156,168.10818378367338,164.83826461011748,165.80678271899626,5170900
2023-02-01,166.47802734375,167.92599062878068,164.86703485549563,166.25747993931716,3725200
2023-02-02,166.01776123046875,168.0218997576486,164.05197305066233,167.00544728479957,6895500
2023-02-03,171.5123748779297,172.98910474989313,164.17664516468844,164.5122582741581,5305100
2023-02-06,169.2301483154297,170.4479804584087,168.4726081736742,169.4794768074142,3397800
2023-02-07,171.3589630126953,171.67540829824392,167.57123278038793,167.85891164288256,3526300
2023-02-08,171.64662170410156,172.70143919863983,170.572636351083,172.365811459845,2926500
2023-02-09,172.00143432617188,174.6001133388695,171.14799631682735,171.79047080638293,3557900
2023-02-10,171.88633728027344,172.34661458859628,169.23972446747732,171.23427897947874,2586200
2023-02-13,173.8809051513672,173.92885406115698,170.9561972376255,171.8767665569494,3102400
2023-02-14,173.58367919921875,174.6672487040548,171.44527735121702,172.90283965253687,2325900
2023-02-15,173.24801635742188,173.31514775817635,171.1671624133295,171.56990692199707,1501200
2023-02-16,170.63018798828125,172.49049470252822,170.3808594810391,172.106918011369,1899100
2023-02-17,170.01644897460938,170.31371171118994,167.48490180147067,168.81779946778323,2355300
2023-02-21,166.35336303710938,169.2493042377268,166.19994702607215,167.9259905478646,2713300
2023-02-22,167.52328491210938,168.78906606221827,165.82599278153782,166.43011693335842,2468800
2023-02-23,167.94520568847656,169.3452349720297,165.75886981264625,168.041103516977,2575300
2023-02-24,167.09176635742188,167.75342332571745,165.11639401448122,166.5547736387919,1667400
2023-02-27,166.18080139160156,168.47261908867682,165.96983786869467,168.31918841166186,1909000
2023-02-28,166.8424530029297,168.13698588961626,166.4492923927405,166.8616208629724,2301400
2023-03-01,168.68356323242188,169.92056317285025,165.90268740083584,166.382147237459,2566500
2023-03-02,168.13697814941406,168.60685407400604,165.56708035438916,166.8903796021758,1795000
2023-03-03,171.73292541503906,172.0206042511847,168.03149479091402,168.7794509857206,2875600
2023-03-06,171.7041473388672,173.10417644269623,171.12880433758522,171.22468752182266,2730700
2023-03-07,168.1177978515625,171.55071727732116,167.8876518710846,171.33016985766682,2906400
2023-03-08,167.64793395996094,168.98083176605576,166.43970039787433,168.60685366598466,2101400
2023-03-09,165.04925537109375,172.864459766316,164.8958393381799,172.2219853181316,4349400
2023-03-10,158.8929901123047,163.8122528167899,158.06831859152095,163.8122528167899,5104300
2023-03-13,151.15447998046875,155.33536943398468,150.95310045472047,154.85590970138858,6123200
2023-03-14,157.1765594482422,157.56972010672388,154.27103341186915,154.86555904921295,5284000
2023-03-15,153.2449493408203,153.3887960697592,149.5243363579515,151.4230078298841,6100800
2023-03-16,154.12718200683594,155.26829895918198,149.6873930910116,151.56686778620633,4737300
2023-03-17,150.09010314941406,152.13259199205658,148.53664341394034,151.72026357843632,7447200
2023-03-20,152.2189178466797,154.08880832793292,151.09698355792773,151.86410760934714,3054300
2023-03-21,157.7998046875,157.80940324780644,155.0572940870188,156.24635964083325,3986800
2023-03-22,156.06417846679688,159.9190396908499,155.82444854595693,157.8669521537382,4367300
2023-03-23,156.0737762451172,159.41082757432397,154.21348418516953,155.98747697762593,3727500
2023-03-24,153.21620178222656,154.10800478917878,151.33672720113398,153.92580768926624,2588700
2023-03-27,156.41897583007812,157.7135232699831,155.18197586266388,157.21488093207003,3984300
2023-03-28,152.6696014404297,155.9107398551767,151.69149931633385,155.54636034380957,4883700
2023-03-29,156.86965942382812,157.4450170570437,154.4627764098462,155.0573019007372,3884800
2023-03-30,155.73814392089844,158.18339195561688,155.16278627792258,157.2244723052922,2644800
2023-03-31,158.17379760742188,158.2984618475092,155.1052575710468,156.94638159287183,3594300
2023-04-03,157.05186462402344,158.45189380026875,155.99704711918432,157.36830987547518,2704400
2023-04-04,155.88197326660156,158.4039365847041,154.2230463977427,158.2313234420744,2063500
2023-04-05,155.03501892089844,155.53550856147146,154.17841927696216,154.5345292803254,2346800
2023-04-06,152.86944580078125,154.7558828974122,152.2919566648239,154.6018985224945,3754500
2023-04-10,155.09278869628906,155.12166169092887,151.87813467965185,152.10911863677038,2372600
2023-04-11,155.7568359375,156.47868989307915,154.30350859395028,155.60283690229895,2742300
2023-04-12,153.3121795654297,157.09470268397928,152.9079430320096,157.09470268397928,2817600
2023-04-13,156.20924377441406,156.32473574089607,153.01382896424712,153.80306323163555,2729000
2023-04-14,157.09469604492188,158.58653072488454,155.4007504498703,158.07642169097247,2618100
2023-04-17,157.56631469726562,157.5951876855093,154.8521363130874,155.86273496009332,2622300
2023-04-18,158.23040771484375,158.85602339292012,157.15244366003486,158.42291388419574,2444500
2023-04-19,158.7598114013672,160.29977303783136,157.59522808060638,158.201575675303,3768600
2023-04-20,157.15248107910156,157.6048442497036,148.23035845586313,153.0331006760481,10832400
2023-04-21,157.63368225097656,158.5865349344501,155.1793754137816,156.90220872859302,3882500
2023-04-24,154.56338500976562,158.1341628239561,154.38051296808453,158.0667827302175,2473500
2023-04-25,150.26113891601562,153.27368127582716,150.11677397609057,152.94644428789124,3421300
2023-04-26,149.8761749267578,151.3583756802201,149.26019329482847,149.92430147487866,2789100
2023-04-27,152.50369262695312,152.74431063825665,150.05902009401862,150.66536749591617,2143500
2023-04-28,155.2852325439453,155.32373964908325,150.9926155489915,151.39685203599447,2380100
2023-05-01,153.34103393554688,155.77608672765203,152.72503780565978,155.77608672765203,1803600
2023-05-02,147.4988555908203,152.40746938380403,146.20914644671097,152.40746938380403,4925600
2023-05-03,146.49790954589844,149.16394713914863,146.14178482216226,147.5084936726556,2655300
2023-05-04,143.22549438476562,145.5739290444251,141.86840497610254,145.36218397274033,3997900
2023-05-05,146.92137145996094,147.56624074024455,145.44879020890107,145.61240871611218,2223200
2023-05-08,147.29673767089844,148.7789530695112,147.21011869837383,147.65286236821095,2271600
2023-05-09,147.6239776611328,147.96083408960268,146.180269488996,146.29576144319608,2322700
2023-05-10,143.10035705566406,148.86557071629665,142.39775647451023,147.84535255255437,4602600
2023-05-11,142.43624877929688,142.92710425436553,140.79041505627626,142.41699522552207,2900300
2023-05-12,142.37850952148438,143.7163600160174,141.57003637530843,143.7163600160174,2320000
2023-05-15,144.3708038330078,144.57292942028337,142.37847969075665,142.61909769714498,2271900
2023-05-16,142.84048461914062,146.69037293109972,142.80197751177232,144.55368374306974,1960200
2023-05-17,146.3824005126953,147.15238124748095,143.6971094056386,144.19759908617343,2446500
2023-05-18,147.72019958496094,148.3361810822562,145.3910190893708,146.5363631279723,2629800
2023-05-19,147.21011352539062,149.1061848502106,146.43051342774416,148.76932840684316,2258600
2023-05-22,149.67404174804688,150.04940530659545,147.52773292281586,147.90309648136443,2483800
2023-05-23,146.83474731445312,149.91465522492422,146.7770013358442,148.67307262635407,2928400
2023-05-24,145.06382751464844,146.00704626487024,144.48633825507318,145.81455474039913,2308400
2023-05-25,145.41029357910156,145.8145301180799,143.7644597475418,143.9858389151552,3234300
2023-05-26,151.33914184570312,152.311233530984,146.80589108723026,147.07538214228163,4015400
2023-05-30,152.08018493652344,152.98491090386509,150.78085663789645,151.25245848620622,3268200
2023-05-31,152.6095733642578,153.6105525694767,150.395884603727,151.75297378529714,5588500
2023-06-01,156.61346435546875,157.83580805854297,152.29195925477902,153.09081287577027,4087200
2023-06-02,162.23428344726562,163.47588059343016,158.31702991182038,158.79826592806697,4820500
2023-06-05,161.14671325683594,161.9263280745342,159.60676654986813,161.9263280745342,2870900
2023-06-06,165.37196350097656,166.17080242126605,161.2140769738471,161.55094808377834,3631500
2023-06-07,165.11212158203125,167.13330454622528,164.294014274468,167.13330454622528,2789000
2023-06-08,164.7174835205078,165.09284707237487,163.19677575787318,164.24586687896834,2354400
2023-06-09,165.2757110595703,165.7569471121113,164.52498399249907,165.48745609758106,2200900
2023-06-12,167.12368774414062,167.40279824615578,165.4778536673538,165.55485321284527,2609600
2023-06-13,168.56736755371094,169.5105861250301,167.67227552592175,167.8647670138825,2480400
2023-06-14,167.9224853515625,170.3960306713383,166.88301386428068,169.41431983848054,2326100
2023-06-15,167.2873077392578,167.98028896860166,163.2064345955238,164.97738009888616,2797600
2023-06-16,165.747314453125,168.02836846059353,165.11207938977807,167.6626243902742,4616900
2023-06-20,163.0524139404297,164.79448621937033,162.01294223387816,164.58274116695281,2865700
2023-06-21,161.6183319091797,162.75405675496592,160.68473268961455,162.75405675496592,2813600
2023-06-22,161.945556640625,162.1765552407449,159.02926723759813,161.00233805758089,2755900
2023-06-23,161.76268005371094,162.2727890513197,159.5201184764131,159.7703559155291,4214400
2023-06-26,160.83872985839844,164.10151002751076,160.79060331118765,162.2054386194555,2507100
2023-06-27,161.8782196044922,162.06109169254074,159.9436408689911,160.10727408494333,2433900
2023-06-28,163.4085235595703,163.4951425300392,160.9253436030097,160.9830895833223,2289000
2023-06-29,165.6221923828125,165.84355684253106,163.92824685920624,164.17848430557686,2899200
2023-06-30,167.66262817382812,168.5192277108872,166.8252821898934,167.70113528007684,3371300
2023-07-03,168.85610961914062,169.7127092110703,167.18140285783775,167.75889199929637,1700200
2023-07-05,168.98121643066406,169.94368843260807,167.50862075642507,167.83587239856553,2487800
2023-07-06,165.08917236328125,166.41227612371173,162.47192210528723,165.8617933988289,3157300
2023-07-07,163.98822021484375,165.69764215357637,162.89689226292364,163.3411542236903,2145300
2023-07-10,165.83282470703125,165.94871270689262,163.65016913283634,164.04613944772385,1865600
2023-07-11,168.6625213623047,169.57034993770776,166.42193665855152,166.59576864795892,2281900
2023-07-12,168.36312866210938,171.82059612359984,168.34380908508444,170.94173957545854,2305800
2023-07-13,168.27622985839844,170.07256755569358,167.9478559615115,169.41583449844066,2080400
2023-07-14,167.45533752441406,169.64764580611939,166.61511994262705,169.35791103209957,1829500
2023-07-17,169.3868408203125,170.22705819269586,166.92411795970165,167.02070110581153,2144100
2023-07-18,171.94613647460938,172.33245433237968,168.45969701702444,169.1936935785283,2685700
2023-07-19,171.0576629638672,172.67050167100874,170.27538940244455,172.14899087556782,2749100
2023-07-20,171.04795837402344,171.1541939324656,168.09269704929187,169.5510081365269,3940700
2023-07-21,164.39381408691406,167.40701990038352,161.68964784421354,166.27706772033247,9102100
2023-07-24,162.04698181152344,163.21557316857465,161.21641676688523,161.85383023436773,4979900
2023-07-25,160.80116271972656,163.16730300763723,160.72389913141845,161.62207545104295,3286700
2023-07-26,162.0083465576172,162.66506482333767,160.37618857722634,160.4824241480364,2352000
2023-07-27,158.0004119873047,162.7713165163159,157.585122083361,162.76166409492973,3944200
2023-07-28,159.76776123046875,160.87840861164025,159.00480732669928,159.63255364993285,2925900
2023-07-31,163.09967041015625,163.2059059784564,160.81077948160222,160.81077948160222,3345900
2023-08-01,163.84332275390625,163.9978499133283,161.53512672992795,162.20151221047968,2340100
2023-08-02,161.04258728027344,162.0083599176364,160.36654938142357,161.55444559915412,2236200
2023-08-03,160.7142333984375,160.9556765657076,159.38146239941966,160.16373590353138,1708700
2023-08-04,159.7484588623047,162.34638966961126,159.41043253746864,160.83011952334604,2256000
2023-08-07,161.24542236328125,161.60275355964072,160.45348164683628,161.13918677294163,2027200
2023-08-08,160.19271850585938,160.30862125465376,157.99075785355714,159.2559177759344,2102900
2023-08-09,158.21287536621094,160.59832014509678,157.90382105880454,160.26030857495658,2445200
2023-08-10,157.94244384765625,160.8011372155573,157.15051798201765,159.07241075298452,2556000
2023-08-11,159.61322021484375,160.10575886930985,157.03460948878285,157.1022058986813,2102500
2023-08-14,160.3955078125,160.78181094015636,158.1645755667671,158.7054058400939,1827300
2023-08-15,156.36825561523438,159.1689904471255,156.16543687165984,158.76336769649777,2447600
2023-08-16,155.25758361816406,157.3822949323313,155.14169563248913,155.75013703032056,1994900
2023-08-17,155.08375549316406,157.04427256098126,154.8906039334001,156.36823473354764,2473000
2023-08-18,154.74574279785156,155.2962402648579,153.49990260194775,153.7799701777175,2139500
2023-08-21,155.37347412109375,156.11710828605052,154.60085322547886,155.37347412109375,2070500
2023-08-22,153.6351318359375,155.74050937107685,153.18121746156842,155.2576229929415,2255500
2023-08-23,153.98277282714844,154.60086665000802,153.26809585775615,153.8765372605701,2042500
2023-08-24,152.38925170898438,155.89501095436722,152.34097486831502,153.56749545711523,2468600
2023-08-25,152.901123046875,154.1759351987204,151.94500288060084,153.01701104162817,2969200
2023-08-28,153.7413330078125,155.4024629556137,153.32604315260247,153.5385142903342,2509900
2023-08-29,154.7554168701172,155.2865800457075,152.88181554549868,153.45161788007238,2175800
2023-08-30,154.68777465820312,156.3199324893615,154.63948308742857,154.78435779975223,3039900
2023-08-31,152.58241271972656,155.43143883674952,152.34096957868192,155.1610236977011,3653900
2023-09-01,154.1566162109375,154.67814166236374,153.27777435316108,153.62545307527182,2195500
2023-09-05,154.52362060546875,156.31995828446816,153.89587429136736,154.62985618409584,4151000
2023-09-06,152.59205627441406,154.36907415249078,151.49107620467967,153.62543993157368,2949200
2023-09-07,151.413818359375,152.23473091687063,150.72812810517848,151.87738505454502,2617400
2023-09-08,152.0415802001953,152.38925894133337,151.34623745444028,151.64562461609674,1931300
2023-09-11,152.42788696289062,153.7123662533455,152.01259709351592,152.94939766823472,2611100
2023-09-12,153.07496643066406,154.2532102534054,152.06090219154785,152.2540537760173,2659000
2023-09-13,153.69302368164062,155.19962631225397,153.19081789259693,153.8861752200366,2976700
2023-09-14,156.24267578125,156.4165224963652,154.52360188915466,155.0740992944139,3209900
2023-09-15,158.14524841308594,158.7053982369161,156.2813145434868,156.48411851800864,7273600
2023-09-18,154.1663055419922,158.3384360708795,153.89589035662553,158.1839088973779,2413400
2023-09-19,153.89584350585938,154.39803456207326,153.02663947191775,153.60610882787884,2230700
2023-09-20,151.84841918945312,154.71676494159593,151.51040762711355,154.5236133721847,1969700
2023-09-21,149.41470336914062,151.50076123584202,149.15394060960713,150.49636409532076,2712100
2023-09-22,147.8404541015625,149.73335992392936,147.68592696685374,149.69473550851149,2380600
2023-09-25,147.98532104492188,148.06258461591264,146.55598182289108,147.00024367195817,2434400
2023-09-26,145.94757080078125,147.72460383054295,145.02043722888357,146.55601233869828,2332100
2023-09-27,144.7693328857422,146.31457521830043,143.87117127971536,146.31457521830043,3705400
2023-09-28,145.08804321289062,145.71580437305286,143.91946638060477,144.64379597858346,3489800
2023-09-29,144.0836181640625,146.4980496910787,143.5814122802174,146.26625895933776,3579400
2023-10-02,144.3636932373047,144.7693159865344,143.00196498507682,143.3399765745076,2657600
2023-10-03,140.08531188964844,144.07394251639784,139.37063489461968,143.41722425327927,4184100
2023-10-04,141.6112518310547,141.89131942230034,139.45756815885323,140.9062271691039,3476700
2023-10-05,142.63917541503906,143.07555582998654,140.38938437947374,141.17487208579334,2706200
2023-10-06,144.8016815185547,145.80051320813803,141.71789854519662,142.27065782041922,3204600
2023-10-09,144.31680297851562,144.9277294935952,142.959157262308,143.1337182645216,2279400
2023-10-10,146.3629608154297,147.13875635640065,144.4913683150163,144.97623867848952,2909100
2023-10-11,146.9254150390625,148.1860809677577,145.22836873426075,146.84783400376608,1727000
2023-10-12,146.70237731933594,148.098806346336,145.5677824341657,147.88546220070714,2377200
2023-10-13,146.52783203125,149.47583737614343,145.87809271270564,148.2927524871684,2951500
2023-10-16,148.1666717529297,148.7679210355885,146.6344945023652,147.75938244361993,2586300
2023-10-17,149.71826171875,150.04796999584673,146.91571176929114,146.97389384206488,3919400
2023-10-18,146.94480895996094,148.942472459889,146.556918593845,148.48669314131484,2632200
2023-10-19,145.0926055908203,151.32804627818123,144.50106314424707,145.85870906604066,4642200
2023-10-20,137.2861785888672,143.46342123932234,137.16010758063203,140.32145648866194,8268100
2023-10-23,140.2147979736328,141.4366806709603,136.64615946026493,137.2183028963101,5313500
2023-10-24,140.04995727539062,142.07671189066832,139.1965806807181,141.43669424173348,3521100
2023-10-25,139.17721557617188,140.45726584637936,138.89598243393408,139.7299601846267,2841400
2023-10-26,139.00262451171875,140.52512447086895,138.6632241544215,139.03171554814227,3378000
2023-10-27,137.03407287597656,139.60389492664336,136.76254663020302,139.49722284458443,3442500
2023-10-30,138.93475341796875,139.50689687631927,137.44134446236217,138.4013930766807,3303300
2023-10-31,141.61122131347656,142.24154679657522,138.74079736952666,138.99292460335263,3737200
2023-11-01,142.01852416992188,142.37733829500732,140.74816620601263,142.05732208472142,2332600
2023-11-02,146.28536987304688,146.34355193930642,143.84161951067938,143.84161951067938,3108400
2023-11-03,148.13758850097656,149.22370817994667,147.78848124649852,147.96304227227216,2667700
2023-11-06,148.36062622070312,148.43820724775006,146.92539941593665,147.98242796201674,2490000
2023-11-07,148.35092163085938,149.13640919584887,147.73999507868317,148.34122955122956,1583300
2023-11-08,148.38003540039062,149.14613892349664,147.81758395725734,148.34125227886128,1804500
2023-11-09,147.7593536376953,149.49519740011183,147.44904437555536,149.02971131130357,2052900
2023-11-10,149.7085723876953,149.80553757840906,147.4975647992882,148.409108617927,2088100
2023-11-13,149.6697540283203,150.56191356518525,148.8551755116697,149.41762681042368,1753600
2023-11-14,152.16200256347656,153.14143525196982,151.30862609219218,151.86138534211068,2968600
2023-11-15,154.6057586669922,154.61546554449095,152.2492957776135,152.7632571846896,3272600
2023-11-16,154.23727416992188,155.25550494933609,153.1899523508447,154.8191097602514,3749100
2023-11-17,157.64102172851562,157.6604206827297,155.0712151851466,155.0712151851466,2975800
2023-11-20,158.89202880859375,159.66780957583163,157.83500013865333,157.98047013031265,3242900
2023-11-21,157.37921142578125,159.15383867942433,156.83615900223185,158.69805936743063,2759700
2023-11-22,158.8338165283203,159.6968851256722,157.92227273551993,158.33925411761356,2527500
2023-11-24,159.44476318359375,160.22055869845934,159.00838283056584,159.58052628891508,950700
2023-11-27,159.07627868652344,159.54176493718754,158.3780789046687,158.80475243883808,2146400
2023-11-28,160.64724731445312,160.95755664282063,158.65927592744993,158.9598931757983,2117800
2023-11-29,162.3636932373047,163.61466714176387,161.36486140816882,161.36486140816882,2720200
2023-11-30,165.60263061523438,165.9905209931146,162.46066528495473,162.91644461735217,4253100
2023-12-01,168.50213623046875,169.06458760385698,165.15653382401533,165.50564106277116,3412000
2023-12-04,168.007568359375,170.0052317397247,167.43542492462788,167.62937009607643,3631000
2023-12-05,165.51535034179688,167.48393775175072,160.90908160579468,166.8923952800866,6452500
2023-12-06,162.44125366210938,167.16390076833224,162.12123746662724,166.53356045708497,3890700
2023-12-07,163.5176544189453,164.0995046948615,162.66429275721995,163.36250716949255,2797100
2023-12-08,163.33340454101562,164.01223480858425,162.49944181801953,163.24613143703706,2681300
2023-12-11,163.2946319580078,164.38073678085243,162.7806705831211,163.30432403783018,2811400
2023-12-12,165.86444091796875,165.903238831883,162.69339951917001,163.29463401122322,2946200
2023-12-13,169.27793884277344,169.37491883424678,165.0013786878022,166.02931628738457,3207700
2023-12-14,173.44781494140625,174.45633871652598,170.28646571853838,170.4222288189789,4548100
2023-12-15,175.04788208007812,175.6976065498607,172.1289680059084,172.16775112179127,7139200
2023-12-18,177.22979736328125,177.30737839158436,175.5521501677971,175.89156531698976,2814400
2023-12-19,180.1293182373047,180.148717192676,177.6467846442029,177.66618359957423,3978300
2023-12-20,175.18365478515625,180.0323583750811,175.07698271429516,179.74144799734083,4020700
2023-12-21,179.19837951660156,179.60568363673684,176.32795529773347,176.32795529773347,3496800
2023-12-22,179.9547882080078,180.73056892779385,179.0432295854836,180.02266236230815,2782600
2023-12-26,180.33297729492188,180.5463066240399,179.5280907819598,180.33297729492188,1230000
2023-12-27,181.39968872070312,181.46757767070417,180.00325977791792,180.50752907327222,1825400
2023-12-28,182.11732482910156,182.37915898774884,181.34152923126499,181.45789339196585,1486100
2023-12-29,181.67120361328125,182.60216111618692,180.88571608114668,182.0688008174945,1915000
2024-01-02,182.6118621826172,183.02885836286913,180.4396525640449,180.84694186752722,2236600
2024-01-03,180.6820831298828,181.8166779029247,179.97416180886253,181.0311755550638,2720500
2024-01-04,182.06356811523438,183.45478510705922,180.72099777324053,180.96421617752213,2777500
2024-01-05,183.9314727783203,184.36926291110757,181.460380469009,181.75224550582465,2243300
2024-01-08,184.0774383544922,184.19417844752715,181.32420401637992,183.1142880523303,3442100
2024-01-09,181.70359802246094,182.89050494714124,181.28525467448065,182.73484161557312,2055500
2024-01-10,179.9524383544922,181.05179031790576,178.6876996536854,180.01080839770464,2757800
2024-01-11,180.01080322265625,180.33185329596873,177.1019057789146,179.99134159385372,3493300
2024-01-12,177.10189819335938,181.35336578978826,177.0143431348079,180.78909733766878,3366300
2024-01-16,176.0609588623047,176.236069006928,173.96928629552662,176.0998672794849,4142900
2024-01-17,176.0901336669922,176.6738638049429,174.14438633365526,174.58217651468124,2377600
2024-01-18,174.9129638671875,175.30212227163514,172.9866780110161,175.21456719746266,3215200
2024-01-19,178.20126342773438,178.40557342453266,174.54326387378174,176.09012940356268,3388900
2024-01-22,179.99136352539062,181.70363079169303,179.06713645044331,179.2617082275572,3145100
2024-01-23,180.43890380859375,180.97398736441076,179.79680354161331,180.64319899225734,2327600
2024-01-24,180.77938842773438,183.30885100604155,180.69181851729536,182.014927272596,3052500
2024-01-25,182.9683380126953,183.22127979477432,181.37281111922428,181.38254935556702,3472500
2024-01-26,195.96591186523438,199.2153208012577,187.0446632015742,187.31706660772622,13555400
2024-01-29,195.411376953125,197.39603241367965,193.66993987397947,196.43289712401761,4935500
2024-01-30,198.61215209960938,198.89429377463395,194.9736141055432,195.06116917232708,4284600
2024-01-31,195.29464721679688,199.7504099814271,195.21681554924191,196.90960607272584,3495000
2024-02-01,197.70736694335938,197.9505853344574,194.45797280105904,194.92494795540296,3028300
2024-02-02,200.81082153320312,201.35562831486416,197.49331935467322,197.87273942367796,3393000
2024-02-05,200.3535919189453,201.11243214071808,197.90194628597854,199.9158017671338,3099300
2024-02-06,200.07144165039062,201.46265856034586,198.46620621454548,199.8671465159454,3255300
2024-02-07,203.40841674804688,203.47651018160963,200.02282073202682,201.46266952242357,3272100
2024-02-08,205.4806671142578,205.6071306046854,202.3090892526695,202.60095434074282,4136600
2024-02-09,206.7064208984375,208.43813443332778,204.70230398805015,205.81137911539415,4785100
2024-02-12,206.5021514892578,208.20468034282644,205.8697895673103,206.49242809710617,4041400
2024-02-13,203.98240661621094,205.2471452694364,201.97828936865469,204.51749006698398,3381700
2024-02-14,205.17906188964844,205.5584820471705,203.1554976127808,205.42228031997988,2770800
2024-02-15,206.76483154296875,207.33882342230623,204.9358243669119,205.73358786961705,2644500
2024-02-16,206.7940216064453,208.47708887201185,206.12273640972182,206.7648365844029,2831300
2024-02-20,206.72589111328125,207.9517063539509,204.57583419069707,205.27630428390006,3341700
2024-02-21,205.16932678222656,206.9205023496026,203.42788945222767,205.86007361667384,2599400
2024-02-22,208.18521118164062,209.70289150708487,206.7161626566009,206.7161626566009,3027800
2024-02-23,208.73977661132812,210.45204380694082,208.4479115352692,209.1678434102313,2617000
2024-02-26,211.0746612548828,211.63891487529682,207.46529369335053,207.6306804227647,2684500
2024-02-27,212.0669708251953,212.16426411748026,210.43255039788804,211.5318874073725,2428100
2024-02-28,212.11563110351562,213.2538914410163,210.8800774674772,211.28868260056413,2599200
2024-02-29,213.4679412841797,213.77926798761098,211.74595071240185,213.04961272692748,5186500
2024-03-01,213.70143127441406,214.40190149574877,212.5047859867908,213.3609195561719,2342800
2024-03-04,212.97177124023438,213.62359479503291,211.34707404934124,213.12743458477917,2625300
2024-03-05,211.3081512451172,212.96203346105938,210.257445934491,211.54164626243642,2672300
2024-03-06,212.52426147460938,213.34147183782983,211.37627760887705,211.71677450444813,2727900
2024-03-07,217.35943603515625,218.5949897666338,214.8202351338634,215.01480690109528,2974100
2024-03-08,217.31077575683594,218.79927120789947,216.7951539258073,216.98972568083963,2242800
2024-03-11,214.21707153320312,216.328205771042,212.36860251728012,215.90013894956772,2808200
2024-03-12,216.6103057861328,217.3788842598818,213.68196153096324,215.23856526257316,2067700
2024-03-13,216.7659912109375,217.4275530599729,215.85148753881865,217.08704131997123,2693100
2024-03-14,214.48944091796875,218.20581030105262,213.15660885411015,218.19608690933666,2417900
2024-03-15,212.53396606445312,215.58878847227274,211.3275974967315,214.98559676597566,5267900
2024-03-18,214.9758758544922,215.7152544300866,213.04959032539574,213.93489399983355,1893000
2024-03-19,215.67636108398438,215.92930288793886,213.41928709839524,215.0537225439725,1817600
2024-03-20,221.72763061523438,221.8735557204945,215.22882710497194,215.48178374725396,2249700
2024-03-21,222.90481567382812,225.40510818907703,222.77835218831854,222.89509228105797,3523700
2024-03-22,219.8305206298828,224.2862685620112,219.78187398191685,222.83669642878468,2284700
2024-03-25,219.89862060546875,220.83258580164394,219.12031874946828,219.22733544022927,2119500
2024-03-26,218.3712158203125,220.71582992529548,218.23501410946338,220.47261152414544,2106400
2024-03-27,221.5719757080078,221.81519412261594,219.03277486570394,221.03689222689513,2153100
2024-03-28,221.5135955810547,222.2627124205149,220.20021026400252,222.2627124205149,2295800
2024-04-01,221.4357452392578,222.36971036183513,220.67690507179523,221.27035852018233,1616700
2024-04-02,219.4121856689453,220.81312605269778,218.49768209372505,220.22939594450983,1984500
2024-04-03,220.4823455810547,221.09524584581987,219.1397752817991,219.68458211486723,2070100
2024-04-04,214.2952117919922,224.14191673424094,213.92438453065571,223.61494384135912,3035300
2024-04-05,217.09600830078125,217.74008293694692,214.22689576297216,214.6953177413289,1827900
2024-04-08,218.70623779296875,219.42840019944444,217.74987182072505,218.07191661452364,1401200
2024-04-09,214.53915405273438,218.53053127720077,212.71424877067852,217.61320932333234,3503000
2024-04-10,212.40199279785156,214.20739134641204,210.32336172287668,212.26536908921065,3115000
2024-04-11,212.938720703125,213.88533308582814,209.33769224183297,212.25560220294398,3139000
2024-04-12,212.938720703125,213.0167935161266,210.90887223768252,211.76765828983378,2441200
2024-04-15,213.13392639160156,217.35952308265698,211.5920365051367,216.5397807628195,3459000
2024-04-16,213.0753173828125,214.09024893226223,211.28944110039433,212.45074984886827,4176700
2024-04-17,212.42149353027344,214.96856125862197,211.29922852776122,214.26592085832817,2256800
2024-04-18,212.25559997558594,216.1103538705325,211.94330872685657,212.99726935501863,3901500
2024-04-19,225.4691162109375,226.01562590047737,213.5632877412766,213.5632877412766,7573700
2024-04-22,227.38185119628906,229.69470045410992,222.1998895022083,226.4352388648464,5151300
2024-04-23,233.19818115234375,233.64708125133933,228.0357257778204,229.10920843344937,4684500
2024-04-24,233.35427856445312,234.74980581741062,232.23201358641933,232.5247828953003,4429200
2024-04-25,231.38299560546875,232.70043515693135,229.73374289603436,232.38815881461537,3329000
2024-04-26,229.95819091796875,231.2073260581263,228.76760666080835,230.30951110681715,2993300
2024-04-29,233.1591339111328,233.3543085118125,229.95822280920967,230.88531333058887,3696300
2024-04-30,228.38699340820312,233.83244846975134,228.13326797117097,232.14416694651683,3564300
2024-05-01,225.87901306152344,229.47027327740463,225.65454812988048,227.59657035291872,4176000
2024-05-02,226.89390563964844,228.3089399224538,225.34224766521083,227.94786621403972,2734900
2024-05-03,225.20565795898438,227.72345056261955,223.60520237654202,227.63560933334844,3203100
2024-05-06,228.6798095703125,228.91402802310864,225.7423924011393,226.69875835770566,2259600
2024-05-07,229.0018310546875,230.30951711193902,227.78197132422173,229.8215732197527,2084300
2024-05-08,230.54376220703125,231.13905441998838,227.8893459352421,228.74811715903206,2501900
2024-05-09,233.37380981445312,233.60802824908993,229.8801296748348,230.27049373256284,3166300
2024-05-10,236.45762634277344,237.66771773285032,234.51560418265757,234.70102525458657,2590800
2024-05-13,232.89561462402344,237.66770531117953,232.35888825337568,237.09193509013122,2768800
2024-05-14,235.7061767578125,236.2526715377444,232.3588887852967,232.40767126211023,2387300
2024-05-15,235.8720703125,237.01385721301892,234.4570360284825,235.80376591205814,2013400
2024-05-16,235.50125122070312,237.4823022649235,235.04258276308894,235.89160038465022,2605900
2024-05-17,236.965087890625,237.32616161939058,236.06725799116148,236.94556596475846,1848700
2024-05-20,236.45762634277344,238.51675027847952,236.26245175316748,237.24809310974086,1983200
2024-05-21,237.2188262939453,237.70677023114098,235.52077603179222,236.49666390618353,1825800
2024-05-22,234.3009033203125,237.5994089196691,233.75440852320722,237.0529141225638,2292700
2024-05-23,229.78256225585938,235.02307530327587,229.45074906612857,235.02307530327587,3272600
2024-05-24,232.4369354248047,234.28137755386632,230.9828722182345,231.14877134760118,1624200
2024-05-28,231.5293731689453,232.7199574382593,230.1924116906442,232.0173170533899,2315400
2024-05-29,230.2509765625,231.92950481823289,229.01159485127323,229.77278616598159,2711300
2024-05-30,231.5001220703125,231.59771681381014,229.3141278774232,230.67061142318414,2386300
2024-05-31,234.21307373046875,234.3984947963773,230.22169617278655,232.26129811604818,5102500
2024-06-03,231.1683349609375,235.5403086675391,227.89910447674447,234.38875318015104,2677200
2024-06-04,231.5293731689453,234.21306453339042,230.04601959079147,230.69010909206605,2512100
2024-06-05,229.03109741210938,231.9685141658425,228.06496318319185,230.55347991280468,2925100
2024-06-06,227.72341918945312,230.69986500275567,227.08908319857403,229.1286850829072,2709600
2024-06-07,227.05979919433594,228.47483344237511,226.12295530069375,226.80607374207142,2212500
2024-06-10,226.8353729248047,228.27968276500985,225.0397428649964,226.35718252035787,2933500
2024-06-11,219.11611938476562,226.05468327838108,218.8038429852107,226.05468327838108,3168100
2024-06-12,218.63787841796875,222.89274947632865,217.45706261467473,221.94613719587517,3091100
2024-06-13,216.83251953125,218.35490216492263,215.4174851546115,218.02310387622302,3011300
2024-06-14,219.39910888671875,220.19932916333323,216.00300852001382,216.04205237206324,2373800
2024-06-17,222.7659149169922,222.96108950113336,218.61839171781102,218.79404437627818,2426700
2024-06-18,223.7808074951172,223.7808074951172,221.30205927369377,222.0925259330677,2176500
2024-06-20,224.65914916992188,226.09369061409902,220.98004779501616,223.0489252781036,2968100
2024-06-21,224.82505798339844,225.53745197720485,222.0144960811181,225.53745197720485,5064300
2024-06-24,225.8887481689453,228.26014835340618,224.6591349130248,226.09367626616574,2152600
2024-06-25,225.02996826171875,225.7228551641194,223.02939525768647,225.29346214188422,3206800
2024-06-26,225.11778259277344,226.88415195661509,223.61492198591867,224.49321501850235,3151900
2024-06-27,222.89276123046875,224.77623237420292,221.88759801629834,224.24924463829154,2264200
2024-06-28,225.9668426513672,227.9674157929181,223.224600078252,223.72229753867268,3901100
2024-07-01,228.17233276367188,229.13846708291751,225.96683161298387,226.72802293449863,2792700
2024-07-02,230.28025817871094,230.49495469793402,227.35259461570578,227.91861135812414,1871700
2024-07-03,230.0265350341797,231.85144057524838,229.51906917532727,230.7974798949551,1365900
2024-07-05,230.63336181640625,231.68066420597103,228.60724995341755,230.71166717168893,2488300
2024-07-08,229.53712463378906,234.4213152424512,228.80302865703817,231.22065260195546,2638600
2024-07-09,232.70843505859375,234.12768435687,229.15540559262382,229.98738704431415,1943400
2024-07-10,233.86337280273438,234.3723501465481,230.62356525763494,231.55343202091558,2203000
2024-07-11,233.68722534179688,234.8617759480936,231.93518946989394,233.80467592186017,1868700
2024-07-12,233.56976318359375,235.16518824617896,232.19944176482386,233.90254976742423,2612200
2024-07-15,238.82589721679688,239.4719052773282,235.35117318418037,235.35117318418037,3054400
2024-07-16,244.33651733398438,244.46375048465612,238.63014263708297,238.96292923918037,3074600
2024-07-17,244.6595001220703,245.52082919769575,242.13420830999883,243.53387739240267,2471900
2024-07-18,243.91561889648438,248.34955737715782,242.50615223914326,245.4816962791347,4053300
2024-07-19,237.240234375,238.21902895209269,232.6105252719931,236.67253172805982,5750400
2024-07-22,239.55996704101562,240.401730954687,234.81280748102816,237.85685914073545,2590000
2024-07-23,241.6643829345703,243.7100750176955,239.84382436482412,241.72312315668253,2564000
2024-07-24,235.87969970703125,240.41150823546542,235.56647828780146,239.8046604047318,2838100
2024-07-25,235.08689880371094,239.7655511091456,234.31365757889577,234.91072293041947,3828800
2024-07-26,240.67579650878906,241.1651937943765,236.75083565505685,236.79976343543967,2174400
2024-07-29,242.63339233398438,242.7019151247595,239.12930588043886,241.40011651701508,2059300
2024-07-30,247.1260528564453,248.3006033724351,243.9449704523955,244.17010396050213,2498800
2024-07-31,247.67416381835938,250.80630335916698,247.0770985515789,247.74268660506144,2180700
2024-08-01,243.40664672851562,249.59263609394623,241.18479362331303,248.46702821898353,3929700
2024-08-02,227.3544158935547,239.46210071038857,225.17170804636936,239.32507005933704,6902600
2024-08-05,221.12925720214844,225.88619918904314,217.3217470989193,221.8339904546676,4890700
2024-08-06,226.218994140625,228.2353085464856,221.6969680484436,222.14722011796363,3148200
2024-08-07,223.94821166992188,231.16192322803244,223.66435286687127,229.05752077262687,2665300
2024-08-08,228.5876922607422,229.52734168091175,226.11134303145448,226.15050318053952,2239200
2024-08-09,232.80628967285156,233.28588944377242,228.147218056686,228.5681074794663,1956400
2024-08-12,232.0232696533203,233.92213362208483,230.40824955529962,233.14887750191167,1747000
2024-08-13,233.92213439941406,234.1961957014639,231.45556774574464,233.6480730973642,1913200
2024-08-14,238.59097290039062,238.9139769195265,234.43109573564848,234.72473711079206,2132500
2024-08-15,244.20925903320312,245.05102300844183,240.14726731194955,242.51594851315133,2656800
2024-08-16,246.37237548828125,246.41152069763052,243.84708383150723,244.1015650303254,2149700
2024-08-19,248.6627655029297,248.72149078796858,246.49962291427047,246.65623363118752,1653400
2024-08-20,247.7133331298828,249.2206702056912,246.91071440851604,248.8291583493103,1659700
2024-08-21,241.07708740234375,244.52244821084673,238.18964662558267,244.34625743521607,3502500
2024-08-22,242.5061798095703,243.6415852943145,240.5485903263103,241.537182573899,1981300
2024-08-23,245.97109985351562,246.82264642431977,242.74107450411822,242.74107450411822,1868200
2024-08-26,248.4963836669922,250.72803421261884,246.60730227828375,247.0673369459123,1931000
2024-08-27,249.62197875976562,251.23698383114314,248.32018018543675,248.32018018543675,2518100
2024-08-28,251.63829040527344,253.14564239474694,248.36912015205965,248.81937222215714,2557100
2024-08-29,254.32998657226562,256.0233119922312,251.38380525274965,252.5290080835644,2423500
2024-08-30,253.16519165039062,256.19946057686894,250.66927762159904,254.96616994735717,3442100
2024-09-03,248.917236328125,252.02002815357372,247.42946444994416,250.34628292371784,2970300
2024-09-04,246.40174865722656,251.13909582229962,245.34464873699912,249.58283098685942,3062600
2024-09-05,246.49961853027344,247.8014170879564,243.10320021054284,247.35117995385235,2711200
2024-09-06,238.8845977783203,248.19294359678577,238.16029936290252,245.96127826094423,3653000
2024-09-09,245.59912109375,247.78182870861954,242.28100824231666,242.98574149706528,3080800
2024-09-10,240.2157745361328,247.1456422578059,235.48819471576692,246.38218364683706,3630900
2024-09-11,248.79000854492188,249.23047807068596,238.3364892057481,239.21739838683513,3149900
2024-09-12,249.7394561767578,251.5502323055753,247.23374419011984,248.7704590038501,2279600
2024-09-13,253.50782775878906,254.6921609842082,250.32674497803208,250.79657718824208,2199200
2024-09-16,255.55349731445312,257.27618549562334,253.65463326123856,255.7688333370994,2170200
2024-09-17,259.7720642089844,261.5534774356636,255.80795828134436,255.97433662522917,2765700
2024-09-18,256.620361328125,260.70194795739786,255.46539086781993,258.79328653722064,2577400
2024-09-19,263.0510559082031,264.3724346282489,260.701954778367,262.15055170870454,2973300
2024-09-20,263.28594970703125,265.73293620528,261.28923023117756,262.70846447789745,5847200
2024-09-23,261.63177490234375,266.63343065497287,261.3870762614435,265.6056784409282,2534900
2024-09-24,260.5649108886719,262.80635896197816,257.45235112462035,262.0918281265251,2340300
2024-09-25,260.5257568359375,263.0216709741616,259.91887912768334,261.4262310886829,2116300
2024-09-26,262.4637756347656,263.2859595444444,260.6921597334741,262.60082122159963,1430600
2024-09-27,265.31207275390625,266.89771529158577,261.7492757965984,262.31696354485774,2231900
2024-09-30,265.4490661621094,265.72312741264557,261.62197628718326,264.3723862955615,2113100
2024-10-01,262.90423583984375,266.0657232844385,260.8683263420292,265.5273982019887,2429500
2024-10-02,265.1750183105469,265.6350529190243,260.60403486586944,262.90420790825664,2009500
2024-10-03,262.89447021484375,265.3512545201607,261.9646331532713,263.9222225929324,1614500
2024-10-04,270.8237609863281,271.6284769576255,264.9650873024781,267.1731296966654,2239600
2024-10-07,268.6844177246094,271.1574143997227,266.4861685093506,269.2339725413012,3287500
2024-10-08,264.0917053222656,267.41850402281824,261.19673398175826,266.1918136373925,3332800
2024-10-09,266.358642578125,266.52545569053666,263.414585809271,263.79729761600504,2087000
2024-10-10,265.42633056640625,267.81100922328085,264.8473363625864,265.87774419254686,2052800
2024-10-11,271.0102233886719,271.94248999665194,265.9464425130544,266.3193611356433,1723200
2024-10-14,271.3634948730469,272.5215132098891,269.97978470114,271.0102224624282,1399000
2024-10-15,272.1387634277344,276.1721363538582,271.7364054507786,275.3379810332665,2264600
2024-10-16,276.42724609375,276.6137053844156,272.5116608867497,273.67947225523903,2243600
2024-10-17,280.4508361816406,281.0200072917981,277.21238583563854,278.70403042830435,3571900
2024-10-18,271.6285095214844,273.99357214105447,264.0328224099058,271.63830267943604,7884400
2024-10-21,265.6912841796875,271.2064787339774,264.50385640713034,269.87185412159783,4092700
2024-10-22,267.3203430175781,267.7423172912948,263.57157028952923,265.5735372359549,2595400
2024-10-23,266.17218017578125,268.25264214328917,263.9444914127377,266.92781062292516,2051100
2024-10-24,264.9454345703125,266.1721246204498,263.69909831234094,265.19077258033997,3490600
2024-10-25,262.3645324707031,268.0760098065349,261.3831802115634,266.58433520560624,2993300
2024-10-28,266.40765380859375,266.89832985495366,262.68832099160863,264.2192278603724,2336900
2024-10-29,265.3870849609375,266.73153276779374,264.55292954874005,265.2595043751492,1749000
2024-10-30,268.968994140625,269.9405531703864,265.23004470535494,265.94644258306903,2152900
2024-10-31,265.0436096191406,268.96901872453867,263.63048989381247,268.5961300162615,2315400
2024-11-01,267.6049499511719,269.62653320919935,265.89740660372,267.22220819481515,2508300
2024-11-04,265.15155029296875,267.73251134132227,264.68049046087833,267.2516284038262,1944000
2024-11-05,270.79437255859375,271.02988754142615,266.13294884955235,266.65306440230546,1859600
2024-11-06,289.6559143066406,291.29475568323693,281.4616175781834,282.62942907335895,5380500
2024-11-07,281.471435546875,287.57544721965763,279.3418881685084,286.8688724619291,3876900
2024-11-08,282.2369079589844,284.690288539385,280.61768276561867,281.3340507280599,1814400
2024-11-11,287.50677490234375,288.6942027600063,285.01413175822626,285.07301049837514,2299500
2024-11-12,283.1299743652344,288.075968616326,282.21729392441074,286.55488446244806,2251400
2024-11-13,282.27618408203125,285.1907716019151,282.0799016467115,282.550961522382,2118100
2024-11-14,282.923828125,285.14169368713686,282.00135465836746,282.9630905986951,2979400
2024-11-15,281.5205078125,285.13187681053347,280.1662369511142,282.629440617794,2614400
2024-11-18,280.21533203125,282.158390334335,278.321299413155,281.589219202243,2074400
2024-11-19,280.22509765625,281.2751516563906,276.0641740762052,276.6333751008664,2512900
2024-11-20,282.3448791503906,282.9533128219181,279.77374075858256,280.8139718644515,2387400
2024-11-21,287.53619384765625,288.5862478865469,282.168196129762,284.41550104745977,2410300
2024-11-22,295.6814270019531,296.28989056615103,287.05536211068375,287.92875005785623,3788900
2024-11-25,299.5184631347656,300.097457274301,296.8590073552755,297.3987390256167,3478400
2024-11-26,299.871826171875,301.2457133869341,296.36839131210303,299.91105870052303,2130500
2024-11-27,298.5763854980469,302.0798197891456,297.14361977408544,301.2751038550547,1697000
2024-11-29,298.9983825683594,302.0504034984783,298.9885894112864,301.5204649223128,1326600
2024-12-02,296.62353515625,301.12793830622365,294.3173514219079,300.49985850261845,2166900
2024-12-03,296.476318359375,299.30261767390994,295.5244354130225,298.17406855902817,2128700
2024-12-04,296.9571838378906,297.86983420279313,295.10241379132174,296.36836652397227,1561200
2024-12-05,294.9258117675781,297.7717275081554,294.7197361657922,296.6431783289519,2793600
2024-12-06,298.3212585449219,299.0572727266263,295.0141062802223,296.01510473437634,1797600
2024-12-09,291.18682861328125,299.38112554702843,290.63727377219453,298.3997733381603,2377900
2024-12-10,296.476318359375,299.2928245162376,290.98076963499534,291.88359694750295,2967800
2024-12-11,296.7020263671875,298.45865522518136,293.9542521327499,297.7128179550513,2071200
2024-12-12,294.7000732421875,298.7727091013146,294.66084071449785,297.96799305626104,1668100
2024-12-13,296.5057678222656,298.6451084287442,295.6323499897581,296.8197777651349,1662000
2024-12-16,297.90911865234375,298.52737538014,295.2201930417458,298.036699240428,1813700
2024-12-17,295.7206726074219,297.3791602451547,294.1112705494905,296.69220171587745,3611500
2024-12-18,282.4135437011719,297.92872006981725,281.0887122002709,296.9571909451201,3541200
2024-12-19,287.6147155761719,291.3242260292771,285.7697984302717,287.5558368347333,3540200
2024-12-20,293.080810546875,297.0749209432985,286.5548248072304,286.89830404584126,6232400
2024-12-23,293.2279968261719,294.17011640934317,289.6853301044318,290.9512827047317,1902400
2024-12-24,297.8011474609375,297.9581674158437,292.4429725244241,293.7089253212659,862900
2024-12-26,298.3212585449219,299.20449952176216,295.3968480299856,295.8580847817934,1228900
2024-12-27,295.43609619140625,299.40076784557834,293.13973541678297,295.23984370166215,1676000
2024-12-30,291.7854919433594,294.1113222564428,288.6451822751992,291.80513815813106,2392800
2024-12-31,291.2555236816406,293.2967230512761,290.15641402502985,292.4920070710818,1231300
2025-01-02,292.86492919921875,294.73931549081925,289.1259797215133,294.4056593373893,1930100
2025-01-03,298.12750244140625,298.4717892637085,292.66820432670363,295.7667256896134,1979600
2025-01-06,296.9471435546875,300.1636994091967,295.2650941646145,299.3472752080685,2714000
2025-01-07,297.0848388671875,299.4062909554991,291.9993359346635,299.0324955330578,2058800
2025-01-08,297.9012756347656,299.2292219192196,293.9666377661048,296.9667871333968,2061300
2025-01-10,288.50732421875,296.3962927541879,288.3696274962536,295.5208213753161,2685500
2025-01-13,292.1665344238281,292.8452618815965,286.4023041522365,287.74006666563724,2202800
2025-01-14,295.45196533203125,295.6290468637843,291.88130641400636,294.7044044937119,2370900
2025-01-15,307.216552734375,308.8297387596259,299.2390583071544,300.0161577439818,3099500
2025-01-16,306.3902587890625,308.8690698164527,305.0623125169625,307.59032452859594,2361000
2025-01-17,307.4526062011719,310.2461955360405,305.69184731789403,307.90508115893584,2183500
2025-01-21,312.75457763671875,314.47598191365233,309.8527698480389,311.76107184798076,2779100
2025-01-22,316.98431396484375,317.54500715529343,312.48898227676995,313.10869264317125,2927400
2025-01-23,320.54510498046875,320.9385627625945,316.7285014541496,318.2630078176731,3935800
2025-01-24,316.0891418457031,319.1680009004619,308.60350741909275,319.09913753055025,6260100
2025-01-27,311.2495422363281,313.6201351388169,306.74436505993566,312.9315915221981,3099100
2025-01-28,311.85943603515625,312.67586026354144,305.64270039691695,311.46597821401997,2431300
2025-01-29,310.09869384765625,314.25958482885085,309.00684608331187,311.45614892034,2155400
2025-01-30,313.7381896972656,316.6301508459412,310.8363823481627,311.8200417859734,2517400
2025-01-31,312.2627258300781,316.3842616098119,310.3544239646637,315.66617935524874,2033400
2025-02-03,311.3576965332031,311.82001763392117,304.1376404211717,307.0886185060353,1997200
2025-02-04,310.669189453125,312.1741873977064,307.99363421621274,310.0986801096171,1884100
2025-02-05,315.2923583984375,315.46940989270524,309.9510948557007,312.74468405679454,2065700
2025-02-06,314.9186096191406,317.9679603314372,312.0266480424557,317.82041739771006,1730400
2025-02-07,311.5938415527344,316.14819031644,311.1217041555214,315.58749713834084,1607100
2025-02-10,305.1902160644531,313.2463900346317,301.0096630526301,313.2463900346317,3227000
2025-02-11,304.511474609375,305.4361169287107,301.33424365941045,303.4884603375537,1856100
2025-02-12,301.3932800292969,302.92778652534173,298.94397735655355,301.8359388342321,2238400
2025-02-13,302.4753112792969,304.5705109214274,300.8817876131433,302.5244822491778,1975200
2025-02-14,305.9574279785156,306.75418969047536,302.39658575590005,302.4064019370398,1725500
2025-02-18,307.7378845214844,308.56415490980174,303.98029797880525,308.2690690635834,2024500
2025-02-19,304.85577392578125,306.90177253435814,301.85559435600857,305.30824890307014,2148200
2025-02-20,298.894775390625,304.89510462806066,293.8092723458044,304.65903594295077,2830300
2025-02-21,290.572998046875,299.95711768657327,289.04833789371054,299.95711768657327,3280200
2025-02-24,290.70086669921875,294.0945037000291,287.6417003172764,292.2550353718676,2450600
2025-02-25,288.5467224121094,293.53388411618056,284.79898149148823,292.1370741841249,2511700
2025-02-26,291.2615661621094,294.44861314137927,288.871280927657,290.3172615050857,1899400
2025-02-27,289.39263916015625,296.0815118046593,288.2515905290058,291.1632142663759,2031800
2025-02-28,296.0421142578125,296.1503323978544,290.15000426407363,291.4484418311675,3336300
2025-03-03,290.66156005859375,298.50132812194175,288.32044545218474,296.5045003727531,2342500
2025-03-04,278.8379821777344,287.00234467932177,273.04421284589984,286.8056307747834,5901200
2025-03-05,279.5363464355469,281.444648246102,276.04436725645866,278.37563544283137,2569200
2025-03-06,271.1359558105469,277.54940581471595,270.0440780074341,275.22795346962147,2944200
2025-03-07,268.7456359863281,269.6899708337774,260.3845292284174,269.1882948222518,3817000
2025-03-10,257.0499267578125,264.2011210449606,253.243169014262,263.33549581790777,4284100
2025-03-11,251.216796875,255.98753640198663,249.39702081236993,253.25296421701296,4925600
2025-03-12,256.4892272949219,258.5254097650415,250.8331848905276,255.92853414768769,5514900
2025-03-13,252.2397918701172,257.23679881173086,249.37735420618125,255.40717657912273,4194000
2025-03-14,261.28948974609375,262.3026578767058,254.76782215960085,255.89902463258986,4336800
2025-03-17,260.0599060058594,262.0862421945498,257.0007093205278,260.85666780729076,2975800
2025-03-18,258.4270324707031,261.16160475856765,256.20395233073833,260.27631718689616,3251700
2025-03-19,266.2274475097656,267.5652400890352,256.9909000732561,258.7319666457919,2894200
2025-03-20,266.4045104980469,270.063725331664,263.8371734066478,264.63393526390325,2129500
2025-03-21,266.0897216796875,266.1388926435641,260.82713773204534,263.4731839969197,4229700
2025-03-24,273.3196105957031,273.7032522046332,269.74895187446646,270.7326113612756,2651400
2025-03-25,274.7164001464844,275.2180760540483,271.69655853871063,274.34260476586053,2767600
2025-03-26,271.49005126953125,277.5198894576372,270.1129338248444,275.4246896937274,2578600
2025-03-27,267.5750732421875,270.99821945260646,266.11927624815524,270.36866290033737,2312000
2025-03-28,261.1419677734375,268.184974283199,258.71232730152104,266.2078088330056,3261500
2025-03-31,264.653564453125,265.9224935558138,254.7677989344652,258.20076082757134,3946000
2025-04-01,266.06024169921875,266.4438533078435,260.7878109844504,261.3976750928173,2881400
2025-04-02,270.7523193359375,272.78850202104053,262.21416075723914,262.52893905056055,2473700
2025-04-03,243.77049255371094,256.73511692411586,243.14093609547436,255.94820137022433,7736200
2025-04-04,230.62464904785156,235.84549123533586,225.63081047497568,234.80921687338483,9097500
2025-04-07,231.21681213378906,238.7766620437874,217.5478934212481,222.34435002850782,6283600
2025-04-08,228.36459350585938,243.77049459671102,224.38728664086608,242.6157940609983,4782100
2025-04-09,258.92962646484375,261.30811930998055,223.3016432863729,223.99250282825216,8640600
2025-04-10,243.66192626953125,252.15935159695042,235.40136837669507,251.68563178706566,4799900
2025-04-11,247.84649658203125,249.46505308749823,239.96095988530723,243.6619288818886,4413500
2025-04-14,252.04092407226562,254.25162654618794,248.86302420672112,253.1660029675431,3067000
2025-04-15,254.4884796142578,257.2222812859228,251.96196894829123,252.65281347327598,3509100
2025-04-16,249.6130828857422,255.5543759282582,246.36610608370836,251.82380042835496,4244900
2025-04-17,248.02413940429688,252.27778408890836,243.86919325138172,249.64269593285795,3907500
2025-04-21,239.3391876220703,246.98785673297888,236.14156010912714,245.59630386237043,4302900
2025-04-22,249.11962890625,249.92891470686655,243.14872911198398,243.88892292798516,2324100
2025-04-23,256.7386779785156,266.6375342932693,255.87017917976968,258.44603891287926,3872900
2025-04-24,263.8248291015625,264.49593095164107,254.62667979672912,254.69577178326892,2696300
2025-04-25,261.34765625,265.3446912082413,260.54824925835175,263.50902481810573,1940100
2025-04-28,261.4858093261719,264.4959187420423,259.09743740476637,261.4759304375324,1561500
2025-04-29,263.52874755859375,263.9827548213134,258.4066035263737,261.95954015545203,1730800
2025-04-30,262.9267272949219,263.9235313133945,253.84700405849262,257.5479732931407,3522700
2025-05-01,265.02886962890625,269.0949961427965,263.0352616898272,264.4959216520812,2473800
2025-05-02,273.230224609375,274.4638810053731,269.52925542138064,270.91094456118566,3099300
2025-05-05,274.394775390625,277.9082262224431,270.49640932546185,271.85837073797074,2416300
2025-05-06,271.7695617675781,274.4836058105494,270.032563942136,270.89121408441525,3064000
2025-05-07,272.6282043457031,275.16460930778914,270.30895424832653,273.7138280764176,2329200
2025-05-08,279.9512023925781,281.76714112394757,275.0856684450584,276.07259363288307,3418000
2025-05-09,280.7900695800781,283.2475034388722,279.27019649428144,281.2736532406919,2704600
2025-05-12,295.01165771484375,295.2583889844666,290.87643922647936,293.4522992244318,4089000
2025-05-13,298.34747314453125,299.05806048668114,294.91299275627887,296.0775572530181,3531700
2025-05-14,296.17620849609375,299.6501737703818,295.53471324820646,299.18631780002113,1954400
2025-05-15,295.6333923339844,296.9953537480015,293.1167454557791,294.15300473067236,1955000
2025-05-16,295.8011779785156,297.7059361016334,293.9358751721381,296.43279435054535,2962200
2025-05-19,295.3866882324219,296.95592574058514,291.82390286303786,293.12665130221666,2751300
2025-05-20,292.297607421875,294.3010640831031,290.34348496607834,292.61340055004854,2706600
2025-05-21,282.2605895996094,290.27441690493555,281.3822117694686,289.20855100756717,3447500
2025-05-22,283.4251403808594,285.2706854819025,281.3427428959367,281.89541853736466,2051800
2025-05-23,281.49078369140625,283.3462077343964,277.77993560542603,278.13524430997694,1724200
2025-05-27,289.91912841796875,290.0177968335955,284.3824629185024,286.7313494868479,2604300
2025-05-28,289.52435302734375,291.51796114396154,288.55718563791856,289.623051567925,1676900
2025-05-29,291.5179443359375,292.73184294754327,288.97166068115445,292.3864432532723,2362200
2025-05-30,290.2052917480469,291.8830763390944,287.8169500523429,291.11327602382164,5251700
2025-06-02,291.4685974121094,291.8831192359745,286.5339715585849,288.527579679291,1751200
2025-06-03,293.50164794921875,294.3503890146986,288.8236028451948,291.3402797327189,2202400
2025-06-04,292.0607604980469,294.7451981851201,291.9324554060237,293.916184650393,1842100
2025-06-05,292.09033203125,294.5971301143316,290.2941513139603,292.62327999631265,1696900
2025-06-06,298.5152282714844,299.53175989273694,295.3176006703719,296.36373883909545,2099000
2025-06-09,297.61712646484375,299.8179802488641,295.66300395227375,299.8179802488641,2097800
2025-06-10,295.6037902832031,297.8342506107284,294.1036749983774,297.7553098561853,2045300
2025-06-11,295.1893005371094,299.4232176077611,294.7451721990419,296.2551663824823,2013500
2025-06-12,294.09381103515625,294.6760932499735,290.1559893885383,292.7910927484191,1604500
2025-06-13,284.02716064453125,289.49470358354864,282.40858915080116,288.72490327077884,3405600
2025-06-16,290.3730773925781,292.5739310056322,286.2279803067848,287.12608567932534,2307800
2025-06-17,288.9815368652344,290.7382623430129,287.1458706314208,288.27094958666305,2625800
2025-06-18,292.5443420410156,295.3274478439264,288.2610607396234,288.2610607396234,3691500
2025-06-20,294.6859436035156,295.8307802622944,292.7614578497605,293.68913967678543,5687000
2025-06-23,295.71240234375,295.94925475368746,288.06373204766135,292.9391449426535,3101700
2025-06-24,304.3479309082031,305.17694427923743,298.19937742483165,299.13696820558727,2805900
2025-06-25,304.5552062988281,306.7066957410702,303.16363832419546,304.8513018934565,2467200
2025-06-26,307.34820556640625,308.1870677456148,304.14069922442025,305.53223700999376,3255200
2025-06-27,313.0427551269531,315.93443825904615,309.00623533686627,309.9734025979617,4605500
2025-06-30,314.8093566894531,315.94431444943814,313.4375164418136,314.4145625828829,3416600
2025-07-01,318.3129577636719,320.13877525946975,312.1644034231025,312.7861710677018,3836200
2025-07-02,321.3526916503906,322.34949571469576,317.1385319974564,318.7669525118626,3040200
2025-07-03,324.65728759765625,325.65660806843147,320.7490797835906,321.88690288306555,1541800
2025-07-07,319.3144836425781,324.9343636246649,316.8706230236821,324.0537682098425,2160300
2025-07-08,313.6253662109375,321.0360888078066,313.5956849130109,321.0360888078066,2643900
2025-07-09,313.991455078125,317.533554247391,313.95186994816135,315.28758878431904,2424200
2025-07-10,321.79791259765625,322.6488267527418,314.1398361749099,314.4861380962284,2844400
2025-07-11,316.0889587402344,320.9173171343292,315.8218270975864,319.5618210676677,2091200
2025-07-14,317.5236511230469,318.36463124307636,314.31792017505705,315.9108969161312,1890900
2025-07-15,307.3623352050781,316.0692215109521,307.1446622925661,315.2380847943749,3006500
2025-07-16,308.59906005859375,309.1828122832619,303.3650373057539,309.1333535265244,2921900
2025-07-17,312.0126037597656,313.62535802576843,307.29306615036506,307.62949444422793,3223300
2025-07-18,304.69091796875,308.5595111150931,299.3084881200056,308.5595111150931,5481100
2025-07-21,299.7636413574219,305.8980382553057,299.7636413574219,304.7008220583738,2667200
2025-07-22,300.9212341308594,302.91984515751943,298.5367360663737,299.7735070420652,2296100
2025-07-23,305.39337158203125,306.3135218944583,302.00955307895435,304.7403529167146,2139100
2025-07-24,304.9877014160156,307.2138890175924,303.7509305262508,305.03716017376547,2288100
2025-07-25,308.3121337890625,309.34113564624613,304.25554933796633,306.14533892203724,2149300
2025-07-28,307.45135498046875,310.1821549060294,306.0167187922427,308.3022690970347,1653800
2025-07-29,305.2746276855469,310.30085108137007,304.59192776797124,309.59837370045904,1796400
2025-07-30,300.198974609375,305.4824570447064,298.18055575044406,305.28456159387935,3132400
2025-07-31,296.142333984375,300.6936572109599,294.9154668395388,298.7049198210334,2718200
2025-08-01,291.1556701660156,291.7889114099035,285.2884358028253,290.9182197968599,3012900
2025-08-04,295.429931640625,295.9345438246988,292.40231892538577,292.41222275475246,1876000
2025-08-05,293.5005798339844,297.1713072796226,292.10549868524726,296.67659893728757,2181000
2025-08-06,292.4122619628906,294.8956777041802,291.32389739768115,294.06457118018545,3430500
2025-08-07,291.61083984375,295.1331614235208,287.55422470907286,294.5494091038257,2842500
2025-08-08,294.2822570800781,294.97486097794166,291.4228579814742,293.85681506591396,1778100
2025-08-11,293.094970703125,294.29215666310364,291.7691557187193,293.9755360175303,2316700
2025-08-12,300.00103759765625,301.841368412655,295.32111579945956,295.73665391618033,2170500
2025-08-13,303.6223449707031,304.3446301437409,299.2293317260534,301.4654234770038,2586800
2025-08-14,304.4732360839844,304.6909089830143,299.3084792930049,302.30641092374213,2108300
2025-08-15,302.23712158203125,306.5311864512454,301.02012816684646,306.18488456615034,2728000
2025-08-18,303.8004150390625,303.9884066458121,299.58552002175,301.04983755482584,2115100
2025-08-19,302.8604736328125,305.3043342164768,301.34666721100285,303.4145445980106,2215800
2025-08-20,305.1361389160156,305.7495725085885,300.65408196346954,302.4944129357931,2481700
2025-08-21,304.9085998535156,305.2548715906785,300.8024958254985,303.54319978772355,1848500
2025-08-22,315.78228759765625,318.3052885043183,306.8676320567995,306.9368984834718,2785200
2025-08-25,312.4578552246094,316.56395965042026,312.0719983221074,315.68336408702976,1599600
2025-08-26,317.20703125,317.3950228570534,310.79559953350514,311.686068612145,1848600
2025-08-27,319.0473327636719,320.09611215574245,316.12857132143944,316.5342358326523,1970100
2025-08-28,323.5293884277344,324.0735857822397,318.5922082784871,320.5611380400466,2194800
2025-08-29,327.77398681640625,328.54573069030187,323.3512926405343,323.81631973086905,2981300
2025-09-02,327.6750183105469,327.8729137301094,319.29465758084143,323.20286565768913,3225100
2025-09-03,320.2840881347656,328.5556278774969,318.00844168443257,327.2495905189704,3439000
2025-09-04,327.1506652832031,327.53655233616485,319.40354487322304,321.5604662927275,2485100
2025-09-05,322.767578125,328.9415298383723,321.78806506902265,327.19027281822343,2971800
2025-09-08,321.9660949707031,323.98451351200083,320.5710137873504,323.0544593897657,2264400
2025-09-09,320.90740966796875,323.1335972486109,317.40486608660336,319.37382585692256,2056000
2025-09-10,319.92791748046875,321.2141471990523,317.8402324020006,319.5717117433419,1846600
2025-09-11,325.8347473144531,327.19024349720206,319.0077774440231,320.0763343007303,2825900
2025-09-12,321.8672180175781,326.11182508772185,320.620543027629,326.11182508772185,2000300
2025-09-15,323.7965393066406,326.77466322896277,322.5498645238154,322.5993232840912,1646300
2025-09-16,323.578857421875,324.5187852032269,320.27420915080745,324.33079360803606,1987600
2025-09-17,332.44403076171875,333.92815589904785,324.9244573603306,325.41916573944036,3586500
2025-09-18,338.0540466308594,338.84556798198776,331.45462338119603,334.91758213293986,3204000
2025-09-19,337.5098571777344,340.71555797778717,336.1246796835514,338.9049385022845,8632000
2025-09-22,337.3713073730469,341.8533636852304,334.798817989333,335.9168636587833,3328000
2025-09-23,337.8561706542969,345.4944698915627,336.4116305177187,338.32119777838375,2697600
2025-09-24,336.87664794921875,341.3488010817391,334.92749561641705,339.34028615562204,2279100
2025-09-25,336.5798034667969,337.16355576184327,330.4652148224754,333.34442136538905,2223900
2025-09-26,338.0639343261719,339.6964660523973,335.43208194203766,337.83638778042615,1728600
2025-09-29,338.687255859375,341.2003829373877,334.91758033965795,340.121922269543,1658100
2025-09-30,328.6446838378906,339.3303730676026,324.67711285679417,337.984780729691,3327300
2025-10-01,325.0827941894531,332.21648114378445,324.92448387186863,327.49697369205666,2598800
2025-10-02,326.98248291015625,328.46660814635857,322.82692017094763,324.9739679649466,1907600
2025-10-03,326.7450256347656,328.5259941619427,325.2411228249203,328.4864090316657,2404000
2025-10-06,328.4764709472656,330.4652083604507,322.7972282263384,328.48637477745393,2116200
2025-10-07,324.4990539550781,331.3952907870007,322.29264345204575,329.1295176869905,1708900
2025-10-08,320.3929748535156,325.66655343171533,320.15549427478214,325.191652663461,2184300
2025-10-09,321.0063781738281,324.83541622946404,320.6204911414414,323.0247968321972,2094800
2025-10-10,313.7058410644531,325.4502156128844,313.39834709795815,322.5736425518369,2684700
2025-10-13,320.5104064941406,321.74038229283474,316.4831983747602,316.59232573138286,1693100
2025-10-14,330.1618347167969,333.6137100818939,317.91157003561716,319.0125908962467,2810400
2025-10-15,327.9895324707031,334.19898524258264,327.61259657742943,331.16367051768344,2186000
2025-10-16,320.5104064941406,329.8146563806786,317.4156091483223,328.34659829076753,3268000
2025-10-17,343.82061767578125,345.8838361013786,328.32677299013807,329.69563265746274,7025200
2025-10-20,346.65753173828125,347.3915456449276,339.88267540411414,344.5844146813416,3465400
2025-10-21,352.3511962890625,353.7894980007495,347.9569808352613,349.2464697504114,2658400
2025-10-22,349.15716552734375,354.8408996024201,346.35993324299557,352.41067426800413,2710000
2025-10-23,352.0635070800781,353.30341183011734,347.71887599256263,349.8713639579201,1892600
2025-10-24,354.6722717285156,359.3938387062296,353.9878418843979,355.5054840885042,2397500
2025-10-27,358.74908447265625,359.90961833580184,356.01136517110456,359.07640599861463,2179900
2025-10-28,358.1142578125,359.60214355200924,356.5371025611538,358.3027257611935,1416800
2025-10-29,355.3269348144531,359.07640546174514,353.00583682052104,356.1006341457638,1840500
2025-10-30,355.9815979003906,362.7961091746614,355.0690147371084,355.693931538873,2045100
2025-10-31,357.8166809082031,359.0664843035919,353.1248704675924,354.1167942610407,2155600
2025-11-03,358.699462890625,360.6039698165983,355.9518449910809,358.0844750068441,1822900
2025-11-04,357.57861328125,359.6120753038985,353.96802626597054,356.4180793471332,1887800
2025-11-05,362.845703125,364.84940851483583,353.5315546613796,356.78506341763654,2195800
2025-11-06,362.77630615234375,366.27779599295593,359.4831118360484,363.08380011194413,2354600
2025-11-07,365.5635986328125,367.0117988767935,358.0844848500607,361.1991400517432,2752200
2025-11-10,364.908935546875,368.7972599247186,359.83029049028045,366.4960196948389,2876800
2025-11-11,367.1705017089844,370.0669021290643,363.3020051089539,364.91884567705773,2132900
2025-11-12,369.7594299316406,374.1834319454709,367.5177026922074,368.1128327648191,2961500
2025-11-13,361.7843933105469,370.8704193237527,360.4056046418607,368.09301440716746,2273500
2025-11-14,354.29534912109375,359.2748261603728,352.5297259006505,358.87803240836143,2943500
2025-11-17,338.4939880371094,355.3368646251713,336.65892300012183,353.34308815173557,3599000
2025-11-18,337.9087829589844,340.9539964488277,331.4017649133996,334.1295555056257,4216800
2025-11-19,341.8566589355469,342.5311599057269,337.9881316047362,338.95029897468373,2005000
2025-11-20,341.02337646484375,350.27804209435277,337.5715011547158,347.14355938127386,3095700
2025-11-21,350.0400085449219,353.4323710301206,341.519356361309,342.8088754795695,3044100
2025-11-24,353.055419921875,353.51172665092713,347.3518582487232,350.7640784366107,3330900
2025-11-25,359.7112731933594,360.8519795466558,352.4404545483929,354.1663923304047,2059400
2025-11-26,361.0304870605469,363.76820628639933,359.78065345376893,359.78065345376893,1679900
2025-11-28,362.3199768066406,364.56173416556067,361.0701734675765,362.7365981004023,872300
2025-12-01,357.4000549316406,363.5698220572188,357.2314448407774,360.9213722439846,2229100
2025-12-02,357.78692626953125,360.72301223752567,354.4639754899425,359.1557556838884,2135400
2025-12-03,365.1568908691406,367.2101802738679,357.88607291069394,358.104297344111,2651800
2025-12-04,368.1524963378906,370.04707434619905,365.1568974895005,366.00993739034465,2027200
2025-12-05,367.3589782714844,371.85239178763925,366.0793881183482,366.4662529229916,1978700
2025-12-08,359.3541564941406,367.0118095143107,357.786930194423,366.92254000398935,2581400
2025-12-09,360.97100830078125,365.09741510833044,359.572392053639,360.09811047807295,2197600
2025-12-10,372.5368347167969,374.9273747450986,360.06834508873965,360.06834508873965,2804400
2025-12-11,381.78155517578125,382.80323545020536,372.56657485701095,373.45930019768355,2975800
2025-12-12,379.47039794921875,384.36057542335186,375.54238785165535,383.36865154116106,2477800
2025-12-15,379.4803161621094,382.63462675336274,376.8021096473539,381.29552349598504,2734700
2025-12-16,377.67498779296875,381.67243950610504,375.76058211925584,380.89874015101776,2584400
2025-12-17,372.5764465332031,381.23595133427386,371.52500983259176,378.4684757345735,2973900
2025-12-18,372.4872131347656,377.4666899663154,370.8307173465637,376.9310426403362,2884400
2025-12-19,373.4692077636719,374.50078663246603,369.7593924838042,372.507040548911,7934300
2025-12-22,377.774169921875,379.3314974896125,374.0345979744346,375.2745026740133,2747400
2025-12-23,379.1033630371094,381.4442886965471,377.03024590853914,377.674990330258,1768200
2025-12-24,380.01593017578125,381.6228722343108,377.6650755037382,379.10337718912905,817100
2025-12-26,377.9725646972656,379.57950673548544,377.1988653178767,379.24222599347087,1114900
2025-12-29,372.288818359375,378.30980261299095,371.94163900268313,377.9229378315347,1736800
2025-12-30,370.37445068359375,372.397953486676,369.938001779922,372.0011900118234,1319500
2025-12-31,366.96221923828125,371.34650545043723,366.8828483830382,370.25538322418396,1469300
2026-01-02,370.54107666015625,370.68023870516225,365.0932481753767,367.33003458353085,2076100
2026-01-05,377.5695495605469,381.44667043632586,370.0639003193659,370.11359455075444,2362000
2026-01-06,381.30743408203125,383.9915897114148,374.0005929472472,378.1361658231138,2544100
2026-01-07,375.99884033203125,382.7290714408716,374.3088117340433,381.6454762907202,2178600
2026-01-08,380.7308654785156,382.86823300031887,374.2988609515397,375.9491158286669,2707700
2026-01-09,373.40411376953125,382.62964357569854,371.63456851616934,380.75072855124654,2767700
2026-01-12,357.4782409667969,359.91386504710005,353.42221483182294,358.38290047267066,7015900
2026-01-13,355.8975830078125,358.17414308101064,353.859634123139,357.4881927984241,3775000
2026-01-14,356.15606689453125,356.285308301547,348.66033833284405,354.3467478730277,3583400
2026-01-15,355.2712707519531,358.9793765278647,353.640917744862,356.2653980586831,2868300
2026-01-16,362.647705078125,367.2306173537556,357.7864080345798,359.02906715552393,3555100
2026-01-20,350.1217041015625,359.03902739698503,349.2866407913532,353.9093267728209,3049600
2026-01-21,357.49810791015625,360.50039180730136,350.2012170846747,350.231039690484,2780300
2026-01-22,365.85870361328125,367.9265053053123,360.5997922470434,360.5997922470434,2628500
2026-01-23,359.56591796875,361.613817850332,356.1461175117015,360.5998188911587,2801800
2026-01-26,361.11676025390625,362.72724170840286,358.54197405539685,360.06298768890576,2131200
2026-01-27,357.33905029296875,361.28573666851656,353.68063897480823,361.1266726687395,1916000
2026-01-28,354.89349365234375,359.44661365701097,354.45607521508254,357.13028006810157,2386500
2026-01-29,356.3946228027344,360.1623736138545,353.5613540433259,358.15421713158395,4217500
2026-01-30,350.1018371582031,353.9192824866429,342.47686714459655,352.91520416932303,5381200
2026-02-02,350.7579345703125,353.213430303475,344.97213653263276,348.2925181938751,2603200
2026-02-03,347.57672119140625,356.26538379611367,344.8627428308748,351.8514563038692,2854600
2026-02-04,351.593017578125,355.2314968194633,345.49901233965977,347.5767347681018,3241900
2026-02-05,352.53741455078125,355.22157036779265,346.3042473673819,348.49130920128266,4074900
2026-02-06,357.0408020019531,359.267667710905,352.6070028843011,356.0963993009822,3301700
2026-02-09,357.5478210449219,359.6155924377481,353.59118355004665,356.8916933997402,2219700
2026-02-10,361.0670471191406,367.33003696727206,357.2197489879289,357.5080543993686,3506900
2026-02-11,351.9309997558594,367.33002124963366,351.8713545475423,365.4014119450975,3437100
2026-02-12,340.8663635253906,356.95133548852965,338.3810453479579,354.4063721019071,4141900
2026-02-13,335.5179748535156,342.8446884428461,334.23554209933513,340.5880303189738,3814400
2026-02-17,342.5066833496094,344.59435678320733,336.0150331824299,336.74075704572743,3186000
2026-02-18,344.20660400390625,346.00597187148617,342.9738959412607,344.0574909863855,1900600
2026-02-19,340.6376953125,342.59612720374895,336.3033150755017,341.7312413524992,2786500
2026-02-20,344.1470031738281,344.2464219777803,336.5121123087098,339.5441886299142,2738900
2026-02-23,319.35345458984375,343.7990420558611,315.2874774404477,341.3336256877657,7092600
2026-02-24,318.597900390625,321.68962146303744,314.21379573729934,318.60782103268133,7925900
2026-02-25,325.1690979003906,327.19712610574146,320.42712155768345,321.56041091413744,3843800
2026-02-26,333.35076904296875,334.64312238027975,327.81347277508456,327.9029405902808,3215500
2026-02-27,307.0859069824219,319.6218676064142,305.84324789756397,319.0154341970581,9817300
2026-03-02,305.6245422363281,308.5970034319296,299.51066553545763,301.41940326085506,6280000
2026-03-03,306.01226806640625,307.59292680852207,297.9896535974396,298.3475248575306,5673100
2026-03-04,309.3823547363281,310.6250138862232,305.19708721422194,307.29468129683283,4055200
2026-03-05,305.4058532714844,307.6824133870857,303.010002728578,305.05790263293864,4601800
2026-03-06,299.2322998046875,301.2205542884396,292.7804237131858,298.91417180608175,5500100
2026-03-09,303.58660888671875,304.5011890408295,290.7126478279949,292.8003212886472,4695000
2026-03-10,301.36968994140625,306.43974532343145,299.2521939030389,304.15326463073285,3488800
2026-03-11,304.1929931640625,305.047958390873,299.0831947801863,300.6936761009347,3512200
2026-03-12,300.1170959472656,303.04975318923266,296.97565013508995,298.7750180657894,3602400
2026-03-13,298.1983947753906,303.9146263356095,298.0791043621838,302.5328052648231,2645800
2026-03-16,296.4487609863281,302.2445095616675,294.0926538965527,299.2422561590962,3604200
2026-03-17,298.506591796875,304.49125752629703,298.07912434144697,302.0755051435172,3616000
2026-03-18,292.6611633300781,299.30192670605464,291.63718304104725,297.3931888569087,3303100
2026-03-19,293.1979675292969,295.87217248659397,289.56940882546917,290.56353616012655,3027200
2026-03-20,293.7646179199219,294.75874522252735,289.2612224526533,293.23773166307524,7116500
2026-03-23,300.136962890625,303.1889408415584,296.2101481020495,303.1889408415584,4319800
2026-03-24,300.2264404296875,302.0556309956761,296.20023705595673,297.05517195966956,3639100
2026-03-25,298.4767761230469,304.58073241542246,295.1663455043708,303.2088318630197,2823800
2026-03-26,297.63177490234375,300.92233370552736,294.11255590757605,296.81658326802443,2887500
2026-03-27,290.5535888671875,296.20025525688044,289.7881217315925,295.54412756707376,2751000
2026-03-30,295.742919921875,299.6896065051081,291.97519930928115,292.9494246439427,3851100
2026-03-31,300.70361328125,302.6819167463937,295.8323656187341,301.2006768926614,3516600
2026-04-01,299.6796875,305.4456137196578,297.870368528087,304.9684216926076,3403300
2026-04-02,299.36053466796875,301.9235261579102,291.7812757361931,294.59358475392804,2105500
2026-04-06,304.8953857421875,304.955219510917,297.5953616145165,297.94441222161663,2185200
2026-04-07,306.19183349609375,306.28158415178285,300.88634933073007,301.70411810603224,2265500
2026-04-08,315.4764099121094,321.61959718803,314.0802379026427,316.3839293268295,3654200
2026-04-09,316.9024963378906,317.2814638305656,311.3277603488322,313.4519504483137,1996200
2026-04-10,312.6441650390625,317.13188032670456,312.2751799848947,316.50359531695193,1991300
2026-04-13,322.9360046386719,323.334906583854,309.1537248276165,310.3304962178974,2581800
2026-04-14,326.0674133300781,328.0121021388803,322.8661849292853,324.11277251588484,2288700
2026-04-15,328.1617126464844,331.49259129052257,326.3466736719022,327.98221132397043,2542300
2026-04-16,324.8707275390625,330.2659625986482,324.3421755871244,327.87248993738143,2018700
2026-04-17,330.7845153808594,339.0518928684265,328.6304083552249,329.0991265103528,4775500
2026-04-20,328.969482421875,333.8261829305984,328.6304142406011,330.77453886486524,2280600
2026-04-21,328.88970947265625,337.1670389948581,327.5533712124168,330.89420164588154,2916800
2026-04-22,331.9912109375,333.58684918788316,327.1045935235446,330.2060889329563,4339800
2026-04-23,317.6803894042969,331.2931510976227,313.89077506412474,331.2931510976227,4580600
2026-04-24,313.22259521484375,317.9496764195463,311.64692176945607,315.645984808568,2968100
2026-04-27,317.9696044921875,318.08927203826494,312.1654850332777,312.1654850332777,2553000
2026-04-28,315.0376281738281,322.81635345317187,314.10019181631026,320.82181319194564,6101400
2026-04-29,314.7882995605469,316.68310665516026,313.15279242973156,316.0149527343594,3136000
2026-04-30,322.1680908203125,322.9659251539121,311.37765156250504,312.51452364076613,4587900
2026-05-01,318.80731201171875,324.1127964767318,318.5879113628868,323.58424451830973,2385600
2026-05-04,318.3385925292969,322.0185217767253,316.59336978615266,319.894331511301,2692000
2026-05-05,315.0874938964844,319.72479368084754,313.6414401070216,319.40565995107727,2658400
2026-05-06,321.021240234375,323.89338300197886,319.1264331245516,319.1264331245516,2933600
2026-05-07,317.82000732421875,323.6540434358721,315.9351522462195,321.4500546249416,3350500
2026-05-08,315.1672668457031,319.1762816705063,312.75385982518293,318.2189109010829,6802200
2026-05-11,311.4674072265625,315.5362558734043,310.9587897328566,314.42930066271316,3081600
2026-05-12,313.45196533203125,314.09023280984707,310.23077192560817,311.4773595610905,2275500
2026-05-13,308.7647705078125,311.2479936673094,306.9198452332338,310.2706580463502,2967000
2026-05-14,311.9161682128906,313.8209578170227,310.1809279222681,312.1654857458775,3240500
2026-05-15,312.6242370605469,314.62872923518694,311.14826637907896,311.4374832251929,2649600
2026-05-18,311.3876037597656,314.7982808651839,309.5526304427589,313.43202570874683,2274200
2026-05-19,308.4656066894531,312.13555328771196,306.7902002555873,309.89169560276986,2918400
2026-05-20,308.9742431640625,310.02136464103194,302.2127528084887,309.1537444856682,4577100
2026-05-21,308.85455322265625,309.90167462370357,304.77569184931536,307.70766829336867,1992700
2026-05-22,310.9288635253906,313.57162314374057,309.801943468406,312.4247686415435,2209200
2026-05-26,309.87176513671875,313.71126108933413,308.75482749979824,313.1827091563532,2410400
2026-05-27,311.6867980957031,316.6232667116763,310.82913000446604,312.9633025756987,3015600
2026-05-28,314.259765625,314.6387331524798,305.394049794004,310.1510174656774,3599800
2026-05-29,315.6060791015625,318.3685064039522,311.7366661296032,314.70854207186255,4530400
2026-06-01,312.68408203125,313.9406216874882,309.7521054429128,312.3051145160641,2621800
2026-06-02,310.12109375,312.84365216304997,309.49280869819853,312.4746366499182,2116700
2026-06-03,299.7494812011719,309.51273356554276,299.2109468256847,307.8373271021028,3939200
2026-06-04,311.67681884765625,314.1001778530919,304.60617758804455,304.9352633254391,2992200
2026-06-05,309.8119201660156,313.6414335402777,307.46832944062595,313.06303029716327,2445700
2026-06-08,311.44744873046875,313.10292079468775,308.90442207834974,309.15373961029354,2500500
2026-06-09,317.5108642578125,321.6595115906065,313.7810837646271,314.14008639777563,2634300
2026-06-10,312.484619140625,319.43559316984675,312.424785367517,318.0095041869914,2525400
2026-06-11,317.62054443359375,318.6577138592658,308.7947283953537,314.1101646376699,2589900
2026-06-12,324.55157470703125,324.73107601578954,318.2089212224986,320.9214970360487,2223000
2026-06-15,334.4644470214844,339.0718299590927,328.7999602252156,328.7999602252156,3353000
2026-06-16,339.809814453125,341.2558683157407,334.5342773766101,335.9104845916124,3657300
2026-06-17,339.6103820800781,346.00288733115053,338.4036632977096,340.4580677861389,3982100
2026-06-18,337.0773010253906,347.24946843714247,337.0473841391201,345.40451262574146,4490800
2026-06-22,337.1471252441406,339.3211668561434,334.963101191721,337.0573745831977,3006200
2026-06-23,336.85791015625,337.60586276898675,333.02839643115027,334.26500167857535,3549800
2026-06-24,341.6248474121094,343.57948831163696,335.29217610886286,335.92046114942104,2639300
2026-06-25,341.5251159667969,351.5576509155548,339.98934189829845,344.05819058720806,3523100
2026-06-26,339.43084716796875,343.0709074934189,337.3964380134669,341.05640235093034,5899700
2026-06-29,339.9494323730469,343.1107615079439,338.3637765856769,340.84696936514547,2604900
2026-06-30,337.32659912109375,343.20053440603346,335.6511927179315,341.0663618607955,3527300
2026-07-01,347.04998779296875,349.54316299263087,336.80803502909305,340.59764915887246,2918000
2026-07-02,351.9599914550781,352.0899963378906,346.0199890136719,349.4700012207031,2440600
2026-07-06,356.0299987792969,358.1700134277344,350.5899963378906,352.2099914550781,3525200
2026-07-07,349.5799865722656,359.5899963378906,349.239990234375,358.5400085449219,2909000
2026-07-08,336.3900146484375,346.80999755859375,333.55999755859375,345.45001220703125,3568800
2026-07-09,346.7200012207031,348.510009765625,335.2900085449219,337.010009765625,3474000
2026-07-10,350.5799865722656,352.989990234375,345.92999267578125,351.2200012207031,2792700
2026-07-13,354.42999267578125,357.5899963378906,352.70001220703125,356.6000061035156,2624600
2026-07-14,355.05999755859375,361.0,352.4700012207031,353.0899963378906,3530900
2026-07-15,358.44000244140625,362.7200012207031,356.1400146484375,356.1400146484375,2525600
2026-07-16,361.57000732421875,363.1400146484375,358.1600036621094,359.3500061035156,2441600
2026-07-17,355.3500061035156,358.79998779296875,351.82000732421875,356.5799865722656,2647200
2026-07-20,351.92999267578125,357.3999938964844,350.9599914550781,355.79998779296875,2311200
2026-07-21,350.7900085449219,354.8699951171875,348.239990234375,353.57000732421875,2456600
2026-07-22,348.739990234375,349.70001220703125,345.0400085449219,348.82000732421875,2465900
2026-07-23,340.8399963378906,344.9100036621094,338.20001220703125,343.3900146484375,4297100
