Date,Close,High,Low,Open,Volume
2018-06-01,135.93409729003906,136.51012137188414,133.3995669897323,133.55021923387136,2655900
2018-06-04,134.29466247558594,136.58105874349172,133.97563012373092,136.23544148917637,1737000
2018-06-05,136.8734588623047,136.97981195770024,134.62251892427068,134.99472095233963,1872200
2018-06-06,140.5068817138672,140.51573883756794,137.1659070423087,137.4849392857775,2468100
2018-06-07,140.5955047607422,142.066598752282,139.7270332872001,140.4094104918611,2192300
2018-06-08,139.23963928222656,140.56008119824088,138.29141299750606,140.13470929118537,1390300
2018-06-11,138.8496551513672,139.7978945879406,137.70646437207117,139.0180351277549,1925100
2018-06-12,139.65611267089844,140.55118241456665,138.73447155838943,138.73447155838943,2548600
2018-06-13,135.88975524902344,139.93969128401523,135.5264104034133,139.93969128401523,2386100
2018-06-14,133.08932495117188,136.38598546140213,132.93867278276545,135.59726909602725,3072100
2018-06-15,131.82211303710938,133.10709899754397,129.11034601820367,131.6626036935619,5991000
2018-06-18,130.9713592529297,131.28153434736598,129.96109281817388,130.61688502128123,2947200
2018-06-19,126.08837127685547,128.4988332302711,125.43257925992047,128.4988332302711,3752500
2018-06-20,127.92282104492188,128.36592051023533,124.84770967386073,126.41627204499811,2609600
2018-06-21,125.84911346435547,127.4442743478097,124.68819495321816,127.14296993713596,2784400
2018-06-22,126.8770980834961,128.81787588691208,126.6112357023406,127.32905466583473,2315000
2018-06-25,123.7576675415039,125.76934277492536,122.87146866609801,125.60096282502677,3705200
2018-06-26,123.7576675415039,125.06925161317625,122.93350907809085,124.0944274413011,1832500
2018-06-27,123.51844024658203,127.02778126240632,123.29689046196545,124.89203809334428,2433700
2018-06-28,124.16854858398438,125.11259075929456,122.29828019599186,123.42934241530243,1619900
2018-06-29,124.50702667236328,127.10760093536615,124.31109178498065,124.78311303469268,1906200
2018-07-02,125.71823120117188,125.86963293362294,122.79703798653969,122.95734090692322,1867400
2018-07-03,124.89887237548828,126.46633758285078,124.56043698258054,126.28821869854137,1580700
2018-07-05,124.4179458618164,125.56683789338054,122.97516512316459,125.18386935299223,3014900
2018-07-06,124.66725158691406,124.95225255002086,122.81478609550155,124.62271848772939,2059600
2018-07-09,128.62164306640625,129.82396965126557,125.01467690143186,125.45998103069775,2149800
2018-07-10,128.73736572265625,130.28701466369694,128.06049506831926,129.44093993537285,1531900
2018-07-11,125.94981384277344,126.96510667805948,125.2907588624778,126.61777001308276,2396600
2018-07-12,125.39761352539062,127.16991481033966,125.20167867133596,126.29712274475068,1681700
2018-07-13,122.52986145019531,125.42433771428304,122.4407952062292,125.30855431504726,5103500
2018-07-16,121.36317443847656,122.85048839411725,120.60615208740599,122.57440204642849,3726400
2018-07-17,122.90392303466797,123.0018904734246,119.6710111453009,119.99163061854061,2704800
2018-07-18,123.98152923583984,124.23089835563844,122.35171518098608,122.72576886068398,2397700
2018-07-19,124.95232391357422,125.84293204754181,123.0375082717829,123.23344314842389,2303400
2018-07-20,122.16466522216797,123.96369670854739,121.65702586383871,123.04637179980847,2832100
2018-07-23,120.70413970947266,121.85303200664022,120.49038882893815,121.5680308325942,2789900
2018-07-24,124.54264068603516,126.45745636616365,120.52600281367941,121.89753338802467,5146300
2018-07-25,125.8607177734375,126.88491144556585,121.25626286833615,124.31105510043096,4371300
2018-07-26,127.11650085449219,128.43461073636573,125.86075365740243,126.42182756602473,3585300
2018-07-27,125.39761352539062,128.11397073878499,124.36450494757506,128.11397073878499,2321400
2018-07-30,123.0820541381836,127.01854086708376,122.77034941278743,126.1902817397591,2994500
2018-07-31,128.95115661621094,129.80614647637248,124.68514927404561,124.80983387973555,4856500
2018-08-01,126.38616943359375,129.10252622680667,125.77164781271631,127.89129894800999,2198500
2018-08-02,126.54644012451172,128.22968807131832,124.99679148149283,125.48661482659749,1343200
2018-08-03,127.67755889892578,128.24754745514244,126.47523270569417,126.59991727769159,1873700
2018-08-06,128.18519592285156,129.0134683842505,127.16100221457425,127.30350274830293,1472900
2018-08-07,130.13560485839844,131.25777936193296,128.7017257846792,128.7017257846792,1549900
2018-08-08,128.96896362304688,130.31379062267817,128.39897495241698,129.96644039924874,2329000
2018-08-09,124.53374481201172,128.21196098460356,123.48282008144155,127.8468083652765,3782500
2018-08-10,122.05784606933594,124.0795303151957,121.00692141679153,123.79452919260687,2413100
2018-08-13,121.93315124511719,122.30720499492988,120.77535806354437,122.01330270801984,2155200
2018-08-14,123.48280334472656,124.355609036956,122.44079353463289,122.5387609658178,2808800
2018-08-15,120.85548400878906,122.38733061673754,118.29944379662273,122.24483009748711,2563100
2018-08-16,122.32501983642578,123.01077824331114,121.44331298380143,122.40517129859157,2996000
2018-08-17,125.21057891845703,126.81367608067555,117.84526033944191,119.50177821920106,8811200
2018-08-20,125.15715789794922,126.61775466978246,124.4535834632399,126.11901629739083,3509600
2018-08-21,128.09617614746094,128.59491455387513,125.30856819566436,125.33528535389352,1945200
2018-08-22,127.00963592529297,128.4346144809064,126.97401757672382,128.02492872954667,1277900
2018-08-23,125.73606872558594,126.74246041687786,124.59609122996487,126.65340774385966,1414700
2018-08-24,128.92442321777344,129.004588274593,125.82511084558277,126.30604682809577,1945400
2018-08-27,130.20692443847656,131.1687829866634,129.36975050266932,129.36975050266932,1902500
2018-08-28,130.4740753173828,132.25529136267133,129.8239352659405,131.04406390829115,1535200
2018-08-29,130.01992797851562,130.91053639749128,129.73492676143252,130.79475295435054,1687800
2018-08-30,127.64191436767578,130.1712372175239,127.28566309964314,129.69921617827748,1491800
2018-08-31,128.06944274902344,128.3900621967187,126.63556321760855,127.02743294141396,1181300
2018-09-04,126.19920349121094,127.96260426123848,125.56687915778733,127.68651784048124,1698900
2018-09-05,129.03131103515625,129.21833113345642,125.6024642772355,125.6024642772355,2232100
2018-09-06,129.22727966308594,130.16240757802206,128.39010562263186,129.12931219899863,1446700
2018-09-07,131.48043823242188,132.12167695690115,128.26534342398438,129.2272015107033,3136300
2018-09-10,132.35328674316406,134.17012151366913,131.81001519102236,132.25531929639743,1872100
2018-09-11,132.34432983398438,133.2972731516874,130.81248326926067,131.36465577877837,1152200
2018-09-12,131.61404418945312,133.50212872957852,130.536416160268,132.21966467320598,1949800
2018-09-13,132.5847930908203,133.73368488650567,132.12168676954371,132.55807594111582,1502100
2018-09-14,131.59620666503906,133.63570618416162,130.78576387647635,132.61149903682684,2002200
2018-09-17,132.73626708984375,133.9831269766785,131.8545734902335,132.05940961272,2131000
2018-09-18,132.73626708984375,134.36608205739702,131.71207288780573,133.1370517328725,1529700
2018-09-19,135.71978759765625,136.9310153337864,132.96781142903808,133.00342977880524,2373000
2018-09-20,137.21597290039062,139.62061163907458,136.45895070969436,137.36737462061012,2762200
2018-09-21,136.09381103515625,138.10659388244764,135.96022526635375,137.48315738910247,2514000
2018-09-24,134.97164916992188,135.68413830923154,133.3240188846183,135.45257152493588,1713500
2018-09-25,134.74009704589844,135.69305426120073,133.73371910711555,135.10524963809473,1400000
2018-09-26,135.65745544433594,136.6549323377314,134.25029277566534,134.50856318927543,1784900
2018-09-27,135.29066467285156,137.77782166005372,135.0938381212215,136.34635831209806,1494500
2018-09-28,134.49436950683594,136.1316005283632,134.23491021111465,134.69119598929984,1737000
2018-10-01,134.96849060058594,136.4088946266102,134.36011433017595,135.73789921668777,2670300
2018-10-02,138.51138305664062,138.63663501484962,134.55697055152868,135.21008272424098,2149200
2018-10-03,141.54429626464844,142.1616007716371,138.77978391814025,139.2539530670764,2973700
2018-10-04,141.63375854492188,142.51947771073165,139.28975146047185,141.3116800893039,3882500
2018-10-05,139.92491149902344,141.9826335963638,138.4308299445966,141.80370420777712,1948300
2018-10-08,137.61672973632812,139.0392371208977,136.05107334852832,137.60777439147603,2863700
2018-10-09,134.6017303466797,137.53621702121407,134.2975489155072,136.84733795381322,2107400
2018-10-10,131.92669677734375,134.83434458017032,131.12149381031156,134.1991293612263,2861400
2018-10-11,131.04098510742188,135.09379795392422,130.1731629291124,131.31832780640778,3309500
2018-10-12,132.78553771972656,134.1991032454176,130.48626684953655,133.38495874271678,1881000
2018-10-15,132.81240844726562,134.29754882401411,132.0161607888907,132.45454954629966,1678300
2018-10-16,135.95263671875,136.27471509487046,132.5976593222612,134.18119882436858,2124500
2018-10-17,135.66636657714844,136.4178783916988,133.68916015279962,135.20113912704738,1516000
2018-10-18,131.69410705566406,135.14749933931546,130.36107079543459,134.62859427943116,2491800
2018-10-19,130.54000854492188,133.30450815583353,130.0568838906886,131.98041350796555,1901500
2018-10-22,130.11952209472656,131.47045554011282,129.1264476549624,131.3809976144303,1702300
2018-10-23,124.92152404785156,126.42454802628626,122.27332139113392,124.9125687006231,5166900
2018-10-24,119.78614807128906,125.57460522102063,119.49090833435042,124.93938997158745,3731500
2018-10-25,122.37171173095703,123.74054175902961,120.17979534721893,121.3428571992355,1854400
2018-10-26,118.98990631103516,121.05657092062756,117.7373864420224,120.3318977355957,4771000
2018-10-29,116.8069076538086,121.4859796467619,114.80287627095987,121.13706249339522,3274800
2018-10-30,118.77519989013672,118.9541430270271,115.67072485502507,116.75327076685532,2347600
2018-10-31,121.1728515625,122.60430054090122,120.43922321056087,120.43922321056087,2018200
2018-11-01,125.83401489257812,126.27240352535426,121.31598953371851,121.86173307597527,2954000
2018-11-02,126.79131317138672,128.80429970947844,126.299247065121,127.51598614086956,2938000
2018-11-05,127.62335205078125,128.40171619555412,126.9255177495641,127.14918293973471,1576800
2018-11-06,130.1463165283203,130.18209695612242,127.12235844999194,127.42653986635455,1729500
2018-11-07,132.7944793701172,134.00227675951967,130.40573697127644,131.1214682519802,2161700
2018-11-08,131.2198486328125,132.5707810191016,129.76154770785422,132.21292229403178,1899400
2018-11-09,129.55584716796875,130.3341978090812,127.97229349850048,130.2089458248626,2581600
2018-11-12,129.34112548828125,130.56680648290893,128.42856759992833,129.72582310064658,1562800
2018-11-13,131.72088623046875,134.26173290081533,129.761577184758,129.90472616787807,3540500
2018-11-14,131.71194458007812,134.41382361871268,129.86894578899782,132.75869592302843,1824100
2018-11-15,131.2467498779297,132.1861465430417,127.48917686892347,127.58759011291504,3015400
2018-11-16,132.29348754882812,132.61556598147683,129.91370020633312,130.3699722978186,2327300
2018-11-19,127.55181121826172,132.56190407338931,127.1313195026434,131.76565641749457,2912400
2018-11-20,123.92841339111328,125.67299915821906,121.55755416532958,125.67299915821906,3701400
2018-11-21,126.93444061279297,131.0498708679696,122.1748400312069,122.1748400312069,4987600
2018-11-23,127.79332733154297,128.33012919624,125.01988743444434,125.03777081887935,1192500
2018-11-26,133.23289489746094,133.43866307481017,129.153243521374,129.70792889137698,4361700
2018-11-27,132.2398223876953,133.25079354978544,131.20201249134095,132.3919130990063,1753800
2018-11-28,135.99737548828125,136.00633083268917,131.55091047535882,132.65135302523902,2421700
2018-11-29,134.17227172851562,136.42682060662133,133.38496591203184,135.85423828138937,2236700
2018-11-30,138.56504821777344,138.9587010947573,134.0112150560519,134.10068658316217,2534900
2018-12-03,145.12295532226562,147.05541255410955,144.15671988062246,144.92612882573965,5132000
2018-12-04,135.6216278076172,144.04038923753563,135.3711238749715,143.98671177360305,3549300
2018-12-06,138.126708984375,138.21618054348875,131.13046717757473,132.14142480805523,4595900
2018-12-07,131.7477569580078,138.4219331640789,130.89783184788533,137.41991734174007,3005600
2018-12-10,131.5419921875,132.54400803581856,128.69697705326314,130.42366605270084,1791400
2018-12-11,131.51512145996094,135.87211465279313,130.5667833125751,134.45854912409843,1818800
2018-12-12,132.5350799560547,135.62165767488364,132.40982796214823,134.32440195554318,1863500
2018-12-13,132.6871337890625,134.61960428745854,132.20402299018335,133.617588614856,1733900
2018-12-14,133.31341552734375,133.76074597644737,130.89783383247254,130.89783383247254,1967900
2018-12-17,130.69207763671875,134.24388282052524,129.72584213984877,132.6782261050443,2504000
2018-12-18,133.51023864746094,134.95959854895747,132.25771888215934,132.71399101421028,2846200
2018-12-19,130.69207763671875,135.9884690017725,129.10852387922824,133.54604834802635,3173200
2018-12-20,129.4037322998047,132.72292973936237,127.57863034871174,129.8331656439254,2822800
2018-12-21,127.92755126953125,131.58671062408285,127.46232383635373,129.3142645728022,3931500
2018-12-24,122.90853881835938,127.34604995992049,122.90853881835938,126.81820321934003,1444700
2018-12-26,128.1780548095703,128.22279057922012,121.7901773347696,123.83894453090419,2267400
2018-12-27,131.26463317871094,131.26463317871094,125.40460223027127,126.32610175872033,2457300
2018-12-28,130.65310668945312,133.06328954701172,129.94265048099828,131.6513516604621,1597100
2018-12-31,134.15147399902344,134.21443294418637,131.49848449874133,131.49848449874133,1954600
2019-01-02,133.18914794921875,134.59208337844984,131.50741210608564,131.50741210608564,1987700
2019-01-03,129.5469970703125,132.79354152422,128.33291006557843,132.57769987020342,2047200
2019-01-04,136.40878295898438,136.4807301697941,132.06508160188253,132.2089623009746,2549100
2019-01-07,138.63905334472656,140.23984044808822,135.69827567219318,136.62457336495225,2947400
2019-01-08,141.1211700439453,141.99351078322,138.51314980071564,139.42145727080106,3124800
2019-01-09,138.79193115234375,142.00249349978634,138.04549458378744,141.96652677037764,3134300
2019-01-10,143.09967041015625,143.37845717375595,136.23787406817831,138.18039316125177,2693600
2019-01-11,142.34422302246094,143.7021898944689,140.84236180410878,141.88557523132397,2039000
2019-01-14,141.56185913085938,142.39821952155143,140.149921194929,140.48267867858542,1364900
2019-01-15,141.2380828857422,142.7669227788698,140.0779534349268,141.42693223283737,1369100
2019-01-16,141.56185913085938,142.71298677628815,141.12118771873276,141.4179647445498,1457300
2019-01-17,143.95404052734375,145.36596462975663,140.51863436751574,140.9593057450005,2155100
2019-01-18,148.03692626953125,149.45785217744876,145.54580837433576,145.6897027321677,3879800
2019-01-22,142.847900390625,146.58907265485453,141.53490165759484,146.49014696489806,2076500
2019-01-23,141.74168395996094,144.52057668673353,140.51860943454187,143.4773632368866,1780800
2019-01-24,142.47915649414062,143.07271055213286,141.25609536497961,141.86762592956012,1602100
2019-01-25,145.24008178710938,146.4271899711906,143.77418678715225,144.45767830738987,1826400
2019-01-28,140.73448181152344,142.47016146895672,139.5743522330888,141.27406515653098,2199400
2019-01-29,144.32276916503906,144.73646211461104,141.02226871218468,141.62481104550992,2199700
2019-01-30,146.50811767578125,147.20058369068647,143.95405403133213,145.60879833146615,1988800
2019-01-31,147.48837280273438,148.27977821873728,144.05296631283468,146.0764348421405,3118800
2019-02-01,147.38040161132812,147.81207088755872,146.55302978083665,147.5602626662143,1704300
2019-02-04,147.94700622558594,148.27976368243372,145.99548508200508,147.54231530390268,1907900
2019-02-05,147.67721557617188,148.3786834719749,146.59802153106972,148.0549280029487,1574600
2019-02-06,147.2005615234375,148.3067340305816,146.58903104820652,147.5962641709503,1660500
2019-02-07,145.5098419189453,147.30848022765286,143.98999035248403,146.31023541741934,2488100
2019-02-08,146.36416625976562,146.40013298161398,144.1158687749766,144.1158687749766,1628300
2019-02-11,145.63575744628906,147.70419440764283,145.62675547162758,147.15560913166453,1843900
2019-02-12,148.55853271484375,149.2060436012153,146.50808614884093,146.9847242009587,1894400
2019-02-13,146.31924438476562,147.93802183629353,145.75268256862327,147.38943652556804,2777700
2019-02-14,146.0673828125,146.95771351676498,144.3946490097259,145.11410691718584,2029700
2019-02-15,142.9827880859375,146.9487759817018,141.47192444550765,143.41445753069277,7578600
2019-02-19,141.4269256591797,142.81188484527263,140.34774541551693,141.08519371090796,2971500
2019-02-20,143.78311157226562,144.44859878256133,138.34222942792843,141.9934620031231,3349200
2019-02-21,146.45413208007812,147.75814212990633,143.8640884835763,143.8640884835763,2838500
2019-02-22,149.26002502441406,149.28700350555897,146.5890456108802,146.5890456108802,1967200
2019-02-25,148.26181030273438,150.9238020064918,148.18986309749485,150.16836321273988,2502700
2019-02-26,147.3084716796875,148.432620557398,146.41814082843342,147.00270647835515,1623700
2019-02-27,147.11959838867188,147.2724809786952,146.00445156202653,147.0476512188045,1850500
2019-02-28,147.52432250976562,148.41465349999692,146.13937691415072,146.79587611890486,1778000
2019-03-01,146.86782836914062,149.25103267758297,146.35522351892462,148.25278773503277,1668900
2019-03-04,149.1251220703125,150.20430240734342,147.62324687268926,148.02795150628305,2663100
2019-03-05,145.1951141357422,149.0711785474709,145.15014542131453,148.72944650737574,1965900
2019-03-06,142.30824279785156,145.06914497851736,141.93053046641776,145.01518803438665,2229700
2019-03-07,142.11045837402344,142.38924519819432,139.8801363356059,141.98455420431642,2051300
2019-03-08,143.00076293945312,143.87310379477455,140.18590274392824,140.18590274392824,1757300
2019-03-11,144.26878356933594,144.4846251161752,142.6590082487073,143.0996658717032,1340300
2019-03-12,143.11766052246094,144.79039482524354,142.73994809570647,144.39469217173246,1553100
2019-03-13,143.603271484375,144.77238909293567,142.82086823579002,143.6752186611733,1661800
2019-03-14,141.87664794921875,143.20765076983025,141.15720328378563,143.04576611433862,1596800
2019-03-15,142.22732543945312,143.29751747890657,141.5528360420687,141.75068736310322,2386300
2019-03-18,144.160888671875,144.33176153701217,141.70575078878102,142.07446127812977,1962400
2019-03-19,144.763427734375,146.7329391822251,143.9540458594475,145.17710692466295,1685400
2019-03-20,143.5852813720703,145.2400251140204,142.11039869380704,144.35869629619128,2017100
2019-03-21,143.6482696533203,144.5026202539658,142.54211074348507,142.5601009720054,1082200
2019-03-22,140.23985290527344,142.94679904016888,139.62830864962683,142.38023721625143,2177400
2019-03-25,141.48989868164062,142.31727074161904,140.28481418488008,140.61755791483805,1137200
2019-03-26,141.7327117919922,142.87483729886256,140.75244343222667,142.48813662862818,1036700
2019-03-27,142.3352508544922,142.5960473795038,140.3657396492426,142.2093467178449,1068200
2019-03-28,142.85031127929688,143.22984612542302,141.63036701131628,142.77801695783495,1123300
2019-03-29,144.44073486328125,145.6697106645471,143.21175906201537,143.6003392890512,1862600
2019-04-01,146.3113555908203,147.3686344140264,145.1998456733921,146.0673639273928,1371400
2019-04-02,146.50108337402344,147.03425226570968,145.33537020072197,146.30227743923842,1184300
2019-04-03,147.64878845214844,148.25423810194016,146.54632377977038,147.33250240448342,1356100
2019-04-04,148.4168701171875,148.90483961750186,147.60356923168519,147.72104924362895,1197200
2019-04-05,149.13076782226562,149.51030275459345,148.3897749892642,148.9590704933884,1294600
2019-04-08,149.10366821289062,149.13980848965602,147.46804836172274,148.18193258491036,1133300
2019-04-09,143.52806091308594,146.76315954025293,143.19371172776187,146.55530818675678,2451000
2019-04-10,143.34738159179688,144.26007189956044,140.75387178990627,143.6817308927993,2746800
2019-04-11,144.7299346923828,144.8564463186159,142.6876578548203,143.35637004418555,1162200
2019-04-12,145.90469360351562,146.68184039116903,144.49497489502355,146.1125311779075,1220200
2019-04-15,146.83546447753906,146.92582204805157,145.83240306033588,146.23904659947587,1062500
2019-04-16,148.70603942871094,149.32053437420365,146.7270251224864,146.8354735180053,1310200
2019-04-17,149.51031494140625,149.81755556089598,148.06446943212364,148.9771596683971,1350700
2019-04-18,152.7634735107422,153.612914714324,149.75428902493476,149.99828068290148,2215500
2019-04-22,152.8538055419922,153.58578039355808,151.72423259595698,152.03148691671507,1376600
2019-04-23,151.5977325439453,152.9893742413283,151.3447092878272,152.474282320045,1891200
2019-04-24,149.38380432128906,151.56162490559177,149.33861863252508,151.18208993969967,1463400
2019-04-25,146.2209930419922,148.67894548972413,145.7059148200609,148.20000754405257,1256600
2019-04-26,149.11268615722656,149.13076318831907,146.0402527307655,147.14271721891868,988500
2019-04-29,150.26937866210938,150.5766330576463,149.15788247354251,149.4741684909022,889700
2019-04-30,149.67298889160156,150.6127878348717,147.60360282988967,150.6127878348717,1573700
2019-05-01,148.68800354003906,151.2001875317903,148.68800354003906,149.6549250138636,1327400
2019-05-02,148.30844116210938,150.5946962575451,146.52823266331364,149.094633500001,1702400
2019-05-03,150.8296356201172,151.1187991547834,148.60662975986472,149.2120792684079,1050800
2019-05-06,144.748046875,145.94088300171964,142.89555753352258,145.7149683221504,2913100
2019-05-07,142.56118774414062,143.5732948374764,140.338195123149,143.0853114308041,2182200
2019-05-08,140.6002197265625,142.58826562669142,140.38335051594774,142.00992475049512,1806400
2019-05-09,140.50083923339844,141.24184592490982,137.16633669906992,138.93751367211289,2026000
2019-05-10,141.01593017578125,141.27798510810436,137.3290013576239,139.90443393586366,1753700
2019-05-13,132.18714904785156,136.03672885040382,131.1931192968782,135.54875938366507,3172500
2019-05-14,132.93722534179688,134.5818769244119,131.43714866459976,132.1329696900745,2325400
2019-05-15,130.88592529296875,132.4854050832962,130.14493231499128,131.75344372854536,2330500
2019-05-16,131.9250946044922,133.79566031986334,131.03046782573813,132.10582352650525,2893400
2019-05-17,121.83123779296875,127.75018955824483,120.34019309013567,126.51218190485633,7817500
2019-05-20,122.32826232910156,122.89757166908186,119.89741844797854,121.06314578329666,3715300
2019-05-21,125.5091552734375,126.06038762751592,123.40362886486707,123.85545821120225,3567300
2019-05-22,125.40971374511719,126.58447244249979,124.45183803130361,124.6325669565779,2626800
2019-05-23,123.32229614257812,124.53319541518873,122.4005604656531,123.50302511347368,2584400
2019-05-24,125.56336212158203,125.97000574163759,124.18979716237979,124.86754112538445,2597200
2019-05-28,124.31631469726562,126.93691900533877,124.29823766522271,126.93691900533877,2054400
2019-05-29,127.5333480834961,127.75021733197802,123.38554445270401,123.9638854298834,3013000
2019-05-30,128.03033447265625,129.85572857209834,127.69598522748677,127.69598522748677,3110600
2019-05-31,126.66580963134766,127.19896483427755,124.52414340988513,126.06036009414576,2206600
2019-06-03,129.4852294921875,129.9461041843465,126.09650987918508,126.09650987918508,2213600
2019-06-04,131.5906982421875,132.4582161520275,130.02737346965426,131.03043458943986,1872000
2019-06-05,132.13296508789062,132.79263202248214,130.27143052888073,132.19621402141985,1634100
2019-06-06,132.37693786621094,132.99141902407789,130.88589307656142,131.87992293632777,1391300
2019-06-07,134.38304138183594,134.82582515542157,132.44016762593358,133.09983437082988,1555800
2019-06-10,135.37709045410156,136.66028399054616,135.2325017711607,135.25057880371224,1708500
2019-06-11,135.548828125,137.8621925854683,134.50962595820428,136.8591307057937,2019800
2019-06-12,134.4553680419922,135.41325781900395,133.4794288081276,134.87105709909065,1344100
2019-06-13,136.931396484375,137.57300020394422,134.64514116368784,135.19637350120948,1192500
2019-06-14,136.91326904296875,137.44643793877407,135.1149977854276,137.04882606613222,1013500
2019-06-17,139.49778747558594,140.24782584246492,137.59106708932995,138.53087984803457,1742200
2019-06-18,144.02511596679688,144.558271245887,140.52794771408816,140.8713424037499,2617000
2019-06-19,144.53115844726562,145.90472337780298,143.74497987898258,144.01606642753814,1671100
2019-06-20,147.0794677734375,147.41383082950776,145.3534903385956,146.61860685451154,1945100
2019-06-21,148.45303344726562,148.83256840395865,146.49209594331708,147.7120405666943,2380800
2019-06-24,150.8026123046875,152.15810075050746,149.01335762831127,149.22120911789753,2582200
2019-06-25,150.2874755859375,151.26342863265808,149.92601762288726,151.26342863265808,2084800
2019-06-26,150.1157684326172,150.5314574728656,149.6729845250822,150.10673681018832,2025700
2019-06-27,149.62554931640625,150.21562145262737,148.60879066879912,149.99774163125966,2072100
2019-06-28,150.4335174560547,151.6590552212927,149.6346385438803,149.6346385438803,6514900
2019-07-01,149.91604614257812,153.30218041451766,147.9279360040795,152.78473487075067,2409200
2019-07-02,149.90692138671875,150.39713351473944,148.96278964460586,150.17925376222772,1371000
2019-07-03,150.05223083496094,150.54245704421004,147.78270096428076,150.53338391148728,918600
2019-07-05,148.3546600341797,148.88119274394245,146.6661288794626,148.518073424437,1291700
2019-07-08,148.7812957763672,149.48938796942326,147.07460492535478,148.0096500995727,1384000
2019-07-09,148.29104614257812,148.52707219687525,146.2575429559549,147.06549481163827,1486000
2019-07-10,145.98521423339844,148.09134427127572,145.8127277740074,147.25615907242712,1753200
2019-07-11,146.39373779296875,146.43005802510496,144.67797390544527,145.90352547600915,2012800
2019-07-12,150.12484741210938,150.16116764479318,147.16538564544337,147.17445877755927,2268500
2019-07-15,150.69676208496094,152.33989926244143,150.05220959798282,151.51378718192734,1983700
2019-07-16,150.8329315185547,151.24145792781803,149.56200048471797,149.97960002561254,1345100
2019-07-17,148.0459442138672,151.22328538955182,148.0459442138672,150.7603063764253,1368200
2019-07-18,148.19117736816406,148.7540161533072,147.09271918685218,147.7463446770019,1404400
2019-07-19,150.3426971435547,151.21420247600315,148.45444713333913,148.92651309891986,2690300
2019-07-22,149.91604614257812,151.22329740362431,149.3895136150951,150.33364568234373,970300
2019-07-23,152.83010864257812,153.36571423301157,150.20653332518032,150.76937215905224,2176800
2019-07-24,151.76795959472656,152.9481176236531,149.85249012702278,150.51518881667,1775600
2019-07-25,151.52285766601562,151.9132100570067,150.1066735976919,151.60455739639409,1180600
2019-07-26,154.68203735351562,155.23580305299365,151.45930299924544,151.62271631081813,1950000
2019-07-29,154.56402587890625,155.4355312668624,153.53820800550417,154.59125912364473,1459600
2019-07-30,154.355224609375,154.99069003869639,152.21278841044332,153.5654328509404,1400700
2019-07-31,150.3790283203125,154.63666813887656,149.4530702012363,154.4188021589102,2000300
2019-08-01,146.3483428955078,151.7498202067402,145.84904364695004,150.59689536954468,2193800
2019-08-02,144.0697479248047,145.10465295227388,142.61725717424136,145.10465295227388,2270200
2019-08-05,137.13406372070312,141.09212416811138,134.09290215980536,140.34772561145516,3243300
2019-08-06,138.6954803466797,140.12075146672262,136.54397089633306,138.36866755719973,1824800
2019-08-07,137.29745483398438,137.6061075062257,134.9008323545017,136.57120265945156,1747100
2019-08-08,140.76528930664062,140.892382398972,137.48808829855173,138.07817425388947,1661300
2019-08-09,140.56558227539062,141.62772046816127,139.3037243692331,139.73039704309517,1742900
2019-08-12,133.49368286132812,140.11162255261596,133.28489009645648,139.75757662431008,3738300
2019-08-13,133.60264587402344,136.22622112601266,132.07752887106136,132.54050785008044,2890500
2019-08-14,129.971435546875,131.43301334414375,128.7731309729521,130.82478099836385,3001000
2019-08-15,130.4615936279297,131.9322437899504,128.2283712966169,130.56145344461652,2402700
2019-08-16,135.4727325439453,137.0704899592077,130.26190238855156,130.52516167968992,3493000
2019-08-19,138.34144592285156,139.122164660348,135.59077715225453,136.34426264268444,1993600
2019-08-20,138.078125,138.52294373843426,137.18845981892503,138.03273165776503,1582900
2019-08-21,140.58370971679688,140.9377556987675,139.44894517815945,140.12073077179102,1855200
2019-08-22,141.04669189453125,141.81833733933294,138.94057606564417,141.17378497168733,1716400
2019-08-23,133.4664764404297,139.63959860563077,132.81285092575507,137.0795630311373,2983000
2019-08-26,136.90708923339844,137.89660072674417,134.6103265900398,136.4804165982662,1864100
2019-08-27,136.2625732421875,138.60471578030808,135.85404680096812,137.6152041228395,1240700
2019-08-28,138.64102172851562,139.32188059091257,135.23672741653095,135.7087934397167,1477800
2019-08-29,142.05435180664062,143.22543649910816,140.71079455017045,140.9377474446062,1611800
2019-08-30,140.62913513183594,143.8791031737304,140.49295504488703,143.63399009890986,1629100
2019-09-03,136.9162139892578,139.58516966272867,136.22626799634625,139.58516966272867,2030600
2019-09-04,137.73324584960938,137.9874321163916,137.12501343608668,137.46089946316764,1562300
2019-09-05,141.8909912109375,142.70801631370526,138.2869771526162,138.69548970400007,1672900
2019-09-06,142.0907440185547,143.27090243798017,141.7276108922094,142.55372317101848,1083200
2019-09-09,143.7610626220703,144.50546101947808,142.23593174965006,142.25409186239875,1725700
2019-09-10,148.91744995117188,148.91744995117188,143.72477890711158,144.24222445911263,2702900
2019-09-11,149.9251251220703,149.96144535413234,147.7736154180751,148.97193373814474,2213300
2019-09-12,148.2093505859375,148.59971686594372,144.92307627811766,147.16537254899958,2732800
2019-09-13,150.17019653320312,151.2323344664569,148.10946027700683,149.72536385260037,1789300
2019-09-16,149.416748046875,150.22470003377447,147.88254381451202,149.00823548758595,1164700
2019-09-17,148.87205505371094,149.10808112382992,147.33785096766726,147.96424329648823,1347800
2019-09-18,150.13389587402344,150.3608487876789,147.80990025452874,148.39997228919026,1215900
2019-09-19,149.2805938720703,150.69677824648272,148.60880806662138,149.92513257606313,986000
2019-09-20,148.9447021484375,151.33223797897824,147.86440379237712,149.6346341920891,2942700
2019-09-23,149.9796142578125,150.7694062000642,147.7554639593752,147.87348394232706,1412300
2019-09-24,150.6604461669922,150.97817197253386,148.83573565941077,150.34270650934232,3124800
2019-09-25,149.96145629882812,150.9146616044317,149.27151036039348,150.4062752832285,2814000
2019-09-26,151.0689697265625,151.5319487724037,149.56199876653312,149.94327807230394,1808800
2019-09-27,151.62527465820312,152.58285318806517,150.47618877176654,151.84415412423715,1591200
2019-09-30,153.83224487304688,154.15144232953816,151.99006169730234,152.09949446379667,1828700
2019-10-01,150.9321746826172,155.22759193998095,150.1569887629972,154.67128548271157,2299500
2019-10-02,148.8802490234375,150.45796537703933,146.9012605531589,149.56423179077336,2646300
2019-10-03,150.32110595703125,150.64941809251687,146.47256355826147,148.84370830517528,1367500
2019-10-04,152.92938232421875,153.01145689136456,149.70097685987676,150.29377009247145,1217300
2019-10-07,151.88980102539062,153.83230294223853,151.7621247777308,153.15744873989414,1221600
2019-10-08,150.4488067626953,151.5614195198369,148.52453524819578,149.82865533159725,1848600
2019-10-09,151.7802734375,152.85641316500937,150.15695604682747,151.75291525012483,2089100
2019-10-10,153.0297393798828,154.99048431232396,151.41553623572418,151.85328128788666,1996800
2019-10-11,155.90248107910156,158.00914593491007,154.56187364073867,155.03610562491906,5006800
2019-10-14,154.06027221679688,155.9024697044372,153.73197384670092,155.76567871689724,1769000
2019-10-15,157.4436798095703,157.7993502176265,153.34889882191862,154.63478949553027,1898500
2019-10-16,156.00274658203125,158.77516380060516,155.94803020144883,156.91472336683503,1824100
2019-10-17,156.98768615722656,157.7719867636608,156.23074374160242,156.88736815236885,1203400
2019-10-18,158.61099243164062,158.9119464247346,156.4040103979454,156.8873569553101,1616200
2019-10-21,158.7113037109375,160.25254655775504,158.68394552323804,159.28585348394665,1375200
2019-10-22,159.73272705078125,160.8635832647878,158.31004550404933,159.36794190595916,1486600
2019-10-23,159.59591674804688,160.34374429461147,158.22795174734932,158.39210086791644,1227100
2019-10-24,156.96031188964844,159.5959240211426,155.8659426223498,159.5959240211426,2478700
2019-10-25,157.872314453125,158.77517655222994,156.9876957875665,157.04241217254332,2102400
2019-10-28,158.09120178222656,159.95162854240692,157.762889540352,159.08525326724615,1433100
2019-10-29,158.78431701660156,159.2676637163619,156.6320507265562,157.1336408628164,1586500
2019-10-30,158.5198211669922,159.24939150719268,157.41632306659625,159.24939150719268,1624700
2019-10-31,158.8116455078125,159.03052495787503,155.35525942567213,158.1732645063744,2181800
2019-11-01,160.6082305908203,160.74502154096675,159.40441456688671,160.41670934495406,3090800
2019-11-04,163.3350830078125,163.5357190570631,162.10390851610794,162.10390851610794,1990200
2019-11-05,163.1708984375,163.88223927642537,162.5051592247955,163.44449427916265,1314300
2019-11-06,160.4805908203125,162.91556769517248,159.81485151907307,162.8608513026959,1929200
2019-11-07,162.23158264160156,163.38979728992274,161.90327037576503,162.16775148984502,1652800
2019-11-08,162.66021728515625,163.16180741523183,161.66616570097486,162.77877874744627,1713600
2019-11-11,163.97344970703125,164.59358732066227,161.03688297033574,161.67526401838626,1410200
2019-11-12,160.86361694335938,163.97346174621165,160.55354811377816,163.97346174621165,1436200
2019-11-13,160.20697021484375,160.31640298290637,157.49839787999557,159.62330559240596,1835500
2019-11-14,159.03050231933594,161.15540971251218,157.77197001304145,157.97260600145535,1307500
2019-11-15,159.12171936035156,160.3528936932179,158.73869074728844,160.07929785084065,1611100
2019-11-18,159.51388549804688,159.52300025755554,157.20658501699162,158.68398316586848,1418100
2019-11-19,158.3648223876953,160.80892832189332,158.12771334453927,160.80892832189332,1192800
2019-11-20,156.9238739013672,158.14591962348558,154.79896602687953,157.6899311675611,2013300
2019-11-21,160.5353240966797,160.78156180438626,157.06980841348548,157.5257969529672,1627600
2019-11-22,159.94247436523438,161.4016287017751,159.24024842624266,160.66292981852527,1292800
2019-11-25,161.06423950195312,161.3560648713375,159.77834874408114,160.5808928622985,1556800
2019-11-26,161.1006622314453,162.64190492541817,161.05507453357382,161.38338666906898,2786900
2019-11-27,154.1788330078125,157.1974747220703,152.34576420448028,153.6681281023467,7626000
2019-11-29,153.2577362060547,154.41595088165593,152.93853869276106,153.4857304539317,1394400
2019-12-02,150.74061584472656,152.5189814623219,150.26639800131665,150.7497445173387,2694400
2019-12-03,149.10821533203125,149.83779959691068,147.77672300495163,148.95318093703952,1966500
2019-12-04,150.72244262695312,152.17248271662183,149.29063205799866,149.6280730105176,1756400
2019-12-05,150.09315490722656,151.27872762114384,149.427415688633,150.97777358421897,1234000
2019-12-06,150.66770935058594,152.73788688851974,149.97459800249965,152.36398693646925,1523400
2019-12-09,153.1209259033203,153.35804881876814,150.57651630971372,150.84098350502393,1730800
2019-12-10,154.94483947753906,155.0360427159891,151.9991585623202,152.79257385732598,1643100
2019-12-11,154.76246643066406,155.65619983439368,153.54042080904122,155.6014834506885,1245800
2019-12-12,158.5198211669922,158.82988995314363,153.7775304617155,154.58007453473073,2168500
2019-12-13,157.3160400390625,160.87274494324473,156.07575070299748,158.44689658289585,1775600
2019-12-16,157.63516235351562,159.58679173917866,157.47099932783473,158.8936806106618,1408700
2019-12-17,158.53805541992188,158.92108403466653,156.54082385216125,157.27953680452163,1247000
2019-12-18,157.41632080078125,158.31005419562624,156.14867356678508,157.5166388084642,2209000
2019-12-19,157.5531005859375,158.3465298324962,156.7870434446804,158.04557583078926,1249000
2019-12-20,159.27676391601562,161.03688661222822,158.0638468551208,159.94251708858314,2593600
2019-12-23,159.64154052734375,160.18871825419092,158.18237209109492,160.18871825419092,1005700
2019-12-24,159.13992309570312,160.0518997323547,158.70217820649492,159.5503097990645,332300
2019-12-26,159.41357421875,159.71452828321637,158.2918464625855,159.41357421875,518100
2019-12-27,160.3346710205078,160.38027265275252,158.95759078696975,159.60508665158568,719500
2019-12-30,159.51943969726562,160.3987305551444,158.9240728273356,160.18806915862206,953000
2019-12-31,158.6951141357422,159.98658763905823,157.99900759742582,159.48281989208263,748200
2020-01-02,161.99246215820312,162.01078479383835,159.1255776405949,159.5927140047994,1591100
2020-01-03,160.7926483154297,160.984987145385,158.9607753958032,159.56529681353945,1301100
2020-01-06,161.94667053222656,162.01079277206958,159.13475378305105,159.81253759809624,1234200
2020-01-07,159.13479614257812,161.60782164251694,158.9058120411749,161.21396172054156,1234200
2020-01-08,161.11318969726562,161.91921811419968,159.36376198480752,159.8308844667604,1713900
2020-01-09,162.6702880859375,163.3938715939599,161.30553800433358,161.69022956283544,1459100
2020-01-10,158.85084533691406,163.4030504258579,158.83253667143907,163.1282806829281,2560900
2020-01-13,160.0507049560547,160.325474649505,158.97906122336454,159.44618367830805,1300900
2020-01-14,159.07064819335938,160.33464470129647,158.85081846012915,160.17893721462102,1039800
2020-01-15,158.3837127685547,160.42624692611682,157.67843786217364,158.56689724426832,1139200
2020-01-16,160.7193603515625,160.8017912728547,158.50279595275316,159.3729327328024,1410400
2020-01-17,161.38796997070312,162.12987612238751,160.77429433935828,160.939170137554,1653400
2020-01-21,158.05393981933594,160.68267209768285,157.89823235095378,160.38042546710818,1655100
2020-01-22,156.77163696289062,159.06147736965377,156.27702360842682,158.52107838791608,1285700
2020-01-23,157.59596252441406,157.7058703836476,154.48178538680764,155.96559739076326,1245100
2020-01-24,155.81906127929688,157.58682540613677,154.82984850992818,157.58682540613677,1103300
2020-01-27,149.5540771484375,153.86814324790802,149.23349385471545,152.21028681384212,1586800
2020-01-28,149.279296875,151.74316780132193,148.74805213456693,150.9463076787119,1750700
2020-01-29,146.69635009765625,150.1311109635887,146.54979694645112,150.1311109635887,1959200
2020-01-30,147.56646728515625,148.23509673235444,145.21250477323773,145.6338415334368,2496400
2020-01-31,145.24917602539062,147.66724722999618,144.10425568275392,146.29334281883214,1693300
2020-02-03,144.9835205078125,147.8595593303089,144.0584300693416,146.03685541854412,1813400
2020-02-04,150.60739135742188,151.23938960810204,147.1451534395095,147.7679973590487,1412200
2020-02-05,154.1978302001953,154.58252164059598,152.51249734920185,153.35515678666152,1476900
2020-02-06,154.6650390625,154.9306544999362,152.09125971514408,154.56428548773138,1805100
2020-02-07,153.37353515625,154.7016400351436,152.64995160741697,153.34605818452718,1711100
2020-02-10,154.09710693359375,154.14289256142882,152.16448104755557,152.46674166208214,807700
2020-02-11,155.94732666015625,156.68007857644147,154.4268828557588,154.884851056427,1315700
2020-02-12,157.38534545898438,158.64017379220917,155.90153303715186,157.54105296210807,1008200
2020-02-13,156.40525817871094,157.45859317885478,155.58092120127407,156.49685738779374,831100
2020-02-14,153.94139099121094,157.82495121031485,153.12619442423085,156.4693696607829,1152400
2020-02-18,152.32020568847656,153.36437248540648,150.40590222345148,153.32772720771575,1177400
2020-02-19,151.0653076171875,153.18113137486856,150.99204504105737,152.50333374904199,1244600
2020-02-20,151.88973999023438,152.73239982940484,150.6715428601925,150.90968130080128,2048500
2020-02-21,162.5145721435547,166.69125344083824,161.20478993385996,162.95423163342386,5917100
2020-02-24,157.41281127929688,161.5345245822245,157.0830736560195,158.00816427706607,2292900
2020-02-25,152.64077758789062,158.41117902711133,151.86224012474352,157.70590416843092,2358500
2020-02-26,152.88809204101562,155.1413015846113,151.68821767300207,154.13376602119874,2545200
2020-02-27,146.54063415527344,152.54917324701344,146.5131571880185,150.57990207859112,2957500
2020-02-28,143.32568359375,145.56057001650967,139.8268147987015,142.23571734854536,3048300
2020-03-02,150.14027404785156,150.21355062772622,143.38982810479217,144.64465634195912,2532100
2020-03-03,144.5164794921875,153.7582766789191,143.80205004318069,150.5250215125954,2443100
2020-03-04,149.3616943359375,149.56318740349025,147.02605467649295,147.68552973271434,2513800
2020-03-05,145.69798278808594,148.55569935282068,144.6446477381311,145.478153061538,1878400
2020-03-06,150.25015258789062,151.07450346843754,140.75189964675974,141.23734466456006,2973400
2020-03-09,137.39044189453125,144.94691619873046,134.76170924529433,139.2314687845297,2886400
2020-03-10,141.96096801757812,143.18831926943255,135.5677227677341,142.5379983659727,2797700
2020-03-11,133.61680603027344,138.45294908702837,131.75745626295682,138.16901104020863,2397300
2020-03-12,119.42893981933594,125.0619427673429,117.3222834243787,123.6514069413389,3288700
2020-03-13,127.27853393554688,127.58078066199434,119.55718247370886,126.33510654373221,2525500
2020-03-16,109.95816040039062,121.70045701036653,109.76580761953637,113.48451391140345,2617700
2020-03-17,116.05828857421875,118.57712040548411,109.06053575062703,112.47698124908534,2909600
2020-03-18,104.60908508300781,110.41612491977205,97.21747934390501,107.91561571977513,2635000
2020-03-19,109.60093688964844,110.59014274552977,97.31822821440039,103.40920577789775,2455700
2020-03-20,102.24597930908203,110.47109137590515,101.06442049726662,109.60095457841734,4155200
2020-03-23,101.80631256103516,105.85474898865031,97.56552337715934,101.0002842126326,3130900
2020-03-24,115.40795135498047,116.01247254966958,103.22599813896176,107.50342513897986,3488000
2020-03-25,117.68865203857422,125.235957681317,111.59766768127379,115.29805091464765,3962200
2020-03-26,127.39757537841797,128.36846561083865,116.4521394946813,118.47636484754376,2227500
2020-03-27,123.75212860107422,127.47082697811092,121.05011986698742,123.65137506975213,2302600
2020-03-30,130.0894317626953,130.52235814928954,123.94557919662802,125.93519654074551,2251100
2020-03-31,127.2616195678711,133.56206100334708,126.4233991221337,130.78950190030045,2240100
2020-04-01,123.12577819824219,124.1021605284427,119.45051420414707,121.75330802259658,2040600
2020-04-02,128.3853759765625,128.87356718163787,122.37968527083693,122.7941853810712,2863800
2020-04-03,124.8298568725586,128.35773884805636,121.70726887619836,127.55635700562038,2053100
2020-04-06,132.1711883544922,133.4423212664826,128.69857057125284,130.4118501140706,2079300
2020-04-07,131.5540313720703,139.68748796758618,131.29610549570936,136.3254141197959,2067500
2020-04-08,135.19244384765625,136.15962020850938,131.36059098178225,133.6357527424487,1210100
2020-04-09,134.2529296875,138.3611215760941,132.76072323424535,135.66223890560568,1596100
2020-04-13,128.77220153808594,131.48949476600626,126.07332053649547,130.5960098592976,1655900
2020-04-14,127.23399353027344,131.01056770077815,124.49827281253049,129.24202338766548,2479800
2020-04-15,124.63644409179688,124.65487038276694,117.48857520587003,122.61919391240026,2938200
2020-04-16,119.6992416381836,124.8022415386786,118.37282990873882,123.66005053718102,3642700
2020-04-17,127.53794860839844,127.62084581885834,122.5178464628604,123.00603766464307,2468300
2020-04-20,126.46943664550781,129.19593659801058,123.20867279666957,125.12459889971522,1974900
2020-04-21,123.48503875732422,124.52590627404246,122.04809736919623,123.42056782587792,1958500
2020-04-22,125.46540832519531,127.0036727099053,123.54026226061389,126.5338938365484,1280400
2020-04-23,126.29438781738281,129.03931331101998,126.11937328952642,126.81941734581805,1377000
2020-04-24,127.69454193115234,128.42221867679402,124.74695426211653,127.98008614849451,1498500
2020-04-27,128.68014526367188,129.67495410791716,127.21557143261964,127.69455659210247,1528900
2020-04-28,130.3934326171875,133.2120508168671,129.74865297267618,131.77510930762983,1752100
2020-04-29,135.49644470214844,136.72151910436685,132.21725326887275,133.56209154733656,1563200
2020-04-30,133.6173553466797,134.29898762713424,131.47114903302872,133.1567964138398,2054600
2020-05-01,127.28923797607422,131.76586988377832,126.32206172620424,131.62769381657486,1603100
2020-05-04,122.45337677001953,125.73255319800981,119.92950947015073,125.60359729539691,2277200
2020-05-05,124.4890365600586,127.52872741548873,124.0929627431638,124.46140415679332,1125500
2020-05-06,121.70726013183594,125.29961277038292,121.02562811997471,124.91274510585768,1150800
2020-05-07,125.27200317382812,126.16548843852327,123.48503264443785,124.03770886873141,1059000
2020-05-08,126.1931381225586,127.98931501473446,125.93522626394576,127.11425591907361,1727400
2020-05-11,124.2495346069336,125.98123994317176,122.10332922142105,124.49824025855308,1356000
2020-05-12,119.79134368896484,126.02731362012561,119.69002019329852,125.08776975623235,1392500
2020-05-13,115.89502716064453,120.78616686003829,114.67915209424213,120.62035836761453,2027400
2020-05-14,116.7977294921875,116.94510467277976,108.55372169680945,113.29747935159776,2720600
2020-05-15,116.07003021240234,117.62671417052923,114.85415526707087,116.05160392504773,1649600
2020-05-18,127.0221176147461,127.9156028547461,120.2150587808678,121.56910284333627,2450900
2020-05-19,125.41017150878906,128.44065666766272,124.75618580079983,128.11825984475584,1859400
2020-05-20,131.08421325683594,131.79347758113883,127.21552303769123,127.5563319736581,2399400
2020-05-21,131.5447998046875,133.10149076907888,129.94206420524839,129.94206420524839,2100200
2020-05-22,129.6104278564453,136.70302860505032,127.81423778879389,136.3253671202011,3427600
2020-05-26,136.35304260253906,139.0887631072721,133.06465994900668,133.06465994900668,2500300
2020-05-27,141.26258850097656,142.10080884750323,138.65582413917267,140.00986806659623,1936400
2020-05-28,141.07838439941406,144.00753181632663,140.12963433254188,143.86936978916665,1914700
2020-05-29,140.1204376220703,140.8665408039402,136.20568690547293,139.3374959118363,2249000
2020-06-01,137.37547302246094,139.04269356556745,135.77272340020443,137.5596937243535,1464600
2020-06-02,140.8849334716797,141.94422713997147,138.27816898885467,138.75715407412696,1335400
2020-06-03,145.85899353027344,146.31033220833373,142.82850842404235,142.89299340955995,1678800
2020-06-04,148.42889404296875,148.64074716201142,143.76804109319247,144.42202673832318,1469900
2020-06-05,153.56874084472656,156.69132921997218,152.5831381799486,154.6556529614428,2061200
2020-06-08,155.49388122558594,156.96767521064842,153.65164577182836,153.8266603887579,1373000
2020-06-09,151.80941772460938,152.78580031391448,150.2619466144221,150.63959421895999,1977400
2020-06-10,148.2999267578125,152.0672941947622,148.26308823977337,151.4501471178525,1311700
2020-06-11,139.17166137695312,144.50494040345774,138.80321994162554,142.98508785866687,1576200
2020-06-12,142.74554443359375,144.86411696528342,138.6465753937729,144.10879405753926,1598000
2020-06-15,143.2061309814453,143.33508686215478,136.4359121063565,136.67541163848614,1321200
2020-06-16,145.81292724609375,150.89750062487826,143.2890598176263,148.95394181530696,2105600
2020-06-17,143.24301147460938,146.393232388133,142.6442905790952,146.393232388133,1131600
2020-06-18,142.65345764160156,144.50491274588322,141.4928546928279,142.34948719082195,883800
2020-06-19,142.65345764160156,146.32872139542388,141.4283697236608,146.22739791183068,2046200
2020-06-22,142.36793518066406,142.52452348733806,139.7795969521516,140.93099396164214,1188500
2020-06-23,141.81533813476562,144.26550141354812,141.56663233113414,144.1918102845038,940400
2020-06-24,138.61898803710938,140.62701759133006,137.3570474099171,139.90854701182553,1985600
2020-06-25,142.26661682128906,142.6350723107208,136.5925287802985,137.44917549497995,1671100
2020-06-26,137.28335571289062,141.7323552387668,136.5004142156693,141.0967818700504,2302800
2020-06-29,142.31069946289062,142.54215918126764,139.17210624678532,139.66279971957022,1094100
2020-06-30,145.4955291748047,146.5139572775251,140.83856218424603,141.50516710108562,1836600
2020-07-01,145.2177734375,148.3008031906646,143.81974827014218,147.8101099190093,1111100
2020-07-02,146.18995666503906,149.9118329988001,145.83814748950758,147.0880215282498,1044900
2020-07-06,148.33790588378906,149.6063006235611,146.6621397781159,149.17115522154674,947500
2020-07-07,146.93060302734375,148.67118435335396,145.95846953936615,146.63434198108246,1118600
2020-07-08,146.63433837890625,147.95828094384692,145.21780629274593,147.45833425992222,1042600
2020-07-09,145.95846557617188,147.86570516724902,144.52342689122233,146.11587058727355,1283400
2020-07-10,147.2916717529297,147.61572094079347,145.3936996393927,146.53249138382114,982700
2020-07-13,151.68016052246094,154.91134276936884,149.67109217771116,150.59693090582687,1829700
2020-07-14,156.9852294921875,157.22595662898016,150.26364468340134,151.36539514960944,1651500
2020-07-15,159.60531616210938,161.09591687761574,157.23517159943054,158.03139336287822,1992300
2020-07-16,160.55897521972656,162.28103608386738,158.22585731055963,159.20725838007732,1142400
2020-07-17,163.4197998046875,163.80865040138684,160.50341326585314,162.02178831699382,1140400
2020-07-20,160.9200439453125,163.0679968007912,159.89236228426833,162.82726966484793,1314500
2020-07-21,162.62356567382812,163.69754198058564,160.51265452036833,161.9754813946392,1079300
2020-07-22,162.47544860839844,162.97539532139442,161.19778660259564,161.27185539844288,1246300
2020-07-23,163.62347412109375,165.16962309854273,162.40137434867674,162.6698613633089,943800
2020-07-24,162.3458251953125,164.58635320234686,161.84586437531624,163.97529625665265,910800
2020-07-27,162.9476318359375,163.58646288018844,160.08679328115912,161.73478524568915,887100
2020-07-28,162.753173828125,164.00306168537563,161.69771830782466,161.92917797567276,850000
2020-07-29,166.88243103027344,167.35460369664162,162.95686973051792,163.6049681430574,1886900
2020-07-30,164.8363037109375,165.95657467083774,163.20683280553175,164.9937087101835,1235700
2020-07-31,163.23464965820312,163.7994119365812,160.50342780460943,163.6975690953268,1409600
2020-08-03,164.44744873046875,165.60474698834486,162.7902038411476,164.22525650634918,840600
2020-08-04,164.90113830566406,165.61403809003278,163.53090092807503,163.79938794632457,672800
2020-08-05,169.2618408203125,169.97472645998096,166.60467409922336,166.65096886045345,1366100
2020-08-06,167.81752014160156,169.6506909661002,166.88242812664814,168.50264587545055,968100
2020-08-07,169.8914337158203,170.08586609570503,166.52138077286617,167.95643385584728,1254600
2020-08-10,175.82606506347656,177.15927531081425,170.7246837940892,171.28019277287328,2631100
2020-08-11,178.8905792236328,181.3255398585306,177.9554870944583,178.03880919833756,1909900
2020-08-12,178.04803466796875,178.5202214371633,175.52975232285502,177.10367525675682,1629000
2020-08-13,175.44647216796875,176.99262144115303,174.47433849410854,174.56692803530686,1324700
2020-08-14,176.9555206298828,178.88126644436684,174.4557453272285,175.18716566834354,900600
2020-08-17,178.67759704589844,179.83489529943563,177.02033803561463,178.91830999685084,1025900
2020-08-18,177.8814239501953,180.37193273355118,177.66847084171448,179.43682644745826,1120900
2020-08-19,177.75177001953125,180.16820949537973,177.70547526093952,178.68686198350582,1512700
2020-08-20,176.92779541015625,177.8073394202586,175.33535158827098,176.10379946616038,1558700
2020-08-21,184.704833984375,187.8989749045338,181.4643983004386,182.16803067745198,6446300
2020-08-24,190.1672821044922,191.16718969447513,187.63049285742656,189.21366927951544,3177900
2020-08-25,190.35247802734375,193.8706544446201,190.12101830898715,190.7228079258423,2706800
2020-08-26,195.3612060546875,196.5462783819789,189.57471456315656,191.269000967138,2039900
2020-08-27,194.2687530517578,196.6944461365223,193.33366096902446,195.5001203253643,1875400
2020-08-28,194.3335723876953,195.16683584368272,193.26886334231025,194.73169044634238,1261400
2020-08-31,194.48165893554688,195.7500533286769,192.36149470430556,194.42611087850122,1944500
2020-09-01,201.54583740234375,201.57361143434628,192.82443817410106,193.05589785890746,1873400
2020-09-02,201.00885009765625,203.4160364808046,199.67564004712352,202.0550523981506,1983000
2020-09-03,195.17605590820312,202.50869678537637,193.5651055965619,201.15698018198034,1975200
2020-09-04,195.666748046875,198.12948238669009,192.7410943556891,197.37955529781783,1662300
2020-09-08,194.64833068847656,197.42584675015883,192.54667291286069,194.29650746663344,1918500
2020-09-09,199.5367889404297,201.18478093049,195.22237659468547,195.22237659468547,1569200
2020-09-10,199.1571807861328,202.04579326273776,197.76842261435294,199.90710793854535,1840300
2020-09-11,199.9441375732422,202.30501502386645,197.20364872708595,198.24985100863546,1902400
2020-09-14,202.1383514404297,202.86975774816864,200.62922994046045,201.74023348013392,1249300
2020-09-15,199.7682342529297,204.57333970298527,199.23124607404011,203.50861664707068,1740200
2020-09-16,199.42567443847656,202.6846310120742,198.9257276959941,201.05515978886496,1572700
2020-09-17,203.62896728515625,205.1658629278439,196.2870589994644,197.94431819464492,2094000
2020-09-18,205.5084228515625,208.665536293308,203.1753053097118,203.19382603981555,3063600
2020-09-21,198.3239288330078,201.32363740180563,194.5927855986351,200.212633704948,2134000
2020-09-22,201.44400024414062,202.81423766114,198.62018918461135,199.13865663281769,1622400
2020-09-23,198.63870239257812,204.30483090078314,198.48131150370332,201.44399261494848,1683500
2020-09-24,200.4626007080078,203.11049997396253,195.70379032118595,197.85172877435886,1025900
2020-09-25,202.99014282226562,204.54554511734977,198.89793730532898,199.009033432927,1225400
2020-09-28,205.44358825683594,207.72115752377582,205.07325845226225,205.591725829536,1191500
2020-09-29,204.55172729492188,206.60486884135008,202.59150764469857,205.91738856671253,892800
2020-09-30,205.89881896972656,210.01437300073508,204.60748103536798,205.6665638435777,1883900
2020-10-01,203.49264526367188,207.89620756249045,203.05601866780748,207.63608295503903,1383800
2020-10-02,208.83453369140625,210.4417495301957,199.758012668323,199.97168343635624,1403600
2020-10-05,210.85047912597656,214.71519326966452,208.8902454879435,211.1291739092348,2071500
2020-10-06,210.07012939453125,214.26930639295463,209.96793656351667,211.13851156890723,1385800
2020-10-07,214.20428466796875,216.02515708959285,211.91888777468873,212.99655506341358,1029200
2020-10-08,217.61380004882812,218.143334442813,214.3343583201908,214.5944829656097,1148300
2020-10-09,218.14332580566406,220.18716829977296,217.00063443169404,218.33842636986842,1091500
2020-10-12,219.73194885253906,220.74457787012918,218.3848718632267,220.30793706883273,1234800
2020-10-13,220.38226318359375,220.7167111595169,217.84604096868512,219.3789192558243,1311300
2020-10-14,221.54351806640625,223.5780752138863,220.26146525002642,220.54017423303,1062500
2020-10-15,221.32989501953125,222.36110855586477,217.73457529786523,218.0039992372639,1225200
2020-10-16,223.0206756591797,226.12360095931737,222.69552696527288,222.96493669312304,1652600
2020-10-19,221.26483154296875,225.65909495103455,220.2800719886951,223.19719606535045,905500
2020-10-20,221.91514587402344,224.86013947079883,220.8839324424429,222.77914240218897,968100
2020-10-21,219.62042236328125,224.74861906829403,219.30455882158336,222.51897572301544,1506500
2020-10-22,220.06640625,221.10690479515551,218.20836503323397,219.30460254677575,1246400
2020-10-23,222.52828979492188,222.96493058470855,220.28934688145893,220.28934688145893,820500
2020-10-26,217.62307739257812,220.63310926532614,215.30052587291348,220.27079179528764,1010500
2020-10-27,212.29049682617188,217.93894389827585,211.81670141311577,217.57662642341418,1395700
2020-10-28,207.51535034179688,211.3522103897211,206.71639196845922,209.02965862719668,1375200
2020-10-29,211.83526611328125,213.49820663167475,205.99171901652653,206.30759677161234,1190700
2020-10-30,209.87503051757812,212.3647987239376,206.80925994536537,211.47294695701683,1306200
2020-11-02,215.25408935546875,215.75576846255694,211.35220532311126,212.27194090228588,1435900
2020-11-03,222.9277801513672,224.4699435097408,217.78099830279146,218.88653503897658,1571800
2020-11-04,216.7405242919922,222.96495992131617,216.64761655506615,220.5495005185431,1992600
2020-11-05,228.5576934814453,229.5517383325592,220.48450073344296,220.93972601336282,2031800
2020-11-06,230.06265258789062,232.59887476596862,228.64125225479086,229.07789305523104,1481600
2020-11-09,231.20530700683594,246.99865412071935,230.72222659575795,242.09342744528897,2219500
2020-11-10,235.94337463378906,238.6653983226237,231.78136610829415,231.78136610829415,1852800
2020-11-11,231.65130615234375,236.22208607696976,228.5019266967776,235.93409194184042,1659000
2020-11-12,230.40640258789062,234.29900131673855,229.34731963099773,233.04483196490034,1275700
2020-11-13,233.91807556152344,234.66129482877156,231.40043783618432,233.0169386792694,976700
2020-11-16,240.70925903320312,241.86123558084384,235.60893049897774,236.90026865126325,1927500
2020-11-17,239.8824005126953,241.28523068721535,235.5067214374145,238.29378322957325,1411100
2020-11-18,239.06488037109375,242.10279615565733,238.99057119094462,240.09610807409445,1618400
2020-11-19,237.44834899902344,241.10869208039836,236.9002302997204,239.02769520827064,1700400
2020-11-20,240.20755004882812,241.22947831947783,237.3647494468571,238.423846477746,1614900
2020-11-23,242.57656860351562,244.10947535902096,241.6940159958341,242.19569508584422,2094900
2020-11-24,242.94818115234375,245.41937929939454,241.55465028117317,244.93627045245552,2345300
2020-11-25,238.22874450683594,246.99870119673477,236.44502666451012,244.34171590222547,3037900
2020-11-27,243.3569793701172,243.5892345409795,239.82668376213326,240.26332461741285,1072200
2020-11-30,243.05035400390625,245.47511240460224,239.7894827707645,244.27666794560406,2342200
2020-12-01,237.02098083496094,246.51557052298372,237.0116815584315,244.53675252100325,2086400
2020-12-02,240.61634826660156,241.95414027025473,236.3335625045568,237.02104288858135,2773200
2020-12-03,234.74490356445312,241.36882455996107,234.04813815849855,240.14251064113134,2079900
2020-12-04,235.40451049804688,237.59699950626774,234.84709251219834,235.8411512792916,1655000
2020-12-07,234.12249755859375,235.5067434815313,232.75683601854774,235.16301036455732,1598400
2020-12-08,234.67059326171875,236.75159019164687,233.43499424670975,235.15367373432156,1303600
2020-12-09,236.74234008789062,237.3647822384655,233.7416072796774,234.57772021609603,1373800
2020-12-10,235.4602508544922,236.1941850127257,232.83112104947236,235.59031316186253,1158900
2020-12-11,237.61558532714844,237.82925608020406,233.0169365310558,233.59292472439196,1403600
2020-12-14,234.78208923339844,240.38408236666763,234.5869886683596,239.68731691053236,972900
2020-12-15,243.39405822753906,245.36357704210607,237.8106504353734,238.1357990869088,2051100
2020-12-16,242.5858154296875,243.75639026945163,241.2108833082672,243.2547112879164,1210700
2020-12-17,245.7537841796875,245.85599117430394,242.97602204250535,244.36025347250637,1525000
2020-12-18,251.48594665527344,252.18271226844675,245.78174522672455,246.19051665457013,3274100
2020-12-21,248.7453155517578,252.69365389384922,246.7293279706809,247.04521998733694,2147000
2020-12-22,250.14808654785156,251.37437214724713,246.40413480281234,248.58731045064846,1531700
2020-12-23,248.92178344726562,252.11761660011874,248.8195764378439,251.46729083531557,938600
2020-12-24,250.1016845703125,250.4454177341198,248.34584998042894,248.912539066389,289900
2020-12-28,248.51300048828125,254.1428628293571,248.42009276173243,254.0220856199894,691900
2020-12-29,246.50631713867188,250.40821491278024,244.1930649684057,250.06448183463155,892800
2020-12-30,247.96908569335938,250.02811095382583,247.36349337356324,247.82933799385245,792800
2020-12-31,250.6709442138672,250.8013943373387,247.31688615693758,248.53739661904262,805300
2021-01-04,249.3572998046875,255.0499069102174,245.82618993593408,253.24242766971966,2800000
2021-01-05,255.54373168945312,255.9909527746367,249.1803064895353,249.3666272836867,1829200
2021-01-06,270.5252380371094,272.83583728031687,255.88840998795445,256.2145068650891,2778300
2021-01-07,279.25518798828125,280.02847744135624,273.44142859060474,273.6930028480893,2227300
2021-01-08,273.83282470703125,279.9540306596024,270.5532883777418,277.22415921086764,1781000
2021-01-11,274.7737731933594,275.0159930349617,269.258160983839,269.70538200609076,1303700
2021-01-12,281.4539489746094,282.8235330508117,273.8234131833242,275.8917640650809,1952300
2021-01-13,280.6434020996094,283.2334967549872,280.0750569427254,281.0253980565225,1203800
2021-01-14,282.1620178222656,285.4229293047649,281.32350341334416,282.208590898859,1370800
2021-01-15,275.2209777832031,280.55956701458393,272.99425543055486,279.6558273736604,1766300
2021-01-19,274.8389892578125,279.29246251672464,274.2892960392635,277.87630516213557,1509600
2021-01-20,280.3825378417969,281.5471492907866,275.78931711087677,276.59055613999124,1327500
2021-01-21,284.63104248046875,285.23663475661374,279.5067520266469,281.3701303734912,1931000
2021-01-22,284.3235778808594,285.9912809141491,280.72724313530665,282.1993278498281,1429900
2021-01-25,277.8297119140625,284.63103123825016,276.134030861514,282.4322585236105,1539600
2021-01-26,275.789306640625,281.5191890655418,275.2209614899888,280.38252719716496,1364200
2021-01-27,261.5531005859375,270.7861433074331,259.8946950662407,269.9942018576737,1769900
2021-01-28,272.9476623535156,276.9725665550724,263.4257975125661,267.65567447715296,1504200
2021-01-29,269.07183837890625,272.9383714315656,265.9972752916024,272.1464298991089,1734300
2021-02-01,272.2489013671875,273.93525659532554,269.8637792180122,272.1650527486109,1163400
2021-02-02,281.8733215332031,283.43855291516627,275.5191929450403,275.9943636417772,1637100
2021-02-03,280.56890869140625,281.6775927181094,279.00364917420995,281.6123960809378,1185300
2021-02-04,288.14349365234375,288.4136914674933,281.32355067227553,282.16206522205727,1459000
2021-02-05,288.1155700683594,291.63735424099957,286.03792127038776,290.7056650055614,1228100
2021-02-08,295.38275146484375,295.52249915804447,290.6870299430144,290.6870299430144,962300
2021-02-09,293.7895202636719,296.52868857501426,291.7770967678531,294.4323880367152,1066500
2021-02-10,292.21502685546875,296.0908290725737,290.1000740838009,295.8579067625943,1070000
2021-02-11,292.97900390625,294.24611611595833,287.9385614743853,293.19330267713684,995400
2021-02-12,291.6187438964844,294.21816494226897,290.9479264792787,292.59700626483,1721600
2021-02-16,295.42938232421875,299.6965356103952,294.4790693917178,295.16851043493006,3099600
2021-02-17,290.761474609375,295.8112412219666,290.11863539301,292.69940354515325,1999600
2021-02-18,279.7397155761719,290.1839447893438,278.146534815868,289.6063019658945,3110900
2021-02-19,307.4573974609375,312.31148962327705,294.29262616584697,298.1405066287879,4870100
2021-02-22,314.4544372558594,315.42337357147835,306.0785318466034,306.99159751663905,2312500
2021-02-23,314.36126708984375,315.6283507972046,305.59406800732006,308.8736038671647,2222700
2021-02-24,322.0477294921875,322.9141937244002,315.1066327770789,316.24329486972067,1941300
2021-02-25,324.2557067871094,328.9048255871646,318.9264448121427,322.094181581511,2883000
2021-02-26,325.2712707519531,330.19991369925225,320.5569265181515,322.55075469717457,2537800
2021-03-01,334.9515686035156,338.49197592836003,330.1347232854956,330.8055405971699,2098800
2021-03-02,327.4328918457031,335.2870258682789,326.06330742910905,335.2870258682789,1882000
2021-03-03,319.6252136230469,327.36754663702317,319.392291382114,326.0352382427811,1929100
2021-03-04,314.8643493652344,320.0538361527891,308.1841258667349,317.39854490804936,2499400
2021-03-05,325.93280029296875,327.8055045683955,311.3146238017006,319.8488713282165,1979700
2021-03-08,329.5384521484375,335.32423360541867,325.36447466726503,330.2185670069851,1764200
2021-03-09,328.5974426269531,332.9763929256719,327.8334507139178,330.48877042982616,1456800
2021-03-10,336.5447692871094,336.98266434234347,327.03223064843866,327.22787741650995,1403200
2021-03-11,339.5634460449219,341.7622473949594,336.13483653028226,340.06656618624464,1675700
2021-03-12,344.24981689453125,345.4330803188204,338.51993427599456,338.71558103739727,1941500
2021-03-15,348.7964782714844,349.1319011657224,341.0541433603363,343.87716047487515,2004400
2021-03-16,348.0045471191406,350.846216299068,345.65670052125483,350.846216299068,2047000
2021-03-17,353.35247802734375,354.7779614585588,346.8027036635007,350.38968457002045,1753000
2021-03-18,354.42388916015625,365.613485461533,353.2313281309736,354.9735823718289,2753100
2021-03-19,347.0356140136719,353.89283308657633,346.50454432961357,351.7126837041725,3042100
2021-03-22,346.2063903808594,348.19089294884986,343.4765478174923,348.19089294884986,1398500
2021-03-23,333.0696105957031,346.15053679380907,331.5882279680032,342.18153113622304,2911200
2021-03-24,336.2559814453125,342.8616550283398,336.1628068307356,336.81500069987356,1860600
2021-03-25,341.7435607910156,342.6659523621419,329.3148312349422,332.86456453813355,1970600
2021-03-26,346.8585510253906,347.4268677417501,342.61005090572576,345.6846136337032,1586100
2021-03-29,342.83367919921875,347.0449041859202,342.39578413389484,345.18152576886496,1413400
2021-03-30,349.2314453125,350.5296538853216,342.2546608957534,342.76833501039084,1278200
2021-03-31,349.4368591308594,354.44294341189345,344.0011265177503,350.2120445950654,2053300
2021-04-01,347.5502014160156,351.17402302251634,344.9070690498395,350.82845740070405,1561900
2021-04-05,350.0625915527344,352.9859330537272,349.2220211361576,350.80043856958434,1419500
2021-04-06,350.8097839355469,356.62844928861045,350.25874297313885,350.97792083293706,1309700
2021-04-07,350.0439758300781,353.8639244589224,347.8211140870207,350.94058251125165,1299300
2021-04-08,349.37152099609375,349.8011408831716,344.29070219222405,347.7090490825005,1250700
2021-04-09,352.1080017089844,353.1166805255175,347.92379026062815,350.83781145834206,1224500
2021-04-12,353.2847900390625,354.1160115499052,350.98719493605427,352.8831598120871,1165100
2021-04-13,353.6677551269531,359.0194050000446,351.7624412205484,358.2162014773363,985100
2021-04-14,356.31097412109375,357.69326548740696,352.90197574418056,352.90197574418056,1077100
2021-04-15,356.9086608886719,360.4670977822221,353.6770919307803,358.9073494352526,1127000
2021-04-16,357.7772216796875,360.5697932160926,355.67578138577807,360.5697932160926,1092000
2021-04-19,355.5824279785156,358.34698183704063,353.54637238347397,357.5437782271591,1145100
2021-04-20,345.8223571777344,355.6010608513492,342.42270846308566,353.3688790103287,1807400
2021-04-21,350.8004455566406,351.0152412158414,343.095164329769,346.2333015481882,1819900
2021-04-22,344.0384521484375,352.3321410843778,341.4607047648458,351.05260199676957,1880200
2021-04-23,351.42620849609375,352.75246344464904,344.53350781387576,344.53350781387576,1301300
2021-04-26,355.3302307128906,358.45901914669406,352.12667993475657,352.12667993475657,1235700
2021-04-27,357.1141662597656,358.17890994712184,353.53705956989285,356.3109625679973,925700
2021-04-28,354.7231140136719,359.12214959795995,354.4896206451788,356.01200196817115,891000
2021-04-29,351.5382995605469,357.5624115376536,347.5035271974611,357.5624115376536,1104500
2021-04-30,346.3641357421875,348.8671782975738,344.27201537269707,347.95187385450834,1196700
2021-05-03,349.0912780761719,352.80850300811704,347.3260829155694,351.6410360888314,924600
2021-05-04,354.51763916015625,355.8438940360315,343.59016660234715,347.29804243883746,1692300
2021-05-05,353.84521484375,358.0294267195136,351.0339737655663,357.39433152931895,1460800
2021-05-06,364.1656188964844,365.1836466137902,353.6210498664705,354.7604987018916,2010900
2021-05-07,368.1910705566406,370.69411294242616,358.95405805105133,362.20429641196006,1597200
2021-05-10,365.5572204589844,373.90694578943834,365.4451481999355,371.7214512301571,1601300
2021-05-11,357.898681640625,363.4838253197072,352.5843697736123,360.71927154702195,1588500
2021-05-12,348.9605712890625,362.87677264968806,347.83047117959353,359.3743715436944,1631600
2021-05-13,353.144775390625,354.7605601222081,342.27333654824486,344.1412839131486,1483400
2021-05-14,358.64581298828125,361.176873114838,355.49832695033786,356.60040880587377,1143600
2021-05-17,358.22552490234375,360.1868749549373,353.7704815635773,356.7685285210135,1170200
2021-05-18,345.2806701660156,360.81265424154304,345.2806701660156,359.79462653308474,1664800
2021-05-19,334.75482177734375,338.26654304265253,327.8433945102474,337.93032623641926,2800600
2021-05-20,331.76605224609375,335.2964707703682,327.3857144563781,334.3064611870209,2947000
2021-05-21,335.9969787597656,344.06652377245535,328.9174719152324,334.17571896794584,3614400
2021-05-24,335.63275146484375,338.5560934999594,332.7841432819187,337.66883564914315,1914700
2021-05-25,336.8748474121094,343.5153842004808,336.57596910168417,337.89287493580355,1682300
2021-05-26,334.1197204589844,337.3979770523571,331.27111226138703,335.931631598658,1949800
2021-05-27,338.2945861816406,339.4994201651594,335.02567842214114,339.38734788810905,3337100
2021-05-28,337.2579040527344,339.5368021290649,333.9702984330498,338.65886458313685,1348100
2021-06-01,340.53607177734375,344.86972259561384,338.0984145690242,340.3492941747279,1483500
2021-06-02,333.15765380859375,341.1898309968452,332.2703961527925,340.4426636548434,1882700
2021-06-03,335.21246337890625,339.4340137292971,331.149672576771,331.77544742092726,1336800
2021-06-04,333.0923156738281,337.57537697793373,331.8501149836489,336.48261546490585,1279300
2021-06-07,331.9621887207031,335.95027374077324,329.6459527210535,333.4939189163761,1537000
2021-06-08,333.0362854003906,335.735482717998,329.1603007580519,333.35386149873045,1521700
2021-06-09,326.4517517089844,332.4105071153297,326.15287335257506,332.2797371459223,2000800
2021-06-10,318.89593505859375,331.0002244326186,318.2701602313579,328.6466213190227,2232000
2021-06-11,319.01727294921875,323.62175456459227,316.2620402611194,322.5757090092445,2028400
2021-06-14,313.385498046875,319.8205610897233,309.92043559811464,318.52235265545755,2775000
2021-06-15,315.7764892578125,316.64507789103413,313.59099438908714,314.64638914891293,1722400
2021-06-16,314.3381042480469,317.55097521870357,313.0025290458412,315.7764313518265,2264600
2021-06-17,306.6982727050781,314.66506682434976,300.64611317323937,313.5723051092875,3387800
2021-06-18,307.2492980957031,309.9391466395607,302.09377405505103,302.7101715522903,2930600
2021-06-21,315.5710144042969,316.39291575843646,310.58359864452785,310.98520046446913,2010700
2021-06-22,319.5122985839844,320.0259725412757,313.49750774437956,316.42084898040366,1677400
2021-06-23,324.789306640625,326.1155616416724,318.9426230134765,320.05405383402285,3352700
2021-06-24,327.46978759765625,331.31775389940077,323.6498393611143,326.47977795701746,2140200
2021-06-25,326.88140869140625,332.3918756921651,324.2196067534608,330.7107061232073,6604800
2021-06-28,326.7880859375,327.77809582280446,322.31434373713427,327.2457239497775,1304200
2021-06-29,326.7318115234375,330.2619904612756,325.9452539591324,328.4828415437957,1213400
2021-06-30,330.2713623046875,330.9081239272972,326.02020763300266,326.02020763300266,1643600
2021-07-01,331.7508850097656,333.5300056213251,329.53166358485186,333.033724157425,1467900
2021-07-02,330.07470703125,333.2677735837216,328.86676605952545,332.0130249350629,1131800
2021-07-06,327.2187194824219,330.5428643363796,322.35889434674135,330.0746733104074,1924000
2021-07-07,329.494140625,330.1308735999596,326.06697868173273,326.2168032480963,1309100
2021-07-08,321.7221374511719,325.252316126382,317.9017111978945,323.0518125575069,1621000
2021-07-09,327.246826171875,328.40793083001586,325.4395870033674,326.9846403272589,1325400
2021-07-12,331.741455078125,332.1815558159081,323.8102974086231,325.60816364572594,1608000
2021-07-13,328.45477294921875,333.35206212685523,328.2768580457021,333.35206212685523,950100
2021-07-14,323.5855712890625,330.9642668578975,322.6117258973289,330.90808621761613,1409400
2021-07-15,324.0818786621094,325.59881322363185,320.5329821936812,321.08544425151246,1516200
2021-07-16,320.7015686035156,326.29177214416274,320.2427504154076,325.505214431926,1153900
2021-07-19,313.6412048339844,315.8791432576842,308.004166141362,313.68801250988327,1848600
2021-07-20,325.8890380859375,327.06888859290143,313.6879813283595,315.9727557769595,2053900
2021-07-21,330.54290771484375,332.04112490979435,328.5858723985839,329.60652554001416,1478900
2021-07-22,328.9791564941406,331.71340518090915,328.75443390316053,330.15900724902184,810600
2021-07-23,332.1347351074219,333.0430268677956,329.1851086954107,329.8873952552013,796800
2021-07-26,332.846435546875,334.1854839182841,328.7263592511496,333.0150060742644,865500
2021-07-27,331.02978515625,334.89704774829204,328.239384825303,329.981041790838,986900
2021-07-28,331.0672302246094,334.1760254411054,328.77308280691716,331.7695167513178,1250400
2021-07-29,336.9102478027344,339.0732880370141,333.4831146706874,335.72105289495374,1392600
2021-07-30,338.5864562988281,338.79246153805957,334.41019944108353,336.8260530865082,1053900
2021-08-02,333.3052062988281,344.0361367248004,332.6497274251807,340.7494265438155,1148300
2021-08-03,342.5847473144531,343.5117850412436,331.81635297821424,334.8315045354057,991500
2021-08-04,337.7249450683594,343.2776840711134,337.6125552122613,341.1520784123299,825500
2021-08-05,341.1427307128906,341.77946367736473,338.34292882525574,340.7026299864807,794400
2021-08-06,343.5398254394531,345.23467453738573,342.3131673315817,343.6521867048902,665400
2021-08-09,345.8246765136719,347.3228937296226,340.1595471308764,341.69522763565794,923300
2021-08-10,352.66033935546875,353.4094624305733,346.01201851654827,347.39787477339917,1184000
2021-08-11,361.5184326171875,361.73381081381547,351.57405807642334,353.39064185772077,1651500
2021-08-12,361.087646484375,363.8031487512696,359.2710629964559,361.50902984307965,1314000
2021-08-13,359.5707092285156,362.6045779432752,358.2972433498653,361.5839249321507,814300
2021-08-16,358.6624450683594,358.96209420735596,354.52362349229884,356.761590493029,910400
2021-08-17,352.38873291015625,358.26921251974164,350.309963093411,357.2298418994288,1206300
2021-08-18,347.96893310546875,352.089037142907,347.79104679923313,350.4409955279317,1374500
2021-08-19,336.1424560546875,345.1129839861019,332.3032837350693,345.1129839861019,2281000
2021-08-20,329.07275390625,343.81142756341075,322.8271013139919,339.9067016404968,3498300
2021-08-23,339.7194519042969,340.13146235981094,329.84063109058286,331.61975156151163,1946800
2021-08-24,344.56988525390625,349.27051296947275,341.7700834259598,341.779456391039,1638700
2021-08-25,352.4261169433594,355.1790825295406,344.3732253843298,345.5249856238099,1657500
2021-08-26,355.64727783203125,358.6062486532116,351.20883588831754,351.414841090302,1490400
2021-08-27,355.3476867675781,358.5314092413757,354.0554747054562,355.90014885950654,1115600
2021-08-30,356.7615966796875,359.2336592551057,352.78197256974346,356.7615966796875,1378500
2021-08-31,353.9804992675781,357.2297460694985,350.0195929752657,356.76155505236943,1589800
2021-09-01,352.74456787109375,355.51628005106676,345.7029832696952,354.13979692842906,1895400
2021-09-02,360.46026611328125,360.4977008188743,353.7651118821305,354.97305267611824,1333700
2021-09-03,364.571044921875,367.9982072274787,359.57076736730744,360.2543366655902,1902000
2021-09-07,348.0906677246094,362.55778239287025,346.70484052516883,360.9378310956687,3627000
2021-09-08,346.67681884765625,348.7181253423341,339.0640264041678,347.85664107860737,2427100
2021-09-09,341.6296081542969,347.6224472864981,339.9347590069738,345.3564188311883,1725300
2021-09-10,339.9722900390625,345.0193752052192,339.7194485579639,344.14854662305385,1235500
2021-09-13,338.5208740234375,343.3806998035887,334.27906390865934,342.71587645985613,1832900
2021-09-14,333.3333435058594,339.4666354424021,332.43439602535915,339.45726247611043,1410800
2021-09-15,336.88214111328125,337.8747037450141,331.4979446250974,332.4905072568302,1403500
2021-09-16,332.72467041015625,338.32424618384476,330.72082738668445,337.64067689895296,1681800
2021-09-17,326.88165283203125,331.7882863265594,325.83290935925726,329.1477102883665,7677100
2021-09-20,318.1171569824219,320.7109255674919,313.37906501049235,318.969268272188,2410000
2021-09-21,315.5139465332031,322.9769126941108,312.4987951570947,320.94495105051294,1503800
2021-09-22,319.1565246582031,323.5481597242762,318.2856960185218,319.91499199936027,1336800
2021-09-23,329.1382751464844,329.8967422853419,323.01432882523585,323.0517921067912,1497600
2021-09-24,327.031494140625,330.88938435973995,326.34792482466804,327.6026735849353,1193200
2021-09-27,329.9998779296875,333.16482624543215,326.5914324842561,326.5914324842561,1291500
2021-09-28,331.423095703125,333.8764123287559,328.1738485461879,328.41731704605246,2018700
2021-09-29,329.5260009765625,334.015224633001,329.4602523120716,333.22632664254274,1320600
2021-09-30,314.6871337890625,331.00988366897053,314.56503732248365,331.00988366897053,2079500
2021-10-01,321.38336181640625,323.6937075080198,313.3534567018122,317.5327665562914,1740800
2021-10-04,317.85211181640625,321.72148050575925,316.33066380371315,320.0121873744769,1464500
2021-10-05,317.7113037109375,320.38793953186166,312.5177033168632,316.3119232276191,1401400
2021-10-06,317.8145446777344,318.0023898008258,309.61562382145917,313.21262577341184,1534700
2021-10-07,323.15850830078125,326.6052695474693,319.7211479113173,320.4724999604939,1139200
2021-10-08,322.2943420410156,324.33232084715723,320.6601699937935,323.13018677878046,1168200
2021-10-11,312.3579406738281,323.1114277692276,312.24524507832524,322.15345788517664,1052100
2021-10-12,310.48907470703125,314.1142509262176,309.79407061055224,313.0436138680308,1410000
2021-10-13,308.9862976074219,312.63027433519983,307.1079614517537,311.8507487803618,1771800
2021-10-14,309.7095642089844,312.63039294296186,301.0034831425009,301.9708254832213,2403800
2021-10-15,312.517578125,315.5604735195178,311.4938883615497,312.6960223523215,1435000
2021-10-18,311.65362548828125,313.01543107624724,308.64830392963853,310.57358760531366,1154000
2021-10-19,322.21923828125,322.9236144836763,313.77612470639855,314.53684871212766,1433600
2021-10-20,323.1208190917969,325.00855641164844,321.14858873145397,322.74515753083347,1001900
2021-10-21,322.0689697265625,324.0788035927815,320.03099061967515,323.008138001736,876400
2021-10-22,319.9840087890625,325.0649124983202,319.01666663088366,324.05062339175174,825700
2021-10-25,331.263427734375,332.23076988965755,318.4907337463183,319.58957321452306,1564800
2021-10-26,320.397216796875,332.3246640699763,320.25634730301624,331.8644521751869,1386300
2021-10-27,317.6549072265625,325.0273555176237,317.45766124580194,321.89053680731536,2003100
2021-10-28,328.4271240234375,328.5116457203043,317.6548638519662,318.64097897654983,1897900
2021-10-29,321.4866943359375,328.1078193011301,319.8337489776796,327.30014833088967,1562500
2021-11-01,336.9266357421875,343.38811838763934,324.7456214512786,326.00410356426073,2391200
2021-11-02,333.68646240234375,338.15691237212405,329.1690654852735,338.15691237212405,1371300
2021-11-03,322.1816101074219,325.9195095198955,315.04395536850916,325.0930369936291,2948400
2021-11-04,329.5072021484375,329.51657434181436,323.3744343263843,323.8533906674257,1334000
2021-11-05,333.5924987792969,336.8607852105395,329.65738240462355,331.33847255772184,1422900
2021-11-08,338.9082336425781,343.21904103909065,336.2222262627424,337.16139449252665,1540500
2021-11-09,334.16546630859375,341.0777598130645,330.5872374236889,339.9789203050437,1394500
2021-11-10,331.1601257324219,333.958857628606,328.84040750950555,332.37166088366354,1067800
2021-11-11,334.3533630371094,336.7858058394835,330.83148141300956,331.59220555092344,782400
2021-11-12,337.0299377441406,337.3023045886762,332.02418308785604,335.48971656572354,1011100
2021-11-15,339.1806335449219,341.6224769128159,337.76250886917006,340.08222710835537,975400
2021-11-16,339.98828125,343.92339820825566,336.4100527851251,337.98784844530934,1162200
2021-11-17,332.0147399902344,338.48562280625924,327.95755504795613,338.10056039536113,1647600
2021-11-18,335.3864440917969,343.4726996555616,335.1892267349678,342.3081399051358,2228000
2021-11-19,325.0931091308594,333.26388500181326,324.51082935663896,332.21202106629994,1742000
2021-11-22,327.91998291015625,333.12298293398186,322.2379979170511,326.61452531197847,1707000
2021-11-23,328.03265380859375,331.60148135246766,323.91909268163255,327.75091482502285,1680300
2021-11-24,345.482421875,351.8500101834408,337.0017336457046,337.41496997240824,4482900
2021-11-26,337.44317626953125,339.32151296718774,327.57253641292397,333.4047638340272,2308700
2021-11-29,326.9150085449219,344.6746801063596,325.29023747327847,343.7355120406747,2902000
2021-11-30,324.52020263671875,330.8032404738352,321.0546695279544,325.14005711629306,3681500
2021-12-01,320.77294921875,332.21204188724374,320.63207969376185,332.10871846148945,1755200
2021-12-02,329.29119873046875,332.5782879199242,322.56674997784546,323.90038163132755,1969800
2021-12-03,327.9951477050781,331.5640046570365,324.0130830444457,331.16954133634005,1379600
2021-12-06,332.94451904296875,336.1282842538819,329.18784634125194,331.2915738826491,1543500
2021-12-07,339.3591003417969,344.64662292804434,337.3023192885115,337.8094782408524,1478900
2021-12-08,339.0960998535156,341.8572569137875,335.99685596683076,340.2418863115954,1182900
2021-12-09,339.90380859375,342.14840595896294,336.22225619435056,337.9597233063543,897900
2021-12-10,336.5603332519531,341.8572561429445,335.6023919181349,340.78659053943454,1200600
2021-12-13,330.04254150390625,339.4811715947811,328.12663011830114,337.2741203247387,1375000
2021-12-14,327.3470764160156,332.7942693685645,324.961609738261,328.5961862171678,1799800
2021-12-15,323.0175476074219,328.8779486317123,317.45765865686127,328.2299202113946,1982700
2021-12-16,327.1029357910156,330.37122313746903,325.8914006568258,328.49288653425964,1945200
2021-12-17,325.91961669921875,329.06583664861347,320.7823642787742,328.0515187014946,2976500
2021-12-20,318.05877685546875,322.604348516037,315.861126217579,322.07841649984863,1784700
2021-12-21,328.530517578125,331.07565608640897,321.34588457214426,321.9187635769255,1518500
2021-12-22,325.891357421875,330.21153676834075,322.641843554545,327.8448146191514,1582400
2021-12-23,327.976318359375,330.10821984502275,325.23393461777766,326.83053201448786,997800
2021-12-27,329.4132995605469,330.36186876791083,327.2532238147712,328.70892329634046,953100
2021-12-28,328.4929504394531,331.6579723069453,327.6665062486234,328.03276705370797,718700
2021-12-29,324.6798400878906,328.06085144103446,324.482622785123,327.16863015994795,1417300
2021-12-30,322.2023010253906,327.87330742621884,322.0233131470173,325.7631708581813,1538800
2021-12-31,323.01251220703125,324.00163169230206,321.28858210606785,322.4849492332998,1004700
2022-01-03,329.81390380859375,329.99289169684386,324.0486884038908,324.0581178975217,1570700
2022-01-04,349.7660827636719,352.0834668975643,332.2631614740179,333.5819968043447,3034100
2022-01-05,350.4820556640625,364.14148309013416,350.2277180545392,351.41468439589755,3310100
2022-01-06,354.5421447753906,356.4921523877667,346.8928712169273,352.7994135139689,1600700
2022-01-07,356.69940185546875,359.85520587659033,354.8436029160623,355.02259078954216,1791700
2022-01-10,357.83929443359375,363.5197596371361,352.30958614089485,359.16755941294144,2120000
2022-01-11,358.4892272949219,361.29648486971473,353.9580688048871,360.6841715937415,1249900
2022-01-12,354.43853759765625,361.6073670438952,350.9247578256501,360.13780357991146,1458900
2022-01-13,358.3385009765625,361.92762992657623,356.63340167699135,356.72761034662585,1325100
2022-01-14,357.55670166015625,358.0465466328192,351.838575904384,354.82482195963155,1309400
2022-01-18,361.6545104980469,365.5074072952361,357.5001573931497,358.5740847086883,2685500
2022-01-19,354.10882568359375,365.60159521299954,352.89359977675355,364.79143502562135,1919100
2022-01-20,345.7059631347656,358.0653843907634,344.6697250343636,353.8262520469465,2014300
2022-01-21,343.1625061035156,349.5965549578203,338.9987230521396,346.28062145766586,1493300
2022-01-24,342.9269104003906,344.3587845262839,326.89358274311235,335.89938016969046,2251800
2022-01-25,346.87396240234375,348.7957098494292,330.4638025447903,337.4159820238063,2511900
2022-01-26,350.6610107421875,358.71537927135284,345.2914604711994,347.9668204875206,2296100
2022-01-27,354.1654357910156,360.68429318812264,348.9748723110259,353.91109815174764,2030000
2022-01-28,352.12115478515625,355.27695882148987,343.40738339666484,350.5479531392116,2100300
2022-01-31,354.5798645019531,354.94726977145154,345.74362402823516,352.3189996655552,2191600
2022-02-01,355.97412109375,357.5472942995374,349.5212131052948,353.26107146514414,1622500
2022-02-02,352.7711486816406,357.6791133694983,345.60229063612996,356.62404513510194,1642900
2022-02-03,349.38934326171875,355.06035063549047,348.3907655196791,349.82266879232947,893700
2022-02-04,348.0704345703125,351.17914884620785,342.46537687708604,346.79871787628645,1102400
2022-02-07,350.6234130859375,352.7994990656548,347.326309632007,348.85239291664396,1087300
2022-02-08,367.2783508300781,369.23775892601276,352.5355995301513,354.57978680467227,2647500
2022-02-09,372.4784851074219,376.46328052597653,369.74660511233503,369.74660511233503,1630400
2022-02-10,370.3588562011719,376.0675521167913,367.47624851104547,370.02914015850644,1402300
2022-02-11,369.9066467285156,376.5573710861359,364.8667843757649,371.4138705643142,2390200
2022-02-14,364.810302734375,374.6356621559995,361.6921878220415,371.26318091495796,1799900
2022-02-15,370.5943298339844,373.04361182291643,366.4964965301783,368.09795787829444,1590800
2022-02-16,367.9190368652344,371.1973098536968,363.06759072097816,368.7668576601161,2174900
2022-02-17,358.4704284667969,368.0320206479127,357.1233333919379,364.1226045835299,2570300
2022-02-18,347.70306396484375,370.17987208109145,344.78276701908914,357.75450175667453,3729400
2022-02-22,333.2712097167969,348.99368504897006,331.7922164384543,344.057459455833,2359000
2022-02-23,317.9537353515625,335.3530185680377,317.708827269905,334.4204187125419,3068300
2022-02-24,322.8899841308594,323.8602731961718,307.8080852748861,309.99360023216684,3599900
2022-02-25,326.86541748046875,328.1183041091574,318.405981930618,322.8335322319958,3424600
2022-02-28,339.14947509765625,341.3821093249969,325.9422308891099,327.8262900271973,3265400
2022-03-01,337.85882568359375,340.8921613859233,330.2849015466889,340.1856393628508,2863200
2022-03-02,354.1842041015625,359.12042867848436,339.4979700371594,339.86534653315533,2564200
2022-03-03,359.789306640625,363.7081526645437,353.86396200511246,356.3132156151611,2961400
2022-03-04,367.4573669433594,368.12619968039786,352.79939369453797,356.9066275426024,2404400
2022-03-07,347.60888671875,381.98353409476397,346.7045464451478,371.4610806420082,5456700
2022-03-08,343.7747802734375,366.4494347143918,343.0117387632403,352.1870958725216,3512000
2022-03-09,347.47698974609375,352.28134597586285,343.1248180286007,347.84439505265414,1744600
2022-03-10,356.2284851074219,357.60384026465255,341.2973102976072,343.3697869031288,1768800
2022-03-11,366.90167236328125,369.5958630247363,360.2697764104122,360.76905091228474,2144300
2022-03-14,371.0277099609375,376.3878598975265,364.047296948853,370.2175784231897,2466500
2022-03-15,365.9502258300781,372.1016777322706,359.6103565157254,369.7371743274265,2197700
2022-03-16,365.6958312988281,377.6407574106797,359.86466690580744,367.3914727506022,2271500
2022-03-17,382.605224609375,383.62263243271957,361.7581099570649,362.24798363069567,2783800
2022-03-18,389.199462890625,390.8762741676013,380.6552488493574,384.0277303913892,2941700
2022-03-21,397.8095703125,402.0581030044426,390.38637465770967,390.94216850770135,2750200
2022-03-22,402.76470947265625,410.98863752549516,398.6763048087568,400.3625456978529,2234400
2022-03-23,406.5045166015625,409.78278926512763,396.1704529269382,398.619735118214,2633500
2022-03-24,407.1639404296875,410.2349654129422,401.14435888252837,405.4871292805235,1878500
2022-03-25,411.14874267578125,411.6197573752616,403.3016216833034,407.27698689685576,1457500
2022-03-28,407.5313720703125,412.5900946821134,402.5857171482921,412.5900946821134,1656000
2022-03-29,388.9827575683594,399.88201489882704,385.6102765200583,399.88201489882704,3572900
2022-03-30,392.45831298828125,401.05264134462834,390.5411191013979,390.80555864366636,1693800
2022-03-31,392.373291015625,397.3032219360475,390.3333166187178,391.18332756707235,1953700
2022-04-01,393.6387634277344,398.4742735491707,390.8243779644118,393.87487113824085,1480900
2022-04-04,394.25274658203125,395.4521636191083,385.17674936005346,395.30105119509307,1072400
2022-04-05,390.7205810546875,398.9938066870479,388.3689568462083,395.4333118273253,1399000
2022-04-06,388.3971862792969,391.7026942476313,383.47670963080685,387.76440492950627,1237000
2022-04-07,386.7067565917969,389.60616703442116,379.4913178546485,386.9995279319446,1637300
2022-04-08,395.0554504394531,396.5948774822211,385.0067202311088,390.1822121550734,1341900
2022-04-11,395.25372314453125,401.9119484157856,393.3459545800509,393.3459545800509,1437700
2022-04-12,396.4060363769531,403.7442549150182,394.30939839154206,399.3243247257994,1119700
2022-04-13,403.5458679199219,404.17862045230896,397.8037121839517,398.86147012959293,1153200
2022-04-14,412.4801940917969,414.99238373537275,404.1503066665311,404.1503066665311,1522700
2022-04-18,414.0857238769531,420.7722817129497,408.2207874594695,408.46634870708345,1525700
2022-04-19,413.4908142089844,416.9851918430274,410.58195039976613,415.36076926459026,1207800
2022-04-20,413.08465576171875,421.9339689098103,412.27243017961644,419.97898997953814,1718200
2022-04-21,400.7786865234375,416.53181598279696,399.9948215508974,416.35237180443045,1641300
2022-04-22,381.1439514160156,397.42592946455846,379.2928462645858,396.4059568646153,2148800
2022-04-25,364.0875549316406,370.1507849937674,351.507728790953,370.1507849937674,4496300
2022-04-26,360.555419921875,368.93254727471725,358.9687827264084,363.63427426826064,1559000
2022-04-27,364.1064758300781,368.39420056424666,354.63383422067534,360.68764028209324,1599200
2022-04-28,363.4360046386719,368.3848146768215,354.16168376265347,366.2881763560765,1515200
2022-04-29,356.56988525390625,368.2997300584773,355.36101481922015,364.6919969971464,1526800
2022-05-02,360.0455017089844,361.23546537247523,350.95062502149153,354.1238998864694,1563400
2022-05-03,367.7992248535156,369.0080954263574,362.17984866232865,364.38981382728554,1468200
2022-05-04,374.3252258300781,376.27075134907767,363.3698206642846,369.4991685202373,1750100
2022-05-05,361.75482177734375,374.1457506345343,358.04318641764525,372.0019028568651,1465800
2022-05-06,356.4849548339844,362.25544384064443,350.98838773808586,362.25544384064443,1516100
2022-05-09,344.27337646484375,353.73656320236654,342.2523094339292,351.32827606449234,1818100
2022-05-10,344.48114013671875,350.84659461361485,340.46730916871036,347.54108675760796,1344100
2022-05-11,343.8011474609375,353.6798856878596,342.06339822485256,345.5578037591834,1380900
2022-05-12,342.8095703125,347.14450508770307,334.61188743422673,342.6773361397755,1889400
2022-05-13,346.3133850097656,349.43944912729995,343.0456620150422,344.29228895605115,1750300
2022-05-16,353.6422119140625,361.1787531131571,345.690089932868,348.4195094532829,1896400
2022-05-17,362.90704345703125,364.5597976076314,356.3715686485187,360.30985836323094,1229300
2022-05-18,348.18341064453125,363.6909524682543,346.9367547314315,362.66152607420554,1543400
2022-05-19,344.35845947265625,349.86450886830886,336.5007858855334,344.1506834799571,2253600
2022-05-20,295.899658203125,325.23368116119866,290.5447508646861,320.75708768774774,8814300
2022-05-23,316.7243957519531,318.5282625881573,298.61021440621073,299.3374447896946,4286400
2022-05-24,318.3016052246094,319.1515874308845,309.0178604047975,313.8533429150952,1900600
2022-05-25,323.9114074707031,326.51804549920286,317.53650006584155,318.82091201964585,2005800
2022-05-26,328.1992492675781,329.530900530461,321.4843293948921,324.37428615374466,1349900
2022-05-27,340.6846008300781,340.82625971399244,332.75135746991793,334.2246963278664,1968000
2022-05-31,337.8984680175781,342.02562621641533,335.0651754704504,338.389561683253,2705000
2022-06-01,332.5813293457031,342.9039519691716,329.1908259377921,342.9039519691716,1714800
2022-06-02,341.01513671875,341.3268150925113,331.5047383439458,334.2057972005588,1161600
2022-06-03,340.93963623046875,343.4329482356804,337.18078997597576,337.5585854834931,1082200
2022-06-06,342.7434997558594,343.59348199588374,338.6540968835222,342.9890610689721,1011000
2022-06-07,347.3994140625,348.0321953655835,338.10621866180117,340.70340330235973,987000
2022-06-08,335.2918395996094,344.49061594100283,334.35686225427327,340.89233660512656,1772700
2022-06-09,326.14031982421875,334.0263238407419,326.1119880492364,331.58970472702697,1415500
2022-06-10,316.6015625,322.05091809904525,314.8543596726509,318.1598676296792,1327900
2022-06-13,306.84564208984375,315.13774554811516,304.39011559782125,306.94009095910394,1816700
2022-06-14,308.4322204589844,312.0494068267564,304.65449698368826,308.0450291659002,1630400
2022-06-15,312.2099304199219,316.63931330871515,307.3839027235677,310.1321998914916,1442500
2022-06-16,299.9229736328125,305.89178474955514,297.15579759044306,304.6167970754973,1799600
2022-06-17,304.78680419921875,308.33787434017034,297.24080897144637,297.24080897144637,2329100
2022-06-21,310.9728088378906,316.2616286077582,309.6317328552424,312.5122360974051,1425400
2022-06-22,300.2629089355469,305.863377251892,299.9795911944182,303.1623187139864,1636100
2022-06-23,280.9776611328125,299.4790599830802,279.1643410274036,297.29742679451124,4232900
2022-06-24,293.59521484375,296.4190538730237,282.7153817862314,284.1509063078595,2297000
2022-06-27,297.8074035644531,302.86956852505455,293.91635259944553,299.97961207738405,1708300
2022-06-28,291.9803161621094,302.387936288261,291.3381099449057,300.69742540665857,1818100
2022-06-29,284.98486328125,291.7054409564121,282.1790998444826,291.2030573451583,1800800
2022-06-30,283.86627197265625,288.7194923971057,278.9561801313168,282.27381444478544,2082100
2022-07-01,285.9136962890625,288.98486815145907,278.984583176945,284.9278769659274,1373600
2022-07-05,276.9087219238281,279.43958675404787,272.7190110118968,278.5580508661051,2147900
2022-07-06,274.0745544433594,276.7381388309957,269.02225457109637,274.7380640232722,2083200
2022-07-07,288.1318054199219,288.71949602014354,280.1410530443742,282.3022536957406,2051800
2022-07-08,288.7668762207031,291.9707384588308,285.5629850551028,288.8237476320178,1516100
2022-07-11,282.8615417480469,288.1413274118694,282.3401817889246,284.89951159103197,993900
2022-07-12,280.53924560546875,285.5725702177952,277.866201312994,278.6813778528126,1210200
2022-07-13,281.3164367675781,283.5819209898513,276.11249951784555,276.81393295956474,1199900
2022-07-14,278.9941101074219,279.49649363792787,273.3162244986401,274.93711793820023,1366800
2022-07-15,282.1884765625,284.03685526491296,277.91345898487674,282.5391932375873,1184500
2022-07-18,282.4254150390625,290.5109607575559,281.477519742979,285.4492033477663,1056200
2022-07-19,295.35479736328125,295.9330287427734,285.1459717908185,285.84740530374694,1282200
2022-07-20,298.9283142089844,299.52549300880145,294.0466581169903,295.23152750473037,1152500
2022-07-21,300.0468444824219,300.25538264591563,292.53001131249346,298.41646309350926,1223300
2022-07-22,295.9898376464844,303.77205106437145,294.28360850782724,301.27908144313363,1110700
2022-07-25,306.1323547363281,306.53997182902503,295.6581199321086,298.48285923270913,1433100
2022-07-26,302.80535888671875,308.78657974222466,301.6678722279828,306.900247217696,1122600
2022-07-27,308.73907470703125,310.02822779425935,302.04693393500105,304.27449443050205,1148200
2022-07-28,314.35064697265625,317.0616147148956,306.9949672861926,312.4738031243888,1295600
2022-07-29,325.2987365722656,326.74901537780363,315.64916833862117,318.540237738902,1880300
2022-08-01,320.5688171386719,324.1329138721497,318.4834352355778,321.213379207818,1238900
2022-08-02,315.84832763671875,321.40301164877434,313.60181938826554,317.5450690906593,1271500
2022-08-03,318.9763488769531,320.9763946529882,316.15160965242245,319.6493466348278,1142800
2022-08-04,324.54046630859375,326.7964622297022,319.1753743008463,321.43137022195464,1333900
2022-08-05,325.42205810546875,326.6258751848997,319.744172334696,319.90529839819305,917100
2022-08-08,325.8012390136719,331.0431013360667,324.938650412837,328.8060812589425,953200
2022-08-09,325.7727966308594,329.3368938224656,325.2230298370921,328.20889559272814,1146300
2022-08-10,334.00048828125,338.63571176910153,330.42693219165875,330.7113182354259,1136200
2022-08-11,343.0624084472656,344.5600708552165,338.5977990810261,341.71638388804826,1718800
2022-08-12,348.977294921875,349.3753949285076,342.863355901251,343.5648184111212,1256500
2022-08-15,346.9772033691406,347.2047180038641,340.3893457253997,343.57426133672277,1196100
2022-08-16,350.7024230957031,353.9157741245302,344.095589633095,345.3278423371629,1431500
2022-08-17,345.6879577636719,348.30415818841476,343.4035264971706,345.4794196294174,1722500
2022-08-18,348.8160400390625,350.6644477515963,343.8490771001143,345.4605109483476,1983500
2022-08-19,350.3990783691406,350.6455404730724,334.6545179769279,339.9437914341464,4242200
2022-08-22,350.38018798828125,353.67884658182084,342.3988932940925,344.41791580702477,2353600
2022-08-23,355.3471374511719,365.87824457980173,349.290070165593,349.2995583791949,2389800
2022-08-24,361.5084228515625,362.42788272615195,354.62669164736764,359.0249410471499,1566300
2022-08-25,367.9256896972656,368.1910993213984,361.7169847787248,362.09613725213165,1325400
2022-08-26,359.61260986328125,372.4565826903422,358.9490714230189,370.79776551716213,1452800
2022-08-29,360.7784729003906,365.3473359064258,355.04371700585693,356.56035550950645,1323400
2022-08-30,349.5269775390625,359.9822637507281,346.47475287086445,359.4798802926462,1622700
2022-08-31,346.2188415527344,350.7497810188306,345.53635561557246,350.7497810188306,1500200
2022-09-01,344.81591796875,345.75435413639104,338.63565003903096,340.2755195839712,1349900
2022-09-02,343.3467712402344,351.0816033898998,342.01972308581435,350.67401519380655,1141700
2022-09-06,342.2471923828125,345.94397953842997,336.9579475182335,344.26621469443245,1092600
2022-09-07,346.8729248046875,347.84925613423974,338.6072738576854,339.2328884369342,913100
2022-09-08,349.2806091308594,351.13847655625517,343.9913350590196,344.80654038272655,1227200
2022-09-09,352.8541259765625,355.70730089941145,352.7119474265402,353.5839951516619,1240300
2022-09-12,354.5413818359375,356.4087372814527,350.5602088378665,355.7357395208543,1129200
2022-09-13,344.3704528808594,352.07684857997845,343.0908169889575,346.5032179373324,1085700
2022-09-14,342.0955505371094,346.2189025958207,338.9485298871406,345.36580225582406,1121700
2022-09-15,340.07647705078125,345.6027243227747,339.64045319620385,342.09549920656207,970000
2022-09-16,336.0289611816406,337.53611158419073,330.9387668776096,336.7872660251647,2422600
2022-09-19,343.7922668457031,344.27570287166856,331.3274451515626,332.028878657882,1008700
2022-09-20,337.06219482421875,341.66898250835953,334.17112479898594,341.12867507073275,1434000
2022-09-21,331.5833740234375,342.27563576645133,331.5833740234375,341.5267901054903,1007100
2022-09-22,328.0951232910156,335.60244057849036,327.90553259156775,334.1427021171632,1006400
2022-09-23,316.8056640625,325.2229814986277,311.4974429928496,323.69685456214484,1717600
2022-09-26,314.9288024902344,321.17543057869193,313.52593561558876,313.8008044922566,1331600
2022-09-27,318.18951416015625,323.88637464975073,315.02354706280653,318.3980523008186,1180100
2022-09-28,327.8770751953125,329.9340213311168,319.50716995560686,320.57829658894195,1292600
2022-09-29,324.29180908203125,327.71542342811756,321.85724532976747,324.29180908203125,1589500
2022-09-30,317.5301513671875,324.34882116526234,317.3114104042935,322.16152762546295,1697200
2022-10-03,327.1923828125,330.7396324152755,322.56100550334963,322.969929593373,1536900
2022-10-04,342.63665771484375,343.02657217570646,332.8508350384716,332.9174121708288,1639000
2022-10-05,338.33807373046875,342.0374865634187,337.88161120625375,337.88161120625375,1073700
2022-10-06,338.0528564453125,341.7332314398324,335.7419273588408,336.8831129340192,915100
2022-10-07,338.6994934082031,338.93724400430915,332.5655454420411,334.8003778276062,1351700
2022-10-10,342.0564880371094,347.3821065306618,338.3190560974323,340.7060810719975,1366900
2022-10-11,345.5277404785156,352.11821014510036,338.6520106808208,339.33673367128563,1457200
2022-10-12,343.51153564453125,346.4121100981319,340.8867890088571,345.13777048772243,1179400
2022-10-13,349.1795959472656,350.3398201423826,331.96644512684185,336.7594767656234,1596600
2022-10-14,339.64105224609375,354.1533308944613,338.9658195641771,350.330311230968,1231700
2022-10-17,344.82391357421875,349.1890105611964,343.2832945226133,343.68272825042663,1077100
2022-10-18,353.11663818359375,355.61777870965415,347.82906806937996,353.6396778048592,1214800
2022-10-19,353.1262512207031,356.1979706862526,349.4934147469627,351.8709209697311,817800
2022-10-20,347.6103820800781,355.7509601917611,345.89858939223706,353.611204820815,788300
2022-10-21,364.29095458984375,364.8330328898132,345.28042707161023,346.6974112732221,1387500
2022-10-24,366.9823303222656,368.45637243437614,361.4855085850392,362.9690990305792,1059700
2022-10-25,372.4410400390625,373.26840740681865,364.3670396984648,365.18488775597035,1402500
2022-10-26,372.01300048828125,376.3780967147239,369.1980423533033,375.42709459944797,1157500
2022-10-27,375.2559509277344,385.5458015959655,374.39053545156463,378.4988718805407,2043100
2022-10-28,377.40521240234375,378.2420989453827,371.05252494895933,374.504638405571,1712300
2022-10-31,376.4257507324219,386.1259571238698,375.6554411638221,376.5208567702601,1638400
2022-11-01,369.6640930175781,378.49891244176825,366.83012475999124,378.49891244176825,2269000
2022-11-02,367.03936767578125,377.8617500130608,366.7540495581199,369.6641144200772,1719300
2022-11-03,374.3430480957031,378.47991399470834,361.62815171303873,362.5030575954965,1627400
2022-11-04,375.73150634765625,384.19542126376854,374.2194161285661,380.9905480614559,1548500
2022-11-07,379.2311706542969,379.26921887192833,374.5997941709768,379.05047789840546,1186300
2022-11-08,384.7469482421875,388.74113987388495,379.02189670333075,380.22016870398124,1360800
2022-11-09,377.6334533691406,385.0702974056342,376.99629815900204,380.733729772887,2182800
2022-11-10,387.6380310058594,388.0279454289523,375.9026661842304,386.4017396329593,2370900
2022-11-11,386.13543701171875,393.2394248808568,385.2985503998456,386.6870055392069,1519200
2022-11-14,387.0008850097656,390.3674413365159,382.6167492389812,384.75650445116963,2035700
2022-11-15,387.0294189453125,392.73543291859437,382.11272413519464,391.5847282268898,1701100
2022-11-16,386.48736572265625,388.56054396874646,382.3504995192245,387.2957235590976,1101600
2022-11-17,392.7544250488281,393.3630804429389,381.89399518852946,382.92106488823316,1284100
2022-11-18,393.96221923828125,395.6359635390313,391.128221956737,394.76105768183425,1590800
2022-11-21,391.527587890625,394.93216274066197,386.5918845222015,393.00162958080546,1326000
2022-11-22,396.1495361328125,396.4062963189896,391.28992806067106,393.71497244143114,2195200
2022-11-23,416.0825500488281,426.42946056688186,407.8659045930315,408.4745310234697,5080300
2022-11-25,419.8389892578125,420.73293374737835,411.3560359171304,414.41826450383127,1135500
2022-11-28,419.59173583984375,421.90269359143525,415.5119566823692,415.94940963412853,1974800
2022-11-29,419.3634948730469,422.74906081580633,414.8462338459187,422.04532838502786,1643100
2022-11-30,419.39208984375,420.0482838707311,411.70800264544636,419.5917922364814,2397200
2022-12-01,420.16241455078125,422.73013292404505,414.98895860009225,418.7549203948917,1747400
2022-12-02,423.776123046875,425.7637434032178,417.15715513271255,420.5617596358603,1471200
2022-12-05,415.4834289550781,420.4952008714446,413.6860205900917,419.4586117967785,1467600
2022-12-06,416.7767333984375,417.7372549519291,412.41163658151373,417.6136200166537,1015900
2022-12-07,419.0592041015625,420.19089928568127,414.3707692086648,414.8557897225129,1433800
2022-12-08,421.2274475097656,421.76000648323486,416.1586179515465,421.58883303225275,1200200
2022-12-09,413.50537109375,422.75863533845194,413.0964470074482,421.65546901876303,1340400
2022-12-12,415.6355895996094,415.98748486827054,410.49069212689636,414.75116432808926,1591700
2022-12-13,415.7687683105469,418.1177455504711,411.55583437301664,417.3379165669807,1675500
2022-12-14,416.95751953125,420.58083657030977,413.0869325662591,418.11774368957697,1767500
2022-12-15,408.7313537597656,415.41689986568724,405.1936234619543,413.6860684301238,1561900
2022-12-16,409.9676513671875,411.7840695678176,400.9997050391784,403.9478185010508,3097300
2022-12-19,411.47015380859375,413.3436293907448,408.6456759821485,410.87101775112274,1327700
2022-12-20,414.0284118652344,415.6261180349497,408.67429246127114,410.8996347071024,985200
2022-12-21,420.00067138671875,422.7300433550964,414.6845429687908,416.39636452902664,1220500
2022-12-22,414.5038757324219,418.9450695345026,409.27336273938016,418.76437676386894,1223600
2022-12-23,415.52142333984375,416.42488712368333,411.99321297242994,414.5324018549197,735600
2022-12-27,414.7796630859375,420.58078314061044,414.39926795595477,416.58656172007153,713800
2022-12-28,409.1021423339844,416.4438808898985,408.7597954535146,415.58798466643844,821700
2022-12-29,408.7779235839844,411.7533460410831,406.6512456505013,409.81741225627394,835300
2022-12-30,408.89239501953125,409.8269657626343,405.1349619615134,407.09950463406403,760200
2023-01-03,404.6294860839844,408.32015544663403,400.72900979899816,408.1675659482556,1166300
2023-01-04,403.8570556640625,406.6035795550546,400.73856027917117,404.28618637977684,1050800
2023-01-05,395.5126037597656,403.8666705248803,393.4908140733876,402.98931700193407,1485000
2023-01-06,406.7085266113281,408.6826153549628,396.7332230709032,396.9144213094093,1042200
2023-01-09,408.35833740234375,414.15659321107677,406.708490625312,408.0817670990727,1200300
2023-01-10,417.1606140136719,417.6565371798644,407.10903140800394,407.10903140800394,1079200
2023-01-11,413.3936767578125,419.4971116130328,410.1607465551217,419.36358487858007,1130000
2023-01-12,415.88275146484375,419.5925132314889,411.31469911342333,414.84326264396896,1205500
2023-01-13,419.2586975097656,419.85950961007524,413.1361707536026,413.78468344645273,985700
2023-01-17,417.8949890136719,424.5134101985533,417.3990658045325,419.68785036652463,1767700
2023-01-18,406.25079345703125,422.5870413386695,405.90748883002647,418.7437815455944,1390800
2023-01-19,389.6665954589844,403.65681134408607,388.9799571324871,402.6554771237044,2241000
2023-01-20,391.57391357421875,392.35592397931094,387.2538226727868,391.3259519571222,2781500
2023-01-23,390.3722229003906,394.4062259452896,388.46489780930347,392.3844660052926,1390500
2023-01-24,397.3625793457031,399.74673567169356,386.2428707488672,389.5711436668392,1319700
2023-01-25,394.47308349609375,396.16105612749107,390.2769440110187,394.02486082852795,1002000
2023-01-26,401.68267822265625,401.7875671336261,392.58472933487775,398.3829848408748,1191100
2023-01-27,398.8026428222656,403.2753230107839,398.26859406275366,401.6827226719277,1324500
2023-01-30,401.1105041503906,406.0218608270757,398.6309755154848,399.3271597059561,1376100
2023-01-31,403.2467041015625,403.43744826948404,396.78087261626627,402.2644327540616,1269800
2023-02-01,407.2043762207031,409.9127744588095,399.1077902196803,402.48376390599464,1112100
2023-02-02,387.7115478515625,406.9659995370234,383.24841352923374,406.85156467288294,2551300
2023-02-03,387.2442626953125,394.5397763235424,386.1571023818288,387.6638765997378,2295500
2023-02-06,391.22100830078125,393.77681701486574,386.2524053345791,386.71017384745613,1378100
2023-02-07,390.5439758300781,394.25373805803935,386.0236235122655,389.2851630641603,1313100
2023-02-08,388.7987976074219,392.43225062515035,387.20616789169884,387.2443225534921,1061500
2023-02-09,389.1038818359375,393.4144262563692,388.2646541019571,392.0316038624053,1262700
2023-02-10,398.43072509765625,399.05059999698017,389.2469491583607,389.723780481452,1357000
2023-02-13,396.08465576171875,403.77120272243246,394.9498240976112,399.94700656764235,1428400
2023-02-14,390.3436584472656,396.1323977399042,385.4132388257138,396.1323977399042,1503000
2023-02-15,391.0398254394531,394.8163212327065,386.7292518084673,387.82598709467015,1424800
2023-02-16,384.287841796875,390.30544998368146,384.1638610124337,386.20471277960826,2122500
2023-02-17,413.2315673828125,416.1593187516049,396.2468376334682,399.584656963714,4888700
2023-02-21,407.3760986328125,417.589817756846,405.9456046169853,411.9059963495988,1936300
2023-02-22,406.65130615234375,411.0190684134933,402.19768863908763,409.4836854710757,1356300
2023-02-23,405.3542785644531,411.38143321215205,400.82438119125527,410.0558573251696,1086900
2023-02-24,398.0778503417969,404.07636706662,395.9702350675344,403.97147815159275,1031200
2023-02-27,402.0927734375,403.3802237897847,397.4198324398311,399.1936309359101,920200
2023-02-28,399.8134765625,402.6267927152258,397.84893404557266,402.24533351743366,1465200
2023-03-01,400.2999267578125,404.20994973087716,397.4961560324695,398.95525883006826,1354000
2023-03-02,401.816162109375,403.6472069506817,398.4020630981876,398.4020630981876,959800
2023-03-03,410.34197998046875,411.66758508565573,402.45520003272713,403.17996388480566,1097400
2023-03-06,405.9836730957031,411.9822186410928,405.8883010206938,410.36098067634816,1007500
2023-03-07,398.7740783691406,407.14723626081104,398.53566267848544,405.83117699183805,1181500
2023-03-08,404.6294860839844,406.3746757216471,398.8789021484317,399.3747961905585,1365900
2023-03-09,401.8925476074219,412.8310599342435,401.377561600746,406.27937274210757,2082000
2023-03-10,377.5836181640625,400.31893056978356,376.77299915069113,398.9647460046678,2354300
2023-03-13,379.76751708984375,384.04945279834476,368.3426288043722,370.85076606824185,2000700
2023-03-14,383.80157470703125,387.51130756757135,378.84251690353017,385.6230448978239,1636600
2023-03-15,372.38623046875,378.12726958263966,364.68061937073315,376.40114238268427,1964100
2023-03-16,372.9869689941406,375.1136470892205,366.85492540379767,369.639633027291,1621800
2023-03-17,367.63690185546875,371.89977448859315,363.7173628637183,369.2581397826009,3124500
2023-03-20,376.2199401855469,378.2989179145389,369.53475525595616,371.1273847918023,1325100
2023-03-21,383.93505859375,385.7947124792795,381.2171141085436,382.2184773943963,1341700
2023-03-22,376.6681213378906,385.4799545201725,376.5155318282376,384.9363889524079,1202400
2023-03-23,373.69268798828125,382.1421244818143,371.02241530080744,376.69671929615106,1566800
2023-03-24,368.590576171875,370.583727412186,363.82226341415344,369.4298038737894,1361500
2023-03-27,374.7989501953125,376.7253381826866,368.66687751848724,372.6818180452992,1392700
2023-03-28,377.03057861328125,378.5373529710551,374.20774498796374,376.14367922984195,982000
2023-03-29,382.21844482421875,383.1053440648598,378.2321130039835,381.1312554813892,1455000
2023-03-30,386.1981506347656,388.8767487887084,384.55271771319207,384.8588223632639,1267900
2023-03-31,394.9801330566406,395.63064554061003,388.3984017741705,388.3984017741705,1779200
2023-04-03,396.9986572265625,401.2174711098392,395.1427609823674,395.1427609823674,1632200
2023-04-04,380.41998291015625,396.8934338727001,378.5736625008216,395.5541348502431,1801600
2023-04-05,357.613525390625,377.10998157495015,354.045224196383,376.3159488003051,3265700
2023-04-06,353.624267578125,357.0203791584964,350.22818519227917,356.0541571389827,1848500
2023-04-10,360.9712829589844,362.19578887685753,352.53368600973744,353.27986884727693,1486500
2023-04-11,364.31951904296875,369.4280348748536,361.4591565648581,361.4591565648581,1543800
2023-04-12,367.7252502441406,371.89621370147825,366.20415708084164,366.8642453005297,2166100
2023-04-13,368.0600280761719,370.57601210585057,362.62628498529386,368.9975518072588,1627000
2023-04-14,370.95867919921875,372.94851960518434,368.5001207012056,369.9063917554466,1113200
2023-04-17,374.45050048828125,376.2107261435464,372.1354036406061,372.44153745748554,1116600
2023-04-18,379.49200439453125,382.2853951040353,375.0053311329146,376.17244072922153,1402000
2023-04-19,375.7419128417969,379.204996566597,373.2163820860177,378.1048300945106,860000
2023-04-20,373.4364318847656,375.3688760757555,369.2750438773976,373.78083973044346,1336300
2023-04-21,369.9350891113281,373.59903113144816,368.5957611050571,373.0059151715693,2556900
2023-04-24,371.2170104980469,375.63671140040725,369.51418137993994,370.52822404608645,1132800
2023-04-25,363.0185546875,368.997593767001,362.23409775358306,368.32792971228616,1688400
2023-04-26,358.36920166015625,361.7940112396793,356.24547522547186,358.7423076735081,1416500
2023-04-27,355.7289123535156,357.7856959431606,350.0273089027926,356.2742077203293,2741600
2023-04-28,361.63140869140625,362.01409055102386,354.91576245630586,355.70021939618414,1999300
2023-05-01,365.55364990234375,367.9452654588016,362.9802692280331,363.4777439482728,1184100
2023-05-02,367.1607971191406,370.1072837419011,358.0152618515269,367.3617138396868,1547800
2023-05-03,365.64935302734375,373.1016359414538,365.57283416829296,368.5575659782574,1235400
2023-05-04,357.39349365234375,367.3713077204549,357.14475626796155,365.5345631428702,1382900
2023-05-05,364.56829833984375,366.1372121276073,359.73724668797297,361.7079355324392,1862900
2023-05-08,363.76470947265625,372.40322329905825,362.4254106613002,369.2558491964782,1106500
2023-05-09,364.9031066894531,366.0893385631212,360.05290374349994,361.3635042867345,1478700
2023-05-10,363.8986511230469,369.51415947759085,359.85202730832054,368.9784399572117,1014600
2023-05-11,356.6281433105469,360.65561561818214,354.1217349500538,359.6032989644761,1825100
2023-05-12,357.7665710449219,361.1339552968658,355.2027369360339,359.81377881564975,1332000
2023-05-15,354.1599426269531,358.5413980906324,353.8251106548257,358.16829210024196,1466300
2023-05-16,346.9564514160156,352.84939575944884,346.55467634403516,352.0458164209615,2181300
2023-05-17,352.1127624511719,356.57073710231634,348.3148759922381,349.1758517054838,1843900
2023-05-18,354.4565124511719,355.0687799857973,349.84550030706237,351.41438477412476,2034300
2023-05-19,347.7886962890625,375.961937095257,345.7988851418841,373.8764554941369,7522100
2023-05-22,344.8710021972656,349.9890659051184,340.44172501525793,344.0961210050061,2936200
2023-05-23,344.8518371582031,347.30084912640086,339.083261665175,341.7905576006932,2111400
2023-05-24,338.7292785644531,343.1394327915856,337.69611349905574,342.79502497343606,1717000
2023-05-25,339.49462890625,341.8958203574655,335.60107162725467,338.3275193030348,1540000
2023-05-26,341.7236328125,343.9908799796192,339.8868881785554,341.22618722300035,1412900
2023-05-30,335.4288635253906,341.589667421063,331.42051359093693,339.60940277005574,2094800
2023-05-31,330.98046875,335.0366393688405,330.5690886887482,333.1042245200492,3384700
2023-06-01,337.2847595214844,340.2407927917486,331.79359045221497,334.08956469995735,2116800
2023-06-02,354.98272705078125,356.0063455335966,342.1636732820899,344.45961841767956,2855600
2023-06-05,347.8843994140625,355.1070960443763,347.4060762939567,355.1070960443763,1476800
2023-06-06,357.4892272949219,358.2258345782979,346.11468657554127,346.51649094481337,1927600
2023-06-07,365.26666259765625,367.29474789000415,354.03561624954847,357.76655982098987,1928800
2023-06-08,364.2622375488281,367.3522159167003,362.1384813827785,365.21888394444454,1317100
2023-06-09,362.4445495605469,366.7494575607647,360.7225980382701,365.1805729373943,1254800
2023-06-12,370.3464660644531,371.2457158716907,361.5931587482194,362.25324699384123,1527000
2023-06-13,380.97479248046875,383.4142579297077,372.32673141817213,372.91984742083775,2141700
2023-06-14,381.7496337890625,387.55648291574295,381.04172498159073,382.6584593077278,1900100
2023-06-15,388.8958435058594,390.31169054039884,382.18977279272633,382.8594076862503,1471200
2023-06-16,389.9576721191406,392.1770981785932,387.9104353588205,390.0915873980692,2119900
2023-06-20,390.2925109863281,391.23000553891984,382.6584641171621,384.4186895487582,1700700
2023-06-21,398.52923583984375,399.87811048141356,387.47040813434086,389.27848346065514,1868200
2023-06-22,397.66827392578125,400.24165462160624,394.119124584793,396.845542986328,1518000
2023-06-23,386.91558837890625,393.49729007061944,386.5520581319471,393.2581285075702,2033400
2023-06-26,392.4067687988281,397.8213906453348,387.39395126507503,387.39395126507503,1360400
2023-06-27,391.7562255859375,393.65994233175724,383.2612019891606,392.93288182019586,1404900
2023-06-28,387.63311767578125,394.90360667352485,387.28870980420294,392.3302256234152,1676100
2023-06-29,385.40673828125,389.4178861626998,379.0445429133539,385.46431232472617,1871600
2023-06-30,388.8230285644531,392.09529082000813,387.02856877895846,389.0917172603849,1848800
2023-07-03,390.0608825683594,390.85734312274735,383.57393289289524,385.9825547143206,652600
2023-07-05,388.31439208984375,392.3255404616787,387.46032819909254,389.60026135945685,1398600
2023-07-06,384.96533203125,388.38152864690596,383.60267798832746,386.673430339078,1390700
2023-07-07,388.9093322753906,391.9320869798991,383.29562823280804,383.29562823280804,1013900
2023-07-10,390.6462097167969,392.22955459757475,385.69463662273654,386.85578158219136,1005500
2023-07-11,397.0851745605469,397.7569108525319,393.8321236178937,393.8321236178937,1131200
2023-07-12,391.2027587890625,401.134661723434,391.03961281371437,400.1558737259359,1376000
2023-07-13,393.0068359375,394.5997862642866,388.73660452282866,391.7209667234385,999400
2023-07-14,397.8624572753906,398.18874927277636,392.55583423013195,396.4902269385122,984200
2023-07-17,403.61053466796875,406.31663226040524,398.15037086789306,398.2079449200837,1509100
2023-07-18,414.1277770996094,414.5116138410627,403.7448277838035,404.30141595104703,1575400
2023-07-19,418.5516052246094,420.12534475135885,414.1949832521882,414.7899346324789,1664800
2023-07-20,421.8717956542969,422.2364507972329,417.47678163714676,421.0561243006029,1284900
2023-07-21,419.2808837890625,422.4571791337875,417.7263258602083,421.2768818169964,1195600
2023-07-24,424.71221923828125,428.94408723728935,418.6283178014932,419.3000540368399,1301700
2023-07-25,428.3011169433594,431.82288536041654,422.6874428615649,423.2248201094465,1160700
2023-07-26,415.4616394042969,428.6658047244932,414.0798037230757,425.61426313049054,1759500
2023-07-27,411.3065490722656,416.46923692525894,407.31458236543386,415.97982822038733,1977000
2023-07-28,409.8575134277344,412.7555437666001,407.8615448161128,411.4408875623523,1194700
2023-07-31,412.2469787597656,415.4040925015449,409.68481639199723,412.1510122480195,1169600
2023-08-01,415.9318542480469,421.07533116171527,412.64041089796575,413.92628012638284,1115800
2023-08-02,413.139404296875,417.3904542592494,409.7903868288246,413.2449762448666,1077900
2023-08-03,406.81561279296875,411.96869540303885,404.2246633326056,409.9631211801827,1083400
2023-08-04,406.9115905761719,412.6308377083663,406.23985424269887,411.16264078279875,961200
2023-08-07,413.88787841796875,415.33689360848734,407.00751619178476,407.6120436893166,1009400
2023-08-08,413.07220458984375,413.6671559325362,407.25699155953214,409.75197430925493,1354400
2023-08-09,418.47479248046875,421.6319060456889,415.0106270936477,415.50961192800713,1361300
2023-08-10,417.0162048339844,423.6374838444864,416.622762653762,419.0409604975924,1283900
2023-08-11,417.49603271484375,419.7319031123057,415.0970163169855,417.6975418925008,1217200
2023-08-14,419.9621887207031,420.6818935717176,416.65153469209037,417.91822225824353,1058500
2023-08-15,414.242919921875,417.6207534873564,412.2373458848033,416.01819777397867,1576800
2023-08-16,406.81561279296875,418.1389586374308,406.1055133002942,410.7116131355303,1870300
2023-08-17,402.2286071777344,408.2357523894615,398.9755275459947,404.7427711666447,2149200
2023-08-18,380.9830017089844,396.26955710025663,379.40926211344885,391.2411986036074,4233700
2023-08-21,375.004638671875,381.9233934540308,369.9187065650093,380.02336200937077,2549100
2023-08-22,369.6500244140625,377.211728580436,368.7288103420534,376.875860436879,1663900
2023-08-23,378.35369873046875,379.67796055783697,369.61169643815,369.61169643815,1582200
2023-08-24,371.0223083496094,376.2617521642239,370.25460550185585,374.62083308475906,1379900
2023-08-25,374.4480285644531,376.2041247858133,370.6192081601321,372.51923949352215,1099900
2023-08-28,378.7471008300781,380.0041830321679,375.6667720916256,377.03900239087363,1247000
2023-08-29,387.7770080566406,389.23559945257756,377.38445284537914,378.2769091826646,1875600
2023-08-30,396.5765686035156,398.80286271688584,387.16283116015325,387.5562733402212,1815500
2023-08-31,394.3406677246094,400.43417439721117,394.0911606822618,397.3250296578913,1515500
2023-09-01,401.97918701171875,402.4589902975491,397.83367959377586,397.9200699559096,1249700
2023-09-05,397.68975830078125,406.24946210313277,397.14277550753644,403.8984142068226,1474000
2023-09-06,397.555419921875,399.608962783693,394.052861746925,395.4730607490602,1002600
2023-09-07,395.098876953125,398.6494041705801,389.02455014537037,394.55189410600536,1028800
2023-09-08,383.5163879394531,396.49025898982796,382.94061810646156,394.87812688534774,1837500
2023-09-11,384.1976623535156,387.68103874864283,381.63552931378666,387.0093024626067,1428200
2023-09-12,386.0113525390625,389.32197767168935,383.17089597497073,383.27646792698374,1127800
2023-09-13,385.9825744628906,390.46392089932317,383.5355600543465,385.60831383098747,1104200
2023-09-14,395.05078125,395.5017974585371,388.7653706378109,389.87851764792094,1272400
2023-09-15,395.46337890625,398.11190193778293,392.45983547764416,395.15632711516616,1986200
2023-09-18,394.2447509765625,396.89327442228563,391.0492740545482,394.34071748841166,969300
2023-09-19,382.5854797363281,387.6330187949359,382.3167911144743,386.3279388567434,1957300
2023-09-20,386.0784606933594,392.6229838895663,383.41075586085475,385.5027202355182,1289700
2023-09-21,371.9819030761719,383.56433206429216,370.4465267145261,382.91180662817493,2209100
2023-09-22,365.4853515625,368.06669559223604,362.3186615787063,366.31062844519454,2410500
2023-09-25,368.8631591796875,369.6500142587097,363.07670383061793,363.7292585116947,1383600
2023-09-26,364.2953796386719,366.4448885877089,362.0019063028029,362.7312165325961,1270400
2023-09-27,368.8343200683594,370.75353296317206,364.9095332126513,366.3489428837608,1403900
2023-09-28,370.4906921386719,374.71819769497137,368.8247109325554,369.7876997339459,1309200
2023-09-29,363.4127197265625,372.6574181269284,361.8141547846002,369.5277045124562,2124300
2023-10-02,360.0037536621094,366.54245628225465,356.8355120685005,365.15574996600407,1989800
2023-10-03,358.9830017089844,360.013406887257,356.7873881879666,358.62670051734165,1212200
2023-10-04,363.04681396484375,364.56832349048904,356.4599734396385,358.59780996529986,1219000
2023-10-05,361.7853088378906,364.8283573443608,359.3874758370319,361.80455803653217,997200
2023-10-06,364.52978515625,367.7461641914648,358.539993700995,359.61853644476935,1203400
2023-10-09,368.7669677734375,369.69142887888637,363.55719435358037,364.4238784766942,831200
2023-10-10,376.3745422363281,377.4434750951384,371.83887317877986,372.0025648188308,1317400
2023-10-11,374.94927978515625,377.9634392280556,373.0425808980681,376.89453583839514,942500
2023-10-12,368.13140869140625,376.52867337545666,363.87498467031537,375.37307489886376,1375200
2023-10-13,366.5713806152344,371.5404071696451,364.74170747097355,368.8247712524513,1074200
2023-10-16,376.085693359375,378.0501695566023,369.8455147055937,370.70258893316065,1202600
2023-10-17,376.6441650390625,380.6790903580359,373.6588939584449,374.5063287826806,899800
2023-10-18,368.083251953125,375.94124477830394,364.03868688242943,373.9863491299332,1495000
2023-10-19,367.2550964355469,372.07004125472037,366.1765534981465,367.5151222641604,1348000
2023-10-20,361.2652893066406,368.25659830575864,360.94751589217606,366.31137125712974,1468100
2023-10-23,359.454833984375,366.1476181824004,357.73110511896397,359.39705700498064,1308100
2023-10-24,359.7437438964844,363.8556956165324,357.8370154353859,361.77563621935775,899100
2023-10-25,358.1451721191406,362.07415353609497,357.3169864601219,358.46294549591823,773900
2023-10-26,355.86285400390625,360.92815460446013,355.79543774146754,357.26880928347447,1124900
2023-10-27,347.7834167480469,356.1999592675916,345.5203870765202,355.3428850861696,1436400
2023-10-30,354.1872863769531,355.6702974308584,348.28418942741007,351.712427373673,1277500
2023-10-31,351.8376159667969,352.357638209693,346.0886003553637,348.60198731786426,1233200
2023-11-01,356.758544921875,358.588218189985,347.98569963081025,351.37543980390785,1073000
2023-11-02,359.73406982421875,364.4045710708526,358.1355049960882,361.6022703228723,1259300
2023-11-03,368.0543518066406,370.3944076690541,363.50904323958747,365.454270145234,1173200
2023-11-06,364.25054931640625,370.31736759605076,361.2845564523351,369.0943822798425,925900
2023-11-07,355.573974609375,358.72296678933577,349.57457320215985,353.32058434710405,1711400
2023-11-08,355.69921875,359.25265027650335,355.48736000846003,357.0762858759647,1178000
2023-11-09,355.9399108886719,360.32152750409443,354.1583757544049,359.8015053302462,1094900
2023-11-10,360.148193359375,360.6682155710132,355.36213756277897,358.5689069151124,1311800
2023-11-13,356.07476806640625,359.80153022936736,353.5421026782412,359.06001000339637,1418100
2023-11-14,361.0822448730469,364.4238169314989,356.88362812930717,359.85925976937966,2115800
2023-11-15,366.7735595703125,367.87138096850657,359.62819874168764,363.0082696302542,1515500
2023-11-16,364.5490417480469,368.72840965900315,361.50599358032815,367.2646772467694,1736200
2023-11-17,369.93212890625,371.04919940236147,365.37721084744305,368.2468985642696,1342600
2023-11-20,366.2535095214844,370.5869590285837,365.39646478966245,368.352847395424,2197300
2023-11-21,368.4877014160156,369.30624786909306,365.0594632392558,365.9357866760244,2163100
2023-11-22,357.03778076171875,359.52227924023333,342.49664221741966,347.6197503160409,6304700
2023-11-24,356.48883056640625,357.64442889572007,353.26281216948416,356.8066039435201,1275300
2023-11-27,348.80419921875,355.3525413336508,348.3997603404239,354.72657504180756,2322200
2023-11-28,346.6951904296875,350.3834537062633,345.4818446192623,348.6019186861895,1904600
2023-11-29,350.4701232910156,354.7265170511823,346.33889338066706,349.3145250513946,2263500
2023-11-30,350.92279052734375,353.5517608186777,348.0145746128808,351.1346492620456,1950200
2023-12-01,355.1599426269531,357.18222524450164,350.1138900705531,351.4042917018428,1764900
2023-12-04,355.2755126953125,356.66221915943754,350.5568726325967,351.953218390585,1405900
2023-12-05,347.7737731933594,354.3220849741286,347.41744266790937,354.1680032467113,1572700
2023-12-06,352.01092529296875,356.1902930528763,349.0834311862191,349.58417476986523,3218300
2023-12-07,347.8507995605469,351.8279478242653,346.8492830258081,351.50053517384936,2753800
2023-12-08,350.2101745605469,350.6916689945527,347.5137880972615,348.4093606913712,2060500
2023-12-11,347.6678466796875,352.3864859409522,347.581181213911,350.9997797123563,2057900
2023-12-12,346.088623046875,347.9953224156922,342.43888659014283,347.5908835021031,1832000
2023-12-13,363.05645751953125,363.82683689050515,345.2507726311116,346.05006988188404,3406900
2023-12-14,374.04412841796875,380.6983552674785,366.0705822060402,367.12984639197174,3576000
2023-12-15,371.7811279296875,373.46635848770535,368.29511284891043,371.64629537876345,3891400
2023-12-18,368.5936279296875,375.21899603301324,368.5262116558943,372.5129702812251,1404400
2023-12-19,379.3598327636719,379.59094068521625,369.1136172165858,370.664044558513,2078500
2023-12-20,372.9270935058594,380.804335711489,372.59968080407043,379.5717110861291,1592100
2023-12-21,378.7820129394531,378.88795698978197,374.69894981143966,376.4708456856358,923300
2023-12-22,382.1332702636719,383.03848219946246,378.55095030597204,378.74353045710626,1077300
2023-12-26,386.4185485839844,388.4119426769465,382.0273215139772,382.1621540673977,966100
2023-12-27,386.7748718261719,387.65116585441854,384.5214519624017,385.3111099052211,823500
2023-12-28,385.89532470703125,387.6350603601063,385.0254273844499,387.4320980829911,1125200
2023-12-29,386.4848937988281,387.3354417214763,384.44553732178935,386.1079638534987,1104300
2024-01-02,387.4901123046875,392.97030061266946,384.6775168704559,385.76002174630196,1414600
2024-01-03,380.1831359863281,384.2908728691812,380.0961521565693,383.3436664517362,1397600
2024-01-04,379.25531005859375,385.2090867544022,378.9750091423675,381.3043413169758,1332100
2024-01-05,382.7057800292969,383.9332874185494,375.07022746937685,377.3608902877484,1100300
2024-01-08,384.658203125,385.0061384852212,377.4575693501685,380.35714866952947,1233300
2024-01-09,380.0574951171875,383.5659905109672,376.9549537714338,382.4641363063565,1012400
2024-01-10,380.5310974121094,380.97572078943745,377.5735290132314,379.9801997858419,1003900
2024-01-11,377.1579284667969,382.6381460673645,376.8873022578827,381.62327566190294,1190600
2024-01-12,373.5721435546875,382.0195751968392,372.8375740219626,378.90735888193393,1221800
2024-01-16,372.4509582519531,376.31706389464415,371.1461416983359,372.8375629170132,1292900
2024-01-17,365.9365234375,369.232381796499,364.8540186560426,368.439852614674,1466300
2024-01-18,368.62353515625,368.98114522166804,363.6265804554473,366.4101813374688,1125900
2024-01-19,369.9090270996094,371.51346464578967,364.69943505242924,369.80269384556067,1223100
2024-01-22,371.7164306640625,374.17141628294235,368.8168511050236,369.1744611979373,1113600
2024-01-23,374.49029541015625,376.8293021810111,371.7453640856437,374.2196692090365,955000
2024-01-24,375.40850830078125,380.009183228724,373.4657808718561,376.8872924567566,1447800
2024-01-25,379.8545837402344,381.7779620088348,375.59219839701507,379.98023690279473,1103500
2024-01-26,380.44415283203125,383.44039085463226,379.9125750601712,380.5988006101836,884900
2024-01-29,384.3681945800781,384.86113246089155,379.58390681046257,380.76307014586695,969400
2024-01-30,383.6432800292969,385.42168489498016,381.2076443537823,381.9132191765977,1098300
2024-01-31,380.40545654296875,384.67751631040466,379.6032525902297,384.0202854218901,1342400
2024-02-01,380.5020751953125,383.90426672469437,376.4813221580701,381.8552061462973,1485600
2024-02-02,379.4582824707031,381.85524914060335,373.6881185014272,377.1772647570366,1666900
2024-02-05,373.108154296875,380.4634349333116,370.3342284765994,378.8783176097012,2164000
2024-02-06,375.8821105957031,380.9757235948694,375.1475705899225,376.1817314196488,1740600
2024-02-07,373.0308837890625,378.71403436490397,372.7119135525131,377.3609032754179,1671500
2024-02-08,372.91485595703125,374.5966318963291,371.40707718113936,372.9631999731056,1142000
2024-02-09,368.52685546875,372.76024577593523,367.7149768407486,371.310456191066,1426300
2024-02-12,376.3556823730469,378.4047133675294,371.46503225929445,371.46503225929445,1698100
2024-02-13,366.5744323730469,372.49924352460886,362.9403134115871,371.75502886540454,1765200
2024-02-14,371.8999938964844,372.6538832415128,364.5060734940818,370.1795782375198,2409000
2024-02-15,352.4535217285156,359.5478219884395,348.6937198619865,354.81184851199436,4933800
2024-02-16,348.6067199707031,351.81559456058085,346.2677427004749,348.9063407822113,2274300
2024-02-20,345.417236328125,348.61643660044354,343.19420773816876,347.4662677355988,1973600
2024-02-21,345.3302307128906,346.59637795553215,342.5949444435174,344.65365042468045,1364300
2024-02-22,344.8373107910156,346.1518021205525,341.32881500585347,342.27602155954844,2197900
2024-02-23,352.4535217285156,353.2267310526534,345.4365306025875,345.99713243422565,1704300
2024-02-26,351.052001953125,354.08690863088486,349.515228707217,351.8348858803604,1592500
2024-02-27,348.5874328613281,351.921931414907,346.2484258749749,350.9747543717441,1559700
2024-02-28,352.5984802246094,353.1010633149337,349.04167028682866,349.3122964887023,1675600
2024-02-29,352.8304443359375,355.53673590611913,350.7041039908424,354.1062662406212,2491200
2024-03-01,355.5367736816406,356.47430555265817,349.2350021170927,352.7918420016418,1967100
2024-03-04,352.2215576171875,357.5954419492125,350.7814132486101,356.26163082075226,1335000
2024-03-05,354.4542236328125,357.31513340768385,351.399996786972,351.75760682182545,1710000
2024-03-06,354.35760498046875,355.51741904868976,352.1635710126004,353.7873579017852,1068700
2024-03-07,362.7566833496094,363.5975565700148,354.96648318680354,355.1211309451375,1844600
2024-03-08,361.5775146484375,364.06149445532947,359.7411204764793,363.549236667951,1064700
2024-03-11,362.4957275390625,362.8533670965833,358.2140225123542,360.9009648210024,855700
2024-03-12,360.17608642578125,365.19236121043946,360.1277719002602,363.55892910158286,1140800
2024-03-13,366.16851806640625,367.7826005728245,360.29202126888947,360.8429483741649,1250700
2024-03-14,367.50238037109375,369.6480703730975,364.3321746425164,367.7633319065632,1436300
2024-03-15,370.55657958984375,371.1268266400695,365.34698801011615,365.34698801011615,3448500
2024-03-18,372.4122619628906,374.42265326926304,368.72012426249063,370.1795884756323,1145200
2024-03-19,378.4046936035156,379.19722269482696,372.6055362256997,372.62485613171816,1490600
2024-03-20,380.8597412109375,382.0582540832008,377.5155679055307,377.68953558994014,1763400
2024-03-21,384.3295593261719,385.9823111574048,378.87833644976297,380.69541074189925,1411800
2024-03-22,385.5086669921875,387.3064212534095,384.52282078186704,385.1317370720222,1514600
2024-03-25,384.70648193359375,388.18598269300986,383.7496302857706,385.4506966045625,1106300
2024-03-26,385.1800537109375,386.60084856378023,382.9860496099804,384.98676614693,1053200
2024-03-27,396.90869140625,397.18031956557724,385.39352258146084,386.10170974214384,1543800
2024-03-28,398.4607849121094,400.963671553654,396.3653552605529,396.3653552605529,1426700
2024-04-01,392.05810546875,399.60551842317795,391.6118360162423,397.907835294307,1319500
2024-04-02,391.92230224609375,397.45191092681284,390.21490848540225,392.8924069546237,1164500
2024-04-03,393.8916320800781,396.43330179870344,391.2335545278131,392.1454553649875,1077300
2024-04-04,394.9393310546875,401.545771647257,393.20286486579937,398.39293120582374,1218600
2024-04-05,400.20703125,400.79878095087355,393.87224826799024,396.43330947338677,994400
2024-04-08,398.470458984375,402.3993707183869,397.40333801796356,400.6531943044355,1269800
2024-04-09,399.1787109375,401.5263478403265,397.2190804061891,401.118920426562,1114500
2024-04-10,399.6540222167969,400.3816007195384,392.3103227571999,394.7259035178686,1407700
2024-04-11,400.4980163574219,401.681545262517,394.7550131759983,400.4009999674478,1472900
2024-04-12,385.3935241699219,400.1585204458309,384.9472842503127,398.9555999646022,1886000
2024-04-15,382.0271911621094,392.13569442534873,380.8339814154706,390.2633995961275,1353300
2024-04-16,381.2608947753906,383.8801599574962,375.081331971018,380.5333161794865,1865400
2024-04-17,385.01513671875,385.7330046832562,380.6593763310122,384.1614398932592,1442200
2024-04-18,388.62396240234375,390.25373125037595,384.85995129718816,386.56734510288686,1562900
2024-04-19,388.3523864746094,390.932868966894,386.83902525435997,388.98294871550485,1125200
2024-04-22,387.6635437011719,390.8455156920659,380.4556725369088,386.92628422509046,1005500
2024-04-23,385.3352966308594,393.49388107113026,384.8599547805261,388.8858835424387,1278300
2024-04-24,382.8227233886719,385.86886644799205,380.639987748607,385.66512313914154,986600
2024-04-25,382.27947998046875,383.1040749488628,372.656057324517,374.237303217487,1316900
2024-04-26,381.5712890625,384.11298838104574,379.4079744129855,380.882522978077,998300
2024-04-29,388.9731750488281,390.5544504581571,383.5211913320531,383.5211913320531,847100
2024-04-30,379.708740234375,386.4703721757751,378.4670072192732,385.8883033487976,1016600
2024-05-01,375.91558837890625,379.53408973267483,372.29708702513767,377.3319330159743,2017800
2024-05-02,384.1226806640625,386.46063673810363,374.1791066622095,377.0021151265849,1790100
2024-05-03,388.9731750488281,389.34181957434606,383.04584949927795,387.69265933551077,1627000
2024-05-06,389.8268737792969,394.8326176440724,387.2561022144572,392.89240822076005,1042800
2024-05-07,393.4453430175781,394.41544765034763,390.69993032790387,391.5924396163591,942000
2024-05-08,393.2998962402344,394.7938362982145,389.4582599633603,392.13575865234856,640300
2024-05-09,396.7728576660156,398.21830432417556,393.2998955567643,393.2998955567643,995100
2024-05-10,395.696044921875,399.3824311692195,393.54241116962174,398.2280041359476,1426800
2024-05-13,395.79302978515625,404.116545167597,395.37589184548494,396.77284506204495,1402800
2024-05-14,400.4398193359375,404.9896127752412,397.74292943761907,397.74292943761907,1765800
2024-05-15,401.64276123046875,404.07773364661404,399.93539698803716,402.2830339233485,1861200
2024-05-16,382.638427734375,397.74296651940836,382.3959015352778,394.72595481315864,3623800
2024-05-17,385.1509094238281,385.7038761392988,379.83475527650836,382.6771545886585,1612100
2024-05-20,379.7765808105469,384.9666170280492,379.25271600763597,383.918917027472,1158500
2024-05-21,375.1783142089844,379.4855818128364,373.70376559708626,379.24305561714766,1370900
2024-05-22,374.47015380859375,376.94390914365056,372.7627599302889,374.46044328716073,1318800
2024-05-23,367.9024658203125,375.98345386639085,367.39802207688996,375.5566054660935,1736600
2024-05-24,363.75048828125,369.9591530932187,362.55727832210744,368.52341693356755,1511800
2024-05-28,358.2305603027344,363.78927102183684,356.009041803472,363.78927102183684,1448000
2024-05-29,354.0688781738281,356.85307435147854,351.8376192596924,354.0785590907403,1673500
2024-05-30,357.3381042480469,357.56120940171996,354.03975389296846,354.41807936520684,1340300
2024-05-31,363.5564270019531,363.8668379890233,355.36874141243567,358.55068347054834,2332100
2024-06-03,357.1149597167969,364.2646270652101,353.65167861637417,364.138508709499,1284200
2024-06-04,358.32757568359375,358.54099990620006,353.1666114680205,356.90152056100766,1328700
2024-06-05,359.8991394042969,360.4327147616734,354.5441720255635,358.8902518146238,1394800
2024-06-06,360.1707763671875,362.7124756558438,358.30819184426434,360.3939111154037,1305400
2024-06-07,357.5611877441406,361.8587741906611,355.6986032446718,357.9686447563507,1080000
2024-06-10,357.28955078125,361.5386141232761,356.0769199007743,356.82391947050485,1033700
2024-06-11,354.21435546875,356.4552950941152,352.9047081227612,355.71800600343306,948400
2024-06-12,359.02606201171875,361.7908664597708,356.5910896247847,358.1529736610832,1055500
2024-06-13,366.651123046875,366.96153408461686,357.17318015065814,357.17318015065814,1583900
2024-06-14,366.6995849609375,367.7278935979638,361.80056795633584,363.798981315481,1485200
2024-06-17,367.88311767578125,369.87182053440426,363.4691529870097,364.71088585983586,1227900
2024-06-18,371.3172912597656,371.79263309781,368.06743453407796,368.84350646622136,1211900
2024-06-20,370.12408447265625,373.0052969230862,368.64953582931554,370.33750871362327,1352600
2024-06-21,363.828125,368.63983668409077,362.82891820582944,366.6608145345272,2450600
2024-06-24,366.864501953125,371.48218012468004,364.76907227975113,365.4966507938985,1323100
2024-06-25,358.42462158203125,364.72059225932963,356.1642904247077,364.293743778979,1644700
2024-06-26,365.0018615722656,365.1182693892836,356.37761733018084,359.65657566732347,2442500
2024-06-27,365.5257873535156,366.8354347240105,363.4885613999956,363.78929151255943,1709400
2024-06-28,363.8798522949219,371.43735883995544,359.8576229581574,368.3208533291047,6689500
2024-07-01,351.5696716308594,365.51598706597275,351.15089995320164,365.2822595661076,1458100
2024-07-02,355.4263916015625,355.9230625917313,349.8751251183032,350.1478171376197,1290000
2024-07-03,353.32275390625,358.0266986589947,351.6865720728944,355.9035943905178,668900
2024-07-05,350.634765625,353.68309085403973,347.4890440212522,353.68309085403973,1273500
2024-07-08,345.73602294921875,352.20276170098026,345.4925468767193,350.70294077244756,1671600
2024-07-09,339.7367858886719,346.0476967020237,336.9124692511552,345.5023126501392,2112700
2024-07-10,342.3565979003906,343.3499696462703,338.72392394412856,340.184780481647,1475800
2024-07-11,352.1637878417969,353.3032391869189,343.3012530942722,343.6908088556712,1764900
2024-07-12,355.7964782714844,358.54289578861955,353.98503036946124,354.98815070386405,1034900
2024-07-15,361.9710388183594,362.46770982092124,353.65388743987165,355.53351568139027,1158600
2024-07-16,367.65863037109375,370.69720710250766,356.38080167042153,362.292408042264,1732900
2024-07-17,375.07977294921875,377.41713735697704,367.8241739264097,368.1650463803163,1528000
2024-07-18,370.7069396972656,380.15379338798397,370.59979477135727,372.810546789066,1736000
2024-07-19,368.1942138671875,374.11556795688364,367.3371734288475,373.2390304132741,1152100
2024-07-22,369.35321044921875,370.71667054223343,362.56509620346617,369.2363466871319,1071200
2024-07-23,361.8249206542969,368.4182718928824,361.0847735848121,366.51914658886534,1335900
2024-07-24,359.7504577636719,365.8762932896104,358.3285363467976,360.74382926812797,1256300
2024-07-25,371.7295227050781,376.1802723462122,358.56234769162813,358.56234769162813,1241600
2024-07-26,376.462646484375,379.81287921985785,374.0473831549781,375.21605033079044,1380800
2024-07-29,366.9379577636719,376.45302297227045,361.3185399577628,375.1187786717544,1491000
2024-07-30,362.06842041015625,365.21414225507976,354.6764897374578,356.41978689842557,2266900
2024-07-31,362.27294921875,366.9476781897019,361.30876370607467,363.48058109665214,1659500
2024-08-01,348.570068359375,361.52298279802994,346.72937508881745,356.80928986657904,2991300
2024-08-02,344.5186462402344,350.98538506057366,341.9280572348238,346.86575917056354,2820600
2024-08-05,335.8411560058594,342.23971440443495,331.32225549865205,336.74687987382197,2509200
2024-08-06,337.0293273925781,340.42824396657164,333.7570231358739,338.4220034403587,1570900
2024-08-07,336.95147705078125,344.80114465051196,336.83458354932446,340.8665622952238,1384500
2024-08-08,340.0289611816406,341.69432921081136,337.3604431922578,337.8279279553585,1557700
2024-08-09,337.0000915527344,339.80494059069065,334.41925119530913,339.53224858540045,1335200
2024-08-12,336.0067443847656,339.07453709810926,334.92569511706836,337.70132841817036,1581300
2024-08-13,341.4410705566406,343.23305072148304,336.97085383673743,338.74336661717416,1696600
2024-08-14,342.11309814453125,346.515134840102,339.2595657050652,340.8665018409324,2040500
2024-08-15,363.51953125,368.59356436904676,348.560345634995,349.826439067193,3184500
2024-08-16,368.05792236328125,368.65198971401986,361.47431985193344,362.42875675578927,2103100
2024-08-19,363.17864990234375,371.06728054240847,362.1073492463251,369.09997486830144,1676500
2024-08-20,362.8669738769531,366.7723393542103,362.0586464425166,365.1556547641387,932300
2024-08-21,367.2106018066406,367.9702459663729,362.4092607749841,364.08437734788095,1249100
2024-08-22,366.76263427734375,368.2429581843727,363.80195674208386,367.2398378963382,1072700
2024-08-23,371.23284912109375,372.8592824459289,366.76263176784494,368.9149520369199,1197500
2024-08-26,373.093017578125,375.24533789105146,370.7459045047843,371.525045825239,1108500
2024-08-27,366.1685485839844,372.06065769715406,365.1556797923431,371.5444896081716,1107200
2024-08-28,368.0871276855469,369.47005509361816,364.6881816009898,365.20434967096566,1096600
2024-08-29,371.8561096191406,374.4661657479636,367.1132009097921,369.87908527751165,1075000
2024-08-30,375.6737976074219,375.81990701477275,368.57405736959254,372.2261981294133,1413200
2024-09-03,375.62518310546875,378.24498826819365,370.04470030241026,374.81682582532227,1929700
2024-09-04,381.7217712402344,388.17873125848746,376.0244256041775,376.4529458390357,2370300
2024-09-05,373.67730712890625,384.69216131962816,372.8397340568331,381.7704487020107,1397300
2024-09-06,371.6029052734375,378.8487553105433,371.36917776294996,374.7973100419638,1670300
2024-09-09,377.12493896484375,381.7704513595623,373.47279816739893,374.11557851429296,1215300
2024-09-10,377.1931457519531,379.29678273058965,371.71980801847576,378.38131025689034,1041600
2024-09-11,378.449462890625,378.7124063481855,368.7786004647442,376.5795833055726,1160000
2024-09-12,376.90093994140625,378.9071802931142,373.1027193591047,376.55034868205473,1068500
2024-09-13,384.3805847167969,384.88703403065966,376.33615451503334,379.81297066438697,1126000
2024-09-16,384.36102294921875,389.17211192233947,382.8612022068476,385.66605096928845,940200
2024-09-17,387.49700927734375,389.6785451825884,385.13042919572234,386.1530167210064,983200
2024-09-18,390.60382080078125,395.39541351000133,386.53290779242064,387.6139273437099,1163500
2024-09-19,399.0378112792969,401.6868321093151,392.8145486649305,395.91155714174005,1751000
2024-09-20,395.2980651855469,399.21315011452214,391.977047665382,396.0089963651918,2709400
2024-09-23,398.2781677246094,399.55397995541153,393.52551007649134,394.45070131100283,1184500
2024-09-24,400.1675109863281,404.90067113194226,396.73934918091464,400.9953057793332,1253600
2024-09-25,396.3108215332031,403.06971893201813,395.4732782031007,402.06659881369706,923600
2024-09-26,400.732421875,402.36857404089506,397.71331246239725,399.2618168038195,1062100
2024-09-27,407.0920104980469,408.67947931351523,401.803717111986,403.29378955008053,1410800
2024-09-30,407.87384033203125,408.4700340473534,403.19239687965563,406.57398949870014,1176700
2024-10-01,407.0040283203125,410.9427127110623,401.8045652549091,405.77256869269314,1089200
2024-10-02,407.05291748046875,408.1182160465441,404.7561890099347,406.691305928124,863800
2024-10-03,399.4785461425781,404.4532106860833,398.4816685724891,403.33905691081856,1103800
2024-10-04,398.7454528808594,402.8014429886102,395.89163309168816,402.66460089508456,877900
2024-10-07,396.8396911621094,399.82057035711125,395.22708389553316,398.62821271389225,942000
2024-10-08,391.2101745605469,396.7126108543878,389.7441626098364,394.39631674443956,981500
2024-10-09,396.2923583984375,397.1621766400261,392.40252931318366,392.40252931318366,760300
2024-10-10,396.5660095214844,397.33808766219204,392.75435464742594,395.59842136716554,578100
2024-10-11,401.7655029296875,403.0262817288593,395.30529037769185,395.87213528503395,653400
2024-10-14,398.4815979003906,399.5175772971686,390.4087491801303,398.7845713187263,996200
2024-10-15,392.8814392089844,399.7717136127884,392.3830154029027,395.842782302422,834600
2024-10-16,400.0942077636719,401.14975308229873,393.98582456913135,394.093347622922,867600
2024-10-17,395.9600830078125,399.97694158046613,387.54515859902045,398.8725410991018,1398500
2024-10-18,399.4687194824219,400.2994357248784,395.0413645953759,397.76812534210364,749900
2024-10-21,397.73883056640625,401.42342657352356,396.7224170292143,398.75527392968945,838600
2024-10-22,397.43585205078125,398.6575287322518,392.7055235192582,397.8267826236337,610200
2024-10-23,399.3807678222656,402.40074889547617,397.05469072887047,398.02224908284467,1112700
2024-10-24,401.7557373046875,402.43010525819903,397.94411180185665,399.72285048578266,718300
2024-10-25,398.6868591308594,405.35233445300196,398.1884353123702,403.64198705024666,591000
2024-10-28,403.0066833496094,403.9644587166824,398.99957813066055,399.73258409170893,828300
2024-10-29,396.8396911621094,401.68729591971334,396.02848113683814,400.9054347680676,758600
2024-10-30,395.520263671875,398.89210317758096,392.236381306393,393.5362619728033,785100
2024-10-31,395.520263671875,398.08089317425333,392.8912131184034,395.1000140598856,746300
2024-11-01,391.34698486328125,397.85605114863347,389.2847793772638,396.6050555787107,1522500
2024-11-04,392.5784606933594,397.6410816556697,390.4576466968115,391.34703089171853,801900
2024-11-05,391.2981262207031,394.8556628211484,387.79925753746727,389.2848055559989,902200
2024-11-06,396.5171203613281,406.0852997956644,392.9986858058231,403.27055215126035,1664000
2024-11-07,401.8436584472656,402.6353025259201,397.1035471067425,398.3740788851512,1073500
2024-11-08,385.131103515625,397.2794485026164,384.7988110586024,392.98893578067344,1623200
2024-11-11,393.5264587402344,393.7512579710629,384.2612825342393,388.1804007685026,1143200
2024-11-12,384.8281555175781,393.07691887526755,384.21242569657545,393.07691887526755,1144900
2024-11-13,380.6255798339844,383.24484735021645,378.26040077308926,382.18930204743737,1474700
2024-11-14,385.6980285644531,386.55806395179343,379.00323393716707,381.57364661901164,1225000
2024-11-15,389.9103698730469,390.51631677883773,381.1631522687499,383.77266697314764,1168100
2024-11-18,395.3638916015625,397.7583898181748,387.16401325765344,387.23240448371524,1457300
2024-11-19,391.02447509765625,393.4971473807112,388.73750004671956,390.4576302700932,1076500
2024-11-20,395.7841491699219,399.6739785238065,391.56205715854423,395.0022880116164,1487000
2024-11-21,427.62591552734375,432.03370445473587,401.64816738820434,403.39761664512963,4148700
2024-11-22,436.5295104980469,437.36025661549564,422.41669893759587,426.0524099733426,2202200
2024-11-25,452.2060546875,458.7542534177792,436.5783766304318,437.84890840742815,3266900
2024-11-26,450.59344482421875,452.84131790134774,444.09413109365136,446.2931490358344,1747300
2024-11-27,455.44110107421875,456.4770805918624,450.6521340882278,451.44377825121785,1258700
2024-11-29,455.3432922363281,458.4610132771972,453.6525109260365,455.441032328655,732200
2024-12-02,452.460205078125,453.77959208397436,448.45309944359997,453.1932111151933,1318600
2024-12-03,448.8440246582031,454.9915102334611,448.5508341773225,453.4961791287866,1166100
2024-12-04,445.9217834472656,451.7565126247927,443.0288315145113,448.5996892592789,1056400
2024-12-05,437.9662170410156,447.98396624565993,437.7805197916227,447.6028186147584,1159700
2024-12-06,433.9395446777344,438.78714925796424,432.93288431443096,436.3828979698387,1129900
2024-12-09,439.22698974609375,442.9799770369504,434.05684553483115,434.9169107147113,1209100
2024-12-10,433.90045166015625,438.52328692195243,431.0075296536953,436.9986368221899,1215300
2024-12-11,437.8782653808594,439.5690767369006,435.9724377242007,437.8098443247328,1677400
2024-12-12,429.52197265625,437.487298423167,428.5250654243895,437.487298423167,867000
2024-12-13,430.4602355957031,432.10216193983,427.11771498521694,430.0302030066092,900700
2024-12-16,428.4859924316406,431.398450461547,426.1208133259391,430.3526880962699,956800
2024-12-17,433.538818359375,434.8582350633763,425.14346027469054,426.6778932550927,1357100
2024-12-18,416.34735107421875,435.21980725443035,414.89112223100636,433.15763163957484,1423600
2024-12-19,416.963134765625,421.29274968239554,412.4087206064377,418.3705086614292,1757200
2024-12-20,422.6903381347656,426.60948637409757,416.0932842217641,416.3571854669819,2446400
2024-12-23,422.5828552246094,422.8271905606867,417.3247540200511,422.8271905606867,1093900
2024-12-24,423.03240966796875,423.7654156515547,418.9959852795146,420.85292780604766,383200
2024-12-26,424.0097351074219,425.58327006951737,420.6867807381055,422.0061974243883,444900
2024-12-27,420.3153991699219,425.3096287471795,417.41269430152755,422.53395319449805,735300
2024-12-30,415.0182189941406,418.2043313123648,412.17415226596165,417.55928248293446,792500
2024-12-31,415.6853942871094,419.70781562037854,413.4877452838992,417.4513338997488,772700
2025-01-02,410.2697448730469,420.72810505143576,409.97543161693244,418.02030333393947,1005300
2025-01-03,414.2333679199219,414.9397497343694,408.798153123765,411.88856233435536,875100
2025-01-06,410.09320068359375,420.9832414266515,409.97547536858457,415.979705956564,1077900
2025-01-07,405.4526672363281,412.15348926542356,404.5500865151271,409.946049757273,1223400
2025-01-08,402.2445068359375,404.17724383468857,400.4883578008541,403.3040645582556,878000
2025-01-10,400.841552734375,403.608217184282,395.38672733203583,398.212254434893,1699200
2025-01-13,421.77789306640625,424.0932373030385,398.3986408641468,400.2921560397188,1988700
2025-01-14,424.13250732421875,425.24113725862344,419.27612856705366,422.5529761364837,1224700
2025-01-15,420.76739501953125,429.7148781018875,418.383367607518,429.6952671964688,1432100
2025-01-16,430.8038635253906,431.549497089351,420.4043950823293,423.72046442902047,1181300
2025-01-17,446.824951171875,448.571279696778,435.2481706054813,439.3392745933393,2315500
2025-01-21,454.3891296386719,456.78297742076774,444.9707155711174,449.79766288559466,1733700
2025-01-22,451.0534362792969,455.5369980137404,449.8957641722919,454.0849826986465,1132200
2025-01-23,465.7402648925781,466.9175778386093,451.93640383475093,452.43676632786094,1934700
2025-01-24,469.7136535644531,470.41024487664976,463.424900491827,465.48518322053786,1400800
2025-01-27,474.99188232421875,475.2273628781883,465.14178913528167,470.92038911472673,1418500
2025-01-28,470.9105529785156,476.64990101739676,467.30999105679825,473.2847897014801,1642400
2025-01-29,469.11517333984375,473.7066397078249,468.3008567763609,471.90144857016503,977000
2025-01-30,470.9105529785156,474.4326413450697,465.4459372334834,466.75076592771046,1122300
2025-01-31,467.5454406738281,470.51812432701985,465.09273040088743,469.93928829544313,1400700
2025-02-03,458.2153625488281,460.78582829660485,450.4550128926806,455.3702243636281,1397700
2025-02-04,463.33660888671875,465.65198309038175,456.2041377693535,459.8047298368836,1045500
2025-02-05,458.8334045410156,465.02404281461435,455.9195835674276,463.57205750892365,1084600
2025-02-06,456.1845397949219,462.4438318095057,454.69327265663844,462.4340413269684,809300
2025-02-07,456.79278564453125,460.58957650973105,454.24196086972734,459.55945012967186,898000
2025-02-10,461.0899353027344,462.9539891823175,455.2230413618432,458.7451298347148,1348800
2025-02-11,465.32818603515625,467.68281187487537,460.01072687252724,460.63860514022406,1489000
2025-02-12,467.5454406738281,468.74236448463563,455.19359533213594,459.9420388277119,2038900
2025-02-13,457.40106201171875,465.40671241559636,442.6847994914245,445.9027543649163,3058400
2025-02-14,471.1361999511719,472.038810482064,458.2643815613152,461.01140502001255,1919300
2025-02-18,492.0726013183594,492.6023951829564,470.9204278302109,471.90151205485716,2367600
2025-02-19,499.6366882324219,505.30735312604435,486.6177130194654,486.7746900681154,2095200
2025-02-20,486.4117431640625,499.62694851564555,483.7824147574092,498.52813900376117,1514500
2025-02-21,480.71160888671875,489.33531676226556,478.0430588772072,487.863690579233,1104300
2025-02-24,475.3843078613281,483.03678211430304,473.0297119143789,480.711617493929,1245800
2025-02-25,478.3668212890625,481.467050823012,473.7164919582945,477.47403111191744,1214700
2025-02-26,469.4683837890625,481.4474429989968,468.38921515996947,480.7312407801383,1557700
2025-02-27,471.46002197265625,478.23931769864583,470.0963304410295,473.1965602481596,1328600
2025-02-28,471.6954345703125,476.0318095418084,463.6211016188785,470.85168667222416,1995800
2025-03-03,457.0184020996094,475.50205325387947,454.7815315053166,474.9133967942632,1487700
2025-03-04,449.7093811035156,454.52650812603423,439.1823368422172,445.2159986937752,2325900
2025-03-05,458.6568298339844,459.9714789726498,449.974229313236,451.6813360553454,1291500
2025-03-06,473.7066345214844,475.71787485360676,456.4984113413183,459.1473503386267,1695800
2025-03-07,490.1692810058594,490.80697974492443,469.22312744213673,469.22312744213673,2615900
2025-03-10,479.5343017578125,495.42787670271224,471.459968557509,488.20708190843015,2174100
2025-03-11,466.5054931640625,479.2988383104608,463.76826012056995,474.79566584941153,1492200
2025-03-12,462.45361328125,467.60430487145817,454.4479633310605,466.0051329777628,1679800
2025-03-13,458.25457763671875,470.92037720821884,456.6946574800539,464.5825821815787,1314500
2025-03-14,468.4676513671875,472.21539976379944,461.55102053255,462.9441431689949,1018000
2025-03-17,473.2259521484375,476.88537691568933,466.51534006440767,468.3008904869482,893000
2025-03-18,472.0682678222656,476.8461427835424,469.880439416166,473.0101002113926,931700
2025-03-19,470.3415832519531,473.6870839905274,468.15375469191736,469.7038845054913,841700
2025-03-20,467.99676513671875,471.4502006148615,459.23569058803685,466.99607005083686,1153400
2025-03-21,463.49359130859375,466.7017557344042,459.4417088605408,464.64147297128926,1685000
2025-03-24,470.88116455078125,474.0893290486401,465.19088816325643,467.6239877593302,903800
2025-03-25,469.8706359863281,473.0395486449602,468.12430735526806,472.5980487907998,808200
2025-03-26,474.4718933105469,475.7178892942066,468.15370923596544,472.3625684584512,811200
2025-03-27,470.6456604003906,481.3002192362087,469.7528702865108,472.7942369506519,1193200
2025-03-28,456.5082702636719,470.47889918755936,453.99669719736204,468.5559826081093,1183600
2025-03-31,462.0805969238281,465.57560162632194,451.28050179993534,453.6236445774579,1496300
2025-04-01,471.0397033691406,472.1226423606629,458.7923736368638,462.090464275455,1253600
2025-04-02,463.6065979003906,467.14099163633574,457.5813905268055,466.10726627034603,1394700
2025-04-03,440.5198059082031,456.5082675258729,439.6829648901538,449.47883902815704,2287700
2025-04-04,423.2022399902344,431.99395344898676,413.5343566727779,419.85490578379853,3609600
2025-04-07,416.7930908203125,434.209107562662,405.91421703060064,410.6694260126897,3007400
2025-04-08,406.593505859375,428.8434778474536,399.79052593028825,426.7464629723259,1816400
2025-04-09,445.5802001953125,448.6125134205323,398.1562827376051,401.40515971971,2914700
2025-04-10,437.310302734375,442.2722506630755,421.8928442038854,437.4776529167103,1956600
2025-04-11,452.0189208984375,456.20309617208073,434.6619725443496,437.36938007435407,1245100
2025-04-14,460.4266357421875,465.45747649861613,454.32265070983306,457.1383399691046,1283600
2025-04-15,454.11590576171875,459.89498500774516,453.5153379624756,457.4829191685917,1143600
2025-04-16,445.412841796875,454.4407981781501,441.7307472341577,450.93593857357723,1015600
2025-04-17,445.0682678222656,451.7629362125502,444.53662302432787,448.2580765200591,1044800
2025-04-21,434.72100830078125,444.86146736320103,429.19791177467386,443.4437980767791,969300
2025-04-22,447.6181640625,451.15255802021426,439.33841574799914,439.33841574799914,751600
2025-04-23,449.3705749511719,464.6501874939066,447.3326282846618,455.7797564770443,1025500
2025-04-24,457.3155822753906,459.28460586007566,449.89235494855177,451.4183362087164,828400
2025-04-25,452.186279296875,458.7431318031073,450.25664448938414,456.961167763679,983400
2025-04-28,453.0722961425781,457.9751451775032,450.00059440231166,452.1862115770692,755100
2025-04-29,453.5055236816406,455.7304998882287,445.4029808638853,450.3353945278263,799600
2025-04-30,456.3802795410156,458.08349574109263,444.9993257376892,453.31846231867183,1325900
2025-05-01,472.58538818359375,477.95099001979526,457.0596464431496,457.79803036309005,1855300
2025-05-02,474.2098083496094,484.68499819925677,473.2351212444171,479.58523432449533,1108800
2025-05-05,473.8848876953125,477.6851187182208,469.85823819599483,473.12682445509427,805200
2025-05-06,467.9384460449219,474.3082385862238,467.65295925555233,470.6458534921614,887700
2025-05-07,465.0833740234375,470.01578781639324,461.99202255682394,467.73171320155916,1011200
2025-05-08,482.40093994140625,486.5359016280075,469.12973975748747,470.5080503047157,1568800
2025-05-09,484.97052001953125,486.2799074973607,481.54440812996177,483.11963302326666,653500
2025-05-12,487.9437561035156,506.0390886326238,486.3094628344482,499.87603486486466,1597200
2025-05-13,490.84808349609375,493.89022152722737,485.33481109082135,488.3375602351189,1500100
2025-05-14,489.7946472167969,493.260118125658,488.37694774387245,491.0449664548283,1601200
2025-05-15,508.3232116699219,523.3074545417586,500.3289795306259,509.33722772060383,3211700
2025-05-16,523.248291015625,525.5127161356595,507.81115382843706,507.81115382843706,2322000
2025-05-19,521.6238403320312,524.2229054994256,513.4720547770703,517.8629985029855,1273000
2025-05-20,518.1781005859375,521.545114039245,515.6971116783266,519.5170221815437,1250500
2025-05-21,506.6888122558594,514.9095217701133,506.1276934136649,511.52279880321197,1060100
2025-05-22,507.66351318359375,511.1190989864429,503.43009458778056,504.87732807707266,949200
2025-05-23,502.1600646972656,508.7661602233553,500.81128839648784,503.03629458312247,850800
2025-05-27,501.7367248535156,506.9644798100583,497.96602804920747,504.8477555247312,1103500
2025-05-28,500.1221008300781,503.7943403750759,498.01526136504333,502.4652435393052,739800
2025-05-29,495.6524658203125,502.59326182559914,494.3036594489873,502.59326182559914,994200
2025-05-30,498.4189453125,505.89135610170973,495.3177091574015,497.35565576077613,1686500
2025-06-02,499.9744567871094,501.3921561483373,493.26007926308773,498.32048421398184,993700
2025-06-03,505.2022705078125,506.6986876310135,498.18266629520144,498.7536999827804,1107700
2025-06-04,499.9153747558594,508.7267368833498,499.59049909841883,506.4722266102506,992700
2025-06-05,502.83941650390625,506.925164628907,499.196710719783,502.19948982424046,1126000
2025-06-06,511.93621826171875,517.8531430658737,509.9967590975344,511.58180847889685,1473800
2025-06-09,513.60009765625,517.4593670047649,509.58327277279074,511.9461250783151,1101000
2025-06-10,507.83087158203125,512.5466613574283,501.07710517431894,511.8772005604291,1294000
2025-06-11,512.773193359375,513.5312266449115,504.69032920262725,510.1839223111175,1037000
2025-06-12,508.85479736328125,512.054460982638,507.02361968268707,510.4694112727636,797000
2025-06-13,501.6973876953125,508.4019410038546,499.8662100844166,505.05457669353876,824500
2025-06-16,516.3173828125,518.2864064583276,504.9068643454027,507.29928095413624,1278800
2025-06-17,515.0177612304688,516.8587933220639,511.84766236552355,514.7913427657801,862500
2025-06-18,516.8489990234375,523.1498987438043,513.265421646189,513.9151730116197,959700
2025-06-20,513.3048095703125,521.791297181435,510.9025981759215,520.265315783117,1389700
2025-06-23,506.1178283691406,514.8208787797776,497.8282260325084,510.42999473593386,1261400
2025-06-24,506.1374816894531,510.5677846961916,500.01384726547985,510.5677846961916,1215600
2025-06-25,498.8915100097656,506.03907543672767,495.1405223794797,505.16284549544275,1189200
2025-06-26,500.6537780761719,501.53983267590445,495.55401422789924,501.3134141935341,1199400
2025-06-27,505.3893127441406,506.40332864920634,499.2360839627075,500.67346277498154,1835500
2025-06-30,502.1992492675781,506.0312529976906,498.2191072778031,505.6658352438454,1408600
2025-07-01,502.0708312988281,508.45093338293924,488.8069872092828,498.4363654967541,1375200
2025-07-02,513.8729858398438,514.1396648262357,501.1128424134356,502.5843992434084,1096800
2025-07-03,514.5248413085938,517.102597759934,513.0039149698484,513.5668705038163,470300
2025-07-07,503.97698974609375,513.0335569644463,500.6881697405287,512.5792261229363,1017000
2025-07-08,502.61407470703125,508.36205025562793,501.0634905706082,501.0931182230225,1285000
2025-07-09,503.0288391113281,505.7349618496962,493.33034959888363,504.65845034057674,1152400
2025-07-10,512.7767333984375,522.4357088608357,504.18435332301266,505.3793753784582,1268800
2025-07-11,506.0707092285156,509.4978115779504,503.35476090731953,507.83860287888103,1046900
2025-07-14,501.33013916015625,506.43622242361397,495.91795372197845,506.1596574811926,1087100
2025-07-15,497.24139404296875,505.2905614545403,496.88583205870947,501.3696745366535,1173100
2025-07-16,501.44866943359375,502.3770427093665,492.93528576214266,496.77717540295157,1150600
2025-07-17,492.9649963378906,506.594260135976,485.97256836910657,499.54257685729004,1778500
2025-07-18,493.6365051269531,496.97469442152715,490.75261652251885,496.15494585319834,1064500
2025-07-21,490.10076904296875,499.9869402117683,489.89337549216356,498.5252391460221,1111000
2025-07-22,499.4339294433594,501.9030010437082,490.04157143082153,490.95020304136494,975800
2025-07-23,508.79656982421875,509.4187806167358,499.64126425726573,503.5621507030973,995100
2025-07-24,508.2928771972656,511.0977687703632,505.083114586565,506.3867613512078,850000
2025-07-25,510.9792785644531,512.5792320385846,502.4757808341176,508.3027834169544,858400
2025-07-28,504.2337341308594,510.12002187276227,502.75229133528535,510.0311087818007,824700
2025-07-29,506.15966796875,508.4312017397183,499.70056835194913,505.34980526639197,1139100
2025-07-30,501.5869445800781,506.3769192957079,498.49566216374166,504.12515737803216,1121000
2025-07-31,517.8828125,520.0457215800359,505.6658513436534,505.6658513436534,1549300
2025-08-01,494.7821960449219,513.7347615012135,493.8143091485786,512.5792528962246,1623100
2025-08-04,504.24365234375,505.8337199122509,487.1873173824687,495.29573969682065,1087400
2025-08-05,502.28814697265625,505.7744747725742,497.7648211846171,504.6979632007051,1027900
2025-08-06,503.33502197265625,507.6707257165152,501.1029718346309,503.53252959600184,966700
2025-08-07,500.37213134765625,507.69043220893116,495.42410278296046,506.86085800315,958500
2025-08-08,504.0559997558594,509.8929184923335,501.0536003964983,502.4659321897052,883700
2025-08-11,500.70794677734375,508.9151077003146,496.1549633649255,506.1299878797923,1098000
2025-08-12,499.5918884277344,507.12746865070386,495.5623472235472,502.8905640383996,1285800
2025-08-13,507.186767578125,508.1645705235919,494.3574817586415,500.7869535645416,1853600
2025-08-14,472.91607666015625,479.3554043015282,464.67925772765386,478.9998724716517,5100700
2025-08-15,482.7528381347656,486.2984512623004,468.11620547689535,470.2593426183504,2674700
2025-08-18,485.0540466308594,486.1601858575357,474.0617353207052,480.3331830555587,1391600
2025-08-19,483.3849182128906,493.02418247159505,481.02447151952725,485.261406423245,1493700
2025-08-20,486.6243896484375,490.1502311626533,481.38008392798037,483.3355995054524,1438800
2025-08-21,480.73809814453125,487.15768392653507,478.6245585121637,485.1231714591334,844800
2025-08-22,489.8538818359375,492.92542234293444,483.246644331273,484.2935281979583,1133400
2025-08-25,481.86395263671875,490.2192815418503,481.62693143488065,490.1106568710181,729600
2025-08-26,481.7257385253906,484.31332065080215,474.0716168286043,481.9726456768999,1502800
2025-08-27,486.9798889160156,487.552730373129,479.45416392866673,480.08626068961496,912400
2025-08-28,485.3602294921875,488.87618509907094,483.5528521718866,488.87618509907094,1120400
2025-08-29,472.7185363769531,481.7553314426167,468.74825037732757,478.8220734885784,1535100
2025-09-02,470.8815612792969,475.9283590828615,465.0249309326047,467.069329362034,1600700
2025-09-03,463.7113342285156,471.9284107904938,460.98549999461346,469.3309429472217,1515400
2025-09-04,469.0248107910156,469.0248107910156,461.1830373847761,464.2644337594131,1486800
2025-09-05,467.4051208496094,472.47166038967646,464.4224631881874,469.45937507585774,1262400
2025-09-08,475.55303955078125,475.7801748309068,465.22242306933805,468.00754285374387,1271500
2025-09-09,469.7161865234375,477.39993612577234,463.98792233581423,473.9827494755912,1204300
2025-09-10,465.5187683105469,473.5580498160039,465.39037176416406,467.8001880715573,1347400
2025-09-11,470.5655212402344,472.69880266442533,465.2619604026082,465.6668917513699,1368700
2025-09-12,464.6891174316406,468.5013491569765,463.4940651885935,468.09641783578263,1764500
2025-09-15,463.3064270019531,467.1976860041227,457.10412074784057,466.41748112959976,1787700
2025-09-16,462.9015197753906,469.61738195127845,461.1040285561861,466.14094025811784,1659200
2025-09-17,463.3163146972656,469.37048271598644,458.5855653591411,465.74587256522403,1522500
2025-09-18,470.229736328125,472.21487951009567,460.23493946094925,461.4694752427651,1785000
2025-09-19,463.8200378417969,471.8198357643953,463.05954450787453,470.111227385879,2754900
2025-09-22,463.2274169921875,466.3582127531872,459.00036800934333,462.15090549090587,1678800
2025-09-23,465.8348083496094,469.02482952924424,462.4373634572171,465.5187599549604,997200
2025-09-24,463.1385498046875,471.3161132607019,462.50645304478667,465.4199694186458,976900
2025-09-25,460.92626953125,464.91626728660833,458.26954624452054,463.5138515838933,1343700
2025-09-26,458.2497863769531,465.1928142582567,457.58809209061684,461.2818134251838,1106200
2025-09-29,459.7312316894531,463.4348389742573,457.51895324947407,460.0670217998047,1055900
2025-09-30,453.1802062988281,459.51317717934177,449.6321311366019,458.8689827127127,1954800
2025-10-01,447.6995544433594,452.7540266766982,443.447822507449,450.9403677363684,2141700
2025-10-02,457.69952392578125,458.21487345639866,449.30509435390485,450.464638359117,1511900
2025-10-03,458.75006103515625,460.6132919927237,455.40021349382226,456.8868300775888,989400
2025-10-06,453.2297668457031,461.3169649760349,452.06030235076724,460.56373620186946,1150200
2025-10-07,457.3923034667969,461.8224222325309,454.4091497517649,455.65791739904205,1237600
2025-10-08,456.6390686035156,462.46661055266725,451.5251038368171,458.25453015860336,915300
2025-10-09,452.14947509765625,458.4725557411299,450.9502795345017,457.768899034106,992700
2025-10-10,442.3675537109375,456.51022212169136,437.9473554750781,452.79368061002555,1581100
2025-10-13,435.192138671875,445.98498994631643,433.55686642446375,445.36060612114477,1758500
2025-10-14,443.9532775878906,445.81647829886924,429.13665354854805,432.18915962382874,1258400
2025-10-15,444.458740234375,448.3239375924025,442.3279290205529,445.4300073634359,1019900
2025-10-16,453.0810852050781,453.65589696345916,441.5746573743392,446.33184848407205,1574500
2025-10-17,454.4091491699219,461.55481129124024,450.5538421979371,458.39327084358615,1136300
2025-10-20,458.31396484375,459.7510395781325,451.8224181366633,453.5270427111003,813800
2025-10-21,455.7173767089844,462.61526935676716,454.6569162612324,456.99584522551163,953900
2025-10-22,458.23468017578125,468.0067222241179,456.0245962168095,456.0245962168095,1293400
2025-10-23,465.2317199707031,465.7966112887373,456.5994111909129,461.4061442164837,1161800
2025-10-24,468.54193115234375,473.33874387778934,466.35162752773977,469.2257772258655,1187200
2025-10-27,473.83428955078125,478.69056459178415,469.9294407036389,476.27233240486476,1273100
2025-10-28,464.0126647949219,472.2485179560217,463.7054331315098,471.2078984825665,1064700
2025-10-29,469.265380859375,473.62614703192605,464.84518268842567,467.63010866731423,1134800
2025-10-30,461.25750732421875,475.5290211247656,461.0692001288019,467.9274715866802,1035000
2025-10-31,457.5111999511719,460.3952396652973,454.6271602370464,459.43389309392217,1116400
2025-11-03,457.8184509277344,459.6618409954924,450.4448301661178,455.69753005893693,957500
2025-11-04,464.1217041015625,465.4795060422949,451.93145972037996,453.20995850274466,1576900
2025-11-05,469.4635925292969,472.0404005675994,462.2386277138496,463.8243580639812,891600
2025-11-06,471.1385498046875,476.98590253238876,465.33081841072624,470.90070082107576,1258600
2025-11-07,463.6162414550781,467.04536179661693,453.56669915247335,459.7807756308702,1912500
2025-11-10,470.1573791503906,472.2980804326902,459.54291487875366,464.7163418424439,922900
2025-11-11,473.68560791015625,475.93534344405714,467.7986038394742,470.3258399248928,1179100
2025-11-12,476.4903564453125,480.603323032946,473.5072027580375,474.72623927119366,1068200
2025-11-13,469.1861267089844,478.4824409512565,468.67077716130126,477.02555543201544,1005300
2025-11-14,471.98095703125,475.3704259217614,466.79760962838765,469.06718609292716,1180100
2025-11-17,471.7331848144531,475.47945739228135,468.8887663474222,471.02949785550857,1318400
2025-11-18,469.6221923828125,472.86300569902636,465.8065370409716,467.2634225262093,1117500
2025-11-19,470.5339660644531,472.14942761417655,463.9829567440029,470.1276205630577,1202100
2025-11-20,472.0800476074219,479.8897450547617,469.4834287622519,473.73516074473065,1543200
2025-11-21,482.8926696777344,486.6587829352311,472.2584257363612,473.37834833209826,1835800
2025-11-24,482.8827819824219,489.8995985481604,479.78070404930895,484.2603642102942,2182900
2025-11-25,493.685546875,496.0542068856401,483.86396309264444,485.6875424583027,2188500
2025-11-26,465.6777038574219,483.4675618088713,465.22181655493216,472.87293809832187,5473600
2025-11-28,460.345703125,469.44382002848477,458.87892738424785,462.7441246332874,1682600
2025-12-01,463.9333801269531,470.26638131829475,457.2931775052504,459.58256463429984,1824400
2025-12-02,464.964111328125,469.5428856049021,462.26837869069755,467.51118835499966,1303600
2025-12-03,477.5210876464844,478.1454714667702,464.3793870337419,466.7976191577068,1157700
2025-12-04,478.72027587890625,479.1860836229533,470.970040752546,476.6984688360966,1379800
2025-12-05,470.8709411621094,481.10879138476076,469.4636276769073,477.09493854527744,1224900
2025-12-08,462.1891174316406,484.62710209371346,460.7718834998235,474.74605565931864,1896600
2025-12-09,458.730224609375,465.1326085360116,457.679684632864,460.7421414412259,1173700
2025-12-10,464.71636962890625,465.77683012295574,451.8422788167695,458.52213344211316,1677800
2025-12-11,471.69354248046875,476.45070353924564,465.93538322476854,467.66976927155275,1186500
2025-12-12,480.4744567871094,482.8233363417884,473.3387154953946,473.95317883005237,1852100
2025-12-15,483.6558532714844,484.62709009105356,480.47447197778735,480.47447197778735,1473200
2025-12-16,481.1087646484375,484.78565447381675,479.88972818016094,482.6548434521929,1632200
2025-12-17,476.7083740234375,486.0443392716999,475.41006465517995,480.62314303921005,1641500
2025-12-18,470.81146240234375,482.783698289219,465.5884936661516,478.7301940127349,1927500
2025-12-19,466.3714599609375,472.2485437077057,464.73618773692624,470.8610409190081,2990700
2025-12-22,464.5874938964844,468.5220736714679,463.47749168459944,467.29314697192274,1173200
2025-12-23,462.05035400390625,466.97601168073663,461.25750389405266,466.1930820269764,1083700
2025-12-24,463.2694091796875,464.2208353988574,460.25652419947295,461.87198585246915,343300
2025-12-26,464.74609375,465.22182197028326,461.971088078248,463.556818567232,503200
2025-12-29,466.0444030761719,467.5409401943977,461.6341251261247,465.30109474517917,981500
2025-12-30,465.7470703125,468.9779933870244,464.1910710193451,465.68760806839276,826700
2025-12-31,463.0121765136719,467.64657822385846,463.0121765136719,464.42435807068915,812100
2026-01-02,464.23541259765625,467.8952179323038,456.3987304074974,463.43981989659846,1175500
2026-01-05,463.53924560546875,465.3194198163143,456.4384583057285,459.7700594249365,1320200
2026-01-06,483.31005859375,484.78190811615616,461.75909924826306,462.5447675216573,1621000
2026-01-07,472.5892639160156,486.4128912628826,471.0875501422125,484.4636679984828,1286900
2026-01-08,498.0486145019531,501.11171011223735,470.1228981512334,471.3163175435366,1796900
2026-01-09,485.3984680175781,500.78347682626764,482.19615753047805,497.9491590477067,1725600
2026-01-12,488.04388427734375,494.2893809935198,481.6690969200025,483.6481845772197,1547500
2026-01-13,496.775634765625,496.8452574708058,487.30794840823444,489.6251340742538,849100
2026-01-14,509.2865295410156,513.2546597121316,498.4663290916298,500.46529598614575,1890900
2026-01-15,512.2103881835938,516.3276579114388,505.35825709318175,510.9772103597562,1203700
2026-01-16,511.5739440917969,513.9706770004072,507.1980931260701,513.4237108046497,1323300
2026-01-20,505.88531494140625,512.4291815485938,504.3040540116843,511.73301519466656,1377100
2026-01-21,526.6008911132812,527.2871026934471,508.3218656530455,509.8732926125729,1620600
2026-01-22,519.5100708007812,529.6838481811064,518.2967418662714,526.3522772221038,1159300
2026-01-23,511.603759765625,518.7642157419878,503.6377866355782,515.4127350801059,1590500
2026-01-26,513.7020874023438,515.8104351843316,509.7539278718659,512.8865852300916,750600
2026-01-27,516.3375854492188,518.6249371663162,511.02689656880665,514.487818811031,1043300
2026-01-28,522.1256103515625,525.864962663495,516.2381517645995,517.083457593701,1106700
2026-01-29,527.1578369140625,534.3083379460898,518.6746710476267,527.0882142055648,1493500
2026-01-30,525.0991821289062,527.0782394101843,515.850288220011,522.0460413427755,1517800
2026-02-02,529.3258666992188,531.7624187610515,519.5200512142824,524.3533362464314,1557900
2026-02-03,542.0057983398438,542.3240475604636,530.0717257158472,530.3303070013403,1605300
2026-02-04,564.1434936523438,568.419857391064,544.9892980279294,544.9892980279294,3209200
2026-02-05,562.6218872070312,571.7813097626126,558.1168063727357,560.7323621354083,1913100
2026-02-06,579.9064331054688,580.851226033434,564.4319207321406,564.879460613791,1440400
2026-02-09,582.4523315429688,584.5109663159365,571.1448028000215,576.8134993299545,1101800
2026-02-10,590.1497802734375,590.4978937942324,580.3837847441112,582.8898985946879,1609100
2026-02-11,609.3239135742188,610.9648728349596,587.2558219194799,589.2448340174291,1826300
2026-02-12,594.823974609375,622.8093882769148,593.5013253209836,609.5028930175031,2767800
2026-02-13,599.6075439453125,607.6034110788263,593.9189987287725,595.5698519902672,1565100
2026-02-17,597.5390625,603.7049516638375,589.7918212540962,589.7918212540962,1863200
2026-02-18,590.0106201171875,600.4926919684638,587.6734944940098,600.4926919684638,2558200
2026-02-19,658.3629760742188,670.4860067172342,625.2657870534819,630.128935991536,6653300
2026-02-20,658.8502807617188,663.2559351281768,642.8487129577901,660.6006210616758,2989900
2026-02-23,643.2863159179688,666.1201358299901,640.8994771335155,648.5969441986213,2074700
2026-02-24,640.9989013671875,644.2509555429357,631.2726638569027,639.7657235891805,1399200
2026-02-25,620.1838989257812,643.3757871332133,620.0645630566042,641.7249338097099,2100500
2026-02-26,616.0567626953125,623.5553167416691,611.223416979125,621.5265461755026,1421700
2026-02-27,626.2504272460938,628.0405259979815,610.1195075344731,611.6212213835016,2015300
2026-03-02,627.4139404296875,632.9533460479706,616.3848423523865,622.3220746444466,996900
2026-03-03,615.8179931640625,620.1242212587505,605.8630388174305,616.5937370013701,1071400
2026-03-04,610.6664428710938,619.2987476739423,609.5824653221406,615.8279314431696,1073200
2026-03-05,587.4447631835938,607.0066795944413,583.0788671893075,604.271788040364,1642100
2026-03-06,586.52978515625,586.6093019272365,574.4564685281834,582.0246441313478,1412700
2026-03-09,596.1864624023438,597.5191272060314,575.1427412697341,583.2479290889828,1499500
2026-03-10,589.4635620117188,599.7169770535841,588.1806711349142,593.799654265541,1092800
2026-03-11,590.7763671875,594.714633098083,582.0843938003476,587.5144188240528,998400
2026-03-12,582.6114501953125,590.4083430188385,579.1107697521953,588.2105236700318,1622500
2026-03-13,574.3272094726562,586.4303303802233,568.4595998491947,581.7860044008726,1381700
2026-03-16,569.3347778320312,579.7373324873822,567.5943923247681,578.7726300994451,1150900
2026-03-17,571.1050415039062,573.6807781252095,559.101346458758,573.2034346555878,1462300
2026-03-18,567.8828735351562,575.232227234956,566.0032425014505,570.5978556728426,1226400
2026-03-19,564.4617309570312,566.8783732465488,554.8746785748702,560.0958350608205,1449100
2026-03-20,556.6548461914062,570.5580819026492,548.251318715594,565.4463062905023,2726900
2026-03-23,565.90380859375,568.7977945006636,560.9312783277022,567.1170768427461,1244200
2026-03-24,579.81689453125,581.2887439542723,556.9233475010992,557.470313648858,1144900
2026-03-25,574.8145141601562,587.4447525206035,573.9393440227508,585.3463594251597,930100
2026-03-26,577.9969482421875,584.620331536366,570.8066892404261,570.8066892404261,1516500
2026-03-27,563.5269165039062,578.7229372158326,560.9511191549842,577.5295178290727,1455800
2026-03-30,552.4481201171875,570.140361193933,551.9906254745114,569.1558098997568,1262900
2026-03-31,561.84375,565.055457342731,548.2589651651833,558.5522933042167,1445400
2026-04-01,569.224609375,577.8721782023357,562.6915549451517,563.9781980553864,1573400
2026-04-02,574.2216796875,579.1887857659701,555.0114614590251,559.2504742354741,1248600
2026-04-06,573.603271484375,573.7229563833764,565.1950116266571,570.9102395021145,1055700
2026-04-07,574.5109252929688,574.6405940872695,567.8382178401484,571.8278770435718,876100
2026-04-08,607.7447509765625,608.1038056690242,588.4746910753865,590.7088903316335,1449900
2026-04-09,616.40234375,617.3498999814,605.8796298307122,606.1189996413043,1205800
2026-04-10,603.4359130859375,617.6390891345573,599.5060966052915,616.8511534118333,1263800
2026-04-13,601.48095703125,606.3583296728788,597.3017868762888,602.8973297799473,1178300
2026-04-14,594.4990844726562,600.8825634254528,592.1452001987923,597.9102868572239,868100
2026-04-15,575.1492919921875,592.3247458393624,570.6209897826959,589.2527520490936,1553900
2026-04-16,582.6797485351562,584.0163111396373,563.3598289253679,571.359115020964,1443900
2026-04-17,588.9335327148438,592.165146750824,580.5253337131203,584.4850410327703,1238700
2026-04-20,592.9830322265625,594.1001318680387,586.0310198147009,588.454730333834,919900
2026-04-21,585.7816772460938,597.1122943260232,585.0934586255728,591.0280886318961,632000
2026-04-22,578.4906005859375,591.5666940140904,578.3110732270744,587.9660411937066,796500
2026-04-23,590.419677734375,593.4318289046857,578.5005592096682,582.8592568286966,919200
2026-04-24,561.1854858398438,586.6594382862753,560.1681032482975,583.85670509263,1102600
2026-04-27,566.222412109375,576.49577240769,562.7015086326581,565.1651548529925,1035200
2026-04-28,562.4022827148438,572.9749158993872,558.3129064716107,572.9649320112178,894800
2026-04-29,558.572265625,562.4023044332016,556.3180983968776,556.8267896942253,872400
2026-04-30,588.3450317382812,592.8732727722365,561.0059203185508,561.0059203185508,1562300
2026-05-01,575.7676391601562,588.5445194691758,574.2116746100191,586.7790759090218,802600
2026-05-04,576.8947143554688,580.4654152204022,571.5186344055544,575.2090810440297,799100
2026-05-05,574.3014526367188,589.2427679158171,574.3014526367188,580.8744430332813,906100
2026-05-06,590.1104736328125,592.0155090074313,578.4506928426878,578.4506928426878,983200
2026-05-07,579.0391235351562,592.2748364395094,576.5855222689337,590.5991870039006,828800
2026-05-08,573.3539428710938,581.4728529694263,570.8204703509257,578.2811743533323,896900
2026-05-11,587.2179565429688,587.6468375848361,572.2467512427285,574.2216738657546,907400
2026-05-12,587.6668090820312,592.4444039007452,578.6601245136869,589.8411659690967,1264800
2026-05-13,579.14892578125,589.4821284596129,578.6601413941088,586.8190479993449,961500
2026-05-14,573.1544189453125,585.6320870426232,572.5160589032154,578.6800746711405,1056300
2026-05-15,560.3775634765625,571.1396470481166,554.1237533186933,570.5611294294514,971200
2026-05-18,563.0306396484375,566.5315751436649,555.968926208379,562.6516171751592,848400
2026-05-19,556.6272583007812,562.133007216009,552.6176315144859,561.1156246875781,1027900
2026-05-20,559.0111083984375,566.1326036466187,548.8374654872786,554.562616572668,1441200
2026-05-21,529.976318359375,546.5832987771832,513.8182476448627,545.765411353291,3212500
2026-05-22,527.7820434570312,531.4026638981458,520.1517962086806,530.1459115629007,1763900
2026-05-26,527.7520751953125,530.3752807960963,522.4558054328945,528.6298050247881,1419100
2026-05-27,528.0214233398438,532.3901049327408,524.6701243001155,526.0864362376137,1332700
2026-05-28,537.6065673828125,538.314753793733,521.1292557069455,526.0465032758678,1880200
2026-05-29,540.7783203125,545.5658989234178,533.6168897331409,534.8836259427969,2271300
2026-06-01,541.0277099609375,543.1621922723148,527.083870349496,536.8285716804094,2214300
2026-06-02,577.7525024414062,579.2386407004021,551.2212940518409,560.5470977506609,2045600
2026-06-03,586.7691040039062,592.254885153609,574.1218922222389,576.3461685213632,1840000
2026-06-04,590.22021484375,602.9472375818582,585.8515330981644,592.6140347428598,1769000
2026-06-05,581.9317016601562,596.2745315592372,577.7225794877962,589.1330073978922,1751600
2026-06-08,572.1769409179688,591.077963339914,564.2275742729109,584.2855710637436,1476300
2026-06-09,575.8374633789062,581.2733858353555,566.7110942443028,576.1366756225698,1037300
2026-06-10,558.6021118164062,575.9671364955325,558.4924108057986,575.9671364955325,1112100
2026-06-11,567.169921875,570.2419153856845,555.1809774411654,560.2677681701451,1266000
2026-06-12,575.987060546875,577.0343947548097,565.7835269544821,568.067584856569,854100
2026-06-15,573.9822387695312,591.8160194259007,573.2441615925845,582.400421721145,1541300
2026-06-16,583.77685546875,588.9634243296267,575.5282769060719,576.6453765527389,747800
2026-06-17,586.9486694335938,596.9328015141667,581.69233473302,583.7669746026197,1517200
2026-06-18,587.7166748046875,596.6635170310922,586.3203306401106,593.970484951553,1436100
2026-06-22,597.0425415039062,602.3288276762246,585.8913906623303,587.9760143440105,934200
2026-06-23,590.4097290039062,599.8253273081931,581.8718606084624,588.5345842784114,1384000
2026-06-24,599.1968994140625,611.3952620886685,590.4695205212234,591.157739120439,1239400
2026-06-25,629.1293334960938,630.2962917005967,602.4484891012916,604.8921673989053,1262300
2026-06-26,611.6546020507812,628.4211413028065,610.577377091848,621.1599936918002,2319500
2026-06-29,625.010009765625,626.5559904529066,607.0465603747881,612.5223576128116,1207600
2026-06-30,634.3300170898438,636.2899780273438,617.5800170898438,626.1699829101562,1758400
2026-07-01,627.6300048828125,633.7999877929688,619.2999877929688,629.3200073242188,1636900
2026-07-02,621.27001953125,638.989990234375,615.1199951171875,638.0399780273438,1288800
2026-07-06,635.239990234375,637.7000122070312,617.6799926757812,619.1500244140625,1081700
2026-07-07,603.6099853515625,634.9400024414062,592.5,630.3400268554688,1433100
2026-07-08,596.739990234375,601.5,590.77001953125,599.97998046875,1001100
2026-07-09,592.9000244140625,606.0,591.3699951171875,602.8499755859375,840800
2026-07-10,586.8599853515625,599.4400024414062,586.6799926757812,596.219970703125,782100
2026-07-13,585.6400146484375,587.8300170898438,582.010009765625,585.7899780273438,996000
2026-07-14,584.4000244140625,601.0,579.6199951171875,594.8300170898438,951000
2026-07-15,589.47998046875,590.1799926757812,576.4500122070312,583.9199829101562,1013700
2026-07-16,598.969970703125,599.75,583.9000244140625,585.0,807800
2026-07-17,597.239990234375,614.9199829101562,595.739990234375,596.0499877929688,938800
2026-07-20,586.0,599.760009765625,582.5,597.47998046875,1105900
2026-07-21,586.8800048828125,596.0,580.02001953125,592.0,950700
2026-07-22,607.3300170898438,609.3699951171875,589.9000244140625,589.9000244140625,990100
2026-07-23,610.02001953125,615.9500122070312,606.739990234375,610.0,1695300
