Date,Close,High,Low,Open,Volume
2018-06-01,65.3721694946289,66.31039968650067,65.2492264664819,66.23275328995545,1251963
2018-06-04,64.7315902709961,65.85099549964804,64.69923470226212,65.52746881514864,1392258
2018-06-05,64.24632263183594,64.82220325720019,64.04573310820861,64.62808717009487,1252668
2018-06-06,62.72571563720703,64.25924088153663,62.615713659964605,64.23982637943631,1506468
2018-06-07,62.79043197631836,63.41160914382275,62.25337466503775,62.50572843313979,1510345
2018-06-08,62.74510955810547,63.062168546698594,62.47982062939514,62.95864002806687,1249965
2018-06-11,61.27629470825195,62.75805544589224,60.98512362750719,62.18864854965883,2744683
2018-06-12,62.43455505371094,62.570439202279815,61.34103163152171,61.35396690221703,1841460
2018-06-13,62.16923904418945,62.86806245535591,62.03982837556008,62.64159088497059,1472745
2018-06-14,62.796913146972656,62.984561604799886,62.14338606352404,62.29221130254949,1448658
2018-06-15,63.380027770996094,63.4388002202169,62.296050727966914,62.7205002048695,2774528
2018-06-18,63.602046966552734,63.850184953524625,63.26248972122278,63.41268142972587,1130115
2018-06-19,64.7121353149414,64.73172808035952,63.53673915089357,63.595511593318975,2134035
2018-06-20,64.83618927001953,64.95372826850233,63.90239844577631,64.58805138433362,2206415
2018-06-21,65.34552764892578,65.463066652299,64.69906020345933,64.79701229985078,2924693
2018-06-22,65.59368133544922,65.74386715781931,65.25411830932583,65.39125009428224,1395665
2018-06-25,67.12171173095703,67.28496334039242,65.61981799793922,65.73735704935393,2320038
2018-06-26,67.38944244384766,67.9053112071187,66.97151996309634,67.03029241567212,1887520
2018-06-27,68.02938079833984,68.32322548964619,67.21966150763387,67.27842810436324,1665915
2018-06-28,67.87266540527344,68.64973799275798,67.64412015373613,68.21222855280493,1524680
2018-06-29,67.67022705078125,68.12732332058525,67.25883748104296,67.93142491924068,1345728
2018-07-02,68.29710388183594,68.34934345701687,67.56574397547334,67.74205546862376,1585898
2018-07-03,68.57789611816406,68.9370461327895,68.0163206719257,68.25792578583433,724270
2018-07-05,69.43331909179688,69.48555866592143,68.48647388387447,68.72808484111529,1399073
2018-07-06,69.89041137695312,69.98183061879706,69.34189007206085,69.4398421866651,1091693
2018-07-09,67.35679626464844,69.83819403735906,67.08253845182948,69.83819403735906,1436555
2018-07-10,67.91183471679688,68.27098472640614,66.5274801078541,67.10864831403812,1521038
2018-07-11,68.99579620361328,69.13946085811702,68.08813085424984,68.1860829634427,1329513
2018-07-12,69.16558837890625,69.31577421495686,68.72807905552821,69.1068159360489,1144450
2018-07-13,69.34190368652344,69.40067613759099,68.80644802202141,69.20477772374879,1051625
2018-07-16,69.41373443603516,69.62922561322236,68.92398548577401,69.22436304675975,1352895
2018-07-17,69.46595001220703,69.7140879116405,69.34187813557648,69.57696199939372,1038230
2018-07-18,69.25701904296875,69.57045651300096,68.92398880414456,69.29619872672278,875375
2018-07-19,70.11243438720703,70.39322500492871,69.3614876360408,69.3614876360408,1273230
2018-07-20,69.609619140625,70.04712842892567,69.02191817448639,69.83817016677096,1182285
2018-07-23,69.49861907958984,69.88388886855664,69.0872353571948,69.77940971952557,1088403
2018-07-24,69.68799591064453,69.87736730997855,68.44076719086382,69.0284683039253,1771548
2018-07-25,70.71971130371094,71.54901728126907,70.18425579069665,70.51728007309634,2218165
2018-07-26,71.05927276611328,71.58167427406379,70.72624846352474,71.18987753347227,1462170
2018-07-27,70.92216491699219,71.60781231476253,70.660967023333,71.05929088424827,1149620
2018-07-30,70.38016510009766,70.8699139992651,70.10590735563602,70.85032123346046,1515750
2018-07-31,70.87644958496094,71.09847363971238,70.28875434722704,70.73279074907043,2422968
2018-08-01,70.41932678222656,70.45850644999443,69.39411669489253,70.36708722520272,2255295
2018-08-02,70.98094940185547,71.1115542354247,69.9622715060693,70.37366121915905,986648
2018-08-03,71.8951187133789,71.9473582839114,70.37363244087643,70.37363244087643,1239978
2018-08-06,72.15632629394531,72.41099128704965,71.75146374675235,71.90818246676406,2374558
2018-08-07,72.05838012695312,72.20203896551251,71.35967284886299,72.20203896551251,1099918
2018-08-08,71.93431091308594,72.13674221105167,71.51639427607806,71.87554431292175,752940
2018-08-09,72.29997253417969,72.35873911703892,71.80369082004245,72.02570896807538,1075125
2018-08-10,72.05183410644531,72.95950538338586,71.99959453831885,72.46975650528584,1434910
2018-08-13,72.34568786621094,72.41752020253821,71.84287907340713,72.16284936952393,1566040
2018-08-14,72.50894927978516,72.77014716760168,72.28693107514111,72.28693107514111,676095
2018-08-15,73.31214141845703,73.68435136448385,72.46977523776285,72.48936215395884,1422690
2018-08-16,73.90636444091797,73.9651368930747,73.02481863537629,73.20113013801658,1523623
2018-08-17,74.19367218017578,74.5201753527185,73.65821657748548,73.814935290468,1625260
2018-08-20,73.9847183227539,74.35692821527154,73.6843407715656,74.35692821527154,1228228
2018-08-21,73.6059799194336,74.12184863033106,73.25336280126815,74.04348927073873,1619738
2018-08-22,72.63301849365234,73.74964234932439,72.28692837829232,73.71699554148022,1180405
2018-08-23,72.76360321044922,73.41007075923454,72.56117196759554,72.65259120705205,1034940
2018-08-24,73.07051086425781,73.14887021572422,72.26732458481285,72.86808546655065,977718
2018-08-27,72.70484161376953,73.37090202581446,72.28039215465864,73.14887798591324,1364763
2018-08-28,72.30651092529297,72.64607400010816,72.13020529515723,72.52200208860252,860453
2018-08-29,72.65911102294922,72.68523665688967,72.1628352008108,72.50239234227394,797238
2018-08-30,73.04438781738281,73.29905862518628,72.73095042551915,72.85502232004609,950340
2018-08-31,72.57421875,73.36434496092654,72.35872765471915,73.0443747537101,869853
2018-09-04,72.9203109741211,73.34476030630526,72.81583185897762,72.82889174837055,1063140
2018-09-05,73.96514892578125,73.99779574042275,72.93993826014771,73.05747732975261,1153498
2018-09-06,74.44182586669922,74.64425130422731,73.61904666061697,73.95207689677692,1293558
2018-09-07,73.76270294189453,74.27204466278869,73.43620559121217,73.88024198814018,1429153
2018-09-10,74.05001831054688,74.4548808666479,73.78229341821756,73.97819182254248,1069015
2018-09-11,73.93248748779297,74.43529637504419,73.76924172628723,74.14797868342353,810398
2018-09-12,73.80188751220703,74.25245681290676,73.63210887860701,73.80842038656823,830960
2018-09-13,74.28507995605469,74.29813984575698,73.28598961308784,73.90633730086051,922845
2018-09-14,73.90536499023438,74.22125431618628,73.15512194147726,74.06988773102364,927193
2018-09-17,73.93170166015625,74.19494280983524,73.41837551865984,73.99092796902283,1160430
2018-09-18,74.04357147216797,74.14886792531766,73.37230658333871,73.75400622600633,1231988
2018-09-19,71.79286193847656,74.10281807740046,71.52962075444624,74.10281807740046,1731010
2018-09-20,71.8520736694336,71.89813791369427,71.12815472011874,71.82574955853565,1254783
2018-09-21,71.7796859741211,72.35882236642068,71.3782402964313,71.64806540760345,3630750
2018-09-24,71.41114807128906,72.02976473117948,71.345337788322,71.91789019994644,1102503
2018-09-25,70.73988342285156,71.2861117686804,70.34502169079066,71.2861117686804,1122830
2018-09-26,70.0817642211914,71.03602211462102,70.0422780538536,70.96362785802422,1470513
2018-09-27,70.68724060058594,71.06894030411746,70.0291317638397,70.18049838918952,856928
2018-09-28,71.81916809082031,71.86523823631242,70.87807814352048,70.87807814352048,1163015
2018-10-01,71.75335693359375,71.7862650227744,71.1544804472517,71.56908815312259,986295
2018-10-02,72.89188385009766,72.95111015135156,72.01002021240156,72.01002021240156,1569448
2018-10-03,71.49012756347656,73.01035410154823,70.90441303665763,72.68788073293499,1332333
2018-10-04,71.98367309570312,72.08238553278619,70.67404011349403,71.3124025652115,766688
2018-10-05,73.45785522460938,73.5302494842094,71.93105079125358,71.98369901655475,1194505
2018-10-08,74.0962142944336,74.70167475550619,73.4512735659314,73.58947220079966,1329278
2018-10-09,74.7872314453125,75.0109863930668,73.97117808917524,74.26732729336672,1487785
2018-10-10,74.1949234008789,75.57694497478727,74.1554372387564,74.78063775550642,1190275
2018-10-11,72.7734375,74.69510386616487,72.47728824541336,74.48451093832462,1601525
2018-10-12,72.48384857177734,72.79315980859717,71.89813418486413,72.70760940242646,1380508
2018-10-15,72.47069549560547,73.0235077639028,72.22720040207126,72.39172315722325,1524093
2018-10-16,73.20777130126953,73.54340666512515,71.9047219118267,72.32590768631442,1278753
2018-10-17,73.24067687988281,73.49733400260536,72.73392891288546,73.06956426523945,856340
2018-10-18,73.15513610839844,73.60264607349323,72.75369039578158,73.40521520653965,946345
2018-10-19,74.32654571533203,74.70166721425969,73.16169505548406,73.35254779344189,986060
2018-10-22,73.90536499023438,74.43184720015421,73.54998359891714,74.37262090134891,952690
2018-10-23,73.66844940185547,74.66219352106087,73.33281990955784,74.06989507654141,1677783
2018-10-24,77.45915222167969,77.8013657226992,73.76059630025519,73.87905481983887,4030250
2018-10-25,75.71517181396484,76.99189733194387,75.20184565541547,76.68258602098437,3292115
2018-10-26,74.267333984375,76.33378872258213,73.8395641841417,75.92575905794186,2334725
2018-10-29,74.78067016601562,75.33348257494455,74.35290027447941,74.445034692697,1582960
2018-10-30,75.26107788085938,75.56380521310727,74.2936636736472,75.06364701200205,1412585
2018-10-31,73.97117614746094,75.0504705902722,73.58947064110164,74.89252592541516,1893043
2018-11-01,73.76715850830078,74.18835016471247,73.08272575389502,73.97117330905678,1646175
2018-11-02,73.29989624023438,74.15543563399508,72.66153368325803,73.98432893516708,1124123
2018-11-05,74.60295867919922,74.70825512790273,73.41178965342993,73.54341021430932,1465108
2018-11-06,75.57695770263672,75.64276798392395,74.5568953928739,74.62270567416111,934478
2018-11-07,76.4324951171875,76.49830539663058,75.35320063469945,75.99814727286322,1330805
2018-11-08,76.5904312133789,76.73521381194493,75.82702615768252,76.4061624515676,1049628
2018-11-09,77.74870300292969,77.9856258975678,76.57069610567466,76.77470501268394,1309068
2018-11-12,78.34758758544922,79.26893745004043,77.43940567712242,77.8079432631101,1378393
2018-11-13,78.93986511230469,79.13729590961525,77.807922641437,78.2949186081364,736608
2018-11-14,78.50556182861328,79.22289708166149,78.28180089862224,78.57137213166249,1202730
2018-11-15,78.51870727539062,78.85433680011359,77.2419758671331,77.9790570049484,1262185
2018-11-16,78.33442687988281,79.6308923336917,77.9922075274292,79.30841901486613,1343143
2018-11-19,78.45288848876953,78.8674903155348,78.06460487518089,78.32126202515522,953865
2018-11-20,77.9856185913086,79.38080221976205,77.68946942547238,78.8740601891964,1671320
2018-11-21,76.83394622802734,77.82110638939909,76.51147288604474,77.82110638939909,1122478
2018-11-23,76.78128051757812,77.04452159410452,76.51145546432822,76.95238721732028,605948
2018-11-26,76.801025390625,76.99187813270129,76.23505704114726,76.90632772735822,1315295
2018-11-27,77.32752990722656,77.42624828780653,76.22848926190055,76.83394980357146,1342085
2018-11-28,77.26170349121094,77.61707896779184,76.8536797958773,77.45255623400013,1247380
2018-11-29,77.43939971923828,77.51837205301696,76.34694320234499,77.43939971923828,1055033
2018-11-30,78.8016586303711,78.84114478884406,77.53809565961568,77.6039059237373,1652520
2018-12-03,78.41996765136719,78.57133422516591,77.67630863587529,78.15672656617022,2414273
2018-12-04,78.42656707763672,79.47295354723387,78.34101075828342,78.69638629330512,2747503
2018-12-06,78.57134246826172,79.20312113901576,76.98530591412394,78.92671797056087,1845573
2018-12-07,78.6568832397461,78.99910254408289,78.03826670045183,78.54500873032244,1505763
2018-12-10,78.51870727539062,78.88724489448701,77.68949173280123,78.77536445316436,3329128
2018-12-11,78.88723754882812,79.12415456761505,78.41998158974292,78.6305744953313,2528248
2018-12-12,78.14356994628906,79.39397108755288,78.13040789111389,79.06491970817328,1699403
2018-12-13,78.85430908203125,79.1504582288027,78.16329833931148,78.28834079450533,1891633
2018-12-14,78.41983795166016,79.3816817415629,77.86926743205431,78.990311476322,2045558
2018-12-17,75.71343231201172,78.78468584784243,75.53432902756902,78.63875226095347,1885053
2018-12-18,75.37512969970703,76.7548713941819,75.20266273121288,75.94560331124782,1549708
2018-12-19,75.4945297241211,76.43647065011598,74.88426199094127,75.68689970023209,1860965
2018-12-20,75.97875213623047,76.78802600669968,74.75157464324879,75.70678207377433,1774720
2018-12-21,75.65373229980469,77.80958433248507,75.46136826437363,76.01856925506766,2261640
2018-12-24,72.27071380615234,76.11144173258586,72.11814388364607,75.78640482397641,766688
2018-12-26,72.73503875732422,73.04680893507944,71.12312705685784,72.27734094100803,1687300
2018-12-27,73.07333374023438,73.09986711622703,71.52112529814313,72.42326602841429,1623028
2018-12-28,73.04019165039062,73.90916294506613,72.68862134098465,73.31879218092037,960445
2018-12-31,73.16619873046875,73.35856867487566,72.48959765953947,73.21927142765057,840948
2019-01-02,71.56757354736328,73.24581891642639,71.196106191001,73.08661862084254,1369228
2019-01-03,71.86607360839844,72.44317762531452,71.33540598204897,71.6405398671999,1428448
2019-01-04,72.96057891845703,72.96057891845703,71.52776454402864,71.52776454402864,1426568
2019-01-07,72.71513366699219,73.23253450242562,72.290599648175,72.56256378071932,1084878
2019-01-08,73.35855865478516,73.44479508609074,72.4497877005827,72.65541835804697,854813
2019-01-09,73.01364135742188,73.73004255573103,72.53603461202788,73.1065081794249,921318
2019-01-10,74.09489440917969,74.16786418586678,72.59575231954395,72.60901901107593,1188630
2019-01-11,74.20101165771484,74.42655131078526,73.3851073342907,74.1545812208035,936945
2019-01-14,72.9340591430664,73.74996368152335,71.98548173691675,73.74996368152335,1347255
2019-01-15,73.79637908935547,74.23417980470512,72.59573487444842,72.59573487444842,1732068
2019-01-16,74.11476135253906,74.20762814807021,73.2258875059357,73.49785752325097,1031885
2019-01-17,75.08326721191406,75.18940073761642,73.94232586409161,74.04182307117655,1103208
2019-01-18,74.94393920898438,75.66034621714637,74.59236904806674,75.0766060722514,1072188
2019-01-22,74.9837417602539,75.64044572851303,74.23417098462119,75.03680850732454,769978
2019-01-23,75.7996597290039,75.84609611438006,74.92405824339798,75.03019175680475,983240
2019-01-24,76.61556243896484,76.67525956107829,75.10314812978602,75.7797551572103,1245500
2019-01-25,75.70677947998047,76.83445380648271,75.50777917763072,76.47625326225317,1177350
2019-01-28,75.6868896484375,76.07825992034758,75.16285249562924,75.7664897769764,985120
2019-01-29,76.23745727539062,76.38339083882356,75.64045038755343,75.64045038755343,1135168
2019-01-30,76.47626495361328,76.84773224145447,75.7731244979641,75.89916101531368,825555
2019-01-31,78.10810089111328,78.4861986533026,76.05838203788903,76.44312206609858,2071055
2019-02-01,77.84937286376953,78.31370695385378,77.17940213195891,78.1080762586484,900990
2019-02-04,77.86927032470703,77.88917333050239,76.23746171032782,77.18603290108314,1541013
2019-02-05,77.80956268310547,77.92232654563391,77.17275578154411,77.80956268310547,1084173
2019-02-06,77.66363525390625,77.83610219282718,77.15949517823209,77.80293250054359,1264653
2019-02-07,78.4729232788086,78.52599003880397,74.86435981303634,74.86435981303634,1533493
2019-02-08,78.6453857421875,78.83774976288684,77.99531202297355,78.34688226105777,1390260
2019-02-11,78.96377563476562,79.2357457007399,78.59230838618068,78.64537513597853,978658
2019-02-12,79.26229095458984,79.4944550464893,78.38668350517841,79.01685422673116,1420223
2019-02-13,79.16943359375,79.32863388603616,78.79132992630929,79.26893080316775,1292030
2019-02-14,79.0765609741211,79.5607981343428,78.80459085475893,79.16942780449715,975720
2019-02-15,79.47454071044922,79.64037726563414,79.03674005416768,79.4015709611422,1049628
2019-02-19,79.93888854980469,79.97868861634237,79.06328708597572,79.46128775135251,1172768
2019-02-20,80.77468872070312,80.82112510080074,79.4546503244975,79.7863175161923,2030870
2019-02-21,81.41812896728516,81.58396554234342,80.15115727628941,80.42312140997737,1812085
2019-02-22,82.06819915771484,82.12126590804306,80.92062176208623,81.59059840476093,1012028
2019-02-25,81.47118377685547,82.14779071952644,81.05991650468529,82.09472397473029,1741468
2019-02-26,81.12625885009766,81.70336273642988,80.76142196627463,81.70336273642988,1178760
2019-02-27,81.16606903076172,81.2788388631623,80.60223176180162,80.88746855523966,867503
2019-02-28,81.96208190917969,82.01514867003043,80.89410442727596,81.21914131074762,1290385
2019-03-01,81.52427673339844,82.07485330746036,81.0997426385327,82.00851390861564,1180875
2019-03-04,81.66357421875,81.82941081116601,80.99360342410203,81.67684090828241,955158
2019-03-05,81.43138122558594,81.76305431692917,81.23901725484829,81.58395108546462,830255
2019-03-06,81.1793212890625,81.71662508388653,81.00685435868398,81.5574248404602,1313415
2019-03-07,81.25894165039062,81.93554879999917,81.0599412965416,81.42477825185907,1622558
2019-03-08,81.7232666015625,81.72989697220036,80.94052607504841,81.34516302610194,1259483
2019-03-11,82.04830932617188,82.167715480102,81.47784166855335,81.72990877308247,1443958
2019-03-12,82.29374694824219,82.30701363809759,81.79624310540395,82.19424974758755,1854503
2019-03-13,82.36007690429688,82.55244687230179,82.09474311844279,82.36671322220394,1415405
2019-03-14,82.5060043334961,82.79787742269008,81.92227004815007,82.49273764519278,1409178
2019-03-15,82.87030029296875,83.1978255925204,82.22193681853248,82.63635279442512,3064400
2019-03-18,82.44252014160156,83.03741061634402,82.1484124746819,82.88367265390983,1785060
2019-03-19,81.64042663574219,82.35563150178352,81.35300606578598,82.35563150178352,1349958
2019-03-20,81.81419372558594,82.50934902645434,81.62035101844887,81.82756198152481,1226113
2019-03-21,82.37565612792969,82.50933867053973,81.6470772826362,81.88102472822669,2218048
2019-03-22,83.4785385131836,84.01995579648242,82.54944186368718,82.70986091176894,2186088
2019-03-25,83.62559509277344,83.8328060402375,83.12428253681249,83.63896334770511,617345
2019-03-26,84.16033172607422,84.26727776609182,83.49860010744217,83.6657002989466,728853
2019-03-27,83.67906188964844,84.19374266226649,83.27133314057639,84.14695676950795,882425
2019-03-28,82.73660278320312,84.04001662143017,82.41576466624119,83.74590902216895,762223
2019-03-29,83.3782958984375,83.48524195139204,82.37567065994176,82.64971692461434,1118835
2019-04-01,82.74996948242188,83.311442168596,82.12165552313726,83.23122664881741,901108
2019-04-02,82.81682586669922,82.92377192318992,82.24867194556889,82.60961488622496,1021898
2019-04-03,82.5293960571289,82.93713084764232,81.82087851260495,82.68981512381359,781493
2019-04-04,82.09491729736328,82.92375505864914,81.58692363234523,82.92375505864914,910508
2019-04-05,82.87030029296875,82.91040506482932,81.96793993008215,82.05483060642314,693250
2019-04-08,81.96122741699219,82.74327322204947,81.85428139182507,82.64969545002823,721803
2019-04-09,82.36898803710938,82.40241167650773,81.86099425781322,81.9946768313122,863743
2019-04-10,82.22193145751953,83.17108365504735,82.0013522306449,82.7767170947748,1015905
2019-04-11,82.83019256591797,82.8836655931576,82.02809116527635,82.28209403671163,893235
2019-04-12,83.16437530517578,83.25127194571994,82.01469955484573,82.5828533035091,1114370
2019-04-15,83.19113159179688,83.47855209573157,82.91039821197649,83.30476476536657,1185928
2019-04-16,82.08824920654297,83.53202689694231,81.76741105135352,83.05745079636783,830490
2019-04-17,82.08824920654297,82.46924751185385,81.7139380254886,82.1082985952189,1382270
2019-04-18,82.35564422607422,82.97059023875636,81.96796464784897,82.06822361171031,1570858
2019-04-22,82.0280990600586,82.53609885977454,81.84763057177912,82.38236089564059,1340793
2019-04-23,82.3088150024414,82.68312612241265,81.8075024707427,82.10160406500583,1679545
2019-04-24,82.91040802001953,83.09756362870638,81.58025738449545,82.5427779355038,1619503
2019-04-25,82.9972915649414,83.49191702395699,82.46255534693218,82.56282026032342,1238333
2019-04-26,83.1109390258789,83.93977707045276,82.97725643676182,83.36494193724928,898875
2019-04-29,82.6296615600586,83.07750112044212,82.26203153359035,82.9772362070248,705000
2019-04-30,84.02665710449219,84.06007474912776,82.47592739382347,82.80345266830454,941880
2019-05-01,82.89034271240234,83.91301723094324,82.87697445720603,83.7392299133912,976895
2019-05-02,82.9638671875,83.35155258990078,82.36229568867427,83.01734020961784,785723
2019-05-03,83.69912719726562,83.82612862076347,82.97723540694228,83.14434159701108,658470
2019-05-06,83.60554504394531,83.99991155732806,83.29806919090692,83.77265122529028,680560
2019-05-07,83.2646484375,83.94643540017483,82.98391509665277,83.5788054101853,722155
2019-05-08,82.23529052734375,83.36491705630876,82.02139844859424,83.16438724043496,723448
2019-05-09,82.61630249023438,82.74329793703053,81.91446599441763,82.49598817598411,813453
2019-05-10,84.20711517333984,84.25390706050966,82.509340845395,82.64970452281246,782433
2019-05-13,85.16297149658203,85.37017648874513,84.02666363383355,84.02666363383355,868090
2019-05-14,84.30738830566406,85.18301206430645,84.08012795506063,84.92901520186733,1140220
2019-05-15,84.00659942626953,84.55470391013091,83.91302163498408,84.43438960704961,762693
2019-05-16,84.72850036621094,84.88891945427099,83.75261158846504,83.93976719120177,563178
2019-05-17,85.189697265625,85.48379888918004,84.2472262566176,84.30069927908215,714048
2019-05-20,85.14289093017578,85.74446832288888,84.80868459647152,85.48378438657684,709583
2019-05-21,85.02928161621094,85.83137698542158,84.95575321134328,85.18301356595298,634500
2019-05-22,85.75116729736328,85.81800857801304,84.90896716117648,85.26322295259679,588793
2019-05-23,86.44631958007812,86.4596878357398,85.80463731627108,85.8581103389178,787603
2019-05-24,86.08539581298828,86.88749133098544,86.05865929572171,86.49981183062015,580450
2019-05-28,84.12692260742188,86.25917462827745,84.06676844555633,86.25917462827745,1345963
2019-05-29,83.3782958984375,84.54134021636506,83.09087538509871,84.38092113693324,988175
2019-05-30,83.03071594238281,83.7726631791527,82.72324603751636,83.45181902550598,966673
2019-05-31,83.86624145507812,84.04670992598481,82.82351143187898,83.15771785212006,998985
2019-06-03,84.78197479248047,84.82207956515627,83.45851130213165,84.14697956242327,1059850
2019-06-04,84.48119354248047,84.67503629040694,82.82352346519708,84.59482673789553,908863
2019-06-05,86.3126449584961,86.69364327590372,84.55471018930234,84.88891661156912,947873
2019-06-06,86.60673522949219,86.8807874557625,86.05863676899781,86.48642093328611,808870
2019-06-07,85.94500732421875,87.72299731808963,85.8246930228052,87.0144737732745,747418
2019-06-10,85.71105194091797,86.00515953149184,85.1295298750784,85.9984724082296,706175
2019-06-11,85.30333709716797,85.94501945398322,84.8488163387907,85.5573399836026,709583
2019-06-12,86.32599639892578,86.52652021322344,85.66426481572057,85.6843142011274,576455
2019-06-13,86.13886260986328,86.6535435259986,85.77123252804559,86.47306905149422,1055385
2019-06-14,87.22632598876953,87.46199564886956,86.26342570600136,86.47216738204047,851758
2019-06-17,87.36099243164062,87.71787120477876,86.5933668468764,87.3407888990522,1282395
2019-06-18,86.8425064086914,87.74480205710955,86.27015550225893,87.53606039734727,1575088
2019-06-19,87.85252380371094,88.14879795638676,86.41154198853187,86.43847600241149,853168
2019-06-20,88.33061981201172,88.48548739863791,87.4889226880809,87.94680703418044,688315
2019-06-21,88.28347778320312,88.5191534488524,87.25324862028805,88.32387880848782,1670498
2019-06-24,88.60670471191406,88.66730928080467,88.02088670332199,88.62017775950011,903928
2019-06-25,87.68421173095703,88.7952492194838,87.46200302598935,88.76157867302312,1023073
2019-06-26,85.83248138427734,87.75827591359744,85.79881084065502,87.46199565317893,786663
2019-06-27,85.89306640625,86.28361567656594,85.49578665005458,86.01427551518267,696188
2019-06-28,86.10855102539062,86.52602830682407,85.60353516679162,85.71800172580353,1312475
2019-07-01,86.37787628173828,86.39807377371078,84.96383453651742,86.15566765218313,1055973
2019-07-02,87.42833709716797,87.50240264008092,86.60011289615275,86.60011289615275,973958
2019-07-03,88.27000427246094,88.59994897280284,87.74479098244908,87.75152146801221,537093
2019-07-05,88.12188720703125,88.22962329099248,86.59337246136437,87.60340428481219,628743
2019-07-08,88.2296142578125,88.50569096285334,87.60339531574616,88.25654827604524,854930
2019-07-09,88.3575439453125,88.47201049179853,87.64378650594665,88.13533530167784,1144920
2019-07-10,88.58648681640625,88.84235997170582,88.1218720162598,88.4652837428433,756113
2019-07-11,88.62689208984375,88.94336981525238,87.79193150673713,88.58649106338588,791715
2019-07-12,87.8053970336914,88.80196170581081,87.61685891340322,88.80196170581081,671630
2019-07-15,87.52931213378906,88.20940505839471,87.21284047970025,87.6909222580532,1350780
2019-07-16,87.2330551147461,87.73134052016655,86.58663863590148,87.25325864786552,859513
2019-07-17,87.5899429321289,87.98048626171524,87.38793776165322,87.5899429321289,816273
2019-07-18,88.45182800292969,88.47876202270825,86.95024734580822,87.72460343259745,921670
2019-07-19,86.72130584716797,88.41142459731964,86.68090481858584,88.28348498865417,778320
2019-07-22,86.6001205444336,86.95699335203606,85.82575828313092,86.7280541430589,719335
2019-07-23,86.30380249023438,86.66741769941383,85.68432019571512,86.56641213323965,1102268
2019-07-24,85.99408721923828,86.72804230718687,85.44867027765852,86.72804230718687,1219298
2019-07-25,86.22974395751953,86.85596282411662,85.67086012838934,85.91326626327016,889710
2019-07-26,87.1118392944336,87.15224031845717,85.994071593471,86.18934622774007,1093690
2019-07-29,86.84923553466797,87.53605902615256,86.07487950332629,87.53605902615256,1346315
2019-07-30,86.15570068359375,87.33407328059623,85.68435526657991,86.91658987492919,911800
2019-07-31,85.59007263183594,86.59336787878549,85.13892478596769,86.12202253639902,1168655
2019-08-01,86.89636993408203,87.35424822093336,85.15238328705038,85.51599251484409,951280
2019-08-02,86.6337661743164,87.83907256627931,86.48562907138385,87.11858454749739,908628
2019-08-05,85.46212005615234,87.24650763610474,85.03790629420222,86.55969024138886,1091693
2019-08-06,86.06813049316406,86.49233816484633,84.12213303155161,85.51597720976544,1112608
2019-08-07,86.310546875,86.88962820306926,84.93690002416916,86.07487122332843,974898
2019-08-08,87.05799865722656,87.3610094509079,85.2399399314506,86.3577079841449,1119658
2019-08-09,87.1118392944336,87.66399265906604,86.86943315029211,87.3138444145515,962560
2019-08-12,86.2364730834961,87.25997167316622,86.00079743792269,87.25997167316622,756700
2019-08-13,86.3442153930664,86.8425007348512,85.68433198851909,85.90653460658906,1019078
2019-08-14,84.95037841796875,86.86269965810119,84.77530127144931,86.74149658180261,1270175
2019-08-15,86.6337661743164,86.95697439889653,84.75510931447823,84.75510931447823,991113
2019-08-16,87.05799865722656,87.1859382917155,86.42504304537275,86.85599347354302,1082528
2019-08-19,88.0679931640625,88.3642673074846,86.7886215084303,87.09163217326675,1691295
2019-08-20,87.24650573730469,88.16900480185043,86.97042906649779,88.16900480185043,1389555
2019-08-21,87.87946319580078,87.96026524238471,86.86943157719153,87.1522387402353,966085
2019-08-22,87.70441436767578,88.32389688213877,87.1387938616371,88.00741910115948,985238
2019-08-23,86.45195007324219,88.1959427052215,86.12874188027777,87.946800038323,1325988
2019-08-26,87.63706970214844,87.66400372156302,86.50582881411425,86.97044366717121,1033060
2019-08-27,87.8053970336914,88.70096215952593,87.75826552177458,88.13534176235095,1291090
2019-08-28,87.21959686279297,88.02762357879658,86.96372364755719,87.96701900966384,814393
2019-08-29,87.52261352539062,87.73808572114133,86.94352596299854,87.60341559879714,721098
2019-08-30,87.30712127685547,87.94007070649671,87.11184662615123,87.92660369735542,1126238
2019-09-03,88.80196380615234,88.81543081506287,87.05797709777227,87.28691624925135,1204610
2019-09-04,88.92314910888672,89.21942928199691,88.17572724562089,88.87601760527765,1321875
2019-09-05,87.47545623779297,88.64709811059419,87.31385212742335,88.48548796391385,1760150
2019-09-06,86.78192901611328,87.86603264539558,86.14897938858245,87.64382390693592,1282160
2019-09-09,86.16915893554688,86.78191093352842,85.62374199029345,86.78191093352842,1159255
2019-09-10,86.57318878173828,86.90986409785393,85.63049186030221,86.18937590321032,1397428
2019-09-11,87.03106689453125,87.29367665830068,85.98063387576576,86.33077620325018,933773
2019-09-12,87.01757049560547,88.12187119182454,86.37114807300715,87.53605332359582,2904483
2019-09-13,87.11593627929688,87.61788614782655,86.28839122607943,86.62754654265353,1057618
2019-09-16,88.21479797363281,88.26227667346788,86.5936265791361,87.38725299182502,1395665
2019-09-17,88.66927337646484,89.55108330725379,88.19445591876601,88.27585319722867,2311108
2019-09-18,89.28653717041016,89.340802017843,88.25549898840985,88.94737579317861,1017198
2019-09-19,89.44933319091797,89.66639258423639,89.01520832350475,89.5375105290654,905808
2019-09-20,89.73422241210938,90.06659764395108,89.15765536613853,89.55786165746055,1921478
2019-09-23,89.19158172607422,90.07339171722887,88.94060980735541,89.65961914966316,2442943
2019-09-24,90.67708587646484,90.90771150081812,89.27975983637104,89.49003918131689,1252198
2019-09-25,90.75846862792969,90.90091688408755,90.22260025202631,90.53462918639347,1574970
2019-09-26,90.51429748535156,91.14512948239438,90.16835598486225,90.97555484626308,1491663
2019-09-27,89.86988830566406,90.66351477530476,89.27975502301116,90.52107258480157,880898
2019-09-30,90.18869018554688,90.38540329108743,89.72743291751664,90.019109502786,1098860
2019-10-01,90.3447036743164,90.48037187664654,89.84953997103348,89.95128352181058,1072070
2019-10-02,89.0084228515625,90.37861626943715,88.70996620387764,90.1615568893027,1354658
2019-10-03,88.59466552734375,89.25940999275078,88.1876791199517,89.04235057547501,2034278
2019-10-04,89.70032501220703,89.85633952622098,88.44544707526852,88.70320516212736,1434440
2019-10-07,89.84276580810547,90.29045086894658,89.56465538143678,90.21583973252834,1111080
2019-10-08,88.30297088623047,89.77491388060504,88.14017635647443,89.53072208597098,1507878
2019-10-09,88.08592224121094,88.75066665200735,87.6857159330983,88.53360725256363,1394373
2019-10-10,88.37760925292969,88.45900653730273,87.23804119092986,87.82138839560332,1303663
2019-10-11,88.10627746582031,88.68284459452553,87.63145998132426,88.18089468234399,1295203
2019-10-14,86.89887237548828,88.14697004394449,86.83782745778363,88.14697004394449,753528
2019-10-15,87.5229263305664,87.86208166136728,86.83104337495574,86.89887444111591,1635013
2019-10-16,87.6789321899414,87.78067573877519,87.03452800370476,87.48221907705754,1067605
2019-10-17,87.82815551757812,88.01129632735665,87.38046446972854,87.65178869219741,1048218
2019-10-18,86.37657928466797,86.9463663679821,85.26414362750934,86.9463663679821,2906715
2019-10-21,87.63823699951172,87.67215557332736,86.3969254356889,86.70216827692188,1248320
2019-10-22,87.48900604248047,88.01130828206612,87.28551284798802,87.95704343020148,1171123
2019-10-23,87.71963500976562,87.90278193218501,87.12950168283317,87.28551617828501,1108025
2019-10-24,87.57717895507812,87.9909514412685,87.42795063036252,87.78745827120177,962090
2019-10-25,86.96670532226562,87.8213828348425,86.41049058093547,87.80103655542618,1773193
2019-10-28,85.25057983398438,87.24482556104739,85.1895349080821,86.87175161554659,1625495
2019-10-29,85.86783599853516,86.02385049080826,83.71079593701087,84.11100226701649,3405503
2019-10-30,86.14594268798828,87.44152511448476,85.60329418313736,86.68859727361581,6169690
2019-10-31,86.36300659179688,86.64111700541841,85.82713812493492,86.25447688516932,2178333
2019-11-01,86.14594268798828,86.77677461526578,85.73895630935009,86.49866421614138,1994210
2019-11-04,84.83001708984375,86.48510117103304,84.67400259859679,85.96279892559642,1773663
2019-11-05,83.9142837524414,84.87749090915607,83.88715132776709,84.52476938838997,1664505
2019-11-06,84.04317474365234,84.70113915233301,83.8668139645225,84.04317474365234,1179700
2019-11-07,82.60514068603516,83.91428320847267,82.07605232753932,83.65652517573757,1750045
2019-11-08,81.73011779785156,83.29702456652748,81.50627831716712,82.36094976126374,1668148
2019-11-11,81.87932586669922,82.21848109247436,81.6079956053041,81.8454073037342,1267355
2019-11-12,81.78437805175781,82.06927459787727,81.45200888257948,81.87934762098205,1424100
2019-11-13,83.1749267578125,83.44625101962043,81.83186558108643,81.83186558108643,1329630
2019-11-14,83.9142837524414,84.07029823470695,83.17492213967807,83.30380419726932,1453005
2019-11-15,84.0024642944336,84.04994907637469,83.45981581954271,83.83288360564205,1224820
2019-11-18,83.77184295654297,84.74183019517034,83.57512983399431,84.11099827061257,1747578
2019-11-19,83.86001586914062,84.01603034576176,82.9578597409703,83.56834535483226,1311653
2019-11-20,84.17884826660156,84.33486278655204,83.69046450449598,83.95500266858086,866680
2019-11-21,83.68366241455078,84.28736193475987,83.41912430086045,84.05673631325534,1143745
2019-11-22,83.73112487792969,84.19916214306384,83.10707316415909,83.69042624969086,952220
2019-11-25,84.1652603149414,84.33484100671099,83.56834698207895,83.96854719895082,2413333
2019-11-26,84.28057098388672,84.49763036432859,83.8735785647822,84.15168893636135,2105835
2019-11-27,84.76895141601562,84.83000240486707,83.96175883483183,84.28734789330413,1040815
2019-11-29,84.74861145019531,85.2166487969848,84.37553758586408,84.80965636281607,802760
2019-12-02,83.69046783447266,84.72828641062998,83.67690161831882,84.34843235832265,1461700
2019-12-03,84.11779022216797,84.24666621001973,83.61583424192888,83.9346432995433,1045280
2019-12-04,84.9656753540039,85.17595468815303,83.84645370153139,83.84645370153139,1452653
2019-12-05,85.03350830078125,85.23700149280099,84.59260334435015,84.84358132156284,1059263
2019-12-06,84.94534301757812,85.37268185246771,84.63332005651421,84.90464437048283,951985
2019-12-09,84.99280548095703,85.2776959357688,84.69434881401136,84.97923926882314,1052800
2019-12-10,84.73504638671875,85.19629759348098,84.40945121881616,84.65364911493718,951633
2019-12-11,85.01992797851562,85.08097896637818,84.4026623581056,84.6468541480045,1087345
2019-12-12,84.74182891845703,85.22343249756837,84.36197497242192,84.97924067511723,1102973
2019-12-13,85.38672637939453,85.54401014953717,84.20364663923873,84.71654155900188,994403
2019-12-16,87.17842864990234,87.21945999540618,85.87226108612006,86.1526388818198,1670733
2019-12-17,87.99221801757812,88.39569594276487,86.9801054587586,86.9801054587586,2598513
2019-12-18,88.42306518554688,88.60086769639247,87.62294469101138,88.20422519555773,1682718
2019-12-19,88.66923522949219,89.07271314106787,88.12214456160606,88.49143275483702,1767905
2019-12-20,88.8060073852539,89.38044615613138,88.51194637777614,89.1274226199163,4053750
2019-12-23,88.05375671386719,89.07271083411347,87.69131015198379,88.93593970330566,1023543
2019-12-24,87.6434555053711,88.07428769255137,87.49300724056766,88.01957923262285,399618
2019-12-26,87.91016387939453,87.97170783266772,87.4451358312286,87.75970948142356,707703
2019-12-27,88.13582611083984,88.15634484726786,87.6160957741518,87.87596094249582,816860
2019-12-30,88.2315673828125,88.24524449716422,87.6502869576213,87.97854383254867,1603170
2019-12-31,88.8128662109375,88.87441630351708,88.29997125122783,88.40255269536469,984415
2020-01-02,88.01272583007812,88.9017443154148,87.36305989013644,88.9017443154148,1096980
2020-01-03,88.22473907470703,88.66924839257582,87.80758398776904,87.82126110323445,1367583
2020-01-06,88.2042236328125,88.51196180752869,87.61610764582,88.19054651683592,1122713
2020-01-07,87.91016387939453,88.27944599049296,87.27416882566204,88.27944599049296,862215
2020-01-08,87.86229705810547,88.2110665860098,87.67765292439451,88.074295424182,841418
2020-01-09,87.9853744506836,88.25208123101143,87.75969901113807,87.75969901113807,948813
2020-01-10,88.17684936523438,88.51878331744084,88.05375534941479,88.2178807038409,1426920
2020-01-13,88.62135314941406,88.97696419262294,88.33413379682938,88.38200062368433,1187690
2020-01-14,89.07955169677734,89.09322881068283,88.08795787338644,88.66239665741699,1386383
2020-01-15,90.26262664794922,90.46778334608223,89.34625393246955,89.39412076345782,1066783
2020-01-16,90.89862823486328,90.94649507256958,90.32418326898299,90.42676469768938,754115
2020-01-17,91.52093505859375,91.61667485928332,90.65243522995249,90.95333174640541,1193095
2020-01-21,91.58931732177734,91.93808679121851,90.9875181801259,91.58931732177734,1508818
2020-01-22,90.69346618652344,92.12956932123163,90.66611195787159,91.67138292607012,1670615
2020-01-23,91.56880187988281,91.71925626857264,90.5088224500223,90.67294782260824,1312945
2020-01-24,90.78919982910156,91.84917918271157,90.41991163686222,91.43886578076297,1467458
2020-01-27,90.46778869628906,91.39783857998015,90.077987881541,90.89862085309029,1102268
2020-01-28,90.58406066894531,91.34997916756282,90.37206230497742,90.4951563493981,955040
2020-01-29,90.23528289794922,90.86443017860184,90.2284412753077,90.58405239051064,1209663
2020-01-30,91.055908203125,91.15165413552467,89.86599310599928,90.24895844413953,1714325
2020-01-31,90.6866226196289,91.349965715456,90.33785314655306,91.00803786463942,1450655
2020-02-03,91.48673248291016,91.50040959628909,90.74816836044818,90.91229372099528,1130703
2020-02-04,91.02171325683594,91.84918170540196,91.02171325683594,91.38415983708813,1651815
2020-02-05,91.94493865966797,92.19113288402691,90.94650303736675,91.63720660757141,1775073
2020-02-06,91.78080749511719,92.66982613093174,91.589327878585,92.2595126669342,1455473
2020-02-07,91.37049102783203,92.19112405934,91.30894094501224,91.97228408858123,998868
2020-02-10,91.26792907714844,91.50728170626904,90.89864689288142,91.45257323452577,946815
2020-02-11,91.6508560180664,91.82182299714066,91.14480283312511,91.42518671705153,962325
2020-02-12,91.46623992919922,91.91758476964701,91.22688732735463,91.50727127833083,1008268
2020-02-13,91.32946014404297,91.71241936645387,91.00120325149011,91.41152283455959,2036628
2020-02-14,91.6508560180664,91.9722712413124,91.1995112855512,91.48673066078814,1909375
2020-02-18,92.08170318603516,92.56040835343667,91.82867961748046,92.00648211690604,1491428
2020-02-19,91.68505859375,92.27318063097117,91.65086274323173,91.82867135714925,1106145
2020-02-20,91.60299682617188,91.81499516224414,90.89862237720578,91.65086366079356,1312475
2020-02-21,92.29370880126953,92.77924949930322,91.52778415145153,91.6303655898197,2015713
2020-02-24,90.85759735107422,92.77240573975472,90.80288889028257,92.06802511133263,2446115
2020-02-25,87.6160888671875,91.13796693301872,87.58873464109715,90.83706431553945,1697288
2020-02-26,85.29781341552734,88.2452469670333,85.26362369393414,87.78706055818355,1762383
2020-02-27,80.7022933959961,85.0584767081934,80.64758492685334,84.81228859705102,2641165
2020-02-28,76.3666000366211,79.53970869690586,75.36132301865628,79.53970869690586,3416665
2020-03-02,79.76538848876953,79.91584288454403,76.18196596044692,77.32401426086388,2957475
2020-03-03,77.28982543945312,81.71440014013952,76.63332385847082,79.77907286165151,3583045
2020-03-04,81.5912857055664,81.61863993127201,77.994180503336,78.22669142183376,2159533
2020-03-05,79.50552368164062,80.55183218185361,78.4387025740339,80.22357528917635,2352938
2020-03-06,79.40978240966797,79.7517102806363,75.61436158521761,77.20775465965941,3146768
2020-03-09,70.11612701416016,74.88262886748653,69.53484659938796,74.88262886748653,3610070
2020-03-10,73.86367797851562,73.95258228943253,68.97408187926858,71.47017064171007,3848360
2020-03-11,71.19662475585938,72.94046599030013,70.16399345093251,72.4891212273394,3608073
2020-03-12,62.35431671142578,67.83203444705583,59.8035196889586,65.6300068879787,3086255
2020-03-13,66.6923599243164,66.6923599243164,61.94837463086591,65.81409669572199,2630355
2020-03-16,57.41878128051758,63.35221342984829,55.26808074897424,56.01494863186954,3268968
2020-03-17,61.1185302734375,61.969132073319514,57.57783394827559,58.898682008785634,3545445
2020-03-18,53.248783111572266,57.978932567527025,49.24475238270101,57.978932567527025,3137133
2020-03-19,59.06464767456055,59.64554627808773,51.04966907900446,53.17962029300459,3431470
2020-03-20,57.39803695678711,60.627537975483314,56.14634269163636,59.89450700085529,5330858
2020-03-23,53.11739730834961,58.622076656960886,51.568338137259914,56.26391406312373,2576540
2020-03-24,59.83226776123047,60.28177100443433,54.72868128872919,55.676098582581325,2500753
2020-03-25,63.95386505126953,66.87908926498721,58.08958584976648,59.396597098843216,2665135
2020-03-26,67.75733947753906,68.51803190262244,62.96494930239537,63.40753398608024,1888225
2020-03-27,67.44613647460938,69.53459511575852,63.12399300954866,65.53747784108677,2002318
2020-03-30,68.76007843017578,69.3340585826545,66.38808547261958,68.05470284062937,1739118
2020-03-31,65.67578887939453,68.62176159840902,65.63429656783205,67.86798150534418,2252123
2020-04-01,60.91108322143555,63.63576462680136,59.14765002427979,63.63576462680136,2520728
2020-04-02,61.66484069824219,63.60807945693852,59.9913112640354,60.212603592610286,1922653
2020-04-03,60.25409698486328,61.80314951202865,59.652455356080374,60.73126167659035,2133330
2020-04-06,66.4157485961914,67.16953500658522,62.881970676675046,63.24848305315762,1296143
2020-04-07,67.39083099365234,70.18465962506524,67.31475864011163,69.00212539719116,1509993
2020-04-08,71.8097915649414,72.41143336545193,67.16954494468435,67.67436512271165,1594593
2020-04-09,76.93411254882812,78.3517697793298,72.57047608317916,72.57047608317916,2861243
2020-04-13,75.12916564941406,76.28404417049202,74.13334407296703,76.05583338022994,1351133
2020-04-14,74.9217300415039,76.92029237030472,73.84292347694512,76.38780447498173,1338443
2020-04-15,72.4736557006836,73.08221582659239,71.00758776918262,72.77793266395824,1420458
2020-04-16,70.23997497558594,74.24401133905077,70.19848265987251,73.12370641606857,1487080
2020-04-17,73.19978332519531,73.75302043522825,70.7240626012146,71.84436139468701,1394255
2020-04-20,69.67982482910156,71.98266382366371,68.84306003862383,71.36719138116557,1278988
2020-04-21,68.55953216552734,69.34789242410336,67.88182429006126,68.13077820349778,1472980
2020-04-22,70.78630828857422,71.34645776689274,68.92605978146325,70.05327722517148,1146095
2020-04-23,69.85272216796875,72.0794891240175,69.70058365784078,70.84854406998515,1271468
2020-04-24,71.24272155761719,71.60232165903352,69.70749334131119,70.5719259610642,1100858
2020-04-27,71.0075912475586,72.3076899900509,70.62032343960612,72.14172072922548,1068075
2020-04-28,73.5248031616211,73.80141859279175,71.0145026253481,73.13754155798217,1776953
2020-04-29,74.19561004638672,76.11118149969,73.80834838343117,74.97013957165849,1603405
2020-04-30,71.74063110351562,73.51098250533141,71.29804635274196,73.35884399725296,1431973
2020-05-01,69.62450408935547,70.72405977948807,69.02978088411044,70.72405977948807,1237040
2020-05-04,69.72824096679688,69.80430711755695,68.01321273996975,69.29948081040995,1094748
2020-05-05,70.82088470458984,71.48476186014688,69.85272432004165,70.25381676819069,1594123
2020-05-06,69.5069580078125,71.04218019653612,68.93989004661478,70.8692924133688,2034513
2020-05-07,68.26908874511719,71.19431284688416,68.10311946265674,70.34371717459405,1575205
2020-05-08,70.02558898925781,70.32294743405107,68.91220274463589,69.15424431074653,1196855
2020-05-11,68.27599334716797,69.54151196825718,67.37698705063244,69.54151196825718,1230695
2020-05-12,68.64251708984375,68.93988180959205,67.61903368652803,68.46271704050025,1657455
2020-05-13,66.36042022705078,68.13768367479709,65.69654319095801,68.13768367479709,2198190
2020-05-14,67.77117919921875,67.83341457890133,63.89161942181453,65.48908302450081,1764380
2020-05-15,67.32168579101562,67.36317811664333,65.76571428093513,67.1695472637141,3243940
2020-05-18,71.39485931396484,72.05874261667599,69.59684642700245,70.01177581595704,1606343
2020-05-19,71.13206481933594,72.0172341684207,70.44743235186392,70.90385399684527,1650405
2020-05-20,71.40177154541016,72.51515806899853,71.01450990208917,72.0864041067503,1645118
2020-05-21,69.87346649169922,71.62998717546459,69.7213279788214,71.01451463732397,1406123
2020-05-22,70.62032318115234,70.66181549620684,69.75589685117028,69.8872922818561,944465
2020-05-26,72.8540267944336,73.83601803261136,72.16248183534236,72.54283125287446,1269235
2020-05-27,73.64927673339844,74.98395542672424,72.4667365202504,74.63817995423354,1461700
2020-05-28,74.52063751220703,75.19143314588541,74.23018506101208,74.9978023113293,1283805
2020-05-29,74.38923645019531,75.13610438365933,72.8955067826276,73.87749785460575,2673360
2020-06-01,74.97704315185547,75.75157258718241,74.20251371652853,74.39615072488023,1075713
2020-06-02,76.35321807861328,76.7404797159041,75.14301616303905,75.52336551362981,1334683
2020-06-03,78.17198181152344,78.66989588004063,76.96178597431032,77.14849832556348,921200
2020-06-04,76.85114288330078,77.77781106241522,75.59945457216281,77.67408334346699,1118953
2020-06-05,79.43749237060547,81.19400656389632,79.34067696936516,79.69336474499184,1321523
2020-06-08,81.19402313232422,81.53979869238675,79.64497019702044,79.64497019702044,1433265
2020-06-09,79.52739715576172,80.17744968491607,78.14431365896736,80.17744968491607,1621853
2020-06-10,78.10281372070312,79.36833862343715,77.61873671382548,78.89117390269217,1618563
2020-06-11,72.61198425292969,75.72392723225884,71.92735778937508,75.18452080681504,1709273
2020-06-12,73.36819458007812,75.02311612113814,72.01352823197692,74.7298342902474,1257133
2020-06-15,74.03156280517578,74.54828645623377,71.35715312397153,71.85293164878097,1404125
2020-06-16,75.40020751953125,77.41125313514878,74.94632539226849,76.25908936753893,1217183
2020-06-17,74.84156036376953,76.04260620744745,74.34578185007712,75.70044823521948,892413
2020-06-18,75.22563171386719,75.26054861099509,73.8779571680695,74.19217794346017,902400
2020-06-19,72.45346069335938,76.93641330820826,72.27190910929103,76.93641330820826,3769753
2020-06-22,74.54132080078125,74.96028600176169,71.76216618835502,72.29984132615591,1539838
2020-06-23,74.8974380493164,75.40718217342987,73.98968011437294,75.30244400312009,2155538
2020-06-24,73.50788116455078,73.96874297415084,71.81106238502986,73.89891542724175,2036980
2020-06-25,73.26346588134766,73.36821030908573,72.25794316211923,73.17967284305794,1363823
2020-06-26,72.704833984375,73.80113554380644,72.167158898608,73.17268154340287,2818120
2020-06-29,74.40862274169922,74.41560236305152,72.40456374982324,73.31930729048177,963383
2020-06-30,75.06503295898438,75.40718475476112,73.73131763466847,74.06648980673656,2691808
2020-07-01,76.81071472167969,77.34838978732895,74.82062089444904,75.04406897165369,1169830
2020-07-02,76.789794921875,77.96988359871598,76.3009958320182,77.50902178747546,983828
2020-07-06,75.71440887451172,78.1025223851659,75.3792305458276,77.44613749042017,1219650
2020-07-07,74.77873992919922,75.07900147525386,73.87097566704688,74.68098137509462,1630900
2020-07-08,75.34434509277344,75.74934481138807,74.4575322342066,74.75080789251375,1355598
2020-07-09,74.48545837402344,75.12787167874392,72.76070891628727,75.00916800231285,1141513
2020-07-10,75.0719985961914,75.40019108340601,74.05949638516338,74.22708243997482,1061260
2020-07-13,75.7702865600586,76.14735521561066,74.74381249698394,75.07200501224763,1332803
2020-07-14,75.95880889892578,76.55933183636978,75.14182377730502,75.85407074780821,1080530
2020-07-15,76.25210571289062,77.68357955707005,76.11943026771472,76.96434656344786,1420105
2020-07-16,76.60124206542969,76.81072466492684,75.91692598065369,76.10546345007711,1826538
2020-07-17,77.86511993408203,78.44469151575885,76.86657694677365,76.86657694677365,1395313
2020-07-20,76.25910949707031,77.63472174958028,75.98677889687717,77.63472174958028,1219768
2020-07-21,77.58580780029297,77.74641424483164,75.7912309381279,75.7912309381279,1895745
2020-07-22,79.91808319091797,80.4278273855592,76.75487357851652,77.3484108248999,1276873
2020-07-23,80.2672119140625,80.3510049564172,79.49910276605887,79.750481893123,1562045
2020-07-24,80.00187683105469,81.01437934359556,79.79238794040569,80.58144857307698,1786588
2020-07-27,79.6108169555664,80.26021608320492,79.10107288121023,79.8621960514746,1214363
2020-07-28,80.04376220703125,81.33557471414905,77.51598670041557,78.30504722316967,2072583
2020-07-29,80.45574951171875,80.62334186947474,79.22677853327485,80.28118378950825,1301195
2020-07-30,80.09262084960938,80.29512378356026,79.18485684745109,79.61080784107153,1085700
2020-07-31,80.7420425415039,80.91661451694291,79.32454038565785,79.93902272203887,1212953
2020-08-03,79.5130615234375,80.8747077357427,79.38039234751393,80.51858420608963,965263
2020-08-04,80.74901580810547,81.04927730543358,79.12900465490597,79.38039001298964,1202848
2020-08-05,80.65127563476562,81.33558555827032,80.44877262956638,81.12610292862603,1284158
2020-08-06,81.65678405761719,81.9849703227373,80.19039339025927,80.55350281043212,980303
2020-08-07,82.99747467041016,83.4234257167159,80.93056734331238,80.93056734331238,1294615
2020-08-10,83.9541244506836,84.53369612277962,83.13015327548622,83.37455277858757,1043518
2020-08-11,81.97100830078125,84.81999045982234,81.88721526019934,84.44990140070955,881015
2020-08-12,82.96256256103516,83.43739603369704,82.22937035240105,82.55057699642846,722860
2020-08-13,82.50868225097656,83.06032289006012,81.94307610533077,82.44584060132254,649188
2020-08-14,82.1944580078125,83.13713279077948,81.59393499127684,82.49471325632865,543438
2020-08-17,81.72661590576172,82.64834562142758,81.52411292572279,82.19446351704855,1349488
2020-08-18,81.3704833984375,82.1735030871736,81.08418740844635,81.6986759045431,957978
2020-08-19,81.712646484375,81.99195660915022,80.90962048601855,81.87324667624486,844943
2020-08-20,80.62333679199219,81.57299754728959,80.42781968996819,81.23781911263904,914033
2020-08-21,80.8816909790039,81.07721432973764,80.17642977094344,80.93755926475062,1386148
2020-08-24,82.37600708007812,82.50169663000091,80.7071197775872,81.08418842735557,845648
2020-08-25,81.69868469238281,82.5715320018633,81.23083708223879,82.5715320018633,662700
2020-08-26,80.81884002685547,81.64281107518637,80.43478551247239,81.23082555102091,1072423
2020-08-27,81.712646484375,82.27126673392544,81.18893687054556,81.44729560608675,993698
2020-08-28,82.29920959472656,82.55757462721543,81.29368674102244,81.9849825292404,652478
2020-08-31,82.86479949951172,83.15109549215136,82.28522789135782,82.39695193536325,1179935
2020-09-01,82.25031280517578,82.81591887721207,81.65677572365007,82.431864366857,1063375
2020-09-02,84.11471557617188,84.53368071103164,81.90815334640847,82.25031133641944,1259013
2020-09-03,83.17902374267578,85.12024146234948,82.48074223106438,84.49877335831833,1119775
2020-09-04,82.96256256103516,83.84938159830374,81.91514333162877,83.50722356500734,942938
2020-09-08,82.45285034179688,83.6119940696065,81.48224415131915,83.24889076636023,1293910
2020-09-09,83.59101867675781,84.79205850484877,82.82989543671351,83.16506759531975,838363
2020-09-10,82.34110260009766,83.74464550879445,82.25730955418314,83.27679787256218,844473
2020-09-11,82.70419311523438,82.96953769985258,81.94306373288724,82.529621179689,724035
2020-09-14,84.05887603759766,84.67335839971965,82.87180157829116,83.09524970997187,729675
2020-09-15,82.78799438476562,84.80601936886106,82.2433333970953,84.21946812341015,1671908
2020-09-16,83.12316131591797,84.36609751790029,82.39694879778455,82.82289982921125,3193180
2020-09-17,81.60092163085938,83.00445812390873,80.89565418311973,82.85083755679523,1463815
2020-09-18,78.91226959228516,81.46214191549613,78.74321812084416,80.8775024195187,2349883
2020-09-21,78.39807891845703,78.91932102660093,77.23584042180836,77.80639868759098,1214010
2020-09-22,78.89817810058594,79.5462150238187,78.3558014990663,78.5248529622172,1025893
2020-09-23,78.82070922851562,79.35604528638123,78.54600370165892,79.19403444364119,1365350
2020-09-24,79.5885009765625,80.7718678763764,77.95432372975458,78.87002573526891,790188
2020-09-25,80.80706024169922,80.97611170463666,78.74321415993971,78.92635324478861,841770
2020-09-28,80.8704833984375,81.56077709147627,80.5535086474504,81.3987725452528,1028243
2020-09-29,80.5816650390625,81.46919160829364,80.08859823087195,81.06769119295154,986178
2020-09-30,81.03246307373047,81.842510814182,80.50417408906054,81.06064463234756,982653
2020-10-01,79.90545654296875,81.44102016049965,79.27151347429967,80.89159651983132,1460173
2020-10-02,80.4126205444336,80.90568739543859,78.56712913026604,79.2081191938169,2347298
2020-10-05,80.65917205810547,81.18041425422714,79.940696770583,80.63803746047722,1043518
2020-10-06,81.28606414794922,82.85684381927503,80.6168987980533,80.9268265504392,1201320
2020-10-07,80.65917205810547,82.15950748256552,80.20132102588879,81.77914155566592,1790465
2020-10-08,85.84342193603516,86.59007228528986,83.58938957946182,83.81479155222151,3241355
2020-10-09,84.73050689697266,86.30833358695658,84.22335237736378,86.24493611476083,994520
2020-10-12,85.07566833496094,85.27289511914195,84.23745134494659,84.68121476659893,719805
2020-10-13,83.87115478515625,85.01930573003351,83.2935621422252,84.42057849170183,1200850
2020-10-14,84.10359191894531,84.83615465301945,83.08223606131709,84.30081864729534,1092515
2020-10-15,83.07520294189453,83.66688954007358,82.76527517424755,83.03998703463388,1720788
2020-10-16,84.03316497802734,84.61076393093242,82.87797338670637,83.14563826792349,1972355
2020-10-19,83.2372055053711,84.37830939617855,82.93431842354829,83.89933016661267,1884230
2020-10-20,85.47010803222656,86.13927969883194,84.27265357954592,84.27265357954592,1271585
2020-10-21,85.55463409423828,86.81547961439864,85.04043265491089,85.25174701741078,1253725
2020-10-22,86.66053009033203,86.80845332580664,84.81503839010519,85.22358587303899,811808
2020-10-23,88.15382385253906,88.47784557295184,87.1676836939355,87.66779758640952,1131055
2020-10-26,87.51282501220703,88.20312494907388,86.54781954612818,87.25220710794152,1405300
2020-10-27,89.57667541503906,92.19698621274537,88.08337458237733,88.44261216597971,2763835
2020-10-28,86.0406494140625,89.04133214611188,85.8715979330155,87.4423774161431,2204888
2020-10-29,86.97045135498047,88.29470077552806,84.63893987255838,85.69551809521448,1064550
2020-10-30,86.93524169921875,87.01272048747707,85.1672351073669,86.46330305572745,1293088
2020-11-02,88.5412368774414,88.7525512729504,86.76618964067617,87.95659722595502,1054563
2020-11-03,89.07656860351562,90.2528885044492,88.38626863105317,89.75277463581584,921435
2020-11-04,88.16789245605469,90.91499794399121,87.7311761336002,88.8018418192672,1092280
2020-11-05,88.13972473144531,90.53463984114356,88.0763335784071,88.9286380183399,846705
2020-11-06,87.24515533447266,88.37217158262666,86.51259256310152,88.21016074741794,1455473
2020-11-09,90.73188781738281,92.62668322876192,90.13316047846587,90.29516504096722,1445838
2020-11-10,92.97885131835938,93.41557398859666,90.83047912883096,90.9713553726208,1294145
2020-11-11,91.61235046386719,93.40149148710674,91.30946336586187,93.40149148710674,1775778
2020-11-12,90.51351165771484,91.42216666003169,88.71028296409692,91.42216666003169,2046615
2020-11-13,92.06314849853516,92.59848453407159,90.7952560026176,90.92909159012387,1396018
2020-11-16,95.23287200927734,95.28922249978818,93.47895352039563,93.68322720574139,2291368
2020-11-17,93.57054138183594,95.51464624835343,93.52123153740747,94.32423247174974,1564983
2020-11-18,91.7109603881836,93.9156894276619,91.66869751431925,93.9156894276619,1325870
2020-11-19,91.33058166503906,92.31672156419117,90.30217889797278,91.92226181583756,2477605
2020-11-20,91.47147369384766,92.04202566650045,91.10519544198061,91.6827880699248,2067883
2020-11-23,91.85887908935547,92.2603795285785,91.47146627406151,91.72504350478495,1503295
2020-11-24,92.77458190917969,92.92249880470531,92.16880775953803,92.72527206767873,1684010
2020-11-25,93.14790344238281,93.21834156475526,91.51373268885324,92.57031083892875,1632428
2020-11-27,90.53466033935547,93.29584799692174,90.35856183589954,93.23245682953095,619108
2020-11-30,88.61870574951172,90.96430458180815,88.3510408975555,90.58393873955458,2785338
2020-12-01,88.9216079711914,90.29515468174891,88.88638574847708,89.45693776632868,1370285
2020-12-02,90.68960571289062,90.76004383698192,87.51987118531515,88.61871223562842,1902560
2020-12-03,89.33718872070312,90.6050812873543,88.90751300022588,90.13314269180499,1336680
2020-12-04,88.7032470703125,89.84435111196257,88.09043217070375,89.18222636319467,788895
2020-12-07,87.94248962402344,89.16811915407149,87.7030000301784,88.27355192570036,981360
2020-12-08,87.78753662109375,87.98476336981702,86.73095843844438,87.50578412291765,881015
2020-12-09,88.03407287597656,88.39331046701524,87.61143781584738,87.87206203290333,940705
2020-12-10,87.49874114990234,88.28061383978813,86.87183865558097,87.98476738870085,1006858
2020-12-11,88.09745788574219,88.31581921300332,86.99861690923328,86.99861690923328,1308598
2020-12-14,87.00567626953125,89.3090125723803,86.79436188135556,88.70324465961001,1129645
2020-12-15,87.90729522705078,88.10452199963896,86.63940251735136,87.07611894236803,1222470
2020-12-16,87.02678680419922,88.32286074968751,86.83660705086814,88.23128804290727,1219650
2020-12-17,87.02678680419922,88.04110197508807,86.87886991988483,87.60438566191553,1029770
2020-12-18,86.48318481445312,87.93996293999243,85.80098139879496,87.77652308312453,3002830
2020-12-21,84.09547424316406,85.77254818680117,83.04374753021304,85.48119004183296,1550295
2020-12-22,84.50762176513672,84.69238341817397,83.64065686891406,84.0528238499681,1085465
2020-12-23,84.26602935791016,85.98574073252637,84.23760448180796,85.18273479742264,834955
2020-12-24,85.07611846923828,85.22535221915913,83.93201428795322,84.27311272156382,415010
2020-12-28,84.72793579101562,85.92178694380918,84.42236519126617,85.73702525130113,698185
2020-12-29,84.73503875732422,85.47409189720226,84.51474278506143,84.97665020118097,619578
2020-12-30,85.03348541259766,85.31063108896635,84.37260397924884,84.37260397924884,519703
2020-12-31,86.27708435058594,86.36235896451431,84.7208130907437,85.08323338515575,650245
2021-01-04,84.84162139892578,86.63950405260552,84.5005165751117,86.49027029403481,986765
2021-01-05,84.97665405273438,85.60200771796505,84.09548286461195,85.15431271942774,958918
2021-01-06,86.49738311767578,86.83848158454623,85.48829378275099,85.99994148305666,752588
2021-01-07,84.39393615722656,86.80295381572718,84.30866153411681,86.63240456950768,1268530
2021-01-08,83.98887634277344,84.73503246092697,83.19297351054077,84.40814641411654,1011558
2021-01-11,83.83965301513672,84.5147470332996,83.20719631273883,83.86097485823629,853050
2021-01-12,84.74922943115234,85.17560882830752,82.41837747753563,83.3564045067584,1453005
2021-01-13,86.57554626464844,86.7603079297932,84.55736764297069,84.83451332590427,1196150
2021-01-14,86.48318481445312,87.22934101788401,86.1847172367335,86.61819979443668,1109200
2021-01-15,87.77651977539062,88.01102818606633,86.16339851734158,86.82428006521506,1962485
2021-01-19,85.90045166015625,88.52977136879313,85.7512179004963,88.52977136879313,1016845
2021-01-20,86.87401580810547,87.00903076594443,85.36038180662354,85.50960920057359,1207078
2021-01-21,87.072998046875,87.30039704589326,86.37658224194794,86.71057770697283,935183
2021-01-22,86.63240051269531,86.87401830395866,85.14719134076616,86.63950991617163,1133053
2021-01-25,87.72676849365234,88.2739505098068,85.82229554281231,85.82229554281231,791950
2021-01-26,87.25773620605469,88.04652945643178,86.874000498679,87.96835788638003,1147270
2021-01-27,85.77964782714844,87.27906295164298,85.56645492506476,86.227336358399,1513165
2021-01-28,86.0567855834961,87.43540453754679,85.786749314934,85.87202392605887,787133
2021-01-29,84.3655014038086,86.00704726209943,84.0315059838556,85.67305184214642,1156435
2021-02-01,84.96241760253906,85.43143431151931,83.70461396394437,84.46498239498823,824028
2021-02-02,85.07611846923828,86.596861726617,84.94110352448364,85.33194866487865,683615
2021-02-03,84.1523208618164,85.11877291645916,83.78990054502123,84.78477747272896,901108
2021-02-04,85.06192016601562,85.31064100039339,84.00309041722765,84.152324191941,976190
2021-02-05,86.49738311767578,87.1014148379754,85.16851078484342,85.77254250514304,1241623
2021-02-08,85.98572540283203,86.980602259474,85.39590614364877,86.64660683960167,971138
2021-02-09,86.2202377319336,86.34814965746072,85.56645929769519,86.03547606172773,530278
2021-02-10,86.81005859375,87.17958194086837,86.11364283836296,86.79584615732237,570463
2021-02-11,86.68924713134766,87.1511544867815,86.41210781443375,86.51869789926741,1166305
2021-02-12,85.94310760498047,86.83138821166222,85.64464639136835,86.52582396389549,873730
2021-02-16,85.70148468017578,86.16339206275502,85.17562451702456,85.8649308890746,1109553
2021-02-17,85.38168334960938,86.0709895737868,84.88424816685372,86.0709895737868,1368053
2021-02-18,85.27510833740234,85.83650275656142,85.16851187991821,85.7014814264726,1570270
2021-02-19,85.40301513671875,86.6181815528297,85.40301513671875,85.82228516768238,1699990
2021-02-22,86.80294799804688,86.93086629457171,84.90557820536966,85.25378607828041,1494130
2021-02-23,89.26881408691406,90.00075767641214,87.27195740890423,87.29327287623984,2550103
2021-02-24,88.04654693603516,90.07182868268306,87.99680659375355,89.29014467913993,1791875
2021-02-25,86.15628051757812,88.23841838924898,85.92177850073195,87.50647472486669,794888
2021-02-26,83.65489959716797,86.30553558244883,83.61937168239616,86.30553558244883,2003493
2021-03-01,84.63552856445312,85.13296375410997,84.15940884056553,84.15940884056553,1159608
2021-03-02,83.83255004882812,84.91270175284875,83.71885054002955,84.78478980545034,1022955
2021-03-03,83.71170806884766,84.06702526392478,82.20518380191919,83.51273400704619,811808
2021-03-04,85.3248291015625,86.48315195007724,83.52694676618853,84.02438192263459,1740058
2021-03-05,87.52068328857422,87.98259063923273,85.59488230349505,85.70858816080603,1023425
2021-03-08,88.64347839355469,88.9632550379155,86.46185340790915,87.26485927628713,1216713
2021-03-09,88.5653076171875,89.36121045964097,88.25263400317962,88.64347920590617,802760
2021-03-10,89.70230865478516,90.02919470472615,88.23842127809425,88.27394918526242,650598
2021-03-11,89.46780395507812,90.4484685158385,89.04143082884914,89.25461739196363,860218
2021-03-12,91.29205322265625,91.39240509594839,89.75809673366642,90.0878243173406,757758
2021-03-15,93.9012222290039,93.92272298918158,91.29205421754408,91.29205421754408,1391318
2021-03-16,93.10558319091797,93.90123998413671,92.58948773934912,93.11275439620645,990760
2021-03-17,92.84752655029297,93.7722006918093,92.60381483267456,93.363628378119,1124123
2021-03-18,93.17724609375,93.53565207323501,92.09487622874653,92.92636961908252,842005
2021-03-19,93.1342544555664,94.18795896659465,92.2525881862369,93.31345747668823,2551630
2021-03-22,91.50709533691406,92.68981700425931,90.70427396021154,92.41743336020636,1053153
2021-03-23,92.30992126464844,92.7830151284912,91.20604415009583,91.42108389465601,872320
2021-03-24,93.56433868408203,94.03026138970002,91.86551489501383,91.95869558065083,1343613
2021-03-25,95.11978912353516,95.72190038247206,93.54998941687734,93.98724009162943,1112373
2021-03-26,95.50686645507812,95.99428988481098,94.6682082233678,95.14129566987323,689960
2021-03-29,96.06596374511719,96.84728442047516,95.22730556627441,95.29898547789303,783725
2021-03-30,95.71472930908203,96.05162808518695,94.6466890551162,95.60004145777988,553778
2021-03-31,95.43518829345703,95.71474318443674,94.79723381520245,95.62155607883997,1616213
2021-04-01,95.35633850097656,95.38501046835835,94.34564843786329,95.22014986881844,865858
2021-04-05,96.35269927978516,97.11967762233095,95.44952587888383,95.54987776500501,825085
2021-04-06,96.86163330078125,97.0910090485042,95.4136860416582,96.08031894719446,513358
2021-04-07,97.27018737792969,97.54973578661443,96.5318747386078,97.06231244640726,928250
2021-04-08,96.73259735107422,97.59275629751508,96.66091743887081,97.59275629751508,718278
2021-04-09,97.0981674194336,97.44940222285906,96.7684398038432,96.93330682454365,719335
2021-04-12,97.22003173828125,98.30240817355819,97.06950069274156,97.53542338761018,654358
2021-04-13,98.65363311767578,98.89735126398445,96.64658899364612,96.78994882923318,735550
2021-04-14,99.43495178222656,99.51380290815246,98.25940107901276,98.88301960398896,1012498
2021-04-15,99.9797134399414,100.03705736970501,99.02636739471647,99.02636739471647,1241858
2021-04-16,100.83988189697266,101.42049241649549,100.26643615598437,100.50298308640043,915795
2021-04-19,100.13742065429688,100.60334334960842,99.57831727540955,100.1732638273874,1139280
2021-04-20,101.54952239990234,101.77173336086905,100.56750430040333,100.71802891682984,1029653
2021-04-21,100.45280456542969,101.67137596947032,100.28077276979394,101.44916502053562,1063140
2021-04-22,99.03353881835938,100.5531659106848,98.91885095113642,100.42413563424839,1301313
2021-04-23,98.7969970703125,99.47795948634318,98.45292704713336,98.83999859417308,1343025
2021-04-26,98.58195495605469,98.96903294484596,97.87949174916412,98.96903294484596,828258
2021-04-27,97.66443634033203,99.82201776506541,97.65010678368233,97.9296552287444,1045045
2021-04-28,97.9010009765625,98.08736878225919,96.8257956717318,97.2272096790437,755643
2021-04-29,100.03706359863281,100.04423480320486,98.26656001822388,98.37408310613077,1075243
2021-04-30,100.36679077148438,100.47431385891579,99.6858283532468,100.27361009313364,836013
2021-05-03,100.66785430908203,101.75022427461516,99.70733699021096,99.83636084151759,1487668
2021-05-04,100.80403900146484,101.24846089774873,99.9438800263548,100.58183447913326,983005
2021-05-05,99.54965209960938,101.0764441463845,98.5461267201448,101.0764441463845,836365
2021-05-06,101.28429412841797,101.46349712158755,99.80051030911255,100.11590834818824,873613
2021-05-07,101.56383514404297,102.38099245638952,100.77534979262757,100.77534979262757,768685
2021-05-10,103.32719421386719,104.24469714676889,102.07995081283283,102.07995081283283,1092633
2021-05-11,101.95092010498047,103.66407963598492,101.02624602971007,103.47054708699955,794183
2021-05-12,99.34893798828125,102.38102119829183,99.26292208134021,102.10863106716747,983593
2021-05-13,100.53881072998047,101.37029760857936,99.27723157979793,99.44926977359326,1067488
2021-05-14,101.15526580810547,102.29498599884333,100.78253028165767,100.78253028165767,839773
2021-05-17,100.90438079833984,102.2089615393647,100.73952022415708,101.59251433547183,563883
2021-05-18,98.80415344238281,101.06925145062415,98.6392864364326,100.86854770256909,1804683
2021-05-19,99.49230194091797,99.6213257983234,97.5999391806831,98.51744859248821,1588718
2021-05-20,100.61051177978516,101.19112233167615,99.54964256175376,99.81485504690357,1062318
2021-05-21,100.83269500732422,101.58533720432114,99.71448209086353,100.65349846211168,2332963
2021-05-24,101.90792083740234,102.42402267221003,101.3058095269058,101.39182542840531,1010265
2021-05-25,99.47077178955078,101.71436885659618,99.4420998278572,101.42047803633237,1267708
2021-05-26,98.7969970703125,100.05857001980802,98.7898258657954,99.57831136890904,1580610
2021-05-27,98.87586212158203,99.35612087135611,98.62497915061066,99.21992578978609,1644413
2021-05-28,98.91169738769531,99.58548868402977,98.7539951265717,99.33461215893855,874200
2021-06-01,98.96903228759766,99.49229890624245,98.30240583176396,99.40628300392912,735668
2021-06-02,98.51741790771484,99.43492060793864,98.32387896898193,99.43492060793864,858455
2021-06-03,98.67512512207031,99.08370380352785,97.87947494408913,98.23070327432612,1028360
2021-06-04,98.44576263427734,99.24141291905443,98.42425544645663,99.04787393191008,982770
2021-06-07,98.81134033203125,99.27009828462582,98.51745584809146,98.62497252427558,835073
2021-06-08,98.54610443115234,99.01202705287257,97.86514208228662,98.94034714382406,1131995
2021-06-09,99.62848663330078,100.29511308307656,98.30956971733784,98.61779657739832,1536313
2021-06-10,99.03353881835938,100.04423528697761,98.96903010595175,100.04423528697761,1354423
2021-06-11,99.37043762207031,99.40628079347587,97.9153256682437,98.91885093206169,979245
2021-06-14,99.19123840332031,99.69300426728968,98.58195587265098,99.5424732229367,985238
2021-06-15,98.65363311767578,99.36326751673711,98.12320172600361,99.1840709351586,1417285
2021-06-16,97.17700958251953,99.0980440174535,96.77560208749868,98.93317701195069,1836408
2021-06-17,96.41719818115234,97.53541122422546,96.25233759792245,96.95480072928,1136225
2021-06-18,95.27184295654297,96.81105068973612,95.1995801388859,95.56812374796952,1940865
2021-06-21,96.04505920410156,96.30521182806054,94.97556301513998,95.39469383936733,1130820
2021-06-22,95.206787109375,96.07394071586904,95.10561918861735,96.04503559565258,912270
2021-06-23,94.34685516357422,95.2067922535737,94.15174883060295,95.2067922535737,1194035
2021-06-24,94.10839080810547,94.5636497135012,93.46524861182945,94.34685482288303,972900
2021-06-25,94.85991668701172,94.89605132536119,93.63144263214616,93.94217590531021,1251493
2021-06-28,94.66483306884766,95.38023818591277,94.3324176373533,95.062275317611,1317058
2021-06-29,93.57366180419922,94.65761060248785,93.30628612617808,94.26016184603995,1561693
2021-06-30,93.65312194824219,94.0288884900622,93.11837077605038,93.57362963305629,1538310
2021-07-01,94.99650573730469,95.25123618356102,93.87570343429267,94.50403680757445,2696000
2021-07-02,94.87762451171875,95.08989770467915,93.94362375830578,94.80120927172361,1481000
2021-07-06,95.35313415527344,96.10033356650375,94.4446050219336,95.69276612888244,2023900
2021-07-07,96.76261138916016,96.80506861892836,94.88611714294035,95.0134823541812,1875100
2021-07-08,96.99188232421875,97.50982302008578,95.94749523371574,96.28713368059844,1720800
2021-07-09,98.15513610839844,98.22306509386335,96.86451777488789,97.36547946704634,1127500
2021-07-12,98.49476623535156,98.63062419480211,97.5098154635273,97.83247487819031,1147700
2021-07-13,97.5607681274414,98.85138638748809,97.39943841566148,98.67307766934071,834400
2021-07-14,97.5607681274414,98.3249529752618,97.27207319468071,97.64567611540717,1363800
2021-07-15,98.31646728515625,98.61364850338497,97.45038890281575,97.45038890281575,1943300
2021-07-16,99.3863296508789,99.6495463851471,98.16363376358032,98.33344975767626,929300
2021-07-19,96.71168518066406,99.49670893032791,95.53144653648414,98.96178272118824,1376400
2021-07-20,98.5966567993164,98.80892999615419,96.82204950515933,96.92394297174445,1137600
2021-07-21,97.67964172363281,99.51367890131833,97.64567723244511,98.97875274075679,993300
2021-07-22,97.54377746582031,98.08719633363606,97.48434122959246,97.6711426800411,680800
2021-07-23,98.80044555664062,99.00422602887072,97.34000480318538,97.62020700129203,1134200
2021-07-26,98.39287567138672,98.86837206544136,97.43340309717345,98.57967713211559,1226600
2021-07-27,100.78731536865234,101.27129801801446,98.03625643954481,98.57967532731756,1724700
2021-07-28,99.92974090576172,100.80430551629124,98.46080740556451,100.67694029150071,977100
2021-07-29,100.30332946777344,100.94864180535863,99.70896710293438,100.24389323128953,983600
2021-07-30,99.6155776977539,100.75336554011342,99.30141099602871,100.11654587196087,643000
2021-08-02,99.85331726074219,100.77883183024062,99.58160780950733,100.0401187231032,924400
2021-08-03,100.30332946777344,100.5325881499713,99.522165651681,100.0061482853539,787800
2021-08-04,100.01466369628906,100.13353619620028,98.83442496283806,99.85333395581009,728400
2021-08-05,101.3222427368164,101.35620722529848,100.12501881056264,100.49862170580163,656400
2021-08-06,101.53450775146484,102.43454395050779,100.84673825172258,101.47507152092547,733200
2021-08-09,101.80622863769531,101.95057285984197,101.15242354998443,101.3137532559507,802600
2021-08-10,101.89115142822266,102.58740737052625,101.35622521532787,101.81473617412266,806200
2021-08-11,102.0439682006836,102.79966023916998,101.89113124469401,102.03547545922204,992700
2021-08-12,101.84867858886719,102.57889891382244,101.77226334647288,102.34964670857553,491700
2021-08-13,102.14588928222656,102.51099952702774,101.81474353439124,102.02701678187877,988100
2021-08-16,101.89115142822266,103.33460681556316,101.84020792548932,102.41759137603852,866200
2021-08-17,102.15435791015625,102.22228689235948,100.99110486073133,101.58546725984885,771300
2021-08-18,102.01002502441406,102.2732417621393,101.39867707273542,102.13739026069129,812200
2021-08-19,102.03548431396484,102.98647062021247,101.7807603505861,102.01850530763195,937100
2021-08-20,103.1478042602539,103.46196447485953,101.13545183478985,101.8317077261128,1302600
2021-08-23,102.86759948730469,103.48743363655883,102.61286904252958,103.47894737231348,915600
2021-08-24,102.30720520019531,102.9949748777617,101.4241477766775,102.9949748777617,664500
2021-08-25,102.5534439086914,102.84213887590553,101.83171620775363,102.17135467821406,746000
2021-08-26,102.30720520019531,102.62986465917324,101.91662323022751,102.55344292697032,528300
2021-08-27,102.44304656982422,103.07137342155204,102.27322412471948,102.54493355882317,519000
2021-08-30,102.23078918457031,102.8336443822952,101.97605871654461,102.44306241523675,790100
2021-08-31,102.17982482910156,102.65532120398399,101.46658998387392,102.23077480237782,894700
2021-09-01,103.05438995361328,103.29213488840121,101.1694030019896,101.33921896167708,900100
2021-09-02,103.69970703125,103.70819977357468,102.8591069269084,103.24968885900716,954600
2021-09-03,102.5279769897461,103.66575846964335,102.50250523692232,103.39404897608092,630600
2021-09-07,101.27979278564453,102.00152040308345,100.87223185069598,101.96755591216035,898300
2021-09-08,103.02043151855469,103.41101343123364,100.82977052834045,101.19488069337615,1419000
2021-09-09,102.37512969970703,103.15629360538557,102.3411652066691,103.13082185512329,775800
2021-09-10,100.84675598144531,102.44305470182576,100.81279796779265,102.37512571839162,654800
2021-09-13,100.23542022705078,101.75529082934511,100.09956225250784,101.75529082934511,828000
2021-09-14,99.70047760009766,100.7788291117059,99.51367614277565,100.58353491230632,775200
2021-09-15,99.24195861816406,99.95519989913072,98.93628470890172,99.53065352271787,1175500
2021-09-16,99.8193588256836,100.5835437280403,98.84290717729608,99.42877687071565,1692600
2021-09-17,97.48068237304688,101.28584675087691,97.43792507825664,100.77279183263033,3477100
2021-09-20,97.42081451416016,97.92531660881227,96.18947763740775,96.23223492712417,1742500
2021-09-21,96.95050048828125,98.12198095369857,96.34338487482792,98.12198095369857,1661500
2021-09-22,97.43791198730469,97.94242059788941,96.6084766848965,97.39516122210533,776200
2021-09-23,97.26689910888672,98.30156160445813,97.09588299471741,98.03648467034174,542300
2021-09-24,97.23269653320312,97.71154688156722,96.79659695231628,97.1386357113678,763300
2021-09-27,96.2835464477539,98.30156804156181,96.06122026569793,97.45502713045035,681600
2021-09-28,95.28307342529297,96.36903935062512,94.53059345866062,96.08686344054172,1012100
2021-09-29,96.73674774169922,97.23270365244477,95.22323476617586,95.41135642362053,958300
2021-09-30,95.52251434326172,97.18139817240812,95.47976357351027,97.1300881153205,1602800
2021-10-01,95.48829650878906,96.48020817221725,95.30872764361936,96.40324635923244,718000
2021-10-04,96.6341323852539,97.04457367188844,95.1377185415453,95.14626478062549,1011100
2021-10-05,97.30110931396484,97.99373309776534,96.20659046218485,97.01037407429688,1076300
2021-10-06,98.57518005371094,98.6692408629254,96.12961206182648,96.8820985355422,848100
2021-10-07,98.38706970214844,99.75522471145382,98.07923547743938,98.85737380207799,1118000
2021-10-08,97.59184265136719,98.59230724893686,97.45503105033929,98.28447299181501,657400
2021-10-11,95.89875030517578,97.65168830304647,95.40279444234841,97.65168830304647,753400
2021-10-12,96.45454406738281,96.69396919030689,95.64220137306718,95.89873201839745,814200
2021-10-13,97.45503234863281,97.62604848315779,95.84745197916979,96.54863509272526,738600
2021-10-14,98.38706970214844,98.41272146689977,97.4208162613846,97.69444595847636,698400
2021-10-15,98.36996459960938,98.88301943435725,98.06213039399141,98.52388170241835,869900
2021-10-18,97.23269653320312,98.04503940143131,97.1129839461121,97.66879611408997,559600
2021-10-19,97.88256072998047,98.23314569672547,97.27544508602993,97.86545520544882,561100
2021-10-20,98.7376708984375,99.33623388081197,97.89967619926603,97.94243349394158,856000
2021-10-21,98.67781066894531,99.02839568069838,98.42983272217025,98.79752326065095,788600
2021-10-22,99.19086456298828,99.75522951005179,98.90013585002603,99.02839467995238,944100
2021-10-25,98.8915786743164,99.85783211844748,98.47258462627596,99.05404202625647,1026500
2021-10-26,99.50724792480469,100.29393249752029,98.85737494028689,98.95143576135578,769900
2021-10-27,97.32673645019531,99.2677957158333,97.32673645019531,98.4982168280739,1186100
2021-10-28,97.83126831054688,98.04504172453844,97.24980436353593,97.43791948781715,549200
2021-10-29,96.92488098144531,98.17331714730763,96.31776516595495,97.56620133181727,762100
2021-11-01,96.59992218017578,97.09587801923772,95.95860199913417,97.01891620511267,741400
2021-11-02,96.6939926147461,96.97617508819995,95.56526924477753,96.8137052052089,646100
2021-11-03,96.84789276123047,97.48921289367719,95.95004196626677,96.3006334367836,891500
2021-11-04,96.96763610839844,97.13009949063597,96.27500570929887,96.899227040168,728300
2021-11-05,97.59184265136719,98.1989584018444,97.05313596332756,97.5576381201484,523400
2021-11-08,96.05265808105469,97.79704967039066,95.79612741174066,97.72008786005809,735100
2021-11-09,96.1980209350586,96.62556769476996,95.64220884266464,96.00989931697026,711800
2021-11-10,96.77093505859375,97.09587478141411,96.03555408694751,96.19802394835769,1041100
2021-11-11,96.18946075439453,96.78803008613215,95.49683714471267,96.61700748113056,754800
2021-11-12,95.73625946044922,96.16380617464763,95.50538710527393,96.16380617464763,471000
2021-11-15,96.79659271240234,96.92485805690919,95.68497494898473,96.30064338354042,1619200
2021-11-16,96.4460220336914,97.30966852269103,96.38616573389028,96.83936436436267,1271400
2021-11-17,96.41181945800781,96.73675273154281,95.71919561427772,96.32631138853517,1267300
2021-11-18,95.24031066894531,96.59991271189155,94.94102925189601,96.39469210074998,1278100
2021-11-19,95.06930541992188,95.34293510725792,94.21421183151598,95.34293510725792,1661600
2021-11-22,96.57426452636719,97.08731933513832,94.71016038621691,95.04364633811045,1718100
2021-11-23,95.98426818847656,96.9847262555418,95.9073128866318,96.82226288814267,1140700
2021-11-24,95.92440795898438,96.49731915095126,95.42845206570844,95.93296072234347,945200
2021-11-26,94.62467956542969,95.21468982955165,94.18857991676308,94.98381738252091,784200
2021-11-29,95.33439636230469,95.684987916547,94.52205994341475,95.19758476044358,1401000
2021-11-30,92.64082336425781,94.89827612592109,92.53821632316775,94.5989881924872,1726200
2021-12-01,93.33348846435547,95.53107924325622,93.2821784007493,94.43656023609368,1503000
2021-12-02,94.06029510498047,94.89828969549906,93.58999101991702,93.67550559818046,1472600
2021-12-03,95.6764144897461,95.69352001368907,93.88071938264224,94.59899481594543,2037800
2021-12-06,97.64315032958984,98.41272942978497,96.38616156429538,96.5999349863156,1011500
2021-12-07,98.34432983398438,99.2165225514183,97.38662252610726,97.42082705751508,1289700
2021-12-08,97.92530059814453,99.33620611810092,97.8312463190698,98.34430109255065,664200
2021-12-09,98.5324478149414,99.24217061264417,97.4721269524403,97.9595300900661,627100
2021-12-10,99.37898254394531,99.63550671817664,98.57519244555787,99.03694378779024,559500
2021-12-13,100.19132232666016,100.71292997986734,98.83172654209667,99.13100801758107,905900
2021-12-14,100.43927764892578,100.90102890303842,99.93477563585638,100.7300128195206,987100
2021-12-15,102.2691879272461,102.38890050310162,100.57610634080567,100.584652579191,1506400
2021-12-16,102.89340209960938,103.32094884827507,102.28628649936557,102.47440158874812,995400
2021-12-17,100.44265747070312,103.1820029731852,100.21868400712847,102.53593098271476,1796700
2021-12-20,100.89920043945312,101.02841613467024,98.61641830341152,99.75350459139229,885300
2021-12-21,100.33927917480469,101.94153148937174,99.92579025440506,101.3557659247627,992700
2021-12-22,100.52879333496094,101.04565615550402,100.02055321952635,100.0894691385566,420300
2021-12-23,100.63215637207031,101.45051146279313,100.21005791480572,100.44264090124615,643800
2021-12-27,101.51943969726562,101.57973948419429,100.3565114795361,101.06288322877938,415500
2021-12-28,102.2774887084961,102.33778848778152,101.45051091803435,101.81231616593,500500
2021-12-29,102.83743286132812,102.97526471120504,101.91570372487536,102.25166064371992,452000
2021-12-30,102.78575134277344,103.13894053629494,102.32919483187743,103.13894053629494,387400
2021-12-31,102.97525024414062,103.47488077147449,102.19134649551161,102.91495046133711,565400
2022-01-03,102.6651382446289,103.1561526540825,101.45051984787426,103.1561526540825,713600
2022-01-04,102.83743286132812,104.0865093551464,102.75990737491061,102.95803244387825,762000
2022-01-05,102.72545623779297,103.91422644713688,102.69961440727013,102.83743969412018,695000
2022-01-06,103.00110626220703,104.01759314966253,102.54454976204372,103.67302009808394,874600
2022-01-07,103.1044692993164,103.84529898198596,101.4160687536599,102.28610756641305,1023100
2022-01-10,103.50072479248047,103.54379231129187,101.94153339459616,103.31982544023205,941600
2022-01-11,102.32056427001953,103.80222361718347,101.55389277073785,103.75914952622823,954800
2022-01-12,102.69097900390625,102.90633631409955,101.36437718445356,102.17412277387906,1246700
2022-01-13,103.22506713867188,104.23293776953257,102.63067886151549,102.98386800364712,608000
2022-01-14,102.83743286132812,103.14754795136685,101.82094597113105,103.08724816009178,690300
2022-01-18,101.97599029541016,102.63067835307939,100.90781988608504,102.1999637363308,868200
2022-01-19,102.22582244873047,103.01833589714116,101.55390858715687,102.13106469161782,543600
2022-01-20,101.95877075195312,103.56964588173581,101.72618116445793,102.49285927491998,714300
2022-01-21,102.0448989868164,103.44902617202105,101.91568329650337,102.46699744113484,746500
2022-01-24,100.68383026123047,102.38946276115199,98.04785933353416,101.64863321365078,1227000
2022-01-25,101.32992553710938,102.04491342880544,99.46062554553343,99.46062554553343,1450100
2022-01-26,101.80371856689453,102.7512895162452,100.81307352213437,101.2351720539736,1400700
2022-01-27,103.20783233642578,104.17263542499144,102.3291774272657,102.51869290646462,1373400
2022-01-28,103.57823944091797,103.5954717043878,102.17411228853852,102.86325823930873,879500
2022-01-31,103.74191284179688,103.83667057411208,102.69958435851262,102.83740960503654,1117400
2022-02-01,102.0621337890625,103.57824443841447,100.95088934022563,103.03554641222199,986400
2022-02-02,103.56964111328125,104.00896529666277,101.48497734360613,101.74340874621703,1004900
2022-02-03,103.42318725585938,104.5688896648293,103.00108878967478,103.6471606872195,871800
2022-02-04,103.37151336669922,103.81084413871916,102.4411681690748,102.87188280810273,949000
2022-02-07,103.02693939208984,103.36289628166251,102.03629441701342,103.36289628166251,976700
2022-02-08,103.31120300292969,103.98311671947204,102.89771410003577,103.7246919058236,617300
2022-02-09,103.81946563720703,104.39662831472918,103.44905074216352,103.90561383266542,871400
2022-02-10,99.82243347167969,103.33706689416861,99.55539246889613,102.47563752035376,1847800
2022-02-11,100.06362915039062,101.64865588410467,99.91718117671478,100.3134378601433,821300
2022-02-14,99.96887969970703,101.40746515132108,99.598464812602,100.5977194510951,1640100
2022-02-15,100.19282531738281,102.49284621124188,99.78795255327547,101.99321571203781,1597000
2022-02-16,100.3478775024414,100.88196592896838,99.13326584681013,100.14113635147532,1581400
2022-02-17,102.1224594116211,102.62208347567241,99.65015463343308,99.9947277126368,1821000
2022-02-18,102.81156921386719,103.49209904079775,101.64002502727568,101.64002502727568,1840300
2022-02-22,101.93292999267578,103.45765695213747,101.51082490641008,103.13031618622279,977100
2022-02-23,101.01118469238281,102.50145345212974,100.83889491783964,101.97598114109309,989000
2022-02-24,101.4246597290039,101.82091632374475,98.98682038684133,100.3737151823431,1850100
2022-02-25,105.0512924194336,105.08575037744315,102.55315289948386,102.77711976827075,1390300
2022-02-28,104.74117279052734,105.30971921455448,103.43180330432375,103.81083425367517,1642800
2022-03-01,103.37151336669922,105.52508656183879,102.66514162158079,104.56028340443008,1438800
2022-03-02,105.4130859375,105.75765233480492,103.04415580902354,103.29397104759754,977000
2022-03-03,107.85955810546875,108.58316210978707,105.53370170539766,105.53370170539766,1161900
2022-03-04,110.15957641601562,110.29740168635233,107.12734817458416,107.12734817458416,860600
2022-03-07,109.49627685546875,110.51275710166777,108.64346370420515,110.13373268565277,1212300
2022-03-08,108.6865234375,110.46968823756794,108.6520654799342,109.92698362113563,1039400
2022-03-09,107.70449829101562,109.71163002484754,107.17041636114668,109.35844087699417,1369000
2022-03-10,109.65995025634766,109.95283305765653,106.96367239678005,107.25656177027277,1283700
2022-03-11,109.37566375732422,110.35769249424615,108.89326552085255,109.14307419889462,1302700
2022-03-14,108.98802185058594,110.84009598509884,108.43670767643094,110.08204063868156,916200
2022-03-15,110.05621337890625,110.71090151192786,108.8415948652287,110.29740596831306,1200200
2022-03-16,110.08204650878906,110.39215499762729,107.92847334734985,109.82361510054287,1403700
2022-03-17,110.07341003417969,110.78839776897065,109.40149638353083,110.38352503789186,1227100
2022-03-18,109.35777282714844,110.68495026299507,109.03681878253762,110.3466503918192,2349100
2022-03-21,110.25125122070312,111.11869491617607,109.21032937496712,109.21032937496712,1409000
2022-03-22,109.04551696777344,110.45943705726111,108.85467974702863,110.41606917310447,1603800
2022-03-23,110.12979125976562,110.60688421596532,108.54238009788504,109.04549510296498,1052600
2022-03-24,110.84979248046875,111.25748237553454,110.11247223796151,110.32065529770023,736200
2022-03-25,112.63671875,112.63671875,110.79774961721748,111.11002090133051,515700
2022-03-28,112.50658416748047,112.71477382710009,111.40493539389026,112.54995866773945,823000
2022-03-29,113.27859497070312,113.54749832369035,112.19429871766545,112.76681031591852,899800
2022-03-30,114.98745727539062,115.13491999075356,112.96632728946439,113.46077277865726,1096400
2022-03-31,114.68387603759766,116.51416902714814,114.46701674137623,114.70121525134583,1149100
2022-04-01,117.05195617675781,117.07797822904834,114.12869759045236,114.5884381623034,901200
2022-04-04,115.91563415527344,116.36669195719755,114.41495830966768,116.36669195719755,713600
2022-04-05,116.48812866210938,118.08422307219027,116.08911498661949,116.11513704214968,877100
2022-04-06,119.36801147460938,119.69764178498492,116.6963038059772,116.8871410134537,1543300
2022-04-07,118.25769805908203,119.51547917100713,117.433635484789,119.18584884687417,1319400
2022-04-08,119.1424789428711,119.50680089974017,117.52036272924076,118.7694741448138,1007300
2022-04-11,118.71744537353516,120.14871133436357,118.04951508166319,119.43741977510415,912200
2022-04-12,119.57618713378906,120.0099056025572,117.60710157949131,118.50923017067264,924400
2022-04-13,118.51795959472656,119.86247678754194,117.49437672337403,119.7063444307153,1073900
2022-04-14,118.9863510131836,119.72367787726718,118.39650011074902,118.39650011074902,817200
2022-04-18,118.9863510131836,119.7323474837005,118.23168493623336,119.15983579413256,648600
2022-04-19,119.50680541992188,119.70631223422134,118.39648706098032,119.29861576410575,548000
2022-04-20,120.67784118652344,121.2503528305288,120.07930748924868,120.31351920471256,785200
2022-04-21,119.94920349121094,121.64070322231277,119.76704910880612,120.59978132902242,1017400
2022-04-22,118.67407989501953,119.95788323065686,118.59601372453724,119.74102393306754,664200
2022-04-25,117.71119689941406,119.13379303361631,116.4360634651918,118.97766072870978,889500
2022-04-26,116.6876220703125,118.97765508593156,116.60954268552426,117.13867975378658,699100
2022-04-27,116.55754089355469,117.97146786898858,115.87227127905665,117.20811884136161,764400
2022-04-28,117.55508422851562,118.33577235551468,115.80285750991479,116.23657607736764,989100
2022-04-29,113.6689453125,117.25146456782151,113.5214826021893,116.93051709455932,1343000
2022-05-02,111.67385864257812,115.49057664365273,110.38137257981263,114.65783119168813,1238200
2022-05-03,112.42852020263672,114.22410807125425,111.84733894873445,112.18563887969366,1378000
2022-05-04,113.42607116699219,113.68630494588866,112.33310517887477,113.1918726784212,1404600
2022-05-05,111.75191497802734,113.98990412006955,110.84110344267873,113.20053324036483,1516000
2022-05-06,112.4892349243164,112.76682114504933,111.01460114380112,111.22278419133106,1204300
2022-05-09,112.3504409790039,113.50413374686036,110.8757941471367,112.05550234740396,849300
2022-05-10,111.3875961303711,114.18074452443828,110.59822522856099,112.6453772210567,917200
2022-05-11,112.86223602294922,114.30218471431094,111.53505838453724,111.58710249019433,925700
2022-05-12,111.64783477783203,113.31331241871736,110.71099450505673,112.76682281110008,873700
2022-05-13,112.60200500488281,112.9750098312543,110.95387985069652,112.30707957494033,764100
2022-05-16,113.08776092529297,113.53016227993535,112.09888324438444,112.94898106042267,871900
2022-05-17,112.42852020263672,113.72100621375749,111.57843557233602,113.72100621375749,1895100
2022-05-18,111.30084991455078,113.35667156411355,111.03194653679829,113.35667156411355,2063900
2022-05-19,111.74324035644531,112.22032011617657,109.99101391563674,110.93651706613733,1566300
2022-05-20,111.65650177001953,112.23768302411604,110.23390549114644,112.20299136484375,1698000
2022-05-23,113.45209503173828,113.86847437903313,111.8733663570421,113.86847437903313,1438500
2022-05-24,116.35799407958984,116.7570209077714,113.43473573995837,113.68628663621972,1075100
2022-05-25,115.38648223876953,116.84377015651943,114.77927893970708,116.51415307190793,1282100
2022-05-26,115.53394317626953,116.93918696622526,115.39515007117689,116.08910236060109,701400
2022-05-27,116.49681091308594,116.53150257493654,114.99614836228992,115.16095030113078,932200
2022-05-31,115.11758422851562,116.02838260151701,114.32821328494391,115.42117927416948,1166600
2022-06-01,114.98745727539062,115.64671792764777,113.981227085343,115.3778013144148,904200
2022-06-02,115.18698120117188,115.37781844610464,113.26995238076739,115.21301649460943,553300
2022-06-03,114.57976531982422,115.36913627095932,114.3455668287718,114.97010937428489,421100
2022-06-06,114.99614715576172,115.65539461232959,114.28484235290352,114.77928787235962,604400
2022-06-07,116.27994537353516,116.47945219953696,114.2761677994118,114.68386429344136,891300
2022-06-08,113.98123168945312,115.77683287195025,113.89449591952166,115.66406181139537,653300
2022-06-09,111.41362762451172,114.44097475153488,111.35290067182379,113.98123412933296,744600
2022-06-10,110.59822082519531,111.63047300399664,109.75680585101466,110.24256846785326,725700
2022-06-13,105.83600616455078,109.69609874876801,105.38493515051769,109.28840223847584,916400
2022-06-14,103.32042694091797,106.29573626945677,101.81975794140773,105.97478218037715,1342700
2022-06-15,103.40718078613281,104.82977716795439,102.28818608006216,104.075111090805,1258700
2022-06-16,101.90838623046875,102.15308414312885,100.45766765181524,102.13560857830373,1534200
2022-06-17,101.13060760498047,102.67745200598154,99.84593671782555,102.66871755611662,2224700
2022-06-21,102.37158203125,102.92215242431625,101.16556783654904,101.41026578902293,1129500
2022-06-22,103.03575134277344,103.52514717358825,101.55881606654113,101.55881606654113,1077600
2022-06-23,105.1943588256836,105.22931662717338,103.30667755034877,103.50768324203528,1135400
2022-06-24,107.41412353515625,107.90351939510217,105.42156896069385,105.42156896069385,1057900
2022-06-27,108.67256164550781,108.92600067049067,106.88101957358616,107.10823525045247,712600
2022-06-28,109.44163513183594,110.27186124857207,108.89105809224645,109.33676172726678,852600
2022-06-29,110.15824127197266,110.46411366724124,109.39792417443232,109.73875436737706,799100
2022-06-30,110.77000427246094,111.2331834996571,109.2930687485553,109.61642342957869,1222100
2022-07-01,112.87615203857422,113.05966881418695,110.52529174164637,111.26812663075373,1005700
2022-07-05,108.53274536132812,112.4741422191175,107.05581001204582,112.4741422191175,827800
2022-07-06,110.25438690185547,110.70882499164706,108.357964486474,109.03962495492088,915800
2022-07-07,109.53776550292969,111.04965881366682,109.13576076925558,110.51656398547483,907000
2022-07-08,109.10953521728516,109.70380448562416,108.59392266627268,109.60767220195766,582100
2022-07-11,110.11455535888672,110.11455535888672,108.12200732871942,108.2006573821381,632000
2022-07-12,109.42414093017578,111.22442417285279,109.12700965100385,109.53774877206185,798900
2022-07-13,108.81240844726562,109.9222903128269,108.19192246982347,108.69879392501018,663900
2022-07-14,108.81240844726562,108.98719078801705,107.01211833343515,107.0208594507284,791900
2022-07-15,109.39793395996094,109.77372198419566,107.80739069477374,109.75623975003474,869500
2022-07-18,108.07831573486328,109.25811328873986,107.90353338151839,109.10954762164477,611400
2022-07-19,108.44535064697266,109.1794511181262,108.08704486210857,108.63761521483474,548200
2022-07-20,106.14692687988281,108.42787160268624,105.89348783651373,108.42787160268624,1226600
2022-07-21,106.19935607910156,106.24305499323391,105.01955874022786,105.78861695684103,1048600
2022-07-22,108.14820861816406,108.18316641499128,106.61884001144254,106.93345351536955,657800
2022-07-25,109.16197967529297,109.2930630969518,107.76369428075576,108.15696454828894,597900
2022-07-26,110.3330307006836,110.81369211529797,108.98718540728194,108.99592652414363,551000
2022-07-27,110.67386627197266,110.92730533307902,109.32802091343486,109.86985683726766,706700
2022-07-28,112.91986846923828,113.3306009995697,109.5290348010889,110.9797470055137,1275600
2022-07-29,113.87242126464844,114.48416604981578,113.04219524656159,113.04219524656159,754700
2022-08-01,113.97730255126953,114.08216928925735,112.36928367194614,113.5403400296031,1170900
2022-08-02,113.52285766601562,114.92987751758534,113.41799092814688,114.5540961501971,785500
2022-08-03,113.97730255126953,114.32688056962542,111.01469718777258,113.1907753462851,997500
2022-08-04,112.736328125,114.79005726594333,112.63146138930506,114.07343234526095,788100
2022-08-05,112.82373046875,112.91986275865672,111.26813826276809,112.8936327386475,731700
2022-08-08,113.39178466796875,114.25697534003785,112.84995535911852,113.70639824553578,543100
2022-08-09,115.83875274658203,116.10093289396553,113.53159145267244,113.88115609249296,997300
2022-08-10,115.58531188964844,116.53790024287905,114.78130251635338,116.14462333781182,928800
2022-08-11,116.5204086303711,117.12341894556246,115.46295363292836,115.79504936246232,1765800
2022-08-12,117.9012222290039,117.99735451018647,116.99233278236211,117.07973061435968,1080300
2022-08-15,118.90620422363281,119.08098651378792,117.27196914137996,117.79631601184526,709100
2022-08-16,118.93245697021484,119.52673293901483,118.56541004906101,118.80137354660205,649700
2022-08-17,117.95366668701172,119.21212090991989,117.71770318645689,118.95867517431407,1169100
2022-08-18,118.3644027709961,118.77514858307057,118.02357255832122,118.18087265569251,751200
2022-08-19,118.97615814208984,119.32572283503352,118.23331650078669,118.65281013436501,1010100
2022-08-22,117.6652603149414,118.89749775328973,117.42056238413939,118.5217030727485,827300
2022-08-23,117.0010757446289,117.63030277097575,116.45049876281634,117.63030277097575,693400
2022-08-24,117.33316040039062,117.56912387354447,116.61654886697357,117.35064263341151,662100
2022-08-25,117.79632568359375,117.83129014551592,116.65148625379094,117.4729777535064,581800
2022-08-26,116.42427062988281,118.14590366665459,116.38057171998318,117.98859025802295,750800
2022-08-29,116.66898345947266,117.56912511149561,115.0172658000771,116.13588869453352,814000
2022-08-30,114.87743377685547,116.66024816988856,114.38803793093632,116.07472004458982,581300
2022-08-31,113.90737915039062,115.15709881103032,113.6976456887717,114.72013631927491,1007600
2022-09-01,116.00479888916016,116.28444792984223,113.33932521137949,113.81123880160877,1147100
2022-09-02,114.60651397705078,117.03602419848228,114.24820155787374,116.07471478329607,765700
2022-09-06,114.65896606445312,116.08346819014311,114.48418371815062,114.97357962181293,796900
2022-09-07,118.23331451416016,118.30323011858178,115.34062472328536,115.34062472328536,947100
2022-09-08,117.7001953125,118.62656687787465,117.18458283863718,117.84002649237186,922200
2022-09-09,118.41683197021484,118.67026434096377,117.10594453143017,117.62155705694336,781800
2022-09-12,118.82760620117188,119.40440001266242,118.16342787387474,118.6353415973417,824100
2022-09-13,116.21453857421875,118.42556767766182,115.4192769875329,118.09348525746566,1145000
2022-09-14,117.14965057373047,118.16340678847588,116.36311006158492,116.59907354873232,1042400
2022-09-15,114.13459014892578,116.56410015245574,114.02971009964887,116.56410015245574,1991900
2022-09-16,114.29737854003906,114.91331051824575,113.74305855607751,113.74305855607751,2116800
2022-09-19,115.17725372314453,115.37963748912374,113.48787154924264,113.74304641034126,1187300
2022-09-20,113.21511840820312,114.64053180389057,112.35283245256653,114.47336446354598,2130400
2022-09-21,111.38494873046875,114.61413405090889,111.36735393524663,113.92782291610237,1766100
2022-09-22,111.37615966796875,112.22965160407529,110.7602343995268,111.1649818378127,1288000
2022-09-23,110.56665802001953,110.92740837667749,109.17643426517252,110.28508759705555,938900
2022-09-26,108.23494720458984,110.28507967369099,107.17907833335826,110.10030413165224,1326800
2022-09-27,107.08230590820312,109.07085353493763,106.48398214055774,108.70130239660018,1333500
2022-09-28,108.36695098876953,109.00926512384595,106.65116628424498,108.37574503066821,986100
2022-09-29,104.0202865600586,108.05896638958805,103.89710286458326,107.88299159976843,1259700
2022-09-30,101.2310562133789,105.00576755613444,101.22225545902738,104.57462457503105,2392400
2022-10-03,102.88523864746094,103.82671793992125,101.29264452891807,103.21079941700644,2087600
2022-10-04,104.38103485107422,105.03215632928634,102.24290830285527,102.90282382128078,1209100
2022-10-05,102.16373443603516,103.27239452524378,100.99348249259319,103.27239452524378,1415400
2022-10-06,97.41233825683594,101.70618657291865,97.36834791237906,101.61819917099645,1981400
2022-10-07,94.57909393310547,97.55311761585808,93.86638729339639,97.41233241082476,2693700
2022-10-10,93.58483123779297,95.3886032247691,93.51443862952856,94.76387721768317,3428400
2022-10-11,93.53203582763672,94.6054928456596,92.79292690093972,93.40005137147566,2613800
2022-10-12,90.63722229003906,93.56724285523869,90.60202598096937,93.46166064103915,2153000
2022-10-13,93.7168197631836,93.98078198610646,88.55187770725162,89.63414228896121,3531000
2022-10-14,91.9482421875,95.19502915548935,91.23553547277405,94.60549943862064,2768600
2022-10-17,94.14796447753906,94.85187717752801,93.16248804015633,93.18889030463836,1947400
2022-10-18,96.69084167480469,96.90201280572579,95.1950355351823,95.45020372850786,2536400
2022-10-19,95.5821762084961,96.32128519539575,94.82547242541236,95.45019845459333,1606500
2022-10-20,93.17127227783203,95.49417437778511,92.73132859658323,95.49417437778511,2015200
2022-10-21,94.54390716552734,94.90466425504748,92.44977737704772,93.4792441188838,2774800
2022-10-24,94.58789825439453,95.6173649312506,93.47923821846814,94.98384491072123,2037100
2022-10-25,96.0221176147461,96.23329544185873,94.3327352758971,94.62309975342046,2279900
2022-10-26,96.1101303100586,96.80523564138582,95.43261306487739,96.67325786519076,1845000
2022-10-27,96.15410614013672,98.65299016245683,95.85494760860325,96.59404989569225,2611000
2022-10-28,99.99040985107422,100.20158096063588,96.19809706811432,96.47086003100682,1584800
2022-10-31,98.6441879272461,99.73524654500665,97.96667079457376,99.70005023952936,2481300
2022-11-01,99.01373291015625,99.89362035336461,98.36261808182442,99.13691661516474,1221600
2022-11-02,97.68509674072266,100.03440121375074,97.55311900039088,98.74976640812552,1854400
2022-11-03,98.42422485351562,99.20732425963294,96.0133347733233,96.9988045627692,978300
2022-11-04,98.89054107666016,99.48886475738189,97.60590632072984,98.6001766331464,2148900
2022-11-07,97.37714385986328,99.19851063864519,96.15410082407783,98.96094397750346,939500
2022-11-08,97.88748168945312,98.6793817603291,97.31555348754223,98.00186464463184,1471800
2022-11-09,97.46513366699219,98.16904633952595,97.23636775447616,97.8874826131142,1252900
2022-11-10,101.66220092773438,101.86457129020901,98.0018657640998,99.95521705690395,1872300
2022-11-11,100.53592681884766,102.63005621868264,99.58564690443212,102.15491626147487,1434000
2022-11-14,99.47128295898438,101.74138757055508,99.32169698450556,100.80870898373152,1886300
2022-11-15,100.72950744628906,101.38062220994264,99.47126825896748,100.48313334773711,1260100
2022-11-16,101.34542083740234,102.05812741176814,100.68550535357997,100.7295024043711,1618500
2022-11-17,99.63845825195312,100.66793172503348,99.2513123182306,100.32476942533413,1464000
2022-11-18,100.83509826660156,102.5068857283785,100.65032271162214,100.74711086608875,2300300
2022-11-21,99.42729187011719,101.09027878116957,98.54740433144359,101.09027878116957,2967300
2022-11-22,100.01679992675781,101.09906439092033,99.51526437336742,100.02560068046871,1425500
2022-11-23,100.73831939697266,100.77351570302342,99.12813035145616,99.27770961741518,966000
2022-11-25,100.99348449707031,101.55661195066855,100.83510448118277,101.10787416649445,387000
2022-11-28,101.4510269165039,101.82057803892171,100.20158162026833,100.22798388301982,1965700
2022-11-29,100.42155456542969,101.44222725318906,99.83203157146971,100.97588796802643,1209200
2022-11-30,102.07573699951172,102.50687993677093,99.78803115039139,100.04319258355952,3527500
2022-12-01,102.17253112792969,104.04668894337685,102.1285340710801,103.01722225797664,1971100
2022-12-02,101.23986053466797,101.45103838249567,100.46556189832776,101.18706942921571,1320400
2022-12-05,100.35995483398438,101.36302593432447,100.13118894303533,100.48313853311329,1798000
2022-12-06,101.95256805419922,102.04935621720115,100.10479891544146,100.29837524144534,1325300
2022-12-07,100.66792297363281,102.7004607662595,100.43915036472416,101.81177259215951,982100
2022-12-08,103.52757263183594,103.74754451992362,101.32785375095901,101.93497159723474,1692100
2022-12-09,103.11400604248047,104.02028898590193,102.84123638498852,103.21079419304083,1456400
2022-12-12,105.71846771240234,105.75366401238519,103.36917007086198,103.94989223805936,1056700
2022-12-13,105.9912338256836,107.70701825802873,104.7769916483841,107.10869456638665,1587400
2022-12-14,106.11442565917969,107.50464944826868,105.37532341971983,106.39598937607037,2148200
2022-12-15,104.80339813232422,106.18482120545944,104.14348252325308,105.75367822050875,1419600
2022-12-16,102.73050689697266,103.91906921061347,101.68386529959137,103.61749107213808,3118400
2022-12-19,102.16283416748047,103.29817279117734,101.7016053892856,102.59745450404994,885400
2022-12-20,102.42007446289062,102.9345269622172,101.33795257367021,102.09188784770238,1339000
2022-12-21,104.15855407714844,104.17629078346523,102.75711742778951,102.96999173935278,1013100
2022-12-22,103.55538940429688,104.06984178519686,101.78142127745667,104.06984178519686,1518600
2022-12-23,105.14310455322266,105.16971299563636,103.19173531467455,103.19173531467455,710800
2022-12-27,105.75513458251953,106.08331442242023,104.93910393351536,105.4624281573491,579500
2022-12-28,104.85926818847656,106.58001961961504,104.71734747503534,105.89703802869526,603400
2022-12-29,105.7107925415039,106.22524507615162,105.19634000685618,105.25842863916515,530500
2022-12-30,104.24724578857422,105.69303428019346,103.34252493553534,105.61320218798744,550500
2023-01-03,104.53996276855469,104.96571141293057,103.07643742331308,104.44239396106173,810900
2023-01-04,106.04783630371094,106.78403486601295,104.88588908483509,105.01893807769675,971100
2023-01-05,103.40462493896484,105.91479197722647,103.25383924138374,105.32050738985217,838900
2023-01-06,105.94139862060547,106.29618689896346,103.9102039213886,104.45126484318295,817500
2023-01-09,106.84610748291016,107.5202173164822,105.70189714320368,105.70189714320368,899800
2023-01-10,106.45584106445312,106.60663352199605,105.56885686147028,106.52680142480833,661700
2023-01-11,107.07673645019531,107.60892563040024,106.29618600321902,106.29618600321902,669400
2023-01-12,105.89704895019531,107.5468401947614,105.63982270591858,107.2807422131916,947500
2023-01-13,104.60205841064453,105.49791444537243,103.8924682662189,105.31164855507016,870700
2023-01-17,104.0521240234375,105.46243255165206,103.75055261559531,104.85041123118602,1192400
2023-01-18,101.02750396728516,104.47787204020526,100.9121916877579,104.47787204020526,1313100
2023-01-19,99.83892822265625,101.06297061276301,99.57283705270166,101.00974696505078,823700
2023-01-20,101.089599609375,101.16942494644817,97.96741114999885,99.75025144998312,1566900
2023-01-23,100.91218566894531,101.87013019310764,100.32677963783644,101.1694118893492,1032300
2023-01-24,100.6106185913086,101.40003399197425,99.60832887635675,101.40003399197425,743900
2023-01-25,100.59288024902344,100.61948869198248,99.61719222617656,100.08729276419241,884200
2023-01-26,100.53965759277344,100.9210610689899,99.79459411392399,100.20260603336331,723400
2023-01-27,100.75253295898438,101.12507146945603,99.75911497679984,100.35339277216416,891100
2023-01-30,101.4089126586914,102.23380829596681,100.36227095512854,100.54853683875164,888700
2023-01-31,103.2183609008789,103.22722587113988,101.11620576588675,102.09188709967087,1168500
2023-02-01,103.05870056152344,103.66185011277848,102.02979559937846,102.58859999911856,1491200
2023-02-02,101.74597930908203,103.94570358992003,101.58632184702803,103.21837665548601,1707800
2023-02-03,100.01634216308594,101.18716105836413,98.21576528605192,100.86784619900166,1423700
2023-02-06,100.95655059814453,101.00976748951841,99.45754499768522,99.80346832592153,850500
2023-02-07,100.8589859008789,101.0541235334154,99.30676334571541,100.35340511074035,1030800
2023-02-08,99.59059143066406,100.38887861649637,98.8366561646041,99.75912060521556,1045200
2023-02-09,99.34223937988281,100.39775283878302,99.07614138896834,99.81233996563242,1636000
2023-02-10,100.83238220214844,100.8501189117809,99.3599849179697,99.617211194139,888900
2023-02-13,101.15169525146484,101.30248096560386,100.54854562775523,100.83238034672719,592400
2023-02-14,100.85009765625,101.48872734287686,100.53965454945978,101.09845890883437,1231900
2023-02-15,101.3024673461914,101.48873322105396,100.14939191602043,100.3179143168089,996700
2023-02-16,100.58401489257812,101.06298719768002,99.271275230393,100.37114056825042,1167600
2023-02-17,102.26927947998047,102.69502810018521,100.39774230381833,100.82349092402308,1025800
2023-02-21,100.44209289550781,101.8346578740339,100.15825821094049,101.79917769256889,1283700
2023-02-22,100.06067657470703,101.00974931396698,99.56396763218649,100.7436581378246,1389300
2023-02-23,99.62606811523438,101.92336078229773,98.88100461271823,101.92336078229773,1248900
2023-02-24,100.2292251586914,100.31792223460475,98.13594168480135,98.81005164261843,1745000
2023-02-27,98.93421936035156,101.19602503018513,98.65925642139378,100.71705951301752,1374300
2023-02-28,97.31103515625,98.79229713679184,97.04494395821955,98.45524557909233,2037900
2023-03-01,94.78313446044922,96.60145482156916,94.11789629425694,96.35309355511589,1910000
2023-03-02,96.11361694335938,96.11361694335938,94.43721719865044,94.62348308504554,1891500
2023-03-03,96.99171447753906,97.17798033511507,95.35079516990595,96.0692501587208,1399900
2023-03-06,96.61032104492188,97.81662014330742,96.3797100166663,96.86754728457862,1384300
2023-03-07,94.28643035888672,96.78772572299563,93.63005712846983,96.61032480917231,2667900
2023-03-08,95.20001983642578,95.33306882548332,94.00259246921328,94.27755541735357,1253500
2023-03-09,94.66783905029297,96.48615283830165,94.26869204769109,95.63464870676559,1271800
2023-03-10,92.672119140625,95.0758456907598,92.07783453903919,94.95166843482318,1153500
2023-03-13,94.7920150756836,96.7699862854799,92.46811376128711,92.76968517663956,1337200
2023-03-14,95.33306884765625,96.11361254067458,94.21546681332673,95.55481490708617,1349200
2023-03-15,96.6546630859375,97.48843034533272,94.53477152684502,95.19113789745829,1701800
2023-03-16,96.87641906738281,97.63035431244104,95.8386491382855,96.33535814356573,1380900
2023-03-17,95.77851104736328,97.04911371130473,95.24163735537444,96.70014547017601,2379600
2023-03-20,96.99542236328125,97.3891260720265,96.03799551026336,96.03799551026336,1742100
2023-03-21,95.10741424560547,97.04016084154857,93.73838398457927,97.04016084154857,1285600
2023-03-22,93.04045867919922,95.28638128603585,93.03150884930298,94.6958222205639,1055100
2023-03-23,91.85932159423828,93.72048319046537,91.51034654155667,92.8883266146965,912800
2023-03-24,95.51901245117188,95.55480493780713,92.0382733398381,92.11880131472836,1022900
2023-03-27,94.57054901123047,96.5211954389228,94.14999576635299,96.1364346858136,1495900
2023-03-28,95.07162475585938,96.11852947946419,94.22157531225945,94.52580123465289,919600
2023-03-29,96.58383178710938,97.13859834957793,95.54586999315424,95.54586999315424,935300
2023-03-30,97.25492095947266,97.5412540566125,96.7985752392212,96.9327953718504,840100
2023-03-31,98.01548767089844,98.07812281940734,96.86120551118928,97.38912935909018,1693500
2023-04-03,97.52335357666016,98.25708255857143,96.61066897056348,97.63968087642819,1603400
2023-04-04,97.27281951904297,97.82759291410777,96.90595841675554,97.56810246287036,1462400
2023-04-05,100.33300018310547,100.78934590397576,97.6486248337594,97.6486248337594,1212200
2023-04-06,101.87203979492188,102.01520975234128,100.61932997437931,100.90566306249882,1754000
2023-04-10,101.63938903808594,101.87203679869025,100.41352874065366,101.23673549144539,1179000
2023-04-11,101.92573547363281,102.30154638480013,101.21884914450216,101.684137868797,997400
2023-04-12,101.75572967529297,102.56998670410545,101.31728358285548,102.03311296260975,1499400
2023-04-13,101.27252960205078,101.88098825949584,99.56347409852158,101.2277872842766,1504000
2023-04-14,101.09357452392578,101.42464310103242,100.24351826871418,100.61038616160661,1418100
2023-04-17,100.84303283691406,101.87204476927434,100.01087619225815,101.37096354727754,1022200
2023-04-18,100.2524642944336,100.9146082502467,99.85875375635709,100.61038234480141,1121100
2023-04-19,100.94145965576172,101.56781800485808,100.35985045357741,100.78039686047633,826300
2023-04-20,101.44255828857422,101.60362110067075,100.43143909113257,101.11148283406462,1079200
2023-04-21,101.72887420654297,102.30154036894687,101.04883057866866,102.28364071134223,534600
2023-04-24,102.31047821044922,102.41785567050347,101.07566814005996,101.75571173363261,589500
2023-04-25,102.73104095458984,103.46476993310277,101.96151948606173,102.31943755949425,791800
2023-04-26,101.0846176147461,102.99052144368893,101.03987529986699,102.07783692993682,1027700
2023-04-27,101.51412963867188,103.81374435184597,100.61933781523108,100.61933781523108,1126500
2023-04-28,100.58355712890625,102.14944289744233,99.5634881191059,101.46939916648215,1088400
2023-05-01,101.07568359375,101.93468292536195,99.99298630619579,100.21668426213806,1092000
2023-05-02,99.85874938964844,101.25462904237081,99.32187575093307,101.25462904237081,936700
2023-05-03,99.88561248779297,101.21885726927407,99.56348687330144,100.58355587033802,856900
2023-05-04,100.82513427734375,101.04883221398795,99.28609138095656,100.11824797834176,751400
2023-05-05,101.43358612060547,101.43358612060547,100.4135241442051,100.4135241442051,823200
2023-05-08,101.11146545410156,101.79150908014148,100.37773650883082,100.86987469084374,791800
2023-05-09,101.39778137207031,101.73779971417963,100.40456217409644,100.95933541021815,859900
2023-05-10,101.97941589355469,102.74893733755219,100.85197638753428,102.00625855353054,1067400
2023-05-11,101.16515350341797,102.0599452572475,100.57459449578451,101.76466916679044,872300
2023-05-12,101.51412963867188,102.29260098268453,100.84303577109127,101.71993476182,733600
2023-05-15,100.88777160644531,101.9078336734461,99.84980988116345,101.76467054079446,671500
2023-05-16,98.65975189208984,100.95041685746102,98.44499693154623,100.95041685746102,759700
2023-05-17,97.62177276611328,98.9639603114587,97.1743769176648,98.9639603114587,858700
2023-05-18,97.44282531738281,97.72915841129891,96.48539839459593,96.98647960226923,1257200
2023-05-19,97.13859558105469,98.12287202200083,97.10280308986394,97.9081170748564,1202400
2023-05-22,97.45176696777344,98.12286074032151,97.12069158236426,97.38912499535216,784200
2023-05-23,97.67546844482422,98.84764342562842,97.25491523978845,97.26385824184345,1917300
2023-05-24,97.0670166015625,97.80968860062819,96.85226165624074,97.56809782054071,1265900
2023-05-25,95.73377227783203,97.22807976444864,95.40270368263644,96.6375139026625,1105900
2023-05-26,95.30428314208984,95.78747156682182,94.54371142466213,95.56377360130072,785800
2023-05-30,95.24163818359375,96.00220982275181,94.91951260025537,95.38480131690001,993900
2023-05-31,96.27958679199219,96.83436011074066,95.16109715261793,95.42058756815904,1546400
2023-06-01,95.97534942626953,96.73592092487863,94.64210502010354,96.52117285124366,1515600
2023-06-02,97.4249267578125,97.81863732640747,95.05373399710055,95.2147967909149,1596800
2023-06-05,97.86337280273438,99.12502557712146,97.38018445508004,97.6038823849171,1259400
2023-06-06,98.06021881103516,98.91922484778718,97.73810008065175,98.82974021669963,1378000
2023-06-07,99.54557800292969,99.78716876151752,97.3443912096667,98.19444060574568,1525900
2023-06-08,100.18984985351562,100.56566081204585,98.74028452197282,99.38453578043628,1651900
2023-06-09,99.7066421508789,100.95935193073349,99.50083705045289,100.24351582032541,1605600
2023-06-12,99.46505737304688,100.21667919014763,98.87449152242243,100.03772356513873,1429400
2023-06-13,100.52986145019531,100.72671674647067,98.41815217023776,98.62395729635834,1897100
2023-06-14,101.06673431396484,102.56998485914534,100.72671587670159,100.81619369422141,2699300
2023-06-15,102.79303741455078,103.01863884135669,101.1687043876246,101.72819840463454,1854900
2023-06-16,102.98253631591797,103.93005812727993,102.77497998496699,103.37959012433255,4874900
2023-06-20,102.143310546875,103.19912363753838,102.00794830542364,103.12692952412304,1789200
2023-06-21,102.53132629394531,102.82009580926704,100.62724993563975,101.72818586430647,1591600
2023-06-22,101.9177017211914,103.3434974913797,101.32211065588525,102.87424955780047,1180100
2023-06-23,99.26463317871094,102.21549697207097,98.84952735704984,102.21549697207097,2196200
2023-06-26,99.7158203125,100.13092606861937,98.59683927927352,99.58045809348515,1240200
2023-06-27,99.86923217773438,100.50092026706422,99.63461166451727,99.74289593683017,931400
2023-06-28,98.33514404296875,99.81508874706059,97.79370203400005,99.81508874706059,1976700
2023-06-29,98.58782196044922,99.32779435331835,97.3334785979614,97.61322215965308,1641800
2023-06-30,99.28266906738281,99.46315433278315,97.97418359607266,98.9126863217277,1578700
2023-07-03,100.39262390136719,100.41066898421353,98.79536900434204,99.28266197408581,676500
2023-07-05,101.5206298828125,102.04402678256234,100.05873033396901,100.10385336784026,1325600
2023-07-06,100.32044982910156,100.98823506948095,100.10387436766463,100.97920908385156,1233300
2023-07-07,99.25558471679688,100.13994518689475,99.0660803770919,99.39094692653129,1172000
2023-07-10,98.81342315673828,99.30974904067291,97.68541604307688,98.95781137199528,986700
2023-07-11,100.03166961669922,100.14898676297861,98.60586697047961,98.96683062436938,766300
2023-07-12,101.80038452148438,102.11623202342453,100.50994409879823,100.54604115287165,1177400
2023-07-13,102.35987854003906,102.36890452476037,101.43040177320874,101.84550756787038,908300
2023-07-14,101.92671966552734,102.34183234047578,101.45747173726815,102.08915296469573,859000
2023-07-17,99.8602066040039,101.91769026226102,99.84215463658295,101.91769026226102,831800
2023-07-18,98.64195251464844,100.87089541617141,98.05539439092829,99.67069433307316,892300
2023-07-19,100.38360595703125,100.41970301042328,98.97585529878704,98.97585529878704,1015700
2023-07-20,102.08914947509766,102.2064666167591,99.78801918114642,100.79870911048326,777800
2023-07-21,103.88494873046875,104.1556663149722,101.98989121489838,102.42304898883684,1082900
2023-07-24,103.78569030761719,104.20079613872844,103.14498303232746,103.9661687090361,829800
2023-07-25,104.1737060546875,104.62490886069733,103.53299889633057,103.8037164490514,768100
2023-07-26,104.5617446899414,105.31073614373406,103.80372036713281,104.22785212236029,1011100
2023-07-27,103.1810531616211,105.33780888303788,102.85619347913368,104.56173951503226,1363400
2023-07-28,102.48622131347656,104.53467934788083,102.00794736492634,104.14665148267252,816800
2023-07-31,103.14497375488281,103.73153194914075,102.55840867581581,102.88327527699725,1191800
2023-08-01,102.10721588134766,103.35253338528236,102.00795069427933,102.82913637797844,1504200
2023-08-02,102.05303955078125,102.72984370801545,101.70110193980409,101.7371989877002,921800
2023-08-03,98.79537200927734,101.91769468210165,98.75927495767833,101.5206339993211,1126600
2023-08-04,97.35151672363281,99.49022054169976,96.68373848629207,98.90365550621556,1211800
2023-08-07,97.26128387451172,98.39831696824322,97.24323879008189,97.97418519364764,1198600
2023-08-08,97.59516906738281,97.70345333538046,96.51227819374687,97.20713437583808,1065000
2023-08-09,97.73954772949219,98.81341259000165,97.05372443478795,97.05372443478795,945400
2023-08-10,96.8100814819336,98.56075072657133,96.38594970536185,97.88394645795064,925600
2023-08-11,97.36053466796875,97.54101302484128,96.66568542072073,97.08079114937394,815600
2023-08-14,96.14230346679688,97.27933656900541,95.66402955053707,97.17104540719204,946900
2023-08-15,94.20211029052734,95.501576423271,94.16601324408362,95.42938233038355,1045700
2023-08-16,94.52699279785156,95.12258383761069,94.3284624512652,94.4728506614403,1089800
2023-08-17,94.62626647949219,95.56476927558974,94.47285915599407,94.6443115649822,872400
2023-08-18,95.28501892089844,95.59184045304694,94.45480729124154,94.78869989406003,664400
2023-08-21,94.57211303710938,95.16769717444117,93.88628282868338,94.98721880186999,1319300
2023-08-22,94.72552490234375,95.10453363387381,94.22017992697033,94.6262597272084,697400
2023-08-23,94.99624633789062,95.30306786028125,94.27432589868243,95.30306786028125,1170000
2023-08-24,94.25627136230469,96.30473612965832,94.12091601694526,94.60820902985725,953400
2023-08-25,94.6803970336914,95.36622724013962,94.20212315142925,94.71649408506326,963600
2023-08-28,94.72552490234375,95.49256834990953,94.49089749885941,94.75259597105176,750200
2023-08-29,94.86991882324219,95.46550995311186,94.43676789680046,94.95113892495617,586000
2023-08-30,94.51795959472656,95.14062165513566,94.01261466732689,94.82478107551086,700800
2023-08-31,93.29068756103516,95.13159579368066,93.2636164948623,95.06842767767456,801300
2023-09-01,92.20780944824219,93.96749770906774,91.42271405543839,93.85921343751461,1110300
2023-09-05,90.91736602783203,92.18073527019288,90.30372993210295,92.06341813355695,1386900
2023-09-06,91.043701171875,91.39563880794569,90.60152435203385,90.9624879719241,1203600
2023-09-07,92.23487854003906,92.64998430331961,91.55807431809735,91.65733948810015,980300
2023-09-08,92.6409683227539,92.75827857997518,92.06342236656393,92.31610173450089,1082900
2023-09-11,92.9658203125,93.37190695652625,92.44243030579436,92.44243030579436,1763700
2023-09-12,93.77799224853516,94.03969070973199,92.60486905002122,92.99290374975327,1220600
2023-09-13,95.70013427734375,95.80841856302986,93.48021003344384,93.93141291662828,1702600
2023-09-14,96.32279205322266,96.69278173166377,95.85354407195152,96.23255285122549,1718300
2023-09-15,97.22693634033203,97.74594106665,96.74435385143673,96.81719832628207,3064600
2023-09-18,97.42726135253906,97.7459472666623,96.64420056536089,97.22694250742391,1453400
2023-09-19,96.86273193359375,98.00090093193053,96.8263096920271,97.4272662576284,1207800
2023-09-20,97.13589477539062,98.21032658220159,96.49852291831304,97.15410242266475,806700
2023-09-21,96.59867858886719,97.7459549163294,96.21625546199061,96.99020901309773,1562100
2023-09-22,96.70791625976562,96.99928716605476,95.92485564658287,96.2071262050848,1982300
2023-09-25,96.20716094970703,96.41658017372917,95.3967781600068,95.97952712987164,1066600
2023-09-26,93.02027893066406,95.89756653683071,92.9474344477656,95.87935888952222,1678000
2023-09-27,91.54521179199219,93.0384889960599,91.04441464258979,92.71980305863674,1164100
2023-09-28,89.80607604980469,92.10062843387279,89.76055346207347,92.05509889930993,1739600
2023-09-29,90.39791870117188,91.34487598730139,89.59665035759973,90.77124140635179,1268400
2023-10-02,86.94700622558594,90.14298679337315,85.69047012265919,89.8425085034888,2346400
2023-10-03,88.64969635009766,89.07764895114846,85.45371625956403,86.08198769062426,2240200
2023-10-04,88.42206573486328,89.26886367123288,87.03804846731023,89.14138931064663,1444200
2023-10-05,85.77239990234375,88.85001285215901,84.79812766568674,88.62237908708185,3500500
2023-10-06,86.64652252197266,86.90147123574758,82.07563247872879,84.38839244156497,2534100
2023-10-09,87.94859313964844,87.95770043691743,86.52816042630973,86.65563480074616,1059900
2023-10-10,88.64969635009766,88.91375235812541,87.60257961394107,88.06695445197826,869700
2023-10-11,89.08675384521484,89.31438762786942,87.62989902559193,88.9683867790939,1494000
2023-10-12,87.4295654296875,89.08673880985482,86.78308642967598,88.70431578677712,1774000
2023-10-13,89.11407470703125,89.11407470703125,87.96679851056683,88.24906217481798,1241000
2023-10-16,89.63308715820312,89.87892860517788,88.60417793798429,89.53292773062728,1564200
2023-10-17,89.71502685546875,90.30687608994346,88.96838831335918,88.96838831335918,939000
2023-10-18,88.42206573486328,89.91534277044362,88.25816913599073,89.3781303860918,1385800
2023-10-19,88.08515930175781,89.16869824051571,87.72094389028337,88.09426659742324,1144500
2023-10-20,88.00320434570312,89.28705501341791,88.00320434570312,88.17620126243482,1427800
2023-10-23,87.38406372070312,88.6497070852108,86.1366280034778,86.81042210224115,1740000
2023-10-24,88.95926666259766,89.25063758453227,88.13979072060272,88.30368729836785,1007400
2023-10-25,89.17780303955078,89.46006667579638,88.47668717639553,88.64969105503947,1646700
2023-10-26,89.55111694335938,90.9624489891555,89.2233237836497,89.52380200452204,1275100
2023-10-27,88.23995971679688,89.99728578767841,88.10337806267619,89.18691010588223,1227700
2023-10-30,87.69363403320312,89.30528506467536,86.93789517311454,88.30369783518789,1305000
2023-10-31,87.75737762451172,88.40385676483888,86.97431681863215,88.194437564913,1871100
2023-11-01,87.96678161621094,89.3052690972192,84.29732689835205,85.77238906368332,3470300
2023-11-02,89.969970703125,91.00798015786089,87.82110731866052,87.82110731866052,1846400
2023-11-03,91.21741485595703,92.4739509068818,90.96246611636349,91.4359413546326,1728700
2023-11-06,89.84249114990234,91.39040489324313,89.84249114990234,91.19008607201293,1528200
2023-11-07,89.71502685546875,90.01550512099416,89.35991870415029,89.90623840257624,1375200
2023-11-08,89.72413635253906,90.1156667529325,88.60417503849162,89.32349865534616,2276500
2023-11-09,89.68771362304688,91.00798683165841,89.56934655262724,89.87892517380104,2056000
2023-11-10,89.75145721435547,90.26135471943692,89.27798195204161,90.26135471943692,1315000
2023-11-13,88.92286682128906,89.86071692207747,88.71344067844538,89.73324255576635,1599900
2023-11-14,92.6469497680664,92.73800189198563,90.42524182091236,90.51630089166335,1392100
2023-11-15,92.93830871582031,93.82152879198341,92.20077757655585,92.36467415715138,1238200
2023-11-16,94.08560180664062,94.52265480276819,92.8199584623217,93.63943456676891,1813700
2023-11-17,94.33143615722656,94.70475888740171,93.47553787630567,94.70475888740171,1502500
2023-11-20,93.666748046875,94.20396042030052,92.36468257865663,93.82153734631983,1392700
2023-11-21,94.0218505859375,94.23126975582626,92.94741895617413,93.81242446921765,1062400
2023-11-22,95.2966079711914,95.68813139963216,93.70317152828824,94.11290954915927,1687600
2023-11-24,95.94309997558594,96.45299748293878,95.28751349651371,95.38767292786265,1220300
2023-11-27,95.47872161865234,96.15251572147513,95.13272074354492,96.06146359085025,1382700
2023-11-28,95.62439727783203,96.59866959906225,95.26928912923245,95.59708233514465,1186600
2023-11-29,94.82312774658203,96.37103468663135,94.38607477503406,95.67903299054177,1193700
2023-11-30,94.79580688476562,94.9688107714008,94.12201287671851,94.95970347556965,1568900
2023-12-01,98.4925765991211,98.5654210717716,94.4589059716132,94.81401409224539,2802700
2023-12-04,98.71111297607422,99.48506641740026,97.70951881418367,98.11926377500203,1365900
2023-12-05,97.11769104003906,98.78396523261188,96.90826488037371,98.78396523261188,1403200
2023-12-06,97.72773742675781,98.08284557264373,97.09946596242192,97.3635219844351,1152700
2023-12-07,97.62757110595703,98.31047240698153,97.07214415871059,97.97357193095019,1401800
2023-12-08,98.8932113647461,98.96605583526996,97.33619727816152,97.86430926921295,2139000
2023-12-11,100.24079895019531,100.32275071592761,98.19209511569157,98.86589604520226,1419100
2023-12-12,100.08602142333984,100.55039629218089,98.8659076641021,100.55039629218089,1211900
2023-12-13,103.18182373046875,103.3184053669338,99.3393650005925,100.15884787255222,1227000
2023-12-14,102.37147521972656,104.36554957757605,102.12563376655518,104.06507128727469,1710300
2023-12-15,100.98397064208984,102.31633139931812,100.13861061667006,101.41584133193741,2690000
2023-12-18,100.91044616699219,102.04984461924876,100.54289624388086,101.28718676605,1026700
2023-12-19,101.8017578125,101.90283422193856,100.73586368039588,101.11260429929091,886700
2023-12-20,100.46939849853516,102.22444628973057,100.45102415457904,101.64555981427256,1165100
2023-12-21,100.8369369506836,101.8752660316043,100.13859979321603,100.73586054439163,897700
2023-12-22,100.72669219970703,102.35309160304242,100.662371477777,101.50773154040971,950000
2023-12-26,101.23206329345703,101.70988036069443,100.53372605739106,100.53372605739106,522200
2023-12-27,100.79102325439453,101.14938260051865,100.43266390827041,101.07587119351021,693100
2023-12-28,101.45259857177734,101.55366798009742,100.561292157557,100.561292157557,518200
2023-12-29,101.31476593017578,101.58123948637875,100.79100949499961,101.03910169674299,691600
2024-01-02,102.69306945800781,102.96872667129493,100.86451032750414,100.92883104498104,954200
2024-01-03,101.97635650634766,102.9595486764735,101.5444858035987,102.9595486764735,1308000
2024-01-04,101.5628662109375,102.58281414116684,101.34233901290861,102.26121051686778,1016300
2024-01-05,101.6731185913086,102.11417292349482,100.95640004368184,101.23205724869017,985600
2024-01-08,102.47254943847656,102.58281654529183,100.8002035424952,101.03911210204494,787500
2024-01-09,101.94877624511719,102.5092883446635,101.62717266597559,102.09579903011462,652900
2024-01-10,101.83851623535156,102.28876124645286,101.48934062596373,101.77419551947995,676100
2024-01-11,99.25648498535156,101.49853343208429,98.87975135889458,101.49853343208429,519600
2024-01-12,100.01914978027344,100.16617256824082,99.21973615460608,99.99158476013766,827300
2024-01-16,98.87056732177734,99.32081237256146,98.16303938483085,98.82462795520998,1332400
2024-01-17,97.13390350341797,99.50459360905357,96.82149056460229,98.2641185106643,760900
2024-01-18,96.34366607666016,96.77553676165803,95.5626267791097,96.49987253408374,786000
2024-01-19,96.04043579101562,96.99606288973624,95.52587004956315,96.73878001901,1016900
2024-01-22,95.47074890136719,96.87662115480761,94.89185537788013,95.77397817458107,849000
2024-01-23,95.99449920654297,96.01287355051294,94.85510059872377,95.46155209578961,765600
2024-01-24,94.05567169189453,96.76633936287439,93.8810838925295,96.76633936287439,1491900
2024-01-25,95.37886047363281,95.60857833892534,94.18432476993848,95.17670763050612,1458200
2024-01-26,95.1858901977539,95.87504378566848,94.8551029251531,95.83829509682725,1165300
2024-01-29,95.41561126708984,95.77397759444747,94.57944186441017,95.17670972942882,1566400
2024-01-30,96.07719421386719,97.12470708035865,94.70807774984459,95.08481840011866,1614800
2024-01-31,96.86742401123047,97.83224181235306,96.06801035757773,97.20740896248272,1533700
2024-02-01,98.75111389160156,98.78786959012339,95.77397241565996,96.31610319538345,1316700
2024-02-02,96.55500793457031,97.89655933092803,95.81071733702163,97.80467359345221,1437400
2024-02-05,95.4891128540039,96.61013706780683,94.8826613840121,95.6177542873486,1395700
2024-02-06,95.75557708740234,95.94853921865815,94.75401073796532,95.22263005225871,1068000
2024-02-07,96.68363952636719,97.22577022958629,95.54424107471074,96.02205106720162,1692900
2024-02-08,95.77397155761719,97.8414322605272,94.44160378726005,96.48149946913382,1847800
2024-02-09,95.93937683105469,96.17827837391891,94.77240609837483,95.74640764656966,1118600
2024-02-12,97.74954223632812,98.06196217446262,95.71883717496881,96.0312571131033,1459800
2024-02-13,95.91179656982422,97.46469151739862,94.7540236248284,97.09714154626216,1697600
2024-02-14,96.78472900390625,97.35442480147194,95.77397183717532,95.9761176621754,1273600
2024-02-15,99.02676391601562,99.06351961186546,97.29928827366618,97.29928827366618,1231900
2024-02-16,99.05435180664062,99.78025413200432,98.27330541302408,98.48464894539364,1273300
2024-02-20,98.90731048583984,100.52452600730918,98.63164627964176,99.04514258893889,1023100
2024-02-21,100.30400848388672,100.59804706054199,98.9992057276984,99.54134351585091,1135600
2024-02-22,98.33761596679688,99.4402658735018,98.12627946672042,99.4402658735018,1486800
2024-02-23,99.65160369873047,100.00996299530603,98.51220508937314,98.59490716343124,1127000
2024-02-26,97.57495880126953,99.07271669929953,97.36361528906524,99.07271669929953,897300
2024-02-27,98.62246704101562,98.75110847356771,97.63927494340619,98.20897071315623,780600
2024-02-28,99.33000946044922,99.47703226799196,98.1906107437263,98.46627500265227,906700
2024-02-29,99.55970764160156,100.3958839205891,98.93487485403423,99.80780682763537,1387800
2024-03-01,99.33918762207031,99.52295909791073,97.5106354988582,99.26567622756117,1322000
2024-03-04,100.89207458496094,100.91963960312265,98.81542342145184,98.81542342145184,760700
2024-03-05,101.06666564941406,103.0146755860087,100.83694779412646,101.0758563265467,1269300
2024-03-06,102.69306945800781,103.06061941948974,101.88445814066108,101.99472523223538,1101100
2024-03-07,103.52006530761719,103.7038368012295,102.87685105910784,103.0881945861518,927100
2024-03-08,103.66706085205078,103.91515302101307,102.6746781553381,103.85083230976865,1128100
2024-03-11,103.78652954101562,104.79729376449885,103.17088733975436,103.84166659620841,1170400
2024-03-12,101.88446044921875,103.6578825689023,101.71906331332583,103.31790463043484,862100
2024-03-13,102.04985809326172,103.08818728892795,101.82933091445061,102.40821738774203,1137900
2024-03-14,100.51533508300781,101.89364208973387,99.44025730026516,101.69148927374493,1543200
2024-03-15,100.61737823486328,102.05503006790283,100.18144267871536,100.32057210163309,2305400
2024-03-18,101.54489135742188,101.84169747040119,100.34838972423205,100.6266414746662,1113900
2024-03-19,102.44459533691406,103.04748483557331,101.58200133456579,101.8973618579146,1378000
2024-03-20,102.06431579589844,103.14951264797341,101.66548185756102,102.17562075883575,1770100
2024-03-21,101.23882293701172,102.69502924844988,101.19244410025082,102.10141693527872,1200300
2024-03-22,100.98837280273438,102.01792054591203,100.89562222008382,102.01792054591203,1076500
2024-03-25,100.56172180175781,101.37794397205967,100.07013730905314,101.37794397205967,1045100
2024-03-26,99.36521911621094,101.0811368475193,99.3095701783882,100.6080996467771,1110800
2024-03-27,103.23297882080078,103.33500658690441,100.1257811599619,100.1257811599619,1668700
2024-03-28,104.01209259033203,104.16976929253254,102.92689588495294,103.25152647078224,990500
2024-04-01,102.70429992675781,104.01209953887094,102.28691165159417,104.01209953887094,847500
2024-04-02,103.03820037841797,104.34600706362869,102.51879140771007,102.908348135741,1268900
2024-04-03,102.26835632324219,103.33500572957492,102.05502361140925,103.23297796431778,1256900
2024-04-04,101.61908721923828,103.15877378991324,100.93272441222719,102.9547182611331,1210600
2024-04-05,101.19242095947266,101.78603313689604,100.4967810256407,100.88633769024692,1106100
2024-04-08,101.56343841552734,102.26835558592654,100.96054900964971,101.45213346975403,1163600
2024-04-09,101.90663146972656,102.60227151424884,101.3408436674018,102.49096655961534,1068900
2024-04-10,98.91073608398438,100.40404390822462,98.1223454685795,100.40404390822462,1444200
2024-04-11,98.43769073486328,99.55071893189377,97.7791524129177,99.50434010336161,1014900
2024-04-12,98.54900360107422,99.39305022859617,97.76061298754887,98.90145866644349,1506300
2024-04-15,97.87191772460938,99.30029952611902,97.11135152655014,98.8829183121709,1331800
2024-04-16,95.72007751464844,97.64004395944636,95.59022525858808,97.64004395944636,1299000
2024-04-17,97.64002990722656,98.00176922723908,95.84064587089046,96.499184239397,1529200
2024-04-18,98.7623291015625,99.25391355135709,97.42669808595775,98.01103311707695,1168800
2024-04-19,100.70085144042969,100.86780533231223,99.05914406726492,99.328118654238,999400
2024-04-22,102.13850402832031,102.58370966152074,100.06085415199847,100.4411407452558,1128800
2024-04-23,102.13850402832031,103.09384848749619,101.59126355350885,101.78604190258604,950400
2024-04-24,103.46485137939453,103.69673136269536,100.74721769205225,101.18314611646876,1473800
2024-04-25,103.08457946777344,103.76167222891098,101.92517938641336,102.76922604232342,1408500
2024-04-26,101.58198547363281,103.60397932060671,101.4985120718021,103.27007156045205,1247700
2024-04-29,102.79705047607422,102.87125377959525,101.91590216869902,101.91590216869902,797900
2024-04-30,102.32400512695312,102.8990700688991,101.53561454986405,102.2312545431337,1360000
2024-05-01,103.26080322265625,103.88223992386094,101.9529966269351,102.3147288605567,1112900
2024-05-02,103.79876708984375,103.87296331212009,102.80631389176908,103.84513884421446,738000
2024-05-03,104.577880859375,104.67063144485398,103.37210201890004,104.39237968841704,1021100
2024-05-06,104.33672332763672,104.76338168054836,103.57615720698274,104.76338168054836,981500
2024-05-07,105.1251220703125,105.59815929070831,104.31818413269112,105.08802749450034,843800
2024-05-08,106.41438293457031,106.44220740501625,104.20688059363665,104.97672396591884,963700
2024-05-09,107.89839935302734,108.05607604892204,105.87640554390505,106.30306387913433,1461300
2024-05-10,107.1192855834961,108.38999056380446,107.08218393336853,108.38999056380446,1025200
2024-05-13,106.95233917236328,107.97261693115077,106.74828362060578,107.19349637684184,796200
2024-05-14,106.46074676513672,107.52739620343762,105.89495898681406,107.49029455346707,723600
2024-05-15,107.67578887939453,108.17665050752109,107.30478655611476,107.5923154795813,599100
2024-05-16,108.31578063964844,108.67751286075072,107.46246396814642,107.60159337851248,757800
2024-05-17,108.14883422851562,108.46419471887722,107.74073022672849,108.46419471887722,791500
2024-05-20,107.91694641113281,108.79809462290487,107.48101089576564,108.51983580309985,734900
2024-05-21,108.68680572509766,108.93723303876008,107.78711009484418,108.21376849216111,596900
2024-05-22,106.72044372558594,108.51983470219501,106.48856373690603,107.97260132558996,901100
2024-05-23,103.93789672851562,106.18250067488583,103.90079507656392,105.932066293316,733800
2024-05-24,104.77266693115234,104.8097685833607,103.67819295846412,104.25325795306864,661300
2024-05-28,104.80976104736328,105.78365988766186,104.66135444920057,104.67063163068975,879100
2024-05-29,102.92689514160156,104.21614737059535,102.88051631121117,104.15122125389838,788800
2024-05-30,104.577880859375,104.63352979537918,103.39993356331819,103.43702813637692,760400
2024-05-31,108.08391571044922,108.15811901650756,104.4665859188985,104.96744762016708,1519700
2024-06-03,107.8149185180664,108.54766013800862,107.42536183194494,108.04679850881715,1035000
2024-06-04,108.08391571044922,108.38999904062726,106.79466334245701,107.5181278854838,753700
2024-06-05,106.23814392089844,107.8520267740122,106.09901450264019,107.54594346912727,822500
2024-06-06,105.31061553955078,106.56276605162378,105.20858777935666,105.79292279794657,746000
2024-06-07,104.18832397460938,104.94889009648945,103.95644397310429,104.02137009046906,748000
2024-06-10,104.4758529663086,105.18077015264686,103.7338341305403,104.06774189899443,1093600
2024-06-11,105.49612426757812,105.60742921661664,103.29790636629215,103.59471248731211,1390300
2024-06-12,104.4665756225586,106.94305941414879,104.17904668544269,106.85030175250981,999400
2024-06-13,104.38310241699219,104.99526194175878,103.36283182477047,104.35527794901408,1521200
2024-06-14,104.01209259033203,104.76338152845354,103.58543423803981,103.91934200529738,766200
2024-06-17,103.67513275146484,104.3397160659865,102.80462080456715,103.26327548671277,1178400
2024-06-18,103.49728393554688,103.70321256779904,102.56124989176283,103.33815986203311,946000
2024-06-20,104.01210021972656,104.6860386981798,103.08542142177966,103.52535854257557,902000
2024-06-21,103.81553649902344,105.25702260420685,103.67512996786658,104.48947499410525,1884700
2024-06-24,105.58464050292969,105.93096852047555,103.75000753601356,103.8623341895103,839700
2024-06-25,102.98245239257812,105.36934182987322,102.91693030150665,104.9668469443278,1208000
2024-06-26,103.38494873046875,103.72192152967648,101.98089778089404,102.374037474218,957200
2024-06-27,104.13377380371094,104.29289785649293,103.09477557916864,103.478552914978,669400
2024-06-28,103.90913391113281,104.57371717863617,103.36623248989147,104.55499249990508,1566100
2024-07-01,102.14002990722656,104.60179669020485,101.8404993209274,104.31162844323856,890900
2024-07-02,102.40210723876953,102.80460209022434,102.02769226091385,102.52378907148965,727900
2024-07-03,102.25235748291016,103.61896633708089,102.21491526399647,102.39276401849321,350300
2024-07-05,102.7484359741211,103.12285095479164,101.99025081575778,102.32722358422409,937900
2024-07-08,102.03707122802734,102.96374291467501,101.75625816352908,102.72973440805076,972100
2024-07-09,101.71881866455078,102.8327014710968,101.62521668767357,101.79370310260177,968200
2024-07-10,102.10258483886719,102.44891282941045,101.46608146809167,102.22426668130505,1025600
2024-07-11,105.94032287597656,106.2398534546873,102.71100860108345,102.84205278293364,1904000
2024-07-12,107.15718841552734,107.87793154044789,106.00586331414945,106.35219850690913,1039200
2024-07-15,105.89351654052734,107.48477851552494,105.44422425070539,106.5580997776943,1133600
2024-07-16,107.36309814453125,107.5222293537547,105.90288737343501,106.31474462328174,1118300
2024-07-17,109.83422088623047,110.94810357826837,107.42861390678218,107.79367371940901,1274900
2024-07-18,109.21644592285156,110.99491192698034,108.89819065365865,108.91691533257313,1018900
2024-07-19,108.66417694091797,110.06822785446062,108.09320280613976,110.06822785446062,671500
2024-07-22,109.7125473022461,109.88103371253763,108.55186710988936,109.18837053306038,760900
2024-07-23,108.48633575439453,109.66574052577265,108.39273378808217,109.55341388137445,647200
2024-07-24,110.36776733398438,110.77961741906647,108.94499171970848,109.66574186600376,954000
2024-07-25,110.62986755371094,112.82954616081078,109.71255103505273,110.75154941030542,1063500
2024-07-26,110.62986755371094,111.68758346791157,109.51598473992021,111.68758346791157,1712700
2024-07-29,111.49102020263672,111.91223268345702,109.92784499788344,110.64858809962278,882100
2024-07-30,112.91377258300781,113.11033885513473,110.91066050547941,111.3974021576366,807500
2024-07-31,112.82017517089844,113.14778563766858,111.91222106201224,112.96994403649197,1046700
2024-08-01,115.48786926269531,115.63763812655164,112.76401410900407,113.32563306572028,1101900
2024-08-02,115.35682678222656,118.65167042203117,113.90597838438373,117.00424860212887,1256200
2024-08-05,111.19147491455078,116.46134353604843,111.06043073152046,116.32093701383812,1099800
2024-08-06,111.45355987548828,112.83889323553441,110.5736856951331,111.19147151743495,1430700
2024-08-07,112.41768646240234,113.60645368905797,111.18212181870095,111.8092629098235,1012200
2024-08-08,112.22109985351562,112.83888563420066,111.52843679083954,111.62203874935712,804200
2024-08-09,112.23985290527344,112.60490563474075,110.3677846961597,112.37089710860153,634200
2024-08-12,112.88569641113281,112.93250096662021,111.74373381441639,111.9683871111089,639800
2024-08-13,113.54092407226562,113.82172998006138,112.73593428211397,113.2507486837591,743900
2024-08-14,114.22422790527344,114.93561574503151,112.82953924451722,113.21330947109713,767600
2024-08-15,114.17742919921875,114.37399548007969,113.04482178733925,113.47540370698428,987600
2024-08-16,114.09318542480469,115.07602399630926,113.67197297494432,114.60800698918761,2423800
2024-08-19,115.3849105834961,115.4691573588686,114.11191088547318,114.11191088547318,744300
2024-08-20,115.06665802001953,116.08693163544109,114.82328718442338,115.61891464311064,580700
2024-08-21,115.43170928955078,115.87164639957507,114.91688774774097,115.22578067282686,579200
2024-08-22,115.45043182373047,115.90909363223915,114.5424848291802,115.5814831557135,757800
2024-08-23,115.89971923828125,116.20861214460997,115.3755425303576,115.93716145190037,489200
2024-08-26,116.69535064697266,117.48162287723572,115.78739657429715,116.28350056576085,442200
2024-08-27,115.95588684082031,117.01360980841882,115.39426788124344,116.53623047916085,549300
2024-08-28,116.44261932373047,117.32248633915484,116.08692186900583,116.31157514821254,701800
2024-08-29,116.6204605102539,116.65790272332677,115.33809863402504,116.44261892487273,580500
2024-08-30,117.0229721069336,117.17274098064019,115.96525621652947,116.79832593774668,656100
2024-09-03,117.50970458984375,118.48318076847639,116.80767911748706,117.00424539278224,793800
2024-09-04,118.23980712890625,119.4285670916462,117.3131355269989,118.01516098267433,709500
2024-09-05,115.74996948242188,119.16648791697976,114.87945756462445,119.16648791697976,2609800
2024-09-06,115.31002044677734,116.97615967535303,115.08536716505304,116.10564784744447,1709100
2024-09-09,116.6485595703125,116.95744536265587,114.73904935466688,115.2725884486434,1030700
2024-09-10,117.51907348632812,118.0151703718549,116.4987926960603,116.71408366179958,1278700
2024-09-11,116.42390441894531,117.26633643325339,115.32874637103109,117.26633643325339,1162400
2024-09-12,116.5268783569336,116.8544888502975,115.68444627301702,116.41455883999348,933100
2024-09-13,117.89347076416016,117.9309129783684,115.7593145438959,116.81703745650509,806500
2024-09-16,119.2429428100586,119.6298463653389,118.61068139064986,119.25238158936176,1018500
2024-09-17,118.60122680664062,119.57321215464607,118.13882747791222,119.07306491341438,832400
2024-09-18,117.41220092773438,118.94095909189134,115.92119067870605,118.67673088566934,1301400
2024-09-19,116.57232666015625,117.2706450731377,115.95893565430241,116.80824572397091,2089800
2024-09-20,118.04447174072266,118.41251214272046,116.10993953360584,116.63839598828295,1834200
2024-09-23,119.29011535644531,119.62983217459099,117.73304814136537,118.38417984246269,969400
2024-09-24,118.23319244384766,119.85631666641156,117.9595254807709,118.51629098519467,744200
2024-09-25,118.4691162109375,119.02588173752551,117.20458630361146,119.02588173752551,964800
2024-09-26,118.50686645507812,119.37504688632858,118.00671918924206,118.20489033987455,639300
2024-09-27,120.20547485351562,120.68675174379476,118.94095216886159,119.1013753990619,990800
2024-09-30,121.1774673461914,121.24351719418779,119.58265222417519,120.7905566386128,1117700
2024-10-01,121.45113372802734,122.23438676429951,120.76225407901002,121.3378971828073,780400
2024-10-02,121.45113372802734,121.73423949043467,119.61096787141547,120.25266802648397,763500
2024-10-03,120.36591339111328,121.66817687673968,120.12999431915867,121.50775363573344,868500
2024-10-04,119.82801818847656,120.10167797621165,118.62010649240504,119.0447651417073,721400
2024-10-07,118.23319244384766,119.56377214743816,117.9878346149378,119.56377214743816,962900
2024-10-08,118.41250610351562,119.42223946344967,118.33701027107523,118.99758080573157,844400
2024-10-09,117.50656127929688,119.00701023250139,117.10078021141673,118.32756219329016,1871500
2024-10-10,116.7138671875,118.45966663504909,116.62893258968185,117.72360038578779,789400
2024-10-11,117.83686065673828,118.1577071387643,116.94036386346576,117.13853501995455,880700
2024-10-14,118.50686645507812,118.84659048464195,117.72361343137938,117.8840366676516,830700
2024-10-15,120.21492004394531,120.84718141999721,119.28068254801201,119.3089916843011,1901500
2024-10-16,121.23408508300781,121.6115498111023,120.20547425981924,120.41308418007812,780700
2024-10-17,121.20578002929688,121.68704973372488,120.82830088913651,121.28127585732895,1137300
2024-10-18,121.63986206054688,121.99846364096874,120.66788388110399,121.52662551909019,777000
2024-10-21,120.75281524658203,122.06453189211861,120.14886300674866,121.75311699354491,892700
2024-10-22,121.00759887695312,121.2907046256744,119.80913323334669,120.41308544425236,747800
2024-10-23,122.66848754882812,122.7156598443913,120.64901364101542,120.82830724242099,1389100
2024-10-24,122.46087646484375,124.25385566019627,121.9040965089603,122.67791798021943,1575100
2024-10-25,119.44109344482422,122.81944868700967,119.33728848937136,122.73452128691798,1276000
2024-10-28,119.49771881103516,120.45083382241968,119.38448227085209,120.29984936894948,939700
2024-10-29,116.94979858398438,118.79940318004196,116.79880692732084,118.79940318004196,823400
2024-10-30,117.1479721069336,117.95953427874565,116.5440198674007,117.75192434646648,1002800
2024-10-31,117.22346496582031,118.29925531520277,116.75162684066385,116.75162684066385,900600
2024-11-01,114.45849609375,117.52544398307981,114.26975651921485,117.19515872724155,992500
2024-11-04,114.77932739257812,115.1379289369343,113.48649567644915,114.22256192060269,911300
2024-11-05,116.47795867919922,116.57232486333486,114.57173584081734,114.77933856604439,749700
2024-11-06,114.72273254394531,116.70445142108655,114.16596695832678,115.83627091486149,1570300
2024-11-07,110.44786834716797,116.232601125004,109.07953347498014,115.27005452498081,3753800
2024-11-08,111.1650619506836,112.63719455468527,110.55167096579017,111.02350907729615,3021500
2024-11-11,112.98636627197266,113.16565987272313,111.13675439308267,111.15563195085352,1321000
2024-11-12,113.30721282958984,113.93947422142021,112.75987884874618,112.75987884874618,1578400
2024-11-13,111.93888092041016,114.0149658193514,111.25943285903199,113.94890876892177,1458700
2024-11-14,112.68438720703125,113.75073880356366,112.25972856440328,112.26916734304262,1625100
2024-11-15,113.3260726928711,113.56199174555807,112.25028238859272,112.41071281617523,3097600
2024-11-18,113.7129898071289,114.26975534701936,112.59945152766946,112.92973678011961,1552000
2024-11-19,114.82652282714844,114.90201865273009,113.13734152806956,113.3638218051363,2337900
2024-11-20,115.2983627319336,115.53428179078927,114.43961390185333,114.84539497107224,1575800
2024-11-21,116.99698638916016,117.1007841545053,114.98695133886412,115.49653738543162,1550600
2024-11-22,117.5820541381836,118.00671275181192,116.99697949671246,117.08190689963126,1178600
2024-11-25,118.12940979003906,118.52575214256704,117.66701037875642,117.96898653301766,1567900
2024-11-26,118.38418579101562,118.5540478084628,117.6103715336849,118.29925838213136,1148500
2024-11-27,118.97870635986328,120.34703407736109,118.78996678524658,118.88434017239423,1127700
2024-11-29,118.69560241699219,119.24293639225158,118.19545513602984,119.19574969795453,608700
2024-12-02,116.63838958740234,118.76166126872525,116.46852756490937,118.68616543657751,1095200
2024-12-03,116.05330657958984,118.37474925435718,115.98724953110909,118.25206673597984,1207400
2024-12-04,115.40216827392578,116.4496494764849,114.91145259721931,115.96837257809003,1047600
2024-12-05,115.52485656738281,116.232613826993,115.20401006553885,115.43992915207558,1094800
2024-12-06,114.72273254394531,115.74190472065078,114.32639020845288,115.60035182949517,1382000
2024-12-09,114.93978118896484,115.36443266245192,114.32639012751088,114.55287043339203,1454300
2024-12-10,115.1001968383789,115.37386382310008,112.7881856362912,114.7132861083556,1381300
2024-12-11,114.18482208251953,115.39272648648527,113.99608971927918,115.06244125097561,1448200
2024-12-12,113.97721862792969,114.83596748864119,113.82623416870922,114.63779633609512,1302900
2024-12-13,114.44906616210938,115.06245722732668,113.64694270744634,114.06216260384191,1439500
2024-12-16,115.55364990234375,117.19149433075648,114.11577383810155,114.56332519528088,2428700
2024-12-17,114.9346923828125,117.06770272914268,114.48714830489418,115.04896312939266,1857200
2024-12-18,111.91610717773438,115.03943482803032,111.87801693017322,114.55380051781232,1409800
2024-12-19,112.46841430664062,113.58252689764012,111.07815284638122,111.33525295777629,1358500
2024-12-20,114.43953704833984,114.73472740448479,111.12575794963071,111.3542994495226,3035900
2024-12-23,114.50617980957031,114.65854079172155,113.23970638908128,114.31573584685276,899000
2024-12-24,114.99183654785156,115.0394439123335,114.33479243923772,114.33479243923772,309900
2024-12-26,115.30607604980469,115.55365906243973,114.30623414969322,114.50620252971551,533400
2024-12-27,115.55364990234375,116.24878425253189,114.36335683111035,114.63950569543319,1074800
2024-12-30,114.79186248779297,115.22036507174036,113.72535731967285,115.22036507174036,735000
2024-12-31,114.98230743408203,115.62982713714614,114.28717310352427,114.84899519506638,646000
2025-01-02,115.28702545166016,116.96296013065604,114.8870887231981,116.96296013065604,693200
2025-01-03,115.77267456054688,116.45828457660437,114.98231816620434,115.44891104630958,906100
2025-01-06,113.95388793945312,115.80122498460102,113.75391958894308,115.76313473712693,893400
2025-01-07,114.6299819946289,115.62983108636733,113.98246226944941,114.02055251975084,844700
2025-01-08,115.22988891601562,115.30606214805017,113.26828107544162,113.85866902978479,814900
2025-01-10,113.3349380493164,115.02992142812982,112.70646710669948,114.40144322054078,1082800
2025-01-13,112.57315826416016,113.39208047543337,111.18289683373575,113.39208047543337,710500
2025-01-14,113.72537231445312,114.41098235114484,112.31606198736759,112.63982551134892,823200
2025-01-15,114.84900665283203,115.91551193632799,114.37288939028484,115.56318254665283,843000
2025-01-16,117.11531066894531,117.12483504745032,114.53475623197295,114.53475623197295,903600
2025-01-17,117.7533187866211,118.16277263691802,116.55350131269657,116.88678192629435,697200
2025-01-21,117.97232055664062,119.60064052708874,117.54381797782817,118.37225726552852,1209300
2025-01-22,114.48715209960938,117.5247750809173,114.17291298482748,117.42955308809707,1103700
2025-01-23,113.80154418945312,115.45843014245983,110.74487239521027,115.04896902743819,2738800
2025-01-24,113.41111755371094,114.50618858569537,113.18258332793998,113.7443981464961,1107900
2025-01-27,115.91551971435547,116.29640773797283,112.46842788682083,114.649045967405,1342700
2025-01-28,112.93500518798828,115.4679523317097,112.42079770922591,115.45842795294399,1214900
2025-01-29,111.9827651977539,113.95389013646667,111.94467494954546,113.19210696721349,1263000
2025-01-30,113.63013458251953,114.01102980183902,112.60171966984855,113.2016247364206,1106200
2025-01-31,114.15386199951172,114.96326708511869,113.14449581836526,113.33493980028912,1394000
2025-02-03,115.12515258789062,115.60126983824172,112.55411507701106,113.37303732881277,1478700
2025-02-04,114.88709259033203,115.34416107682446,113.31590422994748,114.43001683886698,848300
2025-02-05,116.82964324951172,117.35336782123673,115.40129162030738,116.02023818098493,1253600
2025-02-06,116.70584869384766,117.12483416524611,115.7726630266065,116.91534142954688,1056700
2025-02-07,116.83916473388672,117.0105672264023,115.64887166502082,116.37257188508354,1177400
2025-02-10,117.8009262084961,117.90567258210221,116.28687687814458,116.78203560930505,1095300
2025-02-11,118.92455291748047,118.97216754318204,116.38208882840921,117.33432322266557,924500
2025-02-12,118.25799560546875,118.60080057978226,116.98199769775243,117.65808326793405,1340100
2025-02-13,121.70509338378906,122.59067905538454,117.58192337572515,117.80093325001282,2582900
2025-02-14,122.87632751464844,123.9999717256074,122.20976630303448,122.52400541635492,1891700
2025-02-18,123.36196899414062,124.13327653064952,122.42878335379167,123.60002759330726,1427600
2025-02-19,124.15234375,124.29517311876302,122.80968956384389,122.85730419674688,1038200
2025-02-20,124.91410064697266,125.54257883327554,122.14310960726218,123.41910020616046,1506000
2025-02-21,125.68543243408203,126.53292052786672,123.60003662815417,124.51417357900661,1079800
2025-02-24,126.05680847167969,127.07569183686378,124.59989084084516,126.07584270022654,782800
2025-02-25,127.01856231689453,127.1137915810792,126.06632779483071,126.06632779483071,993600
2025-02-26,126.31388092041016,127.04710543948356,125.54257342044995,126.52337364014542,877400
2025-02-27,125.54258728027344,126.64718273719814,124.92364069541539,125.52355305270021,697600
2025-02-28,127.31375122070312,127.70417085741843,125.42833095721913,126.71385335910786,1161900
2025-03-03,128.78018188476562,128.78018188476562,126.5995570329897,126.95189363149657,1082200
2025-03-04,125.63782501220703,129.7705193457218,125.34263463551966,129.49437772783716,1298300
2025-03-05,125.7425537109375,126.73287108025488,124.47608023261816,124.76175345471052,1703300
2025-03-06,124.30467987060547,125.70446568757251,123.495289298514,125.70446568757251,845000
2025-03-07,125.3902359008789,126.21868982210987,124.33326952162318,124.6284599010491,2408000
2025-03-10,125.70447540283203,127.54229560610385,123.93331859120832,125.94253403595378,2422600
2025-03-11,125.72351837158203,126.48530886847603,124.84746438563474,125.97109410784587,1499200
2025-03-12,125.08551025390625,126.09487638414777,124.69509066618832,125.12359323639262,993600
2025-03-13,126.37103271484375,126.65669140884899,124.67604212739822,125.3140519571932,1214100
2025-03-14,128.79922485351562,129.04681510656084,125.99966781093991,126.17106303540713,1086300
2025-03-17,130.1719970703125,130.85356787746883,127.99286007765774,128.60724057120078,1740500
2025-03-18,129.94158935546875,130.4887648472534,129.0104169284108,129.0104169284108,1541600
2025-03-19,130.71917724609375,131.2855563083273,129.47121270450396,129.60560798449134,1809500
2025-03-20,131.45835876464844,131.5447525916019,130.30639712797472,130.97837352870215,1954900
2025-03-21,131.6215362548828,132.68710393723975,130.11437576312298,131.18955252376193,3749100
2025-03-24,130.69998168945312,132.56232685975164,130.52719402523383,131.79434750680545,1125000
2025-03-25,129.1160125732422,131.01674977214105,127.67605704268558,130.31597551537268,1585900
2025-03-26,130.28720092773438,130.69998122277624,129.21203862624134,129.2312274902053,1773800
2025-03-27,129.78799438476562,130.93036149770438,129.54800178618137,130.57517713915513,1204800
2025-03-28,131.10317993164062,131.69835696207312,130.06641002031506,130.72877736967334,1597800
2025-03-31,132.73512268066406,133.48389848497175,131.1607716757111,131.6983528020872,1190300
2025-04-01,132.39910888671875,132.83109261453194,131.33354121252086,131.95753072868217,893300
2025-04-02,132.47592163085938,133.37829619434163,131.08396741288607,132.149535194532,1055900
2025-04-03,133.90628051757812,134.77024804514878,132.16872173544192,133.7238837922499,1946800
2025-04-04,126.52410888671875,134.70306126398717,125.4105396435065,134.1078696213121,1732000
2025-04-07,122.82820892333984,126.01531766091267,121.04266340544338,124.31616596291786,2373000
2025-04-08,122.29063415527344,125.95772827878955,120.68748527312451,125.14174754299542,1528100
2025-04-09,125.28572845458984,126.10170913309814,118.7387381095161,121.11946053972605,1870200
2025-04-10,123.59619140625,125.6601219472376,121.63785087324463,124.63296121619281,1848800
2025-04-11,124.62337493896484,124.69056525571635,121.67625852973548,123.15460662612644,2031600
2025-04-14,127.85845947265625,128.59764077950794,124.73855568356413,125.13214706170464,1398600
2025-04-15,127.59927368164062,128.89523968109413,127.25368372498549,127.85846981112873,1459900
2025-04-16,126.73528289794922,128.8760125619751,126.21689073393487,128.7416173061166,781200
2025-04-17,128.2040557861328,129.87439498476755,127.37848061798482,127.39768412831008,1389400
2025-04-21,126.50489807128906,127.94485367050513,124.97854865163664,127.51286992033747,2357600
2025-04-22,130.36398315429688,130.95916011450632,127.47446287769827,127.76245692708491,2345100
2025-04-23,130.70957946777344,131.28555294669124,128.67443216123496,130.08558988896266,2383800
2025-04-24,131.4967498779297,132.2359312356378,129.50961863711316,130.2583944261729,1833000
2025-04-25,129.36561584472656,131.31435473573669,128.94324114033927,131.18956853470755,1294700
2025-04-28,130.25839233398438,130.67117259527768,127.73366537030392,129.44241159460876,1118300
2025-04-29,131.28553771972656,132.23591362449474,129.35600261996856,129.69199809635722,1781000
2025-04-30,131.5159454345703,131.97672712735758,128.61683071114592,131.71754566465683,2719100
2025-05-01,130.40235900878906,132.8598805760526,129.7879786169732,132.47589832416165,1626600
2025-05-02,130.9015655517578,131.20874846567241,129.6536010905121,130.65197851870306,709900
2025-05-05,131.2183380126953,131.48712851535603,129.65358179164747,131.0551448252216,1407400
2025-05-06,132.1495361328125,132.8407160311112,130.5847796063881,131.26636507342786,1206100
2025-05-07,133.06149291992188,133.9446638982381,131.92872027191748,131.92872027191748,1197600
2025-05-08,130.27760314941406,132.81192468639892,130.01840701268057,132.45672564036045,1404400
2025-05-09,130.67115783691406,131.03595125303224,129.53839986810377,130.60396753014672,913000
2025-05-12,127.77206420898438,129.71119384174784,126.51449069928032,129.59600208280742,1376600
2025-05-13,127.52247619628906,128.56884051339685,126.60091273006121,127.66648055837835,1837800
2025-05-14,127.37847900390625,127.78166482770864,124.4505662558321,127.46487282729541,2181300
2025-05-15,130.84396362304688,131.13195766202057,127.82004818580106,128.37683275502079,2464400
2025-05-16,132.5431365966797,132.6775318834276,130.4503932481906,130.53678707938832,1722400
2025-05-19,133.02310180664062,133.16709150360103,131.0359561006743,132.11111823260654,1101900
2025-05-20,132.8502960205078,133.6758711066189,132.40870321482674,132.76390220460883,762900
2025-05-21,130.66159057617188,132.715926942564,129.82642089506487,132.52393576446892,1459500
2025-05-22,129.23123168945312,130.0184145771877,128.0504720058395,129.82642339539504,2046300
2025-05-23,130.86318969726562,131.21837410605465,128.66484898041307,130.3640009201656,1069000
2025-05-27,131.63113403320312,132.11111922398695,130.74796303991914,131.98633303501333,746400
2025-05-28,129.57681274414062,131.25676110300682,128.9624322159605,131.25676110300682,1055000
2025-05-29,130.80555725097656,130.81516632938045,129.1928140615432,129.3272093273293,1022900
2025-05-30,131.17996215820312,131.53516120164778,130.31599457271705,130.50798574193757,1520100
2025-06-02,130.53677368164062,131.22795355625797,129.79760700438592,130.45997429024024,1073300
2025-06-03,130.13357543945312,131.1415472143753,128.71282345414474,130.99755752423704,1097500
2025-06-04,127.97367095947266,130.09521230819524,127.94487301497314,130.09521230819524,1159000
2025-06-05,127.3880615234375,127.92564257157376,126.81208810671362,127.92564257157376,1479900
2025-06-06,128.49205017089844,128.92403394238642,127.10969038374765,127.9256564747835,1419900
2025-06-09,128.54002380371094,129.2887995036949,127.66646191905305,128.1560415235087,1077400
2025-06-10,129.48081970214844,129.76879912035784,127.90646874132814,128.7992342337506,1250700
2025-06-11,129.5672149658203,129.83600552445714,129.02002476917525,129.71120467652332,1290400
2025-06-12,130.58477783203125,130.58477783203125,129.48081768479747,129.69201235351832,1038000
2025-06-13,129.80718994140625,130.80555264523795,129.47119446477888,130.5847635695032,1182800
2025-06-16,128.86846923828125,130.7652932964793,127.97812114220547,130.19431159905395,1532600
2025-06-17,127.7168197631836,128.98459820171922,126.97163149332589,128.64587223350497,2067100
2025-06-18,127.55229949951172,128.43297519729182,126.86517516782041,128.0264981313759,1566000
2025-06-20,128.05552673339844,129.00393862986243,127.59098580013311,127.74583277788822,1615400
2025-06-23,129.7200927734375,130.08785068989434,128.9652321416739,128.9942641069708,835000
2025-06-24,128.92654418945312,129.84592433061138,128.50072228819485,128.8684802514677,1346300
2025-06-25,126.65226745605469,128.44265086371038,126.13934967771458,128.09425248908096,1156300
2025-06-26,127.32003021240234,127.63939661465024,126.39097773952008,126.85550397596121,1196300
2025-06-27,127.37810516357422,128.46201949838647,127.0006747950034,127.35876036202377,1870400
2025-06-30,128.19102478027344,128.30715263971197,126.72000790362426,126.97162318808168,2277800
2025-07-01,128.16197204589844,129.53622056432621,127.38776666320591,128.60715343126563,2222700
2025-07-02,126.46836853027344,128.04584075080777,125.66513120566712,127.74583395802361,2022600
2025-07-03,127.68778991699219,128.31683556323947,125.92643848026293,126.53613932636506,1384000
2025-07-07,126.90390014648438,128.01683162802397,126.17807141495248,127.62004171070092,1292700
2025-07-08,126.0619125366211,126.46837480187435,124.93930879940702,126.10063166684795,1548700
2025-07-09,127.18453979492188,127.28132286012911,125.21996466079945,126.29419170970078,2170100
2025-07-10,129.35235595703125,129.6136436574959,126.42968158219982,126.42968158219982,1487000
2025-07-11,129.5652618408203,130.23302658335868,128.1232768929183,128.22973235574358,1156400
2025-07-14,129.82655334472656,131.47177686708568,129.15880334959536,129.69106591233466,1073200
2025-07-15,129.05233764648438,129.681383225471,128.44263686557449,129.09104200965928,1419800
2025-07-16,129.9039764404297,130.12657453847075,128.27812725678103,128.6652299861195,1267800
2025-07-17,130.3878631591797,130.8233574245258,129.46848309522173,129.46848309522173,895900
2025-07-18,132.83633422851562,132.9621492711773,130.6975671054097,130.75563104293855,1690900
2025-07-21,133.44602966308594,134.278313856771,132.41052169633983,132.66213700437552,1318800
2025-07-22,135.0525360107422,135.27511935432167,133.59119137592333,133.7750703511938,918500
2025-07-23,133.71697998046875,135.69124201547118,133.30084534356382,135.1202456348749,1062300
2025-07-24,134.53961181640625,134.85897821609205,133.4653847509259,133.82345551707843,1082800
2025-07-25,134.93638610839844,135.265439672918,134.23960414717885,134.69444321017608,1244300
2025-07-28,132.92343139648438,134.72348711210736,132.681488503347,134.6847679796729,1628900
2025-07-29,132.6814727783203,133.98795538620823,130.26204413369027,132.48790667313347,2818100
2025-07-30,131.01693725585938,134.31702752449067,130.60078774669157,133.0686085310356,2005300
2025-07-31,133.9492645263672,133.9492645263672,130.36851272480848,130.36851272480848,1757700
2025-08-01,134.04603576660156,135.09123084143354,133.1460152884815,134.52024915529142,1412000
2025-08-04,136.2622528076172,136.57193206025175,134.43316495920394,134.43316495920394,1401700
2025-08-05,135.0622100830078,136.9783938290276,134.48155594904426,136.42677166341105,870700
2025-08-06,134.63638305664062,136.06869568657896,134.61703825649607,135.29447543713016,860300
2025-08-07,135.69126892089844,136.44612962307025,134.6847781399871,134.75252924334723,1093600
2025-08-08,135.7396240234375,136.4364206783803,135.120250859824,136.14608627765062,1348600
2025-08-11,135.4105987548828,136.24288291083784,134.7718659630289,136.24288291083784,1195900
2025-08-12,135.38156127929688,135.7009276622273,133.86216762756092,135.64286373206212,1308900
2025-08-13,136.9300079345703,136.93968033436687,135.1589841483093,135.67190191095605,967800
2025-08-14,135.42027282714844,136.90097696001462,135.16865752741165,136.4654679266302,1243400
2025-08-15,134.4428253173828,135.63318021889637,134.08475456037178,135.63318021889637,1296500
2025-08-18,132.9718017578125,134.60733799938026,132.9718017578125,134.5492740705471,980800
2025-08-19,135.2267303466797,135.34287298782476,132.9718205996725,133.11699520934792,726600
2025-08-20,135.96221923828125,137.47194036988893,135.42025481037786,135.7976998603005,965200
2025-08-21,135.68157958984375,136.37837634489418,135.52673258493851,135.6525476223019,1069200
2025-08-22,135.42994689941406,136.94934048483773,133.72665959812332,136.36868644150601,1257200
2025-08-25,133.9589385986328,134.8589738352414,133.67829134155318,134.52024787981426,988000
2025-08-26,133.64927673339844,134.30735439658153,133.19442285624726,134.0170199352261,1015600
2025-08-27,133.9492645263672,134.20087981464206,133.37828285276916,133.62022574161801,700500
2025-08-28,132.10081481933594,133.91054286833702,132.01371892507873,133.78474261008387,889300
2025-08-29,132.24598693847656,132.8266558215549,132.03307599914936,132.21695497102496,951600
2025-09-02,131.2781982421875,132.03305883182628,130.77496769377575,131.60725177555972,900300
2025-09-03,131.12338256835938,131.51048531090356,130.41689865103282,130.80401616060004,868900
2025-09-04,132.01373291015625,132.43955479433055,131.05563367076408,132.10082881364008,1089800
2025-09-05,132.19760131835938,132.7782553955321,131.47177264662685,132.58470403647453,976000
2025-09-08,130.39755249023438,131.98469734534189,129.7975240484217,131.7427544420205,1035500
2025-09-09,130.755615234375,131.49111629919005,130.03945896838152,130.03945896838152,634400
2025-09-10,131.26852416992188,131.74273751563285,130.2717207176694,130.74593406338042,933000
2025-09-11,132.35244750976562,132.55568605678397,130.98790068587334,131.32661190820565,869700
2025-09-12,132.42987060546875,132.86536489970578,131.5975863859613,132.07179981618864,940300
2025-09-15,133.11273193359375,133.3761324989646,132.43960542519758,132.51765058847758,943200
2025-09-16,130.70314025878906,133.0639506050209,130.70314025878906,132.44936913901034,998400
2025-09-17,131.80551147460938,132.82006884556384,131.20068005455533,131.473830688489,1130500
2025-09-18,131.80551147460938,132.82983379465705,130.72265900237494,130.72265900237494,2156300
2025-09-19,132.351806640625,133.09321334346456,131.40552952898383,132.56642711247716,1712400
2025-09-22,132.81031799316406,133.25907396658548,132.21523664014492,132.66399261356634,898900
2025-09-23,134.59556579589844,134.62483087263197,132.44937581707663,132.4883909575235,924300
2025-09-24,135.36622619628906,135.52231651608412,134.4199491002208,134.62481950565086,710200
2025-09-25,134.29315185546875,136.41982684939862,133.746850568426,135.93205571659703,963000
2025-09-26,135.9027862548828,136.03936157223723,134.86871386840048,134.89797894457692,964100
2025-09-29,137.4246368408203,137.86364277727796,135.47355227200921,136.00035344152082,961300
2025-09-30,137.97093200683594,138.33189275822843,137.06368486774278,137.54170592467162,805900
2025-10-01,136.7320098876953,138.4879889733135,136.67347973244034,137.82461248070487,902600
2025-10-02,135.87353515625,136.24424600674467,135.24918865760327,136.23448105661922,906500
2025-10-03,136.58566284179688,137.49292486004668,135.1028493635456,135.1028493635456,1722100
2025-10-06,138.29287719726562,138.9269886516294,136.85882876207947,136.85882876207947,930200
2025-10-07,138.92697143554688,140.27320957997483,138.08800452903415,138.87819134731845,1058300
2025-10-08,138.11727905273438,139.46353217484545,137.72705320580667,139.43425221143113,1182100
2025-10-09,136.6442108154297,138.94647624727045,136.45885540526777,138.9367261835332,901300
2025-10-10,137.014892578125,139.01475697132207,136.8295371871352,137.34657333800573,1016900
2025-10-13,136.6442108154297,137.58072304438295,136.1954548284275,136.48812048207296,726900
2025-10-14,138.185546875,138.98549862523785,136.73199852168355,136.73199852168355,1071400
2025-10-15,138.9757537841797,139.6196003482507,137.97093158422857,138.47821771598765,832900
2025-10-16,138.0392303466797,140.0878750551788,137.85387493483722,139.20012802245628,784000
2025-10-17,138.47821044921875,138.73186094458438,137.4441381128303,138.46846038616331,699600
2025-10-20,139.81471252441406,140.21467350556932,138.86843541800744,139.3171764853306,931200
2025-10-21,138.7904052734375,140.15615852035026,138.40994437711223,140.15615852035026,838700
2025-10-22,139.20013427734375,139.7561856522634,137.99045645689546,138.8879535937722,797500
2025-10-23,138.0782470703125,139.9122713109213,137.86364146453317,139.9122713109213,647500
2025-10-24,138.37091064453125,138.94647700563286,137.8148592966041,138.4392057478451,666600
2025-10-27,138.16604614257812,138.9074528535818,136.91735332110215,138.9074528535818,934100
2025-10-28,136.2247314453125,138.51726189321792,136.05889103416962,138.25386129406405,939300
2025-10-29,135.46380615234375,136.57592379352437,134.87847481041945,135.78573690184265,1176300
2025-10-30,134.683349609375,138.0099519816386,134.45897907823937,136.41006341825198,1975600
2025-10-31,132.2249755859375,133.2492978137743,131.5323489999545,133.2492978137743,2402100
2025-11-03,130.59584045410156,131.84453338350795,129.16179210952495,131.59089774914517,1639100
2025-11-04,130.17636108398438,131.7274696992165,129.57152964836786,131.47383407135007,2353900
2025-11-05,130.72265625,131.6396683098665,129.99099959188433,130.7421712621824,2942700
2025-11-06,130.81045532226562,131.86404272719884,130.5568196988087,130.88850048769697,2006100
2025-11-07,133.40541076660156,133.4151608308784,131.1226453358985,131.22019063544985,1704600
2025-11-10,135.72720336914062,136.3515498383879,133.72733870049743,133.8931791032794,2210100
2025-11-11,136.3612823486328,136.41981249671608,134.92723417822444,135.63937578922432,1691200
2025-11-12,136.84906005859375,137.1514757620666,135.70767745890933,136.43933411657315,1387700
2025-11-13,134.35166931152344,136.57590427602852,134.26387408845957,136.43932896717618,2018700
2025-11-14,133.74685668945312,135.40527563975851,133.2298204558684,134.57605872180864,1664300
2025-11-17,134.234619140625,134.89798072349618,133.67855291475354,134.27363428084368,1338400
2025-11-18,133.7273406982422,135.05407882591194,133.6492955277211,134.37120219084537,1493700
2025-11-19,131.7469940185547,133.57125340360935,131.31775301369606,133.57125340360935,1318600
2025-11-20,132.39083862304688,133.74684168676401,132.07865797369973,132.63472417325207,966100
2025-11-21,132.44937133789062,133.82487455463001,132.32254608593868,133.29808830564792,1245300
2025-11-24,132.74205017089844,133.06396603606802,131.31775183893595,132.60545995639757,1232600
2025-11-25,132.74205017089844,133.77612264484645,131.82503801155752,133.4151618654838,1406300
2025-11-26,133.43467712402344,133.8541680614575,132.58596007037946,132.99568605784876,1048600
2025-11-28,133.6785430908203,133.8638984858225,133.01518155669908,133.3273473122878,539300
2025-12-01,130.01051330566406,133.42491100943795,129.89343811933168,132.61520919627188,1374600
2025-12-02,128.33258056640625,130.6250958261173,128.11796008958663,130.6250958261173,951500
2025-12-03,129.92271423339844,129.9519941966638,128.1569850811165,129.14229231470142,1575500
2025-12-04,128.92767333984375,130.79096269670492,126.51808267922297,129.70811015332637,2210300
2025-12-05,128.02040100097656,129.2203286458137,127.9326057739669,128.70327757592884,1580000
2025-12-08,126.82048797607422,128.47890676479662,126.57660242227408,128.42037661357944,1572500
2025-12-09,127.06437683105469,128.26428961895957,126.93755157639391,127.63994318043416,1084700
2025-12-10,126.81073760986328,127.33752385515255,126.36198164228195,126.90828289979463,1935600
2025-12-11,127.5521469116211,128.53743920772715,127.25948126472436,128.19600835767525,1853000
2025-12-12,126.62539672851562,128.87889711697247,126.51808647737032,127.96188495002069,1780100
2025-12-15,126.79764556884766,127.62451894785332,126.10858441967628,127.62451894785332,2868700
2025-12-16,126.64999389648438,127.6343712499088,126.47279816225665,127.24061129629519,1717600
2025-12-17,126.87639617919922,126.98467828863369,125.36045415731982,126.9453098035695,2174000
2025-12-18,127.87061309814453,128.83531372595638,126.98467948201402,127.53592840053136,3205400
2025-12-19,125.64592742919922,127.85093815452773,125.52779944063411,127.40795631985775,2828100
2025-12-22,126.30545806884766,126.37437169461236,124.25795884493672,124.79936189286089,1957700
2025-12-23,126.5121841430664,127.05359470212397,125.88217571516155,126.30545828582382,1368400
2025-12-24,126.7779541015625,127.1323305534215,125.94124235439995,126.38420916412207,887800
2025-12-26,127.03390502929688,127.2012473829448,126.46296434134146,126.81734080212735,735300
2025-12-29,127.61468505859375,128.13640387701275,127.10280460679142,127.39812082976995,1015500
2025-12-30,127.75248718261719,128.2545142076641,127.48670110093077,127.87060765429744,760200
2025-12-31,126.9649887084961,127.95921946315465,126.92562022275824,127.71312512117487,971100
2026-01-02,128.32342529296875,128.89436592881302,126.04951613564089,127.31935624231814,1084600
2026-01-05,126.78780364990234,128.00842193125874,124.64186076092365,127.86077133929017,1276700
2026-01-06,128.00843811035156,128.0970434971377,126.77796628707284,127.14219616064078,1292500
2026-01-07,126.25624084472656,128.5892255137525,125.714837776869,128.5892255137525,1088300
2026-01-08,127.60484313964844,128.64828074743872,125.95108134925114,125.95108134925114,1344300
2026-01-09,127.86077117919922,129.50467952281736,127.57530836161538,128.40218171641624,1174300
2026-01-12,128.2742156982422,128.69750578790877,127.37842866557709,127.37842866557709,1048000
2026-01-13,130.1346893310547,130.25282483298156,127.73280607077191,128.25452489136038,1381100
2026-01-14,131.8573455810547,132.16250016219718,130.36108777437474,130.36108777437474,2428900
2026-01-15,132.5070343017578,133.06812157479223,131.48328847741823,132.42828231213073,1279100
2026-01-16,133.39295959472656,133.91467835066996,131.2568627029497,131.79827321017547,2221900
2026-01-20,133.4914093017578,133.70797351433498,131.7392188693834,132.87124678206817,2199300
2026-01-21,134.92860412597656,135.35187915645295,134.13124589344145,134.46594559195478,2782600
2026-01-22,133.07798767089844,135.48970937948576,132.97954391936116,135.09596441415187,1792700
2026-01-23,132.23141479492188,132.92047595442818,131.0304731938937,132.92047595442818,1709400
2026-01-26,133.41265869140625,134.8104727013099,132.88110154075798,133.4224970573865,1332700
2026-01-27,134.54469299316406,135.04673506966827,132.87125445243248,133.33391302233684,1018700
2026-01-28,134.4265594482422,135.83422677443332,133.7867202220496,134.7021838860241,991100
2026-01-29,132.33970642089844,136.30674633196338,131.9262696954732,134.96799240279256,2344200
2026-01-30,132.28062438964844,132.33968462349466,130.43982865247742,131.90655621474855,3240700
2026-02-02,130.853271484375,132.18218689024397,130.14453362437177,132.18218689024397,1630000
2026-02-03,133.55047607421875,134.58407531748708,131.10922440071,131.10922440071,1598700
2026-02-04,133.5800018310547,135.39125252900652,133.3240691303896,134.4364203294303,1459300
2026-02-05,134.0131378173828,135.67673801649602,133.13704253754537,134.19033355891318,2522400
2026-02-06,132.71377563476562,135.56846424485207,131.99516927823666,135.10580563957208,1603600
2026-02-09,132.93031311035156,133.36344155535616,131.93609737643223,132.42828606022712,1024400
2026-02-10,135.6865692138672,136.84814228801687,133.2453176114662,133.86548014344467,1285700
2026-02-11,137.52735900878906,137.7242314644457,134.94828027234865,135.7259467497399,2332400
2026-02-12,138.7086181640625,140.30330468948787,137.03517964695595,137.81283115664672,1700500
2026-02-13,142.6756591796875,143.14815611411908,138.84643179057497,138.8759619102015,2008300
2026-02-17,142.42955017089844,152.2142626772131,141.56329336329395,147.70581296007953,2264900
2026-02-18,140.3918914794922,142.60674049536337,139.87017269071947,142.38033791278806,1115800
2026-02-19,142.76425170898438,144.2112876743114,140.18518775301158,140.94314752882516,1579800
2026-02-20,142.73471069335938,143.83720847977133,141.6814197563791,143.79783999614483,1307600
2026-02-23,143.57144165039062,144.2211192820116,142.59690267234978,143.31549392785527,1549900
2026-02-24,143.8076934814453,144.01441934833497,141.55347580178244,143.38441840123383,1066100
2026-02-25,143.73878479003906,144.28019533638425,141.89798893246538,143.91596550316675,1406100
2026-02-26,144.2998809814453,145.10707766774536,143.7486320349025,143.92582777938114,1060900
2026-02-27,145.92410278320312,146.08159174262784,143.71909212678833,144.4770668868694,1666500
2026-03-02,145.3433074951172,146.2587862272187,144.53612589108096,145.5008114736044,1277900
2026-03-03,145.796142578125,147.09551298242118,141.80941096012072,143.17769499470012,1950300
2026-03-04,147.764892578125,147.81411445236077,144.58535777186972,145.0283245991772,2161100
2026-03-05,146.31785583496094,147.39082359386165,145.8355055026041,146.16035184638642,1986800
2026-03-06,147.78457641601562,147.9617571292853,144.41800768023458,145.58940411002115,1866500
2026-03-09,146.6328582763672,148.38504877698998,144.88065275533788,148.0897325646634,989700
2026-03-10,145.4515838623047,147.17424413045498,145.303933276054,146.09143811700383,890900
2026-03-11,144.23097229003906,145.48112069911872,143.8175356090356,145.2744098688201,1198800
2026-03-12,145.33348083496094,147.17426179302626,143.26628225693122,144.56566765350016,1119200
2026-03-13,147.2333221435547,147.71565741461308,146.30800506463467,146.92815255891054,1114500
2026-03-16,148.08157348632812,148.54786400531262,147.17876952292713,147.82363165940205,1042000
2026-03-17,148.1609344482422,149.50028204910294,148.1311725138514,148.37919872598718,1015700
2026-03-18,145.84933471679688,147.81371330246154,145.82950351854763,147.80378256501763,1210800
2026-03-19,145.9783172607422,147.27797228325437,144.3909433340942,146.15690401819194,1050200
2026-03-20,140.45230102539062,146.25610573409287,140.30347620415023,146.24619013467142,2498600
2026-03-23,141.16659545898438,142.44641922026196,140.90865364227307,141.99997505589587,1448500
2026-03-24,142.1884765625,143.6270255895345,140.7003192645363,140.7003192645363,781600
2026-03-25,142.31744384765625,144.10323568239974,142.23807363963218,143.48813549311228,1020900
2026-03-26,143.25003051757812,143.81553759517863,141.33527526532353,141.33527526532353,996100
2026-03-27,143.3293914794922,144.638962033221,142.70436056844042,143.3095451434045,1014000
2026-03-30,144.90684509277344,146.01799778114622,144.17269712580716,145.42274390022652,943900
2026-03-31,145.06558227539062,145.59139667069962,143.23018212234012,145.56163473423456,978600
2026-04-01,145.95846557617188,146.1668142625101,144.06355675432985,144.06355675432985,692100
2026-04-02,146.87120056152344,147.59544802739492,145.95846588362977,146.44460272723018,879200
2026-04-06,146.50411987304688,147.3771769763112,145.97830551903135,146.0874376569394,1427500
2026-04-07,147.09939575195312,148.28000298895392,146.19657667209142,146.62317450686962,708900
2026-04-08,147.60536193847656,147.813710622871,145.6211521905327,146.07752709342017,740500
2026-04-09,149.78799438476562,150.20467662845255,147.45655693997077,147.5259964114255,983000
2026-04-10,148.4982452392578,149.84750842768528,148.4684833051124,149.29193213921255,538500
2026-04-13,146.3453826904297,148.32959241370574,145.35327782879168,148.32959241370574,1357700
2026-04-14,146.57357788085938,147.17876245270423,144.6091993529125,146.0874410482893,916300
2026-04-15,145.5913848876953,146.16680750998253,144.71832778652595,145.5020990855262,957100
2026-04-16,145.80966186523438,146.13705830669412,144.63897018319776,145.22432359337594,1370500
2026-04-17,145.81956481933594,146.186653903374,143.92465608428307,145.1747027301012,975900
2026-04-20,144.7183380126953,147.0100979268881,144.638967803497,146.08744762930692,725200
2026-04-21,142.33729553222656,145.80966278756958,142.32737993272073,145.25408644884587,720700
2026-04-22,142.43650817871094,144.1429146844806,141.98013326250688,143.3591584720338,927500
2026-04-23,146.2362518310547,146.49420878586415,143.56750244605965,143.7163121212813,1384700
2026-04-24,145.72036743164062,146.98032971074093,145.22431499908555,146.16681159327644,1274700
2026-04-27,145.34336853027344,148.06174141879166,145.333452931022,146.37515097024212,1996100
2026-04-28,147.40695190429688,147.60536986207873,145.22432409205683,146.56365666082422,1224400
2026-04-29,145.8691864013672,147.89308893262051,145.76005425371804,146.92081520326636,1132900
2026-04-30,150.4923858642578,150.62136433794473,145.34335931354462,145.34335931354462,1625300
2026-05-01,147.6152801513672,152.50636513858512,147.58551821568653,150.44278514758372,1621500
2026-05-04,145.57154846191406,147.2779701094623,144.49015774873507,146.55373776759154,2137600
2026-05-05,142.36705017089844,145.85926358455157,141.87099773127858,145.83941724823742,4657200
2026-05-06,141.3154296875,143.81553836816113,141.25590581339472,142.48610624709025,2512000
2026-05-07,140.87889099121094,141.16659474152985,139.54947410378617,141.16659474152985,2118000
2026-05-08,139.48995971679688,141.97022205074902,139.26176468248295,141.6328948682084,1782100
2026-05-11,141.3054962158203,142.14879145151664,139.82726957640486,140.46221611844365,1598200
2026-05-12,141.45431518554688,142.09917730029792,140.22409968821734,140.80943793247678,1221700
2026-05-13,140.87889099121094,141.06739333790765,139.55938970265274,140.55149456878803,1463200
2026-05-14,142.66468811035156,142.7440583192073,140.97811280254558,141.29557849964908,1063500
2026-05-15,138.67642211914062,142.535709585968,138.64666018311857,142.42657744111398,1425600
2026-05-18,140.23403930664062,141.4741704814842,139.390744052419,139.97608233374837,2140300
2026-05-19,142.01980590820312,142.70436068978114,139.52962813740092,139.83717822458667,1553700
2026-05-20,141.642822265625,143.04167868386085,141.36503410183917,142.5257950301555,1354500
2026-05-21,142.61508178710938,142.72421393348796,141.05746980137152,141.54360666038875,1404700
2026-05-22,144.15284729003906,144.3413496461678,142.43651002447461,143.0813721644017,1070400
2026-05-26,143.47821044921875,144.84732009990486,143.02185065786998,144.84732009990486,1589800
2026-05-27,144.12307739257812,144.3115797382944,142.44641775539924,142.85318438159553,1086500
2026-05-28,142.2480010986328,145.3929717197968,141.771779861464,144.35125857867865,1240100
2026-05-29,141.7420196533203,142.6349231301511,141.17652774248134,142.3769661722955,1309200
2026-06-01,138.7260284423828,141.0277039128856,138.67642017027006,140.61102167611318,1666700
2026-06-02,141.5237579345703,142.18848153931438,139.20223610168662,139.20223610168662,1789400
2026-06-03,140.69039916992188,143.48814236812277,140.41261099768747,141.87100647107815,2540100
2026-06-04,141.60311889648438,142.62498566572626,138.8946769349814,141.04754261087538,1359800
2026-06-05,144.619140625,145.4921826738108,142.40673572018648,142.40673572018648,1325100
2026-06-08,141.98013305664062,145.482262147807,141.8908472487039,144.09332134105978,2021500
2026-06-09,144.79769897460938,145.02587885003246,142.0495643176116,142.53570114103505,1982000
2026-06-10,144.91676330566406,146.48427565343118,144.84730869948368,145.83941355358974,1246100
2026-06-11,144.6389617919922,147.07954642386574,144.62904619312434,146.1271190913905,1097200
2026-06-12,146.256103515625,147.00018219558137,145.2342366728838,145.43265462654162,1211600
2026-06-15,146.87120056152344,147.6252099628889,144.46039295659543,145.87909567620608,954100
2026-06-16,147.67481994628906,148.81573452229895,146.80176279282938,147.23829136955922,1027300
2026-06-17,146.02792358398438,148.091503605737,145.00605674153604,146.67278571776728,1351700
2026-06-18,146.39498901367188,147.74425221308297,145.33344469776677,146.752147364643,2920500
2026-06-22,146.8300018310547,148.11000061035156,145.97999572753906,146.0,1643900
2026-06-23,149.19000244140625,149.52000427246094,146.67999267578125,147.75,1171100
2026-06-24,151.10000610351562,151.36000061035156,149.1999969482422,150.0,1335200
2026-06-25,152.80999755859375,153.57000732421875,151.3699951171875,151.5,918700
2026-06-26,154.42999267578125,154.89999389648438,153.16000366210938,153.6999969482422,1874700
2026-06-29,154.02000427246094,155.05999755859375,153.39999389648438,153.9199981689453,1231400
2026-06-30,152.3699951171875,153.67999267578125,151.74000549316406,153.38999938964844,999700
2026-07-01,150.57000732421875,152.88999938964844,150.57000732421875,152.55999755859375,1626000
2026-07-02,154.05999755859375,154.2899932861328,151.27999877929688,151.58999633789062,1492800
2026-07-06,151.36000061035156,154.41000366210938,151.11000061035156,153.86000061035156,859800
2026-07-07,153.83999633789062,155.75,152.1699981689453,152.35000610351562,1178700
2026-07-08,151.38999938964844,153.7100067138672,151.22999572753906,153.32000732421875,1322000
2026-07-09,149.27000427246094,151.6699981689453,148.52999877929688,150.86000061035156,1738200
2026-07-10,150.27000427246094,150.8800048828125,149.1300048828125,149.1300048828125,1222000
2026-07-13,150.63999938964844,151.88999938964844,149.8000030517578,150.42999267578125,985300
2026-07-14,149.07000732421875,151.69000244140625,148.75,151.16000366210938,1072500
2026-07-15,146.9499969482422,149.60000610351562,146.72000122070312,148.57000732421875,1102100
2026-07-16,148.91000366210938,148.9600067138672,146.92999267578125,146.92999267578125,1000900
2026-07-17,148.19000244140625,151.9199981689453,147.49000549316406,150.61000061035156,1162600
2026-07-20,145.9499969482422,149.3699951171875,145.60000610351562,148.38999938964844,981600
2026-07-21,145.02999877929688,146.02999877929688,143.8699951171875,145.44000244140625,1083300
2026-07-22,148.5500030517578,148.60000610351562,145.85000610351562,146.33999633789062,1663100
2026-07-23,148.1300048828125,149.1699981689453,146.9199981689453,147.24000549316406,1601900
