Date,Close,High,Low,Open,Volume
2018-06-01,56.6934700012207,57.541543400898746,56.453307267847116,57.541543400898746,1590300
2018-06-04,56.250675201416016,57.083741063304934,56.17562540932187,56.89611372010351,1405400
2018-06-05,55.545188903808594,56.24316270654546,55.36506256857068,56.138091873955474,1970800
2018-06-06,54.329376220703125,55.627760031096756,54.19428429665022,55.51518247339726,2162400
2018-06-07,54.629581451416016,55.124914691879205,54.04418501908111,54.30686217129133,2286100
2018-06-08,54.59956741333008,54.89977236560033,54.35940459670053,54.8022024637009,1509600
2018-06-11,53.57888412475586,54.73466968730654,53.47381323051801,54.64460646684511,2385900
2018-06-12,54.39692306518555,54.471972858941946,53.376229837488246,53.511321756622664,2015900
2018-06-13,54.35939407348633,54.7496564277351,54.096716938325415,54.50949365759767,2382300
2018-06-14,54.97481155395508,55.08738910505404,54.29935197329344,54.4119295243924,2323700
2018-06-15,55.335079193115234,55.372601240176216,54.50951399469424,54.98983971417505,3218700
2018-06-18,55.462642669677734,55.72531979964116,55.09489468772894,55.3500651208557,1769700
2018-06-19,56.18313217163086,56.25818196381226,55.500165893136206,55.500165893136206,2047100
2018-06-20,56.31072235107422,56.33323671811861,55.80037570298171,56.16812372521624,2559800
2018-06-21,56.625946044921875,56.86610888370818,56.085583952103,56.20566250852928,1968700
2018-06-22,56.85859298706055,57.02370596900215,56.44581053220653,56.633437879697944,2427500
2018-06-25,58.10443878173828,58.21701634159018,57.01620239701255,57.03871676379642,1800700
2018-06-26,58.14949035644531,58.449689636498306,57.81175757748434,57.93934284410029,1763000
2018-06-27,58.46467590332031,58.6072687773896,57.886780532950574,58.02937913295145,1423900
2018-06-28,58.49470520019531,59.222700243453296,58.39713531237782,58.71235361603045,1363800
2018-06-29,58.524723052978516,58.95251316382497,57.98435539171308,58.434659867456915,1961800
2018-07-02,58.79490661621094,58.862455443106406,58.20200919909494,58.532229458134374,1543900
2018-07-03,58.88497543334961,59.26773688648898,58.50972067856716,58.80241892922282,1008800
2018-07-05,59.282745361328125,59.282745361328125,58.69734885207701,58.99004710670257,1734000
2018-07-06,59.665496826171875,59.71803225471738,59.22269903213582,59.29024212915193,1322700
2018-07-09,57.68415451049805,59.66549892229592,57.42897833007504,59.66549892229592,2460900
2018-07-10,58.43467712402344,58.65983229135282,56.98619338656994,57.33893380995022,2177200
2018-07-11,59.31276321411133,59.40282641293461,58.46468956410725,58.55474703699761,2018100
2018-07-12,59.455352783203125,59.582938000968824,59.132633527369165,59.32026086853003,2095100
2018-07-13,59.635475158691406,59.78558047153692,59.12512854688107,59.56042536523475,1412700
2018-07-16,59.44032669067383,59.650474077661436,59.177649614352845,59.50036880124171,1353400
2018-07-17,59.26022720336914,59.63548193925111,59.207691769382976,59.605460873268605,1375100
2018-07-18,58.94501876831055,59.372808968433944,58.74988468858996,59.35029459883796,1559000
2018-07-19,59.12514114379883,59.492889218239604,58.84745627625379,59.027576964111844,1953200
2018-07-20,58.5772590637207,59.1551487635992,58.13445555457328,58.877458233254806,1438600
2018-07-23,58.13447570800781,58.70486463453675,57.86429178101696,58.637315789821976,992200
2018-07-24,58.247039794921875,58.3896384249784,57.046225801093414,57.96934923268885,1802100
2018-07-25,58.0819206237793,58.449668617754476,57.90930667241494,58.05940625846501,1296800
2018-07-26,58.764896392822266,59.095116680606374,58.427163680811546,58.44217707739857,1836700
2018-07-27,58.952518463134766,59.275237749515,58.65982024129369,58.76489110421445,1483900
2018-07-30,58.65983963012695,58.95253794871359,58.31460013678092,58.74989712757855,1031800
2018-07-31,59.23772048950195,59.3653057419633,58.55475403350255,59.00506435549203,2439500
2018-08-01,58.37465286254883,58.90001317192203,57.97688357424094,58.854978689102005,1856100
2018-08-02,58.682342529296875,58.86996991354357,57.8567774578647,58.352116500724,1763800
2018-08-03,59.372798919677734,59.725539252802676,58.292063554517455,58.72736037947727,1775200
2018-08-06,59.23772048950195,59.7105394564706,59.057599796266324,59.320277000137786,1650700
2018-08-07,58.93000411987305,59.207694699504124,58.43467082148045,59.125138195449836,1567500
2018-08-08,58.92249298095703,58.99754277371188,58.53973159419552,58.794902034748425,1069700
2018-08-09,59.25271224975586,59.29024000848848,58.77989340975788,59.02756287515628,710800
2018-08-10,59.042579650878906,59.74806039716749,58.96752984776869,59.42534109045388,1108000
2018-08-13,59.32777404785156,59.380309480079575,58.83243506461658,58.9600202963228,1684500
2018-08-14,59.46788024902344,59.81627079084112,59.16494099592334,59.286115541524204,1532000
2018-08-15,60.42974090576172,60.82356547089284,59.58149582476032,59.65723065133974,2081700
2018-08-16,61.12649154663086,61.20222634965869,60.134352337117555,60.36155674620105,2286900
2018-08-17,61.47489547729492,61.55063030399392,60.79327048061013,61.058351041351976,1986100
2018-08-20,60.815982818603516,61.74753196169329,60.793257175190426,61.61120699219288,1611900
2018-08-21,60.30100631713867,60.79328570304573,59.998061156289324,60.71755085738298,1497500
2018-08-22,59.778411865234375,60.49033195746101,59.551201603996994,60.45246165452245,1224800
2018-08-23,59.84656524658203,60.285835290874004,59.64208065531307,59.823845378462856,1382500
2018-08-24,60.1722297668457,60.27825966948537,59.6269356010687,59.8541400589267,908500
2018-08-27,59.77082061767578,60.3388403402218,59.46030617401224,60.28582539724532,1011800
2018-08-28,59.414859771728516,59.801114795134154,59.293685237406265,59.6799402608119,1220900
2018-08-29,59.99047088623047,60.05106105883751,59.3997311488041,59.566351234375006,1391500
2018-08-30,60.126808166503906,60.41460287787457,59.89202842244359,60.06621798152122,1510300
2018-08-31,59.778411865234375,60.422166567811004,59.619366993647,60.12679669512059,1623300
2018-09-04,60.25554275512695,60.5357679562372,59.87686286193848,59.975323332213314,1495100
2018-09-05,61.111358642578125,61.141653725250826,60.247969010092795,60.308553397242,2623000
2018-09-06,61.611209869384766,61.76268527490101,60.732675630174136,61.06590996591808,1780000
2018-09-07,60.64934539794922,61.4067048386483,60.52816511390426,61.19464511976359,1765200
2018-09-10,60.99775695800781,61.194672117358046,60.58120677057396,60.88415183614435,1129400
2018-09-11,60.74024200439453,61.29311709481109,60.67208240899562,61.00532250613413,1500200
2018-09-12,60.702388763427734,61.1568034850769,60.55091333741356,60.74025328628377,1194100
2018-09-13,61.15679931640625,61.164374531739774,60.331279969136965,60.76297479200728,1337900
2018-09-14,60.808414459228516,60.869004625436,59.998039765341375,60.869004625436,1551800
2018-09-17,60.85385513305664,60.990180120027254,60.44488017214482,60.83871048036941,1208100
2018-09-18,60.64934539794922,61.03559455240609,60.30853018271824,60.83868525812399,1455500
2018-09-19,59.316402435302734,60.6796519988736,58.94529785673986,60.566046905543516,1480500
2018-09-20,59.407291412353516,59.43001127681343,58.62721191552069,59.248246582938656,1607600
2018-09-21,58.99076461791992,59.21797490870925,58.293994867522635,59.07407467266283,4717500
2018-09-24,58.02132034301758,58.89985448835843,57.95315497326964,58.89985448835843,2004800
2018-09-25,57.332115173339844,57.945580333193135,56.98373047646002,57.87741496956732,1628300
2018-09-26,56.35512924194336,57.44572311030479,56.31725895158429,57.35484365855512,2120200
2018-09-27,56.95344543457031,57.135215917464414,56.27939578387644,56.48388613258335,1726100
2018-09-28,57.70323944091797,57.74110396034487,56.93830449886221,57.127644430585185,3163300
2018-10-01,57.3851318359375,57.589622154769465,57.142777005681246,57.589622154769465,1735900
2018-10-02,58.37729263305664,58.52118706061362,57.453312786380266,57.55934269224183,1788800
2018-10-03,57.64265823364258,58.5893580393742,57.067063133862575,58.21825333342258,2454000
2018-10-04,58.01374053955078,58.13492084142934,57.08219152618736,57.57447061253323,1329100
2018-10-05,58.816551208496094,58.98316547219147,57.89257154215308,57.98345099904231,2420500
2018-10-08,59.089195251464844,59.54361564787813,58.57419047663244,58.89228590976081,2168400
2018-10-09,59.24824523925781,59.70265985273688,58.88471008155738,59.24067002521116,1897900
2018-10-10,58.89987564086914,59.9677558509272,58.86958633032045,59.13466113410166,1774700
2018-10-11,57.597198486328125,59.30125754476156,57.38513294981701,59.036177068671435,2508800
2018-10-12,56.97617721557617,57.5593416876366,56.64293707257227,57.53662181937659,2351800
2018-10-15,57.0140380859375,57.483603186631086,56.748963342883066,57.044333167743154,1855500
2018-10-16,57.635066986083984,57.998602152774176,56.52932261393635,56.99131245288648,1963100
2018-10-17,57.64265823364258,57.90015780726699,57.210963353356846,57.61993836281655,1654800
2018-10-18,57.831974029541016,58.15006364458493,57.369984255131904,57.70322429652723,1725200
2018-10-19,58.604488372802734,59.0134632823221,57.741098823215964,57.77896911746977,2101800
2018-10-22,58.18037414550781,58.80140889210505,58.089488897885225,58.55147879479007,1949100
2018-10-23,57.77896499633789,58.77110423050942,57.498739862155716,58.3166896228535,2152100
2018-10-24,59.24066925048828,59.54361424824431,57.81682949449348,58.08190997890203,1966300
2018-10-25,58.17280578613281,58.90744573428838,57.91530622148278,58.90744573428838,1728500
2018-10-26,57.80925750732422,58.884706712607624,57.271532904682516,58.51360214028771,2550200
2018-10-29,58.574188232421875,58.73323883198989,57.809259202704084,57.809259202704084,1791700
2018-10-30,58.490882873535156,59.18007708629349,57.938007838034366,58.78625264731659,2067900
2018-10-31,57.559349060058594,58.08949864801711,57.07463921444018,58.044058905677,2861400
2018-11-01,57.27911376953125,57.72595901075693,57.021614237249025,57.61235389666931,2496000
2018-11-02,56.453582763671875,57.63506183804163,55.9915929659873,57.63506183804163,3468000
2018-11-05,57.58964157104492,57.635081311352,56.658086447371545,56.658086447371545,2103100
2018-11-06,58.490882873535156,58.55904246216393,57.79410766889135,58.15764280949659,1580900
2018-11-07,59.270973205566406,59.33155759163564,58.20309322862547,58.69537820143805,1500400
2018-11-08,59.202796936035156,59.49816670975106,58.64235246516331,59.24824243997262,1398500
2018-11-09,59.83140563964844,60.02832074445831,59.11948579947075,59.22551567632339,1361800
2018-11-12,60.11165237426758,60.69481690665578,59.56635236683098,59.77841219679032,1520600
2018-11-13,60.45936584472656,60.63513876504921,59.6798334089269,60.18423743570565,1560200
2018-11-14,60.696292877197266,61.26947621524093,59.60342307943178,59.756275468010216,2987600
2018-11-15,58.49525451660156,59.2900692216394,58.350046245947105,59.190713739309174,9613500
2018-11-16,58.84681701660156,59.25950967978123,58.31184828510302,59.10665730598031,4087300
2018-11-19,59.22895050048828,59.36651474778285,58.73219039466217,58.823901836432874,3635700
2018-11-20,59.69514846801758,60.07727078271198,58.8774069478005,59.611081092326906,3540900
2018-11-21,58.9308967590332,59.57285937185094,58.83918531546363,59.48879200625961,1959000
2018-11-23,59.10664367675781,59.19071100528302,58.60988961093499,59.00729402973735,813400
2018-11-26,59.733341217041016,59.80976448592521,58.94616463844101,59.02259373804687,2148700
2018-11-27,60.41350173950195,60.48992498753531,59.25184737880263,59.69511038040421,1513400
2018-11-28,60.253021240234375,60.70392843485546,59.9320400153512,60.291235789696394,2285600
2018-11-29,60.55874252319336,60.635165819637955,59.79449789729993,60.23776117969182,2286900
2018-11-30,61.40704345703125,61.43761393624414,60.41352912086465,60.65808712384503,2937200
2018-12-03,62.07958984375,62.08722809143466,60.81094104128659,61.032572669333454,2359200
2018-12-04,62.66040802001953,63.43229663578029,62.010801329050736,62.07194229144672,3962500
2018-12-06,62.385257720947266,63.04250826023608,61.21596491963979,62.89730581368697,2443000
2018-12-07,63.01957702636719,63.30234948388696,61.796787453223345,62.47696433549463,2069500
2018-12-10,63.36349105834961,63.49341117633442,62.13305739809191,63.18006824749035,2570700
2018-12-11,63.62335205078125,63.95962148300699,63.07309510012915,63.386438131198155,1796600
2018-12-12,63.027225494384766,63.90610756565435,62.866734898352746,63.623335088424014,2938300
2018-12-13,64.1430435180664,64.44109841775996,63.08074408977953,63.11895281777538,2562800
2018-12-14,64.06660461425781,64.31116257056448,63.47813320548386,64.2729480211609,3049000
2018-12-17,61.62101364135742,64.35700953844464,61.376455707192825,64.1506661502237,3769500
2018-12-18,61.30004119873047,62.53047512057348,61.093697781046856,61.85029808684932,3047100
2018-12-19,61.21598434448242,61.85795276758102,60.80329160764538,61.47583051096037,2197600
2018-12-20,61.69746398925781,62.36235300426484,60.48995622236899,61.23891260283809,2858200
2018-12-21,61.1089973449707,63.034896996775906,60.971433084127476,61.70510719838351,3542600
2018-12-24,57.56288528442383,61.53695364639686,57.348897795340605,61.093696346462366,1279400
2018-12-26,58.15135955810547,58.189574114311505,56.43945355922734,57.70810219201777,2457300
2018-12-27,58.71689224243164,58.71689224243164,57.196041854312405,58.10549445687682,2211500
2018-12-28,58.449424743652344,59.22130752774818,58.21250497233776,58.97674950918575,1829800
2018-12-31,58.43412399291992,58.74746698423727,57.83801431557864,58.449412145566626,1670200
2019-01-02,57.42532730102539,58.36535053667905,57.15784291062716,58.327135982026846,1764100
2019-01-03,57.570526123046875,58.02142747386871,57.19604220748949,57.425317836168645,1857000
2019-01-04,58.50291061401367,58.51819293635536,57.226618046407864,57.33361179496567,2185100
2019-01-07,57.65460968017578,58.41121013845615,57.57818056197278,58.15900804212166,2380900
2019-01-08,58.00614929199219,58.10549896179082,57.203690365077094,57.6851680535149,2979000
2019-01-09,57.547603607177734,58.158995607017026,57.341254361306575,57.86094076806698,1662900
2019-01-10,58.50291061401367,58.60226028603964,57.50939057086606,57.601101997082175,1857800
2019-01-11,58.029083251953125,58.47234644707079,57.74631069698717,58.41120548966368,1378400
2019-01-14,56.89798355102539,57.73865691233353,56.019107305383145,57.73865691233353,3737600
2019-01-15,57.922096252441406,57.96794906048731,56.668735632918036,56.668735632918036,2157200
2019-01-16,58.37298583984375,58.41884446925867,57.509391757037235,57.82273476336373,2226800
2019-01-17,58.86973190307617,58.92322876576477,58.22012547593727,58.35004559522091,2250400
2019-01-18,58.47233581542969,58.89266670205171,58.25070425816867,58.59461187728865,3019400
2019-01-22,58.648109436035156,59.12194302926428,58.12078480257612,58.57168616763604,2766800
2019-01-23,58.83155059814453,59.121961440788404,58.472354711015555,58.63284537384955,2417900
2019-01-24,59.351226806640625,59.38179145361565,58.35006261189693,58.9079636261112,2522600
2019-01-25,58.044368743896484,59.60342825853279,57.967945458327854,59.183097272543876,2803600
2019-01-28,57.76921844482422,58.52582442930556,57.50937820582955,58.16662870892526,2168500
2019-01-29,57.998497009277344,58.29655180722257,57.769221396679,57.89150327825706,1566200
2019-01-30,58.2277717590332,58.3806182780198,57.68515903669355,57.78450869096274,1716300
2019-01-31,59.34357833862305,59.519351283974686,57.79216315228381,58.10550032173421,3342300
2019-02-01,58.602264404296875,59.2900855724492,58.006154668805664,59.20601821685711,2006600
2019-02-04,59.28245162963867,59.29009570801445,58.10551428087599,58.35007231239009,2393100
2019-02-05,59.297725677490234,59.61106870919566,58.85446831587358,59.228946473880306,1976600
2019-02-06,59.045509338378906,59.481128305153874,58.90794514725415,59.190711773490165,1490700
2019-02-07,59.69514846801758,59.71043079508688,58.693989869349856,59.25952926249491,1860700
2019-02-08,60.321815490722656,60.337097814412274,59.48114775045333,59.6492824646517,1755200
2019-02-11,60.352378845214844,60.65807775942708,60.06960632919221,60.27595557434224,1647400
2019-02-12,60.61468505859375,60.84612951028712,59.97436051000208,60.49896283274707,1834100
2019-02-13,60.043785095214844,60.25208035451471,59.56546939691866,60.043785095214844,2668500
2019-02-14,60.205810546875,60.491257945660315,59.84321695232748,60.16723450605517,2062400
2019-02-15,60.56837844848633,60.761246799016334,60.367793715890144,60.475799521316944,1693600
2019-02-19,60.846126556396484,61.03127857723648,60.42181371085001,60.491249397337896,2258900
2019-02-20,60.95411682128906,61.13155241255308,60.31379246735778,60.79981860510827,1852600
2019-02-21,61.71788787841797,61.787317677060486,60.63010727934015,60.684116081675164,1552800
2019-02-22,63.337974548339844,63.40741022550315,62.04189880475786,62.250199950371936,3514700
2019-02-25,62.96767807006836,63.43056105817964,62.59736814805341,63.26083592250098,2269500
2019-02-26,62.7670783996582,63.16824199132558,62.54335039985087,63.1450987302895,1398700
2019-02-27,62.998538970947266,63.19140737697754,62.473936671109875,62.689948344123515,1337600
2019-02-28,63.607975006103516,63.82399248705955,62.91365370359139,63.029369996760394,2315600
2019-03-01,63.769996643066406,63.908856210231036,63.145099161449714,63.607982042957325,1629000
2019-03-04,64.18658447265625,64.21744411493576,63.60026892697028,64.10943830989493,1661700
2019-03-05,63.978294372558594,64.28688493421275,63.87800494151804,64.16344635520092,1428300
2019-03-06,64.28687286376953,64.59546336748302,63.831700546470415,64.12486417364167,2346600
2019-03-07,64.29460906982422,65.07379907896875,64.2174628845145,64.4643342090316,1908200
2019-03-08,64.66490936279297,64.68805262634928,64.04001770326958,64.4720409853227,1773900
2019-03-11,65.01206970214844,65.10464864170014,64.54147627891894,64.61862245227414,1838100
2019-03-12,65.52127075195312,65.78356902146399,64.92723850955156,65.1509607343094,2578900
2019-03-13,65.714111328125,65.93783934385576,65.35151785041914,65.59838912883315,1549600
2019-03-14,65.5598373413086,66.01500399718189,65.40553907042826,65.72184611132505,1903500
2019-03-15,65.45181274414062,65.90698519642656,65.32838003757436,65.73726007475642,4209000
2019-03-18,65.34381103515625,65.70640456595278,64.99665027232525,65.5289689354841,2556100
2019-03-19,64.65718078613281,65.34379160957086,64.37173940826791,65.34379160957086,2030400
2019-03-20,64.68031311035156,65.27435079659337,64.29457649336939,64.76517563695754,1788400
2019-03-21,65.10466766357422,65.19724663017506,64.52606236554325,64.73436356892577,1349100
2019-03-22,65.50581359863281,66.03040989526494,65.12778736952978,65.3360884975458,1858400
2019-03-25,65.65241241455078,65.89928376958987,65.27439193968287,65.66784518504676,1335800
2019-03-26,66.09986114501953,66.17700733118404,65.50582903708843,65.65240502503798,1081400
2019-03-27,65.69869995117188,66.24644554547051,65.44411222983004,66.20015312330484,1519100
2019-03-28,65.01206970214844,65.93012505693996,64.64948209879138,65.77583271022954,1935100
2019-03-29,65.42867279052734,65.48267570598465,64.73435127346958,65.01207634876688,1623600
2019-04-01,65.05065155029297,65.32066612412584,64.45661948786066,65.32066612412584,1771300
2019-04-02,65.39009857177734,65.41324183612157,64.6417682999756,65.03522145145531,1272100
2019-04-03,65.14323425292969,65.38238919126975,64.54148577202463,65.19723717080895,1217700
2019-04-04,64.79605102539062,65.39008885605082,64.45660672231705,65.24350702248205,1281300
2019-04-05,65.42867279052734,65.45181605631242,64.51062322775324,64.80378107082481,921100
2019-04-08,64.64176940917969,65.31295351605905,64.54147996667518,65.15093889111749,1792500
2019-04-09,64.92723083496094,64.97351737449094,64.57234774563982,64.62635067038393,951100
2019-04-10,64.70347595214844,65.55981189404369,64.63404028573467,65.01206060237652,1006300
2019-04-11,65.16636657714844,65.25122913183398,64.62633160316082,64.80377309546941,1086400
2019-04-12,65.22808074951172,65.31294329753688,64.50289384306949,64.98891998422482,1640800
2019-04-15,65.27436828613281,65.59838571860502,65.00435375907264,65.31294431251652,1017400
2019-04-16,64.51063537597656,65.49040442259884,64.27919090278897,65.30525237557524,1850900
2019-04-17,64.72663116455078,64.9349264305054,64.34089439466177,64.61862533985195,1494500
2019-04-18,64.50289916992188,64.9812148541213,64.4411798779202,64.74205406908376,1417100
2019-04-22,64.69577026367188,64.79605970298532,64.47975861845775,64.50290188246271,1298000
2019-04-23,64.95037078857422,65.05837663254802,64.40262518388509,64.75750236921,1407300
2019-04-24,65.05065155029297,65.38238542268085,64.7806369764601,65.15094099603768,1764500
2019-04-25,65.20494842529297,65.55211508929396,64.78064146157178,64.94265021708823,1522600
2019-04-26,65.5521011352539,66.26957169174302,65.47495496607908,65.8606916978286,3038700
2019-04-29,65.17407989501953,65.49809733264854,64.88863259851283,65.36694825825708,1334200
2019-04-30,66.47016906738281,66.52417198465146,65.13551713220554,65.25123935088878,2361400
2019-05-01,65.7527084350586,66.46246285229256,65.69870550952726,66.17701545398268,1266000
2019-05-02,65.69869995117188,66.07672039790928,65.30524673508694,65.83755956003803,1486900
2019-05-03,66.36985778808594,66.73245123945071,66.03040759772314,66.03040759772314,1721000
2019-05-06,65.89927673339844,66.61674745204338,65.69869782538608,66.61674745204338,1364400
2019-05-07,65.73725891113281,66.14613894107724,65.53667414490268,65.93784367736296,1295900
2019-05-08,64.74978637695312,65.38239456086802,64.54149107256282,65.22038579392512,8777700
2019-05-09,64.80378723144531,65.18952406020391,64.50291297588376,64.80378723144531,7437200
2019-05-10,65.80671691894531,65.80671691894531,64.71121965925694,64.80379863336351,2658000
2019-05-13,66.37759399414062,66.49331621958629,65.57526068649476,65.6061203390054,2726800
2019-05-14,66.06632232666016,66.60325305498522,65.93403547598136,66.57213162642144,2130400
2019-05-15,66.54100036621094,66.80557405208276,66.0118470575297,66.22194934119631,1727100
2019-05-16,67.21022033691406,67.30359648614481,66.14413045001059,66.37758269696201,1491300
2019-05-17,67.65377807617188,67.95726244948898,66.94564391380693,66.94564391380693,1804300
2019-05-20,67.70826721191406,68.20629328507668,67.55263035346381,67.83277076173518,1316600
2019-05-21,67.459228515625,68.23739470106513,67.40475712012166,67.89499967965169,3080800
2019-05-22,68.1051254272461,68.24519562641366,67.31139825658914,67.62266602551027,1113500
2019-05-23,68.77433776855469,68.79768774536728,67.97282740252192,68.21406300074871,1376900
2019-05-24,68.58759307861328,69.19456198315939,68.54090498962945,68.78991802577501,1099400
2019-05-28,67.50592803955078,68.85215838100716,67.50592803955078,68.85215838100716,3027900
2019-05-29,66.61881256103516,67.80940596332356,66.41648767544332,67.66155247728292,1987400
2019-05-30,66.33867645263672,66.94564521103234,66.17526224360233,66.61103346769403,1469300
2019-05-31,67.15574645996094,67.21799524483913,66.33088623825167,66.42426832097452,1795700
2019-06-03,67.98838806152344,68.09733086262878,66.95342551408527,67.16352779137775,1503800
2019-06-04,68.11289978027344,68.19849855387261,66.57213372936454,67.98061292541584,1719500
2019-06-05,69.50582885742188,69.68480975776087,68.17516490625987,68.51756005285326,1632500
2019-06-06,69.6458969116211,69.86378256657406,69.30350177558711,69.75483973909758,1445100
2019-06-07,68.71986389160156,70.4318333097389,68.52532231705898,69.9182407032164,2132700
2019-06-10,67.87945556640625,68.54867318754319,67.4903723785457,68.44751369599723,1584700
2019-06-11,67.48257446289062,68.20626927332789,67.01567592578785,67.80940284516888,1710400
2019-06-12,68.26074981689453,68.3463485861424,67.76272385232755,67.76272385232755,1063400
2019-06-13,68.30743408203125,68.69651721618447,67.73937603085251,68.38524952147439,2697100
2019-06-14,68.89883422851562,69.21787927482548,68.42415238418175,68.44749641965115,1560500
2019-06-17,68.57978820800781,69.06225341139042,68.19070509019716,68.82102377816773,1797600
2019-06-18,68.53311157226562,69.22567916260716,67.7938558998142,69.22567916260716,1868400
2019-06-19,69.1634292602539,69.49026366867034,68.24519264733632,68.4786449480711,1508800
2019-06-20,69.1634292602539,69.55251247018613,68.63427585726853,69.21790067216688,2382900
2019-06-21,69.42022705078125,69.58364128992662,68.61093324481936,69.21012472529114,3588900
2019-06-24,69.76260375976562,70.38513318207518,69.29570520879916,69.45911940479057,1409100
2019-06-25,69.21011352539062,69.94936914526687,69.07782074059082,69.8404263367996,1091200
2019-06-26,67.94168090820312,69.07780271208864,67.87943213170931,69.00777061218201,1525200
2019-06-27,67.90278625488281,68.40081216245393,67.6070792906182,68.0739837737861,1787800
2019-06-28,68.22962188720703,68.5797943498222,67.70046856211756,67.82497802069756,2607900
2019-07-01,67.98060607910156,68.20627501068702,67.33472664769533,68.15180360905863,1327800
2019-07-02,68.80546569824219,69.14007745871152,68.13624217730352,68.22184094883787,1286800
2019-07-03,69.435791015625,69.85599565033485,69.03892448624512,69.03892448624512,698400
2019-07-05,69.10895538330078,69.14786607768156,67.97283316325556,68.78991024974444,1227300
2019-07-08,69.14786529541016,69.5369484870625,68.68874404205245,69.35796760664955,1267300
2019-07-09,69.0389175415039,69.27236387764457,68.54866895542649,69.11673298688413,1336900
2019-07-10,69.34239959716797,69.58362925079742,68.96109977180001,69.28792819354398,1046400
2019-07-11,69.4435806274414,69.72372105784618,68.69654145867521,69.34242111416063,1006600
2019-07-12,69.22566223144531,69.46689184593087,68.66538163540693,69.46689184593087,1272700
2019-07-15,68.9066390991211,69.21012352899372,68.50198923466515,68.75100225243087,1401900
2019-07-16,68.33856201171875,68.96887479445225,67.89500747258452,68.77433322576289,1335100
2019-07-17,68.1595687866211,68.7898873919014,68.12844736578376,68.57200182442138,1375200
2019-07-18,68.75099182128906,68.88327866820075,67.73937918751193,68.13623972824696,1331000
2019-07-19,67.8872299194336,68.8910652116517,67.77828710665997,68.6887403006701,1427800
2019-07-22,67.56038665771484,68.15179460939537,67.10904885414453,68.07397917976452,1484000
2019-07-23,67.31916809082031,67.56039774333904,66.95342898091278,67.3736394941935,1444800
2019-07-24,67.33473205566406,67.77828662938703,66.93008817348827,67.56040100537406,1828500
2019-07-25,66.99232482910156,67.73936960026278,66.71996784843701,67.38140792631862,1113000
2019-07-26,67.18687438964844,67.42032665059227,66.68107105249948,66.93786141521257,1098900
2019-07-29,67.43588256835938,67.57594677830882,66.90672933978257,67.33471716748033,1147400
2019-07-30,66.45539855957031,67.56039320342316,66.11300351169697,67.21799815554982,1846100
2019-07-31,66.1130142211914,66.83670918428417,65.69280366807901,66.42428195723078,2917200
2019-08-01,66.86783599853516,67.3113905892178,65.8250899819683,65.97294349117526,1362500
2019-08-02,67.02347564697266,68.00396705746583,66.89118877248441,67.75495402557189,2339400
2019-08-05,66.51766967773438,67.40477894136899,65.98073293613598,67.14019926545863,2530600
2019-08-06,67.41253662109375,67.6304281468759,65.71613404616627,66.47873954406123,1709800
2019-08-07,67.74716186523438,68.13624504789607,66.40093737791031,67.36586200856861,1405500
2019-08-08,68.11289978027344,68.2529699609868,67.26470130707558,67.59152974976074,1508500
2019-08-09,67.90278625488281,68.3852455133152,67.6615506887295,68.11288852275867,984500
2019-08-12,68.05841064453125,68.22960814713413,67.5603847843792,67.94168453485324,1695700
2019-08-13,68.08197784423828,68.28602925263364,67.48552310532858,68.07412810110009,1318300
2019-08-14,67.46981811523438,68.62348466847071,67.27361648339414,68.12120896996761,1598000
2019-08-15,68.25462341308594,68.50576125781359,67.24222229251546,67.31285200465831,1194600
2019-08-16,68.43512725830078,68.63917863333607,68.08196671361544,68.23892562512033,1213100
2019-08-19,69.1728515625,69.44753266829909,68.22323631810941,68.44298120274868,1085900
2019-08-20,68.8746109008789,69.43967246328756,68.69410279548818,69.40042974849901,1013000
2019-08-21,69.28270721435547,69.32979368176717,68.76473811003393,68.827518070717,1547000
2019-08-22,69.25132751464844,69.59664430878654,68.87462372795119,69.20424103821097,1476600
2019-08-23,68.20751953125,69.68295324403337,67.8935958085565,69.43966520305447,1755700
2019-08-26,68.88247680664062,68.9217195340498,68.13691288666249,68.49007348294697,959700
2019-08-27,69.0943832397461,69.6908380139131,69.04729675333292,69.25134218619004,1445300
2019-08-28,68.88247680664062,69.47893153518285,68.55285945176185,69.16500767870802,1666800
2019-08-29,69.18070220947266,69.24348817379034,68.68627022496986,69.20424544919202,2714100
2019-08-30,69.76929473876953,69.93410337507962,68.99233802827969,69.48676393720994,1719200
2019-09-03,71.1348648071289,71.17410752944453,69.58879495443426,69.76930309444784,2005300
2019-09-04,71.29966735839844,71.51156846060148,70.78169819625437,71.26043062704109,1273400
2019-09-05,71.32321166992188,71.42524034570522,70.42068899632014,70.83663547808756,2572400
2019-09-06,71.52728271484375,71.87259958155924,71.21335883488419,71.50373947167678,2236000
2019-09-09,70.93865203857422,71.24472606428878,70.6482715067639,71.17409636032288,2276600
2019-09-10,70.10676574707031,70.93865871706423,69.51816087488253,70.9072657387024,2188800
2019-09-11,70.5776596069336,70.6953817975049,69.56525834817944,69.8477892105108,1481400
2019-09-12,70.78169250488281,71.31536110673753,70.32650334703072,71.00143734312927,1695700
2019-09-13,70.48347473144531,70.80524829278221,69.96550551911612,70.13031417702082,1801400
2019-09-16,70.5776596069336,70.79740450261369,70.22449902281906,70.54626662360796,1248800
2019-09-17,71.3624496459961,71.77054635920815,70.66397239519223,70.66397239519223,1241100
2019-09-18,71.79412078857422,71.91968674918752,71.17412276637087,71.62930610964418,1133000
2019-09-19,72.1080322265625,72.18651768096743,71.73917813381712,72.02170301679669,1004500
2019-09-20,72.51611328125,72.61813595873306,71.73130687341742,72.3434549135112,3570900
2019-09-23,72.79080963134766,73.23814913836519,72.58675824588032,73.19890641468336,1336400
2019-09-24,73.74042510986328,73.88169053294651,72.75941689056285,72.93992503745768,2008100
2019-09-25,73.76396942138672,73.84244888255178,73.26169368481145,73.49713805590571,1220900
2019-09-26,74.28192901611328,74.52521709082433,73.76395390371164,74.05433443529418,1254200
2019-09-27,74.25838470458984,74.42319333225548,73.70901662477335,74.28192793888526,1160800
2019-09-30,74.14067840576172,74.53308169488919,73.77966809827632,74.32903030801518,1396000
2019-10-01,73.85030364990234,74.1485340052606,73.47359981563858,73.90523987521578,1223900
2019-10-02,72.7280044555664,73.96799995010885,72.6573747567165,73.66977568674692,1688400
2019-10-03,73.002685546875,73.06547149319222,72.52395917209904,72.82218343570973,1439800
2019-10-04,73.8816909790039,73.95232668477148,72.85359627500165,73.23030008043192,1151900
2019-10-07,73.66194915771484,73.8581508109183,73.38726804074986,73.65409941505891,851400
2019-10-08,72.98700714111328,73.70118395600377,72.8771347061453,73.64624175092115,1445700
2019-10-09,73.26953887939453,73.56776320835071,72.96346480852934,73.0968804829888,847500
2019-10-10,73.02626037597656,73.3715712266186,72.62600731234201,73.21461229338126,1179200
2019-10-11,72.3748550415039,72.9713096469346,72.14726044222643,72.86928097176983,1311700
2019-10-14,71.61357879638672,72.46901483618183,71.59003556411305,72.46901483618183,1017500
2019-10-15,71.21333312988281,71.86472389784436,71.12700394436513,71.56649961270914,1521400
2019-10-16,71.2918472290039,71.36248295494373,70.83666383308366,71.0956455279277,1295000
2019-10-17,71.65283966064453,71.82549207025582,71.26828014409539,71.29967312427891,1096100
2019-10-18,71.80194091796875,71.91181334270152,71.20549232301885,71.55080309177983,1135200
2019-10-21,72.73585510253906,72.78294156902602,71.80978334017821,71.92750549399308,2118000
2019-10-22,73.20673370361328,73.25382016751034,72.51610628686873,72.73585110185121,1183200
2019-10-23,73.53636169433594,73.82674223528285,73.02624229382637,73.26953037638312,1465000
2019-10-24,73.99939727783203,74.10141995581802,73.38724923472061,73.68547351563194,1028900
2019-10-25,73.2381591796875,74.50169841421304,72.90854181092426,74.44676218608583,1299500
2019-10-28,71.48802185058594,73.1596635426058,71.48017809658661,72.92421919545981,1778700
2019-10-29,71.74701690673828,71.833346110509,71.15056821035766,71.36246335477726,1307400
2019-10-30,71.93537139892578,72.23359573301985,71.3860032202066,71.79410598012358,1207800
2019-10-31,72.3748550415039,72.42979125597789,71.70777072643449,71.99030154018595,2296800
2019-11-01,71.51158142089844,72.52398267993185,71.37815974482785,72.39056100386127,1607000
2019-11-04,70.56979370117188,71.46447256444098,70.29511264448364,71.2761206952259,2359800
2019-11-05,69.3141098022461,70.07537306484174,68.68626220755318,69.92625791389254,2829800
2019-11-06,69.54956817626953,69.9890579886467,69.12577186250599,69.56526167488316,1824100
2019-11-07,68.45081329345703,69.18068346499442,67.95638144292033,69.00017536338947,2322500
2019-11-08,69.00019073486328,69.00019073486328,68.22323392355919,68.43512905842437,1400200
2019-11-11,68.67057037353516,69.0629736328125,68.5449984565191,68.9923439201899,1211400
2019-11-12,68.40144348144531,68.9554972255841,68.14816366770582,68.80511026038445,1425300
2019-11-13,69.25627899169922,69.48581481242618,68.67057043733939,68.8130407385262,1990600
2019-11-14,69.05047607421875,69.21669039234185,68.42519018870766,68.4647676143563,1698000
2019-11-15,69.4383316040039,69.44624226003191,68.98717662499003,69.09798619606931,1127100
2019-11-18,69.2325210571289,70.17440819480959,69.09005078452735,69.64409848982946,1137100
2019-11-19,68.7655258178711,69.05838302582605,68.30646035390542,69.01880560576012,1860700
2019-11-20,69.10586547851562,69.25625241613521,68.50432980536927,69.01088933994829,1377800
2019-11-21,68.71804809570312,68.88426241541714,68.32229799009814,68.46476826966263,1441600
2019-11-22,68.21940612792969,68.82094194935031,67.82365601657364,68.59932285317771,1874700
2019-11-25,68.10069274902344,68.38563336611017,67.80783543738747,68.14818083898169,1110700
2019-11-26,68.41728210449219,68.4647701861205,67.95821051985996,68.14025219188021,2063300
2019-11-27,68.64682006835938,68.76554027618573,68.30647471569911,68.43311161693647,1007700
2019-11-29,68.77346801757812,69.4779028776265,68.56767622650719,68.93176567922117,747300
2019-12-02,67.71284484863281,68.57557717218998,67.64952338305045,68.46476762675452,1329300
2019-12-03,68.29856872558594,68.45686638660692,67.75243152932677,67.98988405952694,1535600
2019-12-04,68.68639373779297,68.79720329455384,68.0215363972277,68.0215363972277,1356800
2019-12-05,68.61515045166016,68.67055522102997,68.26688845066883,68.54391229751786,1072900
2019-12-06,68.69432067871094,69.01092204754194,68.44104079137992,68.49644557802517,1007800
2019-12-09,68.51227569580078,68.71806749965175,68.32231728229863,68.70224014797203,1458600
2019-12-10,68.70223999023438,69.01092467596757,68.40938265614457,68.58351371756721,1517500
2019-12-11,69.3275146484375,69.37500877702716,68.7180620193324,68.86053232776416,1817600
2019-12-12,69.27210235595703,69.54121559323542,68.87635221305844,69.1929535351109,1838100
2019-12-13,69.5174789428711,69.73118138574613,68.79721070764653,69.02674653957517,2174800
2019-12-16,69.83406829833984,69.9369611548329,69.24835377737689,69.69159801468231,2829900
2019-12-17,70.07152557373047,70.76804975198928,69.8024183511621,69.90531122355557,1681000
2019-12-18,70.44352722167969,70.6255749490418,70.01611633187426,70.39603913570178,1810200
2019-12-19,70.99757385253906,71.03715128264841,70.39603797781945,70.49893084196853,2234300
2019-12-20,71.73367309570312,72.13733995686577,71.06089901954427,71.34583962287456,3551200
2019-12-23,71.06090545654297,72.10568575050527,70.77596482740154,71.89989395419893,1345700
2019-12-24,70.97382354736328,71.09254978854716,70.63347820992546,71.03714501448368,350700
2019-12-26,70.95800018310547,71.0925537792888,70.57016674289027,71.0292323086139,717500
2019-12-27,71.18755340576172,71.22712480561628,70.84720796593213,70.96593424283442,836600
2019-12-30,71.38542175292969,71.38542175292969,70.87886198893197,70.997582215909,1264100
2019-12-31,71.60704040527344,71.62286775587259,71.09256395010513,71.38542126487323,1153600
2020-01-02,70.33271026611328,71.74949638926346,70.02402566238047,71.67034757473382,1335100
2020-01-03,70.15067291259766,70.62557794720955,70.01611930416952,70.09526813038205,1379600
2020-01-06,69.92113494873047,70.49101614188194,69.73117656390271,70.18233150203626,1395300
2020-01-07,69.39083099365234,70.11109917706614,69.00299753109701,69.65202754623107,1897700
2020-01-08,68.8367919921875,69.16130402191592,68.61517284238879,68.92385752084684,2255000
2020-01-09,68.7655258178711,69.05838302582605,68.63097225151333,68.71803774472517,1523200
2020-01-10,69.24836730957031,69.45415910143886,68.91593859563025,68.93968264110185,1453400
2020-01-13,69.48580932617188,69.80241064144175,69.0900591917515,69.23252948168954,1351800
2020-01-14,69.47789764404297,69.69951676911676,68.96342122445412,69.51747507580683,2134500
2020-01-15,70.41184997558594,70.60180831362678,69.61243316327513,69.69949865959941,1944200
2020-01-16,70.57807922363281,70.69680547455286,70.41186488781192,70.50684709628156,1707100
2020-01-17,71.42499542236328,71.56746573793902,70.38813181597094,70.57809022384893,2538400
2020-01-21,71.8919906616211,71.9236514057318,71.14006157599815,71.5279011623522,2140900
2020-01-22,72.15318298339844,72.50143907058005,72.03445670970667,72.18483768695839,1581700
2020-01-23,73.427490234375,73.44332362419847,72.184834834664,72.184834834664,1741900
2020-01-24,74.09235382080078,74.17941934894448,73.22961523428658,73.26127597530873,1455900
2020-01-27,73.93404388427734,74.52766909291975,73.71241873390315,74.17149034453357,1999400
2020-01-28,74.54349517822266,74.93924531061104,73.98153071487128,73.98153071487128,1496500
2020-01-29,74.7492904663086,74.8917607622402,74.04485568049901,74.45643318059693,1640800
2020-01-30,74.98674774169922,75.13713475315477,74.32980698562639,74.79678933263412,1429700
2020-01-31,74.40103149414062,75.2716806549554,74.04485875883813,74.90759122547534,3781500
2020-02-03,74.28229522705078,74.6543013005828,73.8786284197429,74.52766440414685,1434400
2020-02-04,73.2454605102539,74.44853867098428,73.21379976409392,74.1873480828366,1631900
2020-02-05,73.92615509033203,73.99738724369148,72.960523420325,73.13465451343055,1270800
2020-02-06,73.98152160644531,74.36935499760983,73.79156325711308,74.06067041544482,1212700
2020-02-07,73.43541717529297,74.36938802911553,73.43541717529297,74.22691769417075,1098300
2020-02-10,73.67285919189453,73.6807698481078,73.04757314692051,73.45915070075881,1029900
2020-02-11,73.75201416015625,74.10027629991602,73.61746052931065,73.83907969509619,1141700
2020-02-12,73.50662231445312,73.72824139391462,73.17418765659389,73.4433008521307,1552200
2020-02-13,74.1160888671875,74.19523769079761,73.00007656534817,73.45123150246077,1244300
2020-02-14,74.63849639892578,74.78096672442825,74.20316872692675,74.3377223569376,1249200
2020-02-18,75.2888412475586,75.47237793549324,74.7142990273122,74.78611984887205,2172700
2020-02-19,74.91378021240234,75.47236554059742,74.80206436437476,75.22498951591594,1029900
2020-02-20,75.47237396240234,75.52823189264922,74.71429509412883,74.90581321616763,1319000
2020-02-21,71.96128845214844,73.15824933386212,71.23512926164103,72.7832006168359,3976900
2020-02-24,70.931884765625,71.92137049165106,70.70047165207619,71.38672955072263,2393400
2020-02-25,70.42118835449219,71.33885944867771,70.2376517004323,71.17926103470019,2328700
2020-02-26,69.97432708740234,71.13936814841111,69.9583642014934,70.56482601683261,2455200
2020-02-27,66.38345336914062,70.13392841532773,66.36749048118388,69.70302176136471,2752600
2020-02-28,62.896305084228516,64.85932022661598,62.08237435223682,64.84336342671958,5357400
2020-03-02,67.45272827148438,67.68414141753944,63.263365577301705,63.510735521541775,3615400
2020-03-03,66.9021224975586,68.96887786799226,66.68667224377329,67.34101053608421,3129700
2020-03-04,70.22968292236328,70.49300967598542,67.6761628521141,67.6761628521141,2415100
2020-03-05,69.88656616210938,70.28555317227708,68.68162368674649,69.1444500796751,2282900
2020-03-06,70.14191436767578,70.62069754016694,67.9554673575292,68.05920178368382,4705400
2020-03-09,70.74835968017578,71.76178372241588,66.64676876745972,68.26666068741167,5398100
2020-03-10,71.33883666992188,73.03851814168316,69.74288956808047,71.3468181100865,4040400
2020-03-11,69.02474975585938,70.22171073428468,67.58041879007152,69.87858167694709,4162800
2020-03-12,66.86222076416016,68.63372345056067,62.58508100775103,64.34062080995419,6073000
2020-03-13,70.2775650024414,71.1473597671654,67.0457680941155,68.89706740061743,5699300
2020-03-16,63.47883224487305,69.13646481412508,62.89630856347443,65.95255035359595,5037300
2020-03-17,74.91378021240234,75.51226057886035,64.97102712154694,64.97102712154694,5432000
2020-03-18,73.57319641113281,74.91379290261477,68.96888935730274,70.94786744970303,4117600
2020-03-19,63.90971755981445,73.86045163930446,63.48679242757937,73.86045163930446,5082100
2020-03-20,57.924930572509766,65.034881937242,56.71201275377568,64.82740698959563,4902400
2020-03-23,52.147586822509766,58.004717703899836,49.49831403935718,57.8531007331107,5017900
2020-03-24,56.26513671875,56.82371596711619,51.53315164139453,53.863233774660955,3372200
2020-03-25,56.600284576416016,59.41713125064372,54.10262865501981,55.33948445116312,3122100
2020-03-26,60.582176208496094,61.228539198643986,56.01776458806489,56.35291824846135,2771000
2020-03-27,62.162174224853516,63.61448662411912,59.058055931433856,59.257549426322306,2291500
2020-03-30,64.42042541503906,64.70769037249417,62.273874016091284,63.614470199127666,2557200
2020-03-31,62.24195861816406,63.83790627504006,61.715292969127546,63.638412817930565,3389300
2020-04-01,61.93076705932617,62.593086987861334,60.04754779750264,60.41461513320602,6352500
2020-04-02,62.98407745361328,63.54265672429508,60.64601378394672,60.64601378394672,3021800
2020-04-03,62.162174224853516,62.984086449704606,61.436014981191555,62.4175256547884,3904500
2020-04-06,64.67577362060547,66.23181996775793,63.494769814724705,64.40445938506868,2608100
2020-04-07,63.77406311035156,66.4073790226251,63.55861286824695,66.18394733805533,2173300
2020-04-08,66.89413452148438,67.62028739869801,63.454863848263685,64.28475719940495,1974700
2020-04-09,70.17381286621094,71.31491556155021,66.91807853555754,66.94201677374438,2111900
2020-04-13,67.70011138916016,69.54343547316297,67.08567408653154,68.7693997173423,1095900
2020-04-14,71.2590560913086,71.41066695920917,68.68957972222968,69.43169553014343,1814000
2020-04-15,69.3997802734375,70.28553165185005,68.70554089661077,70.2137108462199,1425700
2020-04-16,70.54886627197266,71.26703781838873,69.71099135041135,69.96634272177319,1594500
2020-04-17,71.46654510498047,71.81765559160692,69.94241802432657,71.44260686053923,1211900
2020-04-20,68.20282745361328,71.36280323947221,68.09111159916807,70.98775454752439,1551000
2020-04-21,66.62284851074219,67.82779097267792,66.0004297559058,67.40486572070236,2118100
2020-04-22,67.12557220458984,67.86768823641444,66.66274584322436,67.61233681084352,1497200
2020-04-23,65.25828552246094,67.66018796512853,65.082730341607,67.12554706929583,1868100
2020-04-24,65.9445571899414,66.11213096460405,64.56406586569601,65.58547139967247,1748600
2020-04-27,65.9684829711914,66.59090147039642,65.84878570102366,66.1200999192743,1518300
2020-04-28,66.31163787841797,67.85172793488059,66.00042850688922,66.93405662147548,1687100
2020-04-29,64.85932159423828,68.58585847456706,64.71568603991011,68.58585847456706,2020400
2020-04-30,62.880340576171875,64.49224504266422,62.417514291158064,64.38851063590894,3129500
2020-05-01,61.64348602294922,62.593076946756355,61.156721439153785,62.521256127347264,1786000
2020-05-04,61.49188232421875,61.73925843560752,60.46249500253572,61.300370244481684,1756000
2020-05-05,61.87489318847656,62.69680528159976,61.21257343046293,61.5796406716608,1627100
2020-05-06,59.3532829284668,62.241949978126264,59.20964741576425,61.87488279856561,2274400
2020-05-07,59.10592269897461,60.374704283538144,58.978250049038756,59.87995830590059,2339800
2020-05-08,59.19369888305664,59.80016069779685,58.156330470058165,59.76824101406766,2324500
2020-05-11,57.96482849121094,59.16178944202844,57.62169944178759,58.87451832678759,2294500
2020-05-12,57.73497009277344,58.18659580075226,57.065607152959146,57.96884626320685,2524800
2020-05-13,57.630130767822266,57.70271599691155,56.33171841266461,57.452707044331675,2130200
2020-05-14,57.77530288696289,58.210795861832146,55.847846999008944,57.15432592361671,2131700
2020-05-15,56.743011474609375,57.45270013031092,55.77525365748416,57.396247693526185,3950400
2020-05-18,58.9608039855957,59.50113540920534,57.597872760714495,58.073691499264726,2247900
2020-05-19,57.162391662597656,58.944683397019475,57.146265026209505,58.56564898976296,1809100
2020-05-20,57.04948425292969,58.36402964029726,56.76722198206599,57.52530306911939,1714200
2020-05-21,56.38817596435547,57.3881995595557,56.19462559067545,56.8075422856602,1317900
2020-05-22,56.59785842895508,56.70269693156421,56.00913476881365,56.33978921627036,1397000
2020-05-26,57.41238784790039,58.339819978023165,57.11399284209828,57.267223541409486,2232100
2020-05-27,57.46078109741211,58.509190792612436,56.904316827344395,58.130150269688386,1615800
2020-05-28,58.99306106567383,59.09789955848702,58.12207524692564,58.28336618246207,1567400
2020-05-29,60.53340530395508,60.65437657304087,58.42852614156704,58.75918053354458,3220700
2020-06-01,60.54148864746094,61.05762713074715,59.622116589553876,60.46084316310798,1612100
2020-06-02,60.33986282348633,60.90438728226836,59.67049371317682,60.83180820307716,1418100
2020-06-03,61.025352478027344,61.5253642008113,60.48502109955639,60.646312028013405,1512400
2020-06-04,60.347938537597656,60.97698193250072,59.557598020375806,60.67052662937915,1676100
2020-06-05,60.75114822387695,61.460836824428135,60.4527532795723,60.726955203257,1916800
2020-06-08,62.67053985595703,62.718925899341514,60.56566082877669,60.807603351407,1914900
2020-06-09,61.85601806640625,62.37215646775843,61.18665511496379,62.2995773892191,1867900
2020-06-10,62.0576171875,62.63827426223622,61.69470959221653,61.69470959221653,1784200
2020-06-11,60.218894958496094,61.283431250408384,59.5253327824019,61.106007509613754,2175700
2020-06-12,60.79148483276367,61.61408468044211,59.89630590297821,61.3479490736723,2456700
2020-06-15,60.96891403198242,61.93667828341906,59.557596549052946,59.9769629038656,2742500
2020-06-16,61.58988952636719,63.0415264940807,61.24310845605662,62.114088175542655,1880300
2020-06-17,60.71891784667969,61.83990679236574,60.33181087309257,61.791520727988576,1933900
2020-06-18,60.38018798828125,61.267300479502396,60.08985936892087,60.46889985268887,1406600
2020-06-19,57.61400604248047,61.22697485681414,57.61400604248046,61.22697485681414,4629900
2020-06-22,57.59788513183594,58.614035512248954,57.14626547514409,57.614017921207136,2184300
2020-06-23,57.21077346801758,58.32369576199399,57.01721694943936,58.16240481603399,1395200
2020-06-24,57.68659210205078,58.07369902685976,56.38011930563914,56.71076762531346,2436900
2020-06-25,56.95269775390625,57.56560820079166,56.29945534585742,57.468836105417374,2435600
2020-06-26,57.48496627807617,58.04949686490375,56.82366358991319,56.96882789477115,3422600
2020-06-29,58.630165100097656,58.630165100097656,57.00917039950669,57.87209008861287,1594000
2020-06-30,58.009185791015625,58.85597880995253,57.267237445633754,58.55758373170145,2206200
2020-07-01,58.95273971557617,59.21080892367218,57.92046288319213,58.00917475030531,1692100
2020-07-02,59.525333404541016,59.968892761163524,58.8801634301012,58.95274251417276,1430400
2020-07-06,58.95273971557617,60.58180659087713,58.468860719503056,60.05760178144157,1520800
2020-07-07,58.46885299682617,58.6785361234761,58.16239777545661,58.23497684649633,1775800
2020-07-08,58.412410736083984,58.775318460230835,57.93659196033124,58.60596111210527,1455100
2020-07-09,57.83175277709961,58.14627444176732,56.46076122100218,58.057562571952786,1698600
2020-07-10,58.45274353027344,58.63016114031049,57.63014356646923,57.83176036014685,1746100
2020-07-13,58.194664001464844,58.694669623640564,57.81562351184443,58.46079344594169,1868300
2020-07-14,58.20272445678711,59.08177672468645,57.7511048859648,58.218857243090866,2122900
2020-07-15,57.67045593261719,58.791444551724936,57.56561128653565,58.3156258301625,2357500
2020-07-16,57.936588287353516,58.29950214134841,57.63013303201005,57.807556762471314,1158000
2020-07-17,59.735008239746094,59.775334049400094,58.089814882108875,58.089814882108875,1742300
2020-07-20,59.081764221191406,59.55757671791779,58.77530287482835,59.372092784664886,1455000
2020-07-21,59.904380798339844,60.46891151277786,58.783391916873036,58.888230434636434,2174700
2020-07-22,61.097957611083984,61.43667236292375,59.315665813614885,59.70276662918704,1714700
2020-07-23,61.49311828613281,61.912478483909524,60.920527365680044,61.106011358845485,1574700
2020-07-24,60.95277404785156,62.62216040166216,60.69470486789042,61.79150042093893,1619200
2020-07-27,60.291473388671875,60.79954537307566,59.751135833741735,60.79147898044407,1731900
2020-07-28,61.58183288574219,61.831835736655215,60.02535101941472,60.02535101941472,1520600
2020-07-29,61.85601806640625,62.01731516236323,60.888260102084686,61.517303394179216,1515700
2020-07-30,62.04957962036133,62.21087057656104,61.186660083696125,61.3802104617069,2133000
2020-07-31,61.960853576660156,62.18666332483388,61.17051330519794,61.743104067453935,4369300
2020-08-03,61.21891784667969,61.81570175187449,60.67858023705526,61.735056275959856,1645800
2020-08-04,61.21083450317383,61.84794404632993,61.01728418400416,61.089863246372644,2008500
2020-08-05,59.40437316894531,61.25117752627104,59.27533547169045,60.96084886030366,2035900
2020-08-06,59.6140251159668,59.77532216967199,58.993048379548874,59.58983209612439,1579600
2020-08-07,60.573734283447266,61.13019845867072,59.04951221056575,59.073705235079004,1633800
2020-08-10,60.79148483276367,61.565692472848724,60.646320515694256,61.243110570788154,1505800
2020-08-11,59.081764221191406,60.81566921058751,58.96885935237992,60.48501484274397,1970600
2020-08-12,59.88825225830078,60.39632434757324,59.226949441674506,59.283401896038114,1370100
2020-08-13,59.493072509765625,59.70275566887293,58.86402918529912,59.55759135146871,1566400
2020-08-14,59.29951858520508,59.75113814436179,58.702734717340135,59.154354276496846,1641600
2020-08-17,60.00920104980469,60.50114016594076,59.194667811384086,59.52531601923165,2529200
2020-08-18,59.768829345703125,60.25773469203491,59.57326845052416,60.0132851272534,1548700
2020-08-19,59.8421745300293,60.208852022124624,59.40215780945327,59.7688353015486,1742300
2020-08-20,58.99473571777344,60.07033007554235,58.92954667384335,59.56512431023824,2444100
2020-08-21,58.831756591796875,59.23917874608014,58.00061813243723,59.21473441150614,3823700
2020-08-24,60.559226989746094,60.567377173288214,58.54656061187032,58.92953842035921,2326500
2020-08-25,59.491783142089844,60.689605238814316,59.23103321888761,60.591821686325275,2057000
2020-08-26,57.674686431884766,59.03547510660731,57.29170856392548,59.03547510660731,2667500
2020-08-27,57.910980224609375,58.49766907550112,57.487263952725456,57.85394137614869,1808700
2020-08-28,57.78876876831055,58.065819122978404,57.12059654640217,58.065819122978404,1479900
2020-08-31,58.13099670410156,58.2206300857394,57.51986340208148,57.536163771526226,2461900
2020-09-01,56.75390625,57.853944802180706,56.525750842646204,57.75616124898539,1867700
2020-09-02,58.85620880126953,59.002881029614386,56.468714661236994,56.680569711359325,2391800
2020-09-03,58.99473571777344,59.94810217236578,58.489529952469326,59.16585229551288,3609400
2020-09-04,59.5162239074707,59.89920169412904,58.58730197321218,59.36955169591577,3121300
2020-09-08,59.320674896240234,59.84217481568578,58.733985932671644,59.4754911050707,3104400
2020-09-09,59.410308837890625,60.746653171166265,59.36956413073719,59.76068596562449,1970100
2020-09-10,59.296226501464844,60.50219899458058,58.40804905582952,59.182148778479934,8656400
2020-09-11,59.27178192138672,59.51623773636821,58.75843217004914,59.22289324509827,2176200
2020-09-14,60.47774887084961,60.689610143312706,59.3369655333617,59.84217127022937,2308900
2020-09-15,60.68146896362305,61.59409079562227,60.26589654125485,60.901474236188584,2637300
2020-09-16,61.66740798950195,62.20520191731323,60.29846951402632,60.54292525552002,3961200
2020-09-17,61.87114334106445,62.37634917079518,60.79554884612984,61.333342985212056,3690400
2020-09-18,60.20069122314453,61.86297424664467,60.005130342958715,61.42295760365037,4431900
2020-09-21,59.3532600402832,60.07032705390576,58.448788522519536,59.75253825169361,3213100
2020-09-22,60.05403518676758,60.45331345470088,59.05993015157294,59.1903020345616,2868200
2020-09-23,59.744380950927734,60.26588078047856,59.654747584901656,60.0866140484264,2228600
2020-09-24,60.24143981933594,60.428856745181534,59.11695691456842,59.78512899712918,1878100
2020-09-25,61.74075698852539,61.83039036919318,59.86661861267466,59.882912765173636,1561400
2020-09-28,62.18891143798828,62.87338382449169,61.528889600490956,61.91186738360061,1657600
2020-09-29,62.726715087890625,63.31339774439448,62.13187603116496,62.523004018935985,1608500
2020-09-30,63.394874572753906,63.6067295663778,62.873374836996696,63.10967415936433,1773100
2020-10-01,64.4052963256836,64.43789084476249,63.34599621431041,63.59860218297965,1562300
2020-10-02,65.00013732910156,65.35867086702459,63.76972671808324,63.98973197840988,1718900
2020-10-05,65.13050842285156,65.4564474025956,64.46233631192231,64.86160829830506,1357800
2020-10-06,65.80681610107422,66.18164366865516,64.74751620638683,65.23642145902426,1530700
2020-10-07,65.8638687133789,66.18980768886854,65.05716835026905,66.07572376319362,1335900
2020-10-08,67.03723907470703,67.10242811194615,65.91275615779158,66.20610060859887,1211900
2020-10-09,67.26539611816406,67.56688451549094,66.42610130867223,67.1350180525764,1170200
2020-10-12,67.54244995117188,67.73801086106937,67.14317794690682,67.18391643571879,946400
2020-10-13,67.07799530029297,67.33059509202694,65.87202277127398,66.89872852547408,1213400
2020-10-14,67.01280212402344,67.38762980429723,66.4342633425072,67.14318021286795,1074900
2020-10-15,66.60539245605469,67.02911510777055,65.9127758248402,66.12463715069813,1286500
2020-10-16,66.5727767944336,67.39577127777206,66.25498801491284,66.5727767944336,2205200
2020-10-19,65.83125305175781,67.09425762809583,65.61124167183449,66.56461395689075,2936200
2020-10-20,65.67644500732422,66.23868952662762,65.0408674899038,65.18753970290607,1627600
2020-10-21,65.45645904541016,66.00240335894699,65.10607566779679,65.48905357085908,1487000
2020-10-22,66.36093139648438,66.49945345553053,65.1875534451062,65.6520145147318,1509500
2020-10-23,66.49129486083984,66.89056683449576,66.18980644302097,66.79278949542748,1473600
2020-10-26,67.42023468017578,67.54246260304559,65.95351825604938,66.18982391579222,1342100
2020-10-27,67.6728286743164,68.38173931067399,66.99650634260827,67.59133926238488,1553300
2020-10-28,65.31794738769531,67.58321442497468,65.15497473446989,66.85800321424198,1778800
2020-10-29,65.00013732910156,65.7986876044475,64.25863213185214,65.17126012985183,1599300
2020-10-30,63.95713806152344,65.04088265377686,63.264521534054516,64.67420514416676,2353700
2020-11-02,65.00827026367188,65.25272601407306,63.66377607000134,64.69048151821113,2603500
2020-11-03,66.26314544677734,66.86612855377784,65.4971897319596,65.66830630759071,1722200
2020-11-04,64.8290023803711,67.04537959282273,64.81270823179477,66.26312990903413,1437700
2020-11-05,64.96754455566406,66.45870503261422,64.73123894162363,65.48089427230894,1659700
2020-11-06,63.394874572753906,65.16308480857967,62.97115215197165,64.61714074407871,2928800
2020-11-09,64.60084533691406,66.54017845627608,64.25046209224705,65.41568951364964,2248800
2020-11-10,66.8824234008789,67.04538977847172,64.65789566780116,64.9756844558453,3040300
2020-11-11,66.58906555175781,67.41205989160404,66.33646585227501,67.1024151329941,2693000
2020-11-12,65.6031265258789,66.58093735108537,64.78828209928366,66.3690760594751,2077800
2020-11-13,66.5157241821289,66.61350771589491,65.59495255204331,65.92904162983496,1712200
2020-11-16,67.39579010009766,67.42838462719878,66.75206217758387,67.21652330942668,2330100
2020-11-17,65.17926025390625,67.60548888277322,65.12991518783457,67.3011859422579,3695700
2020-11-18,63.89625549316406,65.51648586212083,63.781112791545404,65.38489061752429,2034800
2020-11-19,63.41099166870117,63.85511610752446,62.90107589712294,63.85511610752446,1722900
2020-11-20,63.649505615234375,63.87157098016108,63.08201221020552,63.68240442021631,4305000
2020-11-23,63.79755401611328,64.19233344388644,63.33698324604971,63.80578028695189,1814500
2020-11-24,64.46375274658203,64.8914310831697,63.8469140600021,64.20879476406742,1869400
2020-11-25,64.69403076171875,64.7433758382581,63.68241276901822,64.49663790594882,1631500
2020-11-27,63.9620361328125,64.63644596145068,63.748203308350675,64.57065462497312,722100
2020-11-30,62.7119140625,63.962037326175654,62.440503616997454,63.73997822745901,2605200
2020-12-01,63.254730224609375,63.73997346228673,62.7941532462724,63.0491174069891,2241600
2020-12-02,63.353424072265625,63.39454914812077,61.97170560592777,62.374704995124674,3485600
2020-12-03,62.43229675292969,63.156051818358264,62.012844728457424,63.156051818358264,1946900
2020-12-04,61.93880844116211,62.95042635082705,61.69207680391132,62.36648665208603,3239600
2020-12-07,61.552249908447266,62.22666597227483,61.354863360998216,61.82366033294296,3177100
2020-12-08,61.32196807861328,61.92236029987084,60.96009376664412,61.313748083317904,2623600
2020-12-09,61.05879211425781,61.60983933857548,60.49130489714004,61.28907750958751,2905600
2020-12-10,60.3267936706543,61.272613796296305,60.088282072027724,61.05055473539826,3525800
2020-12-11,60.1705436706543,60.95186994183926,59.948478292658855,60.006049636064,4566000
2020-12-14,59.55370330810547,61.08345699600698,59.47145315596405,60.57354119164168,4119300
2020-12-15,60.038963317871094,60.50776045168957,59.520821098853,59.86624924486506,3451100
2020-12-16,59.010887145996094,60.44195080555258,58.84639937815967,60.08829645737876,3596100
2020-12-17,58.90397644042969,59.923814504554166,58.88752389716581,59.29874963146838,2229500
2020-12-18,58.51741409301758,59.61949587665538,58.1308609592681,59.10135379141151,6443800
2020-12-21,57.53046798706055,58.352919316538504,56.97942710226368,58.13086021849395,4621900
2020-12-22,57.28373718261719,57.46467748169142,56.98765419773314,57.46467748169142,2362600
2020-12-23,57.62917709350586,58.599670126951516,57.48113557061391,57.5798320108109,2829400
2020-12-24,57.9334716796875,57.94991794480141,57.283734398592124,57.760757659366774,843500
2020-12-28,58.6078987121582,58.87930295249944,58.06507768186114,58.15554785357732,2107200
2020-12-29,58.196651458740234,59.0602214952547,58.05682997918599,58.84638869086349,1472100
2020-12-30,58.410491943359375,58.59965851421455,58.056837612912936,58.204879106467395,1509600
2020-12-31,59.43855285644531,59.47967793148259,58.19665590782935,58.29534604823008,2081400
2021-01-04,58.114418029785156,59.51258287806244,57.75253741148962,59.43855899031739,2488700
2021-01-05,57.46468734741211,58.34471018278989,57.2508482049931,58.14731730910764,2192600
2021-01-06,58.690120697021484,58.945078572218165,57.49756891486382,57.57158651418997,2417200
2021-01-07,57.49759292602539,58.79706165258439,57.42356902098169,58.640800119372265,3066400
2021-01-08,57.5140266418457,57.90057980373978,57.17681855600407,57.90057980373978,2504100
2021-01-11,56.527076721191406,57.65383090880201,56.132297363435455,57.32484915647289,2773100
2021-01-12,55.860897064208984,56.461289341558,55.03844567183321,56.28034903126635,2766500
2021-01-13,57.25084686279297,57.357763294092486,55.92669950488398,56.02539593941124,1930600
2021-01-14,56.30501937866211,57.53047014868318,56.214549227035796,57.46467880870524,4223300
2021-01-15,57.242610931396484,57.30018227312043,55.95958887308834,56.140529168450904,2139600
2021-01-19,57.14391326904297,57.49756754304171,56.69978885926746,57.42354367067672,2555000
2021-01-20,57.522254943847656,57.7196415298332,56.64223216593766,56.73270232509905,2784100
2021-01-21,56.87250518798828,57.489343625439766,56.69979117847847,56.78203504851099,2241600
2021-01-22,56.60933303833008,56.82316589077919,55.81155415282095,56.26390494609099,2364900
2021-01-25,58.09795379638672,58.13085259822987,56.44482508389598,56.50239641842029,3095400
2021-01-26,57.80187225341797,58.09795520236679,57.34130156607759,58.065056399727474,2261000
2021-01-27,58.838172912597656,60.112968796126246,57.341311640938095,57.50579940823014,5693800
2021-01-28,57.74432373046875,59.21651278746741,57.6045084701188,58.649019198649114,3986200
2021-01-29,58.21310806274414,58.7394764474889,57.17681756005022,57.629168332005605,6527600
2021-02-01,58.18844985961914,58.87108618371409,57.176831645313925,58.21312240329357,2429300
2021-02-02,57.78544616699219,59.249408884199845,57.736094808398235,58.31181464340826,2185700
2021-02-03,57.99104309082031,58.27889979170742,57.57159116963884,57.5880374347729,1767200
2021-02-04,58.05684280395508,58.39405089851554,57.59627201607384,58.06506907511192,2390900
2021-02-05,58.80529022216797,59.093147031231,58.081535062979796,58.41051068773307,1642300
2021-02-08,58.624324798583984,59.18359190627843,58.41871198361992,59.0355504285121,1817600
2021-02-09,58.68189239501953,58.92040399815019,57.958137591412694,58.82170759432914,1447600
2021-02-10,59.47146224975586,59.479688521189004,58.70658215144434,59.0520165287641,1412600
2021-02-11,59.068450927734375,59.561920442854564,58.93686198527814,59.47145029968858,1792000
2021-02-12,58.44339370727539,59.290517634163,58.14731070518568,59.109583599380294,1595700
2021-02-16,58.247989654541016,58.613854210452224,57.70750028258687,58.4226081265886,2264400
2021-02-17,58.33946228027344,58.63880372607567,57.948646757815006,58.33946228027343,1473800
2021-02-18,58.22304153442383,58.580595473703305,58.04842305393789,58.206413921804256,3041900
2021-02-19,56.69303894042969,57.907057488075786,56.493475898842654,57.79896216221504,4358700
2021-02-22,56.5184326171875,56.60990035254647,55.40419217917641,56.33549714646956,3936900
2021-02-23,56.26897048950195,57.1254352816508,55.96962270956702,57.01733993933929,3356800
2021-02-24,55.42082214355469,56.46022238501672,55.37092661804749,56.32717610899169,3339500
2021-02-25,55.83658218383789,56.002883684705886,55.38756051869958,55.462394290891496,2200300
2021-02-26,54.589298248291016,56.22739393278339,54.51445813710348,55.86984002020894,4072600
2021-03-01,55.74510955810547,56.21075879482631,54.930217049848935,54.98842320443904,4424300
2021-03-02,55.77836227416992,56.252328413201134,55.13808833127177,55.819934467141124,2253900
2021-03-03,56.06939697265625,56.22738781152272,55.21293234005391,55.57048621370284,1999300
2021-03-04,55.67859649658203,57.399843201062524,55.53723957329529,56.12761820348949,2850100
2021-03-05,56.79281997680664,57.10047832444688,55.56216755426278,56.011189126920904,3702700
2021-03-08,57.7906608581543,58.2479995608174,56.81778362957617,57.22522680031466,2990200
2021-03-09,57.948631286621094,58.18145587341632,57.258468158625114,57.458031183878994,3908500
2021-03-10,58.514068603515625,59.0545515645256,57.74075469795393,58.05673003528226,3268500
2021-03-11,58.05674362182617,58.67206683072546,57.848863559252464,58.14821135687829,3595300
2021-03-12,58.988033294677734,59.345587163376585,58.35607629195536,58.522377761306004,2896500
2021-03-15,59.71976852416992,60.05237780621263,59.22917474975259,59.25411933570677,3187400
2021-03-16,59.93598175048828,60.12722785729029,59.22087382071527,59.287396963949064,2775400
2021-03-17,59.6948356628418,60.642768179250005,59.644946481134724,60.135540351909306,4615300
2021-03-18,60.05239486694336,60.551305759749525,59.48696083003072,59.802936248542174,3839500
2021-03-19,60.11888885498047,60.59285492488476,59.60334425417506,60.35171340244319,5562600
2021-03-22,59.91102600097656,60.07732748409581,59.37885364220105,59.71145660843955,3343500
2021-03-23,60.90053176879883,61.03357803302102,59.777980876403014,59.81955941997121,3325200
2021-03-24,61.05853271484375,61.48260982216024,60.33510780753868,60.501415665307945,2049100
2021-03-25,61.75699996948242,62.147815462744326,60.99200293892468,61.47428615801363,2039500
2021-03-26,61.89836502075195,61.9482542021113,61.07515546434908,61.449343356531,1649200
2021-03-29,62.73819351196289,63.237110682980735,61.74868883583364,61.898362718339925,1724500
2021-03-30,61.84847640991211,62.59684593394632,61.482611799048065,62.5719013404779,1594900
2021-03-31,62.19770812988281,62.31412044031668,61.61564023371837,61.63227418892042,3505800
2021-04-01,61.77362060546875,62.14780206208146,61.38280519647669,61.956556017677286,2038200
2021-04-05,62.59684371948242,62.81304076188761,61.8318466081977,61.86510817964435,1818000
2021-04-06,62.93775939941406,62.93775939941406,62.15612846291241,62.355691513765706,1255100
2021-04-07,62.62177276611328,63.25372977872314,62.314114408601576,62.99596059399831,1487800
2021-04-08,62.46379470825195,62.954388541867026,62.38895459736439,62.904499363938754,1855500
2021-04-09,62.50535202026367,62.862905846238576,62.36399515380685,62.36399515380685,1680400
2021-04-12,62.630104064941406,63.1955380804739,62.46380255495959,62.65504865703908,1454700
2021-04-13,63.087440490722656,63.24542501639048,62.21434173436559,62.37233260402914,1855100
2021-04-14,63.328582763671875,63.345210376651586,62.63010248260413,62.837982536827326,1408600
2021-04-15,64.18504333496094,64.22661553666379,63.16227074434134,63.16227074434134,3009200
2021-04-16,65.03318786621094,65.25770185139417,64.34302464360331,64.41786475332941,2229700
2021-04-19,65.14958953857422,65.33252495026447,64.55921111066097,65.25769119675157,1716700
2021-04-20,65.98112487792969,66.35531276455418,65.14960469964703,65.27433399518853,2589900
2021-04-21,65.15792846679688,66.31374112751857,65.0830883440759,66.09754408231996,1860800
2021-04-22,64.95003509521484,65.21612127172087,64.62574276584797,65.00824124807569,1490700
2021-04-23,64.40123748779297,65.09140078208951,64.35134830545684,64.9417268910854,1349500
2021-04-26,63.918968200683594,64.55091906551299,63.736032718339544,64.40124515668572,1547000
2021-04-27,63.353515625,63.977155672200304,63.295309474354426,63.943894108403605,1592900
2021-04-28,63.37015151977539,63.76096701548774,63.04585916035353,63.62792074290675,1374400
2021-04-29,63.78590774536133,64.01873236429239,63.262052352766446,63.262052352766446,3188100
2021-04-30,64.36798858642578,64.38461620083959,63.403422006519826,64.06864077500644,1962000
2021-05-03,64.65069580078125,65.41569286518973,64.31808645069192,64.44281574997488,1517500
2021-05-04,64.95835876464844,65.38242948889707,64.50102012791498,64.79205092220194,1526100
2021-05-05,63.93558120727539,65.13297220431055,63.270362576923624,64.85856904349082,1928500
2021-05-06,64.74215698242188,64.85025231406962,63.66949526747404,64.1933506586832,1793600
2021-05-07,64.93342590332031,66.62972830443627,64.93342590332031,64.95837684462856,2656200
2021-05-10,66.39686584472656,66.87914893179155,65.19116447105776,65.19116447105776,2391100
2021-05-11,65.97281646728516,66.8043367535519,65.32423165903651,66.58814604679989,1954700
2021-05-12,64.77542877197266,66.1391214750461,64.6590164444417,66.09754292492958,2054400
2021-05-13,65.92292785644531,66.37194957623399,64.55091810331267,64.55091810331267,2065600
2021-05-14,65.6651382446289,66.60475360128017,65.58198750984467,66.19731056004132,1535500
2021-05-17,65.46558380126953,66.44677782604035,65.45726682350163,65.7566145831941,2743800
2021-05-18,65.28504180908203,65.58736565194195,64.86514829478398,65.40261148052016,2344100
2021-05-19,65.48657989501953,65.55375797212447,64.76436270785464,65.24304094520205,2783400
2021-05-20,65.8560791015625,66.62868141732419,65.61254016151624,65.61254016151624,1810800
2021-05-21,66.30955505371094,66.41033176120007,65.79728466966962,65.90646103788215,3270200
2021-05-24,65.82249450683594,66.6370888199095,65.77210934340971,66.48592692256528,1344300
2021-05-25,65.34381103515625,65.86448117504959,64.90712470371331,65.73851186943902,1090700
2021-05-26,65.50337982177734,65.69653363266843,65.13387152636781,65.21785534409962,1466100
2021-05-27,64.55442810058594,65.56216992377284,64.25210427221661,65.50338509087138,2866800
2021-05-28,64.8651351928711,65.07508190761362,64.64679522262587,64.82314969416176,1629000
2021-06-01,64.18489837646484,65.07507023706908,64.15970580034421,65.04987766094845,1745700
2021-06-02,64.48723602294922,65.04149203842591,64.05894291526347,64.25209671898544,2678900
2021-06-03,64.88192749023438,65.0330893647583,64.21009551300257,64.3360648096166,3276900
2021-06-04,64.8651351928711,65.31862086556278,64.84834227480042,65.12547347595621,1418900
2021-06-07,64.92391204833984,65.12546548284217,64.78114983753238,65.00789584958139,960000
2021-06-08,64.06733703613281,64.99110125339611,64.00015255307895,64.88193127373229,1497500
2021-06-09,64.56280517578125,64.61319673925716,64.08412696868032,64.2772807466979,1229300
2021-06-10,64.69718933105469,64.87354382697912,64.31928134801706,64.56282033964588,1217400
2021-06-11,64.85675048828125,64.94072790383704,64.39486509212522,64.66359666614342,1297900
2021-06-14,65.29342651367188,65.36061099826259,64.62159448189487,64.82314793566702,1451500
2021-06-15,65.29342651367188,65.91486697847328,64.915525000213,65.29342651367188,1991400
2021-06-16,64.008544921875,65.17584795190335,63.94136044647637,64.80633974427508,2930100
2021-06-17,64.0589370727539,64.38645341727019,63.81539812812758,64.0589370727539,2658000
2021-06-18,62.555721282958984,63.865793138756814,62.46334421597756,63.865793138756814,3831300
2021-06-21,63.14357376098633,63.269536659760526,62.48854105910029,62.66489552444922,2609300
2021-06-22,62.53054428100586,63.30314684545681,62.480159107214185,63.042814904777366,2235100
2021-06-23,61.69913101196289,62.555710642651434,61.338022468020895,62.421348099846874,2169000
2021-06-24,61.66555404663086,61.82511561235106,61.35483057840355,61.69074662920441,1611000
2021-06-25,62.035057067871094,62.102235146665954,61.531179830985714,61.615163641843424,2076200
2021-06-28,61.9930534362793,62.421346443792935,61.79989967773346,62.03504533376526,2285300
2021-06-29,60.50664138793945,61.87549156279702,60.347079845981675,61.72432968280145,2552400
2021-06-30,60.229515075683594,60.67460108968858,60.08675284610942,60.54863177833152,2270400
2021-07-01,60.91813659667969,61.077698142491734,59.76762634852988,60.35548096585243,2297400
2021-07-02,60.859352111816406,61.0189136585098,60.63260608156105,60.93492985052486,1117000
2021-07-06,61.254058837890625,61.28765108290391,60.10354847268163,60.783773814770235,1940800
2021-07-07,61.58995819091797,61.5983578525353,60.80056298963173,61.07769415942269,1805200
2021-07-08,61.60675811767578,62.27019043652405,61.338026606869555,61.59835845597617,2445200
2021-07-09,61.55638122558594,62.0014672494495,61.11128879465691,61.80831344681498,1932000
2021-07-12,61.60675811767578,61.85029705044777,61.17846506989989,61.49758814383921,1154300
2021-07-13,60.99370574951172,61.75791472234168,60.88453578499204,61.53956838623826,1992400
2021-07-14,61.46399688720703,61.65714425993528,60.52343338080884,60.850949714621706,2206600
2021-07-15,62.446537017822266,62.463329932039976,61.31282629974475,61.45558849531859,2135500
2021-07-16,62.92524337768555,63.20237463952492,62.35418793225896,62.56413469297364,2100100
2021-07-19,61.951072692871094,63.52987606087988,61.245654818959636,62.841251104747904,2450200
2021-07-20,61.783103942871094,62.6732757467782,60.98530918356533,60.993702437028205,3083100
2021-07-21,61.11969757080078,62.08545391384255,61.06091273637561,61.816722326889455,1601300
2021-07-22,61.33803939819336,61.53118680811088,60.83416851123843,61.178477827949024,1754300
2021-07-23,62.29537582397461,62.320568399100935,61.38840467704353,61.497581045342784,1403100
2021-07-26,62.110626220703125,62.57251148829161,61.83349506015004,62.34576548163387,1477600
2021-07-27,63.4290885925293,63.571850794209034,61.66553779930839,62.03504599853977,1625500
2021-07-28,62.63969421386719,63.48788067418332,62.152622740190864,63.41230293772254,1513200
2021-07-29,62.58090591430664,62.816051586704496,62.17781186146779,62.62289781471523,1381500
2021-07-30,61.951072692871094,63.25274486452959,61.69074082136546,62.71528179667367,4354200
2021-08-02,62.56412124633789,62.79086088006824,62.09384265367329,62.11903523441385,1495600
2021-08-03,62.8580322265625,63.37030261808373,62.31216959872107,62.56410816759064,1439900
2021-08-04,62.87483596801758,62.93362078394421,62.08543437666192,62.58090548132002,1862900
2021-08-05,63.252750396728516,63.25275039672852,62.30379348609344,62.74047986427031,1740000
2021-08-06,63.42068862915039,64.0841208895781,62.4465393909087,63.23594093747962,2218200
2021-08-09,63.88258743286133,63.907780014023416,63.28633951945215,63.647448132594654,1386300
2021-08-10,64.15971374511719,64.46203751012915,63.60545137357361,63.99175253840781,1938500
2021-08-11,64.76435089111328,64.94070532458356,64.21848826919259,64.27727308034935,1522200
2021-08-12,64.87352752685547,65.37739830390358,64.68877341362277,64.89872010464819,2388600
2021-08-13,65.28504180908203,65.51178789476025,64.72238603761862,64.94073245903225,1448600
2021-08-16,65.71332550048828,66.14161861721745,65.18426205539859,65.43619428336555,2077600
2021-08-17,65.51399230957031,65.7938957018515,64.76758973464338,65.69211088525209,1737700
2021-08-18,64.97114562988281,65.6327306858923,64.68276505517325,65.51398498205242,1710200
2021-08-19,65.04750061035156,65.7939032711488,64.93723209522723,65.10687347574274,1558600
2021-08-20,65.26802062988281,65.52247944921619,64.52161801561168,64.90329977345515,1834000
2021-08-23,64.28411102294922,65.26800484604514,64.13992074673642,65.26800484604514,1655700
2021-08-24,63.63102340698242,64.2502031293333,63.38505472658406,64.22475853971672,1575400
2021-08-25,63.843048095703125,64.06357858100476,63.16450221415517,63.57162844885298,1674300
2021-08-26,63.80065155029297,63.91939725796726,63.32566871959579,63.614049303617435,1592600
2021-08-27,64.1568832397461,64.19929519081886,63.69037766256653,63.90242447561994,1547700
2021-08-30,64.2077865600586,64.4876899680769,64.03815166067838,64.22475393269058,1938000
2021-08-31,63.9957389831543,64.55554579291801,63.81762039945399,64.17386403801115,3234400
2021-09-01,64.83544921875,65.01356780250786,64.00422269005676,64.04663465001858,2834200
2021-09-02,65.42070770263672,65.42070770263672,64.98813668293289,65.02206496370223,1483300
2021-09-03,64.71671295166016,65.47159935694587,64.6997455767338,65.42070370332429,1948000
2021-09-07,63.51226806640625,64.85240566683568,63.46137889487169,64.74214363812546,1828800
2021-09-08,65.2425765991211,65.35284510831328,63.41897230141568,63.5801299864463,2427400
2021-09-09,64.78453826904297,65.25952751801765,64.71668820875088,65.14078182356273,1925700
2021-09-10,63.35111618041992,64.69124729518707,63.32567159492807,64.53009609668665,2146200
2021-09-13,63.11362838745117,64.23323551163557,62.9355033364423,63.910920153768465,2416200
2021-09-14,62.92702102661133,63.503788678502076,62.723451405128095,63.35111469796759,2048400
2021-09-15,62.757389068603516,63.51227539891299,62.638643340542934,62.74891185313979,2766000
2021-09-16,62.477481842041016,63.18147240795374,62.41810251662379,62.83371896760974,1979900
2021-09-17,61.977046966552734,62.714972261627885,61.858301259918434,62.0109752357562,7274000
2021-09-20,62.180625915527344,63.079709100056675,61.75653214942247,61.99402362305603,2743200
2021-09-21,61.9600830078125,62.77434201501891,61.88374278808561,62.12971787429724,1570500
2021-09-22,62.12974548339844,62.51142733817787,61.63779509236318,62.12974548339844,1865800
2021-09-23,62.0109748840332,62.67255995185916,61.90919007700012,62.08730863594129,1606400
2021-09-24,61.91767120361328,62.51139970888441,61.8413374548593,61.89222662069529,1734600
2021-09-27,61.51902770996094,62.910054451917816,61.46813853952416,62.1636519105026,1871300
2021-09-28,61.2052001953125,61.832857000988355,60.95074141052611,61.68866670948207,2258800
2021-09-29,62.299373626708984,62.79132396405908,61.137360812296286,61.137360812296286,1499300
2021-09-30,61.56991195678711,62.485955778330826,61.56991195678711,62.23998068896323,2752100
2021-10-01,60.7302131652832,62.16365186226232,60.67932399488592,62.16365186226232,2237400
2021-10-04,62.104286193847656,62.32481674301819,60.662363644540875,60.687814703840964,2150500
2021-10-05,61.951622009277344,62.3333038342142,61.671718553039526,62.17215259338814,2160500
2021-10-06,63.28326416015625,63.32567611977718,61.66322307575283,61.84982534423453,2696000
2021-10-07,63.08819580078125,63.868533365809206,62.95248914022745,63.359615593047145,1624600
2021-10-08,62.31633758544922,63.03729567692017,62.265448405464056,62.952478219892505,1788500
2021-10-11,62.698001861572266,64.92873853802145,62.68952464804782,64.19081327860647,7765700
2021-10-12,64.19931030273438,64.53858010655661,62.553824575338375,62.71498226196363,4354400
2021-10-13,64.50465393066406,64.78455085272897,63.9533308300892,64.10600481992292,3608800
2021-10-14,64.18234252929688,64.81000589899561,64.11448598049323,64.47072962613404,3854100
2021-10-15,63.164527893066406,64.25020692183902,62.99488650034727,64.12297749508903,16582100
2021-10-18,61.82438659667969,62.189107481938095,61.11191220007652,61.909204052776666,6172200
2021-10-19,62.53685760498047,62.5623021906823,61.82437684954876,62.214542263007715,1986600
2021-10-20,64.046630859375,64.13144830312211,62.63015301705789,62.765866103978205,2198600
2021-10-21,63.98725891113281,64.31805147625768,63.65646634600796,64.14841011519604,1519600
2021-10-22,64.53856658935547,64.74213619440047,64.13992400624188,64.23322512409867,1248900
2021-10-25,64.36044311523438,64.69971929320204,64.03813430530028,64.37741048326794,1637500
2021-10-26,64.6997299194336,65.13230727916739,64.25019166003545,64.36045368574348,1625200
2021-10-27,64.45376586914062,64.99660534770918,64.22475809302706,64.99660534770918,1581700
2021-10-28,64.70820617675781,64.89480840742443,64.32651803098831,64.5640158971173,1320000
2021-10-29,63.95332336425781,64.9626618453486,63.758237439016945,64.70820953943438,2475800
2021-11-01,64.5555419921875,65.0305248540902,63.72431551270161,63.95332972908767,1659800
2021-11-02,64.83544921875,65.05597329131314,63.953333515027815,64.62340236125398,1976500
2021-11-03,65.29346466064453,65.49702781150603,64.41134904537019,64.59795129664151,2173500
2021-11-04,64.6997299194336,65.56488463890119,64.05510572253796,65.2001638201366,2128100
2021-11-05,66.33673095703125,66.82868116636067,65.55640015881234,65.55640015881234,3651700
2021-11-08,65.35285186767578,66.20103939887906,65.09839301985187,66.15862743385597,2418800
2021-11-09,66.0144271850586,66.17557839138018,65.49703235109334,65.56488889646891,1688300
2021-11-10,66.12468719482422,66.70145487055767,65.55640320479223,66.15861546647398,2345300
2021-11-11,65.80238342285156,66.05683577321935,65.30194946616196,65.88720087297415,1566800
2021-11-12,65.43765258789062,65.8278179759026,65.32738409549972,65.8278179759026,3386200
2021-11-15,66.81171417236328,66.84564244262786,65.69210713825576,65.90415397404246,1880400
2021-11-16,66.40482330322266,67.21861185904119,66.38769387072801,66.88453237401214,1560000
2021-11-17,66.3876953125,66.51618893309947,65.83089398020698,66.28489910892901,1603500
2021-11-18,66.5247573852539,66.61897906986886,65.46254954725237,66.21637530782856,1739900
2021-11-19,66.84169006347656,67.18433748672386,66.52474658872403,66.59327084500867,1841000
2021-11-22,67.30426788330078,67.98956277845289,66.4733499469522,66.73890514993829,1899300
2021-11-23,67.81824493408203,68.17802186160723,67.28714752738978,67.39850518530262,1552300
2021-11-24,67.861083984375,68.15233013035393,67.53556589715396,67.97244165158025,1295500
2021-11-26,67.3899154663086,68.43498704436325,67.3470886280579,67.5355384801804,1337400
2021-11-29,68.82905578613281,68.95754942133867,67.34711459507096,67.69832356014533,3064700
2021-11-30,66.50762176513672,68.46070390875492,66.50762176513672,68.22942061720312,5229000
2021-12-01,66.76461029052734,68.16089112181028,66.38769740103322,66.81600512620118,1775200
2021-12-02,67.40705871582031,67.9981188170259,66.96161510877059,67.1072381383824,1830200
2021-12-03,68.98324584960938,69.00894326918957,67.42420588565311,67.71545855696327,2618700
2021-12-06,69.68566131591797,70.27672803184777,69.2402241845864,69.38584723372779,2842800
2021-12-07,69.86555480957031,69.9940484356311,69.15456894488764,69.43724707967259,2061700
2021-12-08,69.8398666381836,70.43093347504549,69.42012683723871,70.01975512430283,1439400
2021-12-09,69.96833801269531,70.1910598207735,68.9146983173827,69.97690599562881,4671600
2021-12-10,70.76499938964844,70.91919042453272,69.86555059691402,70.17393266668257,1526200
2021-12-13,71.50169372558594,71.93856944154197,70.58511544180827,70.68790511465158,3965300
2021-12-14,71.24471282958984,71.90431045465652,71.02199749491868,71.60448978755826,1532200
2021-12-15,72.40113067626953,72.51249486087558,71.19330636164347,71.29610256232824,2603500
2021-12-16,72.5467529296875,73.00075799978167,71.63017480644373,72.1698401007235,1932100
2021-12-17,71.80150604248047,72.92367017945806,71.65588298594052,72.60672664880725,4627100
2021-12-20,71.98994445800781,72.16983287141484,70.80781779756643,71.29608821551565,1592400
2021-12-21,71.416015625,72.4953461326543,71.14189900687984,72.3497231089089,1368200
2021-12-22,71.82719421386719,71.9042929921123,71.2189981129713,71.39888654826815,4738800
2021-12-23,71.75867462158203,72.24694517517382,71.64731696390578,72.03279130894133,1313500
2021-12-27,71.72441101074219,71.89573147821508,71.36462757231806,71.57021997583382,974200
2021-12-28,72.29833984375,72.30690782753294,71.62161290494589,71.72440910397097,786600
2021-12-29,72.8979721069336,72.96650291014508,72.18697972839286,72.4439669727074,1343300
2021-12-30,72.96650695800781,73.14639542482458,72.52106978333642,73.00077236151445,1396500
2021-12-31,73.08644104003906,73.32629235681779,72.5296396058266,72.84658972326034,1048000
2022-01-03,72.92366790771484,73.18065514633254,71.97282427446912,73.11212434464022,1450500
2022-01-04,72.78661346435547,73.60039550119947,72.54676219183122,72.69238524508422,2844600
2022-01-05,73.28345489501953,73.88308310020057,72.77804837740356,72.8123137799078,3592300
2022-01-06,73.12925720214844,73.7888481678738,72.73521491236416,73.71175592084187,3841800
2022-01-07,73.38626098632812,73.72890855257634,72.38402224680553,72.8294595081071,3727400
2022-01-10,72.6238784790039,73.8231417740003,72.37545914011143,73.4547967591541,3870600
2022-01-11,71.15904998779297,72.8894104383431,70.32813189936381,72.59816430264422,2965500
2022-01-12,71.2618408203125,71.32180363992592,70.52515101622924,70.8078356810313,2147400
2022-01-13,71.90431213378906,72.17842885132693,70.96202979026076,71.2190170722154,1584700
2022-01-14,71.5445327758789,72.15273560936863,71.03913270367514,71.95571114373051,2202900
2022-01-18,70.2339096069336,71.04769832958698,69.6856761583153,70.93633412144192,3263300
2022-01-19,70.37095642089844,71.08194877144655,69.89981533669021,70.32812303671338,1976400
2022-01-20,70.2767105102539,70.9277398803052,69.75417472494968,70.13964894373565,2727100
2022-01-21,70.80784606933594,71.71585648111363,70.48232797042836,70.79071009809968,4222100
2022-01-24,70.2339096069336,71.39033933337974,68.62347466854963,70.67078538286506,3852200
2022-01-25,70.07970428466797,70.85065945728206,69.6428351330674,69.67709399811079,3044400
2022-01-26,69.71135711669922,70.62793530984382,69.19738919693287,70.07970199069882,4293100
2022-01-27,70.89350891113281,71.46743979482684,70.15681897203423,70.37097287211036,2890800
2022-01-28,72.49535369873047,72.5895819087425,70.41377816607114,70.89348719943867,2515600
2022-01-31,74.05440521240234,74.14007198828313,72.31547684352414,72.81231538762003,5553800
2022-02-01,73.71174621582031,74.69684854285232,72.92365520455655,74.3285037172423,2343300
2022-02-02,74.65402221679688,74.7311144542115,73.266303124231,73.4204941345161,1798400
2022-02-03,74.51697540283203,75.09947416428798,74.22572928983264,74.50841395394887,1382700
2022-02-04,73.74601745605469,74.5084111830186,73.04359308178564,73.84881365794415,2578800
2022-02-07,74.1828842163086,74.44843940536396,73.14638047997079,73.8488047696979,1759000
2022-02-08,74.02870178222656,74.61976850342705,73.83168389879765,74.39704666804678,1602400
2022-02-09,73.99443054199219,74.67972542655914,73.84023951973744,74.41417676313124,1461700
2022-02-10,71.98139953613281,73.60897029586543,71.81007905003786,73.36911900114944,1592100
2022-02-11,72.17839813232422,72.76089672611401,71.74152255311805,72.14413274028301,1671200
2022-02-14,71.11621856689453,72.56390090682956,70.33670183147727,72.2726547630682,1902600
2022-02-15,70.3637924194336,71.68700426433044,69.98325849343932,71.45349900862557,1268700
2022-02-16,70.12163543701172,70.54540764707846,69.28273471629727,70.26865750606126,2466800
2022-02-17,70.4416275024414,70.82216144030514,69.54219444643577,70.28595512770117,1939000
2022-02-18,73.17455291748047,73.33887561695852,70.1562450162623,70.21678391634707,3880200
2022-02-22,73.2956314086914,73.7626486129964,72.03295819627212,73.26968710815979,2382100
2022-02-23,72.99292755126953,73.8837169460074,72.8891437641978,73.52048358862302,2387200
2022-02-24,72.05024719238281,72.99293183510338,70.5194741831419,72.60374755942715,2479300
2022-02-25,74.32479858398438,74.66208768405463,72.64699678489475,72.88915238512517,1883800
2022-02-28,74.1777572631836,74.48910200999973,73.42534629024803,73.58966236344692,2439400
2022-03-01,73.84046936035156,75.36259852403312,72.91508540365331,74.58423664497754,2122200
2022-03-02,75.1636962890625,75.7431409647367,73.95291174112371,73.95291174112371,1728700
2022-03-03,76.35717010498047,76.46095388614269,75.2155749051724,75.24151920090195,1700500
2022-03-04,77.73228454589844,77.74958514499262,75.96799953827251,76.10637793804487,1754300
2022-03-07,77.95713806152344,78.07821584964472,76.69446498665538,77.76687108069154,1809100
2022-03-08,76.75498962402344,78.68359677357809,76.74633932698019,78.2252234056933,1546000
2022-03-09,76.43500518798828,77.68903450297542,76.24474481442455,77.42957834173828,1524200
2022-03-10,77.37769317626953,77.5766038568838,76.12366380573457,76.14961470160321,1353200
2022-03-11,77.26524353027344,78.37225059252812,77.10957777587485,77.23929923787367,1405900
2022-03-14,77.42094421386719,78.16471165996525,76.79826117368232,77.87066744084285,1443400
2022-03-15,78.1820068359375,78.53658993429335,77.6198561403417,78.2079511360312,1545200
2022-03-16,77.52471160888672,78.13010051907276,76.47824986513984,77.95713414423224,1651600
2022-03-17,77.8447265625,78.30309351143508,77.0404201771954,77.63715894173072,1913800
2022-03-18,76.71176147460938,77.83606279877854,76.19285570893315,77.79281790237019,3430900
2022-03-21,77.46417236328125,78.18199535224765,77.1009390188323,77.14417731322239,1247600
2022-03-22,77.22203826904297,77.72365013078091,76.4955647799318,77.68905552670456,1441400
2022-03-23,77.7841796875,78.28578489069123,76.66852858357893,77.41229598619299,1265100
2022-03-24,79.05547332763672,79.0727673219398,77.69766053722526,78.23386673602005,1462800
2022-03-25,80.15384674072266,80.38735202209506,79.13332922557777,79.28900161257427,1565300
2022-03-28,80.47383880615234,80.54302139915286,79.34953754227735,80.28357182935093,1185100
2022-03-29,80.88030242919922,81.02733109555946,80.0068137198647,80.50841881098222,1284100
2022-03-30,81.92679595947266,81.94408996177732,80.61222744396,80.9927614771209,1352300
2022-03-31,81.88352966308594,82.80026330537729,81.67596869842913,81.88352966308594,2073600
2022-04-01,83.1202621459961,83.1202621459961,80.94949912211139,81.60678323816404,1906700
2022-04-04,82.5494613647461,82.78297323452558,81.28678832263385,82.78297323452558,1893300
2022-04-05,83.15485382080078,83.88997080199417,82.59270321227261,82.59270321227261,1545500
2022-04-06,85.10074615478516,85.22182392242283,83.1029497922767,83.53537227619508,1835000
2022-04-07,84.37427520751953,85.31695967876269,83.99374789829875,85.10074843102038,1956000
2022-04-08,84.67698669433594,84.91914226600535,83.4748459379866,84.75481958598205,1546100
2022-04-11,83.5440444946289,84.62510098808488,83.20675539653026,84.002411392135,1861200
2022-04-12,84.58185577392578,84.73752816018924,82.76567573477055,83.1029648053006,2667200
2022-04-13,84.66834259033203,84.83265868413251,83.9418692239293,84.75482578679201,1792900
2022-04-14,84.78075408935547,85.26506517674684,84.52130454892882,84.9796713421019,1272500
2022-04-18,83.83808135986328,85.28237101153196,83.49214201979596,85.10075434260155,1003300
2022-04-19,84.76345825195312,84.96236890213643,83.9591521574333,84.24455258412436,1132800
2022-04-20,85.1093978881836,85.8099202125147,85.08344699618605,85.31695883645881,1344100
2022-04-21,84.91915130615234,85.73210129783664,84.46942811239535,84.85861240679027,1913500
2022-04-22,83.44890594482422,84.87590174947006,83.31053415312394,84.75482395739051,2026900
2022-04-25,83.06837463378906,83.89862513939391,81.40786702433488,83.89862513939391,1666300
2022-04-26,82.29866027832031,84.1667222041071,82.27270938361633,82.96458808101545,1436100
2022-04-27,81.92679595947266,83.27595247959465,81.46842242032619,82.38516290037329,1431700
2022-04-28,82.54080963134766,82.9818758344591,81.68460832314452,82.20352060626537,1096800
2022-04-29,80.20572662353516,82.25541172994,80.10194944230815,82.19487284147625,3999900
2022-05-02,79.57438659667969,81.20894304280058,78.65764645250952,80.95813721267577,1721900
2022-05-03,79.80789947509766,81.50299496679776,79.63493310587594,79.6695276993691,1518600
2022-05-04,80.86300659179688,80.9840843625775,79.86843353331855,80.33545061986256,1859800
2022-05-05,80.13655853271484,81.22625872219635,79.72142993797534,80.57762482920943,1606100
2022-05-06,81.27814483642578,81.70191708497254,78.70090355310745,79.21980928985269,1747200
2022-05-09,81.62407684326172,82.56676141811131,79.74736459017554,80.76788205560969,2088900
2022-05-10,80.12789916992188,83.04242290986703,79.55709824149979,81.70191697493432,2107400
2022-05-11,81.53759765625,82.67919296189805,80.18844136727812,80.45654124566492,1662400
2022-05-12,81.5981216430664,82.09973330951051,80.38733736477647,81.58947134585365,2167500
2022-05-13,82.50621795654297,82.56675684528179,81.07922232399191,82.16892891953468,1735600
2022-05-16,82.19486999511719,83.1375478825859,82.03919763042356,82.76566426683134,1639500
2022-05-17,83.28498840332031,83.4332428067674,81.15707662283243,82.75301045819835,1589500
2022-05-18,83.04080200195312,84.06987331520827,82.86637918827851,83.59021889454061,2151000
2022-05-19,82.69197845458984,82.84023288370807,81.39255985466613,82.82279392586231,1991600
2022-05-20,83.55533599853516,83.74719777062941,82.30824113347269,82.89254925400067,2400400
2022-05-23,85.1861572265625,86.197782985329,84.15708585872827,84.98557264358575,2778300
2022-05-24,87.54953002929688,87.62802196160582,84.72394688362951,85.28208659996997,1853100
2022-05-25,87.48849487304688,87.87221847209194,86.95651684838933,87.54954120439031,1877800
2022-05-26,87.09605407714844,88.18617187631072,87.00012317853808,87.99431007909,1480100
2022-05-27,87.71524047851562,87.7937257666102,86.55535353952168,86.64256163303266,1321800
2022-05-31,86.5640869140625,87.52338936691221,86.18908607798329,87.017573047819,3889500
2022-06-01,86.01464080810547,86.68615700764728,85.01173789122245,86.6251106852844,1970800
2022-06-02,85.97105407714844,86.3286092652722,84.4012817417116,86.29372469631237,1487700
2022-06-03,85.38675689697266,86.06698939270008,85.29082599080068,85.8402430096071,1093800
2022-06-06,85.55245208740234,86.54663908719414,85.17745126091584,85.81408304673774,983900
2022-06-07,85.88383483886719,86.01464363855631,84.41871640039584,85.29952670153759,1810900
2022-06-08,84.62800598144531,85.69196176904788,84.45358318226077,85.55242352970025,1054800
2022-06-09,82.42161560058594,84.86347509872425,82.32568471689854,84.61056701023475,1270700
2022-06-10,82.97976684570312,83.61639190401252,81.12220188804079,81.60185637324724,1946400
2022-06-13,79.49138641357422,82.67453152434418,79.04661651555799,82.18615425559182,2157400
2022-06-14,77.4245376586914,79.9536126805198,76.37802706861514,79.5698890258342,1922300
2022-06-15,76.96231079101562,78.34893733280956,76.0291702917595,77.87801233436859,1924800
2022-06-16,76.45648956298828,78.01753882926093,75.22684031911156,76.2471888381146,2640700
2022-06-17,75.7675552368164,76.98848866564987,75.07859989730645,76.67453416527692,4185900
2022-06-21,76.92742919921875,77.18033731766884,75.56696436546727,75.76754230708408,2130800
2022-06-22,77.52916717529297,78.12219143214719,76.50881867047836,76.57858114209945,1732700
2022-06-23,79.63091278076172,79.9187054401509,77.63381642715373,77.68614659930188,1800900
2022-06-24,81.04371643066406,81.26173998647091,79.6832515715656,79.91871408427461,1667000
2022-06-27,81.59312438964844,81.99428688962601,80.45068321246119,80.74719202192499,1350600
2022-06-28,82.08150482177734,82.6483607035399,81.8198739120789,81.95941217153151,1575100
2022-06-29,82.60476684570312,82.94488306441824,82.1774425343651,82.1774425343651,1257200
2022-06-30,82.93614959716797,83.834405477455,82.08150108436192,82.22975548811704,2282100
2022-07-01,84.80243682861328,85.03790598494649,82.68324768936753,83.33731832921437,2030200
2022-07-05,80.83441162109375,84.85476632057949,79.23847767587304,84.7675515797954,2973300
2022-07-06,81.19197082519531,82.19488051228886,80.3983685421645,81.12220169050774,1835500
2022-07-07,80.49429321289062,81.74138812137936,80.25882406492086,81.20941015424813,1581000
2022-07-08,80.20650482177734,80.95650636777457,79.98848127127933,80.83441371177975,1375300
2022-07-11,81.04371643066406,81.11348556537448,79.75301405272512,79.78789862008033,1602300
2022-07-12,80.9477767944336,81.90707900570409,80.46812236202325,80.70359150286113,1507600
2022-07-13,80.69487762451172,81.40999462331128,80.03208415010818,80.38964597628342,1230100
2022-07-14,80.96522521972656,81.15708701513223,79.10766690280535,79.22103675756735,1184700
2022-07-15,81.45359802246094,81.63673700246386,80.41580381556048,81.62801419763974,2464000
2022-07-18,79.90999603271484,81.38383748678096,79.84023354740532,81.10476758488899,1403900
2022-07-19,80.42453002929688,80.92162346853215,79.95359835209226,80.25010719317432,1047400
2022-07-20,79.0466079711914,80.35474910926746,79.0030006051689,80.34602630535298,1427900
2022-07-21,79.20360565185547,79.30825936523755,78.3053495693687,78.84605044151536,1302100
2022-07-22,80.61637878417969,80.65126334576233,79.23846854263962,79.61346926271572,1098100
2022-07-25,82.05533599853516,82.10766617234398,80.18905503574648,80.33731609906269,1159100
2022-07-26,83.16290283203125,83.17162563696124,81.89836891276116,81.95069243523972,1484300
2022-07-27,83.4507064819336,83.6163998760788,82.4739584614577,82.84895928013088,1457800
2022-07-28,85.88383483886719,86.01464363855631,83.97394652080177,84.18324725385472,1455700
2022-07-29,86.5727767944336,87.00010768616585,85.78789744164341,85.80533639576214,3687100
2022-08-01,85.75300598144531,86.7646315776978,85.09021266790447,86.36346912973998,3332900
2022-08-02,85.50883483886719,86.49429884196248,85.34313481973906,86.37220619214715,1662200
2022-08-03,85.55245208740234,85.71815213855153,83.57280089407705,85.07280420002304,1833700
2022-08-04,84.96813201904297,86.1192960135376,84.9332474551431,85.70068790028945,1820400
2022-08-05,84.75885009765625,85.18617445654236,83.21523940691495,84.89838173066832,1669100
2022-08-08,85.90127563476562,86.42453080538405,85.20359763824074,85.24720500810497,1200400
2022-08-09,86.25883483886719,86.79080614459062,86.05825025850568,86.41580539712801,964100
2022-08-10,86.32861328125,86.69489794559217,85.50884915998779,86.53792070474596,989800
2022-08-11,85.88383483886719,86.96522972211616,85.78790395006159,86.24138998060138,1199800
2022-08-12,86.4332504272461,86.84313573609455,86.05824968229435,86.30243497602102,1955100
2022-08-15,87.46233367919922,87.55826457958467,86.24140039083537,86.52047028644272,1055600
2022-08-16,87.91941833496094,88.24465756065217,87.17225402843712,87.39200863073108,1155400
2022-08-17,88.41168212890625,88.65780623529928,87.54144898738659,87.58540259483345,1002000
2022-08-18,88.71931457519531,89.05333910468866,88.34133644949463,88.5962525534674,950800
2022-08-19,88.38529205322266,89.2818877613732,88.17432283428823,88.98302476078214,1179200
2022-08-22,87.38322448730469,88.42925184839594,87.19862471720437,88.12159674219264,1597900
2022-08-23,86.81185150146484,87.68207776389218,86.44265870876991,87.52385419741653,930300
2022-08-24,86.91732025146484,86.98764331946273,86.09104767480865,86.63603468585013,1007900
2022-08-25,87.42717742919922,87.50629257990909,86.34598845173518,86.92613716263273,1109700
2022-08-26,86.60968017578125,87.6381300740258,86.43387918178968,87.42716753996031,1098600
2022-08-29,87.2074203491211,87.73483008225654,85.65156063041474,86.3108244734287,1017900
2022-08-30,86.40753173828125,87.42718983493779,86.0647150181107,87.06679569343687,1185400
2022-08-31,85.9152603149414,87.33927259983534,85.9064749591475,86.4602541611948,1962800
2022-09-01,87.40957641601562,87.56779996834749,85.77460194404536,85.95040291046877,1234700
2022-09-02,86.56573486328125,88.42924957662619,86.31960407826344,87.76119371576272,1178300
2022-09-06,85.92402648925781,87.27771528167983,85.70427194580702,86.65361318304477,1264300
2022-09-07,88.98302459716797,89.17640298793624,86.34596972273266,86.42507814990459,1685700
2022-09-08,88.48199462890625,89.22036685971828,88.14796334759575,88.780857663365,1252600
2022-09-09,88.64900970458984,89.19400356012001,87.88426794203751,88.97424894671926,1146400
2022-09-12,89.58955383300781,89.8444699740991,88.42045774998239,88.75448903449147,1387800
2022-09-13,86.86458587646484,89.1236625804009,86.43386879846305,88.88633059638525,1562600
2022-09-14,87.87545013427734,88.56987531393894,86.80304686205,86.82941633491187,1476700
2022-09-15,85.82736206054688,87.54144537824389,85.53728435866626,87.54144537824389,1302100
2022-09-16,85.62519073486328,86.46904764506725,85.47575250098973,86.03832377445904,2872200
2022-09-19,86.55694580078125,86.60089269841647,84.95713252781039,85.39664174243292,951800
2022-09-20,85.59001922607422,86.00315221756576,84.8076934304238,85.99436686265034,865800
2022-09-21,84.59673309326172,87.08435689697446,84.56157155076934,86.1350153688159,955700
2022-09-22,84.75495147705078,85.20325273332821,83.7089241542409,84.40334278009551,871700
2022-09-23,83.91989135742188,84.44730107899986,82.86506520788744,83.91109929525501,1206300
2022-09-26,81.89814758300781,83.7528770536842,81.11582169704992,83.60344552633913,1652500
2022-09-27,79.78849029541016,82.4694988653795,79.64785085092751,82.24095222342041,2319300
2022-09-28,79.83245849609375,80.76421594364656,79.35778770968605,80.76421594364656,2224400
2022-09-29,77.05474853515625,79.60389627770512,76.65039420957184,79.47204889585967,2057800
2022-09-30,75.38462829589844,77.82829864827838,75.11212800107366,77.48548197043394,3118300
2022-10-03,77.05474853515625,78.60181593741463,76.40427015495698,76.70313986868753,2289700
2022-10-04,78.32933044433594,78.40843888156107,76.64161671975128,77.15144229675121,1768000
2022-10-05,75.85928344726562,77.39756550217004,75.18243558753626,77.37118931930026,1808900
2022-10-06,73.83755493164062,75.74502349117705,73.63537772328294,75.5252688634043,1887200
2022-10-07,71.7103042602539,74.09244270755372,71.35869564930113,73.96058864014937,1855600
2022-10-10,71.63118743896484,72.62448224433476,71.45538649084473,71.7103025600823,1458400
2022-10-11,71.72789764404297,72.45748450060572,71.24444156441477,71.62241973173468,1955900
2022-10-12,69.85558319091797,71.55208872515446,69.80284424060692,71.39386516784411,1999200
2022-10-13,72.21137237548828,72.42233494138091,68.6513447058574,69.23150014503597,1949000
2022-10-14,72.0003890991211,73.187062412199,71.43781124126441,73.17827035178856,3156300
2022-10-17,72.9760971069336,74.26825509497299,72.80029612757724,72.98488916781466,1668000
2022-10-18,74.71656036376953,74.78688344187788,73.67931843399386,73.89907302329905,1647600
2022-10-19,74.31221008300781,74.5319646645025,73.2222292365799,73.81116990545503,1455900
2022-10-20,73.32769775390625,74.24187750062751,72.97608912726318,74.14518496064126,2384500
2022-10-21,74.60227966308594,75.07695031248822,72.70359706547683,73.63535424409415,2417700
2022-10-24,74.4440689086914,75.70106546305574,74.13640710992588,75.12970217354868,1595900
2022-10-25,75.46373748779297,75.69228417740854,74.2946412639037,74.47044898913836,1535400
2022-10-26,75.36703491210938,76.36911534061522,75.14728031451813,75.92960614543273,1941100
2022-10-27,75.96477508544922,77.00201715537153,75.63954254141565,75.90324406038513,1586700
2022-10-28,77.74916076660156,77.78432230102159,76.26362449902307,76.26362449902307,1605200
2022-10-31,77.31846618652344,78.15353778244861,77.02838847300063,77.74918337224044,2381400
2022-11-01,77.37120056152344,77.64370083975247,76.43944315606412,77.37120056152344,1261700
2022-11-02,77.53822326660156,79.11166723073387,77.18661451541136,77.2305681242023,1689200
2022-11-03,77.99530029296875,78.53149531073474,76.43064201373015,77.19539038415914,1583300
2022-11-04,79.1468276977539,79.22593614484444,77.09871295338661,77.81950786563178,1969700
2022-11-07,77.04596710205078,79.13802856123594,76.46581171639345,79.06770547696625,1600100
2022-11-08,77.60852813720703,78.34690030561043,77.14264950147,77.48546610913981,1277100
2022-11-09,77.06353759765625,78.32053411395832,76.85257507017542,77.59094726954724,1624000
2022-11-10,79.94672393798828,80.14010906660552,77.76676197592482,78.9270660412498,1711900
2022-11-11,78.33811950683594,79.99946368873796,77.48547061537109,79.83244805248627,2556800
2022-11-14,78.522705078125,80.01703348139755,78.522705078125,78.60181350478396,1845500
2022-11-15,79.55146026611328,79.7554413534341,78.77989522317813,78.92178952052794,2197200
2022-11-16,81.00592803955078,82.06129541419843,79.8175368497933,79.8175368497933,3049300
2022-11-17,80.53588104248047,80.91723171263682,79.94168553225546,80.3407704531611,1752100
2022-11-18,82.94815063476562,82.98362590483936,81.28972404766853,81.28972404766853,1959800
2022-11-21,83.49800109863281,84.07446235452596,82.94814460180596,83.12552093927371,1172000
2022-11-22,84.44692993164062,84.9701748252244,83.6664876954961,83.82612299232436,2231600
2022-11-23,85.7328872680664,85.8836520775215,84.03011505651213,84.30503991683794,1957900
2022-11-25,86.46897888183594,86.59313892559985,85.73288236079642,86.05215297796501,830000
2022-11-28,85.61760711669922,86.46899331586333,85.06775056951953,86.03443309014975,1596900
2022-11-29,85.4047622680664,85.48457655258323,84.62431984408283,85.23625642357612,1342000
2022-11-30,86.9478988647461,87.38245908817656,84.94359005874774,85.30720650728264,4302700
2022-12-01,86.77938842773438,88.32252540104173,86.56654358188196,87.44453449146185,1850400
2022-12-02,86.3359603881836,86.65523104994223,85.75949909521852,86.25614610585187,1719700
2022-12-05,86.35369110107422,86.60201119364943,85.49343451878504,85.60872405713351,1521600
2022-12-06,86.5221939086914,86.90354457203958,85.63533253032034,86.4157748736647,1600900
2022-12-07,85.66194152832031,87.25829479487479,85.50231296788056,86.3270875950154,1368300
2022-12-08,86.54878997802734,86.59313574897976,85.41360861027803,85.59098492787304,1005900
2022-12-09,85.60871887207031,86.56653068503297,85.5289046040974,86.03441526656971,1485400
2022-12-12,87.22281646728516,87.23168697573708,85.62647002292748,86.18519026352035,1225500
2022-12-13,87.36471557617188,88.49102654052199,86.40690367133246,88.23383593091425,1396300
2022-12-14,87.30264282226562,88.65953975069635,86.69070625994752,87.38245710454233,1983800
2022-12-15,86.00784301757812,87.31152391736927,85.63535599427773,86.83262459610071,1865500
2022-12-16,84.40259552001953,85.72402384177786,83.57781416978872,85.15642633628707,3946600
2022-12-19,84.11880493164062,85.43136281970467,83.69311523609576,84.34939079701992,1348000
2022-12-20,83.88821411132812,84.71299545972252,83.42704917402436,84.101065712744,1846800
2022-12-21,84.890380859375,84.90811511161245,83.94143935859495,84.25183951937046,1521000
2022-12-22,84.39373779296875,84.81055698572659,83.16099416769494,84.81055698572659,1049900
2022-12-23,85.00566101074219,85.14756207780813,84.32278073257939,84.32278073257939,1278500
2022-12-27,85.62648010253906,85.88366398198038,84.94359296187888,85.17417884526432,1352000
2022-12-28,85.11209106445312,86.04329149030207,84.97906049898452,85.85705140513228,1318200
2022-12-29,85.5732421875,86.25612915559527,85.24510784744146,85.56437844645998,1193800
2022-12-30,84.52676391601562,85.8038465885695,83.85275407547086,85.68855703415905,1224400
2023-01-03,84.92586517333984,85.46685126810489,83.3029068890447,84.6598039979346,2098400
2023-01-04,85.66194152832031,86.41577915021395,85.08548701682379,85.35154138377241,1878500
2023-01-05,84.50902557373047,85.47570127431871,83.7463242107821,85.04114107280206,1891600
2023-01-06,86.76165771484375,86.97450256937647,85.1564338812234,85.3781492448413,1414500
2023-01-09,86.66409301757812,87.48887435146389,85.3958810045326,85.85704593372407,1471300
2023-01-10,86.99223327636719,87.17848012848661,86.0876376068038,86.90354848777716,1259900
2023-01-11,87.45339965820312,87.85248456557575,86.97449370962684,87.03657373446737,1612100
2023-01-12,86.4955825805664,87.74606027687877,86.38029304597198,87.61302972698375,1236900
2023-01-13,85.5732421875,86.0078090821841,85.22736683293235,85.97233381938042,1236300
2023-01-17,84.6864013671875,85.91027454771962,84.50903177655023,85.64421339554755,2496000
2023-01-18,82.77965545654297,85.09436468884411,82.53133530025603,84.83718078855891,1808400
2023-01-19,82.0169448852539,82.9126700236047,81.74201325144713,82.83285574574226,1416900
2023-01-20,83.17872619628906,83.22306520372301,81.05912812719518,82.08788376694478,2507500
2023-01-23,82.96588897705078,83.90595992192908,82.43376670932312,83.03683274869418,1440500
2023-01-24,83.40931701660156,83.71084664351712,82.2386602443012,82.92154054221996,1176200
2023-01-25,83.76407623291016,83.78181725416525,82.38944479919347,82.89495564548979,1190000
2023-01-26,84.1454086303711,84.1720201564457,83.22307194670455,83.56008361482664,1276100
2023-01-27,84.17200469970703,84.57996006380056,83.56893877752218,84.06557891359874,952300
2023-01-30,84.29618072509766,85.13869636808725,84.01238534118599,84.17202066752479,1161700
2023-01-31,84.52676391601562,84.6775355071259,83.31176804147044,84.52676391601562,3663500
2023-02-01,84.65091705322266,85.13869352469406,83.81727194681986,84.1631473479667,1557600
2023-02-02,84.39373779296875,85.28059923207326,83.80840599537618,84.52676159586177,1625600
2023-02-03,82.41604614257812,84.22524456109615,81.49370929590913,84.16316452171539,1741800
2023-02-06,82.96588897705078,83.06344427505313,81.91052171659749,82.17658285046132,1370400
2023-02-07,82.6998291015625,82.90381020945733,81.94599823243217,82.48698425096218,1388600
2023-02-08,81.38726043701172,82.41602281697762,80.78419446818704,82.39828856769523,1407700
2023-02-09,79.98604583740234,81.89279276831698,79.88849052502238,81.56465832323588,1489700
2023-02-10,81.91051483154297,82.02580437121149,80.11905111536963,80.2343474212533,1373800
2023-02-13,82.30074310302734,82.39829840126016,81.7597570914511,81.93712667030219,1300400
2023-02-14,81.50446319580078,82.67648593366098,81.44183654765503,82.2738802020445,1047600
2023-02-15,81.59394073486328,81.6565673921228,80.8782084841537,81.19134177045126,1141800
2023-02-16,82.00550842285156,82.48862452807765,80.10880434096892,80.9050606090048,3701400
2023-02-17,83.42802429199219,83.49065095408578,81.10188235249495,81.92497757595187,3654600
2023-02-21,82.96279907226562,83.55327805715095,82.48861797014675,83.11489142018215,2197900
2023-02-22,82.67650604248047,83.69642988937605,82.39915353969702,83.18646796592826,1740100
2023-02-23,81.93392944335938,83.22225037551907,81.6207961204662,83.05226761497393,1848800
2023-02-24,81.64762115478516,81.94285719390122,80.708214521271,81.36132690493785,1886000
2023-02-27,81.28080749511719,82.89121700527502,81.24501985869216,82.23810458565721,1928700
2023-02-28,79.93879699707031,81.40605587254076,79.91195797782773,80.94083027881808,2705000
2023-03-01,78.86520385742188,79.89407627040941,77.86317046659848,79.64356280335804,1969300
2023-03-02,80.17141723632812,80.32350957020935,78.1762991875678,78.90992866217603,1415000
2023-03-03,81.13765716552734,81.16449618421132,79.47356974918968,80.39507912823613,1497700
2023-03-06,81.9786605834961,82.13970155659709,81.17346254378582,81.19135295155498,1592400
2023-03-07,81.11083984375,82.97174950348892,80.726131212854,82.75703047078731,2278600
2023-03-08,82.0323486328125,82.63177629029774,81.04820552255923,81.06610275681561,1839800
2023-03-09,81.67446899414062,83.26698135750246,81.53131844086158,82.32757462254251,1902300
2023-03-10,81.07503509521484,82.34546544053642,80.80663124162024,81.99654452633955,1969100
2023-03-13,83.01647186279297,85.59312030114087,81.02135375622733,81.11976805177683,2773800
2023-03-14,84.10797119140625,84.93106636991362,83.3475026715724,83.3832834829911,1936000
2023-03-15,85.56629180908203,86.02257570588719,83.64274873999625,84.08114222895175,2828000
2023-03-16,86.15677642822266,86.98882031017502,85.19947921572216,85.49471530870301,2182200
2023-03-17,85.55734252929688,86.31781796001096,85.02054156263577,85.82574642552474,3638400
2023-03-20,86.70252990722656,87.0782899157694,85.71838680038356,85.82574972816504,1735300
2023-03-21,83.37435150146484,86.76515373607933,82.45284191866199,86.39833553084226,2627700
2023-03-22,82.39915466308594,84.12586906352827,82.3275793823083,83.76799948543454,2537000
2023-03-23,82.0681381225586,83.17752776859989,81.46870362578755,82.07707991409312,2373100
2023-03-24,85.05632019042969,85.09210782785397,82.15758981700262,82.39914783737407,1643500
2023-03-27,84.6089859008789,85.71837537017524,84.51057160331776,85.36945443365629,1896500
2023-03-28,84.44794464111328,85.64680661356688,84.16165036535918,84.36742757564835,1762300
2023-03-29,85.09210968017578,85.55733532523075,84.79686678434398,84.80581540034332,1635800
2023-03-30,84.74320220947266,85.6199755945337,84.65373651264125,85.19053751942485,2108200
2023-03-31,85.5931167602539,85.62890439586359,84.58214165100628,84.70739496274338,2099900
2023-04-03,85.07421875,85.70049222625775,84.46584933286121,85.20842069675484,2235300
2023-04-04,85.90625762939453,86.2193977621967,85.08316241503229,85.2173643539769,1560900
2023-04-05,88.13399505615234,88.35766268670997,86.51463676937489,86.6130510728838,2040500
2023-04-06,88.5455322265625,88.88550452759837,87.2929922781138,88.50079597541328,1578600
2023-04-10,88.76026153564453,88.79604917556628,87.59719395426235,88.34871391523598,1355600
2023-04-11,88.6707992553711,89.055507867067,87.9282210565031,88.7155355134406,1338700
2023-04-12,88.29502868652344,89.22548677142436,87.93715914220866,88.66184002074557,1185300
2023-04-13,87.74929809570312,88.46503051292996,86.38939489912013,87.81192476753291,1335200
2023-04-14,86.49673461914062,87.36456600001112,86.32674505874107,86.97985745464977,1827000
2023-04-17,87.56140899658203,87.63297745282348,86.64884121510894,86.87250885212563,1520100
2023-04-18,87.24826049804688,87.6419176857937,86.75619583915729,87.49877396120917,997200
2023-04-19,87.80296325683594,88.4023908600142,87.39141564155858,87.4808813273503,1158300
2023-04-20,88.26818084716797,88.31291026961769,87.44507892973421,88.1518693320538,1215900
2023-04-21,88.608154296875,89.24336944071624,88.14292188185763,89.07337988609913,1875100
2023-04-24,89.32390594482422,89.36864220339791,88.24135538012892,88.75131732921339,1110700
2023-04-25,89.82491302490234,90.29013864767927,89.16285881432967,89.4670434858004,1404100
2023-04-26,88.6976318359375,89.85175758717705,88.44712519085496,88.83183377460148,1378600
2023-04-27,88.73342895507812,89.09129855448613,87.86559739489705,88.60817561915457,1713500
2023-04-28,88.09820556640625,89.16286564976056,87.57929503621725,88.64395511957156,2316000
2023-05-01,88.6707992553711,89.58336021815498,87.93716967327593,88.06242300491695,1834800
2023-05-02,88.18767547607422,89.10023642995387,87.74928881960814,88.59027449159284,1425200
2023-05-03,87.7135009765625,88.94814387033016,87.65982292816226,88.92130484613003,1203000
2023-05-04,88.14293670654297,88.7692101665844,87.42720438537411,87.88348826220803,1648000
2023-05-05,89.0107650756836,89.86070613605665,87.49877659019705,88.39344707956188,2218600
2023-05-08,88.58133697509766,89.75335326305495,87.90138541587443,88.87657308202013,1524900
2023-05-09,88.36659240722656,88.80498581781063,88.01767149727986,88.70657152774429,1469800
2023-05-10,88.93919372558594,89.45809740490277,88.21450601127819,88.87656024060927,1504400
2023-05-11,88.53659057617188,89.25232969610364,88.16977922590758,88.96603541328976,1628900
2023-05-12,89.03759765625,89.53861773558485,88.43817010993554,88.97497099955736,1624600
2023-05-15,88.1071548461914,89.46705101832039,87.36457668454872,89.32390046030982,1838100
2023-05-16,87.05170440673828,88.24246319690225,86.96149676310807,87.92673300299552,2261200
2023-05-17,86.51045227050781,87.26820474120906,86.30296849453842,87.20505870198396,1742500
2023-05-18,86.02332305908203,86.4021992958706,85.52717069014311,85.97821579557773,1806400
2023-05-19,85.8699722290039,86.75401681089286,85.5903195743064,86.46534820911654,2209800
2023-05-22,85.38285064697266,86.57360960080543,85.1843896742667,86.01431112157981,1907000
2023-05-23,84.688232421875,85.50011504472947,84.52585589730411,85.06711556747548,4775100
2023-05-24,84.34542083740234,85.25653372753105,84.13793709478652,84.96786518284883,1578200
2023-05-25,84.09284973144531,84.6431253052563,83.30802877804224,84.14697294119654,3679300
2023-05-26,83.61475372314453,84.02069161301807,83.19077017277715,84.01166878277114,2210700
2023-05-30,83.49747467041016,84.36348051908826,83.20880605418412,83.51552033027579,1939100
2023-05-31,84.16502380371094,84.48977684710346,83.28097232283075,83.69593301552064,3277300
2023-06-01,82.82991790771484,84.56192935669405,82.61341819719287,84.53486775317901,2937100
2023-06-02,82.77581024169922,83.62377046811406,81.65721328211735,82.64951814665014,2244800
2023-06-05,83.84928894042969,84.64313279315216,82.82992939965966,82.82992939965966,1963200
2023-06-06,83.3621597290039,84.40858079525297,83.1727147281188,84.33641192657315,1543100
2023-06-07,84.38151550292969,84.68822285781378,82.22552054274432,83.37117203276678,1847100
2023-06-08,84.79647827148438,85.02200082007874,83.28096646963411,83.33508967892811,1416400
2023-06-09,84.3364028930664,84.96787010277355,84.22815648404335,84.79647077861854,1264900
2023-06-12,83.56060791015625,84.52584409297276,83.03740085507562,84.52584409297276,2020900
2023-06-13,83.01935577392578,83.46137802232657,82.55027192208846,83.16369350212292,1728900
2023-06-14,83.34412384033203,84.3905519116468,82.85699424324443,83.27195496319248,1678000
2023-06-15,83.91243743896484,84.51684317607392,83.40726906875105,83.90342149121308,1997600
2023-06-16,83.86731719970703,84.93178378667628,83.63277184802872,84.2371705596601,4678700
2023-06-20,83.01033020019531,84.11088125289781,82.9471841667977,83.9845891861026,1939500
2023-06-21,83.82222747802734,83.84928908534371,82.10825456316296,82.92013719466742,1907100
2023-06-22,83.10055541992188,84.39956068601127,82.94719484843435,84.17403812592048,1914000
2023-06-23,81.85566711425781,83.5606171310903,81.5579825632698,83.52453269530942,1994100
2023-06-26,82.70362854003906,82.84795939097145,81.49482411177082,82.11726854257174,1242500
2023-06-27,82.9742660522461,83.2990122175942,82.64951300449542,82.92013595601927,1262900
2023-06-28,81.287353515625,82.97426477194499,81.07085378126602,82.97426477194499,1490500
2023-06-29,80.80021667480469,81.49482308108598,80.5746941311235,80.64686299687791,1545000
2023-06-30,81.5489501953125,81.5940505729616,80.71000608814128,81.0257362612914,1552100
2023-07-03,82.13531494140625,82.14433088801954,81.04377974982364,81.36853277035364,707000
2023-07-05,83.75907897949219,84.30033175716984,81.80154477373017,81.86469081641918,2334700
2023-07-06,83.14566040039062,83.59670554551468,82.63146921024531,83.27195249043314,1776100
2023-07-07,83.01935577392578,83.5876769756999,82.18041165538455,82.5232103186519,1664300
2023-07-10,82.4420166015625,82.9471848730446,82.05411756955972,82.82089280517408,1560600
2023-07-11,83.47943115234375,83.47943115234375,82.0902113648957,82.41496440000834,1082700
2023-07-12,83.9755630493164,84.28227725830763,83.23584945191557,83.72297892567727,1294200
2023-07-13,84.58899688720703,84.61606537502041,83.24488438670109,83.63278345653326,1712700
2023-07-14,83.96656036376953,84.45368991445879,83.64180732997669,84.36347538542569,1121900
2023-07-17,83.37117004394531,83.94850718957979,82.92012496876829,83.813199172948,1512800
2023-07-18,83.11858367919922,84.21011190603566,82.28866241485436,83.48844393450159,2012900
2023-07-19,84.3364028930664,84.58898702398871,83.36215079985202,83.42529683258259,2029900
2023-07-20,86.50143432617188,86.64577207106704,84.09285498805421,84.61606898969548,2095800
2023-07-21,87.6200180053711,88.26050121678293,87.10582687044037,87.592956400754,2121700
2023-07-24,87.6200180053711,88.22442366556146,87.43057989064945,87.78239451547564,1124300
2023-07-25,88.14323425292969,88.51309454535097,87.16897516706122,87.59295867011892,1980000
2023-07-26,87.95378875732422,89.17160907132993,87.72826622204903,88.02595762038867,1070000
2023-07-27,86.37512969970703,87.92672582004005,86.18569159883867,87.45763509964094,1482000
2023-07-28,86.27590942382812,87.13289239311416,85.64444901302812,86.88933105820625,1406300
2023-07-31,85.572265625,86.61868653999827,85.1302434124301,86.53750173626959,4358900
2023-08-01,84.20109558105469,86.00527597283973,84.14697237166978,85.5993381376489,1728300
2023-08-02,84.19208526611328,84.97689938429944,84.07480912806525,84.27327008562118,1404900
2023-08-03,81.48580932617188,83.89438850568771,81.45874772138663,83.87634972996489,2229800
2023-08-04,80.56566619873047,83.15466731385051,80.01539067641436,81.72034044804906,2819000
2023-08-07,81.7474136352539,82.42398126235821,81.06182317938237,81.12496921594936,2072400
2023-08-08,82.26161193847656,82.30671232144662,81.35952169024641,82.05412815312657,1462400
2023-08-09,82.05412292480469,82.84795981500068,81.72936990554224,81.74741556350236,1331700
2023-08-10,81.55799865722656,82.92917307546358,81.3234532195689,82.3608585851739,1463300
2023-08-11,81.93685913085938,82.07217404495808,81.37756069770587,81.84665148226105,1156100
2023-08-14,80.79120635986328,81.87371886664624,80.43939168781962,81.69329667431428,2008900
2023-08-15,79.8171615600586,80.82762116019349,79.5258583295379,80.41797143447518,2454900
2023-08-16,80.86402893066406,81.17353555158924,79.9719089467205,80.1266622571831,1353400
2023-08-17,80.33602905273438,81.53765549843408,80.30872046570728,80.81849927745401,1317100
2023-08-18,81.31008911132812,81.51946655772392,80.26321576978248,80.41796908721344,1440600
2023-08-21,80.75477600097656,81.4830373910289,80.1084473162824,81.06428952257417,1268800
2023-08-22,81.36471557617188,81.5103706764038,80.37246625040734,80.67287468572259,1559000
2023-08-23,81.96552276611328,82.00193653687055,81.0096803830808,81.68332472426526,2679900
2023-08-24,81.43751525878906,83.03058091004522,81.42841008183595,81.82895452519203,1939700
2023-08-25,81.81986236572266,82.37516017955379,81.35560244547656,81.66510905897395,1890800
2023-08-28,81.66511535644531,82.4844078453759,81.12802785800103,81.76525149093776,1669900
2023-08-29,82.00193786621094,82.0929688219715,81.0825092390308,81.84718454689632,1484300
2023-08-30,81.77436065673828,82.58454800606357,81.44664364518906,81.94731739684362,1020000
2023-08-31,80.98236846923828,82.14758130480459,80.95505987859474,81.94730904646356,1842400
2023-09-01,80.42707061767578,81.42842496386048,79.45302486212631,81.42842496386048,1572700
2023-09-05,78.75208282470703,80.42707462242466,78.58822432752015,80.21770412031829,1942600
2023-09-06,79.01607513427734,79.14351985665388,78.4789807083621,79.04338372546997,1365900
2023-09-07,80.5727310180664,81.21905983826278,79.69882133391847,79.69882133391847,1626300
2023-09-08,81.24636840820312,81.49215268530735,80.32693977343278,80.78210150120984,1392500
2023-09-11,81.68331909179688,82.0019308824323,80.6910630064281,80.6910630064281,1627600
2023-09-12,82.11116790771484,82.22951439466168,80.82761552513666,81.81986469750292,1815500
2023-09-13,83.25817108154297,83.41292438107587,82.16578586161965,82.38426151656115,1725200
2023-09-14,84.09566497802734,84.13207874389674,83.29458296454759,83.56768273596026,2019100
2023-09-15,83.28547668457031,84.73289434155708,83.20355092136015,83.88629339564065,3727600
2023-09-18,83.35830688476562,83.4675481844264,82.57542826690293,83.17624499721349,1519100
2023-09-19,82.99418640136719,83.79527547392496,82.95777263032214,83.44024988775655,1132200
2023-09-20,83.29459381103516,84.05016392447904,82.78481491291234,83.44024889347973,1186600
2023-09-21,82.71198272705078,83.85899212863413,82.52081565098959,83.16714441630587,1814100
2023-09-22,82.68467712402344,83.30369732158192,81.97462597436856,82.29323777931415,1492100
2023-09-25,82.13847351074219,82.4570852731919,81.4921378630671,81.97461504073726,1549400
2023-09-26,79.95370483398438,82.08385822817638,79.77163598925668,81.96551868801558,2009300
2023-09-27,78.86132049560547,80.21770748004563,78.77028953673718,79.65330442271514,1787800
2023-09-28,77.82354736328125,79.41661335098622,77.25004610798541,79.2436566236398,1975700
2023-09-29,77.8599624633789,78.97055816786774,77.51404205756134,78.4971930364744,2011200
2023-10-02,74.30059051513672,77.5504444300878,73.79080474254543,77.39568419016393,2440200
2023-10-03,75.720703125,76.03931493620334,73.24462228613417,73.91825967913789,2635600
2023-10-04,76.64923095703125,76.73116367823704,74.64652216484168,76.07572968945742,1933200
2023-10-05,77.15900421142578,77.44120220961156,75.74800033006576,76.40343421185324,2524700
2023-10-06,78.6064224243164,78.79758950056974,75.24733387698471,75.83903851743807,2419700
2023-10-09,79.69882202148438,79.70792025556483,78.59732451866543,78.59732451866543,1451700
2023-10-10,80.21771240234375,80.38157091644808,79.37111123700758,79.48945079627617,1830300
2023-10-11,80.51811981201172,80.73660247703016,79.39842567096832,80.4908112151889,1738100
2023-10-12,79.53494262695312,80.54540196179215,78.62461940242898,80.18127128293948,1906000
2023-10-13,80.12664794921875,80.84580413704174,79.59866575220202,80.27230300026827,1958500
2023-10-16,80.70926666259766,80.94594571872541,77.51402995271714,77.51402995271714,3995500
2023-10-17,80.92774200439453,81.46482941268272,80.1994805930993,80.4725803586389,2943800
2023-10-18,80.36334228515625,81.17352949146454,79.96279779836445,80.87312112637068,2639700
2023-10-19,79.80804443359375,80.88222623756327,79.58046360178,80.21769409798799,1950900
2023-10-20,79.25274658203125,80.74567628186287,78.72476433102919,79.81714954473473,10175500
2023-10-23,78.82489013671875,80.017418366178,78.16946320365157,78.60641449236303,2130800
2023-10-24,80.08114624023438,80.34514084525755,79.29826760332871,79.44391572787005,1689600
2023-10-25,80.39065551757812,80.67286048830856,79.52585108410256,79.73522157231756,1472000
2023-10-26,81.2918930053711,82.02014765326679,80.54542799777808,80.71838474359902,1884600
2023-10-27,79.6259994506836,81.28278798021223,79.36200479630816,80.77300903119335,1248100
2023-10-30,79.63508605957031,80.48168701402982,79.00696075442485,79.89907370716628,1370400
2023-10-31,79.91728973388672,80.3633462419113,79.16171966758864,80.0993516303656,2480300
2023-11-01,81.16443634033203,81.77435134143035,79.31647403479974,80.22679741980005,2221600
2023-11-02,82.07476043701172,82.56632895738403,80.864028657611,81.02788714614054,1853000
2023-11-03,81.99282836914062,84.90586047137202,81.92000083028076,83.56769090720772,2543100
2023-11-06,82.4206771850586,82.88494403958579,81.81076220561495,82.69377002373294,2907700
2023-11-07,81.45573425292969,82.46618675502435,81.36469636417206,82.43887816648339,2220500
2023-11-08,80.72749328613281,81.28279121133838,80.07205921407264,81.09162409785708,2820400
2023-11-09,81.24636840820312,81.8289748641404,80.73658949556221,80.96417035945073,3761600
2023-11-10,81.33739471435547,81.81986500697984,80.93685713955931,81.6651116952355,2497200
2023-11-13,80.4452896118164,81.50126125264464,80.09936223938642,81.24637178572807,2326400
2023-11-14,83.1463851928711,83.18313581751755,81.50183153963322,82.01632626575369,1883800
2023-11-15,83.19232940673828,84.06513400519187,82.80645133329132,82.80645133329132,2902300
2023-11-16,83.7251968383789,84.57962963720877,83.4679494597145,83.96407240833815,2012400
2023-11-17,83.93651580810547,84.35913752622724,83.44039283218885,84.17539139120586,1694000
2023-11-20,83.5506362915039,83.84463428356331,82.60433047360848,83.60575872455722,1559700
2023-11-21,83.13719940185547,83.74357422070946,82.83401900189371,83.63332234197277,1052200
2023-11-22,83.16475677490234,83.50469479486135,82.66864086718311,83.42201114672979,1682100
2023-11-24,83.56901550292969,83.60576613137606,82.74214388655042,83.30257870379272,504800
2023-11-27,83.30256652832031,83.7803176188296,82.86157307035059,83.61494331972479,1703300
2023-11-28,83.4220199584961,84.12026087024446,82.96264761733579,83.3025786637364,1402100
2023-11-29,82.63189697265625,83.92732329847885,82.34708136158793,83.44957915939032,2174500
2023-11-30,82.7880630493164,83.08206099328963,82.08981530383105,82.77887364215553,3843400
2023-12-01,84.23049926757812,84.23049926757812,82.4848832488039,82.98100613894802,1519100
2023-12-04,84.51531219482422,85.2319318477726,83.33013084207693,83.66087945258617,1872200
2023-12-05,83.78032684326172,84.76338333799276,83.52307946287833,84.54287957526522,1301100
2023-12-06,84.20292663574219,84.51529637081242,83.36686585753024,84.15698661142547,1260100
2023-12-07,84.92874145507812,85.5902385981488,83.89055571296728,84.55205285603796,3032800
2023-12-08,84.11106872558594,85.01143448464786,83.4771327252001,84.88281080478188,1910700
2023-12-11,84.40506744384766,84.43262865984947,83.403632202504,83.83544327843885,1660800
2023-12-12,84.27642822265625,84.60716976315562,83.82623841275664,84.60716976315562,1351200
2023-12-13,86.3711929321289,86.6651909616134,83.96407924671678,84.45101282591304,1881500
2023-12-14,84.44181060791016,86.91322855374361,84.3131799288247,86.72029304931183,3229100
2023-12-15,82.54918670654297,84.06511643763906,81.97038023152686,84.06511643763906,4549500
2023-12-18,82.68700408935547,83.39443426240015,82.42056734615406,82.78806654399959,2183700
2023-12-19,82.97183227539062,83.19233605196376,82.44814807259465,82.79727554743586,1726000
2023-12-20,82.0898208618164,83.14637845400884,82.07144905571465,82.90750291789979,2498900
2023-12-21,81.96119689941406,82.87994140945274,81.40076218753333,82.18169361917333,1940600
2023-12-22,82.39302062988281,83.19233100012431,82.27358634859104,82.48489369314305,865600
2023-12-26,82.93506622314453,83.15556995871223,82.07145112529693,82.14495237048617,932300
2023-12-27,82.50326538085938,82.93506944180898,82.27357923782743,82.81563517083971,1333000
2023-12-28,83.2842025756836,83.39444744584041,82.3470791225588,82.3654579405618,1402500
2023-12-29,83.57819366455078,83.60575487981,82.72376094419172,82.99938010624852,1305500
2024-01-02,84.90119934082031,85.02982303541074,83.20151607329636,83.33013976788679,1806900
2024-01-03,85.44325256347656,85.51675381784588,84.63475979381036,85.08494271025793,2014300
2024-01-04,85.67293548583984,86.36199394819245,85.35137627196833,85.89343223114244,1727100
2024-01-05,85.92098999023438,86.37117988100177,85.36974464443018,85.48918592582208,1972000
2024-01-08,86.18743133544922,86.25174317904985,85.50756227317598,85.8199390917114,1203500
2024-01-09,86.08636474609375,86.29767908464969,85.58105943040201,86.02205290557062,1291800
2024-01-10,86.6559829711914,87.07860460986613,85.79236087811533,85.93017395820728,1572400
2024-01-11,83.83545684814453,86.22419175096559,83.67008251590106,86.22419175096559,2045300
2024-01-12,84.17538452148438,84.54287676153535,83.853818297242,84.32238001561173,2202500
2024-01-16,84.12024688720703,84.99305839600635,83.64250281597907,83.98244081533852,2038200
2024-01-17,83.19232940673828,84.8736267596485,82.62270521029014,83.6608841232309,1885300
2024-01-18,82.13577270507812,82.92589366092191,81.6947721910976,82.76970174400182,1682300
2024-01-19,82.55838012695312,82.79725565612002,81.61207442726572,82.10819729116734,1689900
2024-01-22,81.95201873779297,83.04532709780032,81.48346402018865,82.55839356217311,1678500
2024-01-23,81.8785171508789,82.25519877298223,81.33645421926283,81.82338771121977,1586100
2024-01-24,81.14351654052734,82.5583839566653,80.92301981616407,82.53082274230295,1932400
2024-01-25,82.38382720947266,82.42976724359868,81.19864582556501,81.89689368938313,1548400
2024-01-26,82.70539093017578,82.90751587620875,82.17252435636622,82.68701912120254,2218900
2024-01-29,83.22907257080078,83.71601311208785,82.30114554239005,82.68701660427165,2173300
2024-01-30,83.31175231933594,83.80787519511036,82.72375639459537,83.07287678445249,1550000
2024-01-31,83.51387786865234,84.31318111115489,82.99937617348846,84.04675136996363,3138200
2024-02-01,85.2411117553711,85.27786237571648,82.68700322181162,83.04531300834901,1625100
2024-02-02,83.69764709472656,84.81851683496649,82.85240358910725,84.55208001069091,1978400
2024-02-05,82.38382720947266,83.52307556871935,82.33789418481172,82.9810126057856,1852000
2024-02-06,82.47570037841797,83.02695275080623,81.96120564095169,82.08063991658777,1621500
2024-02-07,82.20008087158203,82.86157810821938,81.91527228726626,82.81563807421648,1413400
2024-02-08,81.46507263183594,82.20926043869595,80.95057795802789,81.8325718314692,1626500
2024-02-09,81.82337951660156,81.89688075580948,81.11594936525128,81.18026119719222,1457600
2024-02-12,82.18170928955078,82.28277176568274,81.25378220428927,81.84177824207572,1627300
2024-02-13,80.37338256835938,82.40428031576297,79.68714589291166,82.03333908642634,3513600
2024-02-14,80.53101348876953,81.05960940598665,80.16934781128394,80.71648760229677,2413000
2024-02-15,81.81075286865234,81.94058119907412,80.5681011808982,80.69792951131997,2168500
2024-02-16,80.97614288330078,81.95913090506694,80.42901017688041,81.18943634138353,2949300
2024-02-20,81.2172622680664,82.22806971948056,80.70721726727935,81.07815844284136,1974500
2024-02-21,82.17244720458984,82.33937041271517,81.34710664083569,81.70877241258792,1746900
2024-02-22,81.5232925415039,81.80149312800866,80.42901992097651,81.5232925415039,1628800
2024-02-23,81.54183197021484,82.39499170915127,81.32853849792356,81.69020419323606,1190700
2024-02-26,79.9468002319336,81.3841947993126,79.8355157439373,81.33782449386865,1562900
2024-02-27,80.568115234375,80.84632289101413,79.90042959364737,80.24354435170575,1159000
2024-02-28,80.3548355102539,80.93906314763247,80.1693613653689,80.5403025800237,1185500
2024-02-29,80.8741455078125,81.36563958929162,80.35483207456888,80.70722232211064,2803400
2024-03-01,80.68867492675781,80.78140845363322,79.61294620468233,80.67012397631399,1572000
2024-03-04,82.6546401977539,82.90502846971427,80.27135279026005,80.27135279026005,1960800
2024-03-05,82.52482604980469,84.19405789946526,82.2188061066293,83.04414655587401,2037200
2024-03-06,83.32233428955078,83.72109477681762,82.94212475059241,83.05340213998814,1436700
2024-03-07,83.40581512451172,84.31461365970394,83.21107258125625,84.16624142084433,1007900
2024-03-08,83.5727310180664,83.77674194429586,82.69174483727342,83.61909424329899,1072800
2024-03-11,84.20333862304688,84.3888056956285,83.22961880420503,83.61910390169565,1197200
2024-03-12,83.39653778076172,84.44444013055637,83.37799390448777,83.80457380993819,1316800
2024-03-13,83.06268310546875,84.48152651497513,82.94213023394896,83.83238478353896,1673600
2024-03-14,82.22806549072266,83.03486197544515,81.64383794495993,82.71955951614251,1450300
2024-03-15,82.47845458984375,82.73811127940436,81.65311422297714,81.65311422297714,3462300
2024-03-18,82.52482604980469,82.86794789532237,82.0147880944358,82.34863446436792,1355000
2024-03-19,83.19251251220703,83.27597763594946,82.3300773008117,82.89576099189435,1507600
2024-03-20,82.57119750976562,83.65619468969265,82.18171243109155,82.94213871212354,1545700
2024-03-21,82.20952606201172,83.21106511614464,82.17243123684592,82.75665881419955,2162900
2024-03-22,82.16316223144531,82.85867433906215,81.95914421452598,82.67320727374367,1507500
2024-03-25,82.0704345703125,82.57120417263674,81.6067597987288,82.30227195610433,1163700
2024-03-26,81.09671020507812,82.09824935396836,80.82778507863301,82.01479129578507,1412000
2024-03-27,83.50782775878906,83.54491551377744,81.53256873767553,81.53256873767553,1935200
2024-03-28,84.21260070800781,84.29606583699024,83.2667073886006,83.65619245687917,1785800
2024-04-01,83.7674789428711,84.31461173163223,83.16470037508437,84.19405884812086,1109600
2024-04-02,84.01786041259766,85.06576983984574,83.84166882469958,83.84166882469958,1829400
2024-04-03,83.35944366455078,84.25897378648622,83.26671013215964,83.96222223776562,1404600
2024-04-04,83.63764953613281,84.13841909040141,82.86794779113951,83.91585012731657,1667000
2024-04-05,83.13688659667969,83.47073299275469,82.4320989743974,83.15543047418811,1737900
2024-04-08,84.01786041259766,84.17550812418038,82.98850193677985,83.17397607550804,1437900
2024-04-09,84.50935363769531,84.53718006455723,83.78602219181296,84.18478274212181,1184100
2024-04-10,82.43209838867188,83.22961954306028,81.88496556711827,83.00705763896352,1623500
2024-04-11,82.11679077148438,82.89576085787793,81.73657412804396,82.89576085787793,1325800
2024-04-12,82.19097900390625,82.84012786237537,81.62529527479114,82.29298800916405,1396000
2024-04-15,82.83085632324219,83.67474775682192,82.35790610139954,83.25743624044952,3518000
2024-04-16,81.06888580322266,82.784480840697,81.05034192759747,82.5711944329913,2098200
2024-04-17,83.7674789428711,83.95294600598318,81.4676491546604,81.62529686581719,2923100
2024-04-18,84.29605865478516,84.55571534484757,83.1554158233091,84.0734967883194,2528800
2024-04-19,85.10285949707031,85.80764708978057,84.5093563900875,84.76902019011821,7398300
2024-04-22,85.99311828613281,86.11367116853717,84.62063797631572,84.81538051332963,1818300
2024-04-23,86.09510803222656,86.59587751729443,85.5479753259257,85.65925979208986,1843800
2024-04-24,86.64225006103516,86.93900157005639,84.68554236635596,85.36251050496499,2001700
2024-04-25,87.27286529541016,87.50470267913505,85.95603065388045,86.64226732867381,2191500
2024-04-26,86.17858123779297,87.52323505667046,86.17858123779297,87.2728538281972,1418600
2024-04-29,87.14302825927734,87.33777079322329,86.53097423106315,86.53097423106315,1146300
2024-04-30,87.5417709350586,87.9683507426045,86.03946259752566,86.53095656980433,3732000
2024-05-01,87.91273498535156,88.5062380963402,86.96683453807175,87.21722286386971,2372900
2024-05-02,88.33003997802734,88.67316184046904,87.59743302315901,88.19093613784206,1991600
2024-05-03,88.61750793457031,89.73033147890996,88.07037517515045,89.02554394167298,2465200
2024-05-06,89.14610290527344,89.26666286566581,88.16311472117279,88.69170364141192,2071500
2024-05-07,90.41658020019531,90.47221890858924,88.9420978268322,89.7117925683717,2029800
2024-05-08,90.48148345947266,90.99152847521457,89.61904820792749,90.26818997785841,2179700
2024-05-09,90.99152374267578,91.11207661507443,89.91579506546584,90.46293487890587,1613200
2024-05-10,90.60203552246094,91.39028818971363,90.50930199546492,91.28827918748362,1688500
2024-05-13,90.54638671875,91.31608834965678,90.46292867629963,90.60202541371692,1558000
2024-05-14,90.38739013671875,91.12627798244635,89.80750157613221,91.00469155306305,1723400
2024-05-15,90.63993072509766,91.36010861952265,90.41545357669219,91.18239932764492,1749100
2024-05-16,90.63993072509766,91.01404503422734,90.3032221382625,90.68669144585235,2388200
2024-05-17,90.81764221191406,90.8831129363156,90.15357996847736,90.76152648693382,1570700
2024-05-20,90.26580810546875,90.94857313294061,90.20033738864579,90.92987027203675,1224500
2024-05-21,90.10680389404297,90.91116251238795,89.66721886214232,90.3780417663475,1516000
2024-05-22,89.91039276123047,91.76229003135262,89.59239416401279,89.91974775990546,3657500
2024-05-23,87.79661560058594,89.56433207063098,87.6750220308776,89.19021063481887,2056700
2024-05-24,88.32038879394531,88.47938809847761,87.65632657874554,88.01173804813072,1639100
2024-05-28,87.17932891845703,89.15281286904991,87.10450319147387,88.13333909805714,2168800
2024-05-29,85.96342468261719,86.908072525712,85.92601182708286,86.71166038598618,2013500
2024-05-30,86.46849060058594,86.77714134335127,86.20660771670265,86.38431701752634,1929600
2024-05-31,88.4326171875,88.74126076198549,86.76777720600434,86.82390005790658,7907600
2024-06-03,87.61890411376953,89.0499119692423,87.39443411222567,88.4326176810535,2211800
2024-06-04,87.65632629394531,88.067860620361,86.79585191668839,87.36638554711979,3445900
2024-06-05,86.6087875366211,87.59085549257155,86.27207893091084,87.50667477325727,2129700
2024-06-06,85.94471740722656,86.89872741411632,85.78571811800253,86.4030124144258,1416800
2024-06-07,85.6828384399414,86.12243060664564,85.10294983811002,85.14036269652881,1312300
2024-06-10,86.3469009399414,86.38431379849821,85.18713086777308,85.45836874048004,1803600
2024-06-11,85.81378936767578,86.20661372086033,85.21519783831631,85.74831864214502,1315600
2024-06-12,85.24324798583984,86.70231381462034,84.81301080903978,86.5620245124478,1333400
2024-06-13,84.74754333496094,85.57060486091093,84.33600900409918,85.3554898321594,1598000
2024-06-14,84.99071502685547,85.39289431918559,84.22376929912977,84.42952930861041,1258500
2024-06-17,84.78495025634766,85.12165884241644,84.27053237880561,84.54177024734841,1401200
2024-06-18,84.54177856445312,85.0561964926029,83.94318704939178,84.59789428906083,1336400
2024-06-20,84.67272186279297,85.31808125298,84.42019396076589,84.69143186192024,1383800
2024-06-21,84.49501037597656,85.53319409183817,84.46695251378144,84.78495826879809,3199700
2024-06-24,85.36483001708984,85.87924788439622,84.5698264241578,84.61659427964852,1441200
2024-06-25,83.60647583007812,85.2432510141216,83.5035922476478,85.16842529312254,1511800
2024-06-26,83.86837005615234,84.01802151838217,82.79277336264249,83.16689488244259,1838700
2024-06-27,83.87771606445312,84.08348323507283,83.48489172187391,83.84965820223657,1258100
2024-06-28,83.63453674316406,84.15830967349537,83.02659022546763,84.14895467408576,2647300
2024-07-01,83.0639877319336,84.25182268528553,82.83016274033528,83.95252698147061,1145100
2024-07-02,83.2136459350586,83.49423166638562,82.98917592284238,83.22300093350141,1128200
2024-07-03,82.97046661376953,83.76547022944608,82.82082231630919,83.19493662784657,922400
2024-07-05,83.4942398071289,83.80289056387801,82.75535898088528,83.05465473827945,1551100
2024-07-08,82.69923400878906,83.59712125804386,82.60570542494924,83.50359267420401,1169400
2024-07-09,83.1014175415039,83.45683616814135,82.50282601174746,82.58700673649935,1589200
2024-07-10,84.05541229248047,84.17699872175598,82.91434516808417,83.41005301883311,1188400
2024-07-11,85.54254150390625,85.76701151733138,83.98994713537058,84.33600358611494,1345700
2024-07-12,86.22532653808594,86.57138304044113,85.65479285305405,85.94473362762712,1222900
2024-07-15,84.42018127441406,85.91665986988565,84.34535556069729,85.7296027213665,1490200
2024-07-16,85.62672424316406,85.6547821035339,84.45759915593229,84.91589419211064,1526600
2024-07-17,87.69373321533203,88.13332537318347,85.67348171604196,86.01954529761655,2039300
2024-07-18,88.0210952758789,88.92833753824733,87.34767804460446,87.34767804460446,2135700
2024-07-19,87.95561981201172,88.50744343048022,87.53473049726327,88.45132770948973,1809600
2024-07-22,88.51679992675781,88.60098064544097,87.0016112124214,87.07643693219012,1547900
2024-07-23,87.21672821044922,88.32973753486637,87.18867035114003,88.32973753486637,1245700
2024-07-24,89.67657470703125,89.71398756886265,87.6469751191505,87.91821301559784,2179800
2024-07-25,89.7139892578125,91.49106098150352,89.32116490484812,90.20969719880668,1920800
2024-07-26,90.2003402709961,90.74280888381821,89.75139310145474,89.95716025683731,1438800
2024-07-29,90.6025161743164,90.80827618618433,89.78880258203844,90.37803903010482,1320200
2024-07-30,91.8090591430664,92.01481916631448,90.4154568881574,90.52769546647086,1127000
2024-07-31,91.21045684814453,91.88387401931116,90.77087182297416,91.88387401931116,1623400
2024-08-01,93.7264175415039,93.7731853985064,91.07951667648084,91.7903467154346,2409300
2024-08-02,95.24160766601562,99.13245223947786,93.58612254911871,96.47620347072049,4425800
2024-08-05,94.18472290039062,96.6913276051125,94.06313644893049,96.19561966391686,2846300
2024-08-06,94.36241912841797,95.5596020209403,94.18470983988725,94.18470983988725,1956400
2024-08-07,94.64302825927734,95.60638631070601,93.70772807175062,94.46531894019955,2139800
2024-08-08,93.9976577758789,94.90489999265341,93.63289131656572,94.11924421705888,1784600
2024-08-09,94.48400115966797,94.58688472867802,92.79111047358512,94.08182188147578,1512900
2024-08-12,95.34449005126953,95.38190290982553,93.99765568634612,94.22212570190898,1238400
2024-08-13,95.02648162841797,95.98983951767106,94.77395376003793,95.41930592846377,1505700
2024-08-14,95.11135864257812,95.70544841405415,94.18721180351221,94.59270370312058,1639200
2024-08-15,93.57426452636719,94.74358715250003,93.01788857717209,94.20607530710006,2757400
2024-08-16,94.39466857910156,94.78130354804253,93.33850904355013,93.82886780012083,1684800
2024-08-19,94.68701171875,94.93218751814972,94.29094466866628,94.58328072879328,1837800
2024-08-20,94.46067810058594,95.40368179258232,94.35694711890255,94.79072795387522,1460700
2024-08-21,94.69644165039062,95.03592360033956,94.30981382628377,94.40411276914777,1922500
2024-08-22,94.93218994140625,95.09249885923224,94.30037912794056,94.60214005336805,1845000
2024-08-23,94.86618041992188,95.32825026539702,94.53613053029677,95.09249931644366,1620000
2024-08-26,95.14907836914062,95.92234114461729,94.94161639616316,95.17736733008346,1221500
2024-08-27,93.91373443603516,95.47912402152379,93.83829960836786,95.02647908278394,927300
2024-08-28,94.66815185546875,95.33768369683493,93.76286906173921,94.09291895613829,1019300
2024-08-29,95.06420135498047,95.11135441812687,93.78171573850963,94.57384259317566,1150900
2024-08-30,95.7714614868164,96.02607653607681,95.11136171937807,95.24338167286574,2366500
2024-09-03,97.3934326171875,97.61032665969333,95.76204005028642,95.94120588239318,2122600
2024-09-04,98.4495849609375,98.95880780801777,97.6574581339636,97.6574581339636,1501000
2024-09-05,97.8743667602539,99.2888724818587,97.58203788004433,99.015400512336,1538700
2024-09-06,97.3934326171875,98.43073537216969,97.3274226380854,98.21384852421198,1760600
2024-09-09,98.77964782714844,98.84565780521758,97.45944107121727,97.49716208647794,1672900
2024-09-10,98.98709869384766,99.60005253251673,98.43072277443976,98.9022246204087,1271100
2024-09-11,97.90265655517578,98.77965039780216,97.15768267212343,98.5721884057435,2685900
2024-09-12,97.49716186523438,98.61933868441159,97.36514190939565,97.7989227920869,1528600
2024-09-13,98.60047912597656,98.77022010481704,97.32742538194712,97.6857642508111,1274700
2024-09-16,98.87393951416016,99.78865428211634,98.78907263196092,99.05311252486631,1467900
2024-09-17,98.58160400390625,99.28885675266673,98.07238116145307,98.56273990165965,1391000
2024-09-18,97.5160140991211,98.90222346667952,96.70503035795114,98.4307216262108,1347000
2024-09-19,96.29954528808594,96.59187414756586,95.19622543561637,95.70544832262979,1761700
2024-09-20,97.45942687988281,97.66688883633336,96.16751646942679,96.40326738456659,3492600
2024-09-23,98.09125518798828,98.4873222642713,97.40286642133715,97.77063733931203,1053600
2024-09-24,96.95964813232422,98.31757587442542,96.8464850889665,97.32741903005198,1063000
2024-09-25,97.2802734375,97.54431334487906,96.44099345397674,97.36514032435132,1151100
2024-09-26,97.24254608154297,98.05352985534857,96.43156230773737,96.57301430447973,1391600
2024-09-27,98.11954498291016,98.62876068666004,97.51602314667909,97.57260107052957,1366800
2024-09-30,98.19499206542969,98.47789610906727,97.27085228603778,98.47789610906727,1449500
2024-10-01,99.15684509277344,99.571761847725,97.65746539906809,98.30814028450132,1834600
2024-10-02,98.49674224853516,98.89280930521942,98.02524035707343,98.37415434679235,996700
2024-10-03,98.09125518798828,98.83622907670743,97.67633839526303,98.83622907670743,952100
2024-10-04,97.27083587646484,97.45000169229796,96.44098799221574,96.93135395918975,952900
2024-10-07,95.37538146972656,96.84646475171786,95.18678363161612,96.84646475171786,1967300
2024-10-08,96.29011535644531,97.0728102108239,95.48856359230179,95.87519139613902,1328800
2024-10-09,96.53529357910156,97.06337336099092,95.87518665719243,96.14865859982726,1114700
2024-10-10,95.79032135009766,97.28026898154377,95.71487932443132,96.87477708677166,1179600
2024-10-11,96.48814392089844,96.51643288241995,95.87519004125745,96.10151612252494,1317200
2024-10-14,97.16710662841797,97.26140556389225,95.54513903788892,95.95063093552118,1976000
2024-10-15,99.43974304199219,100.34503297758503,98.61933438002347,98.84565326664784,2748900
2024-10-16,100.09041595458984,100.1281369673722,99.2134221924058,99.7226450731463,1869200
2024-10-17,99.63777923583984,100.38274586382913,99.02482536215275,100.3733210064453,1727900
2024-10-18,100.6750717163086,100.68449657273743,99.2605662409175,99.92066591828124,6365300
2024-10-21,100.20358276367188,100.99570247826678,99.90182184460508,100.70337361138739,1405800
2024-10-22,99.67548370361328,99.94895562758914,98.67590212908195,99.60947373538096,1207200
2024-10-23,101.27860260009766,101.33518052195484,99.60948195983536,99.9395390227957,1663200
2024-10-24,100.90139770507812,101.60865049273055,100.60906885510363,101.25973652745162,1127300
2024-10-25,98.63819122314453,101.28803666400648,98.54389228666014,101.28803666400648,1734300
2024-10-28,98.83622741699219,99.37373930304835,98.78908154303352,98.99654353318645,1204600
2024-10-29,97.04452514648438,98.44959880320634,96.95021901022876,98.32700370389328,1452900
2024-10-30,96.86534881591797,97.50659167001665,96.37498282449366,97.26140867430449,1641100
2024-10-31,95.88462829589844,97.86493487053173,95.77146524794436,96.95022001791038,3732300
2024-11-01,94.30037689208984,96.24296235381159,93.89488498367194,96.19581648209423,2832700
2024-11-04,93.49883270263672,94.80960747207114,92.60297473285131,93.81945055666316,2088300
2024-11-05,94.13063049316406,94.15891945347134,92.74441388172802,93.36679978667783,2062100
2024-11-06,93.31964874267578,94.1117756211592,92.54638596783705,93.02731988711099,3701800
2024-11-07,92.018310546875,94.00804909754221,91.69768552062236,93.37623109730703,3061400
2024-11-08,92.53695678710938,93.27250576657529,91.87685703001559,92.54638883922436,2915300
2024-11-11,92.86701202392578,93.32908184475484,92.02773207143356,92.06545308459987,1968400
2024-11-12,91.50907897949219,92.86700659591929,91.32047392468444,92.86700659591929,2682800
2024-11-13,90.74817657470703,92.14634482612213,90.25358022499923,92.06074579825815,2129500
2024-11-14,90.58647918701172,91.19520758569371,90.41527387134398,91.02400227002597,2112600
2024-11-15,91.72784423828125,91.7753968326308,90.35820180460016,90.35820180460016,2239200
2024-11-18,91.73735809326172,92.20342145061133,91.138143106603,91.3473948578024,1838700
2024-11-19,92.2319564819336,92.33658235982587,90.6625755701646,91.7468735259435,1861400
2024-11-20,93.09748840332031,93.1450482588759,91.7183396715899,91.88003156989468,2119600
2024-11-21,93.87741088867188,93.88692430996575,92.59337476534145,93.1450370945577,1470600
2024-11-22,93.55402374267578,94.40053679181635,93.40183803394247,94.06763962472972,1186000
2024-11-25,94.60979461669922,94.6193080382623,93.38282447318228,93.64914222403287,3996100
2024-11-26,96.73082733154297,96.83545319551125,94.6858844150693,94.84757629334237,2435300
2024-11-27,96.61669921875,97.63441763591369,96.46451349895024,97.31102660964646,1330400
2024-11-29,95.6750717163086,96.82595633049613,95.57045309890647,96.44549926649003,952300
2024-12-02,93.68719482421875,95.91285668001487,93.40185021144825,95.91285668001487,1911600
2024-12-03,92.76457977294922,94.52418536282306,92.75506635168536,94.52418536282306,1536000
2024-12-04,91.8990478515625,92.15585217484532,91.21422664732256,91.78490856531775,5090600
2024-12-05,91.784912109375,92.5648457872937,91.69931308384696,91.96563083875365,2615800
2024-12-06,90.18699645996094,91.95611551713446,89.71142697699202,91.78491021300107,2813500
2024-12-09,90.1489486694336,90.75767701791389,89.3404820119158,90.01578979674193,2529500
2024-12-10,90.0633544921875,90.34869183904264,88.68419858423619,90.01579463940429,1695400
2024-12-11,88.2181396484375,90.02530514646693,87.88524245957761,90.02530514646693,2352400
2024-12-12,88.0849838256836,89.15976828885594,87.90426509263308,88.87443094135035,2300200
2024-12-13,88.16107177734375,88.59859482444197,87.59989602226028,88.07546549822979,1868500
2024-12-16,86.80094146728516,88.34178190178756,86.59168973997885,88.04693115328189,3004500
2024-12-17,86.4014663696289,87.42869826798695,86.01150313910952,86.3729333596659,2172200
2024-12-18,84.5277328491211,86.35391814539254,84.42310696954786,86.26831185455293,2677500
2024-12-19,84.71794891357422,85.8402932036202,84.05215452821412,84.3470052907858,2555700
2024-12-20,85.63104248046875,86.10661197753376,84.4421187378062,84.4421187378062,4876400
2024-12-23,85.28863525390625,85.49788700199495,84.45163551816636,85.49788700199495,1979000
2024-12-24,85.2030258178711,85.3456981065621,84.7464759453827,85.0318205227647,653900
2024-12-26,85.21253967285156,85.72615560452549,84.65137114506494,84.8701363083503,1879800
2024-12-27,85.18401336669922,85.564470448611,84.48968590457935,84.65137780599188,1319600
2024-12-30,84.80355834960938,85.10792254518213,84.09020408592806,85.09840912314758,1377800
2024-12-31,84.87012481689453,85.26008798132197,84.26138926218894,84.93670424772915,1641000
2025-01-02,84.6799087524414,85.68811382680116,84.3470115351165,85.34571044370631,1557900
2025-01-03,84.879638671875,85.4598340174117,84.40406919236062,84.77501280585268,1954100
2025-01-06,84.05215454101562,84.48967760240669,83.41488590737156,84.11873397956178,1981200
2025-01-07,83.70023345947266,84.81306436728946,83.43391569588725,84.36602786843616,2861200
2025-01-08,84.66088104248047,84.68941405028318,83.24367876428775,83.58608937114906,1793000
2025-01-10,83.84288787841797,84.75598026877029,83.50047732495919,83.909467305112,2243200
2025-01-13,84.14727020263672,84.15678362468233,83.01541244749772,84.05215775202504,1883600
2025-01-14,85.0032958984375,85.20303421965528,83.94753101727586,84.14726933849364,2104000
2025-01-15,85.82128143310547,86.12564564507805,85.05085385231921,85.43131093143876,1971800
2025-01-16,87.71403503417969,87.7235484555213,85.6215249924984,85.6500652565232,2097600
2025-01-17,89.07415771484375,89.24536300379954,87.25747896777885,87.49526368818334,3516800
2025-01-21,88.6556625366211,90.32015573437859,88.35129835643859,89.28341774009314,2761500
2025-01-22,86.33488464355469,88.33228236750439,86.23026602866294,88.33228236750439,1805200
2025-01-23,86.32537841796875,86.97215323382346,85.93540794142316,86.78192107821046,1649700
2025-01-24,86.1731948852539,86.61071796936989,85.94492354932707,85.98296998141737,2597000
2025-01-27,90.25358581542969,91.37593020883722,87.2860293032127,87.46674804871698,4043800
2025-01-28,88.82687377929688,90.18700288779202,88.76029433720053,89.78752623521399,2470600
2025-01-29,88.04693603515625,89.26439278158996,87.78061827895071,88.83638313863314,1935900
2025-01-30,89.27389526367188,89.43558713060935,88.1705706870342,88.55102768782697,2274000
2025-01-31,89.1597671508789,89.63533664726641,88.68419765449138,88.9790556767496,6072700
2025-02-03,90.94790649414062,91.36640268605983,89.09318123900681,89.15976067339946,3234900
2025-02-04,90.27261352539062,90.73866964252882,89.06466283062913,89.97775547622479,2186500
2025-02-05,91.49006652832031,91.72785128818673,90.53892748885464,91.12862904908977,1874100
2025-02-06,90.7576675415039,91.63271354400011,90.18698568146783,91.59467437572945,1586800
2025-02-07,91.38542938232422,91.5090748298234,90.01578701230325,90.46282346677476,1520000
2025-02-10,91.97513580322266,92.09878851396847,90.58647377318322,91.30934142464706,1570600
2025-02-11,91.60419464111328,92.00367853558761,91.07155912396709,91.85149281262316,3162400
2025-02-12,89.94921112060547,90.93839650939967,88.95051231036308,90.72914477722588,3704200
2025-02-13,90.9859619140625,91.29032610945423,89.8731237483543,89.97774962082785,1860300
2025-02-14,90.2821044921875,91.68027986483077,90.25357148566239,91.30933626677611,1948200
2025-02-18,91.08106994628906,91.37592070534907,89.92067923995492,90.15846398283931,2568500
2025-02-19,91.41695404052734,92.06952128020575,90.68761246168584,91.06187821310098,1857500
2025-02-20,91.89678192138672,92.12709761537607,90.68761171513582,91.1770389712666,2580200
2025-02-21,94.29593658447266,95.33236099458158,92.00235602286467,92.18468594709974,4414800
2025-02-24,95.65863800048828,96.6854709976237,94.33431358935039,94.82373353078596,2943100
2025-02-25,96.89659881591797,97.83705887043558,95.69702719013232,96.19604576495333,3481300
2025-02-26,95.92733764648438,96.3783777245715,95.10203182734705,96.14806203506454,2072700
2025-02-27,95.88895416259766,96.75264718344172,94.40148976377002,94.96768404756533,3313900
2025-02-28,97.42440795898438,97.53956947322585,95.80259206597486,97.03095226480016,5254600
2025-03-03,99.82354736328125,100.1018488539636,96.81022408017442,96.81022408017442,3555900
2025-03-04,98.02899932861328,101.58932720260542,97.99061215619234,100.5720927590661,3592000
2025-03-05,96.15766143798828,97.55876758135223,95.6586428484099,96.9445801549109,5509700
2025-03-06,96.83901977539062,97.50117832083134,94.9772823066585,96.19604383246713,4345900
2025-03-07,99.4588851928711,99.88113676139801,96.71426464065495,97.23248047795497,2865800
2025-03-10,102.35704803466797,103.61419671670868,99.80435617955185,100.07305904396324,3471800
2025-03-11,99.58362579345703,102.35704187551363,99.51645008139637,101.94438898096853,2731300
2025-03-12,98.49922180175781,99.2189647556804,97.8082673945355,98.27850472931976,3739200
2025-03-13,100.35135650634766,101.09988797621637,99.18057351127973,99.29573501495324,2392100
2025-03-14,102.11714172363281,102.40503453453046,99.6124354643195,99.6796111856894,3779200
2025-03-17,103.2783203125,104.05564037544197,101.6852856947723,102.11713586876546,3930600
2025-03-18,103.46064758300781,103.65258342931571,102.24188607576926,102.8944533100083,3275700
2025-03-19,103.15355682373047,103.60459690737126,102.50098959408922,103.06719118470335,2293600
2025-03-20,104.10363006591797,104.2379815059844,102.71212254865227,103.43186554398144,1896200
2025-03-21,103.4510498046875,104.94811270413648,103.03839691296714,103.85410407429247,4415400
2025-03-24,102.52018737792969,103.93088472894725,102.50099013253136,102.89445312555428,1897800
2025-03-25,101.29183197021484,102.46260773793294,100.3897517561591,102.46260773793294,2543800
2025-03-26,103.12477111816406,103.43186115694853,101.02311931803042,101.59891954715486,1925000
2025-03-27,103.53742218017578,104.01725081473832,102.9136434909237,103.64298506550786,1859100
2025-03-28,104.38191986083984,105.02489580739713,103.75814848172037,104.48748274811325,2392300
2025-03-31,106.12850189208984,106.62752780981526,104.66022733091356,105.18804179742996,2920400
2025-04-01,105.619873046875,106.21486316894769,104.72739152456779,105.74463317337617,2507600
2025-04-02,105.15924835205078,106.36841127459628,104.65063115614771,105.84060415426094,2015200
2025-04-03,108.17256927490234,108.87311498597796,106.89622334119518,107.8942677863915,4175500
2025-04-04,104.90973663330078,110.23583762213471,103.75815079217118,109.400933128273,6395600
2025-04-07,101.14787292480469,104.90972748759229,100.96553570923982,102.72171018722814,4405500
2025-04-08,101.77165985107422,103.90209291231568,100.60087677065604,102.52019137551098,2683000
2025-04-09,101.5029525756836,104.32434746888288,99.11340787396009,100.91756834024181,4912800
2025-04-10,103.93087768554688,105.07286477482256,101.31101030811938,102.18430187446302,3381900
2025-04-11,105.40875244140625,106.17648119638271,102.64494210237821,103.8157251589955,2617200
2025-04-14,107.72152709960938,107.91345562237026,104.50667675293957,104.87134387482679,2132900
2025-04-15,107.29927062988281,108.3261035548068,107.07855357101695,107.88466211547161,2314400
2025-04-16,106.94420623779297,108.4220792807619,106.57953179712041,108.0861933861206,2132900
2025-04-17,107.57758331298828,108.83473937159242,106.90582612259237,106.97300184163197,2055200
2025-04-21,106.48357391357422,107.62556845189744,105.54311385274681,107.3760555020108,2333900
2025-04-22,108.72917175292969,108.97867737188072,106.9729971894919,107.00178573617056,1833500
2025-04-23,107.98062896728516,108.53723192131947,106.84823313600319,107.70233481187167,2098400
2025-04-24,106.80026245117188,107.96144691270716,106.31083517511843,107.75032113395453,2389200
2025-04-25,105.994140625,106.98259374536222,105.32238347679635,106.88662216281558,2820700
2025-04-28,106.6467056274414,106.78105705428263,104.46828693085553,105.81180852087144,2938200
2025-04-29,107.60636901855469,107.8462833404452,105.86939167098069,106.47397312636731,2000400
2025-04-30,108.20135498046875,108.70037352916127,106.234054688546,108.25893207257842,4940600
2025-05-01,108.0190200805664,108.88271308878494,107.04017288565467,108.3453073599396,3265400
2025-05-02,105.59109497070312,107.37605819229822,104.84256342389313,105.90778364715486,3421800
2025-05-05,105.1016616821289,106.20526901422892,104.506678856631,105.88858035585514,3225200
2025-05-06,106.01334381103516,106.84824098178883,104.63143494688535,105.40875502216751,2186800
2025-05-07,106.56034088134766,107.2512952660786,105.76382361441594,105.76382361441594,3555200
2025-05-08,103.403076171875,106.47397666550707,103.16316184200987,106.18608386263148,3652300
2025-05-09,103.33589935302734,103.83491793233208,102.72171926083494,103.83491793233208,2248900
2025-05-12,99.3629150390625,102.29946395489985,98.79671344010855,101.36859522756475,3918400
2025-05-13,96.52232360839844,99.14218368262755,96.06168492767058,99.08460659313785,4495900
2025-05-14,96.07711791992188,96.39650570987045,94.6350437253136,96.07711791992188,3383900
2025-05-15,98.72900390625,98.80642521477655,96.6578343770325,96.91914698432349,3497300
2025-05-16,100.93566131591797,101.07115782424991,98.42896114376506,98.74834893512148,2758900
2025-05-19,101.99060821533203,102.01964951304087,100.55821432330329,100.99373779685106,2047800
2025-05-20,102.30998992919922,102.6680920728416,101.63250736988239,101.67122171384422,2177700
2025-05-21,101.83575439453125,102.50356392066199,101.38087007290632,102.22289045872307,2741200
2025-05-22,100.09364318847656,101.60347306106651,99.63875887870935,101.60347306106651,2266100
2025-05-23,100.75177001953125,101.31311691626397,99.15483844696688,101.0227630361592,2116000
2025-05-27,100.62596130371094,101.11955998239324,100.14204305747515,100.91630782104855,2638900
2025-05-28,98.82577514648438,100.80016228360569,98.65156429956174,100.29688322182665,1945700
2025-05-29,100.054931640625,100.3936803124325,98.21604825427374,98.41929302695448,2762900
2025-05-30,101.12922668457031,101.71960749864974,99.63875769361618,100.15171720500128,6398500
2025-06-02,100.51949310302734,101.43893476608864,99.8420105496144,100.30656790509585,2292200
2025-06-03,99.91942596435547,100.5485210891682,98.89352176278753,100.51948717916241,2316600
2025-06-04,98.92255401611328,100.46141767669906,98.61284667456222,99.90975124381104,1845700
2025-06-05,98.98062896728516,99.20323459631759,98.01279253219913,99.20323459631759,2734400
2025-06-06,98.34186553955078,99.25163419563133,97.82891338546499,98.82578378061382,1694500
2025-06-09,97.85794067382812,98.6999610145181,97.34498855446749,98.0998997779798,1781800
2025-06-10,99.10646057128906,99.42584839326688,97.66438623206496,98.13862405669445,2311800
2025-06-11,99.25163269042969,99.39680225334193,98.52575533984343,98.90321097142778,2439100
2025-06-12,100.42271423339844,100.43238728161765,99.36776864100888,99.82265296352507,1902600
2025-06-13,100.61627197265625,101.89381573437116,100.36463243934709,100.5969184934813,3337400
2025-06-16,98.36121368408203,101.1582603749646,97.68373113695012,100.6549886805246,2738000
2025-06-17,98.09022521972656,98.48704171861867,97.2675656931529,98.3418647706336,2844900
2025-06-18,97.49017333984375,98.61285983377918,97.34499638886761,98.2354041916451,2620500
2025-06-20,97.72244262695312,98.5451020913096,97.27723876840733,97.43208875294225,7504200
2025-06-23,97.89665222167969,99.1741959597672,97.40305359578056,98.53542039872062,3957800
2025-06-24,96.967529296875,98.08053522692067,96.85138627300688,97.43208662433628,2952900
2025-06-25,94.8963623046875,96.71589208479361,94.20919196036498,96.14486476711836,4396800
2025-06-26,95.24478149414062,95.51577449851366,94.75118287388655,95.14799194914548,2655600
2025-06-27,94.99314880371094,95.4867474594825,94.69311448384667,95.23510791559812,2880100
2025-06-30,97.12238311767578,97.1998118033156,95.42866938533562,95.65127501054863,2930500
2025-07-01,97.53855895996094,98.34186500794468,96.37715814129037,97.52887852767022,2749100
2025-07-02,96.70621490478516,98.02247304835439,95.9029088908116,97.17077964298853,2485800
2025-07-03,97.08366394042969,97.51919473746135,96.48361011661638,97.15141219098943,1316600
2025-07-07,96.50297546386719,97.170785004379,96.05777156486144,97.07400283224844,1800700
2025-07-08,96.1158447265625,96.78365430414327,94.75119904055764,95.46739601488638,3451200
2025-07-09,96.7546157836914,97.12239099429827,95.81581320018792,96.20294927577785,2782500
2025-07-10,97.81922912597656,98.11925606081515,96.00937231696857,96.00937231696857,1851800
2025-07-11,97.35466003417969,98.0515034243543,96.61910968588937,97.22884396028928,1853700
2025-07-14,97.76116180419922,98.69028390937886,97.07399881132697,97.32563097164225,1409800
2025-07-15,96.73524475097656,97.47080247888316,96.29004089524528,97.15141469629145,1731200
2025-07-16,97.22885131835938,97.41274261135133,96.37715787925039,96.57072222050043,1865400
2025-07-17,97.36434173583984,97.72244386713042,96.72557354251748,96.91913787164405,2131700
2025-07-18,97.82891082763672,98.49671296171907,97.25788347842906,97.75148213892955,1813500
2025-07-21,98.78706359863281,99.50326048556941,97.7611593510745,97.79019326238185,1667800
2025-07-22,100.25817108154297,100.97437534795615,98.97095425635297,99.01934164689058,1663800
2025-07-23,99.25163269042969,100.5582104446837,98.6806053349519,100.04525829837708,2563100
2025-07-24,98.76771545410156,99.49359281201802,98.47736155733246,99.17420500237326,2467800
2025-07-25,98.97095489501953,99.34841051007575,98.22571671267352,98.69028144566897,1375700
2025-07-28,97.73212432861328,98.66124639991489,97.2385256899823,98.60317119395452,1995200
2025-07-29,98.95159912109375,98.98063303389823,97.55791961843472,97.77083744033632,1265000
2025-07-30,99.29033660888672,100.32592868597128,98.4870379773629,98.85481316548217,1565100
2025-07-31,100.17107391357422,100.23882217061929,98.19668664310998,98.40961184639626,3483200
2025-08-01,101.0808334350586,101.71960160330023,100.22913269872902,101.2453638467566,2272600
2025-08-04,101.97124481201172,102.2906325996726,100.83887798376584,101.09051013403882,2345100
2025-08-05,100.82920837402344,102.60035096768583,100.82920837402344,101.73897706051798,2515900
2025-08-06,100.80016326904297,101.82606749761361,100.42270766102149,100.8098437006349,1993200
2025-08-07,101.6228256225586,102.18417252673035,100.17107097080775,100.21946574613519,2577700
2025-08-08,101.11955261230469,102.74551809650886,100.5194913724654,102.74551809650886,2796400
2025-08-11,100.77113342285156,101.30343903778537,99.82265045674217,101.0905138382094,2357100
2025-08-12,100.3549575805664,101.02275966813387,99.38712119115871,100.76144709195628,2578800
2025-08-13,101.1551513671875,101.1551513671875,99.76945875288311,100.3744796815241,2728400
2025-08-14,100.37447357177734,101.15514520992164,100.04268551980324,100.95021313500547,2171700
2025-08-15,98.33496856689453,99.73041403424125,97.7104342614422,97.7104342614422,3098700
2025-08-18,97.32987213134766,98.5301535832782,97.31035868885323,98.41305059320003,2789300
2025-08-19,98.6570053100586,98.73507396673811,97.18349105663927,97.46648435332489,3948400
2025-08-20,99.30105590820312,100.58915890292468,98.78386411074443,99.50598053860922,3216400
2025-08-21,99.04733276367188,99.82800437430645,98.6765178433904,99.10588052870679,2282700
2025-08-22,99.19371032714844,100.26712821563213,98.39352527082028,99.73041554887213,2753100
2025-08-25,97.5347900390625,99.01806469738717,97.30059152013001,98.71555796688952,2498900
2025-08-26,97.31034851074219,98.03246492810207,96.9785604627424,97.62261567325211,3309500
2025-08-27,97.65188598632812,97.90560537316543,97.11517333052541,97.46647480613517,4313800
2025-08-28,95.79780578613281,97.55431333409047,95.51481248979314,97.43721034921434,2400200
2025-08-29,95.85635375976562,96.16862091747537,95.64166869289588,95.89538064007257,4220000
2025-09-02,94.85123443603516,95.91489930314648,94.216947137752,95.91489930314648,3019300
2025-09-03,95.48554229736328,95.52457662716482,94.27550785366402,94.60728848942142,4306700
2025-09-04,95.43675231933594,96.42234120057329,94.99762170503774,96.21741655858224,2033300
2025-09-05,95.68070220947266,95.9344141545048,94.99761268929414,95.60263355944605,1724500
2025-09-08,94.31453704833984,95.77829083353383,93.8949273321161,95.54409231251309,2189400
2025-09-09,94.63656616210938,94.99762067000107,93.82662060137164,93.95347658454483,1282700
2025-09-10,94.73414611816406,94.98785807877341,94.12912521086555,94.72438567505242,1603600
2025-09-11,95.33915710449219,95.41722575728458,94.17791753561053,94.62680112161202,1690000
2025-09-12,95.19278717041016,96.17837598768067,94.7536565846125,95.21230061098414,1249400
2025-09-15,94.65607452392578,95.27084841020825,94.45114989516495,95.24157452681905,1351900
2025-09-16,93.26062774658203,94.53897027092086,92.95812102892295,94.17791578727262,2116600
2025-09-17,94.07057189941406,94.94882560179649,93.82661295125429,93.96322936662087,1879800
2025-09-18,94.02178955078125,94.56826272946554,93.37774171398826,93.4265290430426,1815600
2025-09-19,94.00226593017578,94.56825249019279,93.5826562315475,94.20719055810544,4091700
2025-09-22,94.2852554321289,94.6072755802369,93.6509606882185,94.05104948527709,1939000
2025-09-23,96.16863250732422,96.25645416615322,93.97300169615278,94.03154946870544,2204300
2025-09-24,96.42233276367188,96.87121633709474,95.91490142481358,95.91490142481358,1611600
2025-09-25,95.97344970703125,97.43720341108879,95.8563541755299,97.0956623691493,1848500
2025-09-26,97.21276092529297,97.50550718577111,95.81731549307611,96.35402069313737,1947300
2025-09-29,97.16397857666016,97.37866366213524,96.37355389380821,97.16397857666016,1875300
2025-09-30,98.09101104736328,98.32521699909029,96.70532600230854,97.17373046072625,2199200
2025-10-01,95.79780578613281,98.1398133683974,95.68071024629354,97.79827230213809,2301800
2025-10-02,95.2806167602539,96.08080190112308,94.95858912617511,95.8075690401,1449500
2025-10-03,96.42233276367188,96.88097677967941,95.2513327847458,95.3098805501812,1676200
2025-10-06,96.92977142333984,96.94928486344789,96.04175727518057,96.28571622423053,1769800
2025-10-07,97.62261962890625,97.93488680406921,96.01248898242612,96.76388675846732,1722000
2025-10-08,98.39352416992188,98.46183237719647,97.30058540849207,97.78850330189242,1570400
2025-10-09,98.3642578125,99.80849071823017,98.33497648282551,98.82289441355212,1816100
2025-10-10,99.91583251953125,100.22809969508502,98.44231829502593,99.02782576359638,2059200
2025-10-13,98.42280578613281,100.01341556339095,97.72996321646687,99.63284017223693,1515700
2025-10-14,99.42790985107422,100.21833447290057,98.88144418117318,99.25225910788654,1423300
2025-10-15,99.81825256347656,100.32568394274331,99.14492342720466,99.22299208402627,1556600
2025-10-16,98.62773132324219,100.64771128125906,98.53990966834604,100.19882767337052,1558800
2025-10-17,98.74483489990234,99.27178716754776,98.00319754784174,98.94975954092496,1597600
2025-10-20,99.26202392578125,99.47670900414408,98.4130440554473,99.26202392578125,1129300
2025-10-21,99.10588836669922,99.53525853100948,98.45208012198084,99.26202567918908,1116900
2025-10-22,99.47671508789062,100.60868087252737,98.43257096157143,99.04734490490574,1509000
2025-10-23,98.33496856689453,100.17930504600653,97.65188649687985,100.17930504600653,1302800
2025-10-24,97.62261962890625,98.61796892316418,97.42744799128145,98.06174278474778,1036400
2025-10-27,97.79826354980469,98.0422224960195,96.68581135066798,96.91024941196534,1537600
2025-10-28,96.16863250732422,97.54455727757231,96.14911161978186,97.29083785478208,1156300
2025-10-29,94.65607452392578,96.47112974442047,94.53897154533253,96.10031481309656,1804100
2025-10-30,95.81732177734375,96.46136954866492,94.72438297611703,94.95858148886687,2073000
2025-10-31,95.0561752319336,95.42699018061019,93.78758562876939,94.89027747657069,2770700
2025-11-03,94.30477905273438,94.60728579378059,93.19232674271746,94.46091636749173,1692200
2025-11-04,95.59288024902344,95.63191457694906,94.69511304184458,95.41722949587654,1614500
2025-11-05,93.78758239746094,96.2369324200866,93.33869880820114,95.63191152410867,2273800
2025-11-06,94.64631652832031,96.00272775735883,94.16815904884834,94.62680308723513,3064400
2025-11-07,96.13934326171875,97.46648059393401,94.9000350261395,95.31964473331104,2924400
2025-11-10,95.8661117553711,96.47113266218028,95.05617365863985,95.69046100468692,2188900
2025-11-11,97.18348693847656,97.35913768604384,95.77828840297495,96.25644587606052,1779700
2025-11-12,97.76899719238281,97.84705840295213,96.57847625201869,96.90050387261621,1340200
2025-11-13,98.51062774658203,98.74483371497193,96.72485376908925,97.77875084669647,1977700
2025-11-14,99.20347595214844,100.07196926188578,98.46183862252849,99.23274983640347,2443200
2025-11-17,101.34054565429688,101.46740907226047,99.29129197719013,99.74993599128811,3007600
2025-11-18,100.42327117919922,101.56499734009743,100.32568163789574,101.03804508621286,2585400
2025-11-19,98.77020263671875,100.47246191946361,98.53405362012681,100.47246191946361,3059700
2025-11-20,99.33106994628906,99.75417437106918,98.32743090755432,98.65214052572006,2462200
2025-11-21,98.55374145507812,101.6237013280601,97.95352340154415,99.85257236450332,4721900
2025-11-24,97.33362579345703,98.74069329411338,97.13683618083702,98.72101733566839,7708000
2025-11-25,97.26473999023438,98.68164909707012,97.04826693146315,98.24870297952768,2127200
2025-11-26,98.5340576171875,98.68165357368544,97.26474440257273,97.62881342766202,1305700
2025-11-28,98.75053405761719,99.27203328227993,98.42582444364294,98.96700713360002,1063300
2025-12-01,96.31029510498047,98.63244837029389,96.15286492967614,98.1404668735248,2744600
2025-12-02,95.31649780273438,96.55628576843176,95.22793722973206,96.34965444081553,2753100
2025-12-03,94.90322875976562,96.615329792279,94.62772031969459,95.89703349605783,1761600
2025-12-04,94.67691802978516,95.77895174999368,94.35220844849157,94.84418993273943,2303500
2025-12-05,95.05082702636719,95.35586066990959,94.42109128885835,94.46045071083292,1775800
2025-12-08,93.91926574707031,95.02130701429765,93.43712597698921,95.02130701429765,2089300
2025-12-09,94.28333282470703,95.15905927988611,94.02750034690045,94.29317455651854,1823300
2025-12-10,93.87991333007812,94.61788557926609,93.66344026918962,94.10622061588562,1848900
2025-12-11,94.1062240600586,95.68056341453676,93.8602333013263,94.13574174997972,1396800
2025-12-12,95.96591186523438,96.42837568443954,93.91926698779291,94.13574005270104,2638200
2025-12-15,97.79608917236328,97.88464975254779,95.92655783325924,96.10367148658577,2388100
2025-12-16,97.3139419555664,98.06175593564896,97.13682831573217,97.95351940535905,2321100
2025-12-17,98.60293579101562,98.72101405889386,96.93020161813986,97.05811411139291,2330700
2025-12-18,98.38646697998047,98.63245775176253,97.41234562569544,98.22903678970209,2345300
2025-12-19,96.48741912841797,98.4553453272895,96.48741912841797,98.4553453272895,4366200
2025-12-22,96.9892349243164,97.19586625840253,95.55264981087808,95.9363947894726,1526200
2025-12-23,97.3631362915039,97.7370470377171,96.75308403322674,97.10731131540663,1485100
2025-12-24,97.93384552001953,97.97320494461474,97.2647503159864,97.5599422469291,522600
2025-12-26,97.70753479003906,98.16999112198846,97.33362402300278,97.68785132490959,611500
2025-12-29,97.94367980957031,98.47502074066162,97.6091284794571,97.88464443068531,1647900
2025-12-30,98.28807067871094,98.56357913779235,97.73705376054814,98.01256221962954,1019900
2025-12-31,97.72720336914062,98.42581618764005,97.6386503038714,98.23886081823815,1218200
2026-01-02,98.38646697998047,98.9866850636921,96.94004004077514,98.03223966805089,1441100
2026-01-05,96.92035675048828,97.88464380602818,95.40505281009246,97.88464380602818,2112400
2026-01-06,97.72720336914062,97.95351815878722,96.59564443499127,97.12698534773206,1643800
2026-01-07,97.77640533447266,98.56357122478863,97.28442383788446,98.10110741686904,1638800
2026-01-08,98.57341766357422,99.64593377396905,97.47137635605911,97.70753289076806,1717600
2026-01-09,97.61897277832031,99.38026752943962,97.60913104590001,98.56357640052734,1354200
2026-01-12,97.24507141113281,99.06540157801805,96.8022835281332,97.98304370908973,1987100
2026-01-13,98.60293579101562,98.65213694605879,96.6645273921744,96.76292219521847,2073300
2026-01-14,99.84273529052734,100.38391048226288,98.48486143069958,98.69150028444582,1963000
2026-01-15,100.93492889404297,101.13171849620244,99.69513338072038,99.7344928025607,1813500
2026-01-16,102.14520263671875,102.28295686425916,100.2461536347203,100.42326728542118,2201800
2026-01-20,103.36531829833984,103.41451194513579,101.88937376770411,102.34199585625402,2525800
2026-01-21,102.17471313476562,103.92617356042172,101.4269066684857,103.52274513170805,2386300
2026-01-22,101.52529907226562,102.80445393012764,99.62625024872432,101.93856171605181,3486400
2026-01-23,102.2042465209961,102.50927266965927,101.31867825886155,101.74178267815681,2105600
2026-01-26,102.91268920898438,103.91633569869728,102.51911000451247,102.75525902860404,1208800
2026-01-27,103.6604995727539,103.78841956605653,102.40102814573702,102.57814178435139,1345500
2026-01-28,103.49323272705078,104.7625459480188,103.15868139017812,104.01473193651718,1399700
2026-01-29,104.2607192993164,105.02820924349099,103.33579167067423,103.83761490611221,1788400
2026-01-30,104.91997528076172,105.13644834868323,103.39483708711485,104.47719491968022,1873900
2026-02-02,103.72938537597656,105.6677938313246,102.80446519194923,105.5201978689348,2286500
2026-02-03,105.7268295288086,106.09089856951701,103.28660530391637,103.936017030509,1988600
2026-02-04,106.64191436767578,107.81283281821825,105.78587130494651,106.36640591038166,2463000
2026-02-05,107.12406158447266,108.36384964124872,106.75999254790305,107.51764080482177,1811100
2026-02-06,105.61858367919922,108.82630512662658,104.98884796654428,107.80298271680184,2743700
2026-02-09,104.96917724609375,106.26800815661514,104.39847688208106,105.5693953001343,1294300
2026-02-10,106.69111633300781,107.81283363595182,104.82158499242031,105.4218030676675,2368100
2026-02-11,108.10801696777344,108.21625349779139,105.92361791765403,106.3762399945282,1354500
2026-02-12,109.92835235595703,111.10910500464207,107.69475204458888,108.23593472101084,1523200
2026-02-13,111.89627838134766,112.19146278983833,109.2002217471798,109.97754594446815,2275100
2026-02-17,112.09306335449219,113.40173594847266,111.24685457244783,112.77200022793386,2565500
2026-02-18,110.68287658691406,112.31917184951024,110.127530826428,111.90265496312716,1844800
2026-02-19,110.99030303955078,111.99191530728505,110.54404411827309,111.30764456637506,2764500
2026-02-20,108.8978271484375,113.05302404999759,108.15405725337173,113.05302404999759,3485300
2026-02-23,111.2084732055664,112.0712490006318,109.08625039409013,110.08786262983016,2649300
2026-02-24,110.0878677368164,110.51429612896156,109.0862554546115,109.34409781326224,6871300
2026-02-25,110.07794189453125,110.59361901399805,108.98708092049183,110.28619655235545,2679200
2026-02-26,109.8399429321289,110.88121627130351,109.63168826429398,110.68288065413277,2713300
2026-02-27,111.58531188964844,112.0117402543585,110.09777213824385,110.75229326055072,5310700
2026-03-02,111.12913513183594,112.80509902417822,110.95063005711299,111.54565201686852,2699100
2026-03-03,111.42665100097656,112.36875653523039,108.97716753269403,110.57379422499109,2740400
2026-03-04,111.5555648803711,111.76381954245295,109.70110345639613,111.43656653976352,2267100
2026-03-05,109.79035186767578,111.26797259839698,109.33417390940006,111.05971793696797,2703600
2026-03-06,111.3473129272461,111.62498581677737,109.0862536084699,110.05811628784816,2341300
2026-03-09,110.87129974365234,111.81340523138971,110.16719093287949,111.6051505730273,2255800
2026-03-10,110.37545776367188,111.32748234135406,109.7705242977459,110.42503788476917,1615400
2026-03-11,110.81179809570312,111.04980991563157,109.73085611943203,110.27628284989237,1438200
2026-03-12,112.19024658203125,113.44970115594464,110.28619749478074,110.80188218467265,1748400
2026-03-13,113.92571258544922,114.4116477030864,112.60676637391333,113.21169983381374,1762600
2026-03-16,114.50089263916016,114.7884845667312,113.37036302927038,114.65956717824147,2851100
2026-03-17,113.94554901123047,115.26450276939326,113.70754476418455,115.13557781247866,1792400
2026-03-18,112.58692932128906,113.80671530297695,112.42826234145431,113.6182911712806,1175000
2026-03-19,110.76221466064453,112.9340175988797,110.45478462727262,112.67618281736596,1764100
2026-03-20,108.54081726074219,111.03988835128611,107.91605327111553,110.891132858703,4150000
2026-03-23,108.20364379882812,109.9093572840946,107.90613281753055,109.9093572840946,1735300
2026-03-24,108.96724700927734,110.26637025710318,107.57888257040813,108.08464065913103,1505200
2026-03-25,109.11600494384766,110.20686598421884,108.42182270888935,109.2945100279825,1927200
2026-03-26,110.59362030029297,111.1588851112527,109.05650040818351,109.31434275392506,1501100
2026-03-27,110.7522964477539,111.15888672384233,109.9787769653263,110.85146425416436,1776500
2026-03-30,112.44808959960938,113.02327346253767,111.0200489926201,111.92249342231987,2271900
2026-03-31,112.23983764648438,113.1224439968136,110.48454399639671,113.1224439968136,4177000
2026-04-01,112.96377563476562,113.11252356141222,111.2679736108079,111.53573501080908,1690300
2026-04-02,114.47114562988281,114.89757400573428,113.22161008757081,113.61828887817987,1614400
2026-04-06,113.657958984375,114.65957124126776,113.22161155245762,113.74720774125699,1199000
2026-04-07,113.50920104980469,114.70914889576022,113.4100332445061,113.84638066704214,1360200
2026-04-08,112.62659454345703,112.73568139891964,110.13744253447518,111.15888530288096,2617500
2026-04-09,114.02488708496094,114.69923876135383,112.50759013856296,112.50759013856296,1742900
2026-04-10,112.6166763305664,114.3323088797663,112.28942332776363,112.98360553494358,1123400
2026-04-13,110.9605484008789,112.78526777154183,110.29611579153675,112.59684364775107,1488500
2026-04-14,110.73246765136719,111.00022148948096,109.56226935890716,110.48454434843937,1815000
2026-04-15,109.36392211914062,110.52420131794757,109.03666155557401,109.89943734151733,1668900
2026-04-16,109.6019287109375,110.137443944788,108.35240073130497,109.11600116330263,1621800
2026-04-17,109.2350082397461,109.40359426905378,107.31112099747175,108.84824849438436,2109400
2026-04-20,108.75899505615234,110.41512093955312,108.33256666328674,108.73916452053905,1424400
2026-04-21,107.29129028320312,109.42342462139902,107.08303561804989,108.92757801883835,1528000
2026-04-22,107.23178100585938,108.62015297334474,106.75577251564748,108.03505762787209,1497700
2026-04-23,109.33417510986328,109.61184799481741,107.68796076903715,108.35240096205585,1638800
2026-04-24,108.15406036376953,109.0862544135202,107.75738912780817,108.54082011504505,1418000
2026-04-27,107.92597198486328,109.21516859585144,107.90613388403747,108.45156816646772,1260100
2026-04-28,108.70941162109375,109.57217986532851,108.05489047551829,109.30442602960498,1574000
2026-04-29,107.97555541992188,109.11600413982332,107.43012868676475,108.08464227975708,1512400
2026-04-30,110.56387329101562,110.64321056324867,107.16236529571555,108.13422796552359,2918800
2026-05-01,109.57218170166016,111.49606896857387,109.56227021699893,110.54404438579706,2280600
2026-05-04,108.71932220458984,110.40520517508861,108.28298234384103,109.12592004608109,2909900
2026-05-05,108.24331665039062,109.41351495451447,107.99539334499165,108.74908231188978,1776100
2026-05-06,105.98225402832031,108.3920687846905,105.88307865642192,108.23339424246794,2281200
2026-05-07,105.50624084472656,106.20042307083342,104.44512940423819,105.27815564158523,3106200
2026-05-08,105.4269027709961,106.71610697085632,103.75094639040032,106.40868449677437,2580100
2026-05-11,105.3277359008789,106.77560709295524,104.81205875595509,106.0615867645847,2115200
2026-05-12,106.01200103759766,106.7161022780601,105.12939472448146,106.38884171719182,3283700
2026-05-13,106.16000366210938,106.36000061035156,104.70999908447266,105.12999725341797,2464000
2026-05-14,107.12999725341797,107.31999969482422,105.97000122070312,106.47000122070312,2006400
2026-05-15,105.36000061035156,107.51000213623047,105.30999755859375,107.4000015258789,2328400
2026-05-18,106.51000213623047,107.62000274658203,105.5999984741211,106.16000366210938,3061500
2026-05-19,108.13999938964844,108.80999755859375,106.55000305175781,107.58999633789062,3361400
2026-05-20,106.30000305175781,108.33000183105469,105.88999938964844,107.77999877929688,1945000
2026-05-21,107.4000015258789,107.80000305175781,106.30999755859375,106.58999633789062,1731700
2026-05-22,108.54000091552734,108.76000213623047,106.69999694824219,107.0999984741211,2238100
2026-05-26,107.69999694824219,108.62000274658203,107.66000366210938,108.25,1933600
2026-05-27,108.01000213623047,109.23999786376953,107.08999633789062,107.44999694824219,3157900
2026-05-28,106.30000305175781,108.55999755859375,106.08000183105469,108.08999633789062,2083500
2026-05-29,105.62999725341797,107.25,105.08000183105469,106.36000061035156,8332600
2026-06-01,103.5999984741211,105.1500015258789,103.5999984741211,105.0,1940500
2026-06-02,103.79000091552734,104.75,102.87000274658203,102.87000274658203,3356400
2026-06-03,103.4800033569336,106.4000015258789,103.41000366210938,104.26000213623047,2838700
2026-06-04,104.08000183105469,104.70999908447266,102.81999969482422,104.01000213623047,1910200
2026-06-05,106.26000213623047,107.44999694824219,104.5,104.91999816894531,1810100
2026-06-08,104.30999755859375,106.25,104.29000091552734,105.83000183105469,1733200
2026-06-09,106.4000015258789,107.72000122070312,104.05000305175781,104.91999816894531,2044900
2026-06-10,107.5999984741211,109.0199966430664,106.69999694824219,109.01000213623047,2359200
2026-06-11,106.83999633789062,109.41999816894531,106.62000274658203,108.73999786376953,2106900
2026-06-12,107.73999786376953,108.3499984741211,106.94999694824219,107.08000183105469,1916100
2026-06-15,107.72000122070312,108.58999633789062,106.3499984741211,107.11000061035156,2228400
2026-06-16,108.37000274658203,109.2300033569336,107.19999694824219,107.69000244140625,1657100
2026-06-17,107.04000091552734,108.22000122070312,106.1500015258789,107.47000122070312,2592800
2026-06-18,106.36000061035156,107.8499984741211,105.69000244140625,106.62999725341797,6555000
2026-06-22,106.91999816894531,107.80999755859375,105.91999816894531,106.47000122070312,3165000
2026-06-23,108.75,109.06999969482422,107.0,107.68000030517578,2420300
2026-06-24,110.72000122070312,110.86000061035156,108.87000274658203,109.18000030517578,3070400
2026-06-25,110.76000213623047,111.62999725341797,109.8499984741211,110.76000213623047,1738800
2026-06-26,112.05999755859375,112.16000366210938,110.77999877929688,111.69999694824219,2642400
2026-06-29,112.29000091552734,112.4000015258789,111.23999786376953,111.6500015258789,1676500
2026-06-30,110.62999725341797,112.2300033569336,110.43000030517578,111.5999984741211,2187200
2026-07-01,110.94999694824219,111.48999786376953,110.3499984741211,110.93000030517578,1906800
2026-07-02,113.98999786376953,114.08999633789062,111.4000015258789,112.19000244140625,2172100
2026-07-06,111.94000244140625,113.62999725341797,111.73999786376953,113.62999725341797,2617200
2026-07-07,112.98999786376953,115.26000213623047,112.54000091552734,113.19999694824219,2916400
2026-07-08,112.08999633789062,114.16999816894531,111.80999755859375,113.63999938964844,1582900
2026-07-09,110.2699966430664,112.26000213623047,110.22000122070312,111.93000030517578,2051900
2026-07-10,111.12000274658203,111.43000030517578,110.18000030517578,110.2699966430664,1343900
2026-07-13,111.81999969482422,112.52999877929688,111.08999633789062,111.61000061035156,2070200
2026-07-14,111.95999908447266,112.83000183105469,111.37000274658203,111.98999786376953,1619800
2026-07-15,110.30999755859375,112.23999786376953,110.19999694824219,111.48999786376953,1476200
2026-07-16,112.38999938964844,112.4000015258789,110.2300033569336,110.62000274658203,1661600
2026-07-17,112.37000274658203,115.19999694824219,111.06999969482422,113.80000305175781,2449700
2026-07-20,111.05000305175781,113.23999786376953,110.58999633789062,112.83999633789062,2006900
2026-07-21,109.80999755859375,110.70999908447266,109.41000366210938,110.44999694824219,1782900
2026-07-22,112.08999633789062,112.31999969482422,110.1500015258789,111.12999725341797,1674200
2026-07-23,112.79000091552734,113.01000213623047,110.9800033569336,111.36000061035156,2875200
