Date,Close,High,Low,Open,Volume
2018-06-01,106.46875,106.91589799813674,105.51854806620317,106.36627710307506,1227100
2018-06-04,108.79767608642578,108.89083133525939,106.70165100486494,106.70165100486494,1711200
2018-06-05,109.47769165039062,110.4558393156041,108.76970622959387,108.88148966062055,814300
2018-06-06,116.18498992919922,117.03271185721212,109.65470593601397,109.65470593601397,2686800
2018-06-07,117.83384704589844,118.04811047256199,116.25950446110826,116.52034194936753,1997400
2018-06-08,119.0728530883789,119.14738012873816,117.24698324331568,117.88044887178984,1145400
2018-06-11,115.92415618896484,119.3616394014604,115.78441977002065,119.17532180710496,1876900
2018-06-12,116.11975860595703,116.11975860595703,115.04845577445393,115.76575880875598,913700
2018-06-13,116.5203628540039,117.06998378754375,116.0732077172732,116.39925463609258,813600
2018-06-14,116.76254272460938,117.4984811189514,116.6693874952484,116.68802280549365,1414400
2018-06-15,115.52359008789062,116.62283909370035,114.96465148145805,116.5855755722995,1165400
2018-06-18,116.25020599365234,116.38062475930836,114.61996431566243,115.30000400697028,761900
2018-06-19,117.39602661132812,117.58234420650416,114.7969619010507,115.08574528946163,1389000
2018-06-20,119.26848602294922,119.68768820402798,117.21904208189073,117.74071717075144,1195700
2018-06-21,118.51390075683594,119.73425069521977,118.08538098539802,118.98900169991906,912500
2018-06-22,117.93633270263672,119.39889201214316,117.77796808294305,118.9796898759448,1177100
2018-06-25,116.0545654296875,117.93632678090673,115.76577495895273,117.71275279331282,673900
2018-06-26,115.94278717041016,116.3806246435153,115.57015908006812,116.13841531869954,1198300
2018-06-27,114.57337951660156,116.92093143876627,114.51748779231318,115.8123648584502,1319600
2018-06-28,117.52644348144531,117.60096340651947,113.80017715075581,114.23800747448908,1476600
2018-06-29,116.5483169555664,118.61639628295828,116.49242522475808,117.46124839279057,1412500
2018-07-02,115.728515625,115.81235320299508,114.28458462969313,115.37451578736183,674300
2018-07-03,115.63536834716797,117.28424533541302,115.57015896447007,116.41788804683249,363900
2018-07-05,117.53575897216797,117.6009683514054,115.91483504020235,116.6414558680735,380000
2018-07-06,118.53252410888672,118.83994277166715,117.31217422045899,117.51711999564594,356800
2018-07-09,119.73424530029297,120.03235341372796,118.5697871345198,118.97036102783731,924100
2018-07-10,119.82740783691406,120.22797462360327,119.57588089261081,119.9112454134894,599900
2018-07-11,119.85536193847656,120.46087454148824,118.85857885538367,119.5293079432683,878900
2018-07-12,119.75289154052734,120.265256023145,119.32436464199844,120.11620195282377,969100
2018-07-13,118.29962158203125,119.79945124349985,118.21578401296813,119.75287007805056,768500
2018-07-16,117.97359466552734,118.70021548258254,117.20039267515766,118.29964155686119,651300
2018-07-17,117.26563262939453,117.9456795577406,116.88369391632753,117.78731489884188,861500
2018-07-18,117.5636978149414,117.75933304826329,116.9581852327249,117.2842321094466,1016100
2018-07-19,117.24698638916016,117.93634376275497,116.61352074368952,117.52645924436099,542100
2018-07-20,117.85249328613281,118.18785783279351,116.92092668036179,116.92092668036179,583600
2018-07-23,118.38346862792969,118.94240708806876,117.52642918189724,117.80589485832272,606200
2018-07-24,118.4859619140625,118.98900874700998,117.6941245929313,118.98900874700998,715700
2018-07-25,118.96107482910156,119.42685821857695,118.43008204939122,118.43008204939122,1120000
2018-07-26,114.81556701660156,116.4458083332673,112.5798060751452,115.16024916789175,2979800
2018-07-27,115.03917694091797,115.2720686303887,113.31577986029268,114.53613003878637,1196200
2018-07-30,116.95817565917969,117.52643178664704,114.59199592177056,114.72241466178389,948400
2018-07-31,116.91162872314453,119.32438322712679,116.80915581066053,117.41467562789585,1060400
2018-08-01,116.6507568359375,117.88042431655876,115.94276431458337,116.52964864375888,967800
2018-08-02,117.17247009277344,117.31220653318918,116.03595746808487,116.25953861566632,555400
2018-08-03,119.01696014404297,119.08216952686769,116.65077994151913,117.1538267978626,546800
2018-08-06,119.28711700439453,119.5013733621267,118.4300702515965,118.99832649873105,766600
2018-08-07,118.83995819091797,119.59453201630976,118.77474880919665,119.51068021407019,447200
2018-08-08,118.75611114501953,119.65041421195266,118.23442902550846,119.19394146896936,314200
2018-08-09,119.61316680908203,120.21869373441689,118.56981658209129,118.74681654158024,505200
2018-08-10,119.57589721679688,119.95784295944085,118.40212123348103,118.85858690749124,406500
2018-08-13,120.0230484008789,121.01050681360859,119.12874523528207,119.52931919451407,640700
2018-08-14,120.65650939941406,121.27133254921266,120.20003665048377,120.37703657791752,578400
2018-08-15,120.2000503540039,120.49815852147384,119.05422729127342,120.33977967339307,539000
2018-08-16,120.88008117675781,121.55081028966151,120.53540607122463,120.59129779487014,487400
2018-08-17,123.98220825195312,124.01015411568766,120.3956849984161,121.04777884318831,902400
2018-08-20,123.75861358642578,124.82059881390353,122.38920971223388,123.96355935090189,1418300
2018-08-21,125.09073638916016,125.45404672045254,123.67475146597498,123.78654910107865,776000
2018-08-22,125.10008239746094,125.56586573446249,124.47593443162839,124.86719072896017,450000
2018-08-23,126.31466674804688,127.1461754673292,125.52053721613845,125.64198393514623,872300
2018-08-24,123.85749816894531,126.29595512030937,123.68932036706957,126.29595512030937,707800
2018-08-27,123.60523986816406,124.38069393507284,123.11941030393601,124.27792257063962,844400
2018-08-28,123.8855209350586,125.38971215027965,123.40902906033654,123.9882922947065,1061600
2018-08-29,125.0907211303711,125.42706242667057,123.08202527434646,123.84812729281964,777600
2018-08-30,124.61429595947266,125.09077372290051,124.03503254920535,124.98800233204537,646000
2018-08-31,125.16549682617188,125.29629546020219,124.09108049349301,124.33398816926876,739600
2018-09-04,125.77275848388672,126.06238297862589,124.77308638088438,124.87585774249959,548600
2018-09-05,125.69801330566406,126.24924928924415,125.27759019573155,125.67933797169736,759400
2018-09-06,126.83783721923828,127.24892266633104,125.89421962912465,125.89421962912465,404800
2018-09-07,126.97798156738281,127.996343212382,125.91290307731458,126.47346245020442,511900
2018-09-10,125.71670532226562,127.69737421545618,125.58590670207343,127.69737421545618,887500
2018-09-11,125.9782943725586,126.59492250879667,125.0066495794394,125.51115443710178,1391700
2018-09-12,126.73506927490234,126.87521982072512,125.4270830497737,125.91291261452747,528400
2018-09-13,126.96866607666016,127.86558128901255,126.64167657931092,127.59464631943841,432700
2018-09-14,127.6973648071289,127.98700353962522,126.3706891126445,127.06206134328258,679400
2018-09-17,127.00605773925781,127.71610558744973,126.50153842776521,127.64136145774768,480500
2018-09-18,128.9866943359375,129.575295297016,126.82850981995821,126.82850981995821,783800
2018-09-19,125.49250030517578,129.07078027004144,125.25893029798715,129.07078027004144,584300
2018-09-20,124.75437927246094,126.53885709357154,123.94156041672058,125.90353942298664,1332300
2018-09-21,124.64229583740234,125.32431623268253,123.59589256334952,124.48346995115799,1151600
2018-09-24,123.22215270996094,124.61423463631624,122.63355191962658,124.61423463631624,829800
2018-09-25,123.08204650878906,123.6986604450694,122.38133654194166,123.62393059386875,1457500
2018-09-26,122.25987243652344,123.78275328715827,122.12907381632036,123.3156133212929,790800
2018-09-27,121.82075500488281,122.57751943928649,121.65259146656194,122.24117810666488,780000
2018-09-28,121.98894500732422,122.36265130053393,120.94254172557075,121.51245308910339,757800
2018-10-01,122.19447326660156,122.84848066249799,121.54048012668639,122.78307422051584,1027800
2018-10-02,123.68932342529297,124.01632711392624,121.9235348698312,122.44672936685976,1193200
2018-10-03,123.1287612915039,124.14713737868644,122.90454320374292,123.89487777397314,582100
2018-10-04,119.83074188232422,123.11007364782363,118.96186836714521,122.46541819799107,1192500
2018-10-05,120.72765350341797,121.12938702980962,119.39163292051936,120.16707984391576,970400
2018-10-08,119.12068176269531,120.85844286688439,118.5974873237531,120.79303643402699,743300
2018-10-09,118.93382263183594,119.50373388602002,118.47602039290823,118.65353583771649,740000
2018-10-10,114.25310516357422,119.14873050092058,114.08493447387957,119.03662145978475,1183500
2018-10-11,110.73085021972656,114.83234552395912,110.71216775810827,113.9447753453069,1397700
2018-10-12,114.9631576538086,115.29015423049337,111.91740283670734,112.36585324816338,1810300
2018-10-15,115.00985717773438,115.86005532970606,113.71120865407731,114.3091472349846,923000
2018-10-16,116.28050231933594,116.92515787998585,114.46799661431541,115.37424946682567,868300
2018-10-17,116.10297393798828,116.9158001143864,115.16869392612456,115.96283763860137,707500
2018-10-18,115.24342346191406,116.9625021728711,114.39323246520463,115.92545092062835,503200
2018-10-19,115.43962097167969,116.95315696013603,115.10327964091161,115.43028330492882,658300
2018-10-22,114.86972045898438,115.95348865504214,114.17835527101097,115.83203482396279,1757300
2018-10-23,111.21670532226562,112.55272616675757,109.030486154919,112.53403657285331,1294800
2018-10-24,107.77852630615234,112.30043745269421,107.53561154426687,111.10456036031917,1380500
2018-10-25,91.84906005859375,100.6593203158623,84.58970794744427,100.6593203158623,9651100
2018-10-26,90.80266571044922,91.88642668727968,89.42927311774987,90.53172368424411,4949300
2018-10-29,90.27010345458984,92.79265568928766,89.20502521078515,91.76494948729922,2222900
2018-10-30,92.52174377441406,92.74596897013055,90.57843973689664,90.70923836173046,1416800
2018-10-31,94.77336120605469,95.40867186251762,93.01691032336812,93.2317978499912,1984500
2018-11-01,97.8564682006836,98.23018156134553,95.62353995891507,95.62353995891507,2075600
2018-11-02,97.03431701660156,98.75338871803645,95.16575710043823,98.13676765225756,1684500
2018-11-05,97.09037780761719,99.01499949267802,96.33361327362189,97.17446671583382,1008000
2018-11-06,96.75403594970703,97.45474596006817,96.3990121105341,96.48309389034183,815500
2018-11-07,97.04364013671875,97.54815205675582,95.97856179263675,97.529462470094,1277900
2018-11-08,95.28721618652344,97.12774894597688,94.71730481040869,96.96892305505723,1448500
2018-11-09,95.40866088867188,96.06265393275432,94.44634665525118,95.24982789683222,1031600
2018-11-12,93.78302764892578,95.29656387657162,93.65222901384428,94.96022249265032,1659300
2018-11-13,93.78302764892578,95.30590867278916,92.81137555404102,93.8110620375784,1571300
2018-11-14,91.30716705322266,94.10066163071583,90.98016342418737,94.10066163071583,1986900
2018-11-15,93.08231353759766,93.5120814808706,90.74661354503331,90.93347382123288,1595700
2018-11-16,94.28752136230469,94.85743264473712,92.96084567742477,92.96084567742477,1618400
2018-11-19,94.84810638427734,96.21216151329308,93.9231711418821,94.32491184360788,3659200
2018-11-20,94.25950622558594,94.54913073724177,93.0449394053683,93.53076898465157,3333900
2018-11-21,94.72845458984375,95.03796511922623,94.25950184434947,95.02858406073405,1688100
2018-11-23,94.78474426269531,95.4881735117986,93.79994760734213,94.23138335478053,438600
2018-11-26,95.91023254394531,96.01340273657586,95.00046293019537,95.54444991758328,1299600
2018-11-27,96.60425567626953,96.61363673380076,94.21259405697556,95.40373791568207,1085500
2018-11-28,99.1928939819336,99.25854708487626,95.9383605453796,97.07322541376082,1011100
2018-11-29,96.41670227050781,100.11204561155631,96.1728448014958,99.3148272518598,3025400
2018-11-30,96.29476165771484,96.69806133277191,95.44127132322055,96.39793184126327,739700
2018-12-03,96.58549499511719,98.45192461684884,96.31350158802667,98.02048901942418,944200
2018-12-04,93.11524963378906,97.27955201885709,92.90890929497571,96.34164659199676,1205500
2018-12-06,94.09068298339844,94.09068298339844,90.88304777110848,91.7459191459377,993800
2018-12-07,93.1903076171875,95.24432331710062,92.71197372358053,94.20324745459553,1451900
2018-12-10,92.32743072509766,93.23720031354352,90.08583688511239,93.13403012378254,1511000
2018-12-11,91.01436614990234,93.06838183612267,90.7705086745996,92.74010913043915,671500
2018-12-12,91.9616470336914,93.45291350446118,91.5958644217799,92.14922529161716,1004000
2018-12-13,91.08940124511719,92.32743644327319,90.27342073619413,92.32743644327319,844900
2018-12-14,91.14563751220703,91.21129059710493,90.03890896989279,90.25463033778564,936700
2018-12-17,91.2019271850586,92.13045876551843,90.18899470147208,90.9299337362457,1747400
2018-12-18,89.21358489990234,92.5243905843005,88.68835288833395,91.80219925176347,1533800
2018-12-19,88.37882995605469,91.15502911170756,87.55346861542112,89.05411584068614,1354400
2018-12-20,85.61202239990234,88.51952834156886,84.72101493824147,88.00368455268958,1527100
2018-12-21,85.34940338134766,87.09390824269325,84.28957270660277,85.81835614717923,2504900
2018-12-24,84.41150665283203,85.48071849798241,84.17703024546306,84.65536412007836,1135900
2018-12-26,86.94385528564453,87.05640654536607,83.17347753063027,84.62723422384335,969000
2018-12-27,88.2850570678711,88.2850570678711,84.58033257866673,85.64954445701719,1069900
2018-12-28,87.09391784667969,88.8009058163129,86.6812370774325,88.8009058163129,1070900
2018-12-31,87.34713745117188,88.15373676112421,86.3623409604053,87.5347228463068,769400
2019-01-02,87.26272583007812,87.60975343018184,85.62139125677685,85.66828223690922,895300
2019-01-03,85.66829681396484,87.89113573321578,85.05866387895465,87.32839378631678,720100
2019-01-04,88.39762115478516,88.66961469393982,86.25919708766942,86.55932665576192,776400
2019-01-07,87.86299133300781,89.18543442436587,87.71292301179338,88.31318914099971,929400
2019-01-08,88.52888488769531,88.93218447202348,87.52532645538803,88.22875546370575,1263200
2019-01-09,90.0389404296875,90.10459353752474,88.35070743437004,88.4257416020846,794200
2019-01-10,90.657958984375,90.88305432542231,89.26047448439549,89.76694436849083,1184300
2019-01-11,90.6485595703125,90.65794062802179,89.9545115684834,89.96388547054227,632300
2019-01-14,90.19837951660156,90.7705025030364,89.19482081436621,89.85135902544236,699200
2019-01-15,91.36137390136719,92.28989829920155,90.20774704202996,90.27340013772228,1891900
2019-01-16,92.29928588867188,92.62755139036233,91.2769651483773,91.3332371899096,758100
2019-01-17,94.77537536621094,94.82226635857089,91.74593675817145,92.10233835384851,1665600
2019-01-18,97.76728057861328,97.80479766238062,95.18804010373762,95.19742116359247,1704100
2019-01-22,97.1857681274414,97.59844167158352,96.22910053349408,97.42024449675091,1662600
2019-01-23,97.56090545654297,97.82352494940169,96.56672813549395,97.09195280991237,987000
2019-01-24,97.37335968017578,97.93610161236501,96.86688979450992,97.54218297539774,899100
2019-01-25,99.07096862792969,99.08034968776559,98.09554591890473,98.33940338507398,672700
2019-01-28,98.67704010009766,99.32419720657327,97.73913456869593,98.26435937647247,1407700
2019-01-29,98.39566040039062,99.24915060604441,97.8704285027994,98.78019789912572,536600
2019-01-30,99.32420349121094,99.98073454247294,97.98299821021702,98.78959759071137,951700
2019-01-31,100.3746337890625,100.69352534927157,98.67702728745816,99.35232032728874,768700
2019-02-01,101.23753356933594,101.78151338342259,99.98073633427273,100.44030807839233,1348300
2019-02-04,101.07807159423828,101.43448026035615,100.12141114211623,101.16248680934815,1231400
2019-02-05,101.08745574951172,101.12497282897087,99.43674003156518,100.0745160710683,706000
2019-02-06,100.4215316772461,100.93738251354108,99.82127278900305,100.62787201176408,1051000
2019-02-07,99.98072052001953,100.44029219144728,99.12723027308226,99.67121000112601,690200
2019-02-08,100.24333190917969,100.29961110201612,99.14598425015393,99.40859663122156,1184900
2019-02-11,100.59037780761719,101.04057565398432,100.02763586639728,100.35590140247122,1371700
2019-02-12,101.68769836425781,101.76273251111512,100.27146640948916,100.89048023193669,1290400
2019-02-13,101.76274108886719,102.04411558547456,101.11558404006064,101.94094541376191,1121000
2019-02-14,102.16605377197266,102.86010188846228,100.74044045760859,100.82484852398566,4365600
2019-02-15,102.52244567871094,103.65731045027624,102.37238452292301,102.85071832107069,988300
2019-02-19,102.53185272216797,102.8882543186832,101.80966846838237,102.11917191677462,1932000
2019-02-20,101.41572570800781,103.50725825696999,101.15311329590169,102.75693094610828,3131100
2019-02-21,103.62916564941406,106.08648037361408,99.02405385604133,100.40277593903846,2669700
2019-02-22,103.8824234008789,104.088763772105,101.78150976262387,103.5541578810427,1468600
2019-02-25,103.53538513183594,104.99851538753619,103.48848699568106,104.41701857086092,976400
2019-02-26,104.06060028076172,104.10749841257703,102.61623227543333,103.5072395347223,1115100
2019-02-27,101.98783111572266,104.37011168860921,101.95031404107283,103.90115898896187,1039900
2019-02-28,102.71002197265625,103.028906372749,101.53764022704998,102.08161991871707,740900
2019-03-01,103.60105895996094,103.7417462409266,102.23171754690998,103.16024215223962,901900
2019-03-04,103.37593841552734,104.34197987077513,102.51306713080606,104.01371439894102,644400
2019-03-05,103.0851821899414,103.47910072622197,102.71001861249084,103.47910072622197,478600
2019-03-06,102.5881118774414,103.21651406728033,102.50370380821562,103.10396281932742,630200
2019-03-07,101.95970916748047,102.71941035592785,101.1249738193799,102.48493397375013,678300
2019-03-08,101.79087829589844,101.92218448767481,100.89987097232292,101.35006158537027,604200
2019-03-11,103.57933807373047,103.91820234686855,101.94149887453503,101.94149887453503,640500
2019-03-12,104.56768798828125,104.94420465163337,103.86172193754278,104.01233147546685,694400
2019-03-13,105.01950073242188,105.84783157810301,104.62416150026434,104.71828886295079,596300
2019-03-14,103.84290313720703,105.09481803655959,103.55110612362046,104.92538589092196,668200
2019-03-15,104.50179290771484,104.53003758076284,103.31577517217521,103.68287692576476,884800
2019-03-18,106.09256744384766,106.2431769678605,104.67122058217019,104.7277027444037,982200
2019-03-19,106.77030944824219,107.08093624472812,106.16788563888306,106.19612313284392,848200
2019-03-20,105.84785461425781,106.81738748715867,104.87832892281595,106.51617555213343,475200
2019-03-21,108.24813842773438,108.3516806998776,105.46192633519556,105.46192633519556,896200
2019-03-22,106.25260162353516,108.04105050841682,106.17730403097669,108.00339812140832,599400
2019-03-25,105.77255249023438,106.37497633450509,104.96304410297209,106.37497633450509,506300
2019-03-26,106.70441436767578,106.91149888857298,105.87608346554492,106.40320247767747,561200
2019-03-27,108.17282104492188,108.44579544135448,106.48791457267386,106.67617649165733,813500
2019-03-28,109.9236068725586,110.17775864349669,107.72099649220023,107.80570896154146,1066300
2019-03-29,111.54263305664062,111.96620980325991,110.497802754758,110.6484122886853,1657700
2019-04-01,112.50274658203125,112.79455076612535,111.88150019231281,112.10740731753242,652700
2019-04-02,113.17105865478516,113.25577112712784,111.49555999339141,112.6627622763566,486200
2019-04-03,115.15717315673828,115.21365532144576,113.29342689491827,113.62287626630486,776400
2019-04-04,115.8819808959961,115.89139578799376,114.69595585533585,115.44898922306328,1216800
2019-04-05,116.51262664794922,117.50098191338107,116.0984576328795,116.14552490512196,1588200
2019-04-08,116.03255462646484,116.73852054144602,115.40189346596459,116.20198673331859,734600
2019-04-09,115.32660675048828,115.91962280796233,115.13835201629645,115.57134365010388,478500
2019-04-10,115.89139556884766,115.9008032793691,114.76184551939247,115.66548125008157,602100
2019-04-11,117.1715316772461,117.25624414890109,115.65605744500921,116.17376152852368,562200
2019-04-12,117.71748352050781,118.74349124928663,117.22801688484591,117.66100853447783,540500
2019-04-15,118.76229095458984,118.79994333183683,117.71746082572018,118.0280875519153,508700
2019-04-16,118.85643005371094,119.22353897278671,118.33872597367704,119.20470919157393,437100
2019-04-17,118.09398651123047,119.44002858027895,117.99044426119157,119.44002858027895,604500
2019-04-18,118.31991577148438,118.65878007481462,117.46334730245299,118.02811874751721,562000
2019-04-22,117.49156188964844,117.9904433552104,117.02091791361532,117.9904433552104,809400
2019-04-23,117.79277801513672,118.42343924232266,116.46556568899105,117.49156614681975,914900
2019-04-24,118.05634307861328,119.28943528213559,117.5574615714103,118.2822573766151,458500
2019-04-25,117.20919799804688,117.60454448138364,116.5032318812109,117.501002209731,356700
2019-04-26,117.90574645996094,117.99987383130876,116.7008988712095,117.65159465771794,330100
2019-04-29,118.75289916992188,119.0070437735964,117.99045099598308,117.99045099598308,504400
2019-04-30,118.55522155761719,119.40238219984106,118.19753470043713,118.48933168441408,712900
2019-05-01,117.1621322631836,119.03529359227369,117.13389476890187,118.98823349562362,652400
2019-05-02,116.06082153320312,117.34097387883448,115.9572792713169,117.34097387883448,916400
2019-05-03,116.87974548339844,117.59512647364856,116.4655835892187,116.54088118177778,714100
2019-05-06,116.61617279052734,117.03974952900464,113.73583373338326,114.90302887305258,960700
2019-05-07,114.11235809326172,116.40909614509694,113.28401997950569,115.71254497063154,833600
2019-05-08,112.9545669555664,114.47004130340356,112.88867707876732,113.92409250623507,1279100
2019-05-09,112.05096435546875,112.860472898774,110.92141404363208,112.09802446338273,2803800
2019-05-10,112.38978576660156,112.54038810839828,108.60580408160315,110.56368479516166,2541800
2019-05-13,109.59418487548828,110.0742438659412,108.66231157286944,109.6600747619066,1895400
2019-05-14,111.72148132324219,112.39920987052406,109.83890521699608,109.88596531077748,756500
2019-05-15,111.74972534179688,112.32391166225008,110.95903959664068,111.09081935725699,993100
2019-05-16,114.41355895996094,115.04422019468792,111.10963607818043,112.38037343841678,723900
2019-05-17,114.00882720947266,115.0724802699969,113.55700572219025,113.56642061482043,616900
2019-05-20,114.15941619873047,114.95950962346787,112.95456861586123,113.51934002264893,409400
2019-05-21,115.57132720947266,116.65380973073128,114.54532684560293,114.54532684560293,614800
2019-05-22,116.56909942626953,116.67264167807997,115.28895438666811,115.57133647041331,519600
2019-05-23,114.31232452392578,115.78537774468116,113.78354025214689,115.37934490623798,677000
2019-05-24,114.9355239868164,115.52096157265743,114.03847113744477,114.69945858500456,551800
2019-05-28,116.52188110351562,117.08843661404508,114.98273010834002,115.37932544944039,1153200
2019-05-29,115.5209732055664,116.15363402128051,114.80333949877692,116.15363402128051,1000000
2019-05-30,116.28583526611328,117.93829331884773,115.38878228642734,116.3047173311777,612300
2019-05-31,114.16126251220703,115.18106706963135,113.29254331328102,115.18106706963135,1102400
2019-06-03,113.81185913085938,115.52097046622973,113.22642149994748,114.16123854593042,1172400
2019-06-04,117.26786804199219,117.37173740994177,114.30288674850233,114.32176881351799,704700
2019-06-05,120.86548614501953,121.04489815634224,117.97604792219136,118.03270131349564,1002800
2019-06-06,121.9041976928711,122.05526862257568,120.1006542923139,120.99770007318925,729600
2019-06-07,122.91455078125,123.69828976601431,122.23468116575062,122.6029426734552,618400
2019-06-10,122.95233154296875,123.82105064330378,122.76346766213364,123.74550797262798,480000
2019-06-11,121.47925567626953,123.754929713889,120.9599232946867,123.69827632013737,697300
2019-06-12,123.68883514404297,123.96266467497793,121.450925300615,121.47925199663278,811500
2019-06-13,125.23743438720703,125.62457073546933,122.98064949142852,123.92491119524028,773500
2019-06-14,124.68034362792969,125.86067108521138,124.29320717224485,125.3885401022987,472900
2019-06-17,125.20909881591797,125.72843118958026,124.31203873423408,125.01079753252229,558600
2019-06-18,125.36016845703125,126.78601273560092,125.16188158393429,126.05892724823772,396900
2019-06-19,126.40831756591797,126.71992567661356,124.91638225181075,125.5773770123541,633700
2019-06-20,127.45646667480469,128.61791918073766,126.804923661304,127.09765695200045,854500
2019-06-21,126.59716796875,127.54142963096206,126.58771613082259,127.00319356752222,1601500
2019-06-24,125.73785400390625,126.8992915148812,125.61509540879273,126.8992915148812,554400
2019-06-25,123.679443359375,125.57741936386756,123.56613652028742,125.57741936386756,605100
2019-06-26,123.792724609375,124.10431831619005,123.14118167854282,123.8021620401511,709700
2019-06-27,125.04855346679688,125.3129599634337,123.5188543258815,124.27426646757252,716500
2019-06-28,127.70193481445312,128.0796336640558,125.24684906717316,125.24684906717316,1839700
2019-07-01,128.25901794433594,129.3543645430869,127.61691274882232,129.2127166988797,813100
2019-07-02,128.52346801757812,129.06168972548366,127.49422616287265,128.2307491789271,884100
2019-07-03,130.88414001464844,131.11076805326937,129.05226965860132,129.27889769722225,459400
2019-07-05,130.3647918701172,130.70472672070036,128.75011213606658,130.37424371015373,419400
2019-07-08,128.60841369628906,130.0153685213131,128.21182559442641,130.0153685213131,863800
2019-07-09,129.5432586669922,129.59047463136807,127.79636884311019,128.39125829600968,612200
2019-07-10,127.71139526367188,130.26089897877475,127.5225458048291,130.04372282152008,674100
2019-07-11,129.05226135253906,129.24111083508868,127.52256181310771,127.92858748017478,403400
2019-07-12,129.9871063232422,130.09097571633393,128.3818638549742,129.2600205716,499200
2019-07-15,129.56211853027344,130.20420939353687,128.87279730506364,130.20420939353687,623200
2019-07-16,129.76046752929688,129.86433691379634,129.18446719858036,129.5621806005298,388400
2019-07-17,130.29869079589844,131.11075651915138,129.44884653205239,129.44884653205239,462900
2019-07-18,131.47901916503906,131.49789402720492,129.29776228837892,130.1098280185538,599300
2019-07-19,129.64712524414062,132.68764885861873,129.6093467101346,132.68764885861873,531700
2019-07-22,130.15704345703125,132.46104456149206,129.98708324848496,131.33737071068603,586900
2019-07-23,132.6593475341797,132.95206639140997,130.31756785975372,130.31756785975372,730300
2019-07-24,134.3212127685547,134.93497704600946,131.7622574896966,132.33825764275093,1540000
2019-07-25,129.92095947265625,136.00200692133137,129.2788684542444,134.4817450591626,1846400
2019-07-26,134.40621948242188,135.07665169173214,130.29868934848153,130.61973489849876,887900
2019-07-29,134.76502990722656,135.05774872657727,133.75466298026515,134.4062058534212,666000
2019-07-30,133.5186309814453,134.25515413331445,132.43273552654153,134.19850072290814,1034200
2019-07-31,131.33734130859375,133.89629656130012,130.44029567829332,133.66966859234793,976000
2019-08-01,130.4969940185547,132.49883907978648,129.68492819378457,131.45070777581918,1290200
2019-08-02,130.37420654296875,131.06351347937078,129.3544022819458,130.17590526653845,723600
2019-08-05,127.17316436767578,129.1277930876141,126.08726912879276,128.0702245482991,1361400
2019-08-06,129.7510223388672,129.90210769061278,126.7765889105809,127.75862928863512,882200
2019-08-07,132.43264770507812,132.574281137171,127.71134119152809,128.35343196139456,972600
2019-08-08,135.98312377929688,136.40805307577025,132.44214236395382,132.76320229591218,1107700
2019-08-09,133.80189514160156,135.93593604627148,133.4147443428244,135.86039337273263,1222400
2019-08-12,132.06446838378906,133.584730601548,131.5829000073411,133.2353583132402,898000
2019-08-13,134.8028106689453,135.59600153882522,131.7528490601271,131.7528490601271,702300
2019-08-14,132.1399688720703,133.77353738427283,131.3373407593071,132.74429571179363,970300
2019-08-15,133.41470336914062,133.69798470583834,131.48841621451336,132.51765780983732,899200
2019-08-16,135.72824096679688,135.96430649445065,133.85859161380566,134.08521970733997,440000
2019-08-19,135.97366333007812,137.44670904416125,135.86979398314725,136.91792488098145,861600
2019-08-20,134.79335021972656,135.87924535135085,134.47230471747287,135.8037170988235,1129800
2019-08-21,136.18142700195312,136.81408062810337,134.85001451298643,135.56766264460617,876400
2019-08-22,136.2571563720703,137.13769389013146,135.0357479115478,136.78737437615322,347800
2019-08-23,134.2119903564453,136.2003219184454,133.73857945571712,135.78371801422793,949900
2019-08-26,135.793212890625,135.80267590981228,133.87116533851133,135.09255939211437,483200
2019-08-27,137.01461791992188,137.4690884344731,136.05831845401053,136.69268746006415,506900
2019-08-28,137.18504333496094,137.5732438345876,135.5754487735949,136.3802388305991,420100
2019-08-29,138.29286193847656,138.88936460680233,137.72477723054115,138.50116399892806,523500
2019-08-30,138.59579467773438,139.62782708384552,138.17919072915777,139.1828196339892,573600
2019-09-03,137.87623596191406,139.48584516431893,137.64900789370398,137.77208494819797,854800
2019-09-04,138.6337127685547,138.8420148203311,138.0088066132255,138.8420148203311,508000
2019-09-05,138.9745635986328,140.68830949665795,138.73785804482026,139.98767030368353,445400
2019-09-06,138.95559692382812,140.04445093459498,138.57687388804,138.57687388804,630700
2019-09-09,136.81581115722656,139.78883235811202,136.51282111128026,139.78883235811202,615500
2019-09-10,132.5550537109375,136.18138298542638,130.225865696038,136.0582915266843,1345100
2019-09-11,133.63449096679688,135.2535633611971,132.24266111205168,132.7255352555376,705500
2019-09-12,134.39193725585938,136.50334658896813,134.25938273376644,134.57183577456252,453000
2019-09-13,133.78594970703125,135.67011621561977,133.42615272867056,135.19670522192706,763500
2019-09-16,132.5361328125,134.2498782342602,132.51720677555423,133.16103876826475,506900
2019-09-17,134.06057739257812,134.56239209847263,132.51726673651297,133.08535149641617,728100
2019-09-18,134.08897399902344,134.5055781365706,131.80714315950559,134.14578102735038,566800
2019-09-19,133.82388305664062,135.2346537233828,133.67238799564197,134.31623478120417,616900
2019-09-20,133.5492706298828,134.24044677214775,132.2047848755023,133.9942782077772,793200
2019-09-23,133.4545440673828,134.00370250369036,132.4887816830243,133.1894350908696,717700
2019-09-24,133.35987854003906,135.37659948602573,132.73497258050222,133.86169302190322,809000
2019-09-25,135.24407958984375,135.38611158826956,132.98117510958406,133.79544277953391,819900
2019-09-26,135.59442138671875,136.16250607084683,134.99791874339127,135.54707738453448,528200
2019-09-27,133.79547119140625,136.25721521327677,132.7160942320182,136.25721521327677,1182600
2019-09-30,133.18946838378906,134.3351295273062,132.93382236133561,133.3883073895549,723200
2019-10-01,130.9171142578125,134.25939558593416,130.61412420839056,133.18001881774984,756000
2019-10-02,127.2718505859375,129.85667139436293,127.04460803511266,129.66730982568973,676300
2019-10-03,129.2412567138672,129.4590218191124,125.8800343274405,127.30974538795029,1102100
2019-10-04,130.6992950439453,131.76920846587421,129.69566609295475,129.94184904517562,713300
2019-10-07,130.43421936035156,131.22008350972845,129.85665724803167,130.4721003383765,1036700
2019-10-08,128.83409118652344,129.82824284216161,127.10140499498209,129.38323529555686,1016200
2019-10-09,132.1006317138672,132.22370877037451,129.44006375774987,130.0933589119,971600
2019-10-10,133.9848175048828,134.1363125391562,131.6272392412107,132.04384336178165,634600
2019-10-11,136.2760772705078,137.24183971144151,135.1209677750933,135.36713628274615,697600
2019-10-14,135.70799255371094,137.90461197684544,135.1020270803611,136.0677895197912,382900
2019-10-15,137.25131225585938,137.70578273344415,135.92575289581615,136.20033934388735,422200
2019-10-16,137.45960998535156,137.50695397446484,135.35767845282183,137.39333995847863,376700
2019-10-17,138.89881896972656,138.99350697216042,137.2418800586591,138.0561477585638,480100
2019-10-18,136.98622131347656,138.66210055917492,136.8158002617239,137.95198394881996,1069900
2019-10-21,137.77206420898438,138.35910367399697,136.3897121775977,137.6205836687669,952200
2019-10-22,131.92071533203125,137.91410052281276,131.80710131144923,137.91410052281276,1087800
2019-10-23,131.95864868164062,132.50780747148272,130.58575893071787,131.60832897586883,1845700
2019-10-24,130.3679656982422,133.8333388075234,124.88585645288778,132.5551229147578,3019700
2019-10-25,130.56678771972656,131.3715924433693,128.69208363498512,129.63890592286526,881000
2019-10-28,129.42111206054688,131.2106052087887,128.71099550255633,130.812941669997,1136200
2019-10-29,128.61630249023438,130.26377804144678,128.2943864638901,129.2317454848596,1298700
2019-10-30,127.83049011230469,128.8341340163455,126.39133043162522,128.8341340163455,1198400
2019-10-31,129.44004821777344,130.0460137490957,128.0671446936933,128.2849241662907,824600
2019-11-01,131.32420349121094,131.38101049746257,129.1465100849727,130.19748304269794,770600
2019-11-04,127.63162231445312,131.9396657705693,127.39491678881333,131.63667576301813,914700
2019-11-05,126.16405487060547,127.78312714735927,124.57340055068441,127.78312714735927,1431500
2019-11-06,127.99138641357422,128.50267836567173,125.91785844406613,126.38179196104142,730600
2019-11-07,126.76998138427734,128.95713762324658,125.70006803293441,128.52160764742308,626600
2019-11-08,126.83627319335938,127.41383515353401,125.90837729186164,126.46701321536946,491600
2019-11-11,127.76417541503906,128.18077944712573,125.06572667370594,126.12617724102432,666800
2019-11-12,127.9251480102539,128.6258016392508,127.49908090975806,127.97249200972239,675500
2019-11-13,128.7299041748047,128.9760726530205,126.96881496833282,127.43274842525321,880000
2019-11-14,130.33956909179688,130.52893067366597,128.09559028219223,128.41752086346855,959300
2019-11-15,131.0401611328125,131.62720060647572,129.288549072999,130.38686607806446,865000
2019-11-18,132.0722198486328,132.60243791272856,130.21644217693898,130.92655875150123,998800
2019-11-19,133.82388305664062,135.10209915685002,132.20482474023058,132.45099337883025,738500
2019-11-20,132.46041870117188,134.45821410146115,131.35263847172618,133.51139191075268,467100
2019-11-21,131.01724243164062,132.43194207644612,130.54250789574652,132.24205115963812,527200
2019-11-22,131.1406707763672,132.34650062046813,130.7608889218507,131.85277261939743,390500
2019-11-25,131.82424926757812,132.58382723135946,131.32103194521872,131.50143334148805,560100
2019-11-26,134.15994262695312,134.18842553157043,131.86222989877922,132.00464442186572,1161800
2019-11-27,134.1884307861328,134.74861391586734,132.67877883132502,134.53972961533165,488600
2019-11-29,132.58383178710938,134.32136154934915,132.1945460752302,134.16944305382384,282600
2019-12-02,131.24505615234375,133.01106853818044,131.21657324997082,132.51735523855416,477700
2019-12-03,129.27967834472656,130.5329696567613,128.7099912561461,129.93481415027077,458100
2019-12-04,129.5265350341797,131.04569094536262,129.19422963893277,129.19422963893277,512800
2019-12-05,130.9697723388672,130.99825525336203,128.92840504432726,129.83041229582693,540300
2019-12-06,131.50146484375,132.43194046621934,130.96976448805324,132.06164811223422,312900
2019-12-09,130.70388793945312,131.42547906406114,130.43803781524252,130.8652959085992,345800
2019-12-10,129.6215057373047,130.78934849488235,129.51706357278985,130.31461401758696,524600
2019-12-11,129.080322265625,130.2481652112672,128.39670334921277,130.02979137311434,504100
2019-12-12,131.52989196777344,131.90967363568623,128.56755439237614,128.84289392845162,789600
2019-12-13,131.69131469726562,132.01413060003583,129.01382031584274,131.2355737470169,815600
2019-12-16,131.26406860351562,133.106040491832,131.07417773093294,131.87172808842718,735400
2019-12-17,129.27967834472656,131.52991481790488,128.52958986183748,131.38750028963202,758300
2019-12-18,130.6944122314453,131.0552151156184,128.7669911703861,129.45061006263597,1042100
2019-12-19,130.81788635253906,131.73887278435802,129.82094063391773,130.21022654587267,551100
2019-12-20,131.6059112548828,132.21357089348294,130.6279592503818,131.80530613855956,911300
2019-12-23,132.3939666748047,132.92566702486448,131.13117109953873,131.68186488717149,617300
2019-12-24,132.45095825195312,132.77377431471848,131.8053261264224,132.39399241590638,236900
2019-12-26,133.1250457763672,133.40987486672458,132.33698482163723,132.95413383440655,373400
2019-12-27,133.1250457763672,133.77067769817225,132.74524950964698,133.5523038996495,378300
2019-12-30,131.90023803710938,133.40989034210622,131.47297986426565,133.13455069357295,389200
2019-12-31,133.03958129882812,133.09654711635895,131.40649358679644,131.58689500080808,613500
2020-01-02,135.19480895996094,135.37521027942125,132.44135631229727,133.56172210385716,832900
2020-01-03,135.65061950683594,135.82153144548744,133.10604976393563,133.10604976393563,710600
2020-01-06,136.2298126220703,136.27728897120846,134.5492628670123,134.929044684622,729200
2020-01-07,135.9734344482422,136.5431070407306,135.16638016586992,136.3247332713306,578100
2020-01-08,138.88832092285156,139.79981751620912,136.2582877976006,136.3057641440431,1165600
2020-01-09,140.50242614746094,140.7682763227912,139.14469235829193,139.6479097964348,703100
2020-01-10,139.30609130859375,140.81574352494928,139.07821353550824,140.81574352494928,591200
2020-01-13,141.08154296875,141.32841408945384,139.3914899338563,139.3914899338563,571300
2020-01-14,139.74282836914062,141.19552914211602,139.6763730785218,140.75876706531525,662900
2020-01-15,142.20196533203125,142.58174710794293,139.31557167921656,139.79981010441196,681100
2020-01-16,143.38882446289062,143.54072850494327,141.8506747022147,143.1894295815582,560900
2020-01-17,145.29721069335938,145.85739381365357,142.85708338766983,143.76856533124274,836700
2020-01-21,146.54104614257812,146.67397122684136,144.09141431451448,144.8225095218362,910000
2020-01-22,146.93031311035156,147.57594501190428,145.9523612968112,146.86384333285574,678100
2020-01-23,147.1201934814453,147.20564219976643,144.91743331194724,146.30364970163907,474000
2020-01-24,146.22767639160156,147.5474373693543,145.45860902519257,147.47149261886986,589000
2020-01-27,145.29721069335938,145.75295166514584,142.8001030894203,143.9584561955084,476900
2020-01-28,146.83538818359375,147.4050754296289,145.2972529021467,145.80047035812007,1033400
2020-01-29,146.6169891357422,147.83230819637714,146.2561863094535,147.40505007920402,487800
2020-01-30,145.0123748779297,146.398605787628,143.37928728031036,145.56306855505667,760000
2020-01-31,142.32542419433594,144.73708402310743,141.45191428783403,143.95851234189382,751400
2020-02-03,144.57562255859375,144.8034858052557,142.93303105426796,143.0849495438723,527400
2020-02-04,147.4905242919922,147.94627988429602,145.97138244755823,146.39864063856314,579600
2020-02-05,148.01272583007812,149.1520857633164,147.26265167441846,148.51594325465626,493000
2020-02-06,148.08871459960938,149.01919037359497,147.87983021332172,148.96222453874387,472800
2020-02-07,147.74688720703125,148.3165744620402,147.35760139903343,147.67092794051348,479900
2020-02-10,146.90187072753906,147.82285697886425,145.91441468038124,147.24368020728605,606900
2020-02-11,145.5630645751953,148.10764858311558,145.46812638447295,148.10764858311558,571000
2020-02-12,146.71192932128906,147.12969792923553,143.95846099061677,145.47761693083214,1285600
2020-02-13,154.0608367919922,156.44401328613392,145.76248689278196,147.98424090553982,1751900
2020-02-14,154.7254638671875,156.083197488759,153.8614436601441,154.76343624994112,900200
2020-02-18,151.56375122070312,154.38367549791087,151.24092072847114,154.38367549791087,923100
2020-02-19,153.70004272460938,154.0893139947242,151.69666260243332,152.02896805193365,789800
2020-02-20,153.27276611328125,153.89941909925747,151.15545440487287,153.39620171323773,565600
2020-02-21,151.4687957763672,153.16835348214903,150.75669399174024,152.37078847267844,786600
2020-02-24,147.8323211669922,149.94963299137302,146.60751252526663,147.12021941330943,988500
2020-02-25,144.49966430664062,149.0666070846339,143.14191633905781,148.81975040313915,951300
2020-02-26,145.63906860351562,147.69941486764017,143.93952524321674,145.60109621309934,873200
2020-02-27,137.75843811035156,144.4047203566254,137.6824788604361,142.95203411038804,1003000
2020-02-28,134.86256408691406,136.27727804643177,131.5014503584967,132.86868797268224,1611500
2020-03-02,143.24635314941406,143.39827163439787,135.82151467069562,136.69502422773638,1220000
2020-03-03,143.99839782714844,146.94937093689614,141.7423147483138,143.10358165941497,1529100
2020-03-04,155.04080200195312,155.20262832504707,145.26449340634426,146.56863258529296,1500700
2020-03-05,150.64283752441406,153.28920026961273,148.1963718322887,151.29014258713448,1703300
2020-03-06,146.76852416992188,148.47248658313973,142.18023025657698,146.04506277775462,1496700
2020-03-09,134.87890625,141.19020409471358,134.45054083854592,137.33488634104106,1331800
2020-03-10,145.5120086669922,145.52152273711863,136.18309251292956,138.762828996387,1249700
2020-03-11,138.48667907714844,144.72181928351714,134.21252555151895,141.30439637085283,1627200
2020-03-12,128.95790100097656,133.04167249653202,123.2177668117865,128.12972691680557,2160400
2020-03-13,133.94602966308594,135.57382125740577,124.42673300528219,133.669961925845,1713400
2020-03-16,122.73228454589844,125.4072191016454,114.87887208447944,122.49430213001766,1559300
2020-03-17,127.55858612060547,129.78609824290936,122.77038065437053,125.47385765025878,1669000
2020-03-18,118.14396667480469,121.05686851840785,102.62751346494571,117.89646297996039,1862200
2020-03-19,109.86222076416016,116.80178255565944,102.065913444813,116.80178255565944,1724700
2020-03-20,100.57137298583984,112.32770317965574,100.28579117439203,111.37577349169256,1240400
2020-03-23,99.59088134765625,105.64515442668498,98.0582740493792,99.571838687813,1525600
2020-03-24,108.1963119506836,109.40525923681976,101.99924878653715,103.17011802062981,1390900
2020-03-25,110.15728759765625,113.72702337482202,103.10348621590659,107.89169064298825,1392300
2020-03-26,115.80224609375,116.33532438621823,111.40432839294603,111.77558038415026,902600
2020-03-27,113.80319213867188,117.29677219812397,111.44240341990057,112.50856723848227,749900
2020-03-30,116.23062896728516,118.61997483664756,113.86984709299922,114.90744710535235,940900
2020-03-31,113.70799255371094,117.00167549810376,113.31770517802192,115.41194748024067,1161800
2020-04-01,108.01545715332031,111.57567196482593,107.13968362965956,109.89075970163846,1087600
2020-04-02,104.05542755126953,108.74844100878035,101.89455044478522,106.65419868718374,1164800
2020-04-03,101.49474334716797,106.70179250641512,100.58089174163335,103.04638608427668,792400
2020-04-06,108.37718963623047,109.43383213299562,104.95976566504453,105.94025204646786,1030300
2020-04-07,110.65229034423828,117.41098878746122,110.44286467840286,114.83126054383955,1279400
2020-04-08,116.7827377319336,118.20111097380583,110.11922972663531,111.76607132922386,747900
2020-04-09,118.24872589111328,121.84701952442008,117.27775338719499,117.45862238084902,873400
2020-04-13,115.58329772949219,118.10591278441161,112.87982097752963,117.30629535500758,1160100
2020-04-14,123.55094146728516,124.23633196945856,115.30723456928048,117.38244147301806,1210300
2020-04-15,118.28677368164062,121.5994846100148,118.06782667890523,120.59996289138745,849600
2020-04-16,116.13542175292969,119.57188850220437,114.75512661256438,118.93409735528508,950300
2020-04-17,121.81845092773438,121.96123457971566,118.22015764485383,118.22015764485383,1046100
2020-04-20,119.76226806640625,124.38864678983595,117.47764269508282,120.36198839962853,1469300
2020-04-21,123.7889175415039,127.13971376671314,116.31627897221968,119.94312838750943,2590700
2020-04-22,126.12115478515625,126.52096346414197,122.06592549418615,124.59806165305504,1136200
2020-04-23,125.00741577148438,127.35866877841119,124.77894741329028,126.05452973129452,785500
2020-04-24,125.10258483886719,125.37865255383127,123.17016893528978,125.04547138757609,615100
2020-04-27,131.45191955566406,131.87077079084335,126.03543926719271,126.46381909199184,884400
2020-04-28,133.91748046875,136.32587628315613,132.03266348711983,133.8413388652042,795000
2020-04-29,136.60195922851562,137.6395594745628,133.879438763228,136.04983806838882,783700
2020-04-30,132.22300720214844,135.3072641386671,131.95646809316074,134.9169695414737,1043200
2020-05-01,131.26156616210938,131.96599926408362,129.31963625505853,130.5666616519015,702500
2020-05-04,134.89796447753906,135.08834751290271,129.1197442135728,130.18590083184492,874200
2020-05-05,139.57191467285156,140.73326995826577,135.56429915170824,135.56429915170824,980200
2020-05-06,139.2292022705078,140.98076357500534,138.6866100132205,139.95267798061266,703200
2020-05-07,141.18064880371094,142.67518495305052,140.3524748631641,141.19017739401892,661200
2020-05-08,142.19921875,143.46528659797212,141.3805588830891,141.66614060880963,506200
2020-05-11,140.4477081298828,142.52292252630463,140.24781101767823,141.50435072742115,1118800
2020-05-12,138.47718811035156,141.23777790173452,138.30583324400334,140.17162148993833,996300
2020-05-13,136.03074645996094,138.305857830842,134.36486950773815,138.029804612746,921700
2020-05-14,138.06790161132812,138.19165714221634,134.0221996738595,134.6790336065784,879500
2020-05-15,137.47767639160156,138.4676913479514,135.47863286967245,136.59238880159586,1478600
2020-05-18,139.07696533203125,141.95178319521443,138.15359215949235,141.11409475359903,1085600
2020-05-19,139.18162536621094,140.80941675634384,138.71517465938336,139.01978456107057,729400
2020-05-20,142.32298278808594,143.72232039840893,140.88557438662494,140.88557438662494,871900
2020-05-21,140.01332092285156,142.39936938630603,139.42158556416575,141.49267388285014,608400
2020-05-22,140.32826232910156,141.13952452365905,139.42156694671988,139.42156694671988,734600
2020-05-26,144.35597229003906,146.75156037253134,142.24669845236758,142.89571138830038,1125300
2020-05-27,144.02188110351562,147.2000994413881,142.800225441084,145.98799729342315,1808800
2020-05-28,146.98057556152344,148.8607827905874,144.46090913442865,145.70165716546177,1749800
2020-05-29,146.5606231689453,148.12587021482292,144.3750094127308,147.77273973939572,1431800
2020-06-01,147.9827117919922,149.50977389702135,146.2742931309493,146.81831910914312,949800
2020-06-02,159.5025634765625,159.7602607890651,147.05694106377535,148.71763604182604,1638000
2020-06-03,166.07847595214844,166.1452922849958,159.1112276020664,161.02960490742507,1415900
2020-06-04,168.5218505859375,169.11358598928283,164.94277762063564,164.94277762063564,1224900
2020-06-05,168.94175720214844,171.5473324099011,166.56526243537834,170.61199099842338,1095500
2020-06-08,171.27053833007812,171.86228819170876,166.81340200242227,167.84417658112318,1074100
2020-06-09,167.05201721191406,169.8198274940864,164.76141660344615,169.80074959270235,1078000
2020-06-10,167.0615692138672,168.72226425087828,166.44120241490023,167.86329259641872,833400
2020-06-11,160.9628448486328,166.12625790294422,158.9872040320066,164.58010295399447,1002900
2020-06-12,160.32333374023438,165.48674512680853,156.89697229455717,164.4559706393446,793200
2020-06-15,161.25868225097656,161.38274684995483,156.34341439491948,156.94470318029502,841600
2020-06-16,162.00314331054688,165.82082065396068,159.98931792936474,165.26725569157168,758200
2020-06-17,162.6998748779297,164.94276627387302,161.15372012353382,162.652150995685,626700
2020-06-18,163.052978515625,164.43688349289886,161.02007544931084,161.69770495032162,895700
2020-06-19,160.24700927734375,165.3817902404672,159.6934588484862,164.9618433799953,934600
2020-06-22,163.55882263183594,164.2650981214293,159.66479033425253,160.4474211116356,520100
2020-06-23,163.80697631835938,164.91409155174762,162.97662168921613,164.22692310766737,513200
2020-06-24,158.59585571289062,163.57792569870148,158.4526986410559,162.6330453347432,665400
2020-06-25,160.2852020263672,160.45699053405718,155.94259069035726,158.09003441619114,465000
2020-06-26,159.89385986328125,160.83874018764865,158.30952037270728,159.77933421061212,1111600
2020-06-29,160.07521057128906,161.16324802073424,158.14727945445352,160.18019727971287,443100
2020-06-30,164.0456085205078,164.77096201017724,159.12080099972664,159.39757621347505,823900
2020-07-01,165.6585693359375,167.08064481059031,164.4178212999921,164.54188590928842,682700
2020-07-02,164.064697265625,167.92055999050845,163.99789547718146,166.94704807594886,689600
2020-07-06,163.7306671142578,166.63209596827664,163.44433835339035,165.81129462087566,884400
2020-07-07,161.01052856445312,164.7518503698543,160.380608348608,163.29159004612035,1332900
2020-07-08,161.39231872558594,162.35627703117328,160.7910298717978,160.7910298717978,750400
2020-07-09,154.4154815673828,161.63090321454973,153.03157658978589,160.98189056207616,1839500
2020-07-10,155.6753692626953,156.0284998265971,153.24159656195386,153.78562268143241,679600
2020-07-13,156.18118286132812,159.07307234546425,155.58944752075274,157.56508801511967,708800
2020-07-14,155.9902801513672,156.56292294725006,154.09098065464386,155.44625420383275,845200
2020-07-15,157.4219207763672,158.24272195222798,155.9330290069645,157.64143313639894,715600
2020-07-16,157.67962646484375,158.11865120829864,155.36037988256336,157.3074035026609,628300
2020-07-17,159.19711303710938,159.88429597249316,157.6509441508558,158.56719291912754,785900
2020-07-20,160.1515655517578,161.17278665598906,158.5195020991405,158.87264715221158,864200
2020-07-21,158.74853515625,161.3731877557438,158.24269418395542,160.70509727943778,771100
2020-07-22,160.35198974609375,161.49730461668756,158.8821903549809,158.99671601672685,1231100
2020-07-23,168.58859252929688,173.47521375634662,166.4220570523266,167.02334575730248,2603400
2020-07-24,159.54074096679688,168.89405344646582,158.06138807160255,168.89405344646582,1315500
2020-07-27,157.82275390625,160.49513048428116,156.28613846612814,160.2183407706444,978200
2020-07-28,154.9785614013672,158.6244343971968,154.8449433243112,157.88952769174978,916100
2020-07-29,158.08047485351562,158.49086816612302,154.6540984651657,154.6540984651657,572500
2020-07-30,155.9807891845703,157.12610436215334,154.7305018311059,156.23848655585525,487100
2020-07-31,155.150390625,156.9351499585126,153.14611894216603,156.40067750975686,525300
2020-08-03,155.4367218017578,156.27661541370233,154.28186808533408,155.81848368176048,411700
2020-08-04,153.42291259765625,156.0284733808488,152.9170715003441,155.05497611618225,524000
2020-08-05,155.20765686035156,155.742129320852,154.3964092196928,154.4632109956142,458400
2020-08-06,155.36036682128906,155.70395833928595,154.71136871134067,154.71136871134067,387500
2020-08-07,159.04443359375,159.12078888631578,155.1981249308577,155.6657956365919,594900
2020-08-10,157.16424560546875,159.53120171136229,156.4961549179123,158.8058481881988,808500
2020-08-11,157.00198364257812,159.7411625267298,154.53004101232983,157.8895866509108,981200
2020-08-12,159.2544403076172,160.6097142666609,157.603298630067,157.603298630067,389900
2020-08-13,159.13987731933594,159.95112497614312,157.94685320937018,157.94685320937018,386400
2020-08-14,157.2310333251953,159.48346334972305,156.45794149542093,158.54812199417836,321000
2020-08-17,156.87789916992188,158.9489873493917,156.83018985448697,158.32862061590703,366100
2020-08-18,157.28831481933594,159.0062725950511,156.54386887707335,156.97335468018116,709600
2020-08-19,154.4441680908203,157.67009604787447,153.9096809459298,157.5746628373225,523100
2020-08-20,154.10055541992188,154.64456687920122,152.51621579590903,153.37518738983795,598700
2020-08-21,152.06764221191406,153.66152083572155,151.07503789703927,153.28929785846452,730800
2020-08-24,152.4886016845703,152.90957894001193,150.4219940300481,152.61297071075657,1183000
2020-08-25,153.25399780273438,154.22989828767766,152.23983329440878,153.15833044477017,558200
2020-08-26,154.29690551757812,155.37803590534213,152.4790502106578,152.75651917493897,1112200
2020-08-27,159.00413513183594,159.82695029070817,154.6700083644672,155.18665295305382,713700
2020-08-28,161.08990478515625,161.73093314158348,157.88476300302017,159.06157538278836,709500
2020-08-31,160.9942169189453,161.53956323078873,158.4779302020578,160.93681358075315,676100
2020-09-01,161.39605712890625,161.93184109150496,159.2911853048321,160.19052861404109,623100
2020-09-02,166.60081481933594,167.16530036391026,161.711765020108,162.3049522297274,515500
2020-09-03,161.54916381835938,166.63912673588263,160.10444480043572,165.75890802380027,531500
2020-09-04,159.1955108642578,164.1132633234117,158.43967586680262,163.16606438825454,769600
2020-09-08,156.7366180419922,159.1476456201085,153.38795402892526,157.74120556669905,1308900
2020-09-09,160.44891357421875,162.56336308336907,157.7508535180474,159.30080260140065,989200
2020-09-10,154.69869995117188,162.02749326094352,154.37340469070023,160.20007611103424,1129100
2020-09-11,155.52154541015625,155.87554240393598,153.3496932667369,155.35889774817585,915200
2020-09-14,156.25823974609375,158.2769917797664,156.18169710136897,157.32980757420754,823300
2020-09-15,153.30184936523438,157.4733289547178,152.62255706042728,157.3393829651067,562800
2020-09-16,152.23983764648438,154.3925503489472,151.88584067376493,153.77066140784265,647800
2020-09-17,152.27810668945312,152.45989364206682,148.81462143206292,150.57507302657194,970000
2020-09-18,149.17822265625,152.23985594800354,147.7239413680349,151.30223394593943,1019700
2020-09-21,148.3936767578125,148.45108009737314,145.62863730983503,147.40821383130614,817800
2020-09-22,149.3408660888672,150.61336035505656,148.60417040766703,148.79551974565385,622000
2020-09-23,145.58078002929688,149.76182158143243,144.47093359197862,149.58003462716277,581100
2020-09-24,145.37033081054688,146.9298565788095,144.02129372017322,145.3129274618536,466000
2020-09-25,149.6470184326172,150.0775580402608,144.38483198604285,144.38483198604285,729900
2020-09-28,151.27349853515625,152.53641559925956,150.67073436875702,151.8188447722189,462900
2020-09-29,151.01515197753906,154.2107301977211,150.79510103636858,151.74229967725503,374500
2020-09-30,150.11581420898438,152.30680535391252,149.35997934613727,151.41700991892387,534100
2020-10-01,151.17782592773438,152.0676213997404,150.23064172087697,150.75686327969595,588900
2020-10-02,152.0867462158203,153.76107808947685,149.0538007746918,149.9244568527569,481300
2020-10-05,152.95742797851562,153.42624628225536,151.39791694994807,152.34510131598782,394900
2020-10-06,150.46981811523438,154.47864934899297,149.92445729581863,154.2203197714268,732400
2020-10-07,154.10549926757812,154.488197822981,151.40742627524136,152.15369867758685,624200
2020-10-08,154.79440307617188,158.40139723629974,154.79440307617188,155.41630667565255,407100
2020-10-09,157.17669677734375,158.1908611070845,154.69868927746563,156.1529700931955,319700
2020-10-12,157.444580078125,159.22415603453317,157.02360292299414,158.14301148603926,293400
2020-10-13,157.76036071777344,158.28658232103845,156.0573268737652,156.09559089990356,425900
2020-10-14,157.07147216796875,159.40597164923642,156.82271953106928,158.33440386072647,367600
2020-10-15,155.35890197753906,156.5261519120152,153.45494176661063,156.3443649322006,533900
2020-10-16,156.2773895263672,156.90885549737732,154.4882505408576,156.26782716887396,606100
2020-10-19,151.7231903076172,157.0619194661142,151.05346039863377,156.2869452429322,496800
2020-10-20,152.80430603027344,154.14376559326863,151.8666697371625,152.59381744194357,566500
2020-10-21,155.33023071289062,156.1434692041232,152.9765910698061,153.215781437643,798700
2020-10-22,149.15902709960938,155.28230597326368,146.94891162859082,151.31173924914904,2602000
2020-10-23,146.3366241455078,150.55594458525124,143.3036928617767,150.55594458525124,1289600
2020-10-26,144.38485717773438,145.48512687801835,142.66268384766514,144.88236256273925,1124000
2020-10-27,141.41885375976562,145.58077032270518,141.35188807524608,144.37524201119726,792200
2020-10-28,134.79803466796875,140.87347186430392,134.0422000251061,139.21826509362268,1616000
2020-10-29,133.5255889892578,135.78354597567792,133.09504937469399,134.29100085904747,1635800
2020-10-30,130.69354248046875,134.2144155230041,130.10034080557557,132.76971184506365,1539800
2020-11-02,135.71653747558594,136.11837529569678,131.49721846590347,132.62618930349876,1395300
2020-11-03,143.5142059326172,144.54750996721444,137.01780263430283,137.4961833207449,1808400
2020-11-04,145.37985229492188,149.18775754418053,143.93514822925002,143.93514822925002,1254700
2020-11-05,145.09280395507812,148.1735756310038,144.9971366117539,147.50384583167533,1013800
2020-11-06,143.58114624023438,146.5470969105669,143.54286762053073,145.42768816799776,776300
2020-11-09,145.33203125,153.34969537402895,145.19808525599797,151.17784320076456,1013200
2020-11-10,147.92483520507812,149.04424394738615,143.04534772413098,144.95886993642148,1812900
2020-11-11,152.3068084716797,152.5459987570868,148.46062459460862,148.9485675211932,1529100
2020-11-12,155.4927978515625,155.86593404810833,151.39786204367,152.1536967908732,2136800
2020-11-13,157.95169067382812,157.9995316498969,154.77525132928406,157.20541816400686,1227600
2020-11-16,164.09413146972656,164.28549541612813,158.79368009224228,159.10941308498155,1023700
2020-11-17,164.51504516601562,164.59158779516898,161.0228734801007,162.68762821739097,724100
2020-11-18,164.51504516601562,166.69645900033743,164.26629257052764,165.1465109072703,894700
2020-11-19,166.1033172607422,166.74434553117123,162.66854795839134,163.1182269031579,691600
2020-11-20,164.21849060058594,167.01223153257055,163.8644936308226,166.20855563412647,504600
2020-11-23,165.5034637451172,165.5897648399739,162.71294461996936,165.1102948033065,596100
2020-11-24,158.99229431152344,166.5679163352274,158.87721153307652,166.48161522559232,1171800
2020-11-25,159.18408203125,162.11843686488018,158.87721412673773,158.97311400496457,614600
2020-11-27,157.9757843017578,160.18133464389243,157.4963142913349,159.02102541273652,316300
2020-11-30,160.04708862304688,161.05397860282352,158.28264244134652,158.5415603520923,1117100
2020-12-01,160.08546447753906,163.68148989392466,160.0087475127844,161.52387464409333,472300
2020-12-02,157.85113525390625,159.979983511325,156.63327719278027,159.54846337963528,664200
2020-12-03,158.46484375,160.2772398647851,157.72645581219453,158.08127358172558,430700
2020-12-04,159.66351318359375,160.44985102275916,158.88677410926815,159.19362730660976,956400
2020-12-07,163.8157196044922,164.2856054653623,159.79775872100313,160.09502777557407,612500
2020-12-08,176.66555786132812,182.35208114297834,168.64881679961172,168.7543008122238,2075700
2020-12-09,172.59002685546875,176.22441785490378,171.96672167315307,175.84083305387074,1081800
2020-12-10,175.86001586914062,175.9463169622334,171.04613270235785,171.61191845458205,726100
2020-12-11,180.4149932861328,181.75750359895443,177.2696708684379,177.47105473149364,726200
2020-12-14,181.3547821044922,183.31102848090714,179.77253648638478,179.77253648638478,623700
2020-12-15,185.6316375732422,186.07274185192887,182.77399999894809,183.68499022275068,550200
2020-12-16,185.31520080566406,187.1371814031106,184.68229673748155,184.69189550450258,612500
2020-12-17,185.79464721679688,188.40296549927325,185.06585799726508,185.5069622559437,435300
2020-12-18,187.15634155273438,187.59746044633886,184.78775828463685,185.56449744104054,829600
2020-12-21,186.56178283691406,186.897403062792,181.53693189090902,184.24114975658256,469500
2020-12-22,186.0631866455078,186.6385566827661,184.90287706780302,185.98646966505552,354000
2020-12-23,184.9508056640625,186.8495179387353,184.8357375136947,186.19743094469393,555500
2020-12-24,185.99607849121094,186.4947169427148,185.11384048443313,185.4686583672466,153100
2020-12-28,185.7083282470703,187.87552743004844,185.2959764286672,187.87552743004844,352700
2020-12-29,182.91783142089844,187.79883321417375,181.76710618113876,186.90702590884624,333700
2020-12-30,183.320556640625,184.4712817053624,182.32326548645608,183.01370345175113,263800
2020-12-31,184.9219970703125,185.28639897427766,182.17942792214765,183.9918240444908,487700
2021-01-04,180.24241638183594,186.42757808688108,177.57654901696174,185.51658777303624,704000
2021-01-05,182.0835723876953,182.54385959305475,179.2642858193693,180.68351323804958,644600
2021-01-06,174.4887237548828,181.0670525485294,174.42159093335223,180.20399779431455,1135200
2021-01-07,173.8462677001953,176.4450021593262,173.02157851785563,175.62031297698653,742000
2021-01-08,178.42041015625,179.12043240084242,173.09828915304388,173.60652628528766,873900
2021-01-11,177.1066436767578,179.59987907668645,175.78330169927315,176.85730989418,369200
2021-01-12,176.3586883544922,177.81626686260267,174.71889424253587,176.17648738291197,473000
2021-01-13,174.67088317871094,177.72990356000906,174.48869690315587,176.98193166748442,275300
2021-01-14,170.3365478515625,174.9298648484871,169.30089070739595,174.8435637445397,635500
2021-01-15,169.73240661621094,171.5256200150855,168.56249846217332,170.3844788949779,461600
2021-01-19,168.79266357421875,170.31737502991436,168.10222543724964,169.91462188872683,425900
2021-01-20,170.8256072998047,171.9379814478274,168.79265875030995,169.15704607777056,412400
2021-01-21,171.16123962402344,172.82978618844564,169.86666451580214,169.86666451580214,456800
2021-01-22,171.40097045898438,172.6571797346994,170.03927717976762,170.88313457551567,458100
2021-01-25,171.41053771972656,172.59002991021853,168.70631969557047,170.3365295223527,459700
2021-01-26,173.07911682128906,174.4503942430436,170.93108556951785,172.95444991666926,443300
2021-01-27,171.37216186523438,174.2681499276759,169.1186471697715,170.76802502511833,829700
2021-01-28,173.7024383544922,177.26969729727182,171.54482276646905,172.84898210718706,801000
2021-01-29,169.83792114257812,174.35453650079657,169.4831179054968,173.05037707660395,728800
2021-02-01,172.90646362304688,173.11743158699556,170.51871246276085,170.95981665482614,559100
2021-02-02,173.0503387451172,174.9010861345324,173.0023888131486,174.1914651852861,486100
2021-02-03,171.44886779785156,172.90646062377812,169.79950453999615,172.90646062377812,651900
2021-02-04,173.4626922607422,175.10248644158247,172.0722318966501,172.35991688321616,448300
2021-02-05,171.3050537109375,174.84354491435394,170.5954327907294,174.84354491435394,534400
2021-02-08,172.04344177246094,172.71469689618647,170.54749760179715,171.79410798917414,985700
2021-02-09,175.68739318847656,175.91752940987786,172.2160206489633,172.60918953687357,687000
2021-02-10,175.48605346679688,176.97241367671202,174.87233233504517,176.84774677061267,929100
2021-02-11,169.68446350097656,174.03806015269197,166.4816067817647,173.57775832678414,1792500
2021-02-12,169.9145965576172,171.9379607288704,168.8405883412318,169.66526277005306,1244000
2021-02-16,167.6514892578125,169.93377123953988,165.67607511293684,169.4638853514596,959200
2021-02-17,169.33920288085938,169.55976960539863,164.36230218091373,166.45279888837004,912200
2021-02-18,170.26939392089844,171.56396884878592,168.67754991695514,168.82139970464488,937300
2021-02-19,169.66387939453125,171.53793993884872,168.65478791924585,170.26934601127812,1525900
2021-02-22,163.31138610839844,170.82681181628178,162.73476431867357,170.5865490711112,850500
2021-02-23,165.17584228515625,165.74287356000517,161.55269031895966,163.4171170718243,1330900
2021-02-24,164.0513916015625,166.35792264326182,162.7443617439416,166.0696044299902,1017900
2021-02-25,157.13182067871094,164.291646883776,156.1034891863926,163.1672191010412,1502400
2021-02-26,155.574951171875,161.11060002980517,155.56533127595594,158.41004888213388,1757700
2021-03-01,160.12069702148438,162.4656636514636,156.89156529018854,156.89156529018854,1276400
2021-03-02,159.62095642089844,161.86020700152204,158.8425074603825,160.418630507389,681000
2021-03-03,160.53396606445312,161.9659374538779,158.6695392860931,160.43786975507052,1041200
2021-03-04,157.44900512695312,163.68623211069504,156.52638960889036,160.88956986083807,909000
2021-03-05,163.13841247558594,163.34984487551642,156.4687159756289,158.73679699485817,923300
2021-03-08,166.39639282226562,169.1546048853417,163.37869284684993,163.6477859913219,947400
2021-03-09,168.08782958984375,171.0670938313486,166.27144361832586,167.95328302397115,641900
2021-03-10,165.829345703125,169.8849819182439,165.81972580828364,169.02002725753002,775800
2021-03-11,164.0706329345703,166.21377262436988,162.9846405785691,165.5698701943216,717300
2021-03-12,163.88803100585938,166.55975169664126,163.17684796430467,164.91636264711514,570700
2021-03-15,166.886474609375,167.20362315031988,163.60930234855581,164.00332205293682,503100
2021-03-16,165.8485870361328,168.36653609903544,164.50310676502454,166.93456475274544,450600
2021-03-17,165.29116821289062,166.17533338087614,163.31139081744035,165.079735817886,559800
2021-03-18,165.97349548339844,167.22286464641002,162.83085478312879,164.06101348563655,665300
2021-03-19,167.39584350585938,168.67404299911664,164.7625733498847,165.36804012681534,1048500
2021-03-22,168.30886840820312,169.3468052608015,165.81973514235884,167.29015668189587,491500
2021-03-23,168.64520263671875,171.2208265949925,167.23245668403123,168.48182574848263,709900
2021-03-24,167.61691284179688,169.2603018829515,167.2324836329925,167.81872534500363,496400
2021-03-25,170.1060333251953,170.6730499168053,166.28105430902076,168.53951544431433,375500
2021-03-26,175.39183044433594,175.44949116556305,169.9138419606136,170.11565448490853,572100
2021-03-29,176.53546142578125,177.79443589580862,174.00789259041437,174.49803798814762,704400
2021-03-30,176.14141845703125,176.8045459645476,174.18088095454604,175.93960596790168,922900
2021-03-31,174.07513427734375,176.59308265439742,174.04630392680278,174.43071837699662,977800
2021-04-01,175.49749755859375,175.68970479707218,170.98056146422536,174.20969292986877,575700
2021-04-05,179.4666748046875,180.05291652016518,176.45858038508356,176.96793625834576,398100
2021-04-06,177.81365966796875,179.4666685568682,177.22741797290004,179.27444662578384,401700
2021-04-07,174.5172576904297,178.18847976226422,173.80608929445415,178.18847976226422,612900
2021-04-08,176.58352661132812,178.16925499065604,175.58402529926872,175.58402529926872,736300
2021-04-09,178.57289123535156,178.6017215933676,175.6897381179467,176.3432604500855,356200
2021-04-12,179.92796325683594,180.12017051738596,177.89053989895274,178.92846203881754,286300
2021-04-13,180.66796875,181.72511596928433,178.8611883175681,179.24560282194906,459000
2021-04-14,178.30380249023438,180.67759978827021,177.79444660015952,179.48589119130665,404300
2021-04-15,181.0139617919922,181.63863907646538,179.68770671880205,180.3123840032752,354800
2021-04-16,183.54153442382812,184.13739607589238,180.9178690347166,181.72514843683155,801800
2021-04-19,182.20567321777344,182.8399704586812,181.15813104578925,182.090351779236,511300
2021-04-20,184.71401977539062,186.27093254009299,182.0038632800162,182.21529569664892,629000
2021-04-21,185.12722778320312,186.8667274552333,184.23344287753318,184.72358819061645,911900
2021-04-22,212.7863006591797,218.0912915018295,204.40593495389476,209.41300233953942,3209100
2021-04-23,220.7726593017578,222.1565752285423,212.5460642530678,213.8050388445388,1550500
2021-04-26,216.745849609375,222.68515292876154,216.24609894008444,221.20512604860608,897000
2021-04-27,225.21267700195312,225.81814379550005,218.20662200087273,218.62948676687543,885200
2021-04-28,218.44688415527344,225.70282177021375,218.19700152268152,225.60671080929782,1175900
2021-04-29,219.11965942382812,220.40746442903765,215.8040359312313,220.40746442903765,926200
2021-04-30,220.30172729492188,220.32095242190596,215.4195862187038,219.14846897195525,936300
2021-05-03,224.7801971435547,226.30826457363398,220.74378624744185,221.5222351395776,879600
2021-05-04,227.7786865234375,227.84596713069945,222.18537746911335,223.1944839267235,696300
2021-05-05,230.508056640625,231.69975033212222,226.33708472696722,227.778661029499,907000
2021-05-06,227.92282104492188,230.54648573565024,224.71291475441458,230.54648573565024,774300
2021-05-07,230.22933959960938,231.08467427071903,227.23086563607382,227.68256070935925,753400
2021-05-10,229.85459899902344,232.69931682090407,229.72965765840564,231.1808542625766,507000
2021-05-11,229.3067626953125,229.5950662489341,225.96229482856475,228.69169067346357,551000
2021-05-12,224.1362762451172,228.70126769778764,223.83835283346895,228.2303475108286,606100
2021-05-13,227.7882843017578,228.05737737573017,223.76147875731542,223.8864200646857,620500
2021-05-14,230.08522033691406,230.59457618690988,226.9618046288957,227.71142322566214,466900
2021-05-17,228.43222045898438,229.82574151221996,226.55817389329,229.5374232718497,437300
2021-05-18,224.5591583251953,229.6142808140159,224.54953843086787,229.49895939787092,650600
2021-05-19,224.33811950683594,224.5399466616618,220.17678173709567,224.1459122469142,552300
2021-05-20,224.2227783203125,226.0007283129425,220.73415893555548,225.0973381400158,747700
2021-05-21,227.89401245117188,228.13427518443902,222.8388751579684,224.7129362090308,878500
2021-05-24,228.62564086914062,230.30062979962676,226.95065193865446,229.56901834812015,430900
2021-05-25,226.15164184570312,230.05994897204295,226.0457661865268,228.57748410272703,1056900
2021-05-26,224.50552368164062,227.0179992444971,223.50437600224365,226.5848168416523,776300
2021-05-27,226.7099609375,226.8639859251131,223.61027783278524,225.99762107489423,1390000
2021-05-28,226.25750732421875,228.9625214229732,226.170873782434,227.08537321918826,547200
2021-06-01,224.39004516601562,228.30795884887297,223.9472269566695,227.81702067887343,440900
2021-06-02,222.89794921875,225.8243506879234,222.72466742678276,225.22752219159278,591300
2021-06-03,220.42396545410156,222.01232062847106,219.624977340079,221.55024565667364,588500
2021-06-04,224.6788330078125,225.16015014338078,221.10746808753063,222.01234665258028,427200
2021-06-07,220.17372131347656,225.12166109630243,218.62387948151533,224.86174571889345,978600
2021-06-08,221.14593505859375,221.36735148479525,217.8152291870998,220.67425373458,597500
2021-06-09,220.09669494628906,223.59106198389716,219.63463461781765,221.47326956571737,453000
2021-06-10,220.45285034179688,221.15558387560367,218.58535235353006,220.78015712942735,276200
2021-06-11,222.33001708984375,222.42627170350258,219.99080817957213,220.83793103611603,398700
2021-06-14,220.29884338378906,222.87869599906313,219.17254843950667,221.3577321946393,802900
2021-06-15,222.7824249267578,223.44664487217005,218.97040173628278,220.79940083320545,333500
2021-06-16,222.27223205566406,223.3022577055419,221.14595179846708,222.9749656011186,493300
2021-06-17,225.49703979492188,226.10350398331278,220.69349030818168,222.06042897888125,477800
2021-06-18,224.10121154785156,225.3045041198561,222.897918975847,224.60178537062185,746100
2021-06-21,229.80001831054688,230.06955468906702,223.67766471956037,225.12161589961727,483800
2021-06-22,229.21282958984375,230.70491553522868,227.67260899680792,230.06957343895397,692500
2021-06-23,225.9591064453125,228.97215598888562,225.19863194149337,228.97215598888562,787300
2021-06-24,230.24285888671875,230.31987139136905,226.29606717166573,227.7303975295901,406500
2021-06-25,230.05995178222656,233.7179499759981,229.90592678560003,230.60864563583942,2090400
2021-06-28,228.57749938964844,230.38725647735762,227.961414058097,230.19473256536648,552000
2021-06-29,230.3679656982422,230.82040490343067,226.24789289712083,227.13351451254937,521700
2021-06-30,230.56053161621094,231.48466699001904,228.89517842100724,230.329508789234,523500
2021-07-01,232.1585235595703,233.85275472133262,230.24287592231835,231.5328171098616,676500
2021-07-02,233.28475952148438,235.16189320149007,232.12960146368331,232.12960146368331,614500
2021-07-06,236.70213317871094,237.3374753037052,232.17775517902078,233.8719861570392,671100
2021-07-07,238.94503784179688,239.55150202608434,236.32667191070996,236.88500145219783,741400
2021-07-08,235.78762817382812,238.23271262938974,233.73721258506706,235.46033606433207,460300
2021-07-09,239.25308227539062,239.3782294137344,236.27854631324917,236.84649692958726,483900
2021-07-12,238.0113067626953,239.43600127074296,236.34595370382596,239.43600127074296,486900
2021-07-13,235.9031524658203,238.76217743020143,235.4314710730263,237.78028635944597,326800
2021-07-14,238.05941772460938,239.29158820712993,236.03788022338892,236.64434441148123,541900
2021-07-15,241.3323974609375,241.74633781610433,236.22081207231972,236.54810418380717,531600
2021-07-16,245.11557006835938,245.42360539817545,241.3324097306815,241.3324097306815,677600
2021-07-19,239.43601989746094,244.03741057204314,237.40486098296796,243.2865570101579,665000
2021-07-20,246.99267578125,248.02270144944407,240.22537306358745,240.6007998226624,701300
2021-07-21,245.51023864746094,248.25376689098928,244.27806795248657,246.3669825633202,631400
2021-07-22,240.38902282714844,247.49326819622863,236.32670517211352,247.49326819622863,961800
2021-07-23,243.6138458251953,244.28768683239417,241.00510066112898,241.73669737056886,1231800
2021-07-26,245.57763671875,245.6546492253416,242.3528059401585,242.98814810306376,402000
2021-07-27,248.63876342773438,248.69651912204665,244.54755392084192,245.3465419656323,619600
2021-07-28,249.2356719970703,249.75550279029608,245.45251122818496,249.21642988519898,601900
2021-07-29,250.87205505371094,251.59403061821766,249.168203297289,249.75542536593017,459200
2021-07-30,250.862548828125,251.76742758036173,249.1586670142905,250.36196010212947,378100
2021-08-02,248.83132934570312,254.41462587929118,248.41740364967694,251.892528728458,459600
2021-08-03,249.98643493652344,250.23672918638368,246.28028802577018,250.1019463203791,304000
2021-08-04,246.52099609375,251.40155868362922,245.7701425704813,250.06348300469645,637700
2021-08-05,246.25144958496094,248.52328154761233,243.9603755143409,247.82054801369299,569700
2021-08-06,244.34542846679688,246.78087700665813,242.74745224984622,245.4717086615494,591000
2021-08-09,243.7775115966797,245.70278016648518,243.1229126448564,244.50910836529772,694300
2021-08-10,249.4859619140625,252.00805925617624,244.41285999663558,246.09747013951133,505300
2021-08-11,251.5555419921875,253.48081013042145,249.82278304142073,250.83356644034978,566400
2021-08-12,249.76507568359375,251.88288279640685,248.54254075503616,251.62298212326138,442000
2021-08-13,250.3811798095703,251.11276187912642,249.56293480361333,250.2175190574723,360700
2021-08-16,250.96841430664062,251.16095294376936,247.94575746916544,250.40046351756376,352100
2021-08-17,252.13316345214844,252.28715907268236,249.62067290537968,250.9202349552763,474500
2021-08-18,244.96151733398438,252.08500428509598,244.8652480419565,250.30412520300226,351600
2021-08-19,249.1104736328125,249.8035714222538,242.1506325765239,243.19990031464434,621600
2021-08-20,248.85061645507812,249.24530006581048,246.01083335756746,248.8409807108042,424100
2021-08-23,250.15008544921875,251.00684390726488,247.70501596412822,248.77352572397098,347800
2021-08-24,249.4281005859375,251.05495451969702,248.39810445441339,250.1500761407801,373200
2021-08-25,255.0114288330078,255.94518517984918,249.12971860899802,249.25486575505886,487400
2021-08-26,253.16317749023438,254.79003175815296,252.06578969764348,254.79003175815296,623900
2021-08-27,256.8885498046875,259.2566511002444,253.2305515771704,254.71301647827062,474700
2021-08-30,257.21588134765625,258.1111241426401,256.25324710515343,256.96558704388053,297200
2021-08-31,262.0868225097656,263.06869891467085,256.61903738843677,257.206259584459,659700
2021-09-01,263.4825439453125,263.6462046513254,259.2277181160774,262.2311314960688,486600
2021-09-02,267.5352478027344,267.70851486804537,264.26226877926405,264.6762237160727,374600
2021-09-03,268.2582702636719,269.52109073463464,264.3059181355123,266.10856891077003,301300
2021-09-07,264.3155822753906,268.2486360589786,264.1516915509072,268.2486360589786,502800
2021-09-08,265.6458740234375,268.51853612436963,264.50837655503426,265.0963944363368,627000
2021-09-09,265.9543762207031,266.86049689703583,263.95891615526216,265.1542505704029,878600
2021-09-10,263.0431213378906,267.98837922992857,262.7539370126156,267.93054236487353,714200
2021-09-13,263.9878234863281,266.6484073764885,261.6356930519593,265.5109098732328,649200
2021-09-14,263.9974670410156,268.32578869762983,262.64789111786536,264.7204572946906,680000
2021-09-15,263.2745361328125,264.83622014435514,260.03555318714336,264.1035804415491,982500
2021-09-16,264.1324462890625,265.9158281787387,260.87416541984265,263.1491901088832,886400
2021-09-17,258.8207702636719,264.0070232281728,258.165266391942,264.0070232281728,1725900
2021-09-20,253.74063110351562,257.33631280439204,251.58130987754444,255.96743847243474,672900
2021-09-21,250.03892517089844,255.76500967241103,249.59549943703163,255.67825438221178,1211300
2021-09-22,253.2200927734375,256.58442733728674,251.77411230385158,252.40069795696255,1125500
2021-09-23,255.5721435546875,256.9892051491442,253.1621768578931,254.48283390077023,829300
2021-09-24,255.9385223388672,256.61332493731067,253.5671227984569,254.10695310979344,376300
2021-09-27,253.02734375,255.59155295762557,250.9740465269187,254.9167502224683,643300
2021-09-28,247.26263427734375,251.47525222843504,245.17078451660134,251.47525222843504,540000
2021-09-29,247.31082153320312,250.2509991592546,246.24081022060753,248.58329127132617,521400
2021-09-30,244.29356384277344,249.20988831608187,244.24536155485143,248.8532178621507,656700
2021-10-01,247.07948303222656,247.9759837998303,242.93433636925866,246.3854112789262,561500
2021-10-04,244.27427673339844,248.42905795560432,240.06165865016544,246.30828969873107,447000
2021-10-05,249.1906280517578,249.76902610889493,244.6984453079105,245.46000324011683,474800
2021-10-06,247.763916015625,247.86032059461354,243.40670557968738,246.73245762496106,470000
2021-10-07,250.0196533203125,253.1236926261442,249.44128465718424,249.8172242882176,539100
2021-10-08,249.36412048339844,251.1378528225123,248.24589216598088,250.3763243643115,285300
2021-10-11,248.3326873779297,252.03442350170837,247.97601687991894,248.31341822779797,324900
2021-10-12,246.42396545410156,250.26061432475683,245.6238545960807,250.17385903767885,467200
2021-10-13,245.7588348388672,247.1951659772316,242.60659340079462,247.1951659772316,474300
2021-10-14,251.64878845214844,252.15008050780753,247.95673127625224,248.40015704825632,394000
2021-10-15,254.44435119628906,254.74318477848624,252.9405340024757,253.17188144197152,338900
2021-10-18,259.2353820800781,259.45708024946106,252.99838537191656,253.6924571487546,522300
2021-10-19,263.3419189453125,263.96850451011295,258.24244972264296,259.553457709392,601500
2021-10-20,260.0257873535156,266.28208162601464,258.41594588839587,264.11311134824064,715100
2021-10-21,246.269775390625,253.48040918997674,231.46293356091354,236.1768296958599,2238100
2021-10-22,258.61834716796875,261.1536368613171,246.29859848692965,246.30823305846098,1068200
2021-10-25,264.8843688964844,266.54242785227126,257.63519663924563,258.6184528710241,881000
2021-10-26,261.2115173339844,267.9015884114272,258.0785600785279,266.4556081396781,663800
2021-10-27,257.7122497558594,261.21152684791105,256.42051086294066,260.73918268920323,531000
2021-10-28,265.6169738769531,265.62659374189315,257.69299992834937,257.69299992834937,498800
2021-10-29,267.43890380859375,269.2319349092033,264.72045343397025,265.32776994516786,589700
2021-11-01,267.5545654296875,269.39578402907716,265.30848878685754,268.71136153375386,420500
2021-11-02,264.6241149902344,268.56681879965714,264.4120366460784,268.42222661467633,1266800
2021-11-03,267.76666259765625,267.85341789879067,260.9898350581438,264.92291855419813,610200
2021-11-04,274.33135986328125,274.39884600201026,268.2486053033662,269.02943228424925,408400
2021-11-05,274.3121643066406,276.2690569249508,270.7164818659401,275.5942836122705,596600
2021-11-08,276.5678405761719,277.2619123330849,273.2421033639792,276.4232484223454,369500
2021-11-09,277.9559326171875,281.18529407450256,275.7773131744928,276.8184353263369,490900
2021-11-10,267.3039245605469,276.80882087618596,265.10603569719615,276.1147491604676,898600
2021-11-11,265.7037353515625,269.53076482950183,264.0167581407072,268.44145483781045,955300
2021-11-12,270.0031433105469,270.5044060118716,265.9447658567147,267.8149031842111,463000
2021-11-15,272.2010498046875,272.45169588035577,267.5642739161451,270.06099713162536,926800
2021-11-16,280.79974365234375,281.50343523970764,271.8442973911657,271.99853882062007,593400
2021-11-17,280.1539306640625,281.0118933173473,275.6328287410713,281.0118933173473,656900
2021-11-18,278.7754211425781,281.590246892555,278.2548598912891,280.5202353733752,724100
2021-11-19,278.457275390625,279.89363604943827,275.6617189272344,279.89363604943827,666400
2021-11-22,271.0441589355469,277.300423332775,270.86099910531163,276.6641885675169,1055100
2021-11-23,273.1390380859375,273.78579009059973,268.37995791388835,270.6774387984468,608500
2021-11-24,273.6312561035156,274.0270432355695,271.2662254560709,271.2662254560709,334000
2021-11-26,268.109619140625,271.7971713290816,267.64628154000474,269.46109903419426,359100
2021-11-29,274.21051025390625,276.22803812536785,268.15792663952135,270.5422831165965,588200
2021-11-30,268.988037109375,275.37848940167765,268.6791257729757,273.1196304906448,1152900
2021-12-01,267.9358215332031,277.85936938778826,267.9261588483794,272.2122076746209,801900
2021-12-02,280.90985107421875,281.3828513620748,267.43390907888073,267.84899216656703,917700
2021-12-03,272.7045593261719,282.1744037906219,269.3162560824008,282.1744037906219,938900
2021-12-06,272.36676025390625,275.0214070974325,270.8511911675243,274.8090341715737,616200
2021-12-07,281.739990234375,282.0778601759077,274.22975625193226,275.8418633938359,1096400
2021-12-08,284.7034912109375,284.8193255771937,281.1703957431163,281.373135343466,607400
2021-12-09,281.7109680175781,285.3888858015573,280.90976070005445,284.2497791594023,554100
2021-12-10,284.8869934082031,286.344645038941,281.8751811179824,283.1976729734207,483400
2021-12-13,286.75006103515625,289.70395607892823,284.9449062261189,284.9449062261189,771700
2021-12-14,278.2262268066406,284.87730681277355,273.0906860456521,283.75755471426174,632900
2021-12-15,281.4022216796875,281.48909749381755,276.0543068210558,278.2745450739306,673500
2021-12-16,280.17620849609375,285.4565428884979,278.44829616882447,282.77293778990963,682200
2021-12-17,267.04779052734375,279.35569664696504,266.17897358666545,279.35569664696504,2286800
2021-12-20,266.4010009765625,267.83932720088774,261.0627497040059,263.2250703837018,874000
2021-12-21,270.35882568359375,270.48432276122134,264.26762175102533,268.2930141644493,661100
2021-12-22,273.5733642578125,273.9112342271552,269.4900544042369,270.04993048474597,418500
2021-12-23,277.0775146484375,278.8054563999468,273.11967224159196,273.11967224159196,478600
2021-12-27,281.0063171386719,281.0931929165364,278.1875531327676,279.17220420070385,277400
2021-12-28,283.8154602050781,283.8154602050781,280.6684885334623,280.6684885334623,277700
2021-12-29,284.1243896484375,285.6785798329689,283.1301050432075,284.1919695389414,198000
2021-12-30,281.4310607910156,285.08962395678316,281.20902527623673,283.7381738784388,226000
2021-12-31,282.63775634765625,284.3753310476474,279.51974332975647,280.1954831905343,419200
2022-01-03,274.15252685546875,284.7035307659518,272.858993820223,282.6377488754388,576100
2022-01-04,275.7068176269531,278.5448791741985,272.93633598783725,275.48481144226963,584800
2022-01-05,269.5865478515625,278.95988335537515,268.37025727538844,278.95988335537515,962100
2022-01-06,270.146484375,271.6620532505776,266.6230504010135,269.25837150146197,1036200
2022-01-07,258.1764221191406,271.2758721108131,257.3945105017985,269.4803800885929,1170000
2022-01-10,251.7376708984375,253.8806954375413,248.82239747256392,253.8806954375413,908800
2022-01-11,254.06410217285156,254.44056391968599,246.32218505592442,252.86710759601644,974200
2022-01-12,252.73194885253906,258.19569649157745,251.67974725104912,256.0430093222834,844700
2022-01-13,246.08087158203125,253.92896097087026,245.67543647996277,252.73196630658353,1041700
2022-01-14,240.84884643554688,244.44950843228955,238.75409070104695,243.24285088501728,747000
2022-01-18,232.3153076171875,239.15946391726953,229.77649608187673,236.99712884999664,1716200
2022-01-19,225.80906677246094,234.0432967613485,225.4519008491689,234.0432967613485,1984200
2022-01-20,220.72177124023438,229.22630518123353,220.67351672679035,227.09292836357042,1901900
2022-01-21,217.83543395996094,224.4286112562039,217.73889548347225,221.07892939195432,2232800
2022-01-24,226.06968688964844,226.63922566578105,209.52400067370476,218.07678919133338,2384200
2022-01-25,218.22157287597656,222.0442699609641,216.39710749511318,221.14650920514322,1110200
2022-01-26,218.75250244140625,225.79938444617588,216.078545578328,221.223734384736,1061600
2022-01-27,217.12106323242188,223.35707398122992,214.8042873530063,221.95733987731026,627100
2022-01-28,225.9345245361328,226.05035892790772,216.09785148933935,218.44358630100484,1082600
2022-01-31,231.446533203125,232.51804554465494,227.66245743088803,228.12582446972021,1024400
2022-02-01,233.82122802734375,235.1437197252955,227.64314849344117,231.67820346689865,795600
2022-02-02,236.66893005371094,236.7654685278091,234.37144988344275,234.37144988344275,857000
2022-02-03,225.3553466796875,234.28461197862543,224.39968338821808,233.82125963337646,1082200
2022-02-04,225.95384216308594,228.30922500364517,224.3224390232048,225.48082716587584,988000
2022-02-07,226.30133056640625,229.3421158132011,225.6256054214641,227.56591979515218,1039700
2022-02-08,227.8844757080078,229.911651112738,222.4014173353736,226.33030053286308,977500
2022-02-09,232.0643310546875,233.30960966380857,230.32675628893372,231.4175644954874,923400
2022-02-10,223.15438842773438,231.53342497023294,221.44575744592836,223.8011550186543,1745700
2022-02-11,217.19830322265625,225.06570253639586,215.2483409982961,223.36673444499158,1580100
2022-02-14,213.31771850585938,219.55373045435155,211.64770878208995,216.3681519600371,1422100
2022-02-15,214.04168701171875,218.45323301893407,212.67092613366378,217.5747829996409,1384800
2022-02-16,214.04168701171875,214.7174121305201,209.63980368958102,213.40458317382198,1867700
2022-02-17,204.6490936279297,213.03777817160085,204.54290718827417,212.70957089619455,1031600
2022-02-18,206.0320587158203,208.3627854885637,203.84640655846005,205.3647686097264,908500
2022-02-22,205.25836181640625,206.85407909606096,201.2352016452088,204.4266509613688,1325100
2022-02-23,201.31256103515625,207.8115071924356,201.14815497174544,206.70900818844268,2593500
2022-02-24,208.81729125976562,209.2911779800909,196.33196327839914,196.52539606667878,1732600
2022-02-25,211.37046813964844,211.54455471461182,206.3318593129431,208.8366577414531,1094200
2022-02-28,211.15771484375,212.17317810612465,207.85021731587275,208.6335700518368,1121300
2022-03-01,211.8346405029297,214.24273689930646,208.73024218871097,211.53484035960284,1057900
2022-03-02,217.18276977539062,218.60440050223352,213.12091710378,213.12091710378,870700
2022-03-03,216.83462524414062,219.62955819024208,213.96232212482596,219.126659442782,818000
2022-03-04,220.18081665039062,220.93515744888464,214.28148438635145,214.8617385930415,965700
2022-03-07,210.66448974609375,220.751388091727,210.34534331644662,219.95836964336115,1132200
2022-03-08,210.1132354736328,213.57547328428856,207.98560733907195,209.1944886378965,853200
2022-03-09,217.64694213867188,217.90806457132513,214.0686572651448,214.82299784227786,1138100
2022-03-10,218.7688446044922,220.49995618857167,212.1441689653841,213.39172801396234,1034200
2022-03-11,216.53480529785156,220.96414800346028,215.43230617946693,218.50770777718273,958500
2022-03-14,220.91578674316406,221.5347481060329,215.91585569394172,218.2949404727027,1420700
2022-03-15,223.1981658935547,224.23297537059386,219.89066842453954,223.44962264857077,724100
2022-03-16,226.13818359375,229.04916458452482,221.80555694875076,224.61015578999684,1017600
2022-03-17,231.5443115234375,231.74741009644546,222.44384858784488,224.17497505733277,778600
2022-03-18,233.17869567871094,235.77053009032903,230.5288225692126,230.81895703120685,1373500
2022-03-21,230.0162353515625,233.09163673383804,226.8924905277748,231.74736145772476,734200
2022-03-22,231.71832275390625,233.9910102462088,228.53653960509467,230.62548957578056,755000
2022-03-23,228.83641052246094,230.58686844195282,226.46700591170915,230.58686844195282,623800
2022-03-24,228.74935913085938,230.32574510408827,227.26968956656987,229.0588398339837,726600
2022-03-25,227.7145538330078,229.91955209157965,224.20395789853225,229.43599958300072,568900
2022-03-28,230.78993225097656,230.97368455860237,227.52111269051983,228.50756390380784,302300
2022-03-29,235.1322479248047,235.4997377972612,231.83441626930804,234.8421134678169,464100
2022-03-30,231.65069580078125,235.46109245948745,229.73583173237864,234.0104347319711,600900
2022-03-31,229.3005828857422,234.0490568370758,229.3005828857422,231.97945289447918,730600
2022-04-01,226.42831420898438,230.7319288086165,223.60436918229487,230.7319288086165,975400
2022-04-04,226.7861328125,227.51146159548242,224.45540611487206,225.6932993906139,691100
2022-04-05,224.2233123779297,228.92344352446608,223.3529089763625,226.48633465967075,1064300
2022-04-06,215.7030792236328,222.60820790172707,214.56190247825504,222.50184052495314,1098600
2022-04-07,217.04733276367188,218.73010050243388,211.50582614692368,214.9487170258367,973100
2022-04-08,215.80946350097656,217.9467719316211,213.3143457181876,215.64505743044245,622100
2022-04-11,211.08035278320312,215.91587825959985,210.8095645370731,213.62384390598064,730000
2022-04-12,210.04556274414062,214.49423742869087,208.93338300536334,212.1345133387223,907100
2022-04-13,207.92759704589844,209.49430258981883,205.1520101238042,208.61424816171638,1351300
2022-04-14,209.26217651367188,212.19250336957907,209.08808994685478,209.4072363553106,1267000
2022-04-18,205.89666748046875,211.25443793567763,204.5523919974565,208.68193485810377,1059700
2022-04-19,211.2447509765625,211.56389741688872,204.22357355994205,204.84252020749383,1765500
2022-04-20,214.1267547607422,215.4226721198407,211.66063367735984,212.95655103645836,1334500
2022-04-21,196.27395629882812,207.53105787988844,196.26429056131917,199.3009996633123,3060300
2022-04-22,196.90260314941406,202.1056185233353,194.784640631293,195.4809574799041,2387000
2022-04-25,206.3801727294922,206.81538172515195,195.1327531601531,196.186893923613,1718300
2022-04-26,200.73233032226562,205.19068538194762,200.0456939715088,205.19068538194762,1459600
2022-04-27,193.8175506591797,203.54662630817438,193.06320980713642,200.62596456288796,1312300
2022-04-28,199.54278564453125,201.34160161795415,193.1695669415785,196.10955978446285,1630700
2022-04-29,196.8252410888672,201.39964424275,195.91615990141685,197.53122370507413,2171800
2022-05-02,198.74008178710938,200.48087377603102,195.6356681771282,196.3513312050325,1526900
2022-05-03,198.29522705078125,198.89484225905207,195.55833255081433,198.10180897840644,1568600
2022-05-04,205.62586975097656,206.3221865632653,196.67048235522412,198.26619977522222,1015300
2022-05-05,201.3802947998047,205.76127980837765,198.72075572252362,204.23325194951744,1353400
2022-05-06,198.35325622558594,202.15397207632307,196.67048808736703,200.14239175517648,1035600
2022-05-09,193.06320190429688,199.70720942796396,192.42490897658695,198.25655173236132,1568800
2022-05-10,193.80783081054688,196.0805334012923,187.96652326290126,195.2875002396362,1060600
2022-05-11,185.25865173339844,192.83108648375668,184.91049330498475,191.76726496447793,929800
2022-05-12,186.3224334716797,186.7286157586311,182.6861096053249,183.2083545148693,1312600
2022-05-13,191.67054748535156,192.17344623084594,188.00521117256707,188.55646812073712,897900
2022-05-16,189.54290771484375,191.2546728807792,187.50231564506046,190.33592611388687,555700
2022-05-17,190.82916259765625,192.6763219025815,188.27599127236286,192.6763219025815,756000
2022-05-18,181.89312744140625,188.95299756310465,180.97438055554233,188.60483913977328,1146600
2022-05-19,184.87181091308594,188.48877447335192,179.64943461910326,180.29739325285757,1031900
2022-05-20,188.2082977294922,188.56612184416093,182.3186320373979,185.87757122342936,768200
2022-05-23,190.5003662109375,191.24504130013128,184.29155298733843,189.98780166764723,765100
2022-05-24,185.58738708496094,190.19024876514064,182.95164195047326,189.72510683355432,718100
2022-05-25,189.56036376953125,191.33367846870513,183.67839907920535,185.07379522190774,1333300
2022-05-26,195.96560668945312,197.06060791133288,189.93827969258942,190.96545696226056,823900
2022-05-27,199.8998565673828,201.7700796603633,198.24283461902567,198.591683679647,895000
2022-05-31,196.30482482910156,197.8552538925002,194.48305552382658,196.8959298832943,1240400
2022-06-01,192.4287109375,197.952142577062,192.1186162838482,194.77374630776572,1088100
2022-06-02,197.34164428710938,197.9618187810019,192.8647601213891,193.38804112987341,525300
2022-06-03,194.34739685058594,194.92881700282072,193.09736274524846,194.33771193629588,613700
2022-06-06,193.29116821289062,196.15947022698236,192.61285454645872,196.15947022698236,332700
2022-06-07,194.32801818847656,194.82222976885328,191.11086699631568,191.11086699631568,437200
2022-06-08,190.10304260253906,193.05856753746158,189.4150441273061,193.05856753746158,633600
2022-06-09,186.0235137939453,189.6864228453091,185.5680713914518,189.57982962799932,890600
2022-06-10,177.67047119140625,183.06792459666312,177.61231735891656,183.06792459666312,770700
2022-06-13,174.0269317626953,175.67426880229252,170.7516422941669,175.0540943361103,912800
2022-06-14,166.69146728515625,174.45334209115683,166.5945589970592,173.79441304770904,1001300
2022-06-15,172.81565856933594,174.80215982947644,168.3969134905826,169.23995925830823,672000
2022-06-16,165.0731964111328,169.22061674468395,164.0072644060072,168.25159302588924,1093700
2022-06-17,167.7573699951172,169.02678861415626,164.94720731721972,165.063485423963,1500800
2022-06-21,169.88926696777344,172.44748931756675,169.47257902719298,170.37377888846254,1040900
2022-06-22,175.17039489746094,175.635522070968,167.4278912497822,169.19152124460783,1072000
2022-06-23,176.69175720214844,177.50573346608468,173.7265473934332,176.92432818589873,876600
2022-06-24,179.10462951660156,180.76165155309036,177.99994323023358,178.52320945593362,808300
2022-06-27,179.2112274169922,181.04268143432182,177.68016835066544,179.36627474206682,513500
2022-06-28,173.9106903076172,180.8779733041817,173.29051571078674,179.03681934231122,660700
2022-06-29,174.58895874023438,175.44170413479495,171.20706146964744,174.36608747979236,601800
2022-06-30,177.11813354492188,178.08715715104842,170.91638838016263,172.70907317982068,1605800
2022-07-01,180.77134704589844,181.68223155289198,176.65299693934867,177.49604270018793,694600
2022-07-05,180.24806213378906,180.96514487154636,175.87777132094064,178.21312158522218,648800
2022-07-06,183.05824279785156,183.59120870879573,180.03487926037104,181.67253142939674,611300
2022-07-07,185.0738067626953,185.3160626418509,182.37022287108888,182.97102750596,730200
2022-07-08,184.55056762695312,185.68432362412457,182.0504846128845,184.12419481718703,400900
2022-07-11,183.81405639648438,184.54082396737914,182.5640078943159,183.93033447626783,329200
2022-07-12,181.38180541992188,185.8490041933552,180.56782925647244,183.84313330584592,738800
2022-07-13,178.91085815429688,180.78106687835935,175.42236676986835,177.56391574483425,388300
2022-07-14,183.55245971679688,184.0757407728979,175.8196550579514,176.23632813398774,637600
2022-07-15,186.4595489501953,187.19600168014927,184.05637418065115,185.68432698985328,459700
2022-07-18,185.7327423095703,188.48476564668448,184.8218578055376,187.53512670649386,456100
2022-07-19,194.7737274169922,194.9287747287803,186.94401560519793,187.864584991486,707600
2022-07-20,198.81455993652344,199.46380394054907,194.19231346389955,195.01598939567327,1147900
2022-07-21,194.34739685058594,197.56456273032867,188.78521010558134,195.74279338704645,1222800
2022-07-22,194.62841796875,195.84938251972147,192.3415214228705,194.81252005320832,576400
2022-07-25,192.02169799804688,196.4016735193319,190.90731211478132,194.1923011488076,754700
2022-07-26,187.21536254882812,190.86858577775234,186.20758447850102,189.9189467595039,646200
2022-07-27,192.2445831298828,193.10701350528078,185.9653146125345,189.05650212913397,725400
2022-07-28,201.07240295410156,201.86700942697206,192.6709698676558,193.23300534663386,846200
2022-07-29,202.438720703125,203.00075615679378,198.71767368517285,200.83982291610351,617600
2022-08-01,204.25076293945312,204.99691514093152,199.66728613119204,200.70413354066568,776500
2022-08-02,199.9192657470703,204.2701872342306,199.67700983592587,202.65191952212092,976300
2022-08-03,206.41171264648438,206.65396854757995,201.1596064850671,201.1596064850671,537900
2022-08-04,207.16751098632812,207.9911868098866,204.0957085113981,206.6151753242984,605800
2022-08-05,205.86904907226562,206.15007418040176,203.25268845933488,204.29923566173235,708700
2022-08-08,206.4989471435547,208.64048114448852,204.67717793751842,207.28385393964933,356900
2022-08-09,205.7333984375,206.50862027580786,203.49495628415457,206.50862027580786,445000
2022-08-10,212.75880432128906,213.67937371946888,210.10368930671515,210.12305913134477,613800
2022-08-11,211.53785705566406,213.94103146875113,210.04555241578302,213.94103146875113,581200
2022-08-12,215.44305419921875,215.578716934088,211.83828463140256,211.83828463140256,597200
2022-08-15,213.41775512695312,216.1213243654865,212.80726554987655,212.97199778147436,351900
2022-08-16,209.29940795898438,211.7025822925818,208.35945390532757,210.29750106154756,586900
2022-08-17,207.3904266357422,208.36913510920712,205.3457863308789,207.1287861341942,618800
2022-08-18,206.18882751464844,208.01059650013937,206.0047106763966,207.84586427278924,330000
2022-08-19,202.22555541992188,205.06478772288054,200.9561367568992,205.0066486674945,697700
2022-08-22,201.2855987548828,201.9542274557522,198.69830731952615,199.99679549407168,644900
2022-08-23,198.18470764160156,201.31464967941398,198.10718398050656,200.64602104033028,447300
2022-08-24,199.49288940429688,200.25842635003215,196.34356261583068,197.49670309800325,365100
2022-08-25,201.2855987548828,201.48908544620002,198.62078365126746,200.76231769066857,449600
2022-08-26,191.02365112304688,201.6441428400283,190.96551206548503,200.85923599068636,565500
2022-08-29,186.13006591796875,190.67478923769357,186.09129669143502,189.6960658804389,477600
2022-08-30,183.91098022460938,187.83552871246616,182.89351728630984,187.06030688499266,516000
2022-08-31,182.90322875976562,185.60679845646368,181.5466014542771,184.71529840055285,640400
2022-09-01,184.1629180908203,184.29858078860818,178.66855665122486,181.14925443141698,581700
2022-09-02,182.0655517578125,186.57106668598453,180.7935228068431,185.7748410442273,487400
2022-09-06,181.9490203857422,183.79394524002652,180.37596406573613,183.05597826161906,465800
2022-09-07,187.87220764160156,188.75583592740733,181.83248577540647,182.70640923329708,496400
2022-09-08,190.67843627929688,190.73669487754353,186.2991587848991,186.34771255561486,558500
2022-09-09,191.445556640625,192.77584408703015,190.746423794616,191.5232397142406,410700
2022-09-12,192.8729248046875,193.64002097307554,191.18335152576233,192.3388630082,489000
2022-09-13,185.78451538085938,188.99857635639924,185.60972477526275,188.41596075978393,677700
2022-09-14,182.50245666503906,186.38652071671973,181.21100358987184,185.9398616480324,694300
2022-09-15,181.3081512451172,185.2893237058192,180.2303226395683,181.57032977525927,737400
2022-09-16,177.93869018554688,179.30782636449675,175.41404254279655,179.30782636449675,938300
2022-09-19,177.31723022460938,177.90955057016185,174.81200719669212,176.5015803503651,582400
2022-09-20,172.68548583984375,174.8314377682748,171.25809110182328,174.64694235340394,814100
2022-09-21,171.56883239746094,176.41419312164996,170.86969963921817,174.03520670487944,593800
2022-09-22,167.29638671875,170.6075557569957,165.67479132506114,170.08321349022012,735900
2022-09-23,169.84043884277344,169.86956814203506,166.38362370943898,167.27695679203424,863000
2022-09-26,168.32568359375,172.559315306277,168.21887120678014,169.84046666966216,1029500
2022-09-27,164.42218017578125,170.12204071055007,163.7521766057357,169.4229078388966,790500
2022-09-28,168.11203002929688,168.7140552982801,164.08230413513186,166.06318536941626,723700
2022-09-29,162.25680541992188,167.00507382500024,161.43143576159616,167.00507382500024,845200
2022-09-30,166.46131896972656,167.96639721406086,160.82943622297842,162.59667820320084,1058100
2022-10-03,168.31594848632812,169.43262603234868,165.19899470872855,168.70436386532594,1074800
2022-10-04,177.0162353515625,177.67651917777428,170.66578185507828,170.66578185507828,663700
2022-10-05,174.76348876953125,176.72494561120743,171.5785568691133,174.78291324185352,573700
2022-10-06,169.26759338378906,175.09369203931402,168.7335313770589,174.84121828165883,968100
2022-10-07,163.9269561767578,166.64578958701793,163.46085774940107,166.21854010353968,562000
2022-10-10,163.66476440429688,165.04360546966075,161.12069218147204,165.04360546966075,498600
2022-10-11,159.07183837890625,163.37343188052878,158.58633040897897,163.37343188052878,1002600
2022-10-12,159.92636108398438,161.77130070668895,157.4211375741123,159.90693661185267,826300
2022-10-13,160.14968872070312,161.577083666251,152.19707878819025,156.3724364376658,986900
2022-10-14,154.47897338867188,162.7423312514077,154.26534862595398,161.97522010804826,880100
2022-10-17,159.47970581054688,161.32463066148873,157.4891196398793,158.06201564115236,904100
2022-10-18,161.13046264648438,163.62596707222826,160.11089247039197,163.5871329357782,972000
2022-10-19,155.47914123535156,158.76118140882502,152.98363679181074,158.76118140882502,1394800
2022-10-20,145.88546752929688,156.03258304270386,144.81734386829396,156.03258304270386,2710500
2022-10-21,147.6138916015625,148.28389517167165,141.7489452684165,143.00156450380277,2610500
2022-10-24,152.44955444335938,153.6827492553201,148.546064887964,149.3034563935065,1953700
2022-10-25,156.79965209960938,157.03270126251385,151.69211351563928,152.78936628492235,1570800
2022-10-26,160.20797729492188,163.13073088940544,156.81912522999394,158.3047789152713,1471300
2022-10-27,161.72271728515625,164.01431563104205,159.49908235447478,160.29532258405422,1361800
2022-10-28,165.9369354248047,166.54868028951267,161.2275015639387,161.48968005117487,867100
2022-10-31,164.62606811523438,165.28636678804688,163.02389742779118,164.32505548566277,1526200
2022-11-01,164.09202575683594,167.06333282754275,163.26665609651485,166.83028361583862,1056300
2022-11-02,157.16868591308594,163.28609106049382,156.78999018006473,163.28609106049382,1123800
2022-11-03,155.11981201171875,156.2170648755322,152.8476380396267,155.0324241242988,1146100
2022-11-04,158.36306762695312,158.4504555505755,154.9353807794369,157.59597115870932,1131100
2022-11-07,160.9459228515625,161.81012661086444,158.1202623695135,159.7127282231664,872900
2022-11-08,162.98509216308594,164.7717586022036,160.22739460575843,162.61610122715817,660000
2022-11-09,160.3341827392578,163.02390163668193,159.51853272519332,162.0334610101575,805200
2022-11-10,182.3665313720703,182.5121926769896,168.25766862426002,168.25766862426002,1697600
2022-11-11,188.36744689941406,189.79484196638634,180.79351721714994,181.3955425483922,1767200
2022-11-14,192.17381286621094,196.84439825152714,186.512786843476,187.25075379529005,1552900
2022-11-15,201.0974884033203,202.08791439464486,194.64994054767004,196.80558317478037,2069200
2022-11-16,197.27163696289062,202.81613066776774,195.18394343118837,199.99048504107841,1750200
2022-11-17,193.24195861816406,194.83442484064503,188.6879043792856,194.0479039672262,2143800
2022-11-18,194.3780059814453,197.1162786390056,192.85351832907946,196.99004179809478,1482900
2022-11-21,190.8920440673828,194.11582450506853,187.43522925740223,192.59132217583627,1444600
2022-11-22,188.70294189453125,191.88448062064805,188.63484336984098,191.32989407424964,735300
2022-11-23,192.57530212402344,193.25637658089144,189.20891539909866,189.20891539909866,566900
2022-11-25,195.0076141357422,195.5524765185888,191.76771611503023,192.38066217101203,460200
2022-11-28,185.62844848632812,193.48013354101232,185.44360112963983,192.87691148680315,746600
2022-11-29,183.80905151367188,185.64791980998655,182.94312972008424,184.54848551118965,592600
2022-11-30,192.0303955078125,192.32228235033077,180.6372032995611,182.8652436670203,994700
2022-12-01,196.77841186523438,197.29407227601584,192.05961582772386,194.58928243780903,981700
2022-12-02,195.9319305419922,197.33297558861483,190.65856338027479,192.43904204387684,691800
2022-12-05,188.4402313232422,194.4238599461521,187.70079748346353,193.13956371045083,842900
2022-12-06,188.8099365234375,189.48127177440077,186.5429701040027,188.75156212700256,828800
2022-12-07,188.59591674804688,189.6564247055386,186.85434931537623,187.9051331539308,622800
2022-12-08,192.72122192382812,195.91248488228624,186.32895704162217,188.75159888735942,863600
2022-12-09,192.10824584960938,194.12225183643017,190.28884100148272,191.08664925539517,504600
2022-12-12,193.28553771972656,195.00764217940159,192.32231542754758,193.33418800951048,878900
2022-12-13,201.36097717285156,206.85811794937683,197.42054160269586,204.49385066889033,1137400
2022-12-14,197.4594268798828,205.4083954943591,196.98269274678944,200.757713879975,954400
2022-12-15,192.45848083496094,194.34599879308925,189.34505603876087,193.62601327778842,713300
2022-12-16,186.70838928222656,191.32988421343,186.19272893021298,190.79477562449762,1658700
2022-12-19,185.99815368652344,188.71268234214693,185.05439453052338,186.29004056344834,595900
2022-12-20,185.0543975830078,185.97869367019698,182.04799684685187,184.18847590296986,576700
2022-12-21,191.6898956298828,191.8844819323063,186.28031625420002,188.2651202924929,688500
2022-12-22,188.9656524658203,189.0532140794654,185.28791623288646,188.92672629576649,395900
2022-12-23,190.43479919433594,191.07694739647604,187.5743343356976,188.87809382531105,293500
2022-12-27,189.08238220214844,191.01855070237116,188.35267247011237,189.69534312777313,318800
2022-12-28,185.0543975830078,190.7656029003662,184.9571118530836,189.27698128809251,342500
2022-12-29,191.46612548828125,192.86717075255356,185.69656016208674,187.01004380883822,305900
2022-12-30,189.10186767578125,190.22075012565793,187.10732453618937,188.99484297523776,368500
2023-01-03,192.94496154785156,196.84648537196648,190.53205909119413,192.92549846667418,703600
2023-01-04,199.0745391845703,200.60205712610068,194.93951748958665,196.8951341701901,532500
2023-01-05,192.7406768798828,196.37948670869682,192.3028391478532,195.31897875569933,448600
2023-01-06,199.08425903320312,199.50263364504542,190.31801857239492,193.37306923591808,586700
2023-01-09,199.10374450683594,202.75229339330747,198.7924093884351,200.2615530621669,899000
2023-01-10,199.45399475097656,200.64099044400245,197.35242714568656,197.61512680784347,774200
2023-01-11,207.74351501464844,207.8213525064916,199.7848059139924,201.16638799074542,775100
2023-01-12,210.35101318359375,210.4969640542875,205.38899534567443,209.18348044796474,785300
2023-01-13,211.1293487548828,212.28715723631518,207.38349953212898,207.88943576896972,808200
2023-01-17,210.23422241210938,212.93901173420986,208.7845271900127,211.84931671119995,764000
2023-01-18,211.73255920410156,215.244895777524,211.40176104052824,212.3747072952604,742500
2023-01-19,211.5671844482422,212.10230791906955,208.6969956359652,209.1250944126271,1433800
2023-01-20,216.66543579101562,217.37568250482778,211.04180679708534,211.04180679708534,961000
2023-01-23,216.1302947998047,219.15615844700778,215.45895946405486,216.51946738917547,1256900
2023-01-24,215.97462463378906,219.38967579237303,212.92931268150917,212.92931268150917,627100
2023-01-25,209.47532653808594,212.9195496641629,204.23114694596924,212.5887515086038,1236600
2023-01-26,211.30445861816406,212.67631638830605,208.90129504841542,211.54769517970774,834700
2023-01-27,212.3358154296875,213.8730724345124,209.83533619988216,210.38992274195718,909100
2023-01-30,211.46986389160156,212.02443550931895,206.84836941137272,210.3704299276964,1202000
2023-01-31,216.1886749267578,216.39300019147527,210.53585903669884,212.39419011900242,712200
2023-02-01,218.54319763183594,220.68369141246683,213.80495380449403,216.02327022625454,916000
2023-02-02,224.41009521484375,227.80568370713206,221.5009947988746,221.81232994637645,1338200
2023-02-03,219.8761444091797,223.28145653239838,217.08377837287213,219.5550703417583,1031300
2023-02-06,216.19839477539062,217.5118633176385,215.25463571634776,216.81134082338028,929100
2023-02-07,216.89889526367188,217.26861958065376,210.10773475594155,214.12600742425138,820100
2023-02-08,214.24276733398438,217.62861622277273,214.24276733398438,216.47082262318517,1022600
2023-02-09,201.13719177246094,212.91957248870273,198.99671280364882,204.31873044628546,1909500
2023-02-10,200.58262634277344,203.90037701329348,198.87023123748136,200.66046383355794,682100
2023-02-13,208.11322021484375,208.4051070916887,201.34152187115384,201.34152187115384,1084400
2023-02-14,208.2689208984375,208.89160605109547,204.21173586293372,207.51974795280702,936900
2023-02-15,212.6179656982422,212.686079069141,206.8581250601169,206.8581250601169,772400
2023-02-16,207.23756408691406,208.85265852499342,205.74895741988382,208.21051039718125,701100
2023-02-17,205.9922332763672,207.2473277237029,203.76417748725598,205.83655827400426,583000
2023-02-21,198.66213989257812,204.45210903105303,198.5256766245129,203.2336816828346,705900
2023-02-22,200.08529663085938,201.43043049125401,197.49247931369362,199.5589276161714,563100
2023-02-23,199.3932342529297,202.08353186881624,196.9368800868457,201.30373524285804,544700
2023-02-24,195.08486938476562,196.56648143563817,191.60504807012128,195.84516697866718,814900
2023-02-27,194.646240234375,197.9798562244343,194.36355671384447,197.82389392851286,483900
2023-02-28,197.4144744873047,198.20401304124522,193.32056150955833,193.32056150955833,844800
2023-03-01,195.66969299316406,199.29573402569739,195.22130517800954,197.25851216516298,820800
2023-03-02,196.84910583496094,197.79460658187685,193.39852636693746,193.44726643218274,548400
2023-03-03,202.2784423828125,202.90227660119498,198.07730719161705,198.35023373257306,512300
2023-03-06,200.2217254638672,204.43260248986329,200.19248439845876,202.26867440935828,526100
2023-03-07,194.91915893554688,201.50840950132104,193.4960290712171,200.49468436557984,644600
2023-03-08,194.89964294433594,196.60544129571514,194.07112124055195,194.94838301476588,591700
2023-03-09,192.2093505859375,198.06754383550268,191.57575945016404,195.24079837860725,733000
2023-03-10,188.26165771484375,191.73173664183776,186.44863711133343,191.73173664183776,894500
2023-03-13,190.07469177246094,193.45704773387226,185.14249958620908,187.47213239299776,983000
2023-03-14,193.34005737304688,197.2585090121999,192.10213102393718,193.66170910408275,607200
2023-03-15,194.22706604003906,194.69495286183812,188.8562435143827,190.74724518402255,683900
2023-03-16,195.6112060546875,198.22352219705647,192.209366191318,193.47653369236508,968600
2023-03-17,195.81590270996094,198.1260362890354,193.76893873910274,195.91338285081372,1261800
2023-03-20,195.80618286132812,196.55672351220178,192.93068198711177,195.36753705110328,628600
2023-03-21,197.7946319580078,198.95457724211485,196.118074637457,197.2195377851186,635000
2023-03-22,192.0826416015625,198.2430177145085,191.88769619099438,196.4689802695614,635800
2023-03-23,190.8837127685547,193.64223419837916,188.04721020000167,191.93643583131814,890900
2023-03-24,192.58949279785156,192.60899179902242,188.39809994891655,189.7724895005522,571700
2023-03-27,192.59925842285156,195.465002136961,192.1801265233747,194.77294368122435,444400
2023-03-28,190.48403930664062,193.5349858766646,189.7237418983566,191.49777909993892,423700
2023-03-29,193.7007293701172,194.4025447925249,191.97543188391634,193.27184051493666,510900
2023-03-30,194.646240234375,197.1513195415619,194.0126489847128,195.99138900827694,346800
2023-03-31,197.7166290283203,197.74587009332046,193.9638819106305,195.32851452190317,790500
2023-04-03,197.1317901611328,197.4047166796578,193.73967793367117,196.13754934457475,810600
2023-04-04,197.00506591796875,198.60364187604813,194.86063693128364,198.10652891214926,492300
2023-04-05,194.36351013183594,197.5899180027503,194.00286042316273,196.37149074547102,479100
2023-04-06,191.44906616210938,193.4862732274875,191.31260288675824,193.4862732274875,791700
2023-04-10,192.7649688720703,193.1841156581981,189.18766758541983,189.66529651068583,757100
2023-04-11,195.51373291015625,196.1180681312193,192.5310250633364,193.41802889230215,656200
2023-04-12,190.64976501464844,197.95058721397643,190.13315299653456,197.4339751958626,821600
2023-04-13,193.1450958251953,193.1840938291357,189.1291640754107,191.7804631548939,862600
2023-04-14,190.52304077148438,194.41225107533177,188.23239156809632,192.7064529074325,904700
2023-04-17,191.67323303222656,192.11186388145325,189.08041619243508,190.42556467855155,795000
2023-04-18,189.87973022460938,193.20360376302108,188.54432367163193,193.20360376302108,997600
2023-04-19,189.98695373535156,190.54254890301695,186.37065461954404,188.49559976769513,1259200
2023-04-20,197.1220245361328,198.94480176504948,192.56024017894387,193.44725876174587,1742600
2023-04-21,197.6484375,199.1007935463054,195.143343446183,197.7654017793313,872600
2023-04-24,195.8549041748047,198.8473692731886,195.3480490403948,198.29175919040748,756700
2023-04-25,193.0281524658203,196.44949144979324,192.41406026098585,195.62096969358555,462600
2023-04-26,193.62269592285156,196.93681184301528,191.84867371509142,192.48224988785324,671600
2023-04-27,200.52391052246094,201.30370703916557,195.29929319593572,195.43575647085544,860000
2023-04-28,203.11669921875,205.53405469648703,200.40691822896412,200.40691822896412,810700
2023-05-01,200.20220947265625,202.40512049563287,198.95454120984377,201.56684198717647,763200
2023-05-02,194.29527282714844,200.0267590180698,191.89740160236136,199.7343335213818,738300
2023-05-03,194.94839477539062,199.0325660256762,194.71445134724257,195.85489767187275,465300
2023-05-04,192.2581024169922,194.7826804301837,191.47830590322616,192.99890092471014,965000
2023-05-05,195.05555725097656,195.90357774905786,193.64218479638188,194.0028344567838,455600
2023-05-08,195.56246948242188,196.87836210540016,194.33428518625183,195.32852607520357,558500
2023-05-09,194.25628662109375,195.55269499885407,192.95013617975792,194.08084023645736,575100
2023-05-10,198.26248168945312,199.60763017037794,194.82164422954486,196.9563312107064,749500
2023-05-11,198.5256805419922,200.25097786566113,197.05382563071745,198.6524017481893,616400
2023-05-12,198.79859924316406,200.76758196363133,197.2975033240267,199.82208117017518,634600
2023-05-15,200.37771606445312,200.56290454710134,198.15529066546972,199.0033263023786,514900
2023-05-16,197.99932861328125,198.94482945430218,196.92710656468603,198.94482945430218,357400
2023-05-17,200.36798095703125,201.38172105626754,197.47299576973782,200.01707321089316,547000
2023-05-18,205.02720642089844,205.73877871237545,200.62138376871198,200.62138376871198,567400
2023-05-19,204.81277465820312,207.89296280310455,203.84778964250395,206.32362766189823,582300
2023-05-22,209.87167358398438,211.30454534961387,203.66257251517712,204.42286999815838,829300
2023-05-23,204.7542724609375,209.01388962401964,203.91599386751147,208.2048669698649,589700
2023-05-24,202.86952209472656,203.758175736836,202.29334337380757,203.758175736836,572600
2023-05-25,202.2738494873047,203.2699248958236,201.521897936874,203.2699248958236,442300
2023-05-26,205.7015380859375,207.16637053952167,202.0004013096752,202.66445153613114,510600
2023-05-30,205.81871032714844,210.15461657196468,204.45153939456927,207.99643853546144,585600
2023-05-31,203.7288818359375,205.81870876042652,201.82460272968157,204.7445072933043,741700
2023-06-01,203.6605224609375,205.0667638671725,202.45936413521378,204.34410789423373,480300
2023-06-02,208.64096069335938,209.62729073702778,202.74257530697474,204.25623847119218,730600
2023-06-05,208.84603881835938,210.14485866893546,206.88316876504737,207.73276678944356,462100
2023-06-06,214.4026641845703,214.81281551740034,207.39099117778233,208.680050996146,857100
2023-06-07,216.5022735595703,217.20539445895528,214.65658492394704,215.16439777373597,1020800
2023-06-08,218.57254028320312,218.75807321040804,213.416316338649,216.40458706024572,612500
2023-06-09,218.592041015625,220.05687333731822,217.5861906801459,218.57252064675478,780600
2023-06-12,223.42599487304688,223.55295178171033,217.85963477729905,219.73461844633803,780900
2023-06-13,227.32244873046875,227.68376927561198,223.03537330984244,223.03537330984244,760500
2023-06-14,224.32444763183594,227.83027638095422,222.54711044251695,226.56075194587584,965000
2023-06-15,226.95135498046875,229.18767406754395,221.7560906110884,223.01583988773407,600400
2023-06-16,224.38302612304688,229.25602559335985,223.40647121182803,228.68962195672748,1373800
2023-06-20,222.42015075683594,224.47092211879345,220.33032375321415,222.7814862221994,566900
2023-06-21,223.39671325683594,224.54905588898316,221.06274743608859,221.17016908060194,592400
2023-06-22,221.14085388183594,224.70528820354704,220.29125588810382,222.8693602252296,444800
2023-06-23,218.77760314941406,221.1603995995246,218.1330733094243,219.5197795432821,1801300
2023-06-26,218.89479064941406,221.20923606191724,218.3088666078161,218.58230080743775,788500
2023-06-27,223.3771514892578,224.29510048920096,218.38695583901415,220.99435538057952,663200
2023-06-28,227.1759796142578,227.24433071125938,222.0978820243381,222.70335621759375,768500
2023-06-29,228.94354248046875,229.256032312674,226.75605405084863,226.85371550525105,490200
2023-06-30,229.78341674804688,232.42011252335428,229.69553036578122,230.55488871634807,991800
2023-07-03,223.758056640625,227.91817566404518,222.6252492404665,227.91817566404518,1033900
2023-07-05,225.8576202392578,226.30684205799048,220.49632837514923,222.80099857763332,650400
2023-07-06,219.69557189941406,223.60179176352625,217.8694188812764,223.60179176352625,754300
2023-07-07,220.320556640625,222.6935779495758,218.3967422513966,218.7385424346578,433800
2023-07-10,223.758056640625,224.2658545225881,220.0471445820989,220.0471445820989,625300
2023-07-11,225.62326049804688,226.20919945808774,221.970954337072,223.4357868361274,662300
2023-07-12,226.35569763183594,231.08223558966827,225.11548339696344,230.08614522611518,691100
2023-07-13,227.6837921142578,229.00214732366135,226.834194033247,226.94161567920614,669700
2023-07-14,230.9747772216797,231.58023651258156,227.2443302203334,227.54705986578435,704000
2023-07-17,231.5802459716797,234.6954587233559,229.64667129517412,230.52556481148218,805300
2023-07-18,232.2345428466797,233.68961516532238,230.58416250767377,231.44353567852815,1041600
2023-07-19,231.9220733642578,234.71502151379528,231.8634675420593,232.08808594119995,827900
2023-07-20,211.2971954345703,218.13308026805154,205.99450906624355,217.2834822070823,3420900
2023-07-21,207.37144470214844,211.63898496466555,207.312838889652,210.81868240226308,1335800
2023-07-24,201.7074432373047,206.59021835851252,201.16057480789695,204.5785173927424,2175200
2023-07-25,203.11366271972656,204.94957583249888,201.47304270926173,201.69764616806535,1796700
2023-07-26,198.7289581298828,202.52775678261358,197.42037790321518,202.40079985429355,1946500
2023-07-27,198.1039276123047,201.16054921767406,195.94573472682012,200.5843705018731,2181000
2023-07-28,198.01605224609375,198.9047059296686,196.5316845433369,198.24065571327895,1549900
2023-07-31,199.2953643798828,200.3695660373083,197.18600181108818,198.86567775649337,979900
2023-08-01,197.46920776367188,198.7582527108073,197.16646317432128,197.7621623645791,1311400
2023-08-02,196.9711456298828,197.90864501066525,194.34421022756382,196.31685555103394,1548500
2023-08-03,192.48875427246094,196.04341383258654,191.92235059131966,195.32075777712078,1230000
2023-08-04,193.07469177246094,195.21333466311336,191.6293796724077,192.6352301103502,843600
2023-08-07,193.40672302246094,194.71530316171896,192.26415544704486,193.20163991356972,1079000
2023-08-08,194.50045776367188,194.55904867956517,191.609863305259,191.95164861498557,842700
2023-08-09,193.64108276367188,194.62741284203992,192.25437646346933,194.57858211224158,693600
2023-08-10,193.66058349609375,196.05313981902972,192.6156775897938,193.48481078142504,393100
2023-08-11,192.68405151367188,193.79732354164068,191.26804984053416,191.9125796727913,421000
2023-08-14,192.10791015625,193.20164704122848,191.0532289167147,191.9711930456277,619700
2023-08-15,188.89500427246094,191.5707700220121,187.9868153818192,190.50632877350353,782600
2023-08-16,188.81689453125,190.86765086602372,188.31884199912662,188.31884199912662,524100
2023-08-17,186.35595703125,189.02194750242953,185.57471019947437,188.92430096161004,543600
2023-08-18,187.6548309326172,187.82084351090782,184.4517314079604,185.20366810356248,639900
2023-08-21,187.21533203125,187.99656397030643,185.62354289838663,187.84032652312158,650400
2023-08-22,187.41067504882812,187.71340471695856,186.10209491514632,187.3130135876681,1405300
2023-08-23,191.62939453125,192.71337123981766,188.2212269213304,188.4848860577851,818300
2023-08-24,191.83447265625,194.1879738569959,191.47315206314818,192.95750498137832,1306800
2023-08-25,193.33837890625,194.24658291837264,191.86378603621694,193.14307086203448,1210800
2023-08-28,195.1938018798828,196.09223061678549,193.45553531702072,194.09029005363325,486600
2023-08-29,200.60391235351562,201.48282073298776,194.51997929913907,195.29145113899818,610300
2023-08-30,202.64492797851562,202.98672819786182,199.86175509644985,200.75042374591226,430200
2023-08-31,201.85389709472656,204.1683423661776,201.8441369099943,203.12342145905473,437700
2023-09-01,201.98086547851562,204.3343665236728,201.1703230683187,202.70352151799207,435300
2023-09-05,199.6522674560547,202.5483375294606,199.4174610509114,201.0122426262306,413000
2023-09-06,199.77947998046875,202.2744027364199,199.50552920004722,199.74033562372406,559000
2023-09-07,197.12799072265625,199.6914083921067,197.02036614574197,198.44883644576834,513600
2023-09-08,192.31427001953125,197.99877069705664,191.7370176973653,196.6583676945907,563200
2023-09-11,193.7329559326172,194.51567882677293,192.65672501620082,193.01872819645388,835700
2023-09-12,193.24374389648438,194.23193727357767,192.6664915832337,193.35136847431048,724600
2023-09-13,192.9796142578125,193.75254366046076,191.65876833484293,193.1263682807208,683200
2023-09-14,195.38645935058594,195.99307744760114,192.97960392852508,193.95800384007455,421000
2023-09-15,192.6077880859375,195.39623352903226,192.21643413180325,194.6819909154025,1189500
2023-09-18,190.7390594482422,192.51975445026653,189.68238575405155,192.11860690420198,631000
2023-09-19,192.2555694580078,192.28492025900917,190.1715730117307,190.2498467907999,512500
2023-09-20,190.1520233154297,194.89725379252502,189.86827898888572,193.75252772042086,422700
2023-09-21,182.06063842773438,189.38885837880014,181.89431225154576,188.39088639247214,943800
2023-09-22,181.5518798828125,183.0292732606824,181.16052590133026,182.00195039779476,472400
2023-09-25,180.13319396972656,181.53229856582587,179.63421542907793,180.8180708674394,459300
2023-09-26,176.4641876220703,179.88858690454512,176.0923909226303,178.87105768659887,749300
2023-09-27,176.81642150878906,178.55797204176477,175.00637582052258,177.3447508572167,556700
2023-09-28,179.0471954345703,182.23677397872922,175.84782333597363,176.8360168654637,831500
2023-09-29,179.2232666015625,181.80625638258294,178.81234048072633,180.70065984108822,697500
2023-10-02,175.0650634765625,179.06672987739907,173.74423274611547,177.43280405490208,847500
2023-10-03,174.7715606689453,175.51513914080775,173.16698559762395,174.24321641775148,735600
2023-10-04,176.1217498779297,177.0316694925912,173.81272565765332,175.72061728959613,825300
2023-10-05,176.86532592773438,177.56977493784828,174.6150035303813,176.2587079345169,446900
2023-10-06,178.2840118408203,179.4776607850666,174.06711111300422,175.6912583557257,619400
2023-10-09,181.4931640625,181.7866869902193,176.62073720746605,176.62073720746605,534100
2023-10-10,183.21514892578125,184.35009632481078,180.84742310110036,181.41489680061514,598200
2023-10-11,182.5694122314453,183.98808898342307,180.90612059547504,183.20536614223644,481000
2023-10-12,177.1686248779297,183.19557079698902,176.64028066344596,183.0977248523231,766000
2023-10-13,174.56610107421875,177.94157760237297,173.86165198131042,177.2371285094646,624800
2023-10-16,176.13156127929688,177.24693661309772,173.48988442863154,175.62278913060928,774500
2023-10-17,176.95338439941406,178.31335949330628,172.5310132238497,173.90078187020464,1387900
2023-10-18,171.3765106201172,176.2489373890449,170.4274616304744,175.72060807184386,1292900
2023-10-19,175.11399841308594,177.97092414182103,162.41437272589857,165.34957223299313,2325600
2023-10-20,172.5603790283203,176.28808011699513,171.10257278740383,175.632554000409,1291500
2023-10-23,175.17269897460938,177.08059058625162,171.5917669434024,172.71692077609694,810200
2023-10-24,166.0344696044922,174.40957084206227,162.61006975731385,173.35289709771484,1780000
2023-10-25,160.62391662597656,165.99533768003943,159.9194674736667,165.60396874586823,1056400
2023-10-26,162.5904998779297,164.03854258281416,160.48694591372953,161.5142688682547,757000
2023-10-27,159.16607666015625,162.9427005888278,158.94104888016398,162.9427005888278,688900
2023-10-30,160.47715759277344,161.20116397227363,156.49506278873093,160.07601004623,844900
2023-10-31,165.90725708007812,166.63126335918656,161.749058034641,162.26760872126573,723300
2023-11-01,164.07765197753906,165.48655015122708,160.68260330125386,165.48655015122708,929100
2023-11-02,174.06712341308594,174.23344959848697,166.9345800431168,167.1791800091531,1096800
2023-11-03,177.8926544189453,180.9354633899457,176.96316268848997,176.96316268848997,985400
2023-11-06,176.88490295410156,177.81439475832977,175.26077054340155,176.9240473085938,554700
2023-11-07,179.79075622558594,180.55390693617002,177.2762763020454,177.2762763020454,779200
2023-11-08,180.4756317138672,182.39328694065958,179.77118267119357,180.37778576325297,476300
2023-11-09,180.38758850097656,183.3619326185878,180.03536393255413,181.6301605797443,759400
2023-11-10,180.91590881347656,181.34640710989444,176.4152638062665,180.91590881347656,674800
2023-11-13,180.0451202392578,180.68107408411285,178.07852725190946,179.93749567313827,636100
2023-11-14,192.18704223632812,193.78183849422734,185.84701648152736,185.8959394514324,1195200
2023-11-15,194.31021118164062,197.40194328189375,190.80753801726863,192.35341153199346,1117100
2023-11-16,196.0517578125,197.12798864108203,192.87195844447794,194.5450137516104,1068600
2023-11-17,200.77743530273438,201.20791868659356,197.8324422653284,198.16509462389092,918500
2023-11-20,205.0041046142578,205.87487982088726,199.75010257543025,200.77742532979434,728800
2023-11-21,205.0628204345703,205.53246311034638,203.75176822205512,203.75176822205512,961500
2023-11-22,206.37632751464844,207.5232026075458,204.62173336413983,206.94485915548572,620400
2023-11-24,206.5723876953125,207.14091934561895,204.8765895987498,206.23910020580215,454200
2023-11-27,207.4251708984375,207.90548597271362,204.54331036683897,205.74898152251808,603100
2023-11-28,208.81707763671875,209.7875045958861,205.53332188114538,206.43514095107395,861700
2023-11-29,212.31649780273438,213.77702180739016,210.95398721158944,210.95398721158944,923300
2023-11-30,213.40452575683594,213.63976989157328,211.14019626079357,212.3360704691348,1220600
2023-12-01,217.72731018066406,218.09000316495758,212.57133827037188,212.87520526154293,1157900
2023-12-04,220.68759155273438,220.75621439991735,215.90409449635573,215.90409449635573,754700
2023-12-05,219.15841674804688,221.07964682505173,217.29598274291982,219.4916892165235,850500
2023-12-06,220.11904907226562,221.42274849112468,219.2368536553669,221.42274849112468,926700
2023-12-07,219.81520080566406,220.55036870133517,218.51150127583045,220.13867647460285,594200
2023-12-08,223.86354064941406,227.18649909560318,220.57978457840878,221.70703608855874,1748700
2023-12-11,227.50015258789062,227.73541169934867,223.01072550417942,223.01072550417942,944700
2023-12-12,229.89190673828125,230.5878722782867,226.12785060652632,228.19612360382902,1067300
2023-12-13,237.15536499023438,237.80231633272825,227.9510634690361,229.2449511969946,1053700
2023-12-14,241.81141662597656,247.15363345527314,238.22379385394655,239.86076583902474,1638600
2023-12-15,239.76275634765625,244.28158883139093,239.63532246268494,240.5567352619541,2235200
2023-12-18,244.32078552246094,247.60454128059928,242.23290401339202,246.45766625658365,1107500
2023-12-19,241.56639099121094,246.03620977974197,241.2821176717037,246.03620977974197,966200
2023-12-20,233.07760620117188,241.5565358058383,232.83255025933727,240.88999082342147,1760700
2023-12-21,237.42001342773438,237.85129933628235,233.48930641311983,234.69497750041458,822700
2023-12-22,239.05699157714844,239.2432364972956,236.6946485657539,238.7041104013508,737900
2023-12-26,242.67401123046875,242.80143015257912,238.54726248734096,239.47847209781983,538700
2023-12-27,245.45787048339844,245.74212883341505,242.67403819601142,243.31117774844537,518300
2023-12-28,244.67369079589844,245.81075412129024,242.9582989532406,244.63448842058799,389300
2023-12-29,242.39955139160156,245.38923715148454,241.66438349771371,244.3207967353879,488300
2024-01-02,235.1262969970703,241.05665445459985,233.18545790521625,239.40988551776113,1000800
2024-01-03,228.4215545654297,232.2150159457639,225.8925753261974,232.2150159457639,1182300
2024-01-04,229.46058654785156,232.3816642510392,228.83324391195768,229.16651641542637,760000
2024-01-05,232.3326416015625,233.76375992642795,228.6273969563249,228.6273969563249,883700
2024-01-08,241.49774169921875,242.7132246404402,235.27332931457445,235.27332931457445,1069400
2024-01-09,238.4590606689453,241.5075574470096,238.13558500293516,240.3704941889791,793300
2024-01-10,239.9882049560547,241.12526820210317,237.39060280135618,239.90978525387592,631900
2024-01-11,238.02777099609375,239.01779174875065,235.41057498272852,237.9003371030775,510600
2024-01-12,238.93934631347656,240.21364023533593,236.45938131461725,240.21364023533593,571200
2024-01-16,241.57615661621094,241.77219838813056,235.0478624077912,236.498604425459,769100
2024-01-17,239.42945861816406,240.49791392132354,236.65542348537085,239.78233978240345,857700
2024-01-18,240.46852111816406,243.6052344344549,237.1357510670191,241.58597570449982,638400
2024-01-19,240.4881134033203,242.09567990322344,238.4786515391842,241.87023260790957,1193500
2024-01-22,243.5758056640625,245.81071462339122,241.64476367491034,242.79162367059,800500
2024-01-23,244.18357849121094,245.61471197898658,242.57601187924604,245.61471197898658,574900
2024-01-24,242.52700805664062,245.05598764397004,241.78204323873393,245.05598764397004,503900
2024-01-25,243.51699829101562,246.0263838533667,242.15448776904623,244.06593619832995,562800
2024-01-26,241.25267028808594,244.25215264113191,240.50770560493962,243.63462183475806,633100
2024-01-29,245.16378784179688,245.19319336074895,240.89980810939792,241.53696258642722,656600
2024-01-30,243.30136108398438,246.0753813340034,242.89946572786513,243.55621389280148,458800
2024-01-31,239.50787353515625,245.33040515035475,238.72369152394276,243.04648196032073,858900
2024-02-01,245.37942504882812,245.614684144783,237.91992135078738,240.63514545811586,632200
2024-02-02,244.9579315185547,246.03618372486162,236.81227380509125,243.11512087099666,641400
2024-02-05,239.9980010986328,244.14435870575755,237.94933686525738,244.14435870575755,795400
2024-02-06,238.46884155273438,240.5175056765713,235.23410006629146,238.77270853338612,942400
2024-02-07,237.07693481445312,240.9390190764759,235.40074549330575,239.9685921055981,1463000
2024-02-08,247.0751953125,249.95705552223365,232.64630055794848,246.24201410164233,1846000
2024-02-09,244.25216674804688,247.76136985383087,241.14485900219714,247.3006634572289,840200
2024-02-12,250.72164916992188,251.14313823598403,244.72268413740926,244.72268413740926,671100
2024-02-13,243.03671264648438,250.4962170159524,241.1448727691719,248.88865044146795,867700
2024-02-14,245.38922119140625,246.47727020187486,241.35070394322966,245.13436838929786,836600
2024-02-15,255.367919921875,255.75022160201718,246.17342990118823,246.69294737216077,1005400
2024-02-16,252.97613525390625,255.4659119845258,250.52559080671725,252.88791870504107,1112200
2024-02-20,252.75076293945312,253.57414750506362,249.30037029118822,251.9175665613987,710300
2024-02-21,251.94696044921875,253.0350245880686,248.28091749492853,252.9958072541662,832800
2024-02-22,260.33074951171875,262.57888156298037,254.3521185630971,254.3521185630971,1109000
2024-02-23,261.1162109375,262.74585921364303,259.26075773338033,261.02786030295005,635200
2024-02-26,260.3995056152344,262.9421399825557,260.3798821306806,261.60702400445643,537800
2024-02-27,263.42315673828125,264.071091210133,260.3013151589641,262.51017042047437,570400
2024-02-28,262.42181396484375,263.73730636283545,259.4668469603865,261.7051523771884,550300
2024-02-29,268.5869445800781,270.06934128560096,263.24642170349983,263.24642170349983,1375300
2024-03-01,266.02471923828125,267.32055821219484,262.92250116712245,266.1425200577719,838000
2024-03-04,264.2478942871094,266.43709670109513,262.2648134054236,265.20015779062015,733600
2024-03-05,255.92286682128906,264.5030322891768,254.62699795222844,263.5507690995737,653900
2024-03-06,259.6632080078125,262.37274672189596,256.89476888338083,257.99428315590256,530900
2024-03-07,265.9952697753906,266.23087141502907,260.262036895043,262.068415997327,774200
2024-03-08,265.0626220703125,267.97831211146655,263.1777191311811,267.1732999208211,952200
2024-03-11,258.3379211425781,265.28847002749905,258.1710466122416,265.0626651199324,638000
2024-03-12,263.2857666015625,264.04167527039397,257.1206065366369,257.72926416082856,489800
2024-03-13,256.9929504394531,263.98274553767675,256.8653228950979,262.8832312471046,884900
2024-03-14,252.01564025878906,256.7376793485077,249.19812757493165,255.9130436819774,693500
2024-03-15,248.31459045410156,252.17271693609328,246.64568066560827,247.95136128865664,1286300
2024-03-18,250.40567016601562,251.29901806829207,248.1084491865297,250.4449321150048,532200
2024-03-19,255.08843994140625,255.33386832381132,248.71712872121643,249.797004615943,515400
2024-03-20,259.8497314453125,259.97735898535484,254.50920796341717,255.4614711935221,502000
2024-03-21,261.1162109375,269.72582897880164,260.83150558649004,261.80339252606313,979800
2024-03-22,259.3294677734375,261.96045302711747,256.4137771875281,261.49904643744424,512300
2024-03-25,256.28607177734375,259.7024448477827,256.18789445541216,259.1232375957522,658600
2024-03-26,255.70687866210938,257.8764567870357,255.24547218708295,257.63102844839426,526800
2024-03-27,257.60162353515625,258.5048131623329,255.29459075442392,258.5048131623329,745300
2024-03-28,262.62799072265625,263.14829769113885,258.78948725499373,258.78948725499373,706500
2024-04-01,255.96218872070312,265.06266268754825,255.87383809494972,263.07961207064653,491500
2024-04-02,251.02410888671875,252.8304728949719,245.57559661838235,252.30033927980543,832100
2024-04-03,251.2106475830078,252.8991808916823,248.3244077183671,248.3244077183671,658900
2024-04-04,247.43104553222656,255.74617443645846,247.33288317738845,254.03797270113006,469400
2024-04-05,251.46588134765625,251.78003682585194,245.43816167253505,246.53769086646227,588100
2024-04-08,254.29322814941406,254.5681067109739,251.94694863458483,252.32980129269635,561400
2024-04-09,257.9353942871094,258.396800828494,254.50922377397708,256.76715283040176,670400
2024-04-10,243.9459686279297,249.45338141171322,242.73845035818155,249.45338141171322,1100900
2024-04-11,244.66261291503906,247.05799598987045,242.11997882321296,246.58676277597218,594500
2024-04-12,242.47341918945312,243.64164565426364,239.54790221707864,241.96292398263304,699100
2024-04-15,238.4778289794922,246.03701953278878,236.21007331147908,245.4774506569292,897600
2024-04-16,234.20738220214844,237.69245292485195,233.68706029839046,237.69245292485195,1058400
2024-04-17,233.33364868164062,238.4385706727431,233.245298065118,236.66167170158047,1616400
2024-04-18,213.53248596191406,227.1783118309668,209.12460218229913,211.68687487213163,3635700
2024-04-19,212.2464599609375,214.21971372255967,209.16388010830258,212.66860456387897,2083200
2024-04-22,214.92652893066406,217.2826503137613,211.38255758339008,216.3598372288635,2071900
2024-04-23,220.3554229736328,221.3469482346945,215.13269986445354,215.13269986445354,1007500
2024-04-24,221.58255004882812,223.5852389016836,217.47898002616364,220.50265925871682,1239600
2024-04-25,222.1421356201172,223.6147059101461,216.46783263425314,219.36388454202478,1193900
2024-04-26,219.33441162109375,223.73248357086504,219.11843346920801,222.6427810698991,880100
2024-04-29,221.3960418701172,222.46610603422724,218.98101996915045,220.43395181490354,600000
2024-04-30,216.16348266601562,222.61333211514895,215.97695471745288,220.22777566923554,793000
2024-05-01,216.63470458984375,221.88687752411656,214.42584933370705,216.06530899291306,975600
2024-05-02,220.39466857910156,221.07205325345566,214.90689401229622,218.4410534292731,535100
2024-05-03,222.89804077148438,229.49515632287793,222.34828363882795,225.28359725349517,731000
2024-05-06,227.1095733642578,229.75038479543065,224.81236761348023,225.80389275041645,792200
2024-05-07,232.4108428955078,234.7571373948715,228.34654989301876,228.34654989301876,901500
2024-05-08,230.01544189453125,232.7642422823564,229.5442236788277,230.7713653716285,519700
2024-05-09,234.84548950195312,235.97445396214042,229.31843806036966,230.28052801366408,764100
2024-05-10,237.1721649169922,238.81162469239703,234.65898071086838,236.82857417398463,747500
2024-05-13,240.25473022460938,241.65858825810412,237.39795544831745,239.0275884029133,619800
2024-05-14,242.84645080566406,245.38910002025943,241.07937858330783,242.73846172720823,893200
2024-05-15,246.70457458496094,250.2976491391786,246.04682842007801,246.04682842007801,747800
2024-05-16,245.36944580078125,247.17579483372378,244.37790569505975,245.89956443749531,576200
2024-05-17,244.2012481689453,245.87998494845746,242.82685517617995,245.82106955183025,586500
2024-05-20,247.08746337890625,248.80546193553843,244.1030460690061,244.1030460690061,530700
2024-05-21,233.69688415527344,245.61488455282398,231.16406171753843,244.32884236097487,1785600
2024-05-22,237.68263244628906,238.53671831282597,231.78254029077556,233.64778976336996,860100
2024-05-23,233.1988067626953,238.94125977528225,231.340375342378,238.94125977528225,712400
2024-05-24,236.01101684570312,236.93531868756918,230.32755977968185,236.23717101852384,612900
2024-05-28,232.55966186523438,235.79471870220303,231.49769887644976,234.60492225060537,777800
2024-05-29,227.00404357910156,231.02572643654872,226.18790491788116,229.54095272985307,861600
2024-05-30,225.75521850585938,227.14167126909342,223.916457396842,226.32553272769874,561100
2024-05-31,227.52517700195312,227.82016921264665,223.56248981583528,226.25673000107628,801600
2024-06-03,227.2793426513672,228.71496334475884,224.79160162434567,227.94799263308806,476800
2024-06-04,230.7012481689453,230.9667426875884,226.2862521204657,226.97455735034717,493800
2024-06-05,237.2696533203125,237.61379839011485,230.40624202522346,231.6255211355002,753100
2024-06-06,235.02774047851562,238.5872721399995,234.0444431131177,237.31882514036408,469800
2024-06-07,229.38360595703125,233.80844405806027,227.42683881760692,232.6678155244081,711700
2024-06-10,228.86245727539062,229.21644492009824,226.9155327314621,228.44947419055285,693800
2024-06-11,226.60089111328125,232.667834492605,226.19773556360008,227.83001290821542,869600
2024-06-12,239.64923095703125,247.95809055038777,231.6550187131269,233.74944686651628,908600
2024-06-13,241.10450744628906,241.51749053320677,238.10544752517913,239.41323480238205,692000
2024-06-14,237.57447814941406,239.5312453169924,234.73274935046783,239.17725766365982,523300
2024-06-17,235.05723571777344,237.6039722663269,234.27059483297387,235.9913652042549,1052300
2024-06-18,237.76132202148438,238.4791249456331,232.40235401870171,233.66097353115214,691600
2024-06-20,235.7652130126953,238.3512748756482,233.1103131324226,236.94516684793572,1257900
2024-06-21,235.73570251464844,236.4731754971917,232.6383069856109,235.63736678207215,1530600
2024-06-24,236.31585693359375,238.8035980604414,234.42792779803705,235.71604494230277,890800
2024-06-25,233.51345825195312,237.4269926380853,233.23813618510016,237.0139945338785,556400
2024-06-26,232.795654296875,233.15946952556482,229.3934387664577,231.77303162523975,607300
2024-06-27,235.8045196533203,236.2273452881594,232.11715483241082,234.0444241138669,508400
2024-06-28,238.4102783203125,241.60599465738008,236.2666823290992,236.8074988638498,2018500
2024-07-01,232.47116088867188,238.4692808078629,229.80643343566598,238.01695741890464,618100
2024-07-02,235.9520263671875,236.15851039768913,232.45147538097146,234.1132502161872,544400
2024-07-03,236.39451599121094,239.51156674378308,235.03756086717846,236.46333900264324,313000
2024-07-05,238.19395446777344,238.26277747994322,233.8084417034137,234.04443846783894,343900
2024-07-08,237.2696533203125,239.62956095639973,234.48692002210294,238.94125581286818,483700
2024-07-09,236.2470245361328,238.48894137568212,234.23127689816937,238.48894137568212,467900
2024-07-10,235.85369873046875,237.3974677401696,233.58228429343745,236.89599150209986,747200
2024-07-11,248.66603088378906,248.96102304762982,239.51153625758505,239.85568127879532,886700
2024-07-12,253.66119384765625,255.94245067911686,248.16456579802406,250.54414335254225,640500
2024-07-15,254.64454650878906,258.23357626570674,253.1597577294751,254.53636818321456,586500
2024-07-16,260.18048095703125,260.3968075711405,253.73005283722176,255.65730721247073,651200
2024-07-17,254.9198455810547,260.2788283013296,254.85100756261926,258.9710259824747,942100
2024-07-18,259.77734375,272.06856130882943,256.7782986687878,260.1215038432183,1335200
2024-07-19,255.95230102539062,264.133342589156,255.53933292209848,260.2493358667746,1301000
2024-07-22,265.11663818359375,265.73612034216995,256.09981789812133,258.508878505206,796200
2024-07-23,260.5639953613281,265.3723345481983,259.94451313402743,264.5070279454836,510300
2024-07-24,256.532470703125,261.08511241617117,255.76546993071977,259.31518911577973,641200
2024-07-25,263.0615539550781,269.1088270033544,258.3122406852398,258.6563707712231,649500
2024-07-26,267.2012023925781,267.77153163885805,262.31421354371906,266.20809251119147,615500
2024-07-29,269.3546447753906,271.65555704940454,266.5817389549682,267.8895412780387,610800
2024-07-30,273.6221618652344,275.58875670239297,268.14521804971804,272.3635423697671,627700
2024-07-31,274.70379638671875,277.78152212336016,271.68506609485553,275.3232785647464,604700
2024-08-01,277.3882141113281,279.95460602860084,272.1374093772617,273.94667306778274,846500
2024-08-02,279.8759460449219,282.3440321415564,273.03220448732833,273.2386885408122,1465000
2024-08-05,273.8188171386719,283.4256215465233,270.0724565963435,274.7234639136552,1688100
2024-08-06,275.2248840332031,281.40983190777945,272.09800609642826,274.56609170461104,1128200
2024-08-07,271.4490661621094,280.554409296793,270.97707262759275,278.4009856828328,981400
2024-08-08,276.04107666015625,276.7293668024184,272.15704011337334,272.5012001884313,975000
2024-08-09,273.7795104980469,276.5425740196853,272.71756242177173,275.85428378753625,1060200
2024-08-12,278.8533020019531,279.4236312900419,274.2416348625202,274.61529267033256,746600
2024-08-13,287.4964904785156,288.23396350764875,279.2564536984114,281.4688727858108,955600
2024-08-14,291.4296875,291.8328430339559,284.99891411753947,287.29001385833106,624200
2024-08-15,288.6370849609375,293.5928815260829,286.0215106587409,292.3244496713527,934100
2024-08-16,287.3882751464844,288.4404104010792,285.1660437769384,288.3715723920084,941100
2024-08-19,290.14154052734375,290.7216823314309,286.1198581849467,287.3981326674638,504400
2024-08-20,291.6263122558594,291.931162038863,287.46698370752085,290.7118529304087,442700
2024-08-21,293.4061584472656,293.44546874201205,287.4768456537223,291.9213696044758,791300
2024-08-22,291.4985046386719,293.70108104898935,288.6174206641352,293.70108104898935,607400
2024-08-23,297.1229553222656,298.8043852859643,290.18084884765335,292.3736126071764,479800
2024-08-26,296.9067077636719,301.75435749206997,296.02171596078034,297.9490007679318,485500
2024-08-27,298.175048828125,299.28617952315045,295.4119859530965,295.4119859530965,442400
2024-08-28,298.5487060546875,302.55073306153736,295.57915916439424,297.9390665613297,611400
2024-08-29,298.7552185058594,301.19380671920925,295.64802530903995,298.62741505787244,520200
2024-08-30,302.0001220703125,302.1869509687793,295.84467101270116,300.4759931621813,798000
2024-09-03,297.9732971191406,303.7722963600765,294.74398249656,300.5331266476997,555500
2024-09-04,297.7665710449219,298.3080601928748,295.7186952627571,297.84532163069395,791600
2024-09-05,292.0069580078125,298.16038027452186,291.3276177858872,297.93392351854436,891900
2024-09-06,287.566650390625,294.45848360507335,286.9660907754499,292.45985317472366,1344500
2024-09-09,292.7946472167969,295.8073606958015,289.2305593979777,290.22496216352204,825600
2024-09-10,292.9620056152344,294.55696805142236,290.5104915037611,293.4838146844318,909400
2024-09-11,293.3852844238281,293.6609565074365,284.3865363727531,291.494970149372,593900
2024-09-12,293.16876220703125,294.6948291925138,290.3825053945103,293.8382774880359,531700
2024-09-13,302.0099792480469,302.2757962860786,294.5766568138904,294.5766568138904,727500
2024-09-16,299.4107360839844,304.8454577000434,299.2630599631146,303.2406404125769,816500
2024-09-17,293.2080993652344,302.1871680884214,293.0013527955049,300.58235079698215,1368200
2024-09-18,292.9718017578125,296.8902815111169,291.1503829048722,293.6806771474864,1230400
2024-09-19,297.5204162597656,302.33483798901864,296.44726307286055,300.58234461240215,1833100
2024-09-20,294.46832275390625,296.81155072732247,293.0210366553848,295.81714808835,3150900
2024-09-23,294.8523254394531,296.32914683632214,292.84383992682893,295.7778025851717,952300
2024-09-24,295.6891174316406,296.9395119014113,292.2038411507761,293.5132760168631,1025500
2024-09-25,287.6158752441406,295.51193563184694,286.50333172595373,295.3642595112925,797000
2024-09-26,286.12921142578125,289.56527284764843,285.2825149334044,288.6299706790466,1064900
2024-09-27,285.90277099609375,288.41335517337205,284.99697405035056,287.50755822762886,745700
2024-09-30,289.3191223144531,289.6834301386578,285.3021816182558,286.40487004285876,538200
2024-10-01,285.7747802734375,290.923944708794,284.150252785978,290.362775442624,823900
2024-10-02,288.79730224609375,289.3486764832472,282.8112667224798,285.5187723220858,1086900
2024-10-03,288.9646911621094,290.0772346441318,286.7986746443661,289.30928879620564,807600
2024-10-04,279.2176818847656,290.0378494839805,276.37232513799887,289.54557572538465,917100
2024-10-07,277.8097839355469,279.89701984802315,276.17543146449333,279.611492657428,814200
2024-10-08,281.91534423828125,282.8408213467644,278.1445403102329,279.7788928625328,515100
2024-10-09,279.8478088378906,282.74238127482033,278.95186688874486,282.61438527551246,628000
2024-10-10,279.345703125,281.55108014817563,276.0573177257976,277.76056585508616,773100
2024-10-11,280.79296875,281.75780610399556,277.4356580531232,280.36959047536277,689600
2024-10-14,286.6608581542969,287.3204881637709,278.79433312193555,280.7929633761127,917800
2024-10-15,285.64678955078125,290.3627807952249,285.26280157873765,289.18131170002164,934800
2024-10-16,285.47943115234375,288.38385876847656,281.9941540681966,284.7213402705172,1177200
2024-10-17,275.9686279296875,280.6649383205718,270.55361715653555,273.70418089749774,2052900
2024-10-18,277.6325378417969,279.90684014617193,274.63953509721983,276.49045914478523,1036300
2024-10-21,271.5677490234375,277.2092175409622,270.06139240983777,275.92931769003724,1046400
2024-10-22,267.8855285644531,270.78995573924266,267.1766531549523,268.74208009134884,1410000
2024-10-23,267.5606689453125,272.4341616024527,267.18653604498076,268.5156813318403,930900
2024-10-24,267.5606689453125,269.657760168534,265.9066061203717,268.6928926911526,1077700
2024-10-25,265.71954345703125,268.7224013617702,264.7645311648805,268.70272122801657,771500
2024-10-28,265.8475341796875,270.22878305178074,265.5226466894329,268.52550487412026,760800
2024-10-29,264.3215026855469,267.26529047625576,263.1006732424987,264.11475609671015,966600
2024-10-30,265.1583251953125,269.19497573048795,263.77996478100965,264.3017737252101,855200
2024-10-31,260.9248046875,265.946003659764,260.7968387329719,264.7251742011151,855500
2024-11-01,260.3045654296875,264.99099177322677,259.8713620636279,262.34255621318437,844200
2024-11-04,260.59991455078125,264.0655113913179,259.910719191477,260.8952668213349,787300
2024-11-05,265.46356201171875,265.75891425976005,260.5408242376514,260.5408242376514,769800
2024-11-06,260.1273193359375,271.4004016496516,252.44785988679334,269.1654893596337,2484200
2024-11-07,265.32568359375,266.74343433028196,261.0429262083969,263.8291822811901,1036400
2024-11-08,266.74346923828125,269.24422850998775,264.70544853205575,264.70544853205575,656800
2024-11-11,266.8123779296875,268.9193240446468,265.4536975446772,267.66892946475764,610300
2024-11-12,263.6322937011719,266.6450068811051,261.71244395490487,266.0247671466545,752800
2024-11-13,261.860107421875,266.5367081834089,261.505654687604,264.8728204561511,629900
2024-11-14,258.1582336425781,263.524030410619,257.3509273959491,261.6632209102197,1022000
2024-11-15,244.43360900878906,253.82618543251988,243.77396399470652,253.82618543251988,2114700
2024-11-18,241.49966430664062,245.26064319570438,239.24505700506833,243.8133570811174,1587000
2024-11-19,241.24368286132812,242.64173856732052,237.47286397510067,238.1128288907965,2096200
2024-11-20,243.2620086669922,243.38014956476192,238.15220451640636,240.446202093789,1174400
2024-11-21,248.99208068847656,249.35637351415548,242.49407557730993,243.2620214993296,1010800
2024-11-22,250.0471649169922,251.87138197869274,249.13998401860704,249.35692021672153,773100
2024-11-25,260.2135009765625,265.19313237810667,252.60105475399988,253.33073545007213,1732000
2024-11-26,255.33245849609375,257.69901575332415,253.25183930147796,256.7622691787997,1113900
2024-11-27,257.5511474609375,259.47399242739596,256.90033885832713,257.1863070532042,559900
2024-11-29,257.9159851074219,260.52905970873707,257.7483703722422,260.52905970873707,734600
2024-12-02,255.0958251953125,259.3457762270867,254.62250168204497,257.77793158567573,533900
2024-12-03,257.5906066894531,257.689189435511,253.57730189373845,255.2832107128098,715500
2024-12-04,259.9078674316406,260.28257819777207,255.9635942595896,256.6834349467587,697600
2024-12-05,257.1468505859375,258.1723698863477,254.9577780923684,257.2947547897438,663700
2024-12-06,263.10272216796875,263.9408861495123,259.11899824707405,259.55287065887507,776400
2024-12-09,261.16998291015625,263.8915404997761,259.45423404317523,262.26453415083785,1464900
2024-12-10,256.9200744628906,262.38290107801737,256.08194051139634,260.8643475237213,933100
2024-12-11,259.0795593261719,260.5389511522648,256.68342072905295,259.5035915389165,1084800
2024-12-12,261.5940246582031,264.9959416775858,257.4229456027527,258.014592503814,692000
2024-12-13,262.1067810058594,262.3040066791913,257.85682954954854,261.603876603552,816300
2024-12-16,269.6896667480469,270.08408803010946,263.0238357392536,263.4675784893334,1142900
2024-12-17,269.8572998046875,273.6142172708974,267.3230972871907,268.12181012851636,1878400
2024-12-18,253.25184631347656,275.2214414609314,253.11381243329043,270.734843830133,1839200
2024-12-19,250.1260528564453,256.0128809701583,248.29196547861204,252.96593396953065,1323500
2024-12-20,254.82958984375,259.2767669181517,251.03323641857034,251.3487704088104,1788100
2024-12-23,254.88873291015625,255.68744566179157,252.11788396338977,253.80408207676228,480400
2024-12-24,257.6300354003906,257.9357141440383,250.65854084422932,253.80411594886252,208700
2024-12-26,255.19447326660156,258.3499039781103,254.71130941163594,254.73101994508153,432500
2024-12-27,252.41371154785156,255.44093283307402,251.13181999071992,252.79827751037053,406600
2024-12-30,251.66432189941406,252.97577933709002,246.83259383981095,251.29948148789566,621200
2024-12-31,251.2994842529297,254.4943355591221,250.5204819569139,253.0546844275236,617400
2025-01-02,247.6313018798828,253.83367903326769,246.79313792525045,253.01522560857052,666900
2025-01-03,249.8598175048828,250.6486750643644,246.04373843288153,247.59185766370072,492200
2025-01-06,245.2943115234375,252.09819089561566,245.15626258206493,250.28382908151727,923300
2025-01-07,242.07972717285156,246.14232307477513,241.0542229326535,245.215416620366,1043700
2025-01-08,244.65338134765625,245.17599628919885,240.8767383416099,241.24157876029258,853200
2025-01-10,240.94577026367188,241.3697723667451,238.62850397927477,239.7822019656959,1206400
2025-01-13,244.1110382080078,244.20965104528804,239.51595684094892,239.7328930460002,1028300
2025-01-14,248.82444763183594,248.97236689054375,245.41266006301996,245.42251532845108,867900
2025-01-15,259.8585510253906,260.8544895349818,254.50420793222074,255.7860845527055,1233100
2025-01-16,260.55859375,263.2604404816074,258.576617570417,259.8584939091486,816600
2025-01-17,259.207763671875,263.8718774645615,258.9711169145009,263.13232625535164,712100
2025-01-21,268.47674560546875,269.295198964524,261.44610546491174,261.80107552974795,953100
2025-01-22,268.09222412109375,270.2714263935664,267.1258664623131,268.5063559088476,1201900
2025-01-23,265.1340026855469,269.33466253428475,262.8068662588,267.39210712125555,663900
2025-01-24,265.07489013671875,267.6090929138811,264.0592409818038,265.59750513696787,592800
2025-01-27,271.109619140625,277.1542225972051,262.3631981882487,262.81678117758014,1337100
2025-01-28,269.541748046875,273.88044210128396,266.9188030280827,268.5063583831233,626000
2025-01-29,267.4019775390625,271.14905489863656,266.9188137320505,269.3445331714767,528400
2025-01-30,274.462158203125,275.8328071409837,270.9123074532678,270.9123074532678,592200
2025-01-31,270.95184326171875,275.19192486767133,270.30103457985524,273.3775628269076,760500
2025-02-03,263.7929382324219,266.2383980552344,258.96121036027216,264.6804236332019,1359800
2025-02-04,263.0533752441406,265.65660946300125,259.7007497348527,261.65317539899814,931500
2025-02-05,266.4652099609375,267.09627793587737,263.0238116164573,264.8973651961509,1169100
2025-02-06,244.0321502685547,256.42701953290765,242.23751399545776,251.27975744850067,4083800
2025-02-07,244.8209991455078,246.57619924929315,241.8430691187527,245.70845446226906,1520600
2025-02-10,249.37664794921875,250.73742691376944,242.3459917401899,247.09883275809312,1003600
2025-02-11,249.47525024414062,249.69218644804943,245.19571794195124,245.9056882372516,796400
2025-02-12,250.81629943847656,251.84180371132913,244.11103289688327,244.72239034534115,1250800
2025-02-13,247.3749237060547,253.66604361616095,246.43816192837528,251.74321364172292,1697500
2025-02-14,246.0240020751953,251.60515138466388,245.6788722061065,247.91725110726333,943600
2025-02-18,243.23342895507812,246.7339738996994,241.63600336554973,246.0240036274188,902100
2025-02-19,239.85122680664062,242.81928657823167,239.2595798868508,241.58670136717467,1202900
2025-02-20,237.85935974121094,240.62035356342383,236.36053194408862,238.92431514604473,1258700
2025-02-21,235.09388732910156,237.7605796855029,231.42965879654264,237.4741634804618,849900
2025-02-24,236.9112091064453,239.11371300374827,233.2469802354365,235.9926878500796,1006700
2025-02-25,242.36312866210938,243.61746750906102,236.51615331075743,236.51615331075743,1569200
2025-02-26,240.61492919921875,244.21991529262277,239.83468052332796,242.86680406930458,913400
2025-02-27,239.6272735595703,243.22237349796845,238.55072234410892,240.26926484141705,732000
2025-02-28,242.1754608154297,242.3433620610027,237.34577945199453,239.32110949954384,960600
2025-03-03,241.49395751953125,244.219922494655,239.56801383313177,242.19520628256467,892100
2025-03-04,240.13099670410156,243.72609670773912,238.38282543119993,241.19767671448702,1099200
2025-03-05,241.89889526367188,242.2742127634039,237.5235468139367,239.47911917511277,827400
2025-03-06,242.72854614257812,243.53843868034974,237.35566117600476,238.44208363888936,1031400
2025-03-07,251.5484161376953,251.90397616154578,242.5507868527587,242.57054437368728,1352900
2025-03-10,246.8372344970703,257.30647443375534,245.8791982433437,248.66442077163887,1653500
2025-03-11,236.4963836669922,247.67675881579737,236.3679974636613,247.17304001545327,1044200
2025-03-12,236.42726135253906,237.74085766006718,228.54568350737043,236.15071634785656,1425700
2025-03-13,233.80992126464844,234.52104123998438,231.03458514423204,233.01978628421168,940600
2025-03-14,233.00990295410156,235.40005021957944,232.1111242721683,233.59262163205238,1017800
2025-03-17,237.29638671875,238.64949801242892,234.47166422492452,234.89636801026913,752400
2025-03-18,232.7235107421875,235.49884700438446,230.51113569805767,235.49884700438446,1012900
2025-03-19,239.27171325683594,239.35072826391175,233.7605408455154,234.31364589504597,1550000
2025-03-20,240.44703674316406,242.9063279726184,237.6025718443014,241.42483050029998,1342200
2025-03-21,240.9902801513672,241.64214272281254,236.41738599640334,239.67668378305694,1391100
2025-03-24,242.33349609375,244.81252993180257,240.35816600334468,242.48163982230136,1169400
2025-03-25,240.3186492919922,242.83718292535988,238.70875055787414,242.00754796211942,1411600
2025-03-26,238.74826049804688,243.22238182237945,237.34577798144505,240.11124304499424,731300
2025-03-27,240.80259704589844,241.6816182777702,237.444542132597,238.9161533118076,621700
2025-03-28,237.3655242919922,241.35568414383275,236.891449325666,240.92110914529565,664300
2025-03-31,240.55569458007812,241.7804046543153,235.4988544010362,239.08408331656847,737100
2025-04-01,240.8519744873047,241.523579417137,237.35564720729607,240.55567198920235,733000
2025-04-02,244.5162353515625,245.10882531907748,238.02726895973976,239.01493397617023,908000
2025-04-03,228.94073486328125,242.7186576873719,228.4172736535686,239.27170164007856,1281300
2025-04-04,207.4788055419922,223.55799144757668,207.30101799521933,222.22463759378488,2944300
2025-04-07,206.11581420898438,216.2492518284983,199.7354915866868,205.3849366731261,2018700
2025-04-08,202.96514892578125,213.8887209530258,199.51819279599127,212.50599603966748,1305400
2025-04-09,221.67153930664062,223.34069560027552,197.5132463074716,198.62931260168074,1579600
2025-04-10,215.04429626464844,219.21224377096107,206.65903005847275,219.21224377096107,1376400
2025-04-11,217.52334594726562,217.8591484317515,207.8047108524436,213.18749718171327,1593600
2025-04-14,221.55300903320312,223.78512639696694,219.1332178468944,221.780167752164,891600
2025-04-15,222.76783752441406,225.16785617331533,220.55546256097654,221.53325630899454,867500
2025-04-16,216.57518005371094,223.16290379704782,214.46157755595453,220.82214256898928,1269100
2025-04-17,218.52088928222656,220.6344918570939,214.2442978665622,216.20975671421294,1458600
2025-04-21,212.63438415527344,218.6986464509969,210.91585675752862,215.2023190981959,1475900
2025-04-22,242.05694580078125,245.7508184145798,229.85927673066783,238.29394447202586,1994900
2025-04-23,246.2347412109375,252.25950331030455,243.83472266565295,245.8100525250427,1372200
2025-04-24,254.02743530273438,255.31138767170586,243.97299834999114,248.5458767864129,1185400
2025-04-25,253.3163299560547,256.624983591902,251.08419741172364,254.73856996681417,1118400
2025-04-28,253.16815185546875,255.88423055898892,250.2446719450181,253.44469684509053,690900
2025-04-29,255.4694366455078,255.9435267039812,251.87433659023128,251.91383655981798,848800
2025-04-30,256.92132568359375,257.58304441742547,250.6595175350024,253.23732403275184,958600
2025-05-01,257.3953552246094,260.01269152694385,253.54346784199345,255.5385703861471,773600
2025-05-02,261.0694274902344,263.31144591235943,259.5978165599021,261.0397987514068,789000
2025-05-05,259.1138916015625,263.00529370471173,256.378040548175,258.9459753070708,563300
2025-05-06,258.9460144042969,260.8028295124845,255.86450428481322,255.90401932615524,596100
2025-05-07,262.7781677246094,263.3806590944005,258.3139324316414,258.3139324316414,749700
2025-05-08,267.81524658203125,270.43255281909785,263.8151852239689,265.0892815209349,809800
2025-05-09,266.5806579589844,267.6078379761256,264.43741169357565,267.1831191281096,795200
2025-05-12,272.9609680175781,273.8893755179522,269.6720568683568,272.0720755562597,750400
2025-05-13,270.3831787109375,276.5461986353596,269.1584536210032,276.5461986353596,887000
2025-05-14,267.72637939453125,269.73133829323535,266.10659420208464,269.73133829323535,708700
2025-05-15,271.7658996582031,272.40787586731574,267.3510359896105,268.76338967788695,652300
2025-05-16,275.242431640625,275.4992341453681,268.9905264368314,272.4473533926974,619200
2025-05-19,277.0795593261719,277.56350555159236,270.6301078074652,270.6301078074652,801000
2025-05-20,273.6029357910156,277.5535956226787,262.7682499970339,275.1042058173788,1288500
2025-05-21,255.3311309814453,270.38316525401024,254.29409484463332,269.1386977769221,2198200
2025-05-22,260.16082763671875,260.4867438075402,252.91137053346603,255.42001780041065,1228500
2025-05-23,259.4483642578125,260.5467428425466,256.8557656034467,257.6276081814523,660000
2025-05-27,255.6881103515625,265.0392765114494,254.23348047800695,264.07941829286557,1099900
2025-05-28,259.3988952636719,261.288896392798,254.4907387507637,255.10425076526099,942000
2025-05-29,260.2993469238281,261.2196451222298,256.4500392796716,261.1800549355816,524900
2025-05-30,261.4274597167969,262.77322417580547,258.05311327381236,259.6858537595232,1046500
2025-06-02,258.6765441894531,258.8348747574967,254.29287416878748,258.25104777447416,575600
2025-06-03,260.7149658203125,261.1701472676601,255.11414730407628,258.6171389255771,605800
2025-06-04,264.20806884765625,265.73197402991354,259.56710821868717,261.1206984928764,760600
2025-06-05,263.41644287109375,269.2250573058581,262.2982540919515,265.00959311502885,852700
2025-06-06,265.50439453125,266.4543477657732,263.1690865383662,264.41589072165635,659800
2025-06-09,265.712158203125,267.918850651499,262.85239374609483,266.50381096863515,630000
2025-06-10,269.07659912109375,270.73902444260364,267.3053083448329,268.42349698797307,632200
2025-06-11,268.6609802246094,271.46137420813557,267.285500674054,269.0766016581365,726600
2025-06-12,266.1574401855469,268.284952061614,264.2377239294031,268.284952061614,609300
2025-06-13,261.52642822265625,265.53406683022945,260.80405068417565,261.69463368602885,663600
2025-06-16,264.65338134765625,264.96013737063913,257.15262583470724,262.5060589883095,833100
2025-06-17,253.32308959960938,260.8832150501112,249.76072761242176,255.8266329881044,1454300
2025-06-18,250.74037170410156,255.0250959284722,250.72057661067007,253.47150572759213,840000
2025-06-20,253.02621459960938,254.47095443734432,250.04769475166242,251.3439940373163,1992200
2025-06-23,252.4127197265625,252.74916084200862,244.61511329073275,248.39517613830975,824200
2025-06-24,259.07232666015625,259.6759637710061,251.7002321603646,254.86676767244325,773400
2025-06-25,255.33184814453125,259.4681317556889,254.88654159470187,258.6765092209522,607100
2025-06-26,253.2736053466797,258.6369282362626,252.07626640579164,257.8254954802874,715300
2025-06-27,253.46165466308594,258.2015456882221,241.95324527651948,253.67932521513922,1976700
2025-06-30,256.6578369140625,257.28125401516127,252.95695469289151,254.93604126223892,981500
2025-07-01,261.1800842285156,262.0013919531793,254.09494994705577,254.37202088773998,935500
2025-07-02,259.62646484375,260.9029841270877,256.3114888249706,260.2993470247093,625300
2025-07-03,259.07232666015625,260.5863266877943,257.9739481021578,259.81448412857617,386700
2025-07-07,261.3185729980469,261.6451391877166,257.02395883756043,258.8051548395291,765600
2025-07-08,261.3977355957031,273.0248682072631,257.84527912798666,261.1800348835482,2346100
2025-07-09,262.95135498046875,264.9502215978265,259.65615884273336,261.77379602415675,700500
2025-07-10,262.22900390625,265.7418709357955,260.6556335066287,261.94202786149845,601200
2025-07-11,255.95529174804688,261.13061444540443,254.82719781080624,260.10148088487273,530800
2025-07-14,257.91461181640625,258.81506975511417,254.88658116471328,255.2329274018533,512300
2025-07-15,254.69857788085938,262.4269090445364,253.85745999191877,259.45827898836956,1339400
2025-07-16,256.6182556152344,256.6776559969595,250.85912135056313,256.1333890524593,1199700
2025-07-17,258.6864013671875,260.13112601006725,256.2916934920235,257.2812367101394,573400
2025-07-18,260.33892822265625,260.55662894409295,258.97335371532296,260.3785184079529,764800
2025-07-21,256.9250183105469,262.46643623067666,256.25210596442014,261.7242788093954,1418800
2025-07-22,235.91702270507812,245.12966844844993,233.73012535981107,242.2006136252627,2438400
2025-07-23,243.2891387939453,244.41721765608094,235.54101222800034,236.28316977149046,1837600
2025-07-24,243.40786743164062,246.435867647188,243.18027669039725,245.19893846768446,1670500
2025-07-25,243.68492126464844,245.05049581477562,241.12200780832947,244.2588581755826,968800
2025-07-28,238.43045043945312,244.46667049077385,237.87630861819724,242.9724504735672,976700
2025-07-29,244.62501525878906,244.7041654385131,238.6580550386681,239.25178708122965,1271200
2025-07-30,239.5585479736328,245.40675284467474,237.95549256503116,244.21930383462782,776000
2025-07-31,237.71798706054688,241.54752996876877,237.1737352157884,238.80649075006374,1169900
2025-08-01,237.4805145263672,238.98460955023893,234.65041993515155,237.7674754548379,1606200
2025-08-04,240.69651794433594,241.11212431880207,236.8570851051263,237.47059711992404,913000
2025-08-05,237.63880920410156,240.09288737433937,236.21387958493273,239.67728101467782,1033400
2025-08-06,238.06431579589844,238.96480377304943,235.4420171359871,238.73719795515524,1018700
2025-08-07,239.39031982421875,242.3589498048255,237.37165808106866,240.73609935272978,772200
2025-08-08,237.30238342285156,241.2902418326523,236.98573740902427,239.52885591414525,884200
2025-08-11,237.124267578125,238.93513364252993,230.80108644796542,237.41122849360153,1871800
2025-08-12,238.4700469970703,238.76689790979347,234.84831486952183,238.47993699441687,899100
2025-08-13,250.6513214111328,251.3637937964963,239.42990399050652,240.39965219866085,1691600
2025-08-14,245.4760284423828,250.0378088344804,244.93177657480317,248.32590305030573,1088400
2025-08-15,245.12966918945312,247.65300764185602,243.9917004262286,245.30777973706077,648600
2025-08-18,243.05160522460938,246.1884554763718,242.9130697752935,244.76352589736504,856000
2025-08-19,247.29678344726562,248.34569698758395,243.1703894692341,244.2687831971442,1011300
2025-08-20,245.75308227539062,249.5034447033342,245.6343268130333,247.6233184907709,1198800
2025-08-21,242.88339233398438,245.56506123639113,242.66569160688573,243.7344001492158,667900
2025-08-22,252.33352661132812,254.5204087197233,243.89272396830734,244.65467649213423,892800
2025-08-25,248.13787841796875,251.40337440606058,247.9498778698193,250.681012007537,836500
2025-08-26,245.0109405517578,249.22638980513477,244.69427943076613,247.6925945862021,749800
2025-08-27,243.40786743164062,246.7129536746913,243.2891270621629,244.3380405905046,689100
2025-08-28,241.30014038085938,244.26877028868591,240.42933744280919,243.77399863738148,735200
2025-08-29,243.72451782226562,243.8630532803034,240.64703755513952,240.64703755513952,694100
2025-09-02,232.0538787841797,241.2257729428338,231.76633416503046,239.6888579226918,1558100
2025-09-03,235.4846954345703,236.05979986582327,232.1530658834843,232.42077517307388,745600
2025-09-04,238.56842041015625,239.2823420625216,234.98890203341634,237.48761268674855,781800
2025-09-05,247.56182861328125,252.23206485879433,242.3759940498785,242.3759940498785,1381900
2025-09-08,250.833984375,250.94305616709005,244.98380858458205,246.6198703359852,902600
2025-09-09,249.882080078125,251.45866598260145,246.2629058905662,250.69516344910824,1080600
2025-09-10,243.47662353515625,252.54935654918808,241.95954378697317,251.16118394625803,1031700
2025-09-11,258.03265380859375,260.1545681193261,244.914355762261,245.22173573129282,1153200
2025-09-12,254.08628845214844,257.6360465042675,253.16414840423843,257.17001385749114,733400
2025-09-15,254.71096801757812,257.63604072651674,253.93755537217635,256.2082276010704,841500
2025-09-16,258.3796691894531,259.6191142855071,250.73478030976113,254.44319035398996,1092000
2025-09-17,260.1148986816406,269.54460688606474,257.3583739310373,258.61766954573744,1686200
2025-09-18,258.5185241699219,264.537277345016,257.9533298943268,261.1163964768277,1041100
2025-09-19,255.405029296875,260.0851757092468,254.57212573110036,259.52001168025595,1513700
2025-09-22,254.80018615722656,255.2166530563466,249.0689927963,253.4219237080753,787600
2025-09-23,255.405029296875,256.237963122543,252.4204657511559,254.6514671715894,778000
2025-09-24,255.2563018798828,255.62317282737897,252.55928297160898,252.99555498460188,739000
2025-09-25,249.6441192626953,254.58206511103424,245.20193640536507,253.7987423371003,1010400
2025-09-26,252.1230010986328,253.20379373354004,248.16668638422155,249.57469438317304,576200
2025-09-29,253.4318389892578,256.2181094185914,250.55633213541344,253.53100065867858,719800
2025-09-30,254.36390686035156,255.8809866126044,251.10169366974125,253.64998519694473,887100
2025-10-01,251.6966094970703,256.13879194284783,247.35360384822218,253.34259633733754,1148200
2025-10-02,230.38807678222656,235.9507073714859,222.11848701839213,232.62898822742082,5245500
2025-10-03,234.67160034179688,235.96062640748116,227.92901526201848,230.0509448913954,1443200
2025-10-06,235.32603454589844,240.21439934504335,230.46740009238363,233.68004762421987,1199700
2025-10-07,235.98046875,236.95218960306042,233.90810476456545,235.17729550773126,743500
2025-10-08,237.6561737060547,242.30657452780542,236.64479731411956,239.84751948180678,1340400
2025-10-09,231.28048706054688,236.6646300435689,230.7450533618278,235.64332835290415,1632900
2025-10-10,228.35537719726562,233.15450518131522,227.13576740746424,232.58932606114215,973800
2025-10-13,223.55625915527344,229.3568536305473,222.79275667341903,228.86107554907366,1657600
2025-10-14,226.40200805664062,226.92753158372037,219.7090043246428,221.87058937867712,1125600
2025-10-15,227.70095825195312,229.2973642906992,222.17799825315038,223.99253272972499,969800
2025-10-16,225.2815704345703,229.64442688589455,222.6440272549451,228.1372571932591,992400
2025-10-17,224.9940185546875,226.7688974764324,222.89190914491954,225.08325498054103,767800
2025-10-20,229.16847229003906,230.23935483989268,226.32271073595007,228.0579341479453,1264200
2025-10-21,227.98851013183594,234.49313152235533,217.70607716461643,233.43215912445345,2100200
2025-10-22,228.6925048828125,233.6007046931295,226.1442135000193,226.3821772877052,1359300
2025-10-23,229.35684204101562,233.39248268266215,228.60326484203506,230.53679623609057,1078800
2025-10-24,231.8258514404297,234.26507131282386,230.67564257331094,233.7494729626927,722900
2025-10-27,227.08619689941406,236.92243222999662,226.7788169093875,236.92243222999662,1527800
2025-10-28,222.26724243164062,226.66975440040684,222.08875444725842,225.68810831117213,984000
2025-10-29,212.69871520996094,220.33371006090888,209.90253459097323,220.19489279797966,1552800
2025-10-30,209.71412658691406,213.71009667744158,209.02995041981075,212.69870516389992,1224300
2025-10-31,209.31752014160156,211.88564707172233,207.06668332831714,208.80190668055226,1675500
2025-11-03,208.06814575195312,208.7622320538717,203.77470566515768,207.56245754554385,1190200
2025-11-04,206.69981384277344,209.25801554587588,205.5595151252416,208.44494732262905,3015300
2025-11-05,205.579345703125,208.7027416346785,204.84558867926046,206.0255429604974,1779700
2025-11-06,202.46585083007812,207.27488903544977,201.10742375863512,206.07511457773694,1433800
2025-11-07,205.83714294433594,205.9363046139144,200.29434755169163,200.63147302034395,1496200
2025-11-10,207.0567626953125,208.20695633160852,202.37661645262358,206.67004127170947,1158800
2025-11-11,210.8544158935547,211.29070303410177,206.8287002184192,208.0284898549237,1119100
2025-11-12,206.5907440185547,210.94367520924482,206.23378317496963,209.46625099802804,831100
2025-11-13,205.25213623046875,208.3656221362065,202.46586569083703,204.27049013215077,1144000
2025-11-14,205.40086364746094,209.069633742671,202.6344284679906,204.95466637721697,1853500
2025-11-17,203.1302032470703,206.16436279095777,201.40489001645238,206.114781955088,1179700
2025-11-18,202.79307556152344,206.3527586409623,202.02957306129935,203.26901829480423,1117100
2025-11-19,204.5183868408203,205.68843108432333,199.85807548810467,203.2095404573525,1333200
2025-11-20,204.9050750732422,207.7211060754886,203.03103452999258,206.61055288434142,1365100
2025-11-21,211.92530822753906,214.1761450999282,205.25213905409785,205.54960894828164,1614500
2025-11-24,208.33738708496094,213.41612098421533,207.33357246123322,212.83966802743095,1477400
2025-11-25,213.56521606445312,214.77775244930874,208.57592775129768,208.57592775129768,1041600
2025-11-26,211.39854431152344,214.54914613568943,211.3786624396902,212.10420669006805,1542400
2025-11-28,211.070556640625,213.28692275175692,210.01704493994137,211.43830301636459,740900
2025-12-01,207.66156005859375,212.18372298076736,207.65161153977868,209.00329070665074,1719600
2025-12-02,207.39321899414062,209.43067878990698,206.42915287368666,208.33740324132233,1723000
2025-12-03,208.4665985107422,211.31903293182688,208.37715283523096,209.2617065679444,1454900
2025-12-04,209.98724365234375,212.968887606323,208.63556445325614,209.97731029871696,2754100
2025-12-05,210.2158203125,211.72652407739255,208.80451073999922,210.32514785796113,2491100
2025-12-08,209.0032958984375,209.7586554067451,207.4429101136383,209.7586554067451,1410500
2025-12-09,207.74107360839844,210.87179363777213,207.41309095949046,209.5797449144627,964700
2025-12-10,213.86337280273438,214.18142210103562,207.15467396662305,207.15467396662305,2006100
2025-12-11,219.25021362304688,222.0430175575709,214.95663926909316,216.39776407353077,1964000
2025-12-12,219.47882080078125,222.5200953116932,216.38784918917986,220.35344124355234,1546900
2025-12-15,215.69212341308594,221.09884009753574,214.05221017308273,219.9260522805554,2008800
2025-12-16,217.19288635253906,218.25634665759372,214.41996410797628,217.570566111781,1592500
2025-12-17,216.80526733398438,222.0132108333685,215.66230989904648,216.28844480890345,1330100
2025-12-18,218.06748962402344,221.20815802700162,217.1531206900091,218.88246436644786,1228800
2025-12-19,217.8190155029297,218.97192137735198,216.0101443724991,218.27619237923304,3593100
2025-12-22,219.111083984375,220.64165455489652,217.99792658584295,218.79303468038714,791300
2025-12-23,218.64395141601562,219.88630303402363,216.03997211218186,218.32590212240157,794800
2025-12-24,219.21044921875,220.20433048301015,217.34194758900506,218.08735853720017,284800
2025-12-26,220.70127868652344,220.80067288252908,218.66381899180809,219.42911183786143,594400
2025-12-29,220.77085876464844,222.8182518230682,220.0751297199678,221.6454639991017,692000
2025-12-30,219.41917419433594,220.8901142408243,219.33966187217106,219.4688712913671,511000
2025-12-31,215.65235900878906,218.99180076453115,215.55297997860583,218.83277611772795,695200
2026-01-02,212.7204132080078,216.81519930688,209.0331220814205,215.20511645546426,1664500
2026-01-05,219.43905639648438,222.22192720706835,212.60116302711975,213.55528062962372,1080400
2026-01-06,210.95130920410156,212.3825007248165,206.30988528080465,211.79611438840357,2430400
2026-01-07,212.19366455078125,213.38631911704476,209.8779192255282,212.39243778425424,1769100
2026-01-08,216.69593811035156,217.9382897323966,210.474246646703,210.474246646703,1512700
2026-01-09,225.57130432128906,227.27083283507926,215.71198857585108,219.87635360871323,1510700
2026-01-12,220.29379272460938,225.38247549281186,219.03157434317768,225.38247549281186,1108600
2026-01-13,216.22882080078125,220.98952088773163,214.2708733577362,220.14471568687134,1792400
2026-01-14,218.42530822753906,219.4987019038752,215.92072298275474,216.08968099216517,1526900
2026-01-15,217.8687286376953,220.2441043619762,216.45740383192233,219.59807241122164,784500
2026-01-16,218.2265167236328,218.5544841956417,215.19517583107302,215.95052013322538,786000
2026-01-20,207.07516479492188,217.07360775751684,206.71736693780167,215.67223155334395,2623500
2026-01-21,210.7127685546875,212.92913476859925,207.37332678639015,208.06905582741362,2184900
2026-01-22,212.7700958251953,214.8473039589949,211.59730808619318,212.1141305728089,2679700
2026-01-23,208.4566650390625,212.223468415891,207.94977588060385,211.6967125509466,2922700
2026-01-26,213.17759704589844,213.87331089523437,208.4268458334588,209.0231654905648,1386500
2026-01-27,206.7571258544922,213.72422831564654,205.90238732892962,211.66690190839168,1375200
2026-01-28,204.0736541748047,207.2838866065477,202.75179019339862,206.1707443760691,1555800
2026-01-29,202.75177001953125,204.60038970573805,199.0346487762872,204.2624737287406,1686800
2026-01-30,200.16769409179688,202.5729002595277,198.4085350542022,201.1218268427949,1520500
2026-02-02,197.95132446289062,202.32441101178142,197.75255124826472,199.79001082038465,2021400
2026-02-03,173.9789276123047,190.4077845727039,172.76639119206322,190.03010481922448,4812200
2026-02-04,179.93226623535156,183.19221089423027,165.00417983298053,172.43840780800963,5005100
2026-02-05,189.8412628173828,190.70594986617337,179.6142308504669,181.70138765943352,4496400
2026-02-06,194.4230499267578,194.9597543072447,189.46359207639472,189.46359207639472,3108800
2026-02-09,198.36875915527344,199.75025351476205,190.9146496259267,193.32978899945587,2077200
2026-02-10,201.4696807861328,202.63252006298458,190.2885163947602,194.6118908601694,2544000
2026-02-11,196.39096069335938,199.77015121490382,191.23271406387954,198.64706043722705,2827400
2026-02-12,187.02857971191406,196.14248477132833,184.47431260288965,196.14248477132833,2992000
2026-02-13,191.6203155517578,194.67152322295846,187.72430271873952,189.83132619847774,1313900
2026-02-17,191.5209197998047,196.86800594407921,190.2090043950139,194.1447657748111,1753400
2026-02-18,191.41159057617188,194.54232568290374,190.88483471513194,192.53468126671066,1055800
2026-02-19,194.1050262451172,194.93988292030554,190.42766836737528,190.77551773265765,1484600
2026-02-20,196.25180053710938,198.57747904894458,193.98573730906216,195.35729830264808,1329900
2026-02-23,187.2770538330078,195.12872552732802,187.11804434414776,194.52245730261106,1266300
2026-02-24,193.1310272216797,196.63942710146864,186.0744637162847,186.92920226624443,1525000
2026-02-25,196.9077606201172,197.28544037149746,193.32979699726965,195.13865309853375,1937900
2026-02-26,206.5782470703125,207.09505445922667,198.71664186052237,198.7762723157489,1481300
2026-02-27,207.6814422607422,208.41690471382444,201.95667629057735,203.68603520496882,1258400
2026-03-02,206.7571258544922,209.5996269822537,201.75790412319577,203.04000432882705,988800
2026-03-03,205.16690063476562,207.47271243076517,199.25331018778797,202.28465105519064,1456200
2026-03-04,205.3060760498047,206.15086609105774,202.53313861361485,203.98421204539324,969100
2026-03-05,205.61416625976562,209.8282132261914,202.72196806431214,202.72196806431214,1360200
2026-03-06,206.558349609375,207.51246715185204,200.88328079022716,203.56677239632793,1283300
2026-03-09,203.90748596191406,204.64495069608628,194.3902722020602,204.17656319290109,1653600
2026-03-10,195.26724243164062,204.5452741130761,194.85864651712893,202.99063280619038,1169200
2026-03-11,190.89231872558594,197.54937573751016,188.25140834064854,196.12429292210177,916600
2026-03-12,181.8335418701172,193.31397773322513,181.56446464017588,189.9954092519458,1997500
2026-03-13,183.64727783203125,186.00913562793866,182.45140104447302,184.5641172093725,1172400
2026-03-16,184.544189453125,189.21808908221647,183.7768441456615,185.4710042671354,1241100
2026-03-17,186.67684936523438,191.4503963445927,185.600555689989,186.577186629853,818900
2026-03-18,183.15895080566406,186.82632344223117,182.48129288302772,183.87647990398375,1302800
2026-03-19,180.8768310546875,185.17203050511105,179.43181258065437,181.66411194807694,1824200
2026-03-20,177.40878295898438,181.1160117722182,176.28265788210453,180.71737602507545,2865500
2026-03-23,179.03317260742188,184.03594088983752,178.71427922234284,181.88335351655923,1589700
2026-03-24,168.91802978515625,177.58815570630045,165.4998138266283,176.1630728425826,2334100
2026-03-25,171.9575653076172,175.24623804161746,167.19397830255224,172.4060172244356,1865200
2026-03-26,173.91082763671875,176.611529747458,170.1238868144913,170.1238868144913,1771800
2026-03-27,171.2599639892578,174.64828410328136,170.28331784281232,171.86787017984187,2481300
2026-03-30,176.7908935546875,178.58471632171148,172.2365924916526,173.4823006345306,1677700
2026-03-31,179.4517364501953,180.3685758028532,176.27268689109798,179.9699400801337,1752500
2026-04-01,179.04315185546875,179.70088943473797,176.06341236616046,178.55482876666605,4244600
2026-04-02,181.76376342773438,184.48438571645454,176.77097073426359,178.415299377618,1158200
2026-04-06,181.4448699951172,184.23524403063,180.02973218316683,181.03627408048925,936900
2026-04-07,181.2156524658203,184.4644690552407,180.85688791012967,182.71050224679828,1117700
2026-04-08,183.7469482421875,188.53045559222974,182.62082315694556,187.5239288352182,1013900
2026-04-09,181.27545166015625,183.17889744431864,177.8273398690338,181.84350189992784,1018000
2026-04-10,177.35894775390625,182.01291165555094,172.93418989791215,181.0362807073716,2510700
2026-04-13,185.8297576904297,186.02906795045743,175.13660333308127,176.97028205557342,1697800
2026-04-14,185.78988647460938,189.32770061333343,185.00260562542988,186.1785620102173,1035100
2026-04-15,186.20846557617188,190.78270238195157,185.1321718795651,186.79643618995559,1376000
2026-04-16,189.72634887695312,191.42050900837285,185.82976993020839,188.63011956499966,1023200
2026-04-17,195.54627990722656,196.60263796453086,191.4503909826989,192.85555339767072,1323200
2026-04-20,197.7686309814453,199.4029995331655,194.41020653705417,195.38683750900432,2246500
2026-04-21,191.7593231201172,198.28683670286333,185.5208223364692,189.8459172747146,2940200
2026-04-22,178.0465850830078,194.1012729569821,175.51529750752843,193.00504365950692,3081100
2026-04-23,174.32937622070312,178.3256177478836,172.52559323001,177.8871260405861,3240700
2026-04-24,171.87783813476562,174.7878107043927,170.27336534329874,173.92080265156247,1939700
2026-04-27,169.98435974121094,176.35241923792816,169.06750515510845,171.50910531039685,1821200
2026-04-28,171.12045288085938,174.67818763789884,170.20359825238847,172.3561856988522,1160400
2026-04-29,171.96751403808594,172.595355803628,169.47609777024996,170.7417414921021,1522700
2026-04-30,173.34278869628906,174.06031783110353,168.9080705758376,171.28986402972492,1194600
2026-05-01,173.2530975341797,178.18609882241117,173.16339498950754,175.93384872977165,1096700
2026-05-04,171.64862060546875,176.20292163421595,170.77163721343769,171.1204415733768,4100800
2026-05-05,169.43624877929688,172.58538751468154,167.01458415989296,171.20016062096775,1622100
2026-05-06,172.60531616210938,173.3328054552329,169.79500651658677,170.67197470336643,1276200
2026-05-07,175.0170135498047,177.68781982494033,173.29295766718283,173.29295766718283,1814500
2026-05-08,175.22630310058594,176.1431425268773,173.3527530693301,174.79777156504588,1402800
2026-05-11,167.24380493164062,174.63832687301306,167.21389394539474,173.2630601744488,1436600
2026-05-12,166.1874237060547,171.27987911829015,165.59945312186264,168.868190018277,1286900
2026-05-13,159.39085388183594,165.24069457039968,157.048916444364,163.84550750535163,1948900
2026-05-14,157.17848205566406,161.94206908675008,157.16852186417782,160.19807757350816,1387100
2026-05-15,157.82623291015625,160.16817028509462,155.9327626286643,158.2547644156633,1414100
2026-05-18,163.66612243652344,166.9049637673188,158.00563165592797,158.17504614692476,1389500
2026-05-19,160.27780151367188,166.0578905973296,159.56027237465787,164.44344243134864,1463800
2026-05-20,164.29396057128906,165.04138547710173,156.19186972623228,159.26129649753744,1573700
2026-05-21,162.54000854492188,164.044818544059,157.26816303960294,161.5932581680357,1990500
2026-05-22,164.0399932861328,167.0399932861328,161.94000244140625,163.0500030517578,1054800
2026-05-26,162.80999755859375,166.00999450683594,162.57000732421875,163.2899932861328,1061200
2026-05-27,163.69000244140625,164.75,161.6999969482422,162.97999572753906,1010000
2026-05-28,163.83999633789062,165.77999877929688,161.25,162.69000244140625,1665500
2026-05-29,165.7899932861328,168.30999755859375,161.50999450683594,163.2100067138672,1732600
2026-06-01,173.58999633789062,173.69000244140625,162.99000549316406,164.88999938964844,1616500
2026-06-02,176.11000061035156,179.6199951171875,169.49000549316406,171.64999389648438,1986400
2026-06-03,170.16000366210938,174.3000030517578,165.10000610351562,173.75,1611600
2026-06-04,170.99000549316406,178.33999633789062,170.55999755859375,174.8300018310547,1186300
2026-06-05,172.1300048828125,174.0,168.91000366210938,171.7899932861328,1242600
2026-06-08,167.88999938964844,171.72000122070312,167.0,171.13999938964844,1269800
2026-06-09,168.3699951171875,172.0,167.02000427246094,167.36000061035156,1899600
2026-06-10,166.05999755859375,169.6699981689453,164.75999450683594,168.4600067138672,1829300
2026-06-11,159.5800018310547,164.25999450683594,153.91000366210938,164.22999572753906,2530000
2026-06-12,163.7100067138672,164.17999267578125,157.50999450683594,160.8699951171875,2416200
2026-06-15,165.1300048828125,168.30999755859375,164.1699981689453,165.6699981689453,1645500
2026-06-16,167.1300048828125,167.91000366210938,162.5500030517578,167.25999450683594,1856100
2026-06-17,154.83999633789062,167.1300048828125,153.83999633789062,164.00999450683594,2027300
2026-06-18,153.92999267578125,156.42999267578125,152.9499969482422,154.24000549316406,4758800
2026-06-22,153.49000549316406,155.07000732421875,150.75,153.0,1686600
2026-06-23,152.52999877929688,158.6199951171875,152.4499969482422,153.8300018310547,1868100
2026-06-24,157.61000061035156,158.80999755859375,152.6199951171875,153.74000549316406,2035800
2026-06-25,151.92999267578125,161.1999969482422,151.5500030517578,157.83999633789062,1803800
2026-06-26,158.47999572753906,159.8800048828125,151.83999633789062,152.0,2182600
2026-06-29,158.57000732421875,160.35000610351562,157.75,159.24000549316406,1207700
2026-06-30,158.72000122070312,159.02000427246094,154.08999633789062,156.4499969482422,1512700
2026-07-01,162.1699981689453,163.8699951171875,157.41000366210938,157.41000366210938,1694900
2026-07-02,172.07000732421875,172.22999572753906,163.69000244140625,164.24000549316406,2195600
2026-07-06,171.94000244140625,173.14999389648438,168.0399932861328,172.49000549316406,1670500
2026-07-07,174.5800018310547,178.83999633789062,174.5,175.80999755859375,1564800
2026-07-08,167.08999633789062,173.92999267578125,166.49000549316406,173.11000061035156,1631500
2026-07-09,166.66000366210938,167.94000244140625,164.4600067138672,165.41000366210938,1209900
2026-07-10,166.44000244140625,170.35000610351562,164.7899932861328,169.1300048828125,965200
2026-07-13,172.61000061035156,173.85000610351562,167.89999389648438,167.89999389648438,1322600
2026-07-14,166.92999267578125,170.55999755859375,166.89999389648438,168.44000244140625,1124600
2026-07-15,171.61000061035156,176.58999633789062,169.49000549316406,169.49000549316406,975700
2026-07-16,179.6199951171875,179.66000366210938,173.47000122070312,173.83999633789062,1468600
2026-07-17,177.0800018310547,182.33999633789062,175.66000366210938,179.50999450683594,1169700
2026-07-20,180.0800018310547,181.1999969482422,173.8000030517578,177.02000427246094,3035700
2026-07-21,173.0,174.55999755859375,155.0,158.94000244140625,6338000
2026-07-22,170.4499969482422,174.36000061035156,167.52999877929688,173.72000122070312,2302100
2026-07-23,166.72000122070312,168.89999389648438,163.14999389648438,168.44000244140625,2305700
