Date,Close,High,Low,Open,Volume
2018-06-01,40.80252456665039,42.0544528199465,40.758076356295405,41.92851763687894,4459800
2018-06-04,40.00248336791992,41.09884738778729,39.61727392971618,40.92106015530994,51172100
2018-06-05,40.18767547607422,40.550662175372935,39.417256687354715,40.372872137254284,2904800
2018-06-06,38.73574447631836,40.14323777441213,38.602402619273605,40.03952806912788,3643000
2018-06-07,38.46905517578125,38.935751607664585,38.328306714174516,38.706106703685805,2928600
2018-06-08,38.01717758178711,38.8987128386597,37.97272935736933,38.71351614240163,1830800
2018-06-11,38.202362060546875,38.34311048737442,37.69862698175426,38.1208750881133,2490700
2018-06-12,38.70610427856445,38.861668804153005,38.12829156873445,38.394975227387356,2956100
2018-06-13,38.65424728393555,39.35058571151054,38.2764445132592,38.817221249786265,2089000
2018-06-14,38.48387145996094,39.07650028296315,38.246819930760054,38.85426482757197,2494400
2018-06-15,39.098716735839844,39.38021644150831,38.26162989337109,38.565352293266095,5928800
2018-06-18,39.2098388671875,39.42466768078288,38.713510326324965,39.098719735775575,1874800
2018-06-19,39.98025894165039,40.00248163827991,39.328365857040275,39.439484991941846,2585700
2018-06-20,40.150634765625,40.343238040544016,39.48392568729639,39.7950575324753,1356000
2018-06-21,40.12841033935547,40.57288401231303,39.93580705918757,40.29138430202758,1951200
2018-06-22,40.32842254638672,40.409909526668194,39.97284530814847,40.04692566562104,2309400
2018-06-25,40.676597595214844,40.809939427321886,40.02470450778899,40.26916547527756,2031600
2018-06-26,40.898826599121094,41.37292956044747,40.42472363779472,40.42472363779472,2018100
2018-06-27,41.084022521972656,41.34329951717516,40.750668000070306,40.81733890445078,1506700
2018-06-28,41.269222259521484,41.698879859056376,40.96549985587247,41.01735469362645,1226500
2018-06-29,41.59516906738281,41.6692465976502,40.79511817628714,41.14328878547248,2189700
2018-07-02,42.0840950012207,42.14335646995705,41.565543726861456,41.58776642440294,1952100
2018-07-03,41.8914909362793,42.27670039263932,41.67666209652283,42.08409707739793,849500
2018-07-05,41.898895263671875,42.032237090950375,41.454421564117915,41.891485814447016,1523900
2018-07-06,42.04704666137695,42.291507598639384,41.78777247871375,41.81740462126859,1242400
2018-07-09,40.5728759765625,42.03222625104172,40.44694080511004,42.002594113538066,1308700
2018-07-10,40.743263244628906,40.772895387017215,40.12840900651645,40.276566892581336,1776400
2018-07-11,41.46183395385742,41.587766340842315,40.6914150806932,40.87661176217246,1061900
2018-07-12,41.298858642578125,41.53591016118285,41.002542831383714,41.26922649628328,1423300
2018-07-13,41.41738510131836,41.53591086262234,41.15070143191516,41.335898110569936,888700
2018-07-16,41.48405075073242,41.55072165961688,41.15069620631013,41.30626071841497,740500
2018-07-17,41.50627136230469,41.78036443278511,41.3729295512268,41.66183869247993,1213400
2018-07-18,41.15069580078125,41.50627303603535,40.876605545124754,41.35811797408697,680400
2018-07-19,41.59516906738281,41.913707534110536,41.22477576429259,41.22477576429259,874500
2018-07-20,41.269222259521484,41.60257680642326,41.15810596113871,41.31367047440063,817300
2018-07-23,40.780303955078125,41.33589393491809,40.69141034954922,41.328487311906,1459900
2018-07-24,40.73586654663086,40.972918091737945,40.27657670534322,40.676602247415424,1560800
2018-07-25,40.77288818359375,41.13587197315322,40.62473032370419,40.70621728793726,1937700
2018-07-26,41.098838806152344,41.39515456624526,40.82474856488614,40.9729064449326,951600
2018-07-27,40.987728118896484,41.28404109362138,40.66918962230646,41.06180565610848,1013200
2018-07-30,41.0469856262207,41.40256285713613,40.60992141670195,40.96549864761738,951400
2018-07-31,41.55072784423828,41.654437534411514,40.78030896598407,41.121070183946735,1155700
2018-08-01,41.1877326965332,41.51368060012708,40.698813667018925,41.34330002591962,914600
2018-08-02,41.35070037841797,41.572935753431686,41.02475535012293,41.14328107185532,1081300
2018-08-03,41.617401123046875,41.95816236033311,41.069217667774744,41.40257228071879,1089800
2018-08-06,41.59516906738281,42.15075902201815,41.447011180971394,41.60998231273498,1159100
2018-08-07,41.94334411621094,42.054463256736966,41.417386212925614,41.59517627259183,1412100
2018-08-08,41.758148193359375,41.94334488035869,41.56554488226605,41.78778034148979,1111500
2018-08-09,42.239646911621094,42.46188229824793,41.121057705059904,41.18772860363558,1610100
2018-08-10,42.72857666015625,42.95822155220439,42.31373509493679,42.31373509493679,1507500
2018-08-13,42.67672348022461,42.8248813897086,42.23224975177264,42.55819771781284,1977300
2018-08-14,42.550785064697266,42.93599447000456,42.47670752847069,42.69894296302728,1033200
2018-08-15,42.73596954345703,43.128588285943884,42.41743114194697,42.5655889980245,1423600
2018-08-16,42.72857666015625,42.876734563868695,42.4470769256903,42.64708967182055,1828500
2018-08-17,42.86932373046875,43.128600760064344,42.4989303960838,42.647088295013155,3784600
2018-08-20,42.8545036315918,43.14341277900417,42.698939123976636,42.86931970268038,1413400
2018-08-21,42.52857208251953,42.72858486706639,42.46190115433724,42.70636216629813,1729300
2018-08-22,42.217437744140625,42.69154080771326,42.084095904276175,42.61746043785681,1304400
2018-08-23,42.180397033691406,42.52856771464885,42.091503413870626,42.158174335205516,996000
2018-08-24,42.558189392089844,42.61004422638324,41.93592855469259,42.20261217441663,1137900
2018-08-27,42.19520950317383,42.78783829447855,42.002606205703664,42.54338015438653,2003800
2018-08-28,42.493934631347656,42.77772334863777,42.02343861222204,42.150396272764894,1428900
2018-08-29,42.65076446533203,42.80012859318797,42.35950598289903,42.434186622385106,1266100
2018-08-30,42.82999801635742,43.0241722321427,42.65823027093734,42.777721000311466,994100
2018-08-31,42.605953216552734,43.04657581488905,42.5163358818237,42.91214838835366,1422200
2018-09-04,42.949501037597656,43.07646157639003,42.591028746882834,42.7702663166825,1135300
2018-09-05,43.70377731323242,43.778457952509,43.039109937466066,43.039109937466066,1872000
2018-09-06,44.02492141723633,44.27136987440264,43.62163901581738,43.62163901581738,1559600
2018-09-07,43.53947448730469,43.95769345513205,43.524537790359034,43.63656159300961,1598400
2018-09-10,43.67390441894531,44.047313317379064,43.53947698759846,43.6365640988787,1660000
2018-09-11,43.62163543701172,43.87555364867859,43.569358409511274,43.569358409511274,1194800
2018-09-12,43.42746353149414,43.763529319048324,43.30797277730316,43.576824837569646,1221600
2018-09-13,43.39011001586914,43.561880604913355,43.1660652612633,43.49466689364324,1289100
2018-09-14,43.13619613647461,43.367710686845925,42.77772392385328,43.367710686845925,1268800
2018-09-17,43.09138488769531,43.412516749171076,42.927084070507625,43.25568285599936,1355100
2018-09-18,42.92708969116211,43.173540949212715,42.13546174428673,42.91962276616846,1420600
2018-09-19,41.75458526611328,42.942025744123534,41.60522112853084,42.942025744123534,3316000
2018-09-20,41.6500358581543,41.86661373929954,41.343840624043,41.664972558462686,2740600
2018-09-21,41.72470474243164,41.94128256249148,41.27661525509992,41.530533390956826,7317000
2018-09-24,41.5604133605957,41.806861762966605,41.30649518455312,41.78445813971941,2633500
2018-09-25,41.08991241455078,41.52306522251985,41.022698703966185,41.49319467805838,2801200
2018-09-26,40.49992752075195,41.38863964574418,40.47005412607565,41.17953158077747,1548300
2018-09-27,40.55967712402344,40.90321263998335,40.492463405780505,40.5298037272746,2383100
2018-09-28,41.01524353027344,41.037650007699455,40.58209056812664,40.7015813351552,2879400
2018-10-01,41.17206573486328,41.336363712118555,40.940551193384024,41.04510522860569,1159300
2018-10-02,41.40357971191406,41.54547692373023,41.157131307991385,41.17953493137964,1495600
2018-10-03,40.99284744262695,41.54549412234978,40.522351214514224,41.33638310491905,1927100
2018-10-04,41.261688232421875,41.44092577870522,40.522337271218774,40.880812363785466,1303800
2018-10-05,41.61269760131836,41.72471858587591,41.13473456321682,41.14220148930022,1660600
2018-10-08,41.911415100097656,42.13545987546228,41.627626380781614,41.642560230106554,2176100
2018-10-09,42.105587005615234,42.381908785028415,41.82179545306769,42.03090351869024,1290900
2018-10-10,41.90394592285156,42.54620966688622,41.8666056037787,41.9636898635914,1870100
2018-10-11,41.4782600402832,42.23254474194391,41.239278579427314,42.045840297595014,2516900
2018-10-12,41.53800964355469,41.71724718807229,40.99283293360297,41.418518896837654,1758300
2018-10-15,41.620155334472656,41.911413818428244,41.55294161903031,41.55294161903031,1239500
2018-10-16,41.92634963989258,42.15039440372314,41.35876938159625,41.500663733949395,1639900
2018-10-17,41.82926940917969,42.04584728434521,41.7023117333901,41.851675883465774,1169600
2018-10-18,42.015968322753906,42.038374794073974,41.69483928859385,41.87407396585138,1178500
2018-10-19,42.583553314208984,42.70304405391155,41.91141612282958,42.00103631426947,1519000
2018-10-22,42.42672348022461,42.62089486952857,42.202675844025535,42.58355454645674,1479400
2018-10-23,42.14292907714844,42.74785252641989,41.90394760681786,42.456591188625886,1596200
2018-10-24,42.800132751464844,43.08392148819066,42.12799553525305,42.292296376745725,1493400
2018-10-25,42.38191604614258,42.59102414759073,42.202678495698294,42.59102414759073,1185700
2018-10-26,41.911415100097656,42.74785310648863,41.50813564399488,42.51633855757765,1783300
2018-10-29,42.24748992919922,42.605962192519826,41.97116809372206,41.97116809372206,1290400
2018-10-30,42.03091049194336,42.523810191889325,41.717248341470565,42.396852516379155,1448700
2018-10-31,41.814334869384766,42.12053008999823,41.38117912618885,41.88154859336744,2117200
2018-11-01,41.90394592285156,41.9860963341421,41.597750748240124,41.76951849508227,1778100
2018-11-02,41.69484329223633,42.26989054846522,41.44092510100311,41.97863203329149,983300
2018-11-05,42.07571029663086,42.38937237035818,41.50813008512659,41.545470401206,1330900
2018-11-06,42.583553314208984,42.67317065676492,41.97862984196752,42.0906536568254,1085400
2018-11-07,42.70303726196289,42.91214531096261,42.374438492265696,42.70303726196289,1299500
2018-11-08,42.673160552978516,43.32289111821832,41.978619902628516,43.32289111821832,1772200
2018-11-09,43.57682418823242,43.69631494064287,42.59102476862512,42.73292199572046,1391500
2018-11-12,44.293766021728516,44.65223823420644,43.419987689095386,43.46479778398659,1353500
2018-11-13,44.607421875,44.70450897585484,43.808327146070795,44.241482789205094,1456900
2018-11-14,44.76426315307617,44.99577772380942,44.248959836277315,44.40579090892686,1822200
2018-11-15,44.876285552978516,44.97337267296715,44.12200076399436,44.57755726788305,1887700
2018-11-16,44.898685455322266,45.63056655936355,44.697044306930714,45.35424477033091,2070500
2018-11-19,44.697044372558594,44.943495615026954,44.20414473650569,44.84640850294392,1640700
2018-11-20,44.58502197265625,45.301966356709144,44.43565784709096,44.950961088963275,1745300
2018-11-21,43.80086135864258,44.652233121913476,43.65149724165669,44.45805891516675,853600
2018-11-23,43.860626220703125,43.912903259255465,43.27063924402966,43.800882254736855,539500
2018-11-26,44.458065032958984,44.46553480672215,43.74112059142963,43.74112059142963,1615800
2018-11-27,44.79413604736328,44.80160582152953,44.08465849242861,44.47300413143374,1537400
2018-11-28,44.511844635009766,45.0990116205061,44.2860113999439,44.78284566573896,1381000
2018-11-29,44.278480529785156,44.6021758755742,43.74400788780801,44.5946493456926,1656900
2018-11-30,44.692501068115234,44.828001556174186,44.02252802805977,44.40644703476839,2113100
2018-12-03,44.94845199584961,44.95598139707394,44.173090224004454,44.5645358105392,1294900
2018-12-04,45.19687271118164,45.88942833247225,45.06889872886688,45.12159305345963,2045400
2018-12-06,45.74639892578125,45.77651078731369,44.737674537445955,45.38506520226751,2016200
2018-12-07,45.400123596191406,45.85179005718219,45.10653723775953,45.78403980087104,1682700
2018-12-10,45.550682067871094,45.625961733882974,44.43656885552597,45.3925990766846,1917800
2018-12-11,45.641014099121094,45.91954166252721,45.35495713388958,45.5356254465688,1365500
2018-12-12,45.038787841796875,45.91953826288524,44.96350818724326,45.60337232863563,1495800
2018-12-13,45.339900970458984,45.746402518193484,44.94092882451146,45.00867908246721,1858900
2018-12-14,45.57325744628906,45.8216731107884,45.21945027239984,45.42270101878567,1573000
2018-12-17,43.924686431884766,45.874385618447945,43.86446555998138,45.71630259912216,2480500
2018-12-18,43.849388122558594,44.75272373116801,43.64613739524962,44.22577772017712,1881400
2018-12-19,43.721435546875,44.1655727033271,43.420322592656476,43.93973942347618,1911600
2018-12-20,43.668724060058594,44.60217161561344,42.991224442036945,43.63108567099489,2751700
2018-12-21,43.87198257446289,44.850598093132525,43.34503929102603,43.691317126320406,5400800
2018-12-24,42.087886810302734,44.28600366433268,42.02766596489603,43.9999467516824,1332000
2018-12-26,42.59225082397461,42.614833282279236,41.53835873817667,42.087887239380265,1573100
2018-12-27,42.70516586303711,42.795498567618054,41.79430367348154,42.59977722908852,1993900
2018-12-28,42.55461502075195,43.32245028943093,42.43417044164301,42.87078383567872,1638400
2018-12-31,42.73528289794922,42.74280942773221,42.163168999182936,42.622364849827505,1623500
2019-01-02,42.0653076171875,42.77291911748164,41.892168724720584,42.69011293594853,1619600
2019-01-03,41.907230377197266,42.539565226653366,41.8545360457114,41.967454111252934,1447800
2019-01-04,42.07283020019531,42.2534984767415,41.50071925577791,41.74160837675627,2342100
2019-01-07,42.118003845214844,42.30619867663079,41.69644638905803,41.816890966299226,1419100
2019-01-08,42.61484146118164,42.7578685106031,42.07283938484691,42.07283938484691,1485500
2019-01-09,42.20081329345703,42.6750622377239,41.84700606411866,42.47181145948433,1880900
2019-01-10,42.80303192138672,43.0213386099429,42.20833557875098,42.434168796873685,1334900
2019-01-11,42.50945281982422,42.87078658028378,42.40406416531003,42.72775665919269,2056800
2019-01-14,42.185752868652344,42.38900362524691,41.65128025221393,42.31372397190162,3078600
2019-01-15,42.41910171508789,42.78043821504717,42.09540646794166,42.09540646794166,2722900
2019-01-16,42.373958587646484,42.44923538871802,42.11048404064431,42.238458048416994,2222600
2019-01-17,42.607303619384766,42.7653894414184,42.193275613808346,42.39652635217311,1602600
2019-01-18,42.65247344970703,42.91594504633765,42.509446421768274,42.690111838993545,2314200
2019-01-22,42.76539993286133,43.09662184425466,42.396536753124494,42.71270560313115,1436000
2019-01-23,42.84819412231445,43.096612656619065,42.6750552370226,42.72774955551903,1982500
2019-01-24,43.0138053894043,43.55580736207264,42.64494516926882,42.863248966815874,1635500
2019-01-25,42.74280548095703,43.09661265221838,42.64494624468792,42.8180851299621,1929400
2019-01-28,42.69011306762695,43.02133779478107,42.516974174625986,42.83314297130718,1295600
2019-01-29,42.54709243774414,42.99123240283843,42.336315122657204,42.87078781255653,1494400
2019-01-30,42.682586669921875,42.99122606650651,42.35889134281785,42.35889134281785,1482600
2019-01-31,43.14931869506836,43.27729269733706,42.125538163421815,42.69012276205403,1966900
2019-02-01,43.074039459228516,43.39020543818708,42.637426015951704,43.14178972209472,1447200
2019-02-04,43.22459030151367,43.22459030151367,42.44170193453956,42.89336841054868,1411500
2019-02-05,43.239646911621094,43.375147430873646,42.94606341044906,43.375147430873646,1311800
2019-02-06,43.06650924682617,43.194483239444345,42.83314946816303,43.194483239444345,1505800
2019-02-07,43.390193939208984,43.53322382936927,43.0966105018008,43.14930481766253,1648800
2019-02-08,43.73646926879883,43.83433136638676,43.23210859589312,43.39772093463813,1006200
2019-02-11,43.71389389038086,43.887032785455645,43.578393386126656,43.578393386126656,926500
2019-02-12,43.88703155517578,44.376339237002064,43.69883673472338,44.27847712631179,1629000
2019-02-13,43.99995422363281,44.03006608726212,43.57087021760398,43.77412098966375,925600
2019-02-14,43.97736358642578,44.255893983968036,43.721421391319424,44.03006077723447,1096600
2019-02-15,44.24083709716797,44.406449451949214,44.052642283689266,44.33116980358276,1436500
2019-02-19,44.63227844238281,44.73013766858796,44.22577699443552,44.391389333589906,1020500
2019-02-20,44.70756530761719,44.82800988921172,44.31611969952863,44.549482332704116,1044100
2019-02-21,45.06889724731445,45.12159157017498,44.413980040601324,44.53442461737185,1259600
2019-02-22,41.771732330322266,42.97617828397676,41.07917375325168,42.9159545504812,8399700
2019-02-25,41.88463592529297,41.95238617090253,41.086691778807975,41.613634942854716,3055800
2019-02-26,41.99756622314453,42.17070515212553,41.734091692553335,41.98251028954283,2498800
2019-02-27,41.771732330322266,42.05778644954917,41.53836967046548,41.741620463574485,1511200
2019-02-28,42.087886810302734,42.39652618102741,41.79430336883595,41.79430336883595,2424700
2019-03-01,41.78040313720703,42.58518753997815,41.53744990169708,42.55481766148165,1949100
2019-03-04,41.96261978149414,42.395380416040446,41.552635107850996,42.19798199700729,1716700
2019-03-05,41.818363189697266,42.10686832089282,41.45393047282677,41.810769272637465,1574600
2019-03-06,41.63615036010742,42.00058021163417,41.55263464275589,41.94743437263429,2010800
2019-03-07,42.05372619628906,42.10687203547301,41.590595686630884,41.88669476100748,2970400
2019-03-08,42.33464050292969,42.50167193888789,41.9246587270257,42.17520298473197,2739400
2019-03-11,42.78258514404297,42.82813996092129,42.327048560183606,42.40297035874984,1883000
2019-03-12,43.071102142333984,43.26850349359735,42.6990811973271,42.8812947102439,1649100
2019-03-13,43.22294235229492,43.344418975235335,42.752220800429704,42.89647338509921,1283700
2019-03-14,43.367191314697266,43.8075458462199,43.10905315048112,43.184977843621695,2292200
2019-03-15,43.78477096557617,43.982172289433706,42.46371304352536,43.207757726472714,6149200
2019-03-18,43.17739486694336,43.71645018802491,42.99518134969657,43.625340533169876,1886300
2019-03-19,42.84333038330078,43.169799372135365,42.57000723951077,43.07869262294914,1979100
2019-03-20,42.89646911621094,43.427930374773,42.653515894507855,42.80536238213,1483500
2019-03-21,43.53422164916992,43.579776463909276,42.532038894750784,42.92683860046603,1189400
2019-03-22,44.03532028198242,44.36938028975419,43.701260274210654,44.36938028975419,1634900
2019-03-25,43.88347625732422,44.29346099206939,43.85310637410647,44.11124458899438,1288900
2019-03-26,44.376976013183594,44.43771288241639,43.89866049696282,44.012546109092526,1452400
2019-03-27,44.149208068847656,44.483268093109864,44.042913478361484,44.43771326861579,1199800
2019-03-28,43.99735641479492,44.29345549886755,43.701257330722285,44.18716381701903,1340700
2019-03-29,44.073272705078125,44.31622591784106,43.80754353369078,44.02012687080066,1702200
2019-04-01,43.60255432128906,44.18716143618807,43.52663252298258,44.02013000443665,1770000
2019-04-02,43.65570068359375,43.860693016960084,43.374786551009215,43.860693016960084,1612900
2019-04-03,43.519046783447266,44.035323218395945,43.38997912282585,43.70126318834801,1461800
2019-04-04,42.949607849121094,43.6253215662427,42.88887100185586,43.564584718977464,1892700
2019-04-05,43.519046783447266,43.587377573256106,42.76741099178153,42.95721841944703,1617100
2019-04-08,43.35960388183594,43.76199465197373,43.18498141750763,43.54941128604903,1359800
2019-04-09,43.48866653442383,43.54181236980436,43.14701556304346,43.31404409014052,1296700
2019-04-10,43.39756774902344,43.8834742736166,43.27609111787515,43.55700528436219,1035600
2019-04-11,43.587364196777344,43.65569496561623,43.276080226784785,43.36718695315976,1663900
2019-04-12,43.822731018066406,43.89106179414112,43.124238318610345,43.42793130032705,1184700
2019-04-15,43.875877380371094,44.10364567126823,43.74680684791645,43.875877380371094,1085400
2019-04-16,43.32923889160156,43.99736184077143,43.20776225504626,43.78477555462606,1461100
2019-04-17,43.131832122802734,43.549407799393336,42.858509019221714,43.30645457315041,1292800
2019-04-18,42.949607849121094,43.34440749315144,42.83572227818201,43.28366774965583,2316200
2019-04-22,42.8281364440918,43.222936135925416,42.767399589472404,43.1014595304559,1800800
2019-04-23,42.93443298339844,43.27608688011928,42.81295636414559,42.9572118406672,2309600
2019-04-24,43.336830139160156,43.655705204375,42.957215311296025,43.13183778456577,1760400
2019-04-25,43.42033386230469,43.84550342298884,43.07108898900915,43.07108898900915,1635200
2019-04-26,43.39756774902344,44.027729764264244,43.32164594064251,43.65570595224247,1370600
2019-04-29,43.25331115722656,43.43552463899354,43.04072490019033,43.35200891975406,1258300
2019-04-30,43.898651123046875,43.92142708211677,43.184976408625616,43.359598852700046,2161700
2019-05-01,43.60255432128906,43.799952734624505,43.42793186819938,43.686070037164775,1659900
2019-05-02,43.68606948852539,44.00494451288513,43.40515246661123,43.66329063233475,1560400
2019-05-03,43.73162078857422,43.83032144071884,43.55699834015273,43.65569899229735,1131200
2019-05-06,43.78477096557617,43.97457837131471,43.670888259871745,43.86828668749811,1669000
2019-05-07,43.73920822143555,44.035307237740724,43.488661117650885,43.80753898644677,1565600
2019-05-08,43.35960388183594,43.82273441151286,43.154611537738056,43.61774206741499,1660500
2019-05-09,43.23053741455078,44.399751829774154,43.010363006052195,44.1416136198707,2077400
2019-05-10,44.126426696777344,44.255497244048044,43.29127523554353,43.29127523554353,1920100
2019-05-13,44.3314208984375,44.40734560476999,43.906254127901136,44.08087660811877,1631000
2019-05-14,44.050498962402344,44.26308231020617,43.98975920804074,44.19475153466481,1322800
2019-05-15,44.194759368896484,44.43771263694849,44.0049519472164,44.10365261743484,1167900
2019-05-16,44.31622314453125,44.536400384891074,44.07326994697233,44.096048800402,1480700
2019-05-17,44.566768646240234,44.80972183500923,43.951791758039086,44.058083416096714,1201500
2019-05-20,44.551597595214844,44.86288164635676,44.39975108085093,44.70344410957876,1398600
2019-05-21,44.612327575683594,45.02231223230069,44.422520186090225,44.513629818381304,2021300
2019-05-22,44.78696060180664,44.832512529531435,44.57437431957575,44.73381185907536,1304700
2019-05-23,45.128604888916016,45.13619880655428,44.8400997357435,44.8400997357435,1118600
2019-05-24,45.105831146240234,45.439891132974566,45.06027632686373,45.15138596561674,852700
2019-05-28,44.62751388549805,45.1665690896402,44.55918310729586,45.1665690896402,2318400
2019-05-29,44.363441467285156,44.9375025719441,44.24097521508428,44.325171310939716,2146000
2019-05-30,44.363441467285156,44.9375025719441,44.24863099824883,44.52417787583148,1583200
2019-05-31,44.50121307373047,44.66960525298346,44.340476677075635,44.52417458187386,2057000
2019-06-03,45.174781799316406,45.174781799316406,44.47059866574063,44.753804243720126,1660200
2019-06-04,44.88393020629883,45.0676310708592,44.32517766800754,45.0676310708592,1565300
2019-06-05,45.89427947998047,46.146867813779345,44.960475230964335,45.121211668931096,1455300
2019-06-06,46.31525802612305,46.430071438255,45.725891075336364,45.88662751646001,1542600
2019-06-07,46.29228591918945,46.97350461173818,46.26932440994758,46.629067373981606,1426000
2019-06-10,45.802425384521484,46.292290428234125,45.7641552254488,46.146862655827555,1252400
2019-06-11,45.38144302368164,45.924886816923745,44.99873563354061,45.741185984932756,2271300
2019-06-12,46.215755462646484,46.215755462646484,45.64934711536294,45.657002899959735,893000
2019-06-13,46.05500793457031,46.46067977127549,45.848348504337054,46.23870877456474,1380900
2019-06-14,46.43772888183594,46.567850956403745,45.917249343044645,46.14687327012276,1189100
2019-06-17,46.1239013671875,46.69030968746386,45.97847358487217,46.621422228508976,1607400
2019-06-18,46.208091735839844,46.87400472964086,45.93254193424299,46.67499524189832,1212500
2019-06-19,46.61376953125,46.70561850357713,46.01674391155819,46.01674391155819,1309400
2019-06-20,46.92757797241211,47.034735567040364,46.322899637209254,46.636719558545785,1245300
2019-06-21,46.8740119934082,47.06536572752269,46.498957389820255,46.92759080537416,3288100
2019-06-24,46.82808303833008,47.08832421680362,46.69030812503079,46.965857951629374,1075700
2019-06-25,46.95054626464844,47.10362981616449,46.77450120234403,46.91992897038005,1420000
2019-06-26,45.65699768066406,46.9199304509145,45.6340332493252,46.75919403067233,1606400
2019-06-27,45.978477478027344,46.22341003731149,45.810085248584585,45.878972713372406,908400
2019-06-28,46.039710998535156,46.42241847842381,45.833048609016124,45.894280287488606,2765200
2019-07-01,46.047359466552734,46.491301502350176,45.572803054355454,46.01674217032682,2049200
2019-07-02,46.422420501708984,46.68266171616873,46.05501873555576,46.33822438529164,1091300
2019-07-03,46.96584701538086,47.36386301447354,46.42240327270303,46.506596438046806,1227800
2019-07-05,47.09598159790039,47.12659889708696,46.3458752867876,46.68265973818714,1051400
2019-07-08,46.91228485107422,47.35622402141161,46.76685413610434,47.20314044136111,1029600
2019-07-09,47.034732818603516,47.0730029687594,46.69029562754997,46.927575230236926,1220300
2019-07-10,47.21844482421875,47.54757346964474,47.05770839361336,47.14190450102366,846000
2019-07-11,47.11129379272461,47.49400130187725,46.79747375201251,47.11894957801054,1470600
2019-07-12,46.7974739074707,47.4174611254951,46.6443903193358,47.27968618815635,1877300
2019-07-15,46.67501449584961,46.820442320093704,46.09330027904621,46.491316498891486,1492700
2019-07-16,46.73624038696289,47.05771328156552,46.44538187292255,46.521922204068,1201800
2019-07-17,46.70561599731445,47.08066765075659,46.644381405831474,46.95054852359431,1035900
2019-07-18,47.0806770324707,47.111294334313264,46.49896289659503,46.652046485981245,1436500
2019-07-19,46.52956771850586,47.18782493243343,46.48364177806004,47.02708560078599,1989800
2019-07-22,46.368831634521484,46.72092175428462,46.1468606338694,46.567838204875386,1454700
2019-07-23,46.43772888183594,46.63673842650985,46.009098329910564,46.30760972709478,1250600
2019-07-24,46.483642578125,46.690304933949456,46.03970349214445,46.5066040888302,1139600
2019-07-25,46.368831634521484,46.61376414564591,46.10859047647355,46.47598924316019,1289300
2019-07-26,46.475990295410156,46.529569100942574,46.070318442317124,46.38413841178952,843100
2019-07-29,46.84339141845703,46.874008714531946,46.37648787270578,46.6596905618336,1970200
2019-07-30,46.55253219604492,47.195480804138356,46.399448637960575,46.82042623282301,1261800
2019-07-31,46.29994201660156,46.75918972351219,45.96315763969643,46.606106181266746,1807400
2019-08-01,46.361183166503906,46.690311827728095,46.10094196739237,46.2310640268613,1986000
2019-08-02,46.56019592285156,46.95055628872597,46.36884217255839,46.51426997164366,1542000
2019-08-05,46.23871612548828,47.00413106080166,46.06267104074536,46.636732242230394,1198100
2019-08-06,46.78215026855469,46.935233807644515,45.618719459227954,46.21574496969569,1271500
2019-08-07,46.697959899902344,47.073014470652126,45.96316232599675,46.85869924155283,1388900
2019-08-08,47.40215301513672,47.64708559101444,46.46834574471127,46.78982157544242,1589400
2019-08-09,47.784854888916016,48.106327761870624,47.35622147181692,47.555230991116105,1469000
2019-08-12,48.27471160888672,48.49668260351389,47.84607826614036,47.86138691264835,1437300
2019-08-13,48.78754806518555,48.93297584819132,47.93793704065043,48.2823743370601,1821800
2019-08-14,48.8028450012207,49.27740134642493,48.626799952513096,48.97889296975397,1689900
2019-08-15,49.22382736206055,49.346296541658845,48.09866951284772,48.366563543654124,1583200
2019-08-16,49.330989837646484,49.69073578861693,49.11667459187324,49.29272259498839,2498100
2019-08-19,49.80553436279297,50.04281105142573,48.932962070784576,49.193200266104284,1353700
2019-08-20,49.67543029785156,50.08875506224865,49.47642078025611,50.03517625054825,1875800
2019-08-21,49.85911560058594,49.88207710839764,49.39986792539894,49.50702552162087,2100700
2019-08-22,49.8285026550293,49.98923906337744,49.49172411167434,49.8514641648431,2696500
2019-08-23,49.36160659790039,50.096404220970335,49.15494713877076,49.874439032874676,1328400
2019-08-26,49.88974380493164,49.92801688609123,49.323338409613974,49.35395570661119,1296200
2019-08-27,49.97393798828125,50.51738184984711,49.943320692462486,50.172947491277164,1818600
2019-08-28,49.667781829833984,50.1882642943026,49.49938958549806,49.90505862522369,2843400
2019-08-29,49.941497802734375,49.972340874194224,49.45573266334911,49.72560218522981,1126800
2019-08-30,50.11884307861328,50.35786952467348,50.01089527183033,50.09571224611897,1817800
2019-09-03,50.54291915893555,50.56604998740662,50.01859881030927,50.141965189726086,2027500
2019-09-04,50.73569107055664,50.89761277543139,50.296187619406865,50.72026659425576,1523900
2019-09-05,49.94919967651367,50.835918678162976,49.833539653218,50.77423254804353,2205900
2019-09-06,49.31693649291992,50.26534171975331,49.139593263085146,50.07257695584288,2235300
2019-09-09,49.324642181396484,49.56366857443952,49.016217423549136,49.13958673841678,1599100
2019-09-10,49.555973052978516,49.579109770859276,48.84659998855714,49.23212959522723,2373100
2019-09-11,50.149681091308594,50.16509968384489,49.077909487268826,49.440308180365406,1504700
2019-09-12,50.02631759643555,50.62774869970822,49.987768166975115,50.52750724113876,1266700
2019-09-13,49.50969696044922,49.872095626386596,49.35548751578845,49.872095626386596,1356300
2019-09-16,49.45573806762695,49.84897991831857,49.20899935170016,49.84897991831857,1561600
2019-09-17,49.86439895629883,50.00318985290737,49.563686327432826,49.71018946349603,1461800
2019-09-18,50.23450469970703,50.48895563055534,49.848975125469394,50.265347771571776,2015000
2019-09-19,50.54291915893555,50.56604998740662,50.25762521479471,50.38870383127297,1591700
2019-09-20,50.89761734008789,51.1829054673848,50.365584631560736,51.13664379976143,4651500
2019-09-23,51.04411697387695,51.21375094006498,50.797378263798414,50.797378263798414,2830200
2019-09-24,51.44506072998047,51.81516577946473,51.098080628036065,51.182897594108226,2614500
2019-09-25,51.846004486083984,51.907690616713545,51.391082508795634,51.391082508795634,1470700
2019-09-26,51.89999008178711,52.285519661078865,51.80746674769439,51.92312091531029,1645800
2019-09-27,51.321693420410156,51.899987763516506,50.897614431760715,51.899987763516506,2209900
2019-09-30,51.321693420410156,51.722647459283884,51.20603925796029,51.36796096810436,1631200
2019-10-01,51.105796813964844,51.306273829506694,50.86677037259342,51.16748295454913,1253900
2019-10-02,50.39641571044922,51.19060552345359,50.39641571044922,51.06723914491285,1733700
2019-10-03,50.419559478759766,50.74340292359486,50.24221916108495,50.527507293704794,1726200
2019-10-04,50.89761734008789,50.94387900771126,50.39642770421452,50.411846299184106,1336000
2019-10-07,50.604610443115234,50.866773615957406,50.47353179805141,50.72027049340694,1953600
2019-10-08,50.126548767089844,50.805078590022696,50.10341793761799,50.550627700405315,1382600
2019-10-09,49.19357681274414,50.488959457023135,48.73865176301148,50.26535158109273,3186300
2019-10-10,48.93912124633789,49.06249058273776,48.38395776186,48.96996137442011,2719400
2019-10-11,49.309226989746094,49.58680577787312,48.58442959801443,48.90827592953125,1759100
2019-10-14,49.2012825012207,49.70246915417039,49.15501789607703,49.401756574129166,1750200
2019-10-15,49.26295471191406,49.52511780789546,49.14729763688787,49.2398238851801,1506600
2019-10-16,49.02394104003906,49.30923209539,48.700094674990105,49.23983665583359,1500000
2019-10-17,48.700096130371094,49.34778593846777,47.83651070002794,49.03936109980945,2318000
2019-10-18,48.815757751464844,48.98538877096539,48.31456810785233,48.51504220048293,2134400
2019-10-21,48.89286422729492,49.15502447548514,48.66154705332884,48.80804724385729,1655900
2019-10-22,49.309226989746094,49.38633465980099,48.892854395520274,48.892854395520274,1540500
2019-10-23,48.94682312011719,49.733303623403565,48.83887533480747,49.51740805278412,1744200
2019-10-24,49.239837646484375,49.43260243342404,48.96225588267411,48.98538671587256,1461200
2019-10-25,48.96225357055664,49.4403123373691,48.808041160015755,49.332361591040524,1341600
2019-10-28,48.646121978759766,49.07791616242597,48.4919095602106,48.68467434805775,1834000
2019-10-29,49.00080108642578,49.054774983567725,48.35311137936559,48.65382393240125,1753400
2019-10-30,49.10104751586914,49.25525993605191,48.62299166052412,49.201286030191525,1434700
2019-10-31,49.27839279174805,49.45573605276048,48.91599403065108,49.1935758100992,1680300
2019-11-01,49.22441482543945,49.58681061530186,49.047071579047824,49.239836360954875,1364500
2019-11-04,48.669246673583984,49.17043623531615,48.515034274485096,48.98538076812611,2090900
2019-11-05,48.21432113647461,48.76948459003808,48.19119030636174,48.46105979553464,2404300
2019-11-06,48.515037536621094,48.69238371939148,48.2220371941245,48.31456346326253,1884700
2019-11-07,48.43793487548828,49.825843678740135,48.06011754454754,48.85430751646384,2216300
2019-11-08,48.622989654541016,48.8003329009597,48.252881626185875,48.252881626185875,1733700
2019-11-11,48.28371047973633,48.70779231268548,48.22202729342781,48.53044910768334,1293900
2019-11-12,48.63069534301758,48.730933845766415,48.25287804561777,48.26829663863427,2146500
2019-11-13,49.27067947387695,49.71018294169014,48.66925135369274,48.8003329350067,2104900
2019-11-14,49.8181266784668,49.8952314084522,49.17814624243168,49.36319877093941,1749100
2019-11-15,49.92607498168945,49.98004888149624,49.61765017591616,49.779571875336515,1354300
2019-11-18,50.126548767089844,50.60460159674414,49.980045670150105,50.087993462827754,1911800
2019-11-19,49.941497802734375,50.311608777538176,49.71018359085708,50.01860842274118,1383000
2019-11-20,50.10342025756836,50.14968191865413,49.63307376081712,49.63307376081712,1824800
2019-11-21,49.91066360473633,50.141977830474445,49.694762091580145,50.10342840087545,1446100
2019-11-22,49.68704605102539,50.01860167107136,49.53283071454263,49.918360231679166,1535800
2019-11-25,49.031646728515625,49.609938093781516,48.84659125619926,49.3092284663117,2842500
2019-11-26,49.35420227050781,49.36197328126869,48.942270507412694,49.12880441470358,3053700
2019-11-27,49.19097137451172,49.68062497556422,48.942257587179654,49.40859519720172,2570600
2019-11-29,49.175445556640625,49.602922359905705,48.98890866099409,49.431930452638326,809000
2019-12-02,48.48370361328125,49.22984516960746,48.43706865417224,49.05108227371074,1943900
2019-12-03,48.62360382080078,48.82568270671495,48.29716504828973,48.63914880662539,2006400
2019-12-04,49.167667388916016,49.315343283478356,48.320484866338134,48.4137547886627,1109900
2019-12-05,49.37751770019531,49.447468655851196,48.77127806111298,49.074397880654146,1838000
2019-12-06,49.019981384277344,49.618449884167916,49.0122103752746,49.23760521518216,2419100
2019-12-09,48.39044189453125,49.136586542190145,48.27385892435893,49.136586542190145,3673800
2019-12-10,48.701324462890625,48.786820400153516,48.219441775021245,48.499245582462436,3753600
2019-12-11,48.88008117675781,48.91117114363803,48.545871445051525,48.887855150929084,2343300
2019-12-12,48.29716873168945,49.0433103187582,48.16504078945781,48.86454741549609,4081300
2019-12-13,48.7790412902832,48.88008220231264,48.16503073847965,48.47592151909737,3460400
2019-12-16,49.12103271484375,49.22984465338745,48.693555971320784,48.82568390672301,5768400
2019-12-17,49.431922912597656,49.85940261556099,49.051081132561315,49.14434808370653,2303100
2019-12-18,49.62622833251953,49.750588214424575,49.2997925372271,49.58736735187559,3635800
2019-12-19,49.50963592529297,49.85161664044336,49.39305004074736,49.665082783053045,2473500
2019-12-20,49.8360710144043,49.99928886902763,49.47854237797444,49.66507918675967,4664200
2019-12-23,49.587371826171875,50.07702852819529,49.47078887372071,49.85940464503068,3082400
2019-12-24,49.913818359375,49.95267638465072,49.44747758251382,49.68842046547061,609800
2019-12-26,49.78168487548828,50.022624766804356,49.68064097540889,49.94490279507075,982500
2019-12-27,49.79722595214844,49.99930781866288,49.66509800973009,49.82054195024506,1136500
2019-12-30,49.921573638916016,49.975979597770625,49.64176690567426,49.75058178828587,1004100
2019-12-31,50.58999252319336,50.63663044272744,49.8438510385076,49.99930088727885,1603900
2020-01-02,49.307552337646484,50.72988406719579,49.2065144039231,50.6366201067755,2008000
2020-01-03,49.35420227050781,49.57182615064818,49.198755371163415,49.21430035758815,956600
2020-01-06,49.21429443359375,49.48632425102459,48.981125595095506,49.447463272091994,921300
2020-01-07,49.245384216308594,49.424147090644055,48.91117446192845,49.00444140399421,1910500
2020-01-08,49.338653564453125,49.59514137377028,49.10548471546657,49.338653564453125,2016500
2020-01-09,49.804988861083984,49.82053087975944,49.276471279044834,49.276471279044834,2000100
2020-01-10,50.13920211791992,50.45009588151282,49.921578262346486,49.98375227122081,3331400
2020-01-13,50.69881057739258,50.81539055216301,50.22469891397473,50.26355692896306,2297600
2020-01-14,50.96307373046875,51.0407957013897,50.465646000807155,50.70658588960397,3106000
2020-01-15,51.763614654541016,51.786930649844436,50.93975119485758,51.17291707769725,1690200
2020-01-16,52.19109344482422,52.29990537425574,51.724755757288385,51.825793711816104,3348100
2020-01-17,52.33098602294922,52.50197786154348,51.99677631927981,52.22217411289912,3215700
2020-01-21,53.37248229980469,54.88031321179615,53.224812356429965,54.57719342038833,7841000
2020-01-22,53.71446228027344,54.11085195278788,53.36471052381096,53.48906446373797,4733500
2020-01-23,54.561641693115234,54.709317556071014,53.60565039557246,53.74555228421347,4790300
2020-01-24,55.47101593017578,55.55651187208861,54.46838655394831,54.54610852028563,2508700
2020-01-27,55.766361236572266,55.94512709425008,55.36997150332555,55.40106147552195,3523600
2020-01-28,56.100555419921875,56.27154725453428,55.77411969737322,55.82852565113133,2871600
2020-01-29,56.108333587646484,56.29486745307519,55.86738783458787,56.100559613727256,2121700
2020-01-30,56.31818771362305,56.44254758653773,55.89071399254035,56.13942780856459,1330900
2020-01-31,56.08504867553711,56.411484603384814,55.665342798386654,56.27935662256188,3812500
2020-02-03,55.8129997253418,56.16275750590079,55.75082570351922,56.15498352949551,1386900
2020-02-04,55.18342971801758,55.68863131689002,55.105707763530674,55.64976737474405,3478400
2020-02-05,55.198978424072266,55.35442828168308,54.973586507696645,55.08239844312134,2634000
2020-02-06,55.4321403503418,55.71971808823171,55.136794568312325,55.206742544396405,2574400
2020-02-07,55.0824089050293,55.78191264281593,55.066860951412295,55.618694708678596,1259600
2020-02-10,55.020225524902344,55.27671337535351,54.88809757641775,55.26116542270444,1229000
2020-02-11,55.0590705871582,55.261152415384785,54.779272733205,55.02798654878959,1883700
2020-02-12,54.981353759765625,55.160119610986776,54.63160196234875,54.71709790034944,1989100
2020-02-13,55.610923767089844,55.711961741113804,54.94250411171519,55.09794806095306,2091500
2020-02-14,56.224918365478516,56.33373622025855,55.59536280958037,55.82076063411549,1737400
2020-02-18,57.421871185302734,59.512626185587116,56.27934566037877,56.434789615797776,5842500
2020-02-19,57.4451904296875,57.561770425897855,57.17315462571263,57.3208305273211,3869900
2020-02-20,57.17314529418945,57.6239409719812,56.66794958024946,57.33636319205083,3241900
2020-02-21,56.66795349121094,57.53844900654923,56.65240553997649,57.266419158006016,2294400
2020-02-24,55.95290756225586,56.92444717231632,55.937365537610056,56.62132728836203,2080800
2020-02-25,54.48394012451172,56.06171950185185,54.42953414356231,56.02286147534923,1714800
2020-02-26,54.07978057861328,55.06686218230983,54.07200660163101,54.49948638855098,1411500
2020-02-27,52.07451248168945,54.17303523962619,52.02788048745272,53.87768939311691,2254100
2020-02-28,50.792083740234375,51.18847351553597,49.105492595831016,51.18847351553597,3361800
2020-03-02,53.932090759277344,54.28961652078736,51.18069066785975,51.91906411581334,4823800
2020-03-03,53.512386322021484,55.26893113077723,53.30253643110465,54.13417387922167,2605500
2020-03-04,56.80009841918945,56.862278383116205,54.072013282432714,54.072013282432714,2513800
2020-03-05,55.65754699707031,56.54359041370474,55.237841284484695,55.92180285510258,2113500
2020-03-06,54.6673583984375,54.84739385957212,52.89834442131804,54.04899000826118,3645900
2020-03-09,50.51095962524414,53.01576832010285,49.743863418099345,51.84946414018168,2728500
2020-03-10,52.25648498535156,52.366069703281816,49.89257540585746,51.207595006980114,3471600
2020-03-11,48.8045654296875,51.1528204396669,47.93571358420208,50.88668773839146,2456300
2020-03-12,43.802772521972656,46.09623461912513,42.9495732811962,45.56396336877138,3767600
2020-03-13,46.252784729003906,46.76940058252732,42.51123363790889,46.04144147265888,2256300
2020-03-16,38.82447814941406,44.77339209850776,38.221762045310726,40.89094488075843,3975600
2020-03-17,45.055171966552734,45.2665152043108,37.611204429592796,39.536772170109,3641400
2020-03-18,45.17259216308594,46.56589198119955,41.75196865529134,42.096378269430296,4298100
2020-03-19,43.129600524902344,44.61682936477881,40.468247582438664,44.1393505376829,2191900
2020-03-20,36.93021774291992,43.60708739592237,36.63277132288464,42.88695741536977,2929200
2020-03-23,35.161197662353516,37.30593819082388,32.883390805651274,36.63277139022456,2918100
2020-03-24,39.693328857421875,40.233429317166284,36.27270555153431,36.758010657802544,2046900
2020-03-25,40.62480545043945,42.62082124733108,38.691408223015905,39.3410904378027,1951100
2020-03-26,45.52482223510742,46.67546777213417,40.63262588510895,40.79700296583857,2224800
2020-03-27,45.023868560791016,46.871162657422296,43.63057178680579,43.732327336259445,1859700
2020-03-30,46.2684440612793,46.651990644190285,44.91428425381039,45.98665302879603,1835500
2020-03-31,43.090457916259766,45.96315670318866,42.85563312645732,45.60308884046842,2203500
2020-04-01,40.507389068603516,42.385993813995185,39.716811388043475,41.21969279558887,1479600
2020-04-02,41.86155319213867,42.4407906620445,39.63853863583996,39.88901889689106,2438300
2020-04-03,40.546531677246094,43.333128406574055,39.669850734408215,41.446697198186286,3340100
2020-04-06,45.305660247802734,45.66572524177003,41.97113699491199,42.04941394096586,1544300
2020-04-07,44.6794548034668,46.83984752085975,44.59335166504884,46.40933481472983,2088300
2020-04-08,47.638267517089844,48.06095413909736,43.622750579939776,44.85167047336259,1697600
2020-04-09,49.39162063598633,50.644021896889,47.88873912290312,48.029634637999685,3215300
2020-04-13,47.55216598510742,48.59322718396848,46.80072506641779,48.59322718396848,1735900
2020-04-14,48.95327377319336,49.10982465198607,47.55997423649388,48.671482788558414,1600700
2020-04-15,47.03553771972656,48.38187125424018,46.94160837586469,48.25663113377101,1370200
2020-04-16,46.933780670166016,47.41908876501749,46.119718368441056,47.2625378629996,1615500
2020-04-17,47.73219680786133,48.139228037387035,46.996411307926785,47.873092348311026,1345700
2020-04-20,46.27626037597656,48.40534506789706,46.213641818781,48.30358655324981,1342700
2020-04-21,45.58745193481445,45.978827712810606,44.42115080256342,45.485693396466594,1677100
2020-04-22,46.612850189208984,47.27036155399711,45.7909617297138,46.35454375266361,1183400
2020-04-23,45.23521041870117,47.223399968058004,45.086485720986744,46.78505804810184,1706500
2020-04-24,45.79878616333008,45.8535815120778,44.162835508474686,45.352618074365864,1456700
2020-04-27,46.3858528137207,46.94160865089635,45.89272151608657,46.11189098170174,863700
2020-04-28,47.03553771972656,48.35838667880471,46.60502499223628,47.700875299851546,1661300
2020-04-29,46.644168853759766,48.37404920614839,46.46413634063864,47.920054822182166,2181600
2020-04-30,45.736167907714844,46.37802386408788,44.67162544759571,46.182335999682444,2315100
2020-05-01,43.771461486816406,45.37610441539406,43.607084392051654,45.14910576874181,1208900
2020-05-04,44.32722091674805,44.405494877018185,43.153093596934895,43.74798345848441,2213700
2020-05-05,44.843833923339844,45.57961925464851,44.35852584591924,44.35852584591924,2731400
2020-05-06,42.99653244018555,45.039513967373175,42.761707629396504,45.039513967373175,2881900
2020-05-07,43.73233413696289,45.21173428743598,42.26858937790801,42.45645108896582,3357900
2020-05-08,45.00821304321289,45.0160392447023,43.72450100982096,44.54638952037456,3917800
2020-05-11,43.6462287902832,44.63249749848944,43.30181915422096,44.63249749848944,2297300
2020-05-12,43.912357330322266,45.95533919398465,42.92609176818868,43.77146182345176,4110000
2020-05-13,44.241119384765625,44.350704127530435,43.239198324104194,43.70884807479917,2552200
2020-05-14,44.36635971069336,44.48377364185893,42.863475127191464,43.69319287539275,2366400
2020-05-15,44.25677490234375,44.49942598032051,42.863475064133944,43.82626213197051,6097900
2020-05-18,46.119712829589844,46.432814596022965,45.41523833405494,45.50134146912203,1543600
2020-05-19,45.586795806884766,46.34473278240397,45.29467181717051,45.8789167848252,2451400
2020-05-20,46.66843795776367,47.11846325160862,46.10788055831106,46.21841266391873,3365700
2020-05-21,46.30525588989258,46.96845147388533,46.02102878078515,46.80265031905685,4285100
2020-05-22,47.3711051940918,47.378999053110356,46.43947321766609,46.731594189733,2638300
2020-05-26,47.28425598144531,48.47643043911264,46.897393656233056,48.19220333631053,7803300
2020-05-27,48.10535430908203,48.43695057734208,47.30793907236868,48.06587899311396,1878000
2020-05-28,49.19489288330078,49.48701384975624,48.47643125546252,48.81592441044064,6062700
2020-05-29,48.705387115478516,49.329107350020436,48.247468027429335,48.831709934089346,2953300
2020-06-01,49.70808029174805,49.78703394286345,48.46064272186303,48.71328838188465,1969100
2020-06-02,49.771240234375,50.07915192586533,49.439640943080576,49.850190868992236,2559500
2020-06-03,50.06336975097656,50.544973523271764,49.77914259895042,49.88967471101077,2522700
2020-06-04,49.273841857910156,50.450225566487234,48.71328453227162,50.426537967137634,1761600
2020-06-05,49.78702926635742,50.781821082779814,49.45542998636759,49.77913239610072,2359600
2020-06-08,51.39765548706055,51.634513457271474,49.392280694640334,49.74756162640833,2010900
2020-06-09,50.18968200683594,50.7344516038844,49.36068832949635,50.5212812848359,3414200
2020-06-10,50.07915115356445,50.70287139745226,49.629125917284284,50.15810178696414,1496000
2020-06-11,48.121150970458984,49.258056474080426,47.63165036620483,48.95014475508549,1742500
2020-06-12,47.434261322021484,49.100142419614265,47.23688174530556,48.760649306721014,2533100
2020-06-15,46.8579216003418,47.51322339861664,45.54732101556616,46.392105566560296,2218000
2020-06-16,47.347415924072266,48.176409580652376,46.75527716769027,47.90797322395493,3402900
2020-06-17,47.27635192871094,47.60794813596361,46.54999359908562,47.54478824438962,1461200
2020-06-18,47.8132438659668,47.93956671189405,46.5263278024881,47.031619186197126,2380400
2020-06-19,46.8579216003418,48.80013939224587,46.84213388076023,48.5553875738949,5340700
2020-06-22,47.30793762207031,47.77375356446975,46.257879792997755,46.85791240792872,2068200
2020-06-23,47.08687973022461,47.789550666663665,46.36052420412657,47.73428461627681,2067000
2020-06-24,46.61316680908203,47.03161059507252,45.77627622532739,46.652642126515794,3234000
2020-06-25,46.56578826904297,46.94475668590449,45.74468852662305,46.66052962031503,3071200
2020-06-26,45.87892532348633,47.00793713771156,45.47626915970773,46.471064260523015,4142800
2020-06-29,46.72370529174805,46.85792199173078,45.878920733697704,46.43158428866429,1278700
2020-06-30,46.810546875,47.181618476707534,46.30525557855032,46.80265000437027,2109200
2020-07-01,48.168514251708984,48.405372171258406,46.739487934789544,46.778963250789936,1507600
2020-07-02,48.523799896240234,48.973825141026744,48.342211026569686,48.713285636464185,1273900
2020-07-06,48.523799896240234,49.39227193892065,48.144831427566004,49.05277878769242,1498100
2020-07-07,48.034305572509766,48.279057391300235,47.58428026927579,48.00272410974182,1522100
2020-07-08,48.460636138916016,48.5948528099193,47.694802391884416,47.907972703277956,1170200
2020-07-09,48.05799865722656,48.30275051927324,47.00794043468997,48.24748445554892,1705000
2020-07-10,48.93434143066406,49.036979647838734,47.91586215166266,47.97112818896291,1314800
2020-07-13,48.63433074951172,49.502802770044106,48.17641165762346,48.98172076243411,1901700
2020-07-14,49.24225997924805,49.54227780366646,48.484323065555465,48.61064588450423,2700200
2020-07-15,48.34221267700195,49.92914639376371,48.23168057967004,49.7396606470706,2684500
2020-07-16,48.48432159423828,48.87908076794541,48.16061919226938,48.18430377892429,1871100
2020-07-17,49.913360595703125,50.03178656378564,48.84750881231612,48.88698413501029,1197100
2020-07-20,49.471229553222656,49.73177210631627,49.28964065793351,49.637027716950904,1752100
2020-07-21,49.731773376464844,50.36338759616156,49.273851184825865,49.69229504066728,1895800
2020-07-22,50.608123779296875,50.78181877577078,49.10804075844186,49.70017950630465,1418800
2020-07-23,50.82130813598633,51.563451431762594,50.43444274487317,50.43444274487317,1948600
2020-07-24,50.57655334472656,51.2081705561722,50.09494958807167,50.92394341337648,1815500
2020-07-27,50.51338195800781,50.67128622500588,49.77912967647418,50.66338935518061,1361100
2020-07-28,51.11341857910156,51.65818819250831,50.355481652018874,50.43443529761517,2405700
2020-07-29,50.78972625732422,51.53186954702537,50.497602245534004,51.168691761948615,1228900
2020-07-30,50.90026092529297,50.90026092529297,49.9528380807506,50.37128194061568,1595300
2020-07-31,51.184478759765625,51.23974480622135,50.292322134193064,50.78971956406831,2000500
2020-08-03,49.487022399902344,51.04237488972549,49.33701496132354,51.01869029725889,1990000
2020-08-04,43.739322662353516,51.626610170017635,42.68926169434348,49.305427046937204,10402100
2020-08-05,42.26292037963867,44.23671644462122,42.10501910385909,44.21303185560904,5810200
2020-08-06,43.226131439208984,43.423511034821814,41.93921563251674,41.93921563251674,4525200
2020-08-07,43.54983901977539,43.557732879355584,42.94980630313964,42.98928162458855,3222900
2020-08-10,42.681373596191406,43.76301315876541,42.586629202382206,43.723537833898696,5464100
2020-08-11,42.15239334106445,43.036653241009915,42.010279766387164,42.807695158940184,3127600
2020-08-12,41.87605667114258,42.586621424287365,41.86026594172509,42.35766337716802,2374100
2020-08-13,41.576045989990234,41.96291139785463,41.18918058212584,41.710265707248,3066700
2020-08-14,42.294498443603516,42.365555216708565,41.45760789500779,41.615512169882734,1422800
2020-08-17,42.0181770324707,42.50767767663346,41.68657768452072,42.349773368646524,1350400
2020-08-18,41.481292724609375,42.097116042558525,41.37076064310807,42.04185000180788,1383600
2020-08-19,41.06277847290039,41.5570327199413,40.999005595187384,41.5570327199413,2514600
2020-08-20,40.48082733154297,41.230178994334054,40.27356172670866,41.0547983003187,1096000
2020-08-21,40.185882568359375,41.02292177020631,39.707575321876355,40.520700073700134,3652500
2020-08-24,40.44895935058594,40.50476176912823,39.89890259494947,40.425041856208004,2826300
2020-08-25,40.82362365722656,40.9671164291081,40.28951403822546,40.55258209267289,1102200
2020-08-26,40.27356719970703,40.648243082019356,40.09021601332094,40.648243082019356,1589600
2020-08-27,42.18680191040039,42.28246578556906,40.496779648794075,40.496779648794075,4047900
2020-08-28,42.23463439941406,42.33029523482862,41.30990488106499,41.97156634177325,2246500
2020-08-31,42.42596435546875,42.46582278840141,41.9635980186401,42.20275165723955,1743800
2020-09-01,41.97953796386719,42.37812833687808,41.52514518191503,42.25855000857353,1589600
2020-09-02,42.465816497802734,42.72091407998752,41.70849422025281,41.859957459361574,2044400
2020-09-03,41.804161071777344,42.776722644501376,41.39760019195209,42.58539790981664,2831100
2020-09-04,41.34975814819336,42.01938999452455,40.78376063454513,41.85198279319244,1890900
2020-09-08,41.54109573364258,41.684588533907615,40.496787696381205,41.26208060379226,1424000
2020-09-09,42.011417388916016,42.64119078017533,41.62079756467847,41.76429031309205,1423800
2020-09-10,41.501220703125,42.09910611815137,41.24612316932728,41.78820314789558,1193000
2020-09-11,41.40557098388672,41.77227647479868,41.11858844113458,41.445432457966625,1104700
2020-09-14,42.08317184448242,42.26652304910869,41.533115189600444,41.588917597921345,1198700
2020-09-15,41.748348236083984,42.88034629829794,41.66863139045039,42.298404810365064,782600
2020-09-16,41.955623626708984,42.42596038975866,41.572977232516514,41.70849650002077,907200
2020-09-17,41.61283493041992,41.91576446087482,41.15844215523916,41.91576446087482,1088000
2020-09-18,40.60838317871094,41.509198208225214,40.44097596396137,41.38961988854524,2589700
2020-09-21,39.867008209228516,40.67216247453272,39.42855940229222,40.1619672780248,1749700
2020-09-22,40.233707427978516,40.37720018486829,39.79525564803598,40.066297184271924,1073800
2020-09-23,39.15751647949219,40.29748516298603,39.141572500023365,40.13007794006814,2349800
2020-09-24,39.20534896850586,39.69162970562326,38.75095619077394,39.1415730497349,1164700
2020-09-25,40.09022903442383,40.10617301767978,38.88648414713237,38.99808898892016,1255300
2020-09-28,40.13007354736328,40.2974807519565,39.6437928703044,40.20181992661792,1357200
2020-09-29,39.97861862182617,40.66419156027791,39.851069814555686,40.27357466845103,3308700
2020-09-30,40.51272201538086,40.640270802858915,39.69162688605354,40.34531480200396,2288400
2020-10-01,40.51272201538086,40.99900271795438,40.098187695826425,40.552580441279694,1712000
2020-10-02,41.43745040893555,41.812126292862786,40.0104962953857,40.28153784186443,1636800
2020-10-05,41.87590408325195,41.95562398334671,41.070752858816,41.38165286667744,1744900
2020-10-06,41.78024673461914,42.89630110115912,41.67661237633958,41.84402266002302,1712100
2020-10-07,41.812129974365234,42.330295625225816,41.52514442447166,42.05925405488224,1614900
2020-10-08,42.537567138671875,42.55351111927898,41.93968155042069,41.93968155042069,749400
2020-10-09,42.19477462768555,42.68105534047855,41.75632585157815,42.58539146710735,1121200
2020-10-12,42.60133361816406,42.84846071893197,41.963589694734026,42.28246317695049,1185500
2020-10-13,42.18680191040039,42.290436254664904,41.52514349933409,42.21868986878995,1236400
2020-10-14,42.60931396484375,42.98398686941462,42.13100366476958,42.25058200003897,1607700
2020-10-15,43.382572174072266,43.69347520108306,42.26652102022397,42.70496979641448,1908000
2020-10-16,43.78117370605469,43.93264002377364,43.00791029850457,43.33475434689268,1698100
2020-10-19,43.526058197021484,43.89276357283864,43.3985094266076,43.61374854686901,1716700
2020-10-20,44.25947952270508,44.35514036969193,43.621735474453544,43.78116920576381,1718300
2020-10-21,44.55442428588867,44.929100149742254,44.028285199265824,44.05219964470236,2603700
2020-10-22,45.10448455810547,45.20811585749805,44.15583759795185,44.44282313073772,1779200
2020-10-23,44.937076568603516,45.54293562191588,44.52254222712745,45.34364044087949,718500
2020-10-26,44.394989013671875,44.7776353582514,44.17177940625118,44.55442575083072,1432800
2020-10-27,44.95302200317383,45.598739505395265,44.12395329338406,44.43485634030765,2051100
2020-10-28,44.13990020751953,44.86533461655829,43.94060500678357,44.38702735119336,2228300
2020-10-29,44.10800552368164,44.64211508375235,43.17530260936038,43.87682241215726,1384500
2020-10-30,44.004371643066406,44.092061999442706,43.37459821182095,43.908710818384435,1453600
2020-11-02,44.889244079589844,44.929102504407226,43.98045557233788,44.65008744867976,1339500
2020-11-03,45.42335510253906,45.73425508337608,45.00085031227368,45.40741112390601,1109900
2020-11-04,44.45876693725586,46.11690117215196,44.22758380996173,45.31175002251066,1566900
2020-11-05,43.996402740478516,46.116903329143476,43.557953953691246,45.136371410727286,2621100
2020-11-06,43.876827239990234,44.681978423301544,43.2390832768224,44.08409288764362,1329200
2020-11-09,46.228511810302734,49.84771000860864,45.27986479660097,45.319723224848225,3588000
2020-11-10,46.706817626953125,47.68734952916938,45.893692942943844,46.21256644134072,5778300
2020-11-11,45.67844772338867,46.7785578017035,45.20014058029665,46.698840958189045,2789400
2020-11-12,44.41891860961914,45.34364828802095,43.86886186852426,45.34364828802095,2614700
2020-11-13,45.52699661254883,45.62265745840841,44.275422982290294,44.275422982290294,1826000
2020-11-16,45.94152069091797,46.25242065095444,45.1602840361845,46.19661824997368,1640500
2020-11-17,45.09651184082031,45.82991966427327,45.048679904181085,45.54293412644399,1469600
2020-11-18,43.852909088134766,45.407412065559946,43.84493861915444,45.39146808659625,1663500
2020-11-19,43.22098159790039,43.96964107087807,42.882878904746164,43.840839606218964,3115800
2020-11-20,43.88108444213867,44.21113834930321,42.89897453862423,43.1887785684992,2572100
2020-11-23,44.25139236450195,44.53314458319167,43.518833525039824,43.977688893116714,4098800
2020-11-24,44.91954803466797,45.225452630829515,44.533143683612295,44.91954803466797,3014400
2020-11-25,45.22545623779297,45.33010838419693,44.39629702695225,44.863201170140066,2121100
2020-11-27,44.89539337158203,45.37034923893561,44.35603525129379,45.362297421884556,1145100
2020-11-30,44.6056022644043,44.98395793255446,44.27554829991245,44.6861020329655,4262600
2020-12-01,44.72634506225586,45.684305607364536,44.66194280500386,45.17714857954528,1640900
2020-12-02,45.161048889160156,45.17714945378472,44.18698776088907,44.38019146551518,1322100
2020-12-03,44.67805480957031,45.12080969350928,44.476802310428106,44.89540787714823,1644300
2020-12-04,44.211151123046875,44.774658780519154,44.042099747066096,44.645857293457176,834400
2020-12-07,44.37215042114258,44.56535417267776,44.00989530630752,44.18699848930898,750700
2020-12-08,44.64583969116211,44.95174425390295,44.347986945552286,44.75049181778606,2659500
2020-12-09,44.67805480957031,44.79075571775084,44.40435128790213,44.50900344729952,1479400
2020-12-10,44.356040954589844,44.74244838014516,44.32384289485093,44.62169567580052,2315500
2020-12-11,44.380191802978516,44.557291873458006,44.00183620859594,44.27553966755741,1176400
2020-12-14,43.80057907104492,45.32204696192308,43.80057907104492,44.91149335282437,1194600
2020-12-15,44.0018310546875,44.5170367827707,43.639576067482636,43.99378230869111,1708000
2020-12-16,43.20487976074219,44.57339720180422,43.06802955207051,44.16284350492014,1776600
2020-12-17,43.502742767333984,43.873046644202965,43.12438707047636,43.46249287999945,1742300
2020-12-18,42.947265625,43.67177557252279,42.78626614410005,43.4705231505296,2240200
2020-12-21,42.48842239379883,42.94727780035726,41.763915311749834,42.60917510957489,5221400
2020-12-22,42.38376998901367,42.665522209217556,42.11006651615752,42.504519624442956,3137900
2020-12-23,42.48842239379883,43.100231649789485,42.46427307899126,42.64942499121053,4648400
2020-12-24,43.01167297363281,43.15657498031734,41.88465804850175,42.601116264403785,1141400
2020-12-28,43.333675384521484,43.518827254535125,42.95531982748101,43.36587343996893,3255400
2020-12-29,43.43832778930664,43.75228111793175,43.196825465046444,43.43832778930664,2917400
2020-12-30,43.526885986328125,43.83279061477069,43.172682728199824,43.381983955532654,4072500
2020-12-31,44.68609619140625,44.726349141294136,43.438331516604855,43.54298365874929,4683500
2021-01-04,43.2692756652832,44.79074365780256,43.10022434852963,44.56534190213113,1564900
2021-01-05,43.180728912353516,43.54298396783345,42.8506749886649,43.301481621136475,1294900
2021-01-06,44.05013656616211,44.21918788457271,43.21292564993537,43.60737872622677,2703400
2021-01-07,42.85066604614258,44.17088146538078,42.754065741797135,44.025979473428464,2520600
2021-01-08,42.665531158447266,42.842634345934165,42.093974779937135,42.58503138460933,1889400
2021-01-11,42.2147216796875,42.81043040808298,41.96517055458979,42.45622712714498,1872000
2021-01-12,42.57697677612305,42.7218788162366,42.00542043504702,42.21472167583918,1655800
2021-01-13,43.67983627319336,43.848890687796946,42.65747639201675,42.713826839928245,1200800
2021-01-14,42.91508102416992,43.792541981957534,42.79432830477368,43.792541981957534,1002400
2021-01-15,43.7120246887207,43.8971765452564,42.53671130156285,42.705762596112635,1732800
2021-01-19,42.97142028808594,43.93743257917778,42.89091747248837,43.93743257917778,1409200
2021-01-20,43.38198471069336,43.52688674401117,42.66552636310482,42.794327829290744,1062900
2021-01-21,43.13243103027344,43.245131922620025,42.85067572853797,43.10022989792613,1703000
2021-01-22,43.309532165527344,43.792539949829845,42.74602461927563,42.90702721404313,2569300
2021-01-25,43.67983627319336,43.76838785444545,42.78627785451004,43.06803009406752,2803900
2021-01-26,43.1002311706543,43.80058893011001,42.73797609822234,43.75228723016272,1670800
2021-01-27,42.440128326416016,43.43833901010991,42.18252537121312,42.947282417107665,1926000
2021-01-28,43.341732025146484,44.19504360273306,42.536722145831625,42.73797461566034,1880800
2021-01-29,43.253177642822266,43.90523670830478,42.85872454721844,43.043876438952516,4334700
2021-02-01,43.261226654052734,43.67178028806713,42.82652063860084,43.39002809520123,1367300
2021-02-02,43.365875244140625,44.42848788982548,43.22902505790735,43.40612511827579,1801400
2021-02-03,43.180728912353516,43.59933441303378,42.98752826334351,43.156579598944504,1448200
2021-02-04,44.27553939819336,44.29968870973257,42.77017191849802,43.10022581663163,1641300
2021-02-05,44.18699264526367,44.58144884499652,44.017941304322036,44.444595565994454,1992600
2021-02-08,43.64763259887695,44.35603901607456,43.48663002374342,44.138689071143304,1199100
2021-02-09,44.03403854370117,44.050139108888985,43.27732733421797,43.71203338168252,610900
2021-02-10,44.549251556396484,44.6539037116205,44.23529816159374,44.50094985301556,1000500
2021-02-11,44.05013656616211,44.56534233895744,43.96158499817504,44.35603807446644,907800
2021-02-12,43.816688537597656,44.299693243021075,43.66373776408302,43.96159056339849,799600
2021-02-16,43.808631896972656,44.0340367294463,43.58323013536771,43.873034155070464,1390800
2021-02-17,44.11453628540039,44.25138954781647,43.77643364449361,44.05818584524926,1118800
2021-02-18,44.452640533447266,44.75854203537539,44.074284958432095,44.243336273318995,1524500
2021-02-19,43.65568542480469,44.66194777482564,43.58323441276842,44.517045750753105,1327800
2021-02-22,42.19057083129883,43.75228900933903,41.79611460952821,43.63153936086419,2429600
2021-02-23,43.75228500366211,43.83278783281091,42.641373599229176,42.7460226708192,2360900
2021-02-24,43.913291931152344,44.05819396707227,43.430287191998744,43.671789561575544,1746900
2021-02-25,43.22098159790039,44.726352362760835,43.05193025132328,43.82473903927793,3145400
2021-02-26,43.17266845703125,44.629733960460115,43.0116659126052,44.13868065271944,3491400
2021-03-01,43.43832778930664,44.042085135391446,43.309526344976625,43.60737910920191,2358100
2021-03-02,43.15657424926758,43.462478821627336,42.681618362262384,43.34977487432848,1585900
2021-03-03,43.2370719909668,43.381973988470854,42.560863692904,42.987520939274134,1566400
2021-03-04,44.130638122558594,44.75854479999037,43.47053031529218,43.873035225618956,2585700
2021-03-05,44.996421813964844,45.191529619891895,44.207868721962534,44.37858611394035,1833900
2021-03-08,45.74433517456055,46.09390115865697,44.80132075496252,45.077721693524026,2171400
2021-03-09,45.96383285522461,46.10203178158775,45.50045524156712,45.58174836282381,2632400
2021-03-10,46.297142028808594,46.46785945303166,45.82563321775372,46.09390611393334,2297700
2021-03-11,46.142669677734375,46.61417837565983,45.94756498290076,46.08576388331347,1315100
2021-03-12,46.89057540893555,46.988127748303846,46.280867860900976,46.58165604961414,1185800
2021-03-15,48.11812973022461,48.15877939042419,47.05317561748287,47.077562932695685,2042800
2021-03-16,48.459556579589844,48.622145879848006,47.581576218875554,47.71977820949153,1505100
2021-03-17,47.45964050292969,48.581500255310154,47.43525009013309,48.581500255310154,1090100
2021-03-18,47.67101287841797,48.02871005217536,47.47590814830827,47.52468278026881,3262400
2021-03-19,48.40266036987305,48.51647197224028,47.30518470175989,47.89863312919875,2500700
2021-03-22,47.662872314453125,48.68717963189444,47.435246054140535,48.20754290281381,1935800
2021-03-23,47.87424087524414,47.98805246586872,47.30517982098798,47.679136177354366,2669700
2021-03-24,47.99618911743164,48.30510544121775,47.64662313423833,47.736047423120375,1029800
2021-03-25,48.63841247558594,48.96358802414567,47.727913496898445,48.24006878476848,2428800
2021-03-26,48.07748031616211,48.58963561315342,47.939281403317985,48.48395208495095,1418200
2021-03-29,48.906681060791016,49.22372853106723,48.00431327546127,48.08560948651502,2440900
2021-03-30,48.26445007324219,48.77660529717983,47.890496843569075,48.53272289092054,1097300
2021-03-31,48.394527435302734,48.565247933770245,47.98805566957398,48.35388087895655,1208600
2021-04-01,48.719703674316406,48.76035022864858,47.93927866705867,48.410784279351894,1203700
2021-04-05,49.28877258300781,49.508267732695685,48.6140278893969,48.817263794537475,899100
2021-04-06,49.719627380371094,49.73588662350268,48.7440945004109,49.06927316077548,1500800
2021-04-07,49.80091094970703,49.93911293926996,49.18307533479325,49.79278288026589,2033100
2021-04-08,49.50827407836914,50.07733220479414,49.378203206452824,49.971651753391896,1321000
2021-04-09,49.313148498535156,49.882209521594056,49.26437077617019,49.68710173326729,1362000
2021-04-12,49.53264617919922,49.76026935983363,49.29689182718029,49.43509383051779,925200
2021-04-13,49.687103271484375,49.9228576185139,49.02048988419156,49.16681995468347,914800
2021-04-14,49.646461486816406,49.80091964222156,49.28876744744652,49.719626529089055,891300
2021-04-15,50.532569885253906,50.56508837084467,49.8009194651292,49.8009194651292,1110900
2021-04-16,51.451194763183594,51.54874711468407,50.61386085097669,50.646379335187966,1600000
2021-04-19,51.410545349121094,52.16657990761715,51.182919073435706,51.94708790423217,1979500
2021-04-20,52.68686294555664,52.776287221128946,51.6219090120799,51.70320211652754,1685700
2021-04-21,52.5242805480957,53.0526950687494,52.337300812258206,52.75190373797317,1223500
2021-04-22,52.20723342895508,52.75190409445211,52.10967797451974,52.56493055961786,708000
2021-04-23,51.605655670166016,52.33730299723122,51.57313718421641,52.33730299723122,1118000
2021-04-26,51.64630126953125,51.80076252436149,51.29673530488754,51.703207068321305,581800
2021-04-27,51.1341438293457,51.59752134398428,50.90651755642748,51.33737969019186,798500
2021-04-28,51.42680358886719,51.43493476036642,50.90652025371506,51.264217372482115,1281000
2021-04-29,51.565006256103516,51.87392565324073,51.30486458518797,51.45119466271963,1126600
2021-04-30,52.00399398803711,52.00399398803711,51.25608439426885,51.784498882294244,1193400
2021-05-03,52.0771598815918,52.44298818677711,51.84140861776584,52.02838525514049,959200
2021-05-04,52.231624603271484,52.34543620739295,51.63004499431477,52.21536846079724,1356400
2021-05-05,51.64630126953125,52.23162160123857,51.02846555361065,52.06903537677183,1365200
2021-05-06,51.78449249267578,52.02837487969781,50.735794817235,51.90643213562039,1272300
2021-05-07,51.882057189941406,52.256010479224585,51.66256205897948,51.865797946781235,958700
2021-05-10,52.06089782714844,52.841322773063276,51.89018045169201,51.89018045169201,1129500
2021-05-11,50.76832962036133,52.182852881741454,50.06919761192827,52.06091009845334,2222200
2021-05-12,50.004150390625,50.93903660130086,49.90659804465819,50.93903660130086,1003600
2021-05-13,51.07724380493164,51.28860775958396,49.93099044321662,49.955380858043284,1739200
2021-05-14,50.947166442871094,51.57313329509628,50.82522678145576,50.97155685606078,1251100
2021-05-17,50.50004577636719,51.0203290833507,50.321200327799815,50.890258256604824,1613400
2021-05-18,50.63825225830078,51.077242500366594,50.321204783853275,50.443144450338174,1364600
2021-05-19,51.02033615112305,51.03659539436029,50.32933536977471,50.63825478901524,1385800
2021-05-20,50.75385284423828,51.24581138239079,50.67185766934879,50.97523199694963,1200200
2021-05-21,51.27041244506836,51.33600859019243,50.73745784101891,50.745655795261236,954400
2021-05-24,51.35240936279297,51.53279251239053,50.99163680800492,51.37700635414799,837700
2021-05-25,50.368492126464844,51.344211419353165,50.2373029515572,51.254018275142286,1308500
2021-05-26,50.32749557495117,50.49148282383786,50.07331518278698,50.40128968056035,1139400
2021-05-27,50.27009963989258,50.66366715375394,50.237301565121655,50.49148195290145,1599800
2021-05-28,50.8276481628418,50.96703527181943,50.483274675597706,50.6800599722795,1115400
2021-06-01,50.40129089355469,50.86865253106181,50.38489185549168,50.82765649980265,547100
2021-06-02,50.671852111816406,50.90963340122264,50.130696528082474,50.4258728697184,675900
2021-06-03,51.25401306152344,51.47539535812269,50.44228110178917,50.58986929952201,780300
2021-06-04,51.42620849609375,51.55739767581657,51.16383013664811,51.53279755425826,644900
2021-06-07,51.393402099609375,51.655780416581,51.19661679798252,51.55738932966571,789500
2021-06-08,51.319610595703125,51.532791816091226,50.917842018153166,51.532791816091226,1202700
2021-06-09,51.95094680786133,52.07393486088898,51.36879522459503,51.61477445844601,1196900
2021-06-10,52.483917236328125,52.65610242928767,51.69677911689115,51.95095949301935,658300
2021-06-11,52.63150405883789,52.65610104924563,52.09034524749704,52.29532850835172,923700
2021-06-14,52.41011428833008,52.82008077604654,52.27892513737265,52.770886799310055,903100
2021-06-15,52.90207290649414,53.2136514412325,52.30352533660906,52.508508580792856,951900
2021-06-16,52.656105041503906,53.82040855009093,52.55771081682028,53.558030206527754,2309700
2021-06-17,52.86928939819336,53.23825679345268,52.58230780677705,52.62330696429171,1126500
2021-06-18,51.27861785888672,52.65610574489238,51.245819783554055,52.65610574489238,1990500
2021-06-21,52.23793029785156,52.29532535720873,51.057227912480485,51.319606220340724,1305300
2021-06-22,50.737457275390625,51.72957550085922,50.68006221294509,51.04902957786743,2212800
2021-06-23,50.08151626586914,50.73746213362385,49.933928054649755,50.73746213362385,1662000
2021-06-24,50.32749557495117,50.581672839318756,49.86013394869192,50.015920114846125,1091400
2021-06-25,50.557071685791016,50.67186181222531,50.13070612489481,50.212701306488135,1485700
2021-06-28,50.60626983642578,51.0408333605282,50.44228259765998,50.745656956309034,991700
2021-06-29,49.72074508666992,50.90964876469167,49.49936276363442,50.598073295849474,1047400
2021-06-30,49.54855728149414,49.84373369673982,49.2861789407861,49.67974645184816,797800
2021-07-01,50.33568572998047,50.614463071550134,49.573147799445685,49.745332976586795,669700
2021-07-02,50.491485595703125,50.606275737886534,50.11431396421891,50.335696293199824,519900
2021-07-06,50.59806442260742,50.663660563616766,49.843727567776895,50.294690089929595,878800
2021-07-07,50.68825912475586,50.745654186021135,50.08151044058115,50.745654186021135,895000
2021-07-08,50.68006896972656,50.90145129487295,49.82733774571012,50.47508568286473,830100
2021-07-09,50.66366958618164,50.84405275048901,49.97492562190763,50.721064655888085,1384800
2021-07-12,50.75385284423828,50.90144103124325,50.39308033031674,50.56526550589051,939900
2021-07-13,50.41767501831055,50.9588306031316,50.212691794851125,50.63085619447821,627400
2021-07-14,51.090030670166016,51.475397085805845,50.09790927926392,50.483278822700186,1041800
2021-07-15,51.844364166259766,52.00015031311258,50.85224596872067,50.85224596872067,1148800
2021-07-16,52.934879302978516,53.13166775237647,51.75417675675997,52.00015606291426,1651600
2021-07-19,52.565914154052734,53.06607387035887,51.98376237479008,52.63151030665531,2679000
2021-07-20,52.475711822509766,53.082460488891684,52.229732548900984,52.811887354057035,2488400
2021-07-21,52.401920318603516,52.82828587357813,52.254332121581676,52.47571441711444,1302300
2021-07-22,52.59049987792969,52.72988698064628,51.967352200721116,52.459310728633355,1322500
2021-07-23,53.36124038696289,53.36943521282055,52.36092114020984,52.59050137606944,1342800
2021-07-26,53.418636322021484,53.508829452673005,52.84467946736703,53.24645114230285,1695100
2021-07-27,54.361568450927734,54.55014956571705,53.14806467879759,53.385846034674216,1202800
2021-07-28,53.467838287353516,54.36156864578951,53.271056089078726,54.36156864578951,1054700
2021-07-29,53.590824127197266,53.9351945035055,53.43503484742288,53.484235083747386,1085100
2021-07-30,53.476036071777344,54.00899382084247,53.312045703668815,53.484237154081,2449500
2021-08-02,53.95980453491211,54.25498100182694,53.39405485298716,53.828618469391174,922500
2021-08-03,54.42715835571289,54.48455342399685,53.80401368737078,54.04998987047637,877700
2021-08-04,54.31235122680664,54.394343262189544,53.70560265826358,54.18116522131226,1249400
2021-08-05,54.97652053833008,55.009312359603804,54.213982454048676,54.82893232022421,1180800
2021-08-06,54.7059326171875,55.181495274666545,54.65673863730779,54.94371394592702,886600
2021-08-09,54.72232437133789,54.98470267010026,54.45175124694601,54.70592846448678,850000
2021-08-10,54.86992263793945,55.05030892440882,54.44356016995178,54.66493935887758,686600
2021-08-11,55.3864860534668,55.61606633154068,54.82893126860448,54.95191623500591,1185200
2021-08-12,55.27168273925781,55.509457788017485,55.124094559163446,55.411069838349185,1016000
2021-08-13,55.837440490722656,55.87023856400281,55.247087682865605,55.27988575614576,905500
2021-08-16,56.4113883972168,56.575372481884074,55.845632670608566,55.944026874764035,1153200
2021-08-17,56.55078125,56.62457221893254,56.06701751649206,56.37039498515272,1392700
2021-08-18,56.468788146972656,56.739361283608716,56.108015624001425,56.50158621775117,2106400
2021-08-19,56.687774658203125,56.96047246945278,56.36549771929667,56.49771713247297,1897600
2021-08-20,57.23316955566406,57.25795911917842,56.35723171588913,56.52250598026579,1475500
2021-08-23,56.94394302368164,57.28274420618233,56.621659809474956,57.21663450559798,1577800
2021-08-24,56.58861541748047,56.96047147756839,56.16717392603058,56.94394720349341,1669800
2021-08-25,56.902626037597656,57.08442457199388,56.340706160631335,56.53076998420059,1143800
2021-08-26,57.109222412109375,57.13401197865295,56.75389058098969,56.91915856099309,1651900
2021-08-27,56.4481315612793,57.39017281185108,56.398552433744555,57.16706043337613,1448100
2021-08-30,56.117591857910156,56.696035988743795,56.05974114025861,56.315914659257665,936400
2021-08-31,56.56382369995117,56.71256739581428,56.05974819200223,56.109333627002584,1827200
2021-09-01,56.70430374145508,56.86957169899759,56.29938652770955,56.66298359978522,947600
2021-09-02,56.976993560791016,57.16705738047186,56.70430206934392,56.79520133468237,1018300
2021-09-03,56.60513687133789,57.09268173936543,56.415073053818276,56.952203350737314,903800
2021-09-07,55.55567932128906,56.56382403865472,55.456514755263534,56.505979617948746,1310400
2021-09-08,56.53076934814453,56.737357443167014,55.44824344312027,55.54740799837566,1070100
2021-09-09,56.34897994995117,56.646467359371655,56.03496195969102,56.514247930931724,777100
2021-09-10,55.10944747924805,56.32418660207153,55.043337769466206,56.32418660207153,912400
2021-09-13,55.0185546875,55.84490724343877,54.94417967908928,55.60526424566817,944600
2021-09-14,54.34093475341797,55.36560994837745,54.208715345258874,55.20860097733062,1013600
2021-09-15,53.531105041503906,54.21697901557118,53.018770611605916,53.39062665295563,2230500
2021-09-16,53.34104537963867,53.845120804891245,53.250146119047685,53.50631332367613,1257700
2021-09-17,53.051822662353516,53.84512653088501,52.80392071993496,52.96918868154733,3392600
2021-09-20,53.101402282714844,54.10128784154325,52.53948244833704,53.02702729493135,1738900
2021-09-21,52.77912521362305,53.44020648197646,52.6221193974779,53.12619484968618,1661800
2021-09-22,51.919715881347656,53.08486933159312,51.70486252072023,52.97744580356323,1532700
2021-09-23,52.32462692260742,53.02702511050266,51.92797820037771,52.12630413763448,1610000
2021-09-24,52.18415451049805,53.431948380399085,52.159361795329794,53.12619572750275,1398900
2021-09-27,52.134578704833984,53.21710160123755,52.027151998525945,52.38248382130404,1418100
2021-09-28,51.67182159423828,52.34116826413841,51.547870608742855,52.08499785045905,1461500
2021-09-29,52.19242858886719,52.51470558923298,51.53134715833673,51.65529815340093,966700
2021-09-30,51.39911651611328,52.89481539616123,51.39085122737994,52.63864503425612,1850200
2021-10-01,51.068580627441406,51.80403380138544,50.83720295086156,51.40738500484094,1911500
2021-10-04,51.74618148803711,51.92798000749216,50.93635659126706,50.99420100158749,783000
2021-10-05,51.96104049682617,52.15110117312049,51.65528783504966,52.15110117312049,1173200
2021-10-06,52.415531158447266,52.46511343554255,51.49001738532431,51.804029016742014,893800
2021-10-07,51.82883071899414,52.828716505006696,51.77924843330087,52.5808113811097,1473300
2021-10-08,51.24210739135742,51.91971921257237,51.209055693380414,51.69660370173647,1085700
2021-10-11,51.2007942199707,51.39912018403137,50.57276777963307,51.07684325068151,1869100
2021-10-12,51.31648635864258,51.62223903761486,51.07684654166265,51.266907228646126,922500
2021-10-13,51.812294006347656,51.93624496994344,50.82893267282027,51.275163707246946,889800
2021-10-14,52.58906173706055,52.671698861368434,51.81229168227026,51.98582491489086,882800
2021-10-15,52.31637954711914,52.80392766346886,52.22548026490881,52.59733953200347,1063500
2021-10-18,52.10151672363281,52.31637010686695,51.6552856836396,51.89492862944531,1324400
2021-10-19,52.58906173706055,52.671698861368434,52.15109601122266,52.423790640728754,643500
2021-10-20,53.175777435302734,53.53937452077303,52.721284230749205,52.721284230749205,955400
2021-10-21,52.96092987060547,53.27494786247766,52.894826460615505,53.126204157003826,673300
2021-10-22,53.41542053222656,53.5641642217018,52.90307975635214,52.98572004294738,689600
2021-10-25,53.07661056518555,53.621999800311464,52.91133632380824,53.341043046821554,715800
2021-10-26,53.2005615234375,53.671582106328664,52.95265960350786,53.060083138353896,747900
2021-10-27,52.69649887084961,53.423689947522014,52.53122774174889,53.217101824217266,948900
2021-10-28,53.03529357910156,53.05181785193703,52.63037954438406,52.69648924486203,777400
2021-10-29,52.67995834350586,53.332777407369576,52.308099183565524,52.9939699432032,1369900
2021-11-01,52.8535041809082,53.09314715809225,52.49817236019658,52.67997091561682,798500
2021-11-02,52.81217956542969,52.82870699101767,52.175887865571006,52.78739000318978,1186800
2021-11-03,52.73780059814453,53.44019875313169,52.48163026458217,52.803910291560754,1257600
2021-11-04,52.655189514160156,53.10967966861185,51.49829459493476,52.73782351455409,1535000
2021-11-05,53.61374282836914,53.67985253517463,52.75433870588799,52.81218312320063,1049100
2021-11-08,52.655189514160156,53.655075419438,52.25854063815618,53.61375526695598,787200
2021-11-09,52.985721588134766,53.11793470231912,52.67170677316471,52.67170677316471,724800
2021-11-10,53.45673370361328,53.68811134493842,53.134456802543575,53.283200472619434,747800
2021-11-11,53.390625,53.57242352287791,52.82870515863555,53.41541456138008,1251000
2021-11-12,53.29973602294922,53.98561010812409,53.23362631013422,53.67985741478164,752100
2021-11-15,54.20871353149414,54.241768382427935,53.44020558484588,53.704638087748066,842200
2021-11-16,54.02691650390625,54.539257250754915,53.91122767470951,54.27482474050974,975100
2021-11-17,54.291351318359375,54.481415148431104,53.75422729053601,54.06823893960167,1119700
2021-11-18,54.24383544921875,54.37721815030125,53.26016028886564,54.160474441060806,2134900
2021-11-19,54.69398880004883,55.0774544994869,54.20214807335346,54.393884103090905,3651100
2021-11-22,55.402584075927734,55.72769653864527,54.235510598461275,54.752359150492666,1642200
2021-11-23,55.185829162597656,56.51963078734337,54.99409947206577,55.29420420162981,1678600
2021-11-24,54.627296447753906,55.394227832502295,54.3355297644297,55.33587449583745,1360500
2021-11-26,53.77701187133789,54.53560535814065,53.69365085828802,54.21883096453608,573700
2021-11-29,54.40222930908203,54.552281677413795,53.351862730759656,53.927064536037705,876300
2021-11-30,52.76832580566406,54.56061302639821,52.626611447474616,54.19382329696891,1874500
2021-12-01,52.63494110107422,54.227163641932286,52.601595427125474,53.2268125035811,1212000
2021-12-02,53.11845397949219,53.6686418046459,52.643289165025614,52.7516578560309,1007200
2021-12-03,54.09379196166992,54.11879963221473,53.060101298908656,53.51859009898616,702300
2021-12-06,55.65266418457031,55.83606223226663,54.41056153791352,54.66065094114263,1459200
2021-12-07,55.57762908935547,55.936087138338905,55.37756140342243,55.37756140342243,912500
2021-12-08,55.786033630371094,56.19451336241929,55.43591359721858,55.88607065128764,609800
2021-12-09,55.38590621948242,55.83606333818826,55.185832148921264,55.83606333818826,613700
2021-12-10,55.80271530151367,56.01945266207208,55.385903878849334,55.8110469507399,493500
2021-12-13,56.33623504638672,56.66968546618935,55.64432653830288,55.736025562749546,910600
2021-12-14,56.002777099609375,56.79471617516811,55.79437141024793,56.45293415183453,1611100
2021-12-15,56.54463195800781,56.661338632758216,55.79437022030034,56.119482579967446,1041900
2021-12-16,56.79471969604492,57.26155279398006,56.28620927367594,56.569644335997694,1285000
2021-12-17,55.76102828979492,57.144845183331455,55.62765194971608,56.71969577675807,2215400
2021-12-20,55.77769470214844,55.87772534997252,54.76900569632413,55.69432734891356,1294400
2021-12-21,55.25251007080078,56.352891751171455,54.994089075876516,56.09447075624719,1264500
2021-12-22,55.54429244995117,55.610983809456,55.06079599363645,55.26920172206045,1105300
2021-12-23,55.64432144165039,56.06947084695881,55.494269084484905,55.55262242560275,526700
2021-12-27,56.25286865234375,56.269538309722876,55.36922417035839,55.67766689218803,711500
2021-12-28,56.96977233886719,57.0031180101147,56.25286266717349,56.31954764963202,572900
2021-12-29,57.11149978637695,57.26988379348943,56.65300470254216,57.01146276080285,502100
2021-12-30,57.0448112487793,57.2698866173726,56.81139787096772,57.253216958973574,513300
2021-12-31,57.19486999511719,57.40327572856098,56.77805852822961,56.96978824137647,485900
2022-01-03,56.81973648071289,57.26155557338833,56.21118900209735,57.178188200399475,1028100
2022-01-04,56.669681549072266,57.40326733390098,56.65300553121405,56.81973390960965,1014500
2022-01-05,56.27788162231445,56.98645978839427,56.21119026643835,56.694693056483494,1224400
2022-01-06,56.061126708984375,56.59464472945655,55.886066704770364,56.14448770717631,1324900
2022-01-07,56.31122970581055,56.56131276097261,55.594313499610855,55.944433592860555,1004700
2022-01-10,55.702674865722656,56.63633468503582,55.44425383467837,56.41959097768796,1780100
2022-01-11,55.3192138671875,55.81938631451435,54.91074044387497,55.6860099632448,1682000
2022-01-12,55.57762908935547,55.769365126734215,54.97741967151929,55.1774937174894,1236600
2022-01-13,55.6359748840332,55.786027218142046,55.010757885252374,55.01909589271292,1315400
2022-01-14,54.88572692871094,55.752695480202085,54.693997229461026,55.560965780952166,1433100
2022-01-18,53.785343170166016,54.85238575437975,53.3768697568568,54.58562669833571,1955400
2022-01-19,54.1104621887207,54.60229661687912,53.67697474556106,53.78534342633217,1754900
2022-01-20,53.568603515625,54.60229401852401,53.51025017336547,54.31886531613126,2922700
2022-01-21,53.451904296875,54.018768140873185,53.30184873579643,53.885385419914456,2041900
2022-01-24,53.00173568725586,53.56026140035265,51.67627539466118,53.26015670315862,2007800
2022-01-25,52.434879302978516,52.810007046943355,51.901357999969015,51.901357999969015,1626700
2022-01-26,52.50156784057617,53.410216893819715,52.10142924557244,52.66829305016578,1437900
2022-01-27,52.810001373291016,53.326849781926995,52.343174655837245,52.935046061191,1599000
2022-01-28,53.993743896484375,54.043765587400216,52.301493874707084,52.62660624549361,1553800
2022-01-31,54.15213394165039,54.3855472977723,53.40187218266071,53.451893873284654,1560100
2022-02-01,53.81035232543945,54.293848698212976,53.318511584121985,54.085443005798474,2112200
2022-02-02,55.335880279541016,55.49427064991626,53.72698798900713,53.860370692488885,2132800
2022-02-03,54.87739944458008,55.27753489253972,54.50226530707486,55.23585756173132,1583400
2022-02-04,54.377220153808594,54.902400248587206,53.985416404989444,54.46891281413464,1769500
2022-02-07,54.23549270629883,54.61895839838331,53.73532034097284,54.343867731477864,2134900
2022-02-08,54.52726745605469,54.777350466526535,54.32719341563295,54.47724576593081,1562200
2022-02-09,54.54393768310547,55.03577206086904,54.30218631842886,54.8440423868394,1389300
2022-02-10,52.759979248046875,54.22715691972955,52.626599748804644,54.01041324594961,1802100
2022-02-11,52.29315948486328,53.335188017193616,52.03473526403862,52.87669609897201,1967400
2022-02-14,51.609596252441406,52.6349520903022,51.23446529224376,52.35152016259944,1729700
2022-02-15,50.992706298828125,52.06808049826861,50.784300594131224,51.83466712661406,2391200
2022-02-16,51.02604293823242,51.35949327870193,50.51753260002458,51.00103527570356,2970700
2022-02-17,50.892669677734375,51.21778205054252,50.41750495131963,50.94268818894275,1843700
2022-02-18,50.825984954833984,51.334495389858226,50.58423357096694,50.60924123825707,1927400
2022-02-22,50.834320068359375,51.22612381819695,50.39250098366167,50.901011421531194,2190100
2022-02-23,50.1840934753418,51.0427239465152,50.134074962256676,50.81764540766012,2473100
2022-02-24,50.50920867919922,50.78430256647341,49.56721396697916,50.03404390843751,2408500
2022-02-25,52.14310836791992,52.618273135616526,51.026053627365734,51.54290208136667,2104100
2022-02-28,52.026405334472656,52.23481106056492,51.55124053338381,51.78465392900107,2936000
2022-03-01,50.750953674316406,52.34317299220881,50.492529478211935,51.868008281320705,2085300
2022-03-02,51.52622985839844,51.88468794077025,50.70094183200271,50.88433987787261,1271200
2022-03-03,52.026405334472656,52.65995734258478,51.609593882288124,51.609593882288124,1255200
2022-03-04,53.59382629394531,53.62748095788086,51.91954367223365,51.91954367223365,1210000
2022-03-07,54.05657196044922,54.26690881632645,53.004887681063046,53.61065885302491,1643200
2022-03-08,53.61906814575195,54.839022488728475,53.577001418646326,54.275321284644846,1584400
2022-03-09,53.31618881225586,54.283736486809666,53.223640076105944,54.13229368392543,1615000
2022-03-10,53.938785552978516,54.08181307897826,52.83661923765575,52.83661923765575,1624400
2022-03-11,54.14070129394531,54.48565679240759,53.85464627285352,53.964019118746684,990000
2022-03-14,54.283729553222656,54.84743717021738,54.02291392228026,54.401524090617414,1225800
2022-03-15,54.57821273803711,54.864267796983846,54.031335598258714,54.84744367191654,1325600
2022-03-16,54.41835021972656,54.64551119392591,53.84623372959081,54.34262561567926,1420100
2022-03-17,54.68757629394531,55.11666522833268,54.24166323735307,54.28372675235061,1310200
2022-03-18,54.49406433105469,55.04094138528286,54.13228471847028,54.72123170724323,2189800
2022-03-21,54.670753479003906,55.217624119843336,54.54455009305217,54.54455009305217,1237900
2022-03-22,54.77170944213867,54.83060349798837,54.292141724799464,54.83060349798837,1377500
2022-03-23,54.813785552978516,55.083016469913275,54.30056311460736,54.77171561450034,1520800
2022-03-24,55.12507629394531,55.14190683579685,54.687578490369575,54.77171194271442,1005600
2022-03-25,56.24406433105469,56.277718992499324,55.30175948648619,55.31858360772335,920700
2022-03-28,56.34503173828125,56.437580458133645,55.89911868024922,56.35344700889621,799500
2022-03-29,56.95081329345703,56.95922214664427,56.403936144607236,56.614273015782395,754700
2022-03-30,57.43037414550781,57.438782997676356,56.689984340524624,56.9171517284976,702000
2022-03-31,57.4976692199707,57.8510399509847,57.37147226493383,57.43877516796341,1473700
2022-04-01,58.10343551635742,58.120266054962634,57.2116095393728,57.48084038632871,1043500
2022-04-04,57.56499099731445,57.918355385815694,56.98446562162573,57.69119439862822,1310200
2022-04-05,58.120269775390625,58.574598062268265,57.73325080930304,57.73325080930304,1188500
2022-04-06,59.407535552978516,59.44960548711507,58.06978995887889,58.263302669348036,1389900
2022-04-07,59.38230514526367,59.40754454197631,58.625091149026154,59.40754454197631,1101500
2022-04-08,59.828216552734375,60.139517414183025,59.43278223166952,59.57580975491423,1032500
2022-04-11,59.38230514526367,60.097449200998994,59.29817168323099,59.96283052656935,657600
2022-04-12,60.03013610839844,60.08903017003417,59.071000579490075,59.205619245498205,990200
2022-04-13,59.39912033081055,60.013306707263354,59.11306531915495,59.93758210954993,710300
2022-04-14,59.57582092285156,60.03856466594281,59.44120864602584,59.449623919256425,739000
2022-04-18,59.61787796020508,59.97965760310668,59.27292244114877,59.735666084036176,793800
2022-04-19,59.828216552734375,60.15634153851766,59.57580975491423,59.97124407597909,742200
2022-04-20,61.098655700683594,61.123895097797046,60.22365355991059,60.37509636156307,1235400
2022-04-21,60.677978515625,61.52773479200832,60.52653572258129,61.014512349969735,1061800
2022-04-22,60.013309478759766,60.66955940071923,59.962824271629096,60.577010676445866,1536200
2022-04-25,58.97844314575195,60.232048797798655,58.09503235161314,60.18157001498225,1035800
2022-04-26,58.24647903442383,59.4580148362507,58.229648493040095,58.93638359482898,797600
2022-04-27,58.22123718261719,58.801768939399565,57.447199119554824,58.179173664238206,1082300
2022-04-28,58.66716384887695,58.95321891703671,58.095047293585445,58.507305770215915,710700
2022-04-29,57.085418701171875,58.42316437914145,56.976045852118716,58.33902450559319,1272500
2022-05-02,56.43758773803711,57.472441493188015,55.7056131554153,57.211625841218066,940000
2022-05-03,56.68997573852539,57.69118102617749,56.40392075289344,56.71522154811363,822200
2022-05-04,57.8258056640625,57.88469972126817,56.73205155141918,56.87507905906568,1353000
2022-05-05,57.44719696044922,58.843836665152594,56.933974555127705,57.783737189688544,1192700
2022-05-06,57.295753479003906,57.75849709093204,56.77412222807134,57.21162002746358,1623100
2022-05-09,57.12748718261719,57.741667162457965,56.050563585933936,56.9928685235463,1607900
2022-05-10,55.907535552978516,57.84263725792315,55.24287671536434,57.093838540029225,1409000
2022-05-11,56.33662414550781,57.20321098680058,55.9664292156462,56.11787201250126,1059000
2022-05-12,56.202003479003906,56.504889027373494,55.30176210439724,56.25248226407529,914300
2022-05-13,56.88349151611328,57.03493428700414,55.94959549878139,56.54695131202576,877800
2022-05-16,56.807777404785156,57.18638761136825,56.49648295420696,57.001290144012735,1117900
2022-05-17,57.17797088623047,57.186386157888656,56.210420052627704,57.09383742656317,868600
2022-05-18,56.42075729370117,57.480856865814765,56.27772976940016,57.37989286214676,988400
2022-05-19,56.601505279541016,56.830630451241625,55.25223706018259,56.2366077434512,1182600
2022-05-20,57.220985412597656,57.373733370333255,56.16023750451472,56.75425374332459,1147400
2022-05-23,57.78954315185547,58.112014650611144,57.16158222030213,57.7046846163955,1365700
2022-05-24,58.82483673095703,58.83332452716748,57.424648173643696,57.95078147573539,846200
2022-05-25,58.99456024169922,59.147308218683996,58.646638250634716,58.95213420460427,1092900
2022-05-26,59.02849197387695,59.61402683592458,58.90968873727176,59.35096345119747,715300
2022-05-27,59.885581970214844,59.894069766044474,58.79937717850673,58.83332188753402,1126900
2022-05-31,59.350975036621094,59.66495230567058,58.73998314378998,59.232171776825275,2408500
2022-06-01,59.41036605834961,59.58857091622352,58.96061001595962,59.58857091622352,1390400
2022-06-02,59.41036605834961,59.57159532540261,58.29869793405391,59.53765709234266,1382700
2022-06-03,59.41036605834961,59.698886359395665,59.10487016648265,59.31701973170743,1409700
2022-06-06,59.741329193115234,59.851644655364034,59.291573072949745,59.59706901764556,1766800
2022-06-07,59.868614196777344,59.98741744389411,58.90121262780288,59.5800874007142,2016100
2022-06-08,58.536312103271484,59.58857215587566,58.47691048274442,59.57159656470161,1150800
2022-06-09,57.17006301879883,59.00303176269469,57.17006301879883,58.544787958148106,1140100
2022-06-10,56.64393615722656,57.288872673840714,56.15174759259231,56.491188205246665,1419900
2022-06-13,53.716270446777344,56.23660513572049,53.51260867249181,56.23660513572049,1370300
2022-06-14,52.03604507446289,54.08116675276535,51.1789622557089,53.76718630278364,1768400
2022-06-15,52.02756881713867,52.72341924279345,51.37414766384899,52.434895658706395,1386300
2022-06-16,51.54385757446289,51.671145365835855,51.00923978668955,51.399594192999146,1930700
2022-06-17,51.03470230102539,52.078477843185325,50.35582429439442,51.85784370495989,3093600
2022-06-21,51.71357727050781,52.04453331412737,50.9158960642076,51.043187099226316,1229000
2022-06-22,51.951194763183594,52.47732486153483,51.36565979902476,51.45900614039188,1157500
2022-06-23,52.98648452758789,53.06285851537557,51.95968120955609,52.12940154210049,1501300
2022-06-24,54.40363693237305,54.57335400078926,53.15619640921128,53.17316876348202,1338200
2022-06-27,55.1334342956543,55.24374974732849,53.89447827902428,54.16603272161461,840600
2022-06-28,54.93825149536133,55.82928228979777,54.90430678683801,55.36255064046608,664800
2022-06-29,55.2946662902832,55.4219508511419,54.85339156500308,55.0485720154714,786900
2022-06-30,55.37104415893555,55.73594172041055,54.378185610605364,54.67519374801715,1485600
2022-07-01,56.69484329223633,56.81364652150101,55.12493792756115,55.60863863936465,1580200
2022-07-05,54.318782806396484,56.491192535023124,53.699303155250334,56.491192535023124,1023400
2022-07-06,55.124942779541016,55.78684839350106,54.36969083804394,54.5139509899499,979500
2022-07-07,54.68367385864258,55.71896477007196,54.68367385864258,55.36254858098137,998300
2022-07-08,54.64972686767578,55.031593478390704,54.29331393062445,54.90430245005552,789000
2022-07-11,55.124942779541016,55.15039969172548,54.45454937008915,54.556383493118,576000
2022-07-12,55.1334342956543,55.88019849205415,54.87037088627428,54.93825383191687,734300
2022-07-13,54.72610092163086,55.48984066370552,54.530926944056304,54.76853342508152,751500
2022-07-14,55.00613784790039,55.14191667442914,53.80112989676631,53.80112989676631,612400
2022-07-15,55.192840576171875,55.413477972426996,54.36969909432453,55.413477972426996,896100
2022-07-18,54.67518997192383,55.192835464644425,54.45455259610241,55.08252001387941,759300
2022-07-19,54.615787506103516,55.167377700003165,54.58184279693986,54.77702325605806,872500
2022-07-20,53.58898162841797,54.85339122807896,53.580493832982526,54.649729457664996,1052200
2022-07-21,53.775672912597656,53.79264526691247,53.113767280047774,53.563523339380836,808900
2022-07-22,54.57334899902344,54.60729370445381,54.02176210293372,54.081163718864225,746000
2022-07-25,55.11646270751953,55.150407419952494,54.310296828685495,54.43758788173611,853500
2022-07-26,55.75290298461914,55.82928019450293,54.72609986891691,54.99765105262088,924100
2022-07-27,56.34693908691406,56.37239600484898,55.37953735963241,55.51530974671613,1253700
2022-07-28,57.37372589111328,57.551930739525524,56.48269517476152,56.82213575595698,990700
2022-07-29,57.92531967163086,58.19687085881839,57.37372950176184,57.37372950176184,2512700
2022-08-01,58.10352325439453,58.15443707765739,57.34827132930476,57.76408265929679,1125400
2022-08-02,57.70468521118164,58.43448027738401,57.55193725606274,58.23081849532259,1102800
2022-08-03,58.018672943115234,58.145957519303515,56.9154924713438,57.704689215170006,836200
2022-08-04,57.90835189819336,58.35810800572441,56.643942119122535,57.093698226653586,1130800
2022-08-05,57.560420989990234,58.03563393936193,56.7542487659737,57.84045996699464,670100
2022-08-08,58.24779510498047,58.34114144924263,57.755606466924014,58.16293655773091,961100
2022-08-09,59.01151657104492,59.13880758935879,58.315666341791236,58.57024190412884,1127300
2022-08-10,59.036991119384766,59.342487064900475,58.553290284700225,59.30005455468749,838200
2022-08-11,58.84180450439453,59.66494591212558,58.638142720038736,58.90969392394359,910000
2022-08-12,60.157135009765625,60.20804883771957,59.0794179808944,59.1812456368023,565600
2022-08-15,60.61538314819336,60.70024169218311,60.01287906928664,60.18259615726615,928600
2022-08-16,60.428688049316406,60.74267177123828,60.26745229018198,60.454144964065705,1038200
2022-08-17,60.36079788208008,60.64932468569132,60.258970224339755,60.28442713877484,731800
2022-08-18,60.688453674316406,60.7654446299827,60.24359528534527,60.371920071658856,603000
2022-08-19,61.022090911865234,61.15041569125864,60.269255687087615,60.791105003583226,1006500
2022-08-22,60.10671615600586,61.022089995863,60.0040550286583,60.77399716659171,735200
2022-08-23,59.901397705078125,60.09816324660499,59.54209352684965,60.089606520398675,562300
2022-08-24,59.98694610595703,60.09815742839364,59.60197178637967,59.807294034235234,916100
2022-08-25,60.24359893798828,60.42325103897192,59.67897898159256,60.07250356377628,577800
2022-08-26,59.43943786621094,60.44891615396071,59.31966328205488,60.25215061592177,608200
2022-08-29,60.02971649169922,60.47457483379502,58.729374893685716,59.131456135894545,683500
2022-08-30,59.362430572509766,60.3804654180272,59.12289449753355,59.95272056217867,787400
2022-08-31,58.626712799072266,59.576306964387435,58.60104915031277,59.3709912474425,940100
2022-09-01,59.66187286376953,59.84152498684229,58.541183013085266,58.76361224840576,773200
2022-09-02,58.489845275878906,60.192268304624925,58.35296376257783,59.67897568348545,830600
2022-09-06,58.19041061401367,59.35387720997584,58.05353564636048,58.62671221921671,1127300
2022-09-07,59.98694610595703,60.06393705375105,58.464168805272536,58.464168805272536,852800
2022-09-08,59.98694610595703,60.42324119719464,59.66185581028694,59.7559602088368,575500
2022-09-09,60.01260757446289,60.41468880331603,59.66185364227395,60.09815524452617,652200
2022-09-12,60.58578872680664,60.850988482126034,59.97839173847779,60.13238016698858,715300
2022-09-13,58.86625289916992,60.346253171498766,58.63527351773425,59.98694901065687,703100
2022-09-14,59.567745208740234,59.91849911714977,59.011682127592884,59.011682127592884,994500
2022-09-15,57.79689407348633,59.345335191055796,57.71990311735796,59.345335191055796,1722400
2022-09-16,57.377708435058594,58.267418731388396,57.26649709559365,57.91666473274728,1857700
2022-09-19,57.882442474365234,57.993653797680686,57.018395956701724,57.26648877966923,782400
2022-09-20,57.06971740722656,57.64289394282583,56.65908600408949,57.42047131898844,752800
2022-09-21,56.4195556640625,57.882449120367994,56.402448738076366,57.403370343447584,639500
2022-09-22,56.35966873168945,56.69330924963903,55.94048053447298,56.32544835460878,1031200
2022-09-23,55.564064025878906,56.04314278773014,54.939560080545064,55.81215686952855,1230000
2022-09-26,54.323612213134766,55.606847147303306,53.587890328728506,55.598290420218476,1159100
2022-09-27,53.83597946166992,54.92244875868166,53.6221069874899,54.5545911054522,1367900
2022-09-28,54.08407211303711,54.597364743778954,53.87019963965551,54.52037052282418,1666400
2022-09-29,51.74858474731445,54.05840483355425,51.697254179211484,54.05840483355425,1467600
2022-09-30,50.81609344482422,52.1934292278577,50.69632213620722,52.04799753397448,2005000
2022-10-03,51.99666976928711,52.67250750451427,51.15829014449067,51.77424385390628,2057500
2022-10-04,53.0660400390625,53.29702271493246,52.12500240857169,52.40731239234488,1492800
2022-10-05,51.466270446777344,52.432974913603694,51.209624138473714,52.39020107279223,1338000
2022-10-06,49.644073486328125,51.2866156468469,49.515751970675446,51.2866156468469,1881700
2022-10-07,48.79714584350586,49.80662421066643,48.480612223280296,49.65263576391752,1411800
2022-10-10,49.12222671508789,49.47298069430076,48.737258884757914,48.934021163029975,968700
2022-10-11,49.062347412109375,49.857953328062294,48.74581704382294,48.89980549616449,1072500
2022-10-12,47.14604187011719,48.91690543757252,47.128931683060316,48.91690543757252,1231500
2022-10-13,48.651702880859375,48.857021863995975,46.29910598556822,46.589972641341596,1689300
2022-10-14,48.1384162902832,49.549972644516664,47.83043940908756,49.156448080071094,862100
2022-10-17,48.993900299072266,49.62696091142181,48.703033642106796,48.703033642106796,910800
2022-10-18,50.345577239990234,50.465348562351984,49.592748508611145,49.798064248647314,1029300
2022-10-19,49.89216613769531,50.088928405063214,49.31898952363683,49.72106752067789,642700
2022-10-20,48.79714584350586,49.849398054,48.59182682669563,49.81517767395912,688100
2022-10-21,49.75528335571289,50.10603402004076,48.75436192218009,49.079445675065365,861300
2022-10-24,49.986270904541016,50.662108651796466,49.6012998293047,50.24291720022032,2293000
2022-10-25,50.867427825927734,51.355056799753996,49.986274287861846,50.08893216039503,1967000
2022-10-26,50.74766159057617,51.42349940790046,50.70488774743408,51.19251673881108,1458100
2022-10-27,51.500484466552734,51.894008974929434,51.21817127786871,51.21817127786871,1295500
2022-10-28,53.006141662597656,53.057472220047764,51.63735943160411,51.63735943160411,763900
2022-10-31,52.29609298706055,52.90348996879684,51.842681168729044,52.894936506610044,1714700
2022-11-01,52.32176208496094,52.74095357132351,51.902570598598366,52.41586649598733,1377700
2022-11-02,51.988121032714844,53.44245449912365,51.953900653873475,52.0394516009769,1365100
2022-11-03,52.64684295654297,53.06603113007462,51.08985178512765,51.337941346358086,2044700
2022-11-04,53.55365753173828,53.630651740475976,51.594588466629176,52.91204021340227,2309200
2022-11-07,52.390193939208984,53.55365726266092,51.722909712356845,53.55365726266092,1444500
2022-11-08,52.595516204833984,53.040371323677,52.23621203005779,52.56129582720725,1873000
2022-11-09,51.44060516357422,52.60407187198263,50.85031508341817,52.37308922280437,2902100
2022-11-10,52.78372573852539,53.134476455397945,51.04707907977457,52.93771417651187,2212000
2022-11-11,50.80753707885742,52.74094579269621,50.3969023795707,52.70672541856369,2466000
2022-11-14,49.13078308105469,51.10696583893413,49.12222635490328,51.02141489459431,2752700
2022-11-15,51.081302642822266,51.303731850864615,49.87506197900821,49.87506197900821,3639700
2022-11-16,50.85886764526367,51.89400948711959,50.74765306103885,51.260945619341186,2536700
2022-11-17,50.299598693847656,50.83553081411145,50.11807489380753,50.49841094590614,2308800
2022-11-18,50.697235107421875,51.10350225784375,49.80689781312642,50.84418202838741,5822500
2022-11-21,50.48112487792969,50.94789988423929,50.31688623544455,50.56756383902239,3053400
2022-11-22,51.17264938354492,51.50112338985282,50.70587105312346,50.77502486389783,5398200
2022-11-23,50.42061996459961,50.70587119123288,49.77231782528239,50.169942346012505,3531500
2022-11-25,51.0084114074707,51.18993851444085,50.437905650764385,50.800956567269445,1134600
2022-11-28,50.73179244995117,51.0343353684862,50.368744904630624,50.653996076320404,3798700
2022-11-29,50.19588088989258,50.52435494626225,49.348766363411386,49.93656065483682,2733800
2022-11-30,51.181297302246094,51.22451678977269,49.70316906576188,50.12672795736783,8247200
2022-12-01,50.896034240722656,51.92467231396806,50.64535665480608,51.69992905250012,2710000
2022-12-02,50.567569732666016,50.75773942615622,50.08350292079795,50.51570437150449,1994800
2022-12-05,50.27366638183594,50.59349449242762,49.9711267228215,50.05756568327278,3355800
2022-12-06,50.5416374206543,50.576211029784226,49.979774229992834,50.23909443436147,3225100
2022-12-07,51.578914642333984,51.61349154648871,50.45519163678608,50.541633897172886,4444000
2022-12-08,53.592979431152344,53.69670685515654,51.15536353372379,51.648072919537945,3708100
2022-12-09,53.93009948730469,54.8031483127922,53.43739006992483,53.56705183131345,2691900
2022-12-12,54.578399658203125,54.60433069053683,53.86094695167525,54.362298928927736,1620600
2022-12-13,54.673484802246094,55.58111050805784,54.13755591402775,55.200771112118304,2136400
2022-12-14,54.50059509277344,55.53787909726776,54.172121110239324,54.76856114397691,1719200
2022-12-15,54.284507751464844,54.63027027050891,53.74857881463873,54.40552364389954,1348100
2022-12-16,53.51517868041992,53.93873751488101,52.52975998904585,53.78314474282878,3053800
2022-12-19,53.325016021728516,53.75721749043337,52.98789940372841,53.541116756080946,1687200
2022-12-20,53.601619720458984,53.835008887579356,52.970606030438084,53.24721468092847,1561200
2022-12-21,54.47467041015625,54.50924731706879,53.61026752195466,53.878233604373875,1542300
2022-12-22,54.12026596069336,54.42280565595953,53.29043997016155,54.29314719974633,988500
2022-12-23,54.75127410888672,54.76856256077627,53.8263633661236,54.05110664581766,837300
2022-12-27,54.872291564941406,54.94144537450376,54.448736022394954,54.85500311255081,833500
2022-12-28,54.65618896484375,55.1575441745161,54.35364930206562,54.87228966609527,1034500
2022-12-29,54.90687561035156,55.19212686830531,54.76857127067553,54.92416406499051,796300
2022-12-30,54.39687728881836,55.07975640293876,53.92145633121087,54.906875155417254,742800
2023-01-03,54.39687728881836,55.04517949394735,53.471966406629164,55.04517949394735,1194600
2023-01-04,55.22669982910156,55.71940921006044,54.50060127335659,54.75992147952937,1454700
2023-01-05,54.44873809814453,55.18347921686184,54.14619511592809,54.88958210988787,1301100
2023-01-06,55.99601364135742,56.523299889306514,54.768563219355,54.92415599079686,1646400
2023-01-09,55.56381607055664,56.28127204371701,55.41686916372734,55.82313957250179,1312600
2023-01-10,55.477378845214844,55.5551719413211,54.87229615071695,55.15755069284818,1315900
2023-01-11,55.67618942260742,55.83177560086709,55.399574186047424,55.47737387004748,1128300
2023-01-12,55.252628326416016,55.89229118068006,55.0451734899665,55.650252844140226,1102600
2023-01-13,54.36229705810547,55.25263097690082,54.2845006663462,54.89822592498308,1009000
2023-01-17,54.0856819152832,54.70805297476055,53.66212639781052,54.362290542287596,1655300
2023-01-18,52.313663482666016,54.34500896234337,52.27044399750093,54.34500896234337,2224000
2023-01-19,51.21586608886719,52.36552339987554,51.17264660819481,52.24450423758387,1643600
2023-01-20,51.552982330322266,51.65670974277068,50.204516076188,50.93925713530295,2006800
2023-01-23,51.98518753051758,52.296373088052654,51.155361575380866,51.30230847897508,1493900
2023-01-24,53.03111267089844,53.22128235000225,51.656712029728055,52.08027087024968,1316200
2023-01-25,53.532470703125,53.739925548074865,52.55569452396643,52.93603390210002,1888700
2023-01-26,53.074344635009766,53.739932032180796,53.03112184778104,53.45468076159831,903900
2023-01-27,53.36823272705078,53.558399109361766,52.771792657823426,53.02247027250057,969100
2023-01-30,53.325016021728516,53.6362016067857,53.082984254433164,53.28179653434513,1137900
2023-01-31,54.154842376708984,54.21535031521331,53.08298134225258,53.57569072575079,1709700
2023-02-01,54.36229705810547,54.656194171703255,53.402809325552845,53.85229922266918,1761700
2023-02-02,54.66484069824219,55.105684725172,53.96467316406915,54.405517190998964,1453900
2023-02-03,53.281795501708984,54.50060348793796,52.184003396782316,54.353656574195284,1547600
2023-02-06,53.69670486450195,53.722639192618075,52.66806664579205,53.16941859108894,1639100
2023-02-07,53.575687408447266,53.76585708764895,52.503829737793566,53.523822051182684,1200700
2023-02-08,52.40009689331055,53.31636504979639,51.89874498320566,53.21263763691865,1297800
2023-02-09,52.00248336791992,52.52112383916989,51.717232097963155,52.35688845934239,1257200
2023-02-10,52.789085388183594,52.79773126383732,52.03705578064479,52.18400269240398,1199200
2023-02-13,53.03111267089844,53.143485962862975,52.74586144967786,52.815011961893255,743500
2023-02-14,52.42603302001953,53.212639464345564,52.31365972870578,53.091620298158,965600
2023-02-15,53.03111267089844,53.08297802813633,52.011117060599155,52.13213622748757,1353000
2023-02-16,52.73721694946289,53.022471475554376,52.10620325841124,52.607558499141035,1186700
2023-02-17,53.67941665649414,53.921451701215986,52.7372174007117,52.979252445433545,963600
2023-02-21,52.840946197509766,53.59297574026061,52.46060683996233,53.2990786446263,1024500
2023-02-22,52.668067932128906,53.16941988967055,52.633491025419744,52.668067932128906,1269800
2023-02-23,52.52111053466797,53.1002621017092,52.235859336970236,52.57297588762886,1638600
2023-02-24,52.408756256103516,52.90146571587302,50.27367973214507,50.30825664448156,1843000
2023-02-27,52.02840805053711,52.892810928716436,51.90739217518165,52.39145897403878,1426600
2023-02-28,50.835533142089844,51.93332516476501,50.714513972419375,51.75179805897691,1623100
2023-03-01,50.1785888671875,50.86146796565337,49.971134012865875,50.5329939326361,2554300
2023-03-02,50.835533142089844,50.939260561515034,49.919264927767564,50.074857705622954,929100
2023-03-03,51.45790100097656,51.483835328931896,50.33417794682338,50.83553318644715,1225800
2023-03-06,51.1899299621582,51.72585872348181,50.956540832847594,51.45789269410267,1267600
2023-03-07,50.463844299316406,51.68265230651129,50.29096305272401,51.36282084621293,1050800
2023-03-08,51.36624526977539,51.46233912019133,50.352897694125815,50.4227853425834,980100
2023-03-09,51.34877395629883,52.466953017670825,51.15658958565291,51.392455403307316,1733900
2023-03-10,50.28300476074219,51.5060084073168,50.03840136548653,51.33129264854159,1182500
2023-03-13,51.444862365722656,52.49315366692844,50.20438671420124,50.317949133615784,1628000
2023-03-14,52.14372253417969,52.37085403965486,51.49727850382217,51.776822408694535,1877000
2023-03-15,52.66787338256836,52.903739192931454,51.68946631756002,52.02142597648879,2503500
2023-03-16,52.87752914428711,53.253166912790775,52.152463140904814,52.152463140904814,1651600
2023-03-17,52.30097579956055,52.82512321474377,51.86418795312126,52.73776364599983,2915900
2023-03-20,52.44947814941406,52.80764400068312,52.09131229814501,52.52810008420124,1829100
2023-03-21,51.497283935546875,52.571781558063584,50.95566797928249,52.46695341578616,1808600
2023-03-22,50.27427291870117,51.60210817262332,50.25680100757276,51.16532039169207,1415000
2023-03-23,49.92484664916992,50.58876263592611,49.75886515316105,50.12576863637806,2175400
2023-03-24,51.93406295776367,51.942797246297125,50.029668144576036,50.108290071081065,1295900
2023-03-27,51.645782470703125,52.405795552751016,51.540954344099504,52.152457858735055,985300
2023-03-28,51.75061798095703,52.37085583285313,51.50601455649874,51.532224089520966,813900
2023-03-29,52.528099060058594,52.67660530485763,51.83797357176284,51.83797357176284,762700
2023-03-30,52.807647705078125,53.09592593123592,52.39706609100702,52.807647705078125,659800
2023-03-31,53.392940521240234,53.41915005567425,52.80764646022914,52.886268398678176,1345400
2023-04-03,52.807647705078125,53.1658135814721,52.1699378925926,53.139607378846826,1534000
2023-04-04,53.04351043701172,53.34052626836569,52.51936308804368,52.7202850721322,1012700
2023-04-05,55.166297912597656,55.18376649125163,53.27063721571712,53.27063721571712,1812400
2023-04-06,55.28860092163086,55.84768877646574,54.95664125816272,55.62055725267252,2098500
2023-04-10,54.895484924316406,55.052728781973244,54.10053134724063,55.052728781973244,1798200
2023-04-11,54.65961837768555,55.03525610659448,54.59846835971675,54.895484160890646,1010600
2023-04-12,54.24904251098633,54.97411184630759,53.99570812390821,54.755717949995365,954200
2023-04-13,54.19662857055664,54.40628483890768,53.148337231522554,53.838462724066176,1045900
2023-04-14,53.602596282958984,53.960762125173765,53.27937426252766,53.67248059409964,933700
2023-04-17,54.21410369873047,54.4936476280709,53.593862481356545,53.794787804719824,829100
2023-04-18,53.93455505371094,54.51984906320997,53.759839280042534,54.23157086921937,911400
2023-04-19,54.58973693847656,54.642149338102286,53.97823339424214,54.0830615259198,957400
2023-04-20,54.81686782836914,54.81686782836914,54.36260812535842,54.65962395684903,943400
2023-04-21,55.052730560302734,55.39342448542239,54.63341470381499,55.27985873290711,964000
2023-04-24,55.11388397216797,55.28859975622773,54.65088997697204,55.05273394761101,676800
2023-04-25,55.62928771972656,55.76905966545749,54.88674988286088,55.00904991882219,750700
2023-04-26,54.18790054321289,55.60309560107282,54.16169433813556,55.105157710042185,921000
2023-04-27,54.62467956542969,54.79939534668165,54.03064790862883,54.11800746546798,932700
2023-04-28,54.257781982421875,54.869285579425025,53.89961611355848,54.53732591263591,970800
2023-05-01,54.572261810302734,55.27112153432723,54.09179262588649,54.09179262588649,1378100
2023-05-02,53.67247772216797,54.44996271932969,53.40167144890226,54.36260316954552,881400
2023-05-03,53.882144927978516,54.61594858779248,53.620072906422074,53.829729190696604,1097400
2023-05-04,54.318931579589844,54.5635316834874,53.23569635925152,53.82972803936826,1124300
2023-05-05,54.677093505859375,54.97410932451624,53.61133027436833,53.63753980677345,1523600
2023-05-08,54.20536422729492,54.95663976142837,54.12674229157337,54.423758122918535,686800
2023-05-09,54.30145263671875,54.4412245826238,53.759836762889904,54.240302618661914,845000
2023-05-10,55.14009094238281,55.26239099320226,54.27525296448732,54.62468120505339,1293900
2023-05-11,54.53732681274414,55.37595861722741,54.28398908042319,55.0527365674128,576500
2023-05-12,54.48490905761719,55.13135646573371,54.24904324651087,54.8430749191283,799400
2023-05-15,53.908348083496094,54.67709552471492,53.45408838334072,54.61594550088885,994000
2023-05-16,52.685340881347656,54.00443845204464,52.65913134966282,53.92581652184242,960200
2023-05-17,52.44947814941406,52.84258782334994,52.152462321598776,52.685343953775586,1375000
2023-05-18,52.28443145751953,52.35503663450246,51.63131589472389,52.0902613289153,988500
2023-05-19,52.31974411010742,53.396501076969884,52.29326758364406,52.628651508319514,1994300
2023-05-22,52.134395599365234,52.80516337033703,52.072614800302176,52.60216546850009,693300
2023-05-23,51.85197067260742,52.78751382359992,51.82549414793822,52.04614083165144,1188300
2023-05-24,51.36654281616211,52.10791572402922,51.172372679139514,51.737227586695255,1034500
2023-05-25,50.64282989501953,51.13707633234225,50.42218320212865,51.13707633234225,1121300
2023-05-26,50.71342849731445,50.78403704593071,50.00735984515641,50.431001036451235,992100
2023-05-30,50.32508850097656,51.066461382078735,50.245655572044164,50.70460100956462,1096700
2023-05-31,51.0576286315918,51.17236582143818,50.21917413437702,50.439820763496776,2053800
2023-06-01,50.48395538330078,51.15471973371884,50.02500993646705,51.03998589711099,1370000
2023-06-02,50.95172882080078,51.154723353935324,49.94558054056826,50.17505159682439,1389700
2023-06-05,51.3753662109375,51.77253086228316,50.87229210816658,51.084114377817855,1155600
2023-06-06,51.719581604003906,51.93140390294207,51.34889678936364,51.525414810678576,1219800
2023-06-07,52.68159866333008,52.96402613665849,51.43715155685145,51.8166641054117,1195800
2023-06-08,52.75220489501953,53.069936630240406,52.399168885485025,52.734552757862716,1299900
2023-06-09,52.42565155029297,52.97285436392225,52.38151952166391,52.77868421171786,1259000
2023-06-12,52.50508117675781,52.69042356482624,52.1961738298429,52.47860128789027,1106700
2023-06-13,52.29326248168945,52.58451771157605,51.92257768016226,52.213829543247755,1160800
2023-06-14,52.002010345458984,52.74338335941956,51.83432007290648,52.40800281431455,1144300
2023-06-15,52.610992431640625,52.743378413303745,52.14322256952248,52.178523477885385,1117200
2023-06-16,52.346221923828125,53.11407146197435,52.275613366995636,52.56686861372772,2717200
2023-06-20,51.94021987915039,52.57568330627388,51.701924460779765,52.52272689841336,1476100
2023-06-21,52.081443786621094,52.24913742757837,51.06647102178043,51.76371537771533,1147600
2023-06-22,51.454803466796875,52.50508378495927,51.401850420033085,52.32856577321087,732800
2023-06-23,50.58103942871094,52.01965316746839,50.5016064997709,51.8343107888752,1321700
2023-06-26,51.68427276611328,51.78135446448544,50.766381889497985,50.836987067114165,1516600
2023-06-27,51.82549285888672,52.07261606112247,51.56954190411334,51.77253644406429,1107500
2023-06-28,50.925254821777344,51.91375101332305,50.784041080127956,51.91375101332305,990800
2023-06-29,50.80168533325195,51.12824142885294,50.325087766612256,50.54573441411575,1126500
2023-06-30,51.56071090698242,51.81666184564941,50.84581786927235,50.88112214359902,1591200
2023-07-03,51.89609909057617,51.92257898192136,51.26946331982624,51.481285616581765,522400
2023-07-05,52.73455047607422,53.0787587187362,51.5607086569441,51.79900744804873,1408000
2023-07-06,52.602169036865234,52.84929561668278,51.834319505849464,52.41682662710303,1422100
2023-07-07,51.79901123046875,52.51390765598515,51.75488256966426,52.51390765598515,1405800
2023-07-10,51.21650695800781,51.87844700671604,50.81051786949906,51.87844700671604,1204700
2023-07-11,52.01082992553711,52.03730644683193,51.295933549370105,51.445975025909206,693700
2023-07-12,53.087589263916016,53.22880299569039,52.0990897746945,52.18735046130407,1256500
2023-07-13,53.40531539916992,53.40531539916992,52.93754556352852,53.03463063133352,852400
2023-07-14,53.09641647338867,53.35236742796911,52.699251779522676,53.228805826944374,1259300
2023-07-17,52.46977996826172,53.087591331385276,52.11674394167652,52.87576904207395,785200
2023-07-18,52.03730773925781,53.03463159000883,51.42832416674659,52.49625319830429,975600
2023-07-19,52.76102828979492,52.96402281308644,52.15204471992037,52.28443406271089,1121100
2023-07-20,53.5994873046875,53.7583531723778,52.48742959765627,53.06110890493712,770900
2023-07-21,54.3320426940918,54.579165911955336,53.55536539491897,53.89957369602928,850800
2023-07-24,53.97017288208008,54.455594847222756,53.69656981923931,54.455594847222756,609200
2023-07-25,53.837791442871094,54.23495615146564,53.687753312291626,53.89074785961745,643600
2023-07-26,54.12022018432617,54.490908376526356,53.820140549421765,53.83779268874571,714100
2023-07-27,52.79633331298828,53.97017517753987,52.637467446104594,53.96134742560139,1611200
2023-07-28,53.087589263916016,53.308235930238524,52.62864379394909,53.122890171758904,1319700
2023-07-31,52.92872619628906,53.39649607627512,52.6198188270068,53.264106722753986,1063000
2023-08-01,52.51390075683594,53.15818854697937,52.46977210182896,52.87576111477404,1410900
2023-08-02,52.699256896972656,52.89342706989594,52.28444339136578,52.41682939097593,1096200
2023-08-03,51.525413513183594,52.64629904848628,51.498933622232364,52.58451824760198,1744900
2023-08-04,50.57221221923828,51.85196348063103,50.43099849592051,51.35771376561845,1170700
2023-08-07,50.8723030090332,51.128253991056525,50.48396602606096,50.60752764033388,1414400
2023-08-08,51.26063537597656,51.340064944095445,50.325092294343044,50.91642374678997,1331600
2023-08-09,51.27828598022461,51.78136013043919,51.13707224273983,51.260637208989955,1321600
2023-08-10,51.1988525390625,51.75488309791722,51.09294307869052,51.50775990144892,1280200
2023-08-11,51.437156677246094,51.48128870987271,51.057644090906656,51.36655148528601,1203600
2023-08-14,50.86347198486328,51.49010772793172,50.7046061110148,51.47245559008178,1636800
2023-08-15,50.033836364746094,50.554562626959296,49.93675466060542,50.554562626959296,1403000
2023-08-16,50.34274673461914,50.45748058279542,49.89262562721614,50.2368339053472,1248300
2023-08-17,50.13092041015625,50.80168814104839,50.025010956205165,50.49278079738988,1287800
2023-08-18,50.32096481323242,50.57078411003299,49.999766629613035,50.30312009152772,1093300
2023-08-21,50.03545379638672,50.392338003644475,49.48227765930858,50.26742836092764,1022100
2023-08-22,50.356651306152344,50.47264029651012,49.758868439563585,49.99084301674645,1353900
2023-08-23,50.454803466796875,50.74923631832971,50.17821874345378,50.686781483798484,1331500
2023-08-24,50.16929244995117,51.123963053685976,50.14252706592239,50.36558100891712,985000
2023-08-25,50.75815200805664,50.93659583361336,50.12467966068654,50.17821382941342,1266100
2023-08-28,50.606475830078125,51.31132364969341,50.57970704455049,50.84737447862999,1260100
2023-08-29,50.92767333984375,51.06150365154193,50.463720771517984,50.65108525001509,959900
2023-08-30,49.46443176269531,49.96407372521917,48.741739303144854,49.732099166192064,4911100
2023-08-31,49.04509735107422,49.892699529991646,49.01832856609058,49.7321038377535,2888000
2023-09-01,47.82275390625,49.250300881732485,47.54616925367161,49.152156622998596,2657900
2023-09-05,47.046531677246094,47.90305790007668,46.645033946690305,47.83168241660713,1967700
2023-09-06,47.56401443481445,47.59970047180986,46.84131858002245,47.100061918550345,1697100
2023-09-07,47.83168411254883,48.32240206572384,47.64431963282374,47.8762942167406,2100000
2023-09-08,48.12611389160156,48.2331822267211,47.76030558877517,48.019048960014835,1342300
2023-09-11,47.0286865234375,47.876292079372085,46.939466319037074,47.70677232959822,2532700
2023-09-12,47.296356201171875,47.37665575615653,46.70749393246204,47.03761621602845,1755900
2023-09-13,47.92982482910156,48.04581041069135,47.17143949995718,47.26958376401972,1522700
2023-09-14,48.57222366333008,48.7506674920477,48.06366096378128,48.17964996297768,1625500
2023-09-15,48.3045539855957,48.97371571255582,48.197489062271195,48.61683150029662,3197600
2023-09-18,48.3045539855957,48.68820698133544,48.06365535546615,48.56329733686809,1915300
2023-09-19,48.367008209228516,48.714971758376095,47.510482026167935,48.34024282961178,1840200
2023-09-20,48.49191665649414,48.83095953858726,48.27778681777501,48.411617116091364,1401600
2023-09-21,48.05474090576172,48.61683778202525,48.04581684227095,48.46515933447916,2744500
2023-09-22,47.83168411254883,48.09934814123222,47.50156525729041,47.867373557315354,1221300
2023-09-25,47.54617691040039,47.76030677890973,47.15359981224512,47.5283321874358,905300
2023-09-26,45.895572662353516,47.34096449271727,45.80635245711101,47.34096449271727,1356000
2023-09-27,45.54761505126953,46.19001150429871,45.458394834363524,45.91342338623713,1701800
2023-09-28,44.98551559448242,45.83312122097975,44.79815110752395,45.761745732223964,2133100
2023-09-29,45.23533630371094,45.84204324707133,44.994437658241424,45.4673108862745,2605400
2023-10-02,42.91556930541992,45.90449362890924,42.5497610429458,45.06580878065216,4860400
2023-10-03,43.71857833862305,43.92378758362522,42.19288999304159,42.75498354970834,3100900
2023-10-04,43.441978454589844,43.71856652933286,42.76389606311779,43.673956427866585,2853200
2023-10-05,43.12970733642578,43.62042529370343,42.906653410069325,43.575815189138694,1603500
2023-10-06,43.53120040893555,43.63826532909773,41.86275476845154,42.54976119626276,2395100
2023-10-09,44.03084945678711,44.07546297071625,43.24570198392647,43.54905549956503,2501700
2023-10-10,44.34312438964844,44.63755382351247,44.00408144451838,44.00408144451838,1360300
2023-10-11,44.878448486328125,45.02120286045969,44.18252133787834,44.56617435651931,1167000
2023-10-12,43.93269729614258,44.8695229880705,43.75425349683908,44.753534007993366,1770300
2023-10-13,44.56616973876953,44.61970049631428,44.01299702176863,44.20036148024004,1912900
2023-10-16,44.99443817138672,45.30671230600149,44.21821146282086,44.7446188636949,1380600
2023-10-17,44.69108581542969,45.20856916625514,44.49479726673751,44.70893053835924,1686600
2023-10-18,43.90592956542969,44.81598990049295,43.60257612040861,44.61970137620505,2747400
2023-10-19,43.290306091308594,43.92377842027375,43.24569598709874,43.65611439148184,3001100
2023-10-20,43.15647506713867,43.861326329632675,43.12078902366446,43.42413911262679,2312400
2023-10-23,43.11186218261719,43.59365947557528,42.344556139061595,42.888808258492084,2466200
2023-10-24,43.66503143310547,43.87916468051695,43.227847683125255,43.35275732597675,1788200
2023-10-25,43.62934494018555,43.80778534038114,43.21892317055127,43.46874585718354,2304400
2023-10-26,43.85240173339844,44.503718766918546,43.71856802090097,43.71856802090097,2007800
2023-10-27,43.11186218261719,43.98623315676366,42.98695252967237,43.772103295581914,1795000
2023-10-30,43.254615783691406,43.75425779006022,42.960186378953374,43.17431623630236,2412400
2023-10-31,43.84347915649414,43.91485804652047,43.361681859414844,43.48659491696092,3140300
2023-11-01,44.441261291503906,44.76245605598258,43.308147044812294,43.9416193186496,3814500
2023-11-02,45.538692474365234,45.77066707067739,44.30743379239141,44.33419917563008,3072700
2023-11-03,45.69036102294922,46.404132837299116,45.672516302148914,46.27030253659553,2149000
2023-11-06,45.44054412841797,45.91341734212969,45.28886569540519,45.60114322053377,2823300
2023-11-07,44.905216217041016,45.76174244171933,44.610783412820716,45.297789885802075,3586200
2023-11-08,44.236061096191406,45.08366338525213,43.5401304562393,45.08366338525213,2849900
2023-11-09,44.013004302978516,44.423422728536245,43.593661813998736,44.28958900546905,3548500
2023-11-10,44.084381103515625,44.27174559855452,43.94162671631461,44.16468065903702,1808600
2023-11-13,42.87096405029297,44.09329861616891,42.80850922307154,43.86132402985113,2825000
2023-11-14,44.5572509765625,44.592940421525576,43.665035273682356,43.789948331053125,5418000
2023-11-15,44.8516845703125,45.49408097666124,44.476952198764785,44.54833108992925,2060200
2023-11-16,44.905216217041016,45.39593415387551,44.77138250538948,45.06581190607711,1737100
2023-11-17,44.95875549316406,45.19965417763861,44.601871200394356,45.18180945247012,3568600
2023-11-20,45.03012466430664,45.244254512995376,44.16467440006385,44.83383613339816,2118300
2023-11-21,45.367210388183594,45.403360386647115,44.4634811113172,45.03283152103004,2104600
2023-11-22,45.93656921386719,45.99079077404272,44.96053976125685,45.42144026002002,2578900
2023-11-24,45.68351745605469,46.02693557060601,45.55699590002364,46.01789634663016,772800
2023-11-27,45.83716583251953,46.01790899225812,45.39433681726849,45.71968002072561,1527200
2023-11-28,46.32516860961914,46.76799754284669,45.710635774916845,45.819082340163824,2172400
2023-11-29,45.764862060546875,46.64148079275632,45.67449048808291,46.39747341015819,4231800
2023-11-30,46.1263542175293,46.21672578797961,45.39433208604575,45.82812182962526,2080100
2023-12-01,46.777034759521484,46.85837054782298,45.846194530313234,46.35228426279523,1867000
2023-12-04,45.59314727783203,46.51495164633539,45.04187181208899,45.421436491644165,9573700
2023-12-05,46.27997970581055,46.3793904870195,45.14128222890329,45.31298956624808,8994400
2023-12-06,46.9487419128418,47.00296346919311,45.97271252907025,46.36131643770663,3751600
2023-12-07,46.722816467285156,47.10238120760707,46.433623299195744,46.93067384138351,3352200
2023-12-08,46.59629440307617,46.87644834255903,46.29806201238923,46.804151775015036,2020300
2023-12-11,46.79511260986328,46.93067341443327,46.04501891428486,46.48784444063183,2722000
2023-12-12,46.4065055847168,46.97585609989941,46.18057322364719,46.97585609989941,2338900
2023-12-13,48.19588851928711,48.250110074624274,46.189608232917706,46.41554057336637,3398800
2023-12-14,48.232032775878906,49.162876318449904,48.13262199922488,48.57545088228725,4486400
2023-12-15,46.777034759521484,47.98803235898028,46.50591661433458,47.44579606860648,5910400
2023-12-18,46.505916595458984,47.201788684543956,46.505916595458984,47.030081330401266,2158400
2023-12-19,46.85837173461914,47.02104331534217,46.523992795334856,46.686664376057884,2230000
2023-12-20,46.13539123535156,47.066234983784945,46.081169670606094,46.83126337837282,2766400
2023-12-21,46.15346908569336,46.641483883225526,45.99079748651597,46.24384066414536,2453300
2023-12-22,46.43362045288086,47.12949254826955,46.424581227739,46.505917016744284,1858200
2023-12-26,46.80415344238281,47.03008582611999,46.40651024063445,46.44266024942149,1698400
2023-12-27,46.85837173461914,46.94874675027324,46.4697677859424,46.94874675027324,1906900
2023-12-28,47.2108268737793,47.27408765799412,46.6866621503374,46.740887157144755,1318900
2023-12-29,47.17467498779297,47.21082499088945,46.84933185483272,47.039114199908184,1447900
2024-01-02,48.2862663269043,48.485087915420856,46.984897118547565,47.10237946862156,2267900
2024-01-03,48.683902740478516,48.84657431137486,47.924769892113616,48.41278460480265,3929300
2024-01-04,48.448936462402344,48.85561540520162,48.322414890743524,48.6025688144297,2222200
2024-01-05,48.53026580810547,49.01828047467598,48.177811920289145,48.39470502935128,1772900
2024-01-08,48.729087829589844,48.75620205599013,48.277223127398,48.50315547849392,2051600
2024-01-09,48.99116897583008,49.2261405457483,48.376632720211056,48.99116897583008,3153200
2024-01-10,48.873687744140625,49.1719166543027,48.62968039176034,48.76523773366889,3066300
2024-01-11,48.21396255493164,48.900798835829725,47.915733642861916,48.77427727025747,2983400
2024-01-12,48.665828704833984,48.81946450148879,48.17781742990827,48.54834636042913,2408300
2024-01-16,47.77113723754883,48.503155854402266,47.6084656677027,48.503155854402266,2690900
2024-01-17,46.80415344238281,47.81632955623809,46.67763185908273,47.48195059359435,2999300
2024-01-18,45.99079132080078,46.67762763579292,45.927530534874435,46.569177619244094,3763200
2024-01-19,45.5841178894043,46.18057926272978,45.43048551856433,45.999836108201514,2491900
2024-01-22,45.05995559692383,46.08117094651164,44.90631978183053,45.4395203504697,2883200
2024-01-23,45.222618103027344,45.33106466118302,44.63519263873072,45.159357323482034,3388700
2024-01-24,44.59904861450195,45.71967469048867,44.57193783319284,45.49374231970101,5393700
2024-01-25,45.2587776184082,45.32203841125109,44.60809123779034,44.960545211473466,2525900
2024-01-26,44.96957778930664,45.56603911326705,44.90631700096648,45.35818174479874,2154900
2024-01-29,45.728702545166016,45.95463487680706,44.888233995665026,45.13224132753181,2357400
2024-01-30,45.8100471496582,46.00886874299876,45.041878453040646,45.4937432033932,2495800
2024-01-31,45.88234329223633,46.57821536274543,45.376253573469484,46.15346143007586,11112100
2024-02-01,46.768001556396484,46.87644813095016,45.44855731572103,45.70160047216442,2676100
2024-02-02,45.81908416748047,46.307098901735664,45.42144099995952,46.23479889038484,2182700
2024-02-05,44.888240814208984,45.43951633874474,44.84305503050779,45.30395898764117,1967700
2024-02-06,44.879207611083984,45.005729191687344,44.60808944586899,44.73461102647236,2157300
2024-02-07,44.62615966796875,45.096099379463865,44.599045441134514,45.05091015055818,1848900
2024-02-08,43.9393310546875,44.39119584304594,43.415169692868176,44.39119584304594,3527400
2024-02-09,44.355045318603516,44.526752681760485,43.740508985525146,43.93932713037678,2495900
2024-02-12,44.978607177734375,44.987642953754914,44.12006366272952,44.355035208707434,4081100
2024-02-13,44.45444869995117,45.03283842163623,43.53264428260034,44.93342763435514,2089100
2024-02-14,44.45444869995117,44.73460605979296,44.17429478756352,44.45444869995117,1909400
2024-02-15,45.13224411010742,45.36721568007513,44.7436401999296,44.752679424326665,2554300
2024-02-16,45.213584899902344,45.56603884643485,44.599048576092805,44.915355963395754,2748100
2024-02-20,45.349143981933594,45.73774792041704,45.14128662256291,45.303958199018965,2043000
2024-02-21,45.73774719238281,45.84619375914256,45.32203248025861,45.58411139597349,2018300
2024-02-22,45.42143630981445,45.70159365368886,45.14128241339398,45.475661312728384,3162900
2024-02-23,45.701595306396484,45.927527655527356,45.303955613009606,45.35817717043042,3482800
2024-02-26,44.707496643066406,45.58411185840304,44.65327163540935,45.58411185840304,1810900
2024-02-27,45.367210388183594,45.39432116330443,44.72556342899732,44.87919575128688,1653500
2024-02-28,44.99668502807617,45.40336392383948,44.91534924892351,45.087056583821855,2136900
2024-02-29,44.770751953125,45.51180972987419,44.72556617599714,44.96957006197837,3767200
2024-03-01,44.39118194580078,44.78882504143983,43.92124229933424,44.69845004358838,2653700
2024-03-04,45.17743682861328,45.231658389370054,44.15622158242473,44.27370737648819,2804800
2024-03-05,45.502777099609375,46.23479920598903,45.23165895010168,45.502777099609375,2728500
2024-03-06,45.80101013183594,46.261910647840395,45.54796698167305,45.90042092581547,3005400
2024-03-07,46.4155387878418,46.48783534132821,46.0992314549091,46.207681456319406,3266400
2024-03-08,47.187049865722656,47.56227645085607,46.24440474411484,46.647089317246596,4148600
2024-03-11,47.25111389160156,47.717857805542195,46.97655844274461,47.02231710236045,2310300
2024-03-12,46.92164611816406,47.06807592413639,46.308468905481114,47.022317264362904,2258000
2024-03-13,47.07722091674805,47.910040998290256,46.93994495300729,47.50735995035785,2793700
2024-03-14,46.619632720947266,47.24196026967251,46.30846894658465,47.13213878788628,2273000
2024-03-15,47.22365188598633,47.333476849116785,46.50065674676654,46.50980708144659,3810100
2024-03-18,47.37008285522461,47.543970638918076,46.86673064744392,46.967401787232404,2235600
2024-03-19,47.77276611328125,47.98325872203268,47.30601874900324,47.30601874900324,1651900
2024-03-20,47.379234313964844,47.91919481671861,47.13213338987466,47.88258649659527,2270100
2024-03-21,47.397544860839844,47.763617637916795,47.306024048199085,47.35178620010048,2158700
2024-03-22,47.25111389160156,47.845983448931314,47.00401294028172,47.70870747008381,2400400
2024-03-25,47.058921813964844,47.46160639633412,46.78436636581612,47.38838974820809,1694200
2024-03-26,46.9307861328125,47.37007545412262,46.72944737585444,47.3060126462958,1925400
2024-03-27,48.5506706237793,48.56897478308512,47.086372790927776,47.086372790927776,2169900
2024-03-28,48.852684020996094,49.0540227910596,48.49576164239657,48.61473344115547,2158400
2024-04-01,48.266971588134766,48.85269080264888,48.184604605396096,48.85269080264888,1453500
2024-04-02,48.514068603515625,48.889295190095275,48.321880142595724,48.33103396901774,2071000
2024-04-03,48.248661041259766,48.44084947849594,47.9924063004501,48.385937000216416,1310800
2024-04-04,48.21205139160156,48.70625320899142,47.89173733838296,48.58727792158394,2306300
2024-04-05,47.77276611328125,48.029017377646184,47.4432982070054,47.89174141080567,2040500
2024-04-08,48.30357360839844,48.422548907907874,47.69039993239152,47.70870409317464,1997400
2024-04-09,48.47746276855469,48.6604973992665,48.20290384016339,48.52322142623264,1651100
2024-04-10,47.29686737060547,47.74530707334801,47.01315812620397,47.65378976414059,1890800
2024-04-11,47.09552764892578,47.61718402018625,46.65623825687284,47.58972952417099,2053700
2024-04-12,46.628780364990234,47.360929298424395,46.38167944536342,47.113828378797585,1882000
2024-04-15,46.11628341674805,47.04977479926839,46.00646192796982,46.811827658388545,1985600
2024-04-16,45.35667419433594,46.08882318032502,45.347520368232594,46.05221485823513,1956200
2024-04-17,46.24439239501953,46.372518000924316,45.48478909237218,45.55800222810595,1260500
2024-04-18,46.6379280090332,46.74775296108436,46.08881721342262,46.58301902416893,1713000
2024-04-19,47.37008285522461,47.562274799894325,46.711150515888434,46.711150515888434,1932300
2024-04-22,47.827674865722656,47.928346002268746,47.2328053633819,47.39753931570066,1461100
2024-04-23,47.81852340698242,48.25781277245168,47.52566383000292,47.64463912413882,1938500
2024-04-24,48.029022216796875,48.23951484675643,47.122988874412776,47.37924016459624,2108200
2024-04-25,47.97410583496094,48.12968945648525,47.43414880052952,47.80022154376243,1679400
2024-04-26,47.30602264404297,48.11138831556634,47.30602264404297,47.864287365513874,1191600
2024-04-29,48.276119232177734,48.303573727839456,47.49821159836088,47.54397025485098,2010700
2024-04-30,48.00156784057617,48.33103578088266,47.50736593011644,47.91004702873437,1823900
2024-05-01,48.45000457763672,48.83438498107392,47.690401088118335,47.763614241863365,2208600
2024-05-02,49.008270263671875,49.02657442526747,48.34933790203969,48.697106498870454,2149400
2024-05-03,49.511619567871094,49.59398654461165,48.80692858939947,49.34688561438998,3072000
2024-05-06,49.38349533081055,49.69465908604921,49.13639439360676,49.55738311504382,2469400
2024-05-07,49.831939697265625,50.042432317256925,49.33773781146249,49.593989089510714,1877400
2024-05-08,49.94176483154297,50.060740144131735,49.53908372353142,49.731272196139514,1541000
2024-05-09,50.994224548339844,51.122350179279536,49.557381130810555,49.557381130810555,4723700
2024-05-10,50.71966552734375,51.45181797315071,50.600693722387476,51.314538516771506,4709000
2024-05-13,51.01253128051758,51.305390877762306,50.74712617952648,50.96676913187914,2802500
2024-05-14,50.60984802246094,51.561643483658436,50.4725720464871,51.52503516026733,2419000
2024-05-15,50.9210090637207,51.39690676884989,50.86610007273459,51.287085295715976,1846200
2024-05-16,50.9210090637207,51.186414157359195,50.747124773661874,50.96676771992969,2121900
2024-05-17,51.025638580322266,51.507100295538926,50.86823593689615,51.025638580322266,2062200
2024-05-20,51.007118225097656,51.13674184824996,50.784903776851685,51.03489370663634,978900
2024-05-21,51.50709915161133,51.53487463372537,51.05341292920155,51.11822474212025,1153800
2024-05-22,50.7756462097168,51.35895604300193,50.71083439846054,51.12748427937849,1311900
2024-05-23,49.45163345336914,50.64602874659923,49.44237613576904,50.562698760281336,1853600
2024-05-24,49.470149993896484,49.757176277771215,49.45163182732594,49.6182917944817,1191900
2024-05-28,49.312744140625,49.77568767887787,49.155345032968896,49.49792226232193,1305300
2024-05-29,48.673885345458984,48.92387529030778,48.53500086543886,48.82202714255689,2166100
2024-05-30,49.34052276611328,49.37755909655679,48.71091927648914,49.0812719849876,1493500
2024-05-31,50.608985900878906,50.636761382084856,49.47940257211966,49.5812507125132,3494200
2024-06-03,50.26641082763672,50.85897799851522,50.127526351721286,50.54417624748865,2002300
2024-06-04,50.53491973876953,50.89601514354908,50.09049082152502,50.10900898740846,1919800
2024-06-05,49.82198715209961,50.3960361770084,49.79420813677984,50.29418802878703,1575700
2024-06-06,49.45163345336914,50.05346152477386,49.43311528618969,49.69236256274348,1039400
2024-06-07,49.03498077392578,49.37756154957895,48.80350899512291,48.92387530905454,811400
2024-06-10,49.11830520629883,49.22941065861763,48.618325372896244,48.618325372896244,1473400
2024-06-11,49.331260681152344,49.386815175425276,48.6275880802558,48.70165720730759,1672200
2024-06-12,49.18312072753906,49.868278721184424,48.9331307919649,49.868278721184424,1591300
2024-06-13,49.03498077392578,49.36830070051857,48.43315626822574,49.11831075557398,1318900
2024-06-14,48.83128356933594,49.164599933636026,48.61832644406324,48.794247240420795,940200
2024-06-17,48.72017288208008,49.28496451639717,48.285008394441526,48.47944381649143,1154500
2024-06-18,48.8868408203125,49.210903442044476,48.60907538167022,48.68314804903039,1277000
2024-06-20,48.9516487121582,49.47014674615638,48.78498875594375,48.81276776996542,1370500
2024-06-21,48.75721740722656,49.34052730342644,48.71092375590449,49.14609184868621,2983800
2024-06-24,49.414588928222656,49.64606068162895,48.78498547639923,48.78498547639923,981700
2024-06-25,48.9516487121582,49.32200495529674,48.72017694319134,49.32200495529674,1323100
2024-06-26,48.914615631103516,48.979427443481846,48.23871496147999,48.525741224854656,1397800
2024-06-27,49.30348587036133,49.38681584691433,48.710918717975005,48.88683598759631,1117000
2024-06-28,49.04423904418945,49.51643989404773,48.98868454868542,49.49792172887972,2429000
2024-07-01,48.803504943847656,49.534956551820464,48.65536315899052,49.33126027314987,1191800
2024-07-02,48.87758255004883,49.35904428256665,48.757216233924595,49.016463500673,1030500
2024-07-03,48.57203674316406,49.322006570692125,48.55351857720274,48.896099349518714,605700
2024-07-05,48.90534973144531,49.09052783282021,48.44240624399735,48.5627725396878,3045600
2024-07-08,48.97942352294922,49.0997862894581,48.683139966655894,48.96090535918356,1539200
2024-07-09,49.294227600097656,49.5905111705583,48.85905956074287,48.85905956074287,1323500
2024-07-10,49.70161056518555,49.72938604278555,49.30347890368672,49.562726113228905,1471600
2024-07-11,50.59046936035156,50.72009298611278,49.8219849224905,49.97938403034944,2050700
2024-07-12,50.9700813293457,51.39598852411296,50.636761426665664,50.8682331888625,1924200
2024-07-15,50.1090087890625,50.646025001619535,50.081233306336784,50.442328709687004,1008000
2024-07-16,50.71083450317383,50.868233607412954,50.21085464503987,50.38677191424457,926000
2024-07-17,51.17377853393555,51.664497548416485,50.88675227211865,50.92378860241351,1400000
2024-07-18,51.03489685058594,51.886714834028844,50.988603201176645,51.17378133079285,850400
2024-07-19,51.26636505126953,51.27562589969242,50.70157338475259,51.183035075357544,1009400
2024-07-22,51.37747573852539,51.59042934356564,51.10896763704811,51.220073097943256,798200
2024-07-23,51.12749099731445,51.43303192881519,51.044161010181654,51.22933915180779,768000
2024-07-24,52.05337142944336,52.090404227387204,51.31265895890534,51.43302526516459,1355700
2024-07-25,52.15522003173828,52.93296177511574,51.73857014637261,52.34039461903072,2650300
2024-07-26,52.544090270996094,52.664456576870506,52.229288531617584,52.27558217788349,1610300
2024-07-29,52.96999740600586,53.09036371173983,52.34965477641309,52.784819289179474,1064700
2024-07-30,53.43294143676758,53.49775324847215,52.747786989610965,52.821856117853834,1431700
2024-07-31,53.701454162597656,53.74774781323855,53.007038807046825,53.54405504402279,3201400
2024-08-01,55.32175064086914,55.5069287552678,53.840332789637365,53.84959010596686,2031100
2024-08-02,55.70136642456055,56.60873533640331,54.77547934733582,55.96061367595022,2928700
2024-08-05,54.18291091918945,56.52540403969513,53.97921463671807,56.06246051188112,2257700
2024-08-06,54.423641204833984,55.06250554783189,54.09032129230967,54.164393953750135,1907700
2024-08-07,54.655113220214844,55.14583577452255,54.42364145013841,54.608819572595344,1885700
2024-08-08,54.62733840942383,54.92362199620476,54.22920667744089,54.432902967844896,1967800
2024-08-09,54.340309143066406,55.36804432328238,53.03480855705716,55.36804432328238,1879000
2024-08-12,54.18291091918945,54.33105270681079,53.71996739137544,54.312534541860764,1573800
2024-08-13,54.46067428588867,54.58104058755774,54.18290888601896,54.414380641240164,1554100
2024-08-14,54.747703552246094,54.9791753202289,54.0625455649463,54.10883921214708,1070900
2024-08-15,54.25697708129883,54.710663267828544,53.96069352225116,54.47919151657389,1668400
2024-08-16,54.405120849609375,54.4514180271356,53.94217733017711,54.18290993818999,4549400
2024-08-19,54.56252670288086,54.7106684965627,54.10884047299206,54.414384909199015,2040400
2024-08-20,54.1534423828125,54.7899913597862,54.125360495015485,54.50916176899003,1764700
2024-08-21,54.61213684082031,54.780635319941645,54.125363853463384,54.275139882577655,1461000
2024-08-22,54.64958190917969,54.93041151826625,54.406193629280374,54.61213700905022,2010800
2024-08-23,54.78998947143555,55.024014717523606,54.59340912174763,54.76190758460638,1312600
2024-08-26,55.48271179199219,56.166065156213044,54.93041200845173,55.04274313890033,1738400
2024-08-27,54.90232849121094,55.5388774964554,54.86488359185723,55.407820348717415,923900
2024-08-28,55.01465606689453,55.26740376480288,54.864880050090534,54.892961937321935,1724900
2024-08-29,54.95849609375,55.07083079962827,54.52789043404381,55.07083079962827,2044100
2024-08-30,55.361019134521484,55.40782347588414,54.8648866883811,55.061467064669664,1420900
2024-09-03,55.88523483276367,56.147341990785804,55.295490156271676,55.42654373528274,1441500
2024-09-04,56.36264419555664,56.86813962704539,56.08181459059917,56.08181459059917,1920900
2024-09-05,56.55922317504883,56.924305580577766,56.07245377622773,56.87749767178082,1283200
2024-09-06,55.94139862060547,56.765168565730356,55.87587183108962,56.643474426225694,1016700
2024-09-09,56.57794189453125,56.72771790835822,55.96011539112725,56.194140635915765,1603000
2024-09-10,56.540504455566406,56.8587789531929,56.13798072118753,56.587308793552815,2102900
2024-09-11,56.2409553527832,56.474980625913744,55.754182356158616,56.35328648402203,1467100
2024-09-12,56.5030632019043,56.56858999350092,56.016290199370545,56.27839736575706,1536300
2024-09-13,57.15833282470703,57.223859614166635,56.60603304858881,56.79325040650642,1304800
2024-09-16,58.047630310058594,58.26293671539223,57.33619501254618,57.42980369847539,1432900
2024-09-17,57.954017639160156,58.09443422934127,57.71063292991408,57.97274008924712,1287900
2024-09-18,57.61701965332031,58.113155644433114,57.40171683756811,57.7855181301598,1571400
2024-09-19,57.16769027709961,57.47660533462185,56.68091730736103,57.31746630079285,1610900
2024-09-20,57.710636138916016,57.879134628125826,57.13961387780969,57.588941992055055,3699800
2024-09-23,58.03826904296875,58.08507338446009,57.71999452150832,58.03826904296875,2136100
2024-09-24,57.76679992675781,58.58121048166219,57.47661086160234,57.73871803553436,2211300
2024-09-25,57.80424118041992,58.0944337982009,57.523411573084054,58.01018455890592,1967800
2024-09-26,57.598297119140625,58.02890632095602,57.46724354200026,57.52341089117848,1643300
2024-09-27,57.98209762573242,58.23484533719742,57.598296338902344,57.766794813212336,1527100
2024-09-30,58.047630310058594,58.28165559582409,57.69191444677362,58.15060200714621,1173100
2024-10-01,57.701271057128906,58.14123971549211,57.32683276083329,58.14123971549211,3801000
2024-10-02,57.354915618896484,57.869770516829945,57.23322147434926,57.373638069668544,2281100
2024-10-03,56.88685989379883,57.44851908216007,56.381364481708495,57.37363285681818,3489600
2024-10-04,56.474979400634766,56.61539241890133,56.08181509341556,56.418812050762824,2389500
2024-10-07,55.782264709472656,56.25967469940897,55.557598874187015,56.20351091879429,2088600
2024-10-08,56.03501510620117,56.30648529525387,55.78226736855995,55.96948831173224,1646600
2024-10-09,55.7635383605957,56.24095188809895,55.501431213537956,56.08181285528385,1710100
2024-10-10,55.2861328125,56.11926222860258,55.229965460390865,55.847792049821955,1603500
2024-10-11,55.54823684692383,55.669930984157546,55.34229347175017,55.34229347175017,979100
2024-10-14,55.9133186340332,56.0818171187921,55.454631091811336,55.52951732340289,1143400
2024-10-15,56.48434066772461,56.971113669538006,56.1847886005998,56.23159294153637,1460700
2024-10-16,57.242584228515625,57.33619291101382,56.409451242135454,56.52178594626409,1382200
2024-10-17,56.89622116088867,57.34554924020258,56.79324947316091,57.32683036147221,1133200
2024-10-18,57.21449661254883,57.607660920309414,56.53114325740579,56.727723625814974,1713700
2024-10-21,57.28938293457031,57.37363216890856,56.76516507969437,57.270660485723816,1972800
2024-10-22,57.57958221435547,57.6919169274317,56.718370839760155,57.07409028928296,1581300
2024-10-23,58.00082015991211,58.01018317013307,57.560855094964225,57.70126810979955,1267700
2024-10-24,57.701271057128906,58.1318767047929,57.53277257396608,58.03826802345457,1004100
2024-10-25,56.88685989379883,57.916569596108445,56.86813744472785,57.916569596108445,1368000
2024-10-28,57.0740852355957,57.38299674184586,57.04599977434219,57.28002504944837,908400
2024-10-29,56.081817626953125,56.7183666704896,55.97884593300717,56.7183666704896,1286000
2024-10-30,56.222232818603516,56.390731300681686,56.00692999615747,56.156706027900036,1839200
2024-10-31,56.57794189453125,56.92430182789637,56.18478119733864,56.26903042830018,2244500
2024-11-01,55.77289962768555,57.008552669401865,55.69800983318543,56.46561237210187,1334300
2024-11-04,55.969482421875,55.98820487131625,55.445264550346295,55.55759567605169,1879600
2024-11-05,57.15833282470703,57.19577415372523,55.53887839631278,55.85714933314959,2384500
2024-11-06,57.14896774291992,57.66382260041717,56.74644401029031,56.9149424830628,1992500
2024-11-07,57.4859733581543,58.07571810179978,56.53114972542344,57.18642126603591,3282800
2024-11-08,58.51567840576172,58.562486317688325,57.20513900349001,57.32683314680302,3095600
2024-11-11,59.236480712890625,59.66708996368391,58.33782444947802,58.41271425690035,2435400
2024-11-12,59.61091995239258,59.97599881995542,59.16159184070428,59.423699013120185,2430300
2024-11-13,59.3300895690918,59.81686257658876,58.82459411081314,59.81686257658876,2317100
2024-11-14,58.787147521972656,59.4049740962666,58.70289828134429,59.33008786623152,1977200
2024-11-15,59.6858024597168,59.75133281967251,58.79650930283527,59.03053456958139,1931000
2024-11-18,59.78876876831055,60.04151646216578,59.42368995638916,59.51730219722917,1493000
2024-11-19,59.89175033569336,59.910472786952376,58.97437164965624,59.47050410972161,1260000
2024-11-20,60.25682830810547,60.303629076366974,59.66708363550082,59.95727625207121,1583700
2024-11-21,61.068416595458984,61.191390459202275,59.95223753742354,60.25493077492265,1780900
2024-11-22,60.78464889526367,61.437326937489246,60.75627253039862,61.437326937489246,1897100
2024-11-25,61.0022087097168,61.42787585306687,60.813028123856824,61.04950746457017,2099900
2024-11-26,61.33327102661133,61.380569775822195,60.765722119960365,61.276518300979,1630300
2024-11-27,61.4846305847168,61.9292129143983,61.276527603438055,61.276527603438055,1543400
2024-11-29,61.13463592529297,61.49408913816383,61.06842199925518,61.36166128608825,757500
2024-12-02,60.169803619384766,61.28598638863453,59.82927279373049,61.276525194372816,1836800
2024-12-03,59.82926940917969,60.746810347688466,59.79143185105005,60.45357468476603,1186400
2024-12-04,59.87657165527344,60.03737949220551,59.611715933724824,59.857652873964454,1646400
2024-12-05,59.895484924316406,60.3589860027584,59.71576193100409,59.82927100002301,1757400
2024-12-06,59.554954528808594,60.12250709468166,59.51711696940607,60.12250709468166,1407700
2024-12-09,59.091461181640625,59.77251925650068,59.081999986935216,59.33739811815343,1479000
2024-12-10,58.98740768432617,59.43199000226066,58.259050877484135,59.28063975922901,2530700
2024-12-11,58.90227508544922,59.27118228254826,58.61850059601829,59.0914592811993,3217300
2024-12-12,58.76038360595703,59.365770120605184,58.60903697729499,59.07253805729088,2583500
2024-12-13,58.561744689941406,59.242806356347224,58.533368323303975,58.96848945089061,1820400
2024-12-16,58.09823989868164,58.675250039598026,57.93743568676105,58.56174097186654,1778900
2024-12-17,58.17391586303711,58.56174182445516,57.61582449334887,57.682038417855246,2032100
2024-12-18,57.22800064086914,58.382020982030454,57.21854305490038,58.032028958583844,3753000
2024-12-19,57.25637435913086,57.97527354471343,56.9725998841433,57.076651366929326,2295500
2024-12-20,58.107704162597656,58.15499930928554,57.22800072232718,57.32259101570294,3325600
2024-12-23,58.0036506652832,58.107702149424654,57.40772173417468,58.06040700437534,1187000
2024-12-24,58.410396575927734,58.42931535600346,57.729334926754916,57.98473304519472,501600
2024-12-26,58.34418487548828,58.45769395188429,58.09824433351038,58.306347313893454,985100
2024-12-27,58.36310577392578,58.67525664743796,57.79555315457578,58.10770763647657,945300
2024-12-30,58.19283676147461,58.36310217594419,57.71987807870097,58.315807029344505,3090200
2024-12-31,58.22121047973633,58.599578852101615,57.871222080750776,58.30634318309911,1669800
2025-01-02,58.30634307861328,58.911729586602306,57.92797831531425,58.7130878152412,1634100
2025-01-03,58.22121047973633,58.54282251373036,58.12662019083912,58.34418074201328,1220600
2025-01-06,57.010440826416016,58.126623621545086,56.93476570412123,58.0320297186766,1385700
2025-01-07,57.265830993652344,57.663114505326305,57.010432903981396,57.019890488759756,1227300
2025-01-08,57.61582565307617,57.644202018896294,56.528019257052584,57.19962331803159,3044000
2025-01-10,56.66044998168945,57.729333975441506,56.565856082869615,57.284755280347255,1513300
2025-01-13,57.3888053894043,57.42664295040445,56.44288801473097,56.99152182406794,1432700
2025-01-14,57.899600982666016,58.10770395742397,57.25637688649451,57.25637688649451,2050000
2025-01-15,58.34418487548828,58.74146844706854,58.11716311430779,58.646878151469956,1397100
2025-01-16,59.52657699584961,59.55495336065077,58.30634279196483,58.34418035062518,1606100
2025-01-17,59.74413299560547,59.91439838822187,59.441439766151404,59.81980810716295,1664200
2025-01-21,60.188724517822266,60.642764431878156,60.1035918084125,60.30223359423912,1277400
2025-01-22,59.469825744628906,59.96170322412175,59.18605124717995,59.904950489665055,2639900
2025-01-23,59.6495475769043,60.16980138191293,59.29009798448144,59.62116760356288,2132800
2025-01-24,60.08467483520508,60.311692994868416,59.46982707003873,59.59279734474972,1621300
2025-01-27,60.75627899169922,60.79410933769152,59.43199316187571,60.463039684429944,2519500
2025-01-28,59.79143142700195,60.964366853596786,59.763055062800056,60.964366853596786,1622100
2025-01-29,59.6117057800293,60.12250196320192,59.45089797048771,59.79142875926946,1384500
2025-01-30,60.77519226074219,60.92654250707869,59.90494999463819,59.90494999463819,2077400
2025-01-31,60.69951629638672,60.95491802934591,60.41574180521535,60.7941065906477,3105500
2025-02-03,61.36166000366211,61.55084058359439,60.09412702443093,60.20763970245622,1774600
2025-02-04,60.831947326660156,61.229238130134725,60.39682617692823,60.88870727960065,1369100
2025-02-05,61.45625686645508,61.54138597149631,60.94546058587575,61.27653024455384,1407300
2025-02-06,61.976497650146484,62.05217276535412,61.17246939719985,61.72110315729095,2285500
2025-02-07,61.68326950073242,62.241364489714215,61.58867920912878,61.910287643936485,1044600
2025-02-10,62.24136734008789,62.26028251256419,61.21977482372027,61.87246013419575,1287500
2025-02-11,62.63864517211914,62.66702153662133,61.598137578639935,61.891369634197595,1461700
2025-02-12,62.837284088134766,62.93187437110723,61.79677654188572,61.872451654974085,1289900
2025-02-13,63.27240753173828,63.43321174048853,62.818371269763894,62.960253091145724,1894700
2025-02-14,63.05485534667969,64.21832967035564,62.96971903065787,63.28187349477652,1706800
2025-02-18,63.44268035888672,63.480517921275435,62.83729379422147,62.94134528659617,2216600
2025-02-19,63.622398376464844,63.74536502502445,63.149439735699396,63.42375661335649,1552700
2025-02-20,63.612937927246094,63.8021184990553,62.50621642693219,63.45213371953065,1819900
2025-02-21,64.37914276123047,64.68183607265621,63.48052402265406,63.53727676330332,2284300
2025-02-24,64.69127655029297,65.08856004115918,63.99129984494171,64.37912214313715,3005200
2025-02-25,65.08856964111328,65.32504897533244,64.71020847978387,64.85209030689411,2469900
2025-02-26,65.36288452148438,65.8169280045812,64.95613979048508,65.04127610090539,3112900
2025-02-27,64.85208892822266,66.11962188541506,64.36021509888509,64.8993876807716,3599100
2025-02-28,65.18316650390625,65.95881842380695,64.49264367943023,65.6750403388384,3432600
2025-03-03,65.76016998291016,65.81692993044331,64.91830413172984,65.03181681001962,2021400
2025-03-04,64.03861236572266,66.1480115826548,64.01023599518447,66.05342127526822,2540600
2025-03-05,63.348087310791016,63.99131140991681,62.988634092093875,63.50889153137827,2593800
2025-03-06,62.17514419555664,63.196729343726304,62.090007890089886,63.158891787605064,3899800
2025-03-07,62.24136734008789,63.25349866182887,62.099478287796224,62.222444950834614,3050300
2025-03-10,62.17255783081055,62.51658118780579,61.140491405221304,62.24900908587459,4724400
2025-03-11,62.67903137207031,63.615540970844144,62.057885006708155,62.43057574224248,3241700
2025-03-12,63.35752487182617,63.720657365437965,62.4305735349096,62.4687991590991,4709900
2025-03-13,63.65376663208008,64.10290861894835,63.08994776852441,63.35752714746169,2703100
2025-03-14,64.45648193359375,64.5138240164771,63.34796797201271,63.5773144311687,2145800
2025-03-17,64.63804626464844,65.03940435631498,63.892664868470064,64.40869982523783,4126000
2025-03-18,64.12201690673828,64.6571683664793,63.91177961442494,64.50426586632688,1864400
2025-03-19,64.75273132324219,64.94385216513588,63.78755430285565,63.95956597687709,1716100
2025-03-20,64.95340728759766,65.11586072451605,64.57115833130135,64.87695603817991,1567300
2025-03-21,64.45648193359375,65.38343328995617,63.95956339029035,64.90562391375224,3434200
2025-03-24,64.51383209228516,64.89608109925653,64.23670174450075,64.69539472023168,1800100
2025-03-25,63.233299255371094,64.39915545025374,62.95616890652248,64.39915545025374,2048100
2025-03-26,64.3418197631836,64.53294061937004,63.38620090066476,63.39575183991875,1872800
2025-03-27,64.3322525024414,64.94384790533677,64.14113167308372,64.36091989776583,3041200
2025-03-28,64.85785675048828,65.1158706430838,64.48516596629835,64.65717765829321,1719500
2025-03-31,65.88990783691406,66.1383707455707,65.1445264017364,65.23053587776042,2530200
2025-04-01,65.94725799560547,66.05237665095935,65.25921126630489,65.69879505651511,1736500
2025-04-02,66.34861755371094,66.43461975128682,65.47900089399056,66.03326158101278,1285200
2025-04-03,66.13838195800781,67.18001033075292,66.07148892788976,66.63530785956492,1937300
2025-04-04,63.24284744262695,66.1479292383293,62.851040266227265,65.9376919525336,4851200
2025-04-07,61.503623962402344,63.53908929603844,61.09270760406726,62.621696161549245,3915600
2025-04-08,61.646968841552734,63.443529502935384,61.035369767141376,62.526136359412796,2941200
2025-04-09,62.27767562866211,62.52613855881202,59.19102733306685,61.111823168116125,5439400
2025-04-10,62.57392120361328,63.338411856573984,61.39850689098111,62.13433014693979,2810900
2025-04-11,63.567752838134766,63.93089261093912,61.80941792633804,62.793704022701654,2545100
2025-04-14,64.59027099609375,64.7527317326025,63.32885447555961,63.672877825777356,2019500
2025-04-15,64.85785675048828,65.18276367381549,64.58072639723026,64.74317985889387,2249300
2025-04-16,64.4373779296875,65.421664157009,64.2558080191277,64.79095952109525,3397300
2025-04-17,65.33565521240234,66.16703884161943,64.60938293598466,64.67627595547101,1975900
2025-04-21,63.97867965698242,65.31654751697259,63.56776325621672,65.26877094852601,1620800
2025-04-22,65.32610321044922,65.43122186406067,64.21758187810767,64.56160523705553,1373200
2025-04-23,65.08719635009766,65.70835002156471,64.42781705214725,65.326101047524,1644400
2025-04-24,65.24964904785156,65.49811197175357,64.49470933772858,64.95340955948669,1397300
2025-04-25,64.8674087524414,65.57457199266544,64.64762048677763,65.42166946803528,1972300
2025-04-28,65.95680236816406,66.10014663762966,64.89607227202045,65.45988383024806,1617000
2025-04-29,65.85169219970703,66.10970605675664,65.53633625936332,65.89946876319416,1667900
2025-04-30,66.03325653076172,66.25305205907884,65.33565890113225,65.82301923170866,2100700
2025-05-01,65.39299011230469,66.38683446832647,65.17319459602997,65.803906458633,1567900
2025-05-02,66.17660522460938,66.31994950996933,65.1445351189695,65.73702142942051,1598200
2025-05-05,66.37728881835938,66.55885874487318,65.5841233708234,65.82302809906,1602900
2025-05-06,66.17660522460938,66.65441464861377,66.00459354033606,66.0428191691516,1799600
2025-05-07,66.54930114746094,67.23734793785529,66.167052120487,66.167052120487,2480900
2025-05-08,63.605995178222656,66.12882863086314,63.44354170600425,65.56501694817784,6286800
2025-05-09,63.6346549987793,64.07424608068186,63.02305952499289,64.02646222240757,2910400
2025-05-12,62.449684143066406,63.4244193554167,62.229895912394035,63.214182062917914,3678100
2025-05-13,61.8858757019043,62.573922406348814,61.63741277178981,62.44968729589513,2253700
2025-05-14,61.21693420410156,61.857204301455546,60.4811109816161,61.704301803343434,5207700
2025-05-15,62.784149169921875,62.898826044992994,61.369837498007165,61.446288748054585,1703600
2025-05-16,63.95956802368164,64.1506888716915,62.78415366512131,63.051733059445326,2692900
2025-05-19,64.1411361694336,64.20802919347727,63.52954072366485,63.625101145042564,2077100
2025-05-20,64.48515319824219,64.9438460922116,64.0742368648822,64.0742368648822,2360300
2025-05-21,63.36707305908203,64.38003382915153,63.31929649901333,64.1029035339018,1752600
2025-05-22,62.99439239501953,63.30019013321698,62.34457129000081,63.08040188212144,1765100
2025-05-23,63.523441314697266,63.581363065694106,62.50976647966535,63.4365513227708,1503000
2025-05-27,63.93855667114258,64.13163406146555,63.446199750759575,63.9482053848575,2052100
2025-05-28,63.55239486694336,63.8806279053442,62.93453837606973,63.75512833750218,2533100
2025-05-29,63.93855667114258,64.09301711031489,63.137271506984625,63.581355397071725,1764200
2025-05-30,64.11233520507812,64.38264652273186,63.62963431914475,63.93856259152487,2941500
2025-06-02,64.19921112060547,64.25713286392698,63.552393768747734,63.8130489791248,1631200
2025-06-03,63.726165771484375,64.21851531599886,62.88626367398235,64.19921052354796,2180400
2025-06-04,62.799381256103516,63.75512684215865,62.76076430565086,63.5234325048729,2499600
2025-06-05,62.818687438964844,63.05038178137863,62.46148616344457,62.731804822596054,1590500
2025-06-06,62.98280715942383,63.214508879045574,62.558035404312065,62.85730758536842,1769800
2025-06-09,64.99083709716797,65.59903746933313,62.992456028134015,62.992456028134015,5517100
2025-06-10,65.60870361328125,65.70524231750102,64.85569140876369,64.99084706775756,2877400
2025-06-11,65.17427062988281,65.84039279235172,65.10669280570681,65.60869844738126,2702800
2025-06-12,65.5797348022461,65.62800783122958,64.91360530251052,65.31907959585354,2118600
2025-06-13,65.63766479492188,65.80178869483701,65.26115869090258,65.53147001015428,1957700
2025-06-16,64.88465118408203,66.15898120831129,64.67226161913867,65.92728684902347,2212100
2025-06-17,64.430908203125,64.97153817039286,63.89994168072922,64.96188209095132,1657200
2025-06-18,64.47918701171875,64.67226442526439,63.89994740565062,64.43091397561675,3066500
2025-06-20,64.86534118652344,65.43492464188122,64.57571773657284,64.79776336359234,2769000
2025-06-23,66.10105895996094,66.1493246281725,65.068079382719,65.1742741643876,2309900
2025-06-24,66.40032196044922,66.67063323442152,65.9658941794837,65.98519897101181,2635000
2025-06-25,65.83074951171875,66.20725561540647,65.63766473711541,66.13967778565305,2600200
2025-06-26,66.09140014648438,66.49686709675858,65.78247189407111,66.02382232143867,2214900
2025-06-27,65.94657897949219,66.8057857887269,65.66661163995971,66.2844754217955,2941800
2025-06-30,66.54513549804688,66.68029113873385,65.51215603540788,65.80177947426854,2033000
2025-07-01,67.05680084228516,67.37538516929777,66.31344477801946,66.9023404011287,2621600
2025-07-02,66.59341430664062,66.96026431100069,65.94658955243145,66.8057964994192,2297700
2025-07-03,67.75188446044922,67.8580792254921,66.33274293253942,66.40997682810327,1782400
2025-07-07,66.90234375,67.90635508134993,66.63202507494186,67.60708289789548,2493500
2025-07-08,66.30378723144531,66.70925416661724,65.7341964140493,66.45824766918356,2313900
2025-07-09,66.42929077148438,66.6706412043009,65.89832423854642,66.44860293075088,2232400
2025-07-10,67.0181884765625,67.10507846507093,65.86936538954016,66.05278671562522,2092200
2025-07-11,66.57410430908203,66.90234473663506,66.31344907536332,66.80579866854653,3393000
2025-07-14,66.13001251220703,66.9988754635556,65.42526607238263,66.46790161400092,2623100
2025-07-15,65.38665008544922,66.18792777254605,64.97152712520081,65.91761651758044,2492200
2025-07-16,65.71489715576172,65.81143585815722,65.14531365582663,65.38666409453083,2796400
2025-07-17,65.49285125732422,65.9562473386284,65.29977385328213,65.51216341698694,2495100
2025-07-18,66.51617431640625,66.70925169779106,65.64731136931462,66.03347349751424,1980500
2025-07-21,66.6706314086914,67.16298828161798,66.38101535112193,66.63201446126288,1557400
2025-07-22,67.36572265625,67.65534608322463,65.6473089819558,66.11070499202926,3119300
2025-07-23,67.14369201660156,67.655353745499,66.86372463626644,67.47192506327896,1665400
2025-07-24,67.35607147216797,67.71327274266788,67.05679931053008,67.67465579190328,1807200
2025-07-25,67.38504791259766,67.58778140471941,66.87337877675003,67.48158661854642,1410800
2025-07-28,65.99485778808594,67.38503852955175,65.96589691687709,67.38503852955175,1751400
2025-07-29,67.29814147949219,67.38503144941934,65.69557872906572,66.2168890869113,2170300
2025-07-30,67.73258209228516,68.30216552022769,67.23056911859113,67.48157560543814,2167700
2025-07-31,68.35044860839844,68.39871427788434,67.1340403097161,67.33677379859132,2480900
2025-08-01,69.07450103759766,69.15172758308891,67.93532663050128,68.5435271067951,2412100
2025-08-04,70.59017181396484,70.75428832795758,69.12275717063055,69.36410758488934,2824200
2025-08-05,70.512939453125,70.87014072558121,70.03023861406919,70.455017709376,6503100
2025-08-06,70.7156753540039,71.11149359105072,70.04954581625708,70.48398100560827,2903400
2025-08-07,70.34881591796875,71.41075618487262,69.64406952245926,71.3914440285959,3368200
2025-08-08,69.91438293457031,70.92805757278015,69.69234468857411,70.54189545510832,2644700
2025-08-11,69.91438293457031,70.11711638912632,69.51857210389326,69.86611727325494,2250700
2025-08-12,70.11712646484375,70.1460947043114,69.32549732430407,70.03989992255588,1704600
2025-08-13,70.73497772216797,70.8701407333142,69.94334864064726,70.23297209028446,1438400
2025-08-14,70.29090118408203,70.84117990358897,70.23297943427005,70.74464119875866,1885100
2025-08-15,69.46064758300781,70.29089361289678,69.3061871450028,70.29089361289678,2124800
2025-08-18,68.9586410522461,69.6247705563595,68.68832976519433,69.47030275494126,3502100
2025-08-19,69.99162292480469,70.03989595575258,69.07449426023804,69.07449426023804,1228000
2025-08-20,70.08816528320312,70.86048962613896,70.01093137582338,70.35847659360142,1586700
2025-08-21,70.03024291992188,70.25228119489876,69.7502755322039,70.0012820462667,1816900
2025-08-22,70.44727325439453,70.72009690146828,70.09649786990347,70.36932151697722,1117000
2025-08-25,69.81393432617188,70.3206057946401,69.79444267321878,70.3206057946401,1234300
2025-08-26,69.92111206054688,70.1354756272736,69.4826391011821,69.84316032103042,2951200
2025-08-27,70.21342468261719,70.3985582180207,69.80418917330287,69.90162513734616,1751200
2025-08-28,69.38520050048828,70.3303448629305,69.29751037228812,70.2134172581102,1664800
2025-08-29,69.43392181396484,69.88213314582404,69.27801834172509,69.38520012041825,1218400
2025-09-02,69.44365692138672,69.66776629366095,68.95646974450797,69.1805791167822,1504700
2025-09-03,69.56059265136719,69.64829021907774,68.88827188983952,69.14161133291891,3180000
2025-09-04,69.7457275390625,70.22316895603612,69.04417671924726,70.00880537954953,3794400
2025-09-05,69.76520538330078,70.09649654411498,69.47289752434477,69.94059307222908,2182800
2025-09-08,68.95647430419922,70.00880045997427,68.61544474461107,70.00880045997427,2212800
2025-09-09,69.27802276611328,69.58008390439703,68.61544783455294,68.61544783455294,1511100
2025-09-10,69.77495574951172,69.89188336103545,69.18058673356867,69.40469613051735,1588000
2025-09-11,70.44727325439453,70.48624168921634,69.53135892445822,69.9016185263602,2090200
2025-09-12,70.66163635253906,70.86626154191838,70.35958263260662,70.44728020432456,1206800
2025-09-15,70.35957336425781,70.7688088213334,70.3108591053983,70.61291278554171,1624600
2025-09-16,69.52162170410156,70.26214843345375,69.46316161074589,70.17445085953247,2022600
2025-09-17,69.92111206054688,70.27188745448389,69.68725684199751,69.77495440742528,2133400
2025-09-18,69.45340728759766,70.23290979512568,69.37545555006749,69.53135902512783,2379700
2025-09-19,70.43753051757812,70.7493300470336,69.50213192921173,69.82367728474344,2782600
2025-09-22,70.36932373046875,70.56419564625496,69.60931285146066,70.34983207855788,2022800
2025-09-23,71.41190338134766,71.66524281646151,69.97957176950462,70.15495946552392,3523900
2025-09-24,71.8211441040039,71.86986580296666,71.16831496767338,71.47036868635728,1864200
2025-09-25,71.62626647949219,72.65910099715066,71.5677989586093,72.10370786902848,3988000
2025-09-26,72.17191314697266,72.48371266468651,71.36318059250374,71.88934367249965,2182200
2025-09-29,73.13654327392578,73.15603492575218,71.78216339358546,72.35704818027166,2459000
2025-09-30,74.07193756103516,74.22784103107804,73.0098730484428,73.0098730484428,2237400
2025-10-01,74.27656555175781,74.50066750611809,73.57501477762897,74.05245616351064,1754000
2025-10-02,74.14015197753906,74.14989780400663,73.42886275704335,73.80886821651639,1725200
2025-10-03,74.65657806396484,75.47504908883013,74.14989915285886,74.14989915285886,2723100
2025-10-06,75.49453735351562,75.71863931907514,74.66631310529309,74.67605893150049,2480800
2025-10-07,75.69915008544922,76.1765914635598,75.45555648361305,75.66017421708902,1518300
2025-10-08,75.83556365966797,75.98172131092346,75.2606788804329,75.98172131092346,2860500
2025-10-09,74.72477722167969,76.54685264336489,74.66630970098825,76.37146494906443,2416400
2025-10-10,75.48478698730469,75.85504658815714,74.71503030873605,74.87092634924193,1590600
2025-10-13,75.5042724609375,76.00120550147395,75.06580694121455,75.53350250440077,1644300
2025-10-14,76.08889770507812,76.3227529269301,75.51402034427143,75.71863808797656,1456400
2025-10-15,76.63455200195312,76.86839978853394,76.01095294847957,76.19607903899113,2024300
2025-10-16,75.51402282714844,77.28738409812081,75.42633269148608,76.91712446884523,2073900
2025-10-17,75.98172760009766,76.04993351847752,75.25094671721884,75.77710241107053,1522500
2025-10-20,76.63455200195312,76.75147217829998,75.9037711642369,76.34223669331179,2824500
2025-10-21,76.11813354492188,76.78070845813413,75.6894064146413,76.63455080609421,1253100
2025-10-22,76.7125015258789,77.11199117333453,76.13761675119598,76.3227502702461,1691700
2025-10-23,75.8940200805664,76.89762450541514,75.57247475011393,76.85864863803727,1192700
2025-10-24,75.96222686767578,76.73198353103767,75.8550450896199,76.11813033898856,1600600
2025-10-27,76.30326080322266,76.40070419533562,75.41658391931414,76.0206913206467,1326400
2025-10-28,75.68940734863281,76.71250349165007,75.47504378084732,76.71250349165007,1458100
2025-10-29,74.96836853027344,75.77709363052847,74.86118675182638,75.5237616395506,1752500
2025-10-30,75.75762176513672,75.90377943538402,74.96838075324438,75.17299851803544,4578800
2025-10-31,74.84170532226562,75.4360743806881,74.69555508977461,75.4360743806881,2907000
2025-11-03,75.28990936279297,75.31914684032405,74.05245710057521,74.84169801451382,1494300
2025-11-04,75.06581115722656,75.65043436098773,74.88067762637871,75.51402252790636,2153800
2025-11-05,74.80271911621094,75.26067627179077,74.04270827668981,75.08528858314077,4748700
2025-11-06,73.62372589111328,75.37760275145884,72.84423084620481,73.60424167439236,3362300
2025-11-07,73.65296173095703,74.59810614488283,73.00013262806152,73.8088652125431,2856700
2025-11-10,74.60784912109375,74.82221268314278,73.38988109480329,74.05245599846077,3177000
2025-11-11,75.01708221435547,75.12426399198031,74.52989501929218,74.91964626212014,2185300
2025-11-12,75.35811614990234,75.47504375972181,74.80272301256225,74.98785653630465,2861500
2025-11-13,74.38374328613281,75.19247587835,74.32528319692244,75.07555569992925,1623400
2025-11-14,74.51041412353516,74.9293954273202,73.94527516793916,74.38374068948507,1457500
2025-11-17,75.14376068115234,75.30940255444736,74.68580349766495,74.87092958915879,1315100
2025-11-18,74.76374816894531,75.52375898291808,74.6565663942685,75.1437535759317,1401400
2025-11-19,73.68220520019531,74.90991176501689,73.58476179933741,74.76376153150558,1577300
2025-11-20,73.77963256835938,74.61759516763829,73.55552317994841,74.0914320866571,1629700
2025-11-21,74.5909423828125,74.68928095330146,73.65671470903928,74.05007649374716,2067300
2025-11-24,75.74151611328125,76.12504927615623,74.37458978561065,74.64994827483531,2707500
2025-11-25,75.29898834228516,76.17421433069937,74.79745190420738,75.98736580415533,1402200
2025-11-26,75.83002471923828,76.09553959351892,75.42682685143075,75.46616377775963,1399700
2025-11-28,76.3610610961914,76.42006273363339,75.58417369128226,75.83002385095915,625300
2025-12-01,74.26641082763672,76.19388262725776,74.14840755609956,76.12504488461067,1799300
2025-12-02,73.2928466796875,74.35492114518797,73.12567037569704,74.29591950913282,1641900
2025-12-03,73.05683898925781,73.68621483777791,72.79131659840444,73.32235387735926,1692800
2025-12-04,72.58480072021484,73.28301429239484,72.43729662259008,72.73231232059128,1689700
2025-12-05,72.0635986328125,73.0863362119989,72.00459699452821,72.65363752390999,1766200
2025-12-08,72.12259674072266,72.6536339675418,71.68006946974897,72.32911747011165,1865300
2025-12-09,72.27995300292969,73.00766743579403,71.98492978549037,72.65364257596768,2826000
2025-12-10,72.28978729248047,72.46679971794094,71.84725247745334,72.36845364610032,3560700
2025-12-11,72.15210723876953,73.3813580316307,71.98492342884933,72.57496981162383,1981600
2025-12-12,72.5749740600586,72.61430348531118,72.02426457074807,72.27995085140111,1543600
2025-12-15,72.88965606689453,73.1650070378312,72.47662210773828,72.97815852065935,2029900
2025-12-16,72.0635986328125,73.12567313843894,71.61123523287937,73.00766235911881,1736000
2025-12-17,72.36844635009766,72.7519794855551,72.09309538330864,72.28978000440875,2308500
2025-12-18,72.07343292236328,72.66347179857955,71.8177466583274,72.23077312140364,2538000
2025-12-19,71.26704406738281,72.05376006102048,71.18837021719365,71.9849223177928,4385000
2025-12-22,71.22770690917969,71.48339317008201,70.73600660123361,71.25720772721625,1783500
2025-12-23,71.36538696289062,71.64073795252393,71.09003597325733,71.20804675570807,1462700
2025-12-24,71.79808807373047,71.83742500253514,71.29655160991088,71.4145623963249,699400
2025-12-26,71.56206512451172,71.78825058510026,71.31621495127507,71.73907754935217,1281300
2025-12-29,71.8374252319336,72.23077951573241,71.65057669520272,71.827589124013,1875700
2025-12-30,71.98493194580078,72.17178048930326,71.70958093606174,71.83742783540652,1205600
2025-12-31,71.28671264648438,71.99476233110211,71.22771100701681,71.98492622360693,970700
2026-01-02,71.8669204711914,72.2799469387525,70.85401901385048,71.12936999222454,1484800
2026-01-05,71.10970306396484,71.70957809833735,70.22464842561382,71.70957809833735,1831400
2026-01-06,71.88658905029297,71.9259259782844,70.97202610705999,71.02119914273723,1411800
2026-01-07,71.30638885498047,72.17177879422835,71.19821417473047,71.88659168291035,2770900
2026-01-08,71.72924041748047,72.27010623265372,70.82450618542987,71.3063778696718,2700000
2026-01-09,71.61123657226562,72.72247662966261,71.4538963663142,72.11277301531723,2219400
2026-01-12,72.14227294921875,72.6044724594195,71.35554942086621,71.48339630830567,2121300
2026-01-13,72.70281219482422,72.84048768908886,71.90626004904281,72.26028489222382,2454200
2026-01-14,74.01073455810547,74.28608553794763,72.83064928381569,72.83064928381569,2091600
2026-01-15,74.52210235595703,75.06297573124642,74.01073730338942,74.14841279841731,2096100
2026-01-16,75.17115020751953,75.42682898175133,74.13857649478918,74.246751169561,2553600
2026-01-20,74.86629486083984,75.48584212239307,74.47294057111023,74.91546789843211,2068700
2026-01-21,75.63334655761719,75.78085065089705,74.55159985522197,75.37766029134637,2981500
2026-01-22,74.96463775634766,75.85952848110291,74.76795311707322,75.75135380518994,2023600
2026-01-23,74.43360137939453,74.95480254992282,73.57804006945541,74.73845319549555,2108700
2026-01-26,75.31865692138672,75.55467849421879,74.73845410269988,74.80729185242123,1383200
2026-01-27,75.81035614013672,75.96770385299781,74.90562929944109,75.31865579157363,1618600
2026-01-28,75.3776626586914,76.16437869098056,75.14164859927983,75.68251446471268,1385700
2026-01-29,75.10231018066406,76.23321492354108,74.96463469017901,75.72184988784682,2173600
2026-01-30,75.45633697509766,75.48583779486091,74.47293630164677,74.84662585656748,3549700
2026-02-02,74.69911193847656,75.86936110447263,74.43359706608956,75.31865164254722,2830600
2026-02-03,76.50857543945312,76.8724288870775,74.73845122512577,74.73845122512577,3003600
2026-02-04,75.94803619384766,77.17728701756637,75.79068848709089,76.57741201537151,1942800
2026-02-05,76.28239440917969,76.55774541343962,75.84969568662711,76.34139605216335,1632800
2026-02-06,75.47599792480469,77.20678512456732,75.37765936291221,76.85276029955334,1914000
2026-02-09,75.8693618774414,75.96770044218842,75.05313753481317,75.3481607318058,1409500
2026-02-10,77.44280242919922,77.80666337652383,75.8398620449886,76.08571221143052,2024700
2026-02-11,77.99349975585938,78.07217360509537,77.27562151414675,77.42313310577643,1805300
2026-02-12,79.35060119628906,80.04881476051136,78.20985283598114,78.49503992605813,2469100
2026-02-13,81.31739807128906,81.35673499564649,78.31802323810797,78.67204805457365,2187500
2026-02-17,80.15699005126953,81.8091034633516,79.81280132015902,81.62225493671234,2123400
2026-02-18,79.06541442871094,80.15698975965567,78.9080667220605,79.99964205300523,2089000
2026-02-19,78.20985412597656,79.85213144508374,77.91483842647172,79.06541541031915,4791800
2026-02-20,78.92774200439453,79.38994153220467,77.2952932468312,79.3112676758217,2456800
2026-02-23,80.74703216552734,80.7765329861193,78.95724318968006,79.32110415006868,2667700
2026-02-24,81.13055419921875,81.3174027249217,79.6357885018499,80.81586628910154,2194800
2026-02-25,81.42558288574219,81.62226002929025,79.85213572634937,81.27807127670509,1940500
2026-02-26,81.61241912841797,82.03528171468963,81.16989183004719,81.61241912841797,2745700
2026-02-27,82.27130126953125,82.6843277383025,81.21905538048073,81.71075570123264,3150900
2026-03-02,82.61549377441406,83.0875219023975,81.87794325953212,81.9172801873227,1881800
2026-03-03,83.00885009765625,83.81523830752126,80.82569951655184,82.08445111217026,2803700
2026-03-04,82.92034149169922,83.45137873652153,81.86810310920448,82.77282989545667,2321700
2026-03-05,81.52391815185547,82.53681965528544,81.29773269346977,82.33030641210813,2490600
2026-03-06,81.97628021240234,82.40897890682126,80.66835552445545,80.95354261825413,1779500
2026-03-09,81.75009155273438,81.97627699851802,80.35366446081333,81.97627699851802,2545600
2026-03-10,81.2492904663086,82.11206485420352,81.15012282271297,81.66579910901392,1266800
2026-03-11,80.34684753417969,81.23937145884601,80.14851224692327,80.74352567469874,2518400
2026-03-12,81.06086730957031,81.98314077795669,79.60307948218478,80.04934523102055,2507600
2026-03-13,81.94347381591797,82.4591576825637,81.78480709495452,81.91372427861272,1736500
2026-03-16,82.54840850830078,82.86574952474473,82.06248173193492,82.37982274837888,2359500
2026-03-17,82.12197875976562,83.16325796344066,82.05256065058772,82.91533506409007,1974700
2026-03-18,80.86253356933594,82.0823099942995,80.85261453490351,81.3583793668673,2184900
2026-03-19,80.38652038574219,81.38813104154126,79.68242024267762,80.79311758207889,2195300
2026-03-20,78.04612731933594,80.54519443395226,77.50070146897603,80.07909816287662,3789600
2026-03-23,78.75023651123047,79.4840862039923,78.23455262312244,78.96840231588428,1877100
2026-03-24,79.26590728759766,80.41626557149725,78.46263953909853,78.7403119674189,2535800
2026-03-25,79.31549835205078,79.9799299153717,79.13699355948627,79.84109369515558,1198800
2026-03-26,79.73200225830078,79.9402565762068,79.11715077257388,79.41466126444311,1186100
2026-03-27,80.17826080322266,81.01128564472947,79.59316641676472,79.92041888013648,1620100
2026-03-30,80.912109375,81.3385370412004,80.52535027844685,81.12037125714957,1879500
2026-03-31,81.23937225341797,81.38812750331832,80.22785017290698,81.3385398980161,2016000
2026-04-01,81.59638214111328,81.93356121325341,80.8426944204527,81.07078681331276,1084100
2026-04-02,82.15172576904297,82.46907433381203,81.4476256644756,81.77488569738902,929700
2026-04-06,81.96331024169922,82.3104007799798,81.61621970341864,81.7352178502541,1227600
2026-04-07,82.15172576904297,82.73682772782816,81.68563708805239,81.78480473153962,1100200
2026-04-08,82.74674987792969,82.7963299185372,81.20962486497325,82.10214882198001,1099500
2026-04-09,83.70869445800781,84.56154230252554,82.66741521590035,82.85583904748336,1656400
2026-04-10,82.88558197021484,83.96652213331855,82.70707718770159,83.55001349612296,1364700
2026-04-13,81.76496887207031,82.99467189575147,81.29888017848863,82.95500332408372,1617800
2026-04-14,81.23937225341797,81.7153875398978,80.61460928304409,81.45754561113763,1795400
2026-04-15,80.86253356933594,81.22946218327147,80.35676873737214,80.96170121564093,1345800
2026-04-16,81.31871032714844,81.45754654437769,80.56502260075649,80.56502260075649,1814700
2026-04-17,81.68563842773438,81.80463657546818,80.37660584061813,81.20962313878013,1971700
2026-04-20,80.99144744873047,82.38973617240613,80.83278073431688,81.82447228892165,1765200
2026-04-21,79.68241882324219,81.20962480046133,79.45433399141452,81.20962480046133,1606500
2026-04-22,78.97831726074219,80.60469085561584,78.5518895763542,80.50552321027112,1593500
2026-04-23,81.20962524414062,81.26912431955004,79.59317064546366,79.66258875544348,1862000
2026-04-24,80.55511474609375,81.4377196949333,80.43610902627019,81.01129198974063,1414800
2026-04-27,80.912109375,81.44762371622883,80.49560074271291,80.6443559873886,1311300
2026-04-28,81.23937225341797,81.6757189688573,80.74352646442102,81.52696371895695,1363200
2026-04-29,80.65428161621094,81.46746844545684,80.43610824831455,80.86253594938294,1413600
2026-04-30,82.15172576904297,82.51865437255253,80.86253127169662,80.86253127169662,2828500
2026-05-01,81.92364501953125,83.391344374543,81.76497072925615,82.16164888893732,1544300
2026-05-04,81.3980484008789,82.13189806691132,80.8228654566343,81.25921218206213,1232700
2026-05-05,80.93195343017578,82.17156795083648,80.75344863656038,81.36830016257045,2038600
2026-05-06,80.31710052490234,80.8327843936052,79.63283846613277,80.50552434992913,2908500
2026-05-07,82.04264831542969,82.60791221733724,80.71377765462556,80.7236966889766,3524500
2026-05-08,81.10054016113281,82.53849756193706,80.86253628879534,82.25090608177622,2963800
2026-05-11,82.73683166503906,82.96492406531954,81.58646576102721,81.69555244385616,2255800
2026-05-12,82.60791015625,82.95500068981283,81.80463484599753,82.63765969255451,2850100
2026-05-13,81.77488708496094,82.07239758647704,81.25921079047356,81.96331090698823,1747700
2026-05-14,82.04264831542969,82.22115310371662,81.43771584212433,81.83438642408963,1725700
2026-05-15,79.8311767578125,82.29057534597814,79.77167768073008,82.21123819919708,2319700
2026-05-18,81.27904510498047,81.36830128602382,80.25760393641406,80.58486399022854,2125200
2026-05-19,82.28065490722656,82.44924066675478,80.87245462292033,81.03112134776846,1743600
2026-05-20,82.46907806396484,82.87566769045475,82.14181801624913,82.57815718053018,3182400
2026-05-21,82.95500183105469,83.1136685488636,82.04264739713618,82.04264739713618,1477200
2026-05-22,83.94000244140625,84.08000183105469,82.83999633789062,83.1500015258789,1609800
2026-05-26,84.11000061035156,84.48999786376953,83.80000305175781,84.44000244140625,1698800
2026-05-27,84.16999816894531,84.44000244140625,83.5199966430664,83.87999725341797,1848000
2026-05-28,82.8499984741211,84.44999694824219,82.75,84.04000091552734,1861300
2026-05-29,82.04000091552734,82.88999938964844,81.73999786376953,82.66000366210938,2489200
2026-06-01,80.38999938964844,81.58999633789062,80.22000122070312,81.2300033569336,2195600
2026-06-02,81.3499984741211,81.5999984741211,80.2699966430664,80.38999938964844,2518200
2026-06-03,81.06999969482422,83.01000213623047,81.04000091552734,81.51000213623047,2077900
2026-06-04,81.88999938964844,82.13999938964844,80.27999877929688,81.80000305175781,2197700
2026-06-05,83.2699966430664,83.69000244140625,81.98999786376953,82.0,1708000
2026-06-08,81.69000244140625,83.58000183105469,81.37000274658203,82.94000244140625,1771700
2026-06-09,82.2699966430664,82.87999725341797,81.16999816894531,81.9000015258789,2780800
2026-06-10,82.83000183105469,83.4000015258789,82.43000030517578,82.91000366210938,1526600
2026-06-11,82.80999755859375,84.08000183105469,82.7699966430664,83.30999755859375,1618200
2026-06-12,83.8499984741211,83.9800033569336,83.02999877929688,83.02999877929688,1408100
2026-06-15,83.44000244140625,83.73999786376953,82.69999694824219,83.37000274658203,2169600
2026-06-16,83.97000122070312,85.08999633789062,83.55999755859375,83.80999755859375,1783700
2026-06-17,82.8499984741211,84.05000305175781,82.23999786376953,83.94999694824219,2224800
2026-06-18,82.5,83.33999633789062,82.0,82.8499984741211,2848400
2026-06-22,83.25,84.0,82.41999816894531,82.41999816894531,2117900
2026-06-23,84.83999633789062,85.0,83.12999725341797,83.7300033569336,1981500
2026-06-24,85.81999969482422,86.08000183105469,84.83999633789062,85.1500015258789,2196300
2026-06-25,86.66000366210938,86.81999969482422,85.77999877929688,86.18000030517578,2708400
2026-06-26,87.20999908447266,87.56999969482422,86.76000213623047,86.91999816894531,2727000
2026-06-29,87.01000213623047,87.37000274658203,86.5199966430664,87.2300033569336,2087200
2026-06-30,86.43000030517578,87.55999755859375,85.8499984741211,86.9800033569336,2312600
2026-07-01,86.19000244140625,86.48999786376953,85.4800033569336,85.4800033569336,2209300
2026-07-02,88.12999725341797,88.18000030517578,86.44000244140625,86.44000244140625,1505500
2026-07-06,86.2699966430664,87.9000015258789,85.76000213623047,87.9000015258789,1907100
2026-07-07,87.12000274658203,88.62000274658203,86.81999969482422,86.81999969482422,2352900
2026-07-08,85.91000366210938,87.41999816894531,85.66999816894531,87.12000274658203,2797900
2026-07-09,85.27999877929688,86.27999877929688,85.04000091552734,86.12000274658203,3199500
2026-07-10,85.70999908447266,86.16000366210938,85.31999969482422,85.31999969482422,1682000
2026-07-13,86.44999694824219,87.22000122070312,85.9800033569336,86.16999816894531,2322200
2026-07-14,86.44999694824219,87.5199966430664,86.08000183105469,86.86000061035156,2340900
2026-07-15,85.41999816894531,86.55000305175781,85.08999633789062,86.22000122070312,1795500
2026-07-16,86.55999755859375,86.63999938964844,85.44000244140625,85.55999755859375,1867800
2026-07-17,85.58999633789062,88.12000274658203,85.27999877929688,87.3499984741211,1874800
2026-07-20,85.16000366210938,86.66000366210938,84.91999816894531,86.16999816894531,1634400
2026-07-21,84.91999816894531,85.3499984741211,84.45999908447266,85.18000030517578,2821600
2026-07-22,86.55999755859375,86.66000366210938,85.18000030517578,85.63999938964844,1597500
2026-07-23,86.6500015258789,86.97000122070312,85.87000274658203,85.97000122070312,1899800
