Date,Close,High,Low,Open,Volume
2018-06-01,68.77903747558594,69.0337061589357,68.11507388896588,68.24240823064076,1883800
2018-06-04,68.31520080566406,69.38845279799222,68.25153360862782,68.80635072817397,1649200
2018-06-05,68.95185089111328,69.14285242159924,68.11508029873613,68.29698453561748,1309000
2018-06-06,69.85230255126953,69.93415738425183,68.80633573710185,69.12467165292614,1695900
2018-06-07,69.20652770996094,69.94325591584479,67.60575080801665,69.84320649207294,1171600
2018-06-08,69.5976333618164,69.6613005509113,68.82452979732032,69.00644100845086,896600
2018-06-11,70.07060241699219,70.59813457200245,69.07011494524421,69.07011494524421,1630000
2018-06-12,70.97103118896484,71.08927520712638,69.9887314986532,69.9887314986532,1109000
2018-06-13,70.36164093017578,71.05288959865705,69.92506099766062,70.97102782540931,2037300
2018-06-14,69.82501220703125,70.99831341339404,69.78863690659446,70.75274196983099,1226900
2018-06-15,69.93417358398438,70.15246012837085,69.27021665420767,69.51578814924193,1596300
2018-06-18,69.80682373046875,69.970540337307,69.1701518923214,69.65220441823334,1307300
2018-06-19,67.87860870361328,68.97914545035539,67.08731752972918,68.97914545035539,2327300
2018-06-20,68.25151824951172,68.60623640163239,67.56026959495755,67.89680009739105,1336100
2018-06-21,68.36975860595703,68.72447677512349,67.54208519096957,68.31518871507075,887100
2018-06-22,67.32378387451172,69.11556910053233,67.22374139932258,68.80633050274298,2059400
2018-06-25,65.98677062988281,66.79625626896086,65.413759107496,66.79625626896086,1315300
2018-06-26,66.06861877441406,66.4415314379001,65.55018412607566,66.27781486794055,1262400
2018-06-27,65.61387634277344,67.31470986111259,65.60477904674707,66.19597838279465,1470300
2018-06-28,66.3869857788086,66.76899591413488,64.96811279938156,65.4228804916804,1236100
2018-06-29,66.4870376586914,67.34200317203769,66.2596538042231,66.4779403615354,1260600
2018-07-02,66.73259735107422,67.00545373622226,66.05953633479668,66.05953633479668,1017800
2018-07-03,65.71392059326172,67.15098792700755,65.61387116248176,67.15098792700755,718800
2018-07-05,65.77758026123047,66.2960150072674,65.03176173291064,65.85944203123753,1781600
2018-07-06,65.35009765625,65.75939262798074,64.64975865989639,65.61386367646696,1562900
2018-07-09,66.66893768310547,66.91450915134308,65.7412078270892,66.08683566879083,1694800
2018-07-10,66.37789154052734,66.80536731736507,65.66844815308585,66.80536731736507,1153700
2018-07-11,65.95948028564453,66.49610958583794,64.99537533107569,64.99537533107569,1059500
2018-07-12,66.36878204345703,66.61435348454746,65.7139156149457,66.16868319705605,825800
2018-07-13,66.60527801513672,67.11461560039034,66.02316899587011,66.43246407476674,943100
2018-07-16,65.78667449951172,67.23283195683555,65.50471390392123,66.86901653424275,1110900
2018-07-17,65.71392059326172,66.03225653701475,65.23186802997812,65.67753835123236,1057400
2018-07-18,66.55978393554688,66.75078548830547,65.82306266930622,65.97768198260566,955500
2018-07-19,66.45064544677734,66.65074431898272,65.86854342174546,66.19597667822633,635900
2018-07-20,66.77806854248047,66.97816738423931,65.97768011464753,66.38696815337066,1033400
2018-07-23,67.1691665649414,67.4147449308845,66.5324947628708,66.98726231840757,1090800
2018-07-24,67.2055435180664,68.44251172700623,66.67801152971231,67.72397821304843,1465500
2018-07-25,69.17015838623047,69.27020781864695,67.20555891972867,67.26922610952069,2092200
2018-07-26,68.77903747558594,69.29747213503401,67.90588473015764,68.6971757192514,1655800
2018-07-27,68.48800659179688,68.96096186503325,68.00594708394797,68.78814794827227,622000
2018-07-30,67.95137023925781,69.17924130419671,67.36017100378278,68.74266831805078,747500
2018-07-31,69.27930450439453,69.64312002467487,68.04233589896371,68.36976917329562,1192200
2018-08-01,69.27930450439453,69.69768992399555,68.48801320742896,69.51578563345733,1145300
2018-08-02,69.73406982421875,70.12517028100353,68.89729901316412,68.89729901316412,1046900
2018-08-03,69.64311218261719,70.10697709222191,69.44301332203464,69.86139869452401,1397200
2018-08-06,70.4798812866211,70.69817473264852,69.67039550707747,69.68859009718122,1620500
2018-08-07,66.3323974609375,69.12467003888763,63.403693225333306,64.23137352635291,4466800
2018-08-08,66.75077056884766,67.33287239168335,65.59566421580837,66.09590428335721,1653400
2018-08-09,66.62345886230469,67.21465817861635,66.35969279997477,66.86903033318926,1366200
2018-08-10,66.46884155273438,66.80536517347093,65.7866900760582,66.17779053358736,1408400
2018-08-13,65.36830139160156,66.30512159565062,64.9317214151731,66.30512159565062,1410700
2018-08-14,65.48653411865234,66.01406619779462,65.38648469194595,65.68663297206513,937100
2018-08-15,66.51429748535156,66.68711137001293,64.80437404378269,65.04994546059449,1765500
2018-08-16,67.2237548828125,67.69671016817804,66.85993938834487,67.27832477826145,1103600
2018-08-17,67.31468963623047,67.51478845346821,66.18686120074528,67.26921010896676,711600
2018-08-20,67.82403564453125,67.97865495413616,67.12369663448389,67.28741323853687,1038300
2018-08-21,68.27880096435547,68.35156543913331,67.03273535579328,67.8240334057973,750400
2018-08-22,67.65121459960938,68.13327400559977,67.53297754108442,68.13327400559977,660800
2018-08-23,67.0600357055664,67.93318869554241,66.92360403293198,67.64213769888374,550800
2018-08-24,67.0327377319336,67.32378870215975,66.69621416776108,67.32378870215975,466400
2018-08-27,67.50569915771484,67.95136943305192,67.27831537286089,67.28741266723172,604900
2018-08-28,66.67802429199219,68.21514102360231,65.95040028459556,67.51480196234264,570600
2018-08-29,66.77806854248047,67.06911951071085,66.45973263022887,66.4779202798422,882400
2018-08-30,66.3869857788086,66.72351636922328,66.12321968457074,66.72351636922328,999100
2018-08-31,66.65074157714844,66.80536090323614,66.08683416689841,66.35059328118768,1213900
2018-09-04,66.61433410644531,67.20553317904955,66.05042690975868,66.55066694103874,859100
2018-09-05,68.20604705810547,68.26971424860075,66.41426148947673,66.41426148947673,1338400
2018-09-06,68.6517333984375,69.16107098967414,67.8877200723783,68.1696738190694,1284500
2018-09-07,68.04232025146484,68.86090324904742,67.6694144598564,68.31518356372646,899500
2018-09-10,69.02464294433594,69.27931175341823,68.01505806604219,68.16967742309862,956100
2018-09-11,68.66990661621094,68.98824254380978,67.88770580028078,68.76085874706735,923900
2018-09-12,68.3515853881836,68.92459018109089,68.06962470092714,68.79725578266705,740000
2018-09-13,67.53298950195312,68.64262357104558,67.19645897534548,68.31519033953623,1013300
2018-09-14,68.5698471069336,68.66079922441499,67.63302711239182,67.63302711239182,749300
2018-09-17,67.10551452636719,68.6699163806764,66.85994304421575,68.50619974617418,931600
2018-09-18,67.21466064453125,67.38746763438114,65.95949747848509,67.06004130759051,1377100
2018-09-19,67.32378387451172,69.70676829306124,67.06911516122591,69.70676829306124,807100
2018-09-20,67.00545501708984,67.83313536136004,66.85993299673629,67.52388979190431,799200
2018-09-21,67.01457214355469,67.48752752366931,66.34151785443608,67.03275979928016,1430200
2018-09-24,65.62296295166016,67.01455063130659,65.53201082381969,66.85993132005756,1055400
2018-09-25,65.66844177246094,66.10502174237389,65.38648806766075,65.93220782564954,851400
2018-09-26,66.49612426757812,67.11460852988789,65.39558742155111,65.87764000526836,861200
2018-09-27,66.08683776855469,66.73260699435278,65.9594964433742,66.51431352764646,748400
2018-09-28,66.87812805175781,66.96908019194925,65.76849389949318,66.05045455505118,1059000
2018-10-01,66.34152221679688,67.51482385557723,66.05047113161761,67.16009862315994,799200
2018-10-02,66.02316284179688,66.47793048315667,65.75030642050311,66.14140686964066,851400
2018-10-03,66.51429748535156,66.92359243230713,65.97767512233224,66.26872606853975,943100
2018-10-04,66.35969543457031,67.0509442136648,66.01407451462494,66.63255880345606,903700
2018-10-05,66.1141128540039,66.55978313843667,65.65934527501464,66.37787888252198,700800
2018-10-08,65.78667449951172,66.47791616931583,65.23185754137813,65.9140088565389,584600
2018-10-09,64.76799774169922,65.66843560477024,64.7134278527866,65.50471899882983,751700
2018-10-10,62.15764617919922,64.38601208254545,62.03940907479157,64.38601208254545,1306400
2018-10-11,60.465904235839844,62.54873377477038,60.211228546332826,61.96663179144607,1555100
2018-10-12,60.84790802001953,61.848395380989025,60.35675816517201,61.32996057962827,1920400
2018-10-15,61.01161575317383,61.45728600612755,60.48408373339884,60.48408373339884,1414700
2018-10-16,62.02120590209961,62.13034568218288,60.90247458182722,61.27538733498558,1399100
2018-10-17,62.576019287109375,62.685159060865416,61.64828957496921,62.17582161213109,1684300
2018-10-18,60.55685806274414,63.076267629209646,59.929276525374824,62.40321349327353,1430700
2018-10-19,60.265804290771484,61.33905610426471,59.82922434155268,60.593237517884866,1651900
2018-10-22,60.929771423339844,61.25720470592615,59.93838121826757,60.4841010428434,1281300
2018-10-23,60.21122741699219,60.70237725731049,59.29260186194031,59.95655867146482,1376800
2018-10-24,58.43763732910156,60.474994259544,58.34668519580737,59.97475405682444,1071500
2018-10-25,60.22941970825195,60.53865833338929,58.88330461143576,59.02883356858459,1453700
2018-10-26,59.41992950439453,60.12026847526958,58.64682606040978,59.64731327846076,1182100
2018-10-29,59.756446838378906,60.8115107712094,58.84691183664284,60.32036103756776,1066100
2018-10-30,61.357242584228516,61.59372367467642,59.88379309033386,59.88379309033386,1130700
2018-10-31,61.102561950683594,62.93072925482346,61.066179717757265,61.89385990362805,2241100
2018-11-01,62.75792694091797,62.776114591129925,60.58413843244847,61.08438555331077,1579100
2018-11-02,62.93073654174805,64.51332569168795,62.49415663528073,63.21269020557353,1910800
2018-11-05,62.676082611083984,63.403706707962385,62.2576902548542,62.87617455376295,2041900
2018-11-06,64.9771957397461,65.80486914847255,63.33093233870084,64.4405663730134,2037700
2018-11-07,66.72351837158203,66.87813772619471,64.7771131452681,65.29554805247874,1250500
2018-11-08,66.19596862792969,66.97816943004109,65.32281569656868,66.58706902898538,1577500
2018-11-09,65.24095916748047,66.18686961415112,64.78619159384161,66.01406265482605,1040500
2018-11-12,64.24046325683594,65.55929334906574,64.12222618892663,65.2591450929856,838400
2018-11-13,64.96807861328125,65.56836804285815,64.41326176548407,64.42235905752027,1012000
2018-11-14,65.46835327148438,65.95040586523604,64.68615236642196,65.35920653849767,1073800
2018-11-15,66.94178771972656,67.08731667903858,64.91352815853504,65.22276678826901,1152000
2018-11-16,67.00545501708984,67.35108282643463,66.24144879702757,66.49611753704833,1054600
2018-11-19,67.00545501708984,67.1691716269893,66.2505391525978,67.06003184652481,1147600
2018-11-20,65.83214569091797,66.76897263942065,65.48652486336289,66.32329546009741,1134200
2018-11-21,66.43245697021484,66.73260527479916,65.77759046537757,66.27783763968476,1216600
2018-11-23,66.60527801513672,67.36928439301714,65.79578515399557,66.24146248029665,596900
2018-11-26,67.74219512939453,67.76038278293217,66.90541734338078,67.1873780172436,1022700
2018-11-27,67.91499328613281,67.93318787650637,66.8872209845239,67.25103646076168,1425200
2018-11-28,69.90686798095703,69.97963245399063,68.07870049639965,68.21513214853715,2238900
2018-11-29,69.00643920898438,70.2615953066404,68.61533878925631,69.51577670846166,1335900
2018-11-30,69.61946105957031,69.76585834252123,68.79600077509474,69.09793295511935,2265600
2018-12-03,70.35143280029297,71.08340524641768,69.49136622318741,71.08340524641768,1723400
2018-12-04,69.1162338256836,70.47952532030807,68.65875280246404,70.12269068064533,1790300
2018-12-06,67.98168182373047,68.73195041134095,67.3046048934772,68.15551986313596,2263400
2018-12-07,64.56884765625,67.62482340044039,64.39500269739314,64.90738600228603,2126800
2018-12-10,65.16360473632812,65.4746885132779,63.233034062223844,64.29438651484871,1725900
2018-12-11,65.28253936767578,66.73733262358176,64.81590677835428,66.14260590865928,1233100
2018-12-12,66.11517333984375,66.81969119235443,65.69429154760768,66.28901141842759,1451000
2018-12-13,64.78844451904297,66.57262426407904,64.20286951017296,66.23408587620538,1288800
2018-12-14,64.48651885986328,65.32828214656855,64.04733406906615,64.30352228844555,949700
2018-12-17,63.71794509887695,64.89824676793886,63.36111052225419,64.34011945976373,1202900
2018-12-18,63.12322235107422,65.82236426521887,62.71149226989221,64.27607635123172,1063400
2018-12-19,61.02796173095703,63.223871895529186,60.81752438311983,62.748094733831444,1733600
2018-12-20,60.790077209472656,61.45799555698959,60.14045503039746,61.01881770832756,1342500
2018-12-21,59.25293731689453,61.78737882469982,59.17973868619114,61.128605109580654,2531200
2018-12-24,57.74325180053711,59.41763391912486,57.71580405770879,59.26208507542102,641100
2018-12-26,60.36003494262695,60.433233566676996,57.55110231530285,58.026879410418125,1061800
2018-12-27,61.32074737548828,61.375649839799706,59.15229200184525,59.509126607143614,957400
2018-12-28,60.735172271728516,61.85142697761897,60.48813561448336,61.640989636374165,707300
2018-12-31,62.29975509643555,62.32720981832335,61.05541328114093,61.24755445072184,1278300
2019-01-02,61.58610153198242,62.12593284310177,60.73518643323395,61.09202112168259,1121300
2019-01-03,59.4542350769043,62.18996955964232,59.06994572359365,61.055418610445635,1693600
2019-01-04,61.22925567626953,61.714184421840514,60.295997502986566,60.387492307330994,1391600
2019-01-07,61.52204895019531,62.04357706204356,60.899874450042425,61.31161157872689,1584200
2019-01-08,62.08932876586914,62.693200122939984,61.53120132550892,62.23571907219271,1166800
2019-01-09,62.830440521240234,63.43431880785299,62.20826606561176,62.52850137793386,1362300
2019-01-10,62.885345458984375,62.92193779845278,61.96123182375992,62.54680698374601,1380200
2019-01-11,62.583412170410156,62.96769459631006,61.942934479969786,62.53766127087613,924300
2019-01-14,62.48276138305664,62.601703940632746,61.128614430975134,61.99783259676066,900400
2019-01-15,61.302452087402344,62.62914415376796,61.04626385229223,62.47360229396623,1638700
2019-01-16,61.32989501953125,62.36380643377185,61.09200297104156,61.91547007688641,1689200
2019-01-17,62.16250991821289,62.54679221736663,61.06455151699592,61.22010033574329,1193300
2019-01-18,63.39773178100586,63.873509054329,62.27232520166869,62.72066170645106,2155800
2019-01-22,62.574241638183594,63.34281323776004,62.23570323376712,63.14152050976133,1061100
2019-01-23,62.6383056640625,62.67490498639893,62.00697956982133,62.58341017086134,1266200
2019-01-24,62.775543212890625,63.35196675835223,62.04357082257862,62.64744909167693,702900
2019-01-25,63.4343147277832,63.644752070656935,61.329899415410964,63.24217355274838,680600
2019-01-28,62.51020812988281,63.013440058908365,62.35466625385913,62.793844136820894,756600
2019-01-29,62.85790252685547,63.09579466167261,62.26318266072436,62.86705410374285,705500
2019-01-30,63.51666259765625,63.7179553616299,62.272313675461234,63.05003698728786,637500
2019-01-31,63.40687561035156,63.82775733395336,62.83959660170214,63.82775733395336,1197000
2019-02-01,63.782012939453125,64.33098885313332,62.903650081443324,63.571575546502665,711900
2019-02-04,64.26692962646484,64.2852327758039,63.62645901172091,63.736256965936796,849100
2019-02-05,64.79759979248047,64.8616468445895,64.0930822192812,64.26692022894562,636000
2019-02-06,64.5963134765625,65.25508720972476,64.47737093386603,64.70611142562483,774000
2019-02-07,65.32828521728516,65.36488453328903,64.58716128426676,64.58716128426676,1316800
2019-02-08,65.07210540771484,65.2733912008786,64.55972189795195,64.77016624705921,1355300
2019-02-11,65.11783599853516,65.32828030458053,64.87995093330763,65.09038825874777,899100
2019-02-12,66.81967163085938,66.85627094737517,65.49297956504002,65.49297956504002,1367900
2019-02-13,67.49674987792969,67.8535915129151,65.93216555166772,66.8928785322914,1545700
2019-02-14,67.67057800292969,68.12805893073256,66.92030956055716,67.17649776322997,1010500
2019-02-15,67.3777847290039,68.04570989796902,67.10329340354332,68.04570989796902,1616300
2019-02-19,68.64045715332031,68.74110354787561,66.7190380419497,68.26532630320189,1935300
2019-02-20,69.1253890991211,69.25348323402746,67.99998265032173,68.594709408448,1292800
2019-02-21,69.09793853759766,69.40902929869829,68.65876061447669,68.96984439497011,1079000
2019-02-22,69.35411834716797,69.51881177678648,68.48490030950141,69.24432040055375,934700
2019-02-25,68.99728393554688,69.63775450770453,68.68619324292337,69.53710813485037,970500
2019-02-26,68.32936096191406,69.18027588274116,68.31106479377631,68.99728627893991,973800
2019-02-27,68.3934097290039,68.43916062139952,67.78038686229677,68.22871628922822,694700
2019-02-28,68.5763931274414,68.85088449574637,67.80782846515625,68.20126237007045,1109200
2019-03-01,68.98815155029297,69.2443398504139,68.4757679694435,69.01559929950484,908800
2019-03-04,68.9240951538086,69.50967032649262,68.32021683038693,68.89664740830882,1075600
2019-03-05,68.59469604492188,69.3632607046293,68.57639289744002,69.09792091098589,941200
2019-03-06,68.5123519897461,69.03388005008615,68.36596169978354,68.72279632103695,1074600
2019-03-07,68.02742004394531,68.58554739564785,67.3777978927485,68.45745328023472,1140800
2019-03-08,68.1738052368164,68.22870071067207,66.98435211217732,67.46013615427476,1226600
2019-03-11,69.69265747070312,69.71096062078956,68.15552095194411,68.15552095194411,1079800
2019-03-12,70.05863952636719,70.34227551040966,69.60115852985686,69.72010107593138,1208500
2019-03-13,70.3331298828125,70.90040184256011,70.12268555604405,70.3331298828125,1096500
2019-03-14,70.45206451416016,70.71740429610689,69.84818632477689,70.43376834809028,976000
2019-03-15,69.5462646484375,70.75401422786219,69.43646669372392,70.4154757696166,1541500
2019-03-18,70.03119659423828,70.12269140370434,69.27177641251762,69.71096127080382,1291300
2019-03-19,69.72010803222656,70.2141883954271,69.25348239526498,70.09524583748514,876400
2019-03-20,68.45745849609375,69.73840672842785,68.14637475799022,69.49136307230442,1046800
2019-03-21,69.43645477294922,69.610299759582,68.16465835010044,68.20125766205497,607800
2019-03-22,67.81697845458984,69.3998586304336,67.77122756740603,69.25346835653492,886700
2019-03-25,67.45101928710938,67.9359481706219,66.8379962449561,67.53336254026067,1308500
2019-03-26,67.76209259033203,67.9725369500728,67.39611332564601,67.74379641934054,1328500
2019-03-27,67.96337890625,68.18296784028489,67.52420103818021,67.81698861042885,1208100
2019-03-28,68.59469604492188,68.65874309989749,68.03656871701772,68.03656871701772,683500
2019-03-29,69.44563293457031,69.6377741604425,68.86005768031,69.02475115685868,1087200
2019-04-01,71.00105285644531,71.07425149493783,69.77500707442454,69.93970052072949,1000900
2019-04-02,71.44939422607422,71.5225928767836,70.66253316307477,71.05596718487827,1360400
2019-04-03,71.1657485961914,72.50159237900087,70.97360739941128,71.50428707467447,1562300
2019-04-04,71.68728637695312,71.80623592955152,70.46124038985381,71.00106473266715,988400
2019-04-05,71.4676742553711,72.26369361791303,71.26638152135322,71.94345136982719,1056100
2019-04-08,71.57747650146484,72.51073462006094,71.12914011941827,71.32128129146435,645900
2019-04-09,71.19319152832031,72.41924424757148,70.9278517086271,71.38533271211068,838300
2019-04-10,71.18405151367188,71.49513526536228,70.76316282045714,71.38533730444453,760900
2019-04-11,71.5408935546875,71.65983612251956,71.11086022240704,71.40364783450754,576700
2019-04-12,72.31859588623047,72.34604362879021,71.65982214237297,72.01665675686147,674700
2019-04-15,72.2362289428711,72.40092234068071,71.24807553661776,72.2453805151395,546900
2019-04-16,73.02310943603516,73.33420012230566,72.02580428252693,72.3277433949233,998300
2019-04-17,73.28845977783203,73.67274216856711,73.06887083749864,73.44400165304292,734300
2019-04-18,73.59039306640625,73.82828513815444,72.86757225730653,73.27015776632561,1095200
2019-04-22,73.16038513183594,73.27018312154757,72.66630464904618,73.27018312154757,687900
2019-04-23,73.17867279052734,73.27016760560758,72.77608722744597,73.19696896130063,817700
2019-04-24,73.65444946289062,73.78254359916015,73.11462517155577,73.21526458096164,1071800
2019-04-25,72.03495025634766,73.18779717306515,71.79705821835302,73.18779717306515,938300
2019-04-26,72.5381851196289,72.57478443673477,71.27554009220299,71.99836089868064,633200
2019-04-29,71.67810821533203,72.71201957683809,71.24808200811819,72.61137321455688,938400
2019-04-30,72.66626739501953,72.78521690137705,71.54086824502265,71.70556165485205,1414300
2019-05-01,70.56188201904297,72.57479591395332,70.5069795443987,72.57479591395332,1316500
2019-05-02,71.5683364868164,71.58663265732585,70.086095373705,70.56187957423269,1024200
2019-05-03,72.42839050292969,72.4924375594894,71.75131364146341,71.92515864381363,703800
2019-05-06,72.01666259765625,72.42839971126342,70.79061679317851,71.22064309583425,1216500
2019-05-07,69.29008483886719,70.54357848327311,67.62485404960252,70.54357848327311,2249800
2019-05-08,68.5672607421875,69.53711831649179,68.25617000401402,69.47307124989824,1421000
2019-05-09,67.9542236328125,68.53980572604497,67.73463471072905,67.83528108764354,1365200
2019-05-10,67.53335571289062,68.05488387194855,66.38050840167251,67.66144985858152,1472500
2019-05-13,66.00537872314453,66.88374167962637,65.78578972917613,66.28901479787905,1341300
2019-05-14,66.6366958618164,67.39611613080174,65.97792198899093,66.15176703337747,1287700
2019-05-15,67.09417724609375,67.45101193205525,66.17921508093968,66.31646080183425,1181100
2019-05-16,68.04574584960938,68.38427741852065,67.13078358879734,67.22227841875693,1141900
2019-05-17,68.20125579833984,69.10706605749549,67.50588285141596,67.72547173653753,1498200
2019-05-20,67.5699462890625,67.80783837766276,67.09416909246849,67.63399335361567,962400
2019-05-21,67.66144561767578,68.28362013515219,67.56079922656879,67.94508862016228,1291400
2019-05-22,66.69157409667969,67.39609868745478,66.17004607910843,67.26799759590935,669700
2019-05-23,65.58447265625,66.46283528791248,65.10869551515995,66.22494322706461,914900
2019-05-24,65.59362030029297,66.11514829973949,65.14528394697884,65.90470399302008,575300
2019-05-28,64.8067626953125,65.72172473145491,64.63291767465141,65.57532745498108,1820900
2019-05-29,64.3858871459961,64.64207542368806,63.5624198386955,64.61462767687921,1223500
2019-05-30,64.32183074951172,64.90740586521191,63.62645768189048,64.48652418709028,788000
2019-05-31,64.12830352783203,64.53377287113366,63.46481782598854,63.99008173407926,1181800
2019-06-03,64.64437103271484,65.04062333018214,64.00852252429694,64.00852252429694,1542800
2019-06-04,65.87918853759766,65.90683289759558,64.92081088421095,65.26177439560952,982800
2019-06-05,66.74540710449219,66.8467744314109,65.73174086591445,66.21092611357703,852500
2019-06-06,66.11878967285156,66.92972142632097,65.63038719459097,66.49661470281823,919200
2019-06-07,66.86522674560547,67.03109997637753,66.32153545233777,66.43211291911109,795200
2019-06-10,67.91574096679688,68.57923375412211,67.04030339111591,67.16009796581216,1169200
2019-06-11,67.28910064697266,68.58844168633283,67.05872162841459,68.21983385051797,1121900
2019-06-12,68.4502182006836,68.46865246074552,64.78258787670777,67.34440163771636,1707400
2019-06-13,68.68059539794922,69.10449197008856,68.32120467307868,68.57001796297986,830900
2019-06-14,68.16455841064453,68.80961697598592,67.54714420801619,68.68982239402568,728600
2019-06-17,67.37205505371094,68.51473325979669,67.32597642797224,68.07240938739436,739500
2019-06-18,68.48709106445312,68.58845841979794,67.52871326976381,67.65772498918243,878900
2019-06-19,69.4638900756836,69.5836916837764,68.48708513307913,68.5055123639953,1016000
2019-06-20,70.3393325805664,70.46834428492026,69.70348415867196,69.8877845847173,1173500
2019-06-21,69.47309875488281,70.34853624442242,69.39937577896517,70.34853624442242,1425800
2019-06-24,68.4594497680664,69.69427828943802,68.33043804286673,69.58370082818786,1140700
2019-06-25,68.0355453491211,68.94784445362544,67.8880993767591,68.51473069807572,999800
2019-06-26,67.43655395507812,68.45943747158513,67.19695778105212,67.9618178935052,1130200
2019-06-27,68.87413024902344,68.97549761029411,67.65772894438726,67.65772894438726,743600
2019-06-28,69.9062271118164,70.17346768260968,69.09529529847265,69.10450539943656,2065200
2019-07-01,70.02600860595703,71.09497068924907,69.46388320536555,70.94752473405978,915500
2019-07-02,68.61609649658203,70.20110551061808,68.45944042744402,69.82328048793264,948600
2019-07-03,69.54682922363281,69.57447358492779,68.52394567205455,68.62531301720993,606700
2019-07-05,69.45469665527344,69.52841262725194,68.57925181838345,69.39019078565944,501500
2019-07-08,69.11370849609375,69.54682219423354,68.72667341586202,69.0676298781857,613000
2019-07-09,67.75908660888672,68.92019901598037,67.21539541316059,68.47786813640775,1804000
2019-07-10,66.00819396972656,68.15532811340039,65.95290525498105,67.91573196515364,1163400
2019-07-11,66.74540710449219,66.83755730243391,65.76860235121302,66.06348720299216,1611800
2019-07-12,68.33043670654297,68.35808107131487,66.84679486515031,67.05873968214264,1182800
2019-07-15,68.29356384277344,68.47786426431776,67.93417309933471,68.30278097303378,770500
2019-07-16,69.20587158203125,69.71270835091339,68.30278956007385,68.30278956007385,932500
2019-07-17,67.86046600341797,69.01236148423456,67.85124887100005,69.01236148423456,1026500
2019-07-18,68.20140838623047,68.35806443555485,67.57477715832307,67.80515618283889,985000
2019-07-19,69.09529113769531,69.42703051770499,68.20141925522354,68.5515928972738,1801700
2019-07-22,68.8095932006836,69.68503755757332,68.7450873664377,69.12291227459833,845400
2019-07-23,69.5007553100586,69.51918957257806,68.38572146841159,69.05843143814816,840500
2019-07-24,70.53284454345703,70.94752398447801,69.030775801539,69.31644354843745,969100
2019-07-25,69.48233032226562,70.68951442366557,69.07686090107603,70.44070811650649,743000
2019-07-26,70.2103271484375,70.34854896501423,69.28881087466611,69.65741175968569,610800
2019-07-29,70.2103271484375,70.2471886430617,69.5284000438066,69.92465232275273,517000
2019-07-30,70.26560974121094,70.77244645978523,69.62976131801967,69.97994197107485,617300
2019-07-31,70.3577651977539,71.14105261433363,69.74956812075017,69.96151292386847,1338100
2019-08-01,67.56554412841797,70.1918629837186,67.07714183627886,70.1826528869445,1302500
2019-08-02,67.43655395507812,68.11847395587931,66.94815150731739,67.47341544574446,911300
2019-08-05,64.22967529296875,66.25701511867322,63.49246656321212,65.91605159914656,1861800
2019-08-06,66.77306365966797,71.79533121702433,65.98977628814949,71.79533121702433,1639200
2019-08-07,66.89285278320312,67.09558745755297,64.04537130422608,65.76860900558967,1035700
2019-08-08,67.39969635009766,67.61164817599582,66.61640896245903,67.13245580031773,903400
2019-08-09,66.61640930175781,67.55635276558942,66.23858427167912,67.39047956248844,831600
2019-08-12,65.51058197021484,66.34916507009943,65.39078739763583,66.34916507009943,763100
2019-08-13,65.98056030273438,66.71777609496594,64.67200895060365,65.18805578679924,2568400
2019-08-14,64.6904296875,65.80547039473166,64.36790044725578,65.24334499147311,1238700
2019-08-15,64.87474060058594,65.44607613367373,64.4231996401045,64.87474060058594,1101600
2019-08-16,65.82390594482422,66.19251385053259,64.46927593394729,64.93003405843,769000
2019-08-19,66.09115600585938,66.87444352400938,66.00821587560638,66.80993765852907,654400
2019-08-20,64.92082214355469,66.13722340869865,64.86553341397001,66.13722340869865,685100
2019-08-21,65.07746887207031,65.65802147833288,64.9115956944796,65.5290097880523,677500
2019-08-22,64.72730255126953,65.3907954081475,64.38634602192657,65.3907954081475,597900
2019-08-23,62.95799255371094,64.69044064519787,62.63546325883456,64.20203813715487,1424700
2019-08-26,63.99930191040039,64.24811523955292,63.02249691748892,63.46482781897612,937300
2019-08-27,64.39554595947266,64.65357638689876,63.9347878849843,64.43240744910496,1190300
2019-08-28,65.10511016845703,65.47371799361551,63.98085946549796,64.40475600371688,674400
2019-08-29,65.90682983398438,66.59796692424709,65.47372316313218,65.78703526935846,484700
2019-08-30,65.51978302001953,66.4320818472561,65.21568106740442,66.20170285841594,892500
2019-09-03,64.69965362548828,65.41843515955573,64.34947998932003,65.05904439252201,703600
2019-09-04,65.593505859375,65.6948731767211,65.0958864007511,65.28018677923012,735300
2019-09-05,66.87442779541016,67.19695704695408,65.80547270020594,65.80547270020594,775400
2019-09-06,67.50106811523438,67.68536856064236,66.90208112174143,67.14167732526087,809600
2019-09-09,68.15534210205078,68.201420727536,67.42734340917352,67.59321661806469,523700
2019-09-10,69.58368682861328,69.6205483184844,67.77751600859055,68.19219546607253,965700
2019-09-11,69.89701843261719,69.91545269799704,68.96628488807836,69.36253722639788,946700
2019-09-12,69.3072280883789,70.08130530237258,69.1689992611718,69.7126974400237,788200
2019-09-13,70.23796081542969,70.77244186016931,69.3717334002041,69.3717334002041,1093600
2019-09-16,69.47309875488281,70.02600701304519,69.30722557437309,69.7772007575856,638300
2019-09-17,69.45469665527344,69.58370839450144,68.57925181838345,69.53762976022894,550500
2019-09-18,69.38095092773438,69.43623964626218,67.98024245974165,68.61609084525217,727600
2019-09-19,68.73589324951172,69.46389192577817,68.39493673890091,69.17822413999917,450500
2019-09-20,68.17375183105469,69.17820082354245,67.73142108965446,69.02154480224578,1152500
2019-09-23,66.88365173339844,67.69458350990841,66.57033254957136,67.69458350990841,893700
2019-09-24,66.11878967285156,67.56556987645469,65.98056083187325,67.21539623917239,823600
2019-09-25,67.15089416503906,67.37205610469027,66.01742604193042,66.31231097166913,645200
2019-09-26,67.14166259765625,67.27989141669724,66.45052553306105,67.20616844246074,565900
2019-09-27,67.53791809082031,68.238272319015,67.24303321009783,67.56556244985522,737100
2019-09-30,68.4594497680664,68.56081712795354,67.40892170251955,67.56557779303175,1120900
2019-10-01,67.42733764648438,69.75877247231229,67.38126605554783,68.88333490780184,1082600
2019-10-02,65.39078521728516,66.56111466594632,65.17884043974229,66.30308423800894,953700
2019-10-03,65.4645004272461,65.7317409229355,64.00850339443184,65.2617657732328,676300
2019-10-04,65.86077880859375,66.40447011465237,65.2433645025438,65.56589383924062,632900
2019-10-07,65.28020477294922,65.76861426869964,64.9761097676995,65.7409628767581,679500
2019-10-08,63.566192626953125,64.73651514536495,63.49246964122033,64.67200929050148,847400
2019-10-09,65.11434173583984,65.35393089930085,63.861079070770536,64.05459664000183,1222200
2019-10-10,66.4505386352539,66.52426162402652,64.97611401285738,65.28942616922426,1497300
2019-10-11,68.53315734863281,69.29801039583056,67.43655090046511,67.48262951936347,1273700
2019-10-14,68.21983337402344,68.45942952022104,67.73143098298922,68.13690030261445,715800
2019-10-15,69.19664764404297,69.66662287163052,68.3396443328695,68.36728869379631,1108300
2019-10-16,68.57923126220703,69.42702444604556,68.45021956164945,68.94783913406172,642700
2019-10-17,68.55159759521484,69.0676444779409,68.42258587453334,68.9662771216038,515300
2019-10-18,68.13691711425781,68.68060835371139,68.01711549629513,68.42258491596316,1001000
2019-10-21,68.4594497680664,68.87412930897796,68.33043804286673,68.57003425992829,540500
2019-10-22,69.09529113769531,69.1321456005545,68.0079016874633,68.51473140380362,655800
2019-10-23,69.0860595703125,69.62975066651221,68.20140500372023,69.21507125519412,742200
2019-10-24,68.57002258300781,69.15057524754289,68.3212092763424,69.11371375653282,459400
2019-10-25,69.34410858154297,69.43625881473157,68.54238678851672,68.54238678851672,504600
2019-10-28,69.20587158203125,70.0352376444696,69.03999836954358,69.57447950207177,555100
2019-10-29,69.141357421875,69.50074816734622,68.88333401800956,69.20586327284136,560700
2019-10-30,68.20140838623047,68.66216643526208,67.07715762169575,68.66216643526208,941800
2019-10-31,67.21538543701172,68.10925716365867,66.90206631244021,68.10004003424515,1194900
2019-11-01,67.83280944824219,68.08161573392252,67.04952206815426,67.76830359413167,879600
2019-11-04,68.8372573852539,69.00313058261689,68.24748757921014,68.38571641544773,1414100
2019-11-05,71.46358489990234,74.78104184988038,69.34409480459405,70.18267793041252,2306500
2019-11-06,70.95675659179688,72.10865199101436,70.42227543921318,71.19635280340535,1423300
2019-11-07,71.14104461669922,72.01648918555112,71.00282281742659,71.15947887700912,821900
2019-11-08,71.20556640625,71.69397598525055,70.80931408820814,71.12263330812148,792900
2019-11-11,70.59735870361328,71.02125532430411,70.13660059017401,70.73558754376724,505800
2019-11-12,70.43148803710938,70.96596915528704,70.23797046617149,70.51442112582085,650200
2019-11-13,69.86014556884766,70.2563978427118,69.47311042617415,70.2563978427118,995400
2019-11-14,70.21952819824219,70.2840340478673,69.38095215311569,69.81406587086016,852300
2019-11-15,70.3946304321289,71.03047893649008,70.20111285049974,70.59736514543894,978200
2019-11-18,69.57447052001953,70.33011349477414,69.21507977779541,70.20110179400704,1061500
2019-11-19,69.92464447021484,70.09051766209058,69.22429724283766,69.98915032091038,941600
2019-11-20,69.5560531616211,69.84172096377466,69.07686075024131,69.65741348608576,824600
2019-11-21,68.85568237304688,69.64818676142457,68.65294771128379,69.51917507314073,796300
2019-11-22,69.58368682861328,69.6205483184844,68.61609205367489,68.95705556202496,766100
2019-11-25,70.57891082763672,70.60656221482239,69.39937140965682,69.86012943421831,901700
2019-11-26,70.34854125976562,70.77244488620833,70.044446265993,70.4406985015378,4795100
2019-11-27,69.80485534667969,70.28404069915507,69.620554910484,70.28404069915507,1132800
2019-11-29,69.3503189086914,70.02749166230589,69.18334354471462,69.71209768442002,513800
2019-12-02,68.44122314453125,70.11097663551074,68.43194477032418,69.61932896242396,1364700
2019-12-03,67.25385284423828,68.39485235824009,67.14253357445162,67.81043503851838,2058500
2019-12-04,67.84752655029297,69.10911635463061,67.54140393365405,67.55996067987006,1560800
2019-12-05,67.84752655029297,68.61746873978176,67.55068230676206,67.95884579561394,1127800
2019-12-06,68.22787475585938,68.8030066042557,67.9774081763808,68.73807213500689,768500
2019-12-09,68.997802734375,69.00708110823943,68.01450742451387,68.20931081171321,1235400
2019-12-10,68.75662994384766,69.12768001537025,68.48761368786526,69.12768001537025,957300
2019-12-11,69.04417419433594,69.04417419433594,68.47831381240556,68.66383878991667,1083600
2019-12-12,70.79742431640625,71.06644053693603,68.50615433234701,68.98853068547818,1013300
2019-12-13,70.63973236083984,71.49315879714364,69.65642991461274,70.7603229190156,1260300
2019-12-16,70.74178314208984,71.3818495201802,70.50059491467754,71.01079941933298,928000
2019-12-17,71.05715942382812,71.08498746671951,70.50057733402456,70.71393745840064,1368500
2019-12-18,71.29835510253906,71.4467737060378,70.26867494312697,70.77887937430448,1352300
2019-12-19,71.02005004882812,71.34472940856884,70.65827135166128,71.0478780905602,676200
2019-12-20,70.91802215576172,71.58592358885882,70.63973461018877,71.58592358885882,2357800
2019-12-23,71.18702697753906,71.39110872459732,70.89018273017936,71.19630535076675,799400
2019-12-24,71.7065200805664,71.75289779875652,71.10355312548587,71.14993084367599,238200
2019-12-26,71.71578979492188,71.75289621505064,71.27052690802859,71.71578979492188,420300
2019-12-27,71.91057586669922,72.11465758957367,71.42820667589766,71.92913261095559,336300
2019-12-30,72.3465805053711,72.5042845509265,71.56736696071151,72.01262982128111,1136000
2019-12-31,72.37439727783203,72.51354455408618,72.13321621480425,72.34656923804609,596900
2020-01-02,72.68053436279297,73.03304180990422,72.00336166855713,72.93100092545896,1062400
2020-01-03,72.23527526855469,72.27238169005457,71.20559507324317,71.50243936791601,660200
2020-01-06,71.27052307128906,71.83638356247012,70.33360547612158,71.51170417315349,872500
2020-01-07,71.08499145507812,71.37256442818291,70.57479412635146,70.84381035160399,871800
2020-01-08,70.85308074951172,71.3725635229011,70.54696518708872,71.14992501545184,989100
2020-01-09,71.25196075439453,71.44676412636301,70.77886988418183,70.8530756373186,948800
2020-01-10,71.62301635742188,72.04972950782016,71.28906570453194,71.51169711401693,1075600
2020-01-13,71.99408721923828,72.26310346768487,71.5024395186493,71.63230845550954,888300
2020-01-14,73.02377319335938,73.42265841022055,71.92915844085618,72.04974901252982,1081500
2020-01-15,73.45975494384766,73.81225531327337,72.78257517297688,73.21856675564803,847800
2020-01-16,75.45416259765625,75.73245716449019,73.08868708886712,73.79369480147487,1304900
2020-01-17,71.26124572753906,72.66198295360648,69.99965580214369,70.30577844815706,3312600
2020-01-21,68.66384887695312,71.31689749358756,68.26496374711436,70.93656911062054,1868300
2020-01-22,68.32991027832031,69.10912384808162,67.83825553283667,68.88649241062494,1299200
2020-01-23,68.61747741699219,68.82155918722586,67.33733070455409,68.32991151020434,1489400
2020-01-24,68.96070098876953,69.21116755880054,68.17220901268237,69.03491383006212,995700
2020-01-27,68.60820007324219,69.6564299083476,67.67128242188096,67.81042972888724,1898900
2020-01-28,68.50617218017578,68.95144223158516,68.22788459070635,68.77518847079205,1574000
2020-01-29,68.29280853271484,68.71952176592745,67.98668586193419,68.40412072039778,1306900
2020-01-30,68.1165542602539,68.32991441383548,67.26312780058004,67.71766907711756,1278600
2020-01-31,67.7547836303711,68.29281618891088,67.11471017013145,67.81043973045207,5712900
2020-02-03,67.43938446044922,68.82157232179414,67.18892492566067,68.27426137195653,1440600
2020-02-04,67.96813201904297,68.52472129056494,67.60635323894964,68.03306649041032,999200
2020-02-05,68.37628936767578,69.39669114361814,68.18148597132254,68.3113549022247,1176400
2020-02-06,68.67313385009766,69.03491259828634,67.95885472804784,68.58037133880009,1006500
2020-02-07,68.03306579589844,69.05347473172088,67.87536880666279,68.33918847664518,1120700
2020-02-10,67.51358032226562,68.13509689211376,67.25384247679628,67.81970295899399,893000
2020-02-11,67.8660888671875,68.4597774029813,67.78259765701226,67.89391691147071,779400
2020-02-12,68.10726928710938,68.48760476137251,67.83825306618984,67.9310226493056,620100
2020-02-13,68.8122787475586,68.8401067922414,67.59707361423798,67.66200807760643,1084200
2020-02-14,68.0794448852539,69.2297155887067,67.75477255895585,68.89576488813557,1402600
2020-02-18,69.04417419433594,70.9458370617838,68.09798548531053,68.53396989019404,1188500
2020-02-19,70.66755676269531,71.0293354958929,68.6545813339138,68.66385263053121,1762700
2020-02-20,70.00894165039062,71.17776919256546,69.7028189716952,70.66756472807307,1871300
2020-02-21,69.95327758789062,70.68610635004046,69.12767216374493,69.4616228520458,1727100
2020-02-24,67.68983459472656,68.81227719466565,66.57666329125537,68.21858866374457,1823300
2020-02-25,67.10543060302734,68.14438927583272,66.79931498068927,67.94958585168051,2659700
2020-02-26,67.47647857666016,68.90504390297804,67.17036299606245,67.42082248515621,2505600
2020-02-27,64.12769317626953,66.9384458020276,64.08131546423553,66.73436405256743,2810500
2020-02-28,65.32435607910156,66.16851121688363,62.068347317923326,62.75479840010999,4858800
2020-03-02,66.734375,66.82713751661042,64.09059727398159,65.34291601886456,2449700
2020-03-03,65.1388168334961,67.33731690685184,64.64716925721527,66.27980892989792,1959100
2020-03-04,67.8382568359375,67.8753632557807,65.13883025761034,65.99225668202591,1531200
2020-03-05,66.86425018310547,67.01266880807754,65.5933816471458,65.95516044984106,2126800
2020-03-06,65.3800048828125,66.52099697762107,64.81414448292958,65.09243195802522,2759600
2020-03-09,62.84756851196289,65.03679803295691,61.22419958360961,61.428281381260604,3523600
2020-03-10,64.88835906982422,65.02750636499071,62.569261074800835,64.146251957812,3563100
2020-03-11,62.48577117919922,64.73993450548731,62.151820532539894,63.65459844250688,2911700
2020-03-12,57.532188415527344,61.3447828735978,57.495081995148006,58.87726607564285,4430500
2020-03-13,60.43569564819336,60.537736526974946,56.59526636530231,59.508056442779264,3102000
2020-03-16,54.48952865600586,58.070213027794004,53.61754553540445,53.66392678808984,2589400
2020-03-17,57.30027389526367,57.72698707862971,53.803073681337224,55.83460225848983,3161900
2020-03-18,56.35407638549805,56.85500235820367,52.83832328105796,55.06465857841914,2262500
2020-03-19,53.812347412109375,57.040534880770345,53.52478153031964,55.74183860999121,2202300
2020-03-20,50.96449661254883,55.064663735838494,49.02573053393066,54.359655958888574,3215000
2020-03-23,51.817928314208984,53.394915723904305,48.74744116764524,51.02015800467707,2307200
2020-03-24,58.52476119995117,59.0627901319795,53.39491721181329,53.43202009292138,2687300
2020-03-25,59.73997116088867,62.42084811899256,56.83645921815037,59.02568848929296,2156500
2020-03-26,60.48207473754883,61.242738620194345,58.05166449357995,60.046090246042475,2004600
2020-03-27,60.39858627319336,61.87352914046283,57.8754066256461,58.97002111752836,1515700
2020-03-30,62.12399673461914,62.46721870017102,59.23903833174522,60.778915683337345,1482400
2020-03-31,61.89208984375,62.71768818273671,61.18708205543446,61.40044218989562,1667700
2020-04-01,60.7418212890625,62.66203425615778,59.37819045728127,60.25016654092049,1604200
2020-04-02,62.80117416381836,63.042362349585304,60.59339530475015,61.10359972130989,2073700
2020-04-03,62.24457931518555,63.48761933189304,61.54885002236904,62.36517692209466,1381600
2020-04-06,64.201904296875,64.61934615800442,63.107289824033955,63.756641471126954,1846200
2020-04-07,65.5655288696289,66.66014324061254,65.12025900798965,65.12025900798965,1913800
2020-04-08,67.22602844238281,67.71767619195207,65.11101174300649,65.90878219309784,1673300
2020-04-09,66.30766296386719,68.15366326398953,65.86239296780765,67.36517124251628,1523800
2020-04-13,65.4449462890625,66.4931760035598,64.65644733252604,66.1870533788333,985600
2020-04-14,65.50988006591797,66.65087227009309,65.14810135948926,66.12211823167227,2195900
2020-04-15,63.76591491699219,65.1017175939278,63.60821795577763,64.81415171438066,1625600
2020-04-16,64.88835906982422,65.15737528652599,62.6713019527679,63.93289182824665,2049400
2020-04-17,66.54885864257812,66.72511241998832,65.05535841643913,66.4189896731163,1523900
2020-04-20,65.5562744140625,66.53029861075318,65.08318341779737,65.83456906378181,878600
2020-04-21,64.62863159179688,65.32436110188395,64.15554062061278,64.7677789092796,1132300
2020-04-22,65.27796173095703,65.65829005678907,64.00709369952112,65.65829005678907,1337400
2020-04-23,65.1388168334961,66.5395538152708,64.66571892465109,65.25940736514015,1293800
2020-04-24,66.72510528564453,66.85497424122057,64.48021953659882,65.38930222563116,1195000
2020-04-27,67.05904388427734,67.50430677194724,66.4931833616471,66.98483104389035,1102700
2020-04-28,66.71581268310547,67.93102490447424,66.55811571029432,67.68055834546757,1023900
2020-04-29,67.24457550048828,67.7176735576797,65.9644357262766,67.7176735576797,1253700
2020-04-30,66.4282455444336,67.24456551553028,65.71395937706406,66.83640906864476,2000400
2020-05-01,66.19635772705078,66.55813657920447,65.14812760123728,65.86240692855077,1214400
2020-05-04,66.25199127197266,66.3169257341602,64.50803208941785,65.55626185825244,1665400
2020-05-05,67.6249008178711,69.14622857843327,66.79930247502914,66.95699944448758,1665800
2020-05-06,67.47647857666016,68.07016714378888,65.99225715883833,66.70654336066025,1518400
2020-05-07,68.997802734375,69.63787606183399,67.83825370771777,68.47832703517676,1108500
2020-05-08,69.41525268554688,70.09242543239377,68.71024481387661,69.48946553042299,1009200
2020-05-11,69.64716339111328,70.02749184055118,68.47833584030072,68.70096730039427,1252400
2020-05-12,68.24640655517578,69.9532661356484,68.24640655517578,69.86049656616578,1166800
2020-05-13,67.99595642089844,69.03490779892398,67.10541655784017,68.13509663950867,1251100
2020-05-14,67.6991195678711,67.71766923994069,65.92732509886017,67.29095600907775,1292700
2020-05-15,66.33548736572266,68.15365951816048,66.13140559030062,67.07759454859922,4568400
2020-05-18,68.35774230957031,68.46905449612686,67.1147019668547,67.88464428472639,2126700
2020-05-19,66.71581268310547,68.68241042684274,66.65087821916407,68.68241042684274,1518000
2020-05-20,67.47647857666016,68.55254352790972,67.21674071320707,67.54141304252342,1451200
2020-05-21,66.96630096435547,67.6156458144012,66.84570329411264,67.04978512622074,886300
2020-05-22,66.84568786621094,67.02194160368481,65.94587658358854,66.84568786621094,900000
2020-05-26,68.33918762207031,69.08130191569265,67.20746650909312,67.90319600536667,1117100
2020-05-27,69.92544555664062,69.99965839672656,68.65458428746733,69.57294518222139,1192800
2020-05-28,70.18518829345703,70.88091772343662,69.69353355131783,70.03676261794503,1002500
2020-05-29,71.3340835571289,71.45550865342341,69.51266435488661,70.06376283318593,2016100
2020-06-01,70.60550689697266,71.32473622100805,68.77475235826095,70.98847445611166,853700
2020-06-02,72.07199096679688,72.10001159468548,71.05386302025136,71.16595265810992,1186900
2020-06-03,73.24888610839844,73.53844916932897,72.22142289962963,72.6230684507114,1290200
2020-06-04,72.49230194091797,73.78130048215841,72.1466976294471,73.1741608544622,1144700
2020-06-05,72.78186798095703,73.69724884108726,72.68846351595694,73.55713858043518,1318600
2020-06-08,72.78186798095703,73.69724884108726,72.32418111404385,72.52033262843521,1069000
2020-06-09,73.02471923828125,73.26757652819516,71.72637804137364,72.29615449484282,1209200
2020-06-10,72.77252197265625,73.42636025917042,72.44559570309632,73.42636025917042,1414000
2020-06-11,68.6906967163086,72.5950634509068,68.64399091782579,72.41758996823734,1698500
2020-06-12,68.71870422363281,70.36264967333072,67.52311012432631,69.49397472206851,1024600
2020-06-15,69.28849029541016,69.52200502313447,67.19620033036541,67.3830092620233,1247900
2020-06-16,69.1016845703125,72.25880127017706,68.69069635002916,70.6428761437665,1336800
2020-06-17,69.1016845703125,70.10112736629804,68.70003893493676,69.58739209094387,1313100
2020-06-18,68.76541137695312,69.82089525480073,68.56925988423649,69.1950775695186,950800
2020-06-19,68.70002746582031,69.81155258991662,67.64453646290221,69.56870243329566,2280100
2020-06-22,69.66210174560547,70.31594000563291,67.37365358290428,68.28903427324526,1841700
2020-06-23,70.4560546875,71.05385174191606,69.6807841828875,70.46539727074797,1055000
2020-06-24,68.76541137695312,70.49341873057386,68.64397917219776,70.05440995464957,1289300
2020-06-25,68.17695617675781,69.195084069415,67.5324603905199,68.60662240968433,1233000
2020-06-26,68.6906967163086,69.12970556735141,67.79400097061243,68.03685116907093,2021800
2020-06-29,69.40058135986328,70.11980360049665,68.83080484237405,69.23245046738606,872600
2020-06-30,71.02584075927734,71.32473932705683,69.52200533586378,69.69947881014986,1124300
2020-07-01,71.16595458984375,72.65110491868595,70.14782661566208,71.64231952948879,1310900
2020-07-02,72.0626449584961,72.41758477206275,71.27803178337005,71.64231418122378,830600
2020-07-06,72.14669799804688,73.23955218400464,71.72637439858055,72.80987887509305,888200
2020-07-07,72.1280288696289,72.46429064126897,70.19452724585044,70.70825536130334,1234900
2020-07-08,71.41813659667969,72.66977912246541,71.07253226744935,71.97857046400472,779600
2020-07-09,71.95989227294922,72.19340697770582,70.90440837291857,71.62363052799546,728800
2020-07-10,72.46427917480469,72.79119831041773,70.99780722965245,72.22142190564813,622500
2020-07-13,72.13736724853516,73.39834525552229,71.97857182996522,73.12746733714228,801100
2020-07-14,72.96868133544922,73.1928534684098,71.67034007900112,72.33352102014123,888600
2020-07-15,74.56590270996094,74.75271158686009,73.08074577129585,73.80931036802512,970500
2020-07-16,73.9214096069336,74.90217415426909,73.81866257335358,74.62195367608672,748100
2020-07-17,74.37909698486328,74.71535871078969,74.09888363079318,74.32305573930982,1371600
2020-07-20,74.18294525146484,74.73404362734438,73.72525845293299,74.14558204578633,679100
2020-07-21,74.59394073486328,75.17305979046716,74.00548622164737,74.34174085326823,910100
2020-07-22,74.26702880859375,74.8554833792371,74.10823337174669,74.68735248386697,560200
2020-07-23,75.08899688720703,75.19174393971345,74.2483424241109,74.60328937869822,931800
2020-07-24,74.90219116210938,75.46262511942756,74.75273830612885,75.04229430671062,576800
2020-07-27,75.7334976196289,75.81755950033306,74.43515631363616,74.82745934286335,897300
2020-07-28,74.21097564697266,75.78019486060617,74.17361956267754,75.7054755657122,612700
2020-07-29,78.29281616210938,78.40490579479014,75.64942778339432,76.12579981440783,1366900
2020-07-30,77.54556274414062,78.264792050787,76.66755226929789,77.99391412859711,921200
2020-07-31,78.93732452392578,79.30160694738598,77.19997429220598,77.40546840314337,2044600
2020-08-03,80.17028045654297,80.21697912771738,78.7505068783226,78.78787009104462,2019700
2020-08-04,81.1136703491211,81.87026289368909,78.65709804109397,80.32906430444764,1803800
2020-08-05,78.54499816894531,80.31037579190915,76.13513196998609,76.30326283282538,2043800
2020-08-06,78.95597839355469,79.46037093152452,78.43290781772025,78.96532097563805,1154800
2020-08-07,79.81532287597656,80.05818016319506,78.92796985241742,79.10544330765053,1169300
2020-08-10,79.57247924804688,80.35708529628839,79.1054498022925,79.38566319396284,1283000
2020-08-11,80.03951263427734,80.95488640229114,79.57248316553034,79.91808041156847,1397600
2020-08-12,80.46916961669922,81.26311819680969,80.29169615861096,80.814766822909,995100
2020-08-13,80.3104019165039,80.51588892566001,79.52578859258865,80.27303869857411,1194700
2020-08-14,80.42247009277344,81.39389220668433,79.68456270452467,80.49719651529826,676100
2020-08-17,80.79609680175781,81.24444822016216,80.44115697665308,80.58126011399439,736000
2020-08-18,81.1136703491211,81.41257603429624,80.57192161050057,80.75873053743126,1075900
2020-08-19,81.42190551757812,81.95431875919685,81.11366439708749,81.24443918790739,642700
2020-08-20,81.13236236572266,81.43126094982311,80.62796966887106,80.80544315284783,906100
2020-08-21,80.5999526977539,81.21642793767883,80.38511599022715,81.0202764010525,1232600
2020-08-24,81.39388275146484,81.49662978892475,80.72135927947382,81.1790532195418,845600
2020-08-25,81.67411804199219,81.86092698415474,81.16972534658805,81.68345350068726,621600
2020-08-26,81.77686309814453,81.84224693893285,80.99224988238066,81.30049104308448,848700
2020-08-27,81.73016357421875,82.31861818648342,81.50599140663763,82.03840475858321,1068400
2020-08-28,83.01914978027344,83.10321878423122,81.70213047956635,82.23454375028686,699700
2020-08-31,82.56146240234375,83.24332850850095,82.19718001556089,82.9724505828387,900900
2020-09-01,83.76641082763672,83.83179467213384,81.97301927031197,82.88839309327156,778000
2020-09-02,84.78451538085938,85.20484612279085,83.67299023848341,83.67299023848341,1284800
2020-09-03,82.7109146118164,84.99935596022411,82.13179555518957,84.89660891588218,970600
2020-09-04,82.0103759765625,83.50486882239129,80.99224804870464,83.13124382935808,866300
2020-09-08,80.75872802734375,82.1317956891493,80.54389848068101,81.89828097459198,1463100
2020-09-09,83.64496612548828,84.25209862800517,81.48728551003029,81.88893106820619,1011600
2020-09-10,82.76696014404297,83.89717056396229,82.70157630574363,83.61695004193433,1096300
2020-09-11,84.40156555175781,84.66310091215631,83.06586099574764,83.06586099574764,1569800
2020-09-14,85.19551086425781,85.7933079862972,84.70980337496475,84.81255042340625,1339500
2020-09-15,87.147705078125,87.40924045049645,85.02738721754822,85.23288133192706,1372300
2020-09-16,85.48506927490234,88.84768708999401,85.27958229847255,88.84768708999401,1112500
2020-09-17,86.28834533691406,86.67131284760193,84.40154978486211,84.71912634136181,1176100
2020-09-18,85.29825592041016,87.60538247484884,84.70980139641998,87.48395738693762,2407500
2020-09-21,82.50542449951172,84.40156292980093,81.54334497094557,84.03728052823324,1008700
2020-09-22,83.28068542480469,83.85979731577189,82.60816195347228,82.83233406848206,1142500
2020-09-23,82.88838958740234,84.71914428219202,82.80432770216352,83.7570646997249,1017100
2020-09-24,83.4675064086914,84.14936543566668,81.9636709639214,82.5614681079699,907800
2020-09-25,84.36420440673828,84.71914424364785,82.48674391457837,83.00982177449764,629600
2020-09-28,85.344970703125,86.11089877391038,84.97134568965068,85.42903258984691,742600
2020-09-29,85.58781433105469,86.04550832240268,84.90595532566499,85.45704665532779,690200
2020-09-30,84.5510025024414,86.11088617092295,84.01858925221218,85.70924058732523,1181100
2020-10-01,83.4021224975586,85.43837124470546,83.00047687365289,85.11145204531805,1080100
2020-10-02,83.73838806152344,84.15871174738002,82.48674533640744,82.69223944995666,841000
2020-10-05,85.08342742919922,85.17683902644406,84.28014327806746,84.28014327806746,822300
2020-10-06,83.43012237548828,85.33560296897306,83.31803276658836,85.27956172767426,808900
2020-10-07,84.7564926147461,85.39165287703952,83.99990727521387,84.37353221649877,865700
2020-10-08,85.61582946777344,85.76527516388022,84.40155022775534,85.04605305336678,962900
2020-10-09,86.36307525634766,86.49384291743107,85.69989436762377,85.99879289671486,670100
2020-10-12,87.11031341552734,87.24108105900694,86.33504301039675,86.71800335878643,824900
2020-10-13,86.74604797363281,87.87625832708927,85.94275679244831,87.05428197817295,1004300
2020-10-14,87.56802368164062,88.21252661635478,86.79275306833287,87.05428842552006,721600
2020-10-15,87.6707534790039,87.76415792728791,86.55922130340711,87.36251238599432,516100
2020-10-16,87.13835906982422,87.76417684717151,86.69935022931656,87.71747817611367,1391800
2020-10-19,86.45648956298828,87.70813219552632,86.16693358420656,87.5026380971765,965800
2020-10-20,87.54933166503906,88.64217871584314,86.7740611754726,87.15702156557107,794200
2020-10-21,87.59603881835938,89.00646969341554,87.32516089359339,87.67076523753005,863800
2020-10-22,88.0537109375,88.32458881696085,87.12899481541116,87.95097103620334,736200
2020-10-23,88.92239379882812,89.09052466578026,87.76416289665943,88.16580846069495,532600
2020-10-26,88.0537109375,88.62348731734828,87.18503605726431,88.29656819603427,1153400
2020-10-27,88.06307983398438,88.78230924209004,87.96033277568357,88.3526358384842,939600
2020-10-28,83.30870056152344,87.25976500592215,83.27133735709877,86.68998860947559,1422700
2020-10-29,83.51420593261719,84.46694283241138,82.42135165252817,83.31804730124729,1206300
2020-10-30,82.54277801513672,83.83177658263743,81.17905303396272,82.83233396024195,1782900
2020-11-02,82.77629852294922,84.16804422535725,82.14113821475235,83.77574121549247,1751800
2020-11-03,81.16038513183594,85.690569811471,79.40435679478921,83.28070303145594,2276400
2020-11-04,81.19773864746094,83.58892709760589,80.79609304438468,82.20652394722973,1723200
2020-11-05,81.64610290527344,83.1032327058083,81.14171017594103,82.14115304897798,1490200
2020-11-06,82.49608612060547,82.85102595588492,81.10434028145491,81.92630959140408,931200
2020-11-09,81.55267333984375,86.86747030906258,81.48728950745895,86.44714669034649,1818200
2020-11-10,82.4587173461914,83.07519963180388,81.02960839029453,81.36587015948247,1276300
2020-11-11,82.76696014404297,83.68233388023367,81.926305704263,83.08453675112435,813700
2020-11-12,81.98235321044922,83.4394900592962,81.48730309324205,83.000481200247,1088500
2020-11-13,83.30870056152344,84.21473867148937,80.9828891886307,82.86969181741189,1172000
2020-11-16,84.31749725341797,85.14881626498727,83.19662937759877,84.39222367882036,1045100
2020-11-17,83.9719009399414,84.16805246407392,82.94443752130739,83.82244808747612,847300
2020-11-18,84.20540618896484,85.86802979062422,83.66365034927932,83.99056951932974,1108900
2020-11-19,84.32683563232422,84.53232972877959,83.22464585467583,84.05595769847886,949300
2020-11-20,83.12189483642578,84.73781977803367,83.00046975173059,84.29881097953832,1200200
2020-11-23,82.92574310302734,83.81310328138966,82.63618714154984,83.43947831820044,1393700
2020-11-24,84.38287353515625,85.58781031319245,83.25266317582854,83.7103571456904,1159700
2020-11-25,84.34552764892578,84.64442623359109,83.028501083607,84.42024695036382,773100
2020-11-27,83.0938720703125,84.1119998934448,82.99112502963942,83.78507360422869,1031900
2020-11-30,83.96764373779297,84.06159736866766,82.73682751826603,83.26298075392891,2782500
2020-12-01,84.3246841430664,85.96889804000642,83.61062352929827,83.9300745281697,1354000
2020-12-02,83.28178405761719,84.67232242432983,82.63349169841017,84.24952025468026,930900
2020-12-03,83.3381576538086,84.32468891508286,82.86838222809783,83.27238938093726,926300
2020-12-04,84.61593627929688,85.15147990758851,83.3945246336825,83.48847827285235,944500
2020-12-07,84.3246841430664,84.92599608049103,83.8924916360552,84.62534011177871,842900
2020-12-08,84.61593627929688,84.85082396132309,83.70457092612267,84.19314131893097,719500
2020-12-09,85.1514892578125,85.3394037249897,84.61594557071446,84.84144293132708,650300
2020-12-10,84.2777099609375,85.40517530304024,83.47909315707571,84.90721449009834,868800
2020-12-11,85.01997375488281,85.51793467177639,83.34757400825694,84.24954216930665,898400
2020-12-14,84.72870635986328,86.33533765076606,84.44683820291682,85.66825732541146,1080800
2020-12-15,84.68172454833984,85.89374613410163,84.3716781826558,85.34880486269775,1661300
2020-12-16,85.87495422363281,86.55143202272052,84.64413766265756,84.90721793757298,1109400
2020-12-17,88.3459701538086,88.61844077552891,85.83737096624482,85.83737096624482,1092500
2020-12-18,89.63314819335938,89.69891646295386,87.86678809304364,88.2332195015887,2478200
2020-12-21,88.6748046875,89.70831633427825,87.27487595896032,88.21442678824675,1045400
2020-12-22,88.97547912597656,89.22916191670994,88.28961089249391,88.79696930575523,940500
2020-12-23,88.79696655273438,89.85865659662838,88.32719105519107,89.37948358203674,658500
2020-12-24,88.91908264160156,89.36067264218144,88.52447304592721,89.06941420273657,191100
2020-12-28,89.47343444824219,89.74589789844268,88.85332741983008,89.25733458943677,409400
2020-12-29,88.9378890991211,89.94320824673129,88.7687696552145,89.47343281012458,567200
2020-12-30,88.86271667480469,89.44523358505818,88.54326567429466,89.14457761480368,567100
2020-12-31,89.36067962646484,89.41705038219463,88.41173128519112,88.76876518669027,468900
2021-01-04,86.72994232177734,90.10293382055792,86.13802782825636,89.60497298451898,1310200
2021-01-05,86.49504852294922,87.15273841556993,85.81857076743265,86.75812161271587,789800
2021-01-06,88.37413787841797,88.7029863629303,85.91251959501461,86.43866570110941,1082400
2021-01-07,88.4493179321289,89.54859072473562,88.08289366792667,88.97546412314664,1113200
2021-01-08,88.71238708496094,90.03715718758735,88.14865802418107,88.43991648580648,1111400
2021-01-11,88.28960418701172,89.22915513987006,88.23323342366578,88.42114074695549,1020300
2021-01-12,91.20220184326172,91.36192376935504,87.64130321782882,87.77283976498852,1455300
2021-01-13,88.94727325439453,90.45995062841457,88.48689536566785,89.96198984719129,1189100
2021-01-14,88.73118591308594,90.4129828202683,88.52448357603946,89.6049685035616,1256500
2021-01-15,87.55673217773438,88.62781940412421,86.41987668895929,88.55265362762596,1367100
2021-01-19,87.4345932006836,88.38354149457894,86.88965919669351,88.00771974933492,939800
2021-01-20,88.42112731933594,88.712385776666,87.08696688925167,88.04530556162386,1128700
2021-01-21,88.3459701538086,89.4452429886011,88.31778477366589,88.74057981221546,637100
2021-01-22,88.1016845703125,89.15398415685141,87.21851160038246,88.38355270705463,1554000
2021-01-25,88.28960418701172,88.90970408843168,86.85209237605123,87.91378237222739,1577600
2021-01-26,88.68419647216797,89.70831053737858,88.28018935495335,88.82513052109465,1255400
2021-01-27,88.23322296142578,88.86272030482915,85.95950447727866,87.894984085047,1401600
2021-01-28,87.37822723388672,88.77815596419275,87.31245896248186,88.77815596419275,1128600
2021-01-29,84.10857391357422,88.28957875013876,83.94885201797453,87.15272328490111,1921200
2021-02-01,85.01997375488281,85.17970288356277,83.45092519872983,84.52201283798924,991600
2021-02-02,85.18907165527344,86.54202713825636,85.13270089955046,85.72461533925352,855400
2021-02-03,85.58368682861328,85.85615744594033,84.75688462887233,85.4051770345196,1162600
2021-02-04,85.81856536865234,86.11922850170441,84.58775613258588,85.24544598383183,857400
2021-02-05,87.29367065429688,87.37822678786983,85.79978111400595,86.26955652684397,1053800
2021-02-08,88.91908264160156,88.95666553188532,87.4345907323085,87.49096865183581,1004700
2021-02-09,91.06127166748047,91.25857649664228,88.99426255113383,89.2385477926599,888800
2021-02-10,91.62499237060547,92.15114570164718,90.77000485599396,91.72834353376346,1275800
2021-02-11,90.05595397949219,92.42362630501798,89.38887368846835,92.16054602691152,1231200
2021-02-12,90.7418212890625,90.98609934485208,89.8398533483985,89.87743624195167,913800
2021-02-16,87.80101776123047,91.62498915944661,86.673559689462,89.96198742835757,1441200
2021-02-17,88.71238708496094,88.76876500878167,86.43867581116658,88.06410189075585,1281200
2021-02-18,88.52447509765625,88.92848221731604,86.48565163788167,86.9084466190171,910800
2021-02-19,87.79163360595703,89.46403296991332,87.33124852893671,89.07881368116621,1245700
2021-02-22,87.55673217773438,88.29897809219803,85.94070382403658,87.37821525060174,1573300
2021-02-23,86.11922454833984,87.44398736856908,85.5930712578558,87.2466825727138,1245400
2021-02-24,86.49504852294922,86.86147277915336,85.65884884410347,85.79038538898679,1435600
2021-02-25,86.41049194335938,87.73525490093176,85.97829941693556,86.49504807826219,1047100
2021-02-26,86.28834533691406,87.19032044748745,85.77159667804,86.5608159395367,1676600
2021-03-01,88.0828857421875,88.60903188586235,86.5514205493033,87.02119593992829,836600
2021-03-02,88.73118591308594,89.05062976619108,87.36883285900873,87.97954235440857,1120400
2021-03-03,87.69767761230469,89.39826961659597,87.61312147199749,88.87211623793468,998000
2021-03-04,87.66011047363281,88.5057006323775,86.77693024679569,88.0265347872769,1173100
2021-03-05,90.71363830566406,90.7794065790673,87.08697141639047,88.16744916970013,1234400
2021-03-08,90.57270050048828,92.82762390259829,90.27204452475387,91.1364295589648,1044400
2021-03-09,91.5686264038086,92.88399904789054,90.69484381300168,91.0424802134575,1298300
2021-03-10,91.5686264038086,92.64911133174034,90.98610228720258,92.28268706800237,840000
2021-03-11,93.05310821533203,93.35376417207772,91.41829189854009,91.42768224504216,948000
2021-03-12,94.36849212646484,94.58458481340054,93.10949022719717,93.74838510857084,665400
2021-03-15,96.43548583984375,96.61400277141746,94.50001364018281,94.81945744594297,1152500
2021-03-16,95.721435546875,97.02741062121144,95.52413073365193,96.53884734583107,851000
2021-03-17,96.3509521484375,96.56704485130439,94.80069165761559,95.35502327368742,816700
2021-03-18,97.46900177001953,98.30520144103626,95.89055607799393,96.1818217116835,1013700
2021-03-19,97.05559539794922,97.71327805604511,96.17241539861759,97.38443672699717,2192700
2021-03-22,96.83950805664062,97.86362223423076,96.0502887651731,97.28109811323976,997600
2021-03-23,95.44896697998047,97.11197599116926,95.25166216255545,96.32274955326507,869000
2021-03-24,96.05028533935547,97.03680941850361,95.53352951108452,95.70264894868191,1031900
2021-03-25,97.196533203125,97.63812325243583,95.2422728701342,96.4354993034556,843100
2021-03-26,101.28358459472656,101.35874321496374,97.35626175121992,98.16427605645363,875100
2021-03-29,101.8473129272461,102.20433966742667,100.71984761347932,101.42451074650702,908000
2021-03-30,100.7574234008789,102.41103477684982,100.44737709204976,101.71576920839756,1005100
2021-03-31,101.18022918701172,102.09159462110412,100.62589048074567,101.12385126394159,1279700
2021-04-01,102.185546875,102.35466630549628,100.2782599005275,100.9829229995614,861700
2021-04-05,103.87673950195312,103.94250777461086,102.35467171524448,102.41104247232136,591400
2021-04-06,103.29422760009766,103.8673542190045,103.0217569806006,103.19087642828137,688000
2021-04-07,101.10506439208984,102.99356354885195,100.82319627858962,102.95598065583833,1023100
2021-04-08,101.93186950683594,102.31708879530838,100.6634772954974,101.29297464337743,825000
2021-04-09,102.33587646484375,103.1157053876891,101.659398708554,102.23252529828814,741600
2021-04-12,102.89959716796875,103.04992873189413,101.9882389424343,102.5049875649699,1175200
2021-04-13,102.80564880371094,103.21905345753065,101.7345614444543,103.02174864589958,790900
2021-04-14,102.61774444580078,103.0217515959104,101.48088878344677,102.288903083666,1313200
2021-04-15,104.38408660888672,104.5438085155857,102.43921684837784,103.20025065999334,779800
2021-04-16,104.50623321533203,105.89676431298528,104.2337626372857,104.91963067150289,1516800
2021-04-19,103.55728149414062,104.4686468393548,102.93717457827003,104.4686468393548,635200
2021-04-20,103.77338409423828,104.20558377484522,103.20025752669844,104.16800088226184,712500
2021-04-21,103.56670379638672,105.00421559497731,103.44455758591508,104.33713528437275,731600
2021-04-22,103.62306213378906,104.85387143003018,102.92779652512348,103.14388920231495,858600
2021-04-23,104.13980865478516,104.77870349424659,103.49152346830206,104.32772311827607,718300
2021-04-26,102.99356079101562,104.45925773828077,102.62713655419935,104.2901383083499,851800
2021-04-27,102.83385467529297,104.28076408381534,102.62715947539432,103.63247876445921,1062900
2021-04-28,102.49560546875,103.24724906504082,102.15737373544417,103.24724906504082,854700
2021-04-29,104.15861511230469,104.55322477662182,102.9653814348922,103.21906419638508,808000
2021-04-30,103.21905517578125,104.40289123347848,102.44862377878552,104.00827443544341,1375800
2021-05-03,106.2444076538086,106.9584611105778,103.61366251014192,103.78278194320912,1054500
2021-05-04,106.93968200683594,108.77180337494734,105.29546794943181,106.12227015203001,2223000
2021-05-05,106.62022399902344,107.72889418879278,105.3424343847739,106.9678531945302,1841700
2021-05-06,108.64966583251953,108.67785121269242,106.96786885622727,107.37187603118245,2163300
2021-05-07,111.49649047851562,111.61863666881074,108.33020890529767,108.7060234865648,1105900
2021-05-10,112.7930908203125,113.72324422407317,111.11129381322311,111.11129381322311,1475900
2021-05-11,110.55693817138672,112.73669568655264,109.78650682123852,112.37027145710431,1141300
2021-05-12,108.54630279541016,110.30326537226009,108.32081261046913,109.86167534927294,1752400
2021-05-13,111.33677673339844,111.81594967833556,108.45235588450186,108.75301187249678,850400
2021-05-14,112.37967681884766,112.7367035583615,111.24282115987052,111.33677481045794,706400
2021-05-17,113.3662109375,113.68565479121662,111.815950574888,112.08842118622502,1217500
2021-05-18,112.37028503417969,115.16075232498393,112.28572889479989,115.16075232498393,1599200
2021-05-19,112.0978012084961,112.22933774417001,109.6267852389605,110.81062122822937,1306300
2021-05-20,114.14602661132812,114.99162377923989,110.52875740392076,112.42665406614537,1593400
2021-05-21,114.70975494384766,116.17545908172,113.97690645901338,113.97690645901338,1436700
2021-05-24,116.53248596191406,116.74858580249175,115.23590842305939,115.45200109543325,966400
2021-05-25,115.53658294677734,117.27475079287733,115.35806597016754,116.83316069381412,1288100
2021-05-26,116.570068359375,116.7391877913945,114.88827155434872,115.7902394690515,1116500
2021-05-27,117.50021362304688,118.6652617054464,116.6452261744023,117.25593559097888,4853600
2021-05-28,118.64238739013672,118.94444425242185,116.89611372839708,118.00051565758038,1227200
2021-06-01,116.2825698852539,119.473046052502,115.44247398320331,119.40697133666444,1404200
2021-06-02,115.91443634033203,116.94331506980866,115.31032260526977,116.55630808403616,1131200
2021-06-03,117.05657958984375,117.292561723489,115.05544850395479,115.52741277124531,1103800
2021-06-04,117.14154052734375,117.96276102090316,116.00882906180321,117.52855471905916,769100
2021-06-07,117.75507354736328,118.15152176599184,116.81114510209385,117.99105565868065,789000
2021-06-08,117.30199432373047,117.71732517814827,116.5374145250096,117.57573445945101,821400
2021-06-09,116.80171203613281,117.68900714175639,115.69731740568838,117.41526700913629,2175900
2021-06-10,118.40640258789062,118.5007940049387,116.82060229603125,117.49079071915706,1515100
2021-06-11,118.61405944824219,118.76508426427635,117.86835506476555,118.26480330865856,1284000
2021-06-14,117.84947967529297,119.20873911081515,117.17929125961285,118.8689242519346,1376000
2021-06-15,118.45359802246094,118.68014607166324,117.00938841641383,118.20818177156399,799500
2021-06-16,116.80171203613281,118.82171847529894,116.45246309578543,118.56686094581292,1032700
2021-06-17,115.50853729248047,116.93386419359612,114.47965144563737,116.59404934524457,1220600
2021-06-18,113.83778381347656,114.9988191203427,113.74339239703622,114.56461284343439,1777200
2021-06-21,116.5279769897461,117.23592340451151,114.1020808965474,114.6967604939765,888800
2021-06-22,118.6612548828125,119.17097715423886,116.37694956396354,116.68844770788017,1086500
2021-06-23,118.11376953125,119.1615307327874,117.63237118581067,119.06713932397201,692100
2021-06-24,118.03826904296875,118.97275629881652,117.3680734294662,118.96331499678882,797200
2021-06-25,118.69901275634766,119.28425103806146,117.26424455813735,117.32087796547627,1341400
2021-06-28,118.71790313720703,120.85118390257375,118.20818800363833,120.85118390257375,1085800
2021-06-29,119.04827117919922,119.46359484362272,118.3592001698005,118.6046236089621,891500
2021-06-30,119.5013656616211,119.7090311168985,118.6140776276232,119.12379276126255,1164900
2021-07-01,120.14322662353516,120.1998600329327,119.1426646489601,119.81285306604371,1086400
2021-07-02,120.82286834716797,120.96445188472899,120.0110891243321,120.47361215077444,862800
2021-07-06,119.8789291381836,120.91725633294674,118.48191167715906,120.88893962792656,1088400
2021-07-07,121.90837860107422,122.01221132803381,119.62408021277514,119.91669578787726,1058900
2021-07-08,119.76566314697266,121.3325809431825,119.54856359285878,120.79454910851629,838100
2021-07-09,121.20042419433594,121.3325736197169,120.19986220170769,120.57743507491195,1676800
2021-07-12,121.00221252441406,121.84230842301632,120.75678906590885,121.33257890064188,1187600
2021-07-13,120.26593017578125,121.53079087255936,120.12433946454122,120.85116121988939,793600
2021-07-14,120.93612670898438,121.70070656469278,120.50192762206203,120.65295245208671,941200
2021-07-15,120.2848129272461,121.19098345231538,120.22817951993025,120.82285190155608,787000
2021-07-16,119.69015502929688,120.57744305822928,119.21819070694413,120.35090219994909,1426100
2021-07-19,119.57687377929688,119.83173132927325,118.46303775773372,119.25593431464125,1056700
2021-07-20,121.40808868408203,121.86118477030378,119.53911413884009,119.62407145540755,1093700
2021-07-21,121.71015930175781,122.3237071471771,121.04941214441214,121.70071079744785,791900
2021-07-22,121.18156433105469,122.25764241268544,120.8606176445831,121.76679548326548,814600
2021-07-23,123.05052947998047,123.17324480362393,121.07772221713485,121.77622014382654,592300
2021-07-26,122.3331527709961,123.42809900458364,121.55912440261112,122.73903515694863,733700
2021-07-27,119.26537322998047,120.80398140618192,118.63294281725646,120.18098509399161,1516400
2021-07-28,118.14208984375,119.39750922587463,116.66955654490492,119.28424241938069,1023900
2021-07-29,119.85061645507812,120.08659860696994,118.30257411479603,118.99163796542207,958000
2021-07-30,121.05883026123047,121.73845993425175,119.29368137166705,119.7939695265765,1637700
2021-08-02,119.49192810058594,121.3231520436274,119.26538723391826,120.76623757940182,1027800
2021-08-03,119.5202407836914,120.22818722693368,115.21592151168798,116.51854757628007,1270200
2021-08-04,118.50078582763672,119.87892058592826,118.47246912463667,119.87892058592826,1042900
2021-08-05,117.19818115234375,119.54856140443509,116.50911008964829,118.58575017719507,977500
2021-08-06,117.273681640625,118.24592689988476,116.72620855201883,117.58517979211697,804100
2021-08-09,115.91443634033203,117.16042181909843,115.86723702912876,116.90555706116679,735800
2021-08-10,115.44246673583984,116.52797882765175,115.23480129864343,116.23536327611325,823800
2021-08-11,116.42414093017578,117.68900889974192,115.45189570073491,115.72563583744403,905400
2021-08-12,115.423583984375,117.11321698296855,115.22535984955947,116.83947683443182,976800
2021-08-13,116.96220397949219,117.56631774711772,115.25368820397243,115.43303695428769,744500
2021-08-16,118.49134826660156,118.54798167438942,116.28255894363616,116.55629908394955,872200
2021-08-17,117.22649383544922,118.05714840163851,115.82003505192844,117.99107368843713,784700
2021-08-18,114.7061996459961,117.05658703168238,114.62124952925265,116.49966541603978,1085100
2021-08-19,115.281982421875,116.08432738943155,113.70562359205009,113.77169829744386,900400
2021-08-20,116.13152313232422,116.28255515030257,115.08376191280912,115.55572616658698,886700
2021-08-23,116.62236785888672,117.89666988048951,116.2447950224407,116.50909384747206,713300
2021-08-24,115.8766860961914,116.91500619780373,115.82004547863143,116.71678204035446,537600
2021-08-25,117.16985321044922,117.50023397802438,114.7439570237387,115.8955510550712,590300
2021-08-26,115.9710693359375,117.05658867527974,115.54630434304886,117.0188306667735,552500
2021-08-27,117.58518981933594,117.75509726176577,115.93331470744744,116.42415442913142,590900
2021-08-30,118.50078582763672,119.11434079851522,117.75508144168937,117.99106356882702,703900
2021-08-31,117.65125274658203,118.79340541673238,116.86779032935058,118.58573998550446,1367000
2021-09-01,116.02770233154297,117.698459994331,114.38526857623579,117.55686926334161,928100
2021-09-02,117.0754623413086,117.08490364369598,115.92386830457124,116.61293934677764,785800
2021-09-03,116.64124298095703,117.22648123612848,115.85778060748626,116.98105781278524,750300
2021-09-07,115.98995971679688,117.02828708078499,115.45192062891425,116.86781372351112,757700
2021-09-08,116.83003997802734,116.90555599462213,115.5651791072814,115.5651791072814,619100
2021-09-09,116.5279769897461,118.82172366165018,116.04657861286002,116.95274915956735,1366100
2021-09-10,118.70843505859375,119.2087159476251,116.763937699141,117.26422578977436,888300
2021-09-13,120.20930480957031,121.25707332493381,118.53855436962019,119.57687438100642,1293500
2021-09-14,121.087158203125,122.70128242717247,120.45472777709682,120.81341804821648,1456200
2021-09-15,121.09658813476562,122.55968027748409,120.59631435385077,121.36090138144587,804400
2021-09-16,119.61463165283203,121.70070576353751,119.40696621151196,121.28538928410455,651200
2021-09-17,116.80171203613281,119.01994259858874,115.9521749351744,118.89723448462925,1517200
2021-09-20,114.41358947753906,116.01827248492125,113.54517685797919,115.59350027637716,1199000
2021-09-21,114.49853515625,116.29199362681946,114.07376299090203,115.31974837970354,898100
2021-09-22,116.14097595214844,117.36807881270721,114.30031085890472,114.70620044547198,941500
2021-09-23,117.9721908569336,118.25536509499288,116.48078205103722,116.49022335278683,791100
2021-09-24,117.6984634399414,118.189303159923,117.00939236980923,117.13210049940365,510200
2021-09-27,116.88667297363281,118.00994304045963,116.64124953649615,117.48134536195289,575900
2021-09-28,114.1209716796875,116.54686794675298,113.84723151549987,116.36751920431188,726600
2021-09-29,114.27198028564453,115.12151736392265,113.60179192433702,114.59291971592863,484900
2021-09-30,112.45021057128906,115.791718651129,111.96881217452837,115.0271387961296,1093200
2021-10-01,109.6467514038086,113.36582525078938,109.0426304645753,113.36582525078938,1049400
2021-10-04,107.938232421875,110.17534576437274,107.46626812864284,109.28805058858312,1123200
2021-10-05,108.75945281982422,110.23197910931736,107.92879105520463,108.23085511623255,1119900
2021-10-06,109.1747817993164,109.5051553583031,107.03205991376777,107.79663975050887,968500
2021-10-07,108.99543762207031,110.84553683132408,108.54234872109211,110.33581451832501,1228300
2021-10-08,107.88159942626953,109.62786587762649,106.89991282837721,108.96711874520071,942000
2021-10-11,108.9482421875,109.81665481020336,108.07038826192264,108.21197899861654,857800
2021-10-12,109.45797729492188,111.01546117714125,109.08984565751064,109.12760367180985,806200
2021-10-13,109.62786865234375,110.00544153825938,107.46627126212063,109.56179393742879,772200
2021-10-14,111.5440444946289,111.67619392671945,109.49572109562162,110.25086688037092,997800
2021-10-15,109.55235290527344,112.12928119652537,109.184221321038,111.77059091490216,1246100
2021-10-18,112.0726318359375,113.26197653809682,109.67505262747859,109.72224473061665,1108000
2021-10-19,112.08206939697266,112.81833248340969,110.73225133797041,112.45020094019117,828400
2021-10-20,112.3841323852539,112.69563053937048,111.15702957454539,112.44077299611364,776300
2021-10-21,113.44134521484375,113.96050885193179,111.97825292967136,112.601249294177,677500
2021-10-22,116.13152313232422,116.33918855624296,112.91273066639276,112.91273066639276,818500
2021-10-25,116.44303131103516,117.08490303959651,115.24423797014968,115.99938372196432,716700
2021-10-26,116.5751953125,118.63296018178889,116.5657540089809,117.38697457663444,975200
2021-10-27,113.06375885009766,116.67900687009218,113.00712544247058,116.6223734624651,962500
2021-10-28,115.451904296875,115.65012843788485,113.15815752004154,113.27143154416304,712200
2021-10-29,116.34864807128906,117.2359361101998,114.29088331462559,114.56462348886112,1273700
2021-11-01,118.78395080566406,118.90666611124172,115.82001609584152,116.58460302529427,954600
2021-11-02,115.0743408203125,121.257076124309,114.07377159211408,120.37921502338605,1312600
2021-11-03,120.53968811035156,120.68127885097506,114.37583505609935,116.06546823723686,1300100
2021-11-04,123.39978790283203,124.23988382194428,118.97276744859887,120.82286673122832,1257000
2021-11-05,118.15154266357422,123.85287954719769,117.65126165135261,123.85287954719769,1446200
2021-11-08,118.3780746459961,119.01993910163588,116.07488684031333,118.66124887026021,2438900
2021-11-09,118.26481628417969,119.18986228808888,117.76453527367315,117.76453527367315,669100
2021-11-10,118.4819107055664,118.59518472632173,115.67844890750582,117.65125615817107,1080200
2021-11-11,119.48247528076172,120.28481309245183,118.85947899301914,119.51079198445852,561400
2021-11-12,120.99275970458984,121.7667880616218,119.5296747116333,119.82229747150751,672900
2021-11-15,121.66295623779297,121.67239033860419,119.86005636314833,121.09659331855866,613500
2021-11-16,123.12604522705078,123.49417679397516,121.19098877395307,121.66295305991802,628500
2021-11-17,120.84173583984375,123.12604118045451,120.57742979904299,123.12604118045451,775700
2021-11-18,120.3603286743164,121.52136393296907,119.20873471739675,121.00220036170097,748200
2021-11-19,121.56855773925781,122.3425861027769,120.1621133469818,120.7190277627583,982600
2021-11-22,122.75792694091797,124.86288385115235,121.47418336808086,121.92726509872675,1000200
2021-11-23,121.48361206054688,123.27708510331277,120.62464075024121,122.71072216281662,979100
2021-11-24,119.81285858154297,121.6157584791934,119.74678386700297,121.18155938501957,888400
2021-11-26,116.94332122802734,122.24819569349704,116.22593342926194,118.14211466032253,1348600
2021-11-29,119.65238952636719,120.57743550735148,117.6418170300253,117.71733304525769,1276600
2021-11-30,115.32827758789062,119.78513123423168,114.38948770340865,119.2446191346992,5540400
2021-12-01,116.64637756347656,119.59548982359954,115.29983232634994,116.68430912850751,1602900
2021-12-02,116.25758361816406,117.25326729767755,109.06023741183326,112.45502925875078,2113400
2021-12-03,119.29204559326172,119.67134677751375,115.94465548805745,117.18689074101378,1377300
2021-12-06,119.76617431640625,120.42995859588699,118.54290851447227,120.06013489236113,855300
2021-12-07,122.75321960449219,123.17045960132316,119.85152349669347,120.47738349193995,1102100
2021-12-08,122.07047271728516,123.55925965582136,121.26444677936355,123.22736023899456,883700
2021-12-09,121.63426208496094,122.51614381175024,120.51529904141893,121.82391266895101,492700
2021-12-10,124.23250579833984,124.41267891789882,121.0937430463955,121.80494359028907,1010300
2021-12-13,127.34282684326172,128.82213618877617,124.32734336034856,124.32734336034856,1955900
2021-12-14,126.2807388305664,128.52812742062696,125.03851113784249,126.68850124272515,1634100
2021-12-15,128.1204376220703,128.63249576595146,126.52734050998868,127.02993565615589,1115300
2021-12-16,128.60403442382812,130.6712651092403,128.10145380362985,129.21092504837398,1161900
2021-12-17,123.20836639404297,129.30573280809352,122.9049283746241,128.33849608671193,2759600
2021-12-20,120.45841217041016,122.12735766170661,119.10238943704027,121.57737527765055,1351400
2021-12-21,120.87564849853516,122.0230439673484,119.52911050611125,121.20754064670918,800800
2021-12-22,122.40234375,122.49716179752446,119.88943398003269,120.64805070728123,680600
2021-12-23,123.99543762207031,124.94370500377005,122.49717342265528,122.95235218384776,471000
2021-12-27,126.15746307373047,126.26177304545956,124.12817182597212,124.72558479763958,435300
2021-12-28,126.09111785888672,126.90662840504793,125.83508160838862,126.90662840504793,413500
2021-12-29,126.29022979736328,127.32385213252581,125.63593752643567,126.1859342868733,1012600
2021-12-30,126.49886322021484,127.295418819417,126.02472952828089,126.41352262832561,472000
2021-12-31,127.34282684326172,128.11093561608013,125.76871390578144,126.13853762480689,574000
2022-01-03,124.02389526367188,127.97818332207082,122.77218973514894,127.4092170558429,1043400
2022-01-04,123.33165740966797,125.08595791134061,122.09890687898549,123.87217678035208,1235300
2022-01-05,122.96183013916016,124.6781917917772,122.00408528881137,123.26528264783227,1451100
2022-01-06,123.22734069824219,124.1756080594744,121.23598068659574,123.22734069824219,1022800
2022-01-07,121.4825439453125,124.11872630629018,120.67651805745125,123.03770198897857,985100
2022-01-10,118.31532287597656,121.26443513259436,117.03516330520534,120.87564925222524,1236700
2022-01-11,118.47653198242188,119.8610015265693,116.54206560664288,118.49549414726502,1032800
2022-01-12,118.7610092163086,120.79978560871739,118.07825551887808,118.97911390537354,1107400
2022-01-13,117.47136688232422,121.03685445268552,117.04464943176805,119.0075627267979,1166700
2022-01-14,115.39466857910156,117.38602878187996,113.28951367755911,116.33345133110873,1471600
2022-01-18,114.16191101074219,114.65501410716928,111.98089311016574,113.82053417004838,1479100
2022-01-19,112.86278533935547,115.63173170889733,112.58779415362375,114.62656332236726,1469200
2022-01-20,110.99471282958984,115.11967497274097,110.89040282669602,113.80158373767186,1424600
2022-01-21,110.16970825195312,113.09985108334239,109.82833140474382,111.04211253495191,3419700
2022-01-24,112.15157318115234,112.60674467975991,107.94127118388361,109.39211903146784,2013900
2022-01-25,108.83264923095703,110.84297877731906,107.62835278395796,110.12229350829021,1036500
2022-01-26,106.59473419189453,110.62487035021455,105.68439118723897,109.4584983493597,1247700
2022-01-27,105.0206069946289,108.91798630702093,104.32836865915908,108.10247582291372,1142700
2022-01-28,107.24903869628906,107.34386398687505,104.5085465605303,104.99216494763654,873000
2022-01-31,108.55764770507812,108.85160826385213,106.1774946682692,106.94558889459128,1672800
2022-02-01,108.5291976928711,110.36883870730684,107.69472501107127,108.74730237142306,1034200
2022-02-02,108.36799621582031,109.49643672548622,107.0878366857397,108.51972247094106,1449700
2022-02-03,105.32406616210938,107.96973323536714,105.16286243074511,107.82749166987246,1498500
2022-02-04,104.06285095214844,105.53266815362754,102.11890733776272,104.78353612223606,1557500
2022-02-07,103.8827133178711,104.74563302899381,103.55081388657814,104.11978020610475,959400
2022-02-08,103.91114044189453,104.88785467827051,103.51286988167041,104.22407041123031,1217600
2022-02-09,105.8266372680664,106.01629508328959,104.81199146941648,105.09647457489832,858000
2022-02-10,104.1576919555664,106.29129369185107,103.73097450219204,104.75510507193822,1179600
2022-02-11,101.67323303222656,105.83612639049369,101.36030305006008,104.67923899075545,1344000
2022-02-14,101.4740982055664,102.84908306479839,100.74392824385633,102.18529876752217,1165000
2022-02-15,101.8818588256836,103.25684375700885,101.53099725889479,102.41288629134743,1047900
2022-02-16,101.82495880126953,102.27064567181114,100.16549072099308,101.62582349980116,943900
2022-02-17,100.57323455810547,101.70167503914686,100.38358397872135,101.57840288601777,1272700
2022-02-18,100.72496795654297,101.50254696272214,99.71980679201306,100.79134638750803,2598900
2022-02-22,98.35429382324219,101.56891966306084,95.63276383781353,101.1232328368531,2431900
2022-02-23,96.53363037109375,99.51118961823514,96.22070037280464,98.79998902287258,1412900
2022-02-24,99.59651947021484,99.7766925833715,94.68449426554682,95.48104260845001,1421800
2022-02-25,99.89996337890625,100.66806484818753,98.7810076220809,99.70082810456093,1378100
2022-02-28,98.01292419433594,99.44481006931358,97.16896674275402,98.84739694570163,1889300
2022-03-01,96.25862884521484,98.6103280201841,95.58535983807823,97.97499057841233,2214300
2022-03-02,97.87068939208984,98.98016064873079,95.51899000543419,96.58104499242435,1452700
2022-03-03,96.16380310058594,99.10343067293837,95.96466057467288,98.74308442100646,1298900
2022-03-04,94.37157440185547,95.95518655786069,93.6508963415044,95.77501342541963,1818400
2022-03-07,94.62760162353516,95.19656059801117,92.3327963268152,94.17243010313081,1966800
2022-03-08,94.95001220703125,97.09309855786678,93.86898794924389,94.31467478502933,1971700
2022-03-09,95.60432434082031,98.33533200150153,94.32416472596057,97.20689865181068,1273200
2022-03-10,95.39569091796875,96.20171669279875,93.9163962142946,95.11121506287283,1076900
2022-03-11,94.40948486328125,96.51463931066951,94.33362898184312,96.17326252273061,1022200
2022-03-14,93.10089111328125,95.30087113262627,92.4465843098021,94.93104743536568,1037300
2022-03-15,94.34312438964844,94.76984907308872,92.81641325173293,94.05864850206123,1128800
2022-03-16,97.63361358642578,97.64309828643013,95.28191441479038,95.3388081454038,1292700
2022-03-17,100.39307403564453,100.53530836042013,96.68534496276075,97.02672181163467,1493700
2022-03-18,101.25599670410156,101.34134453627019,98.86636592397691,100.25083552666825,2238500
2022-03-21,100.64910125732422,102.19477451483156,99.71980325675871,100.4215191070417,1238800
2022-03-22,100.98100280761719,101.53099968718406,100.33618062615766,100.86721533922872,1076800
2022-03-23,97.07413482666016,101.01892338701424,96.9887869999457,100.99047652301141,1159700
2022-03-24,98.4965591430664,98.65776290025303,97.15001364002144,97.53880683233855,706000
2022-03-25,97.58619689941406,98.84738698220164,96.43878703422004,98.68618326830706,880200
2022-03-28,99.56808471679688,99.8051515851702,97.5008613351932,97.65258760361134,1026500
2022-03-29,99.88101196289062,101.96719745311924,99.03705451354942,100.51634941626766,1016100
2022-03-30,99.69134521484375,100.54478728803245,98.92325096632683,99.71979931287157,899300
2022-03-31,97.82327270507812,100.27928190508253,97.76637173900679,99.68187602163167,2065600
2022-04-01,94.84571075439453,99.21722444307547,93.41383205970538,98.36378949354935,1648900
2022-04-04,95.26295471191406,95.85088318202327,93.94486343068357,94.3621034568712,1103900
2022-04-05,92.37073516845703,95.59483868944572,92.12418360736393,94.76985064359437,1537300
2022-04-06,91.35607147216797,92.5698597366715,90.60694664495331,91.87762139967752,1385500
2022-04-07,92.6646957397461,92.86383103472357,90.03799086971988,91.30867300610348,1527900
2022-04-08,92.77848815917969,93.39486347734648,91.83022066498673,92.93021443090984,1662500
2022-04-11,91.90606689453125,93.7931240698359,91.54572791751752,92.50347993618976,1216000
2022-04-12,91.73538970947266,94.3620945579568,91.46039128493818,92.3138334240613,1429000
2022-04-13,92.33280181884766,92.91124552713794,91.53625341943716,92.00090243218126,1527000
2022-04-14,91.68797302246094,92.92071624518655,91.32762679675027,92.79744409332572,3645300
2022-04-18,91.744873046875,92.11469676255102,91.09056621081453,91.46987462642504,791300
2022-04-19,93.58451080322266,93.99226606930448,91.99142130256644,92.23796561436957,1384900
2022-04-20,94.40948486328125,94.8741410236289,93.25259766356663,94.33362898184312,1069000
2022-04-21,94.38104248046875,96.3818870467487,94.00173411646541,95.30086291189762,1110200
2022-04-22,94.2862319946289,95.43363473064136,93.89743887096762,93.9164082712326,1529200
2022-04-25,95.49052429199219,95.57587212004462,92.83537991265251,93.69829948465842,1468900
2022-04-26,93.30951690673828,96.32500763476632,93.25261594112588,95.29139237016638,1448100
2022-04-27,95.31985473632812,96.05950953191946,93.13884362535123,93.13884362535123,1331400
2022-04-28,97.07413482666016,97.27327010938588,95.46207593100914,96.04051961475311,1504200
2022-04-29,93.9448471069336,98.25946649070453,93.75519652873291,96.82758075076013,2976200
2022-05-02,94.83622741699219,95.63276858315598,93.07244942367943,93.91640685508425,2033500
2022-05-03,97.33965301513672,98.23101947862558,92.92072332418454,92.93020802419049,1925600
2022-05-04,105.07750701904297,105.21026387467477,98.02240256723194,98.27843157889153,2378000
2022-05-05,103.41804504394531,105.7792361865855,102.98184288822266,104.28097188994694,1959500
2022-05-06,102.46029663085938,104.43268734694738,101.31288669724951,103.18097465407918,1749900
2022-05-09,104.08182525634766,105.79818682651371,101.44564320889737,101.91977687886197,3009300
2022-05-10,103.38959503173828,104.84044301817883,100.87668493670365,103.93010716854371,1962800
2022-05-11,102.40338897705078,104.1861362231084,101.7111578638224,103.23786887425418,1749200
2022-05-12,105.39043426513672,105.4473279918757,102.07149849085478,102.4033906213418,2120900
2022-05-13,105.81716918945312,108.96542430430512,105.2671795256831,105.61803387821979,1881900
2022-05-16,105.4947509765625,106.3387084055985,103.4939061320732,105.7318178326896,1424100
2022-05-17,108.8895492553711,109.14557827474896,105.60854485996461,105.88354327912232,1559300
2022-05-18,99.15083312988281,108.09299464962915,98.77153197256335,107.61886096827399,1521800
2022-05-19,98.32585144042969,100.50686217327015,96.79914031008822,99.15083946851674,1998800
2022-05-20,99.98532104492188,100.08963104194838,97.26379089154126,99.31205203165484,1402300
2022-05-23,100.156005859375,100.99996327053265,99.22670061977232,100.66807112592674,1171800
2022-05-24,99.84307861328125,100.40255292454867,97.65258316420056,99.52066392490343,848800
2022-05-25,100.63961029052734,101.843913864969,98.69566658240329,99.68186548515595,1257700
2022-05-26,103.0861587524414,103.48442936493575,100.93359471706854,101.32238062887296,821200
2022-05-27,104.92578125,105.15336338291537,103.01976189573162,103.03873129371948,870900
2022-05-31,103.83818054199219,104.60141891131995,102.30217587961647,104.59187643003871,2355400
2022-06-01,102.88414001464844,104.67774806509254,102.64562892528349,104.02899761086867,870900
2022-06-02,103.96220397949219,103.98128166199275,102.13044075067596,102.9986172406626,821300
2022-06-03,104.88763427734375,105.44097444794392,103.15127391590624,103.46610300785412,911900
2022-06-06,104.58234405517578,105.56500856907715,104.40107329983373,105.25971466884779,1120700
2022-06-07,104.28658294677734,104.78269007241887,101.41491476621383,103.19897299743013,1219800
2022-06-08,98.3619613647461,103.22758561592084,98.26655839487601,102.87459389952352,1819100
2022-06-09,96.54927825927734,99.75486762353482,96.50158041252828,97.89448418837657,1471100
2022-06-10,93.93519592285156,96.69238322132635,93.87795559709693,95.53799055300126,1199200
2022-06-13,92.04620361328125,93.73485893805126,91.59780159675891,92.5232257961721,1414600
2022-06-14,94.06877136230469,97.46517419455608,93.20059478961919,93.3341604161862,1566400
2022-06-15,93.4486312866211,96.33939147553178,92.66631529352044,94.66981403962843,1355700
2022-06-16,91.87445831298828,92.64723177687537,90.3766092273968,92.05572175932974,1472000
2022-06-17,89.89005279541016,92.42780678308236,89.46072850419955,91.67411093204079,1974800
2022-06-21,91.406982421875,91.92216721940324,89.67062208003411,90.86317745983638,1175500
2022-06-22,91.16847229003906,91.52147130647707,90.21442797631732,90.41477640874524,927500
2022-06-23,91.99848175048828,92.37055840316613,90.21441649060716,91.46421933203385,881000
2022-06-24,95.87191009521484,95.95777786756243,92.06527535934798,92.06527535934798,2554800
2022-06-27,95.91006469726562,97.21710790482184,95.3948799427277,96.13903327302256,803400
2022-06-28,93.33415222167969,97.08354647547891,92.6854018301212,95.85282849978205,983100
2022-06-29,93.54402923583984,94.12599673357144,92.09387809176869,93.47724643833519,863800
2022-06-30,92.98115539550781,94.20233091902395,91.53101128102746,92.64724135060578,1174200
2022-07-01,93.09563446044922,93.92564825315533,91.6741033666517,92.94298389516375,943700
2022-07-05,92.06526947021484,92.80942281531749,90.93949697207034,92.66631472307931,877400
2022-07-06,93.02886199951172,93.35323356863319,91.01582793840028,92.12251554462806,997600
2022-07-07,93.87796020507812,94.59349342725284,93.18150466616473,93.81117739549303,698800
2022-07-08,92.77125549316406,94.30726722957243,92.14159010936548,93.87795025329065,1541700
2022-07-11,92.85713195800781,94.20233061419745,92.01756832922199,92.2083815533916,1102800
2022-07-12,91.91261291503906,93.50587222937756,90.16671759546655,91.92215539490849,1339800
2022-07-13,90.30029296875,91.25433725309225,88.81197893560552,90.76777263001924,1274500
2022-07-14,90.55786895751953,90.65327191674939,88.32540914066819,89.31761592997297,1010400
2022-07-15,92.38011169433594,92.6090802892154,91.2161764789631,92.10343797274892,5655200
2022-07-18,92.15113067626953,93.74439010672437,91.80768144251385,92.83804370134084,878900
2022-07-19,95.52845001220703,95.80512372360576,92.47551126363501,92.95253339802315,787600
2022-07-20,97.54148864746094,97.83724733443886,95.0609748862535,95.59523737300513,1063700
2022-07-21,96.79733276367188,97.87540019071834,96.18674500054003,97.6082689541957,801500
2022-07-22,96.52066040039062,97.70368057698924,95.76696452746712,97.15033313426864,734800
2022-07-25,94.60303497314453,96.2726124750488,94.10692786789032,96.20582238734359,790100
2022-07-26,94.29772186279297,94.41220978306039,92.77125265312421,93.79207961947576,972200
2022-07-27,95.94823455810547,96.32985373226367,93.4295581989538,94.43130762127154,648000
2022-07-28,99.75487518310547,100.01247123443622,96.93090477273692,97.12171801053391,776000
2022-07-29,101.3672103881836,101.9205578482688,99.41141659388757,100.37500340834205,1407100
2022-08-01,101.5866470336914,102.04458425207913,100.6326026701393,100.93789657532474,1145700
2022-08-02,97.551025390625,98.93438665335657,94.40267642738621,98.37150403489257,2147400
2022-08-03,98.05667114257812,100.01246485220004,97.79908238646603,98.02805097843014,1186800
2022-08-04,98.79129791259766,98.8962433761181,97.91357155599215,98.68635244907722,1252500
2022-08-05,98.77220153808594,99.66900547591653,98.24748155988426,98.36196221320385,695200
2022-08-08,98.3619613647461,99.68808229864639,98.17115542500592,99.3732532259531,784300
2022-08-09,98.79129791259766,98.84853824587027,97.78954840764115,98.54324433711473,779400
2022-08-10,102.50251007080078,103.20850073312205,99.9075087102064,100.17463991871827,1011000
2022-08-11,102.88414001464844,104.6109652512216,102.50252809468917,103.03679060565679,856500
2022-08-12,102.23538208007812,103.6855260914046,101.55800427874367,103.1894262998081,966400
2022-08-15,103.48517608642578,103.962198188951,101.54846751477814,102.0827299403969,1156500
2022-08-16,103.07494354248047,103.91449987758745,102.72194454311611,103.45656270526732,802400
2022-08-17,101.64387512207031,102.71240730089225,101.37674389705982,102.28308302174256,760000
2022-08-18,102.98907470703125,103.4470191533897,101.25271444917135,101.91100731619287,764800
2022-08-19,102.26399993896484,102.65515427527943,101.40535870478949,102.31169778160928,986100
2022-08-22,102.15906524658203,102.33079351149064,100.71845631755875,101.11915317608538,1065400
2022-08-23,101.4053726196289,102.91276440660546,101.24318683057943,101.97779776136743,979100
2022-08-24,101.51030731201172,102.2735383271217,100.87109942617742,101.17639328797738,816600
2022-08-25,102.88414001464844,102.94138762566698,101.67250688333807,102.1209088959491,792100
2022-08-26,100.08879089355469,103.95266593691413,100.05062824814424,103.03678428340419,1208300
2022-08-29,98.88668060302734,100.55625791617472,98.82943300272083,100.27004175098052,1046900
2022-08-30,98.23794555664062,99.16336971882029,97.86586885125837,98.93439383952308,1121500
2022-08-31,98.16160583496094,99.40186618978542,97.42699501350795,98.41920184161164,2120600
2022-09-01,99.0393295288086,99.24922042473756,97.56056533447428,97.6464258216562,1197400
2022-09-02,97.00721740722656,100.6898287101038,96.84503163535192,100.17464395346099,1104800
2022-09-06,95.96730041503906,97.10261531658703,94.78428767183696,96.68283354886589,1657800
2022-09-07,97.28389739990234,97.61781144559136,95.22315824002678,96.09134203759851,1309200
2022-09-08,96.7591781616211,97.58919938305124,95.68111064496154,96.8832085880167,1501000
2022-09-09,98.68634796142578,99.07750235230296,97.83724908884935,97.83724908884935,1317700
2022-09-12,99.7739486694336,100.35591623990524,98.6004710480029,99.06795068896574,1366700
2022-09-13,95.2040786743164,98.38104784357932,94.78429686587658,97.88494074655405,1765700
2022-09-14,95.80511474609375,96.616050842808,94.49807887876662,95.45212305814324,2067200
2022-09-15,92.53276062011719,96.54928651015375,91.96033545874884,95.59524214827957,1916300
2022-09-16,88.54483795166016,89.74693565563689,85.94030141828657,88.83105411696205,4524000
2022-09-19,88.8883056640625,89.12681673900876,87.55264218860741,88.02012913622393,1378100
2022-09-20,85.86398315429688,88.71657344547566,84.95764402140242,88.1536908275008,1570400
2022-09-21,84.92902374267578,87.50494782183382,84.90994605858454,86.56998116818816,1640100
2022-09-22,84.13715362548828,84.75727648307036,83.08769926605609,84.2707192205471,1419200
2022-09-23,83.63153076171875,83.66015092745877,82.39127020192589,83.45026000699099,1184200
2022-09-26,82.79195404052734,83.86048615881087,82.12412601583736,83.68875791263636,1390200
2022-09-27,84.94811248779297,85.1198407673829,83.10680654282687,83.10680654282687,1469800
2022-09-28,85.91168975830078,86.83710658961556,85.06259093700916,85.54914827587504,1509500
2022-09-29,86.31238555908203,86.54135414393369,84.45199488066962,85.873526071958,1563900
2022-09-30,84.25164031982422,86.77985888598596,84.16577983630387,86.38870455198288,1438300
2022-10-03,86.73217010498047,87.42861836222784,84.4710825119162,84.60464813053295,1372700
2022-10-04,87.31412506103516,88.27771177508058,86.93251319059883,87.85792998306478,1328000
2022-10-05,86.59860229492188,87.53356895894525,85.9307741626057,86.53181948169026,907600
2022-10-06,86.48411560058594,87.80069408910387,85.57776916561137,86.3123873387114,984500
2022-10-07,85.10073852539062,86.08341015167314,84.68096403289525,85.68270606146552,1515300
2022-10-10,85.64454650878906,86.62721817050551,84.86223053879075,85.9880030106205,929800
2022-10-11,84.95764923095703,86.1311196632388,84.57603004889236,85.64455502413684,890400
2022-10-12,84.78592681884766,86.15021057577853,84.53787324155633,85.17708123036381,1185600
2022-10-13,86.05479431152344,87.01838110784435,82.16229903774266,83.41209476132866,1223700
2022-10-14,85.8353500366211,86.97066486063639,84.95763119930824,86.64628607715534,1357800
2022-10-17,87.77207946777344,88.08691584755434,86.24560997626395,87.12332902403432,1450100
2022-10-18,88.49715423583984,90.08086404130425,87.79115618974525,89.6801671689461,981600
2022-10-19,86.82756805419922,88.7261140479189,86.42686394275526,88.44944034571374,1133200
2022-10-20,85.62548828125,87.55265484268786,85.24386905042408,86.66539322449968,1099700
2022-10-21,88.67840576171875,88.98369961554265,85.59684706199312,86.06432668342791,3899100
2022-10-24,89.317626953125,90.18580345167585,88.51622598337488,89.27946430896736,1531900
2022-10-25,91.61687469482422,91.6645798222374,89.28900422964645,89.53705779039011,1446700
2022-10-26,92.17977142333984,93.6394581729199,90.86318550898838,92.13206629240962,1118200
2022-10-27,91.96987915039062,93.41048819383205,91.7218255749813,92.58046696772058,1039500
2022-10-28,93.38185119628906,93.45817648534315,91.55963041249913,92.35148890917976,929600
2022-10-31,93.35322570800781,94.76521435985201,92.67585518354342,93.43909347299106,1324000
2022-11-01,94.29772186279297,94.41220978306039,92.38963353101218,93.8302422595649,769300
2022-11-02,89.02186584472656,93.25782460617573,88.926462876333,93.22920444353565,1690000
2022-11-03,90.5292739868164,91.44515575206383,87.61943560859706,88.51623968820196,1052200
2022-11-04,90.50064086914062,91.93170728733857,88.6688776007545,91.35928217581544,1520900
2022-11-07,91.33065795898438,91.34019316062745,89.69923590931138,90.73914791201838,1532700
2022-11-08,99.60221862792969,100.84247175418504,91.98894250348548,94.62210660471624,3267300
2022-11-09,99.96475982666016,102.8841330331755,98.64818132306662,99.12520346942694,2621500
2022-11-10,103.69507598876953,104.0194475528651,101.40536824188325,102.84597715477783,2165800
2022-11-11,106.76709747314453,107.18687200128744,103.52334550778505,104.53463010215768,1652600
2022-11-14,106.6526107788086,110.58327582702582,106.2137512841035,106.29961177536353,1971100
2022-11-15,110.34477233886719,110.7931670664446,106.77664125100263,106.84342406394231,1827300
2022-11-16,106.68122863769531,109.86774024435962,106.53812054324027,109.42887348035612,1738600
2022-11-17,106.46180725097656,106.78618612020848,101.93009651490918,104.69682663058018,2041200
2022-11-18,107.58756256103516,108.23631291620438,105.67947413745267,107.71159296698703,1814900
2022-11-21,108.33173370361328,108.93277899517682,106.94836509461412,107.01514790478784,4586200
2022-11-22,108.87553405761719,109.075882479658,105.96569614011469,106.29007497492844,1499500
2022-11-23,108.75150299072266,110.08716640840773,108.5511545698869,109.50519882840766,1716700
2022-11-25,107.58756256103516,108.98047351557649,106.07063575810133,108.38896348390524,1428000
2022-11-28,106.49996185302734,108.27448482107286,106.23283061547731,107.3872233370501,2010400
2022-11-29,108.34126281738281,108.78966477997017,106.52858456345608,107.33952072107277,2059600
2022-11-30,111.38352966308594,111.56587623394252,107.37195635809597,108.80192425863994,2782600
2022-12-01,110.6061782836914,111.95936801412027,109.62728083855674,111.77702142923076,1426300
2022-12-02,110.86528778076172,111.69063592765313,108.72514646092273,109.59847553794827,1118300
2022-12-05,107.31438446044922,110.99006224710416,107.0840569421829,110.82691389341467,1562900
2022-12-06,105.75006103515625,108.1493272728394,104.7999463332085,107.58309663331684,1543100
2022-12-07,103.26441955566406,106.07635993765827,103.0053020182699,105.34698093606117,1894000
2022-12-08,103.50435638427734,104.63681047652081,102.99571305268991,103.74428303668502,924800
2022-12-09,103.56192016601562,104.42565006032146,102.17034150589647,103.45635187724871,1417800
2022-12-12,108.7155532836914,109.20500565845867,103.28361819443582,103.52354482414805,2194300
2022-12-13,107.89979553222656,112.25686365614233,107.3815531750758,111.87297961507001,1611900
2022-12-14,108.24529266357422,110.43342222412294,107.18001790562614,107.31437622446832,2237800
2022-12-15,104.91512298583984,107.46794600204959,104.52164709564533,107.16084018946603,1540200
2022-12-16,104.16655731201172,105.11666481473208,103.50435740182274,103.9650198006456,3095200
2022-12-19,103.65791320800781,105.31820154639045,102.58303916669912,104.40648319382014,1171600
2022-12-20,102.59263610839844,104.32970269619399,101.96882535945046,103.9170285689189,1492800
2022-12-21,103.26441955566406,104.31050346450486,102.65980708709125,103.8498411156068,963800
2022-12-22,102.59263610839844,102.66941439300315,100.95153871536867,102.3431103444232,1294700
2022-12-23,102.98611450195312,103.42757866616978,102.22794539754398,102.7077987049943,568300
2022-12-27,102.1319580078125,102.98609615716909,101.74807396583695,102.98609615716909,777700
2022-12-28,99.9630355834961,102.67899949608716,99.89584909735996,102.43907286381722,616500
2022-12-29,100.97071075439453,102.04558457202914,100.18375178922705,100.24133183092894,722500
2022-12-30,99.73269653320312,100.6924030217566,98.60984169887061,100.10698147798063,755800
2023-01-03,100.74998474121094,100.91313307784263,99.60793174083098,100.33731068139139,1109700
2023-01-04,101.90164184570312,102.79416923072893,100.55805121033377,101.3066211483593,1623100
2023-01-05,100.69239807128906,101.60412358377822,100.02060649112154,100.88434375275055,1407200
2023-01-06,103.82106018066406,103.98420854523131,101.09548963186522,101.85365872377102,1348200
2023-01-09,105.42376708984375,107.1896310168893,103.88823801544339,103.88823801544339,1407500
2023-01-10,104.16655731201172,106.43146551876482,103.47556737476765,105.7308764651756,1231300
2023-01-11,105.96119689941406,106.04756696882043,103.86903646181064,104.17614224522126,1256600
2023-01-12,105.86522674560547,105.98999328265185,103.97460367847978,105.63489922472118,1155100
2023-01-13,104.5312271118164,106.04756509396442,104.11855303621864,105.56771185824512,991800
2023-01-17,103.65791320800781,104.45446413122994,102.90934322219549,103.75388240480778,1739200
2023-01-18,102.9669189453125,106.709776038938,102.83256061104728,104.25292223670245,1467300
2023-01-19,101.2586441040039,103.10127899485103,100.56765418944119,102.69820398534951,1512500
2023-01-20,102.42948150634766,103.09167403528511,100.7691859823015,101.83446081987277,4668700
2023-01-23,104.44485473632812,105.20302371065111,102.32390435994672,102.54463274319241,1191200
2023-01-24,103.98419952392578,104.83833773724085,103.34119791560629,104.35848447933442,875300
2023-01-25,103.40836334228516,103.59070989910055,100.99949825742917,102.35268777952068,922800
2023-01-26,103.84984588623047,104.37768742255112,102.03600107520852,104.21453174279203,1014700
2023-01-27,103.37959289550781,105.15504858567347,103.30281461262993,103.9554153731318,873800
2023-01-30,101.26822662353516,103.55233277881727,101.05709734407048,102.86134292753796,1014200
2023-01-31,103.79226684570312,103.86904512845688,101.46977870725237,101.71929714323201,2329200
2023-02-01,109.08024597167969,110.10713164949493,103.74427277118119,103.9650084912258,1948300
2023-02-02,114.080322265625,115.0688188582085,108.85951619763443,108.85951619763443,4961100
2023-02-03,112.31446075439453,112.7847149320765,111.10522840408927,112.37204080660615,1116900
2023-02-06,109.742431640625,112.6311501196914,109.29136843535792,112.06491950393723,1579400
2023-02-07,109.37774658203125,109.97275990205843,107.74624120439276,109.73283328669798,1174300
2023-02-08,108.43724060058594,109.56010282429911,107.40076309543667,109.406546262363,980200
2023-02-09,107.38156127929688,110.47181742628486,107.27599297698514,110.10713158683136,1208700
2023-02-10,107.44873809814453,108.08214789819554,106.20112405019417,106.2874941200305,1572500
2023-02-13,108.29327392578125,108.4756204970463,106.73855413955678,107.03606080048039,1010400
2023-02-14,108.55239868164062,109.09943107300381,107.23759819061928,108.11093458702992,923000
2023-02-15,108.99386596679688,109.2529834978785,107.30478049129235,107.80383196727252,1090700
2023-02-16,107.67906951904297,108.5620050895587,106.89211045891659,107.19921625501519,1053700
2023-02-17,106.91130065917969,107.79422884139481,106.0187733622507,107.59269136427913,1231400
2023-02-21,100.96112060546875,104.24332239153412,100.22214982408478,103.16844847845066,2390300
2023-02-22,100.96112060546875,102.48705774388169,100.21255070895579,101.33540555372524,1155000
2023-02-23,103.39877319335938,103.56192885822513,101.70009596040786,101.92082434855321,1180300
2023-02-24,102.87094116210938,103.46595450074472,101.80566637083582,102.2759205014946,927100
2023-02-27,101.51773834228516,104.51202484360734,101.34499090332467,104.26249913800253,1340800
2023-02-28,100.3469009399414,101.82484970549338,100.13576435600842,101.1530581402329,1884800
2023-03-01,101.13387298583984,101.80567195992762,99.68472137600995,100.58684054855773,1398100
2023-03-02,105.51972961425781,105.74046533692845,100.31812200015204,100.51965949199234,1912000
2023-03-03,104.99189758300781,106.38346914573312,104.45445693837208,105.85563493869036,1554900
2023-03-06,105.37577819824219,106.81533796968276,104.48325084706984,104.77115840817018,1653900
2023-03-07,105.19343566894531,105.95160472307526,104.57922406189977,105.56772063817682,1591700
2023-03-08,106.40266418457031,106.49863337188238,104.82874608231752,105.10705452892861,1010500
2023-03-09,105.86522674560547,108.12054298627613,105.73086841492464,106.66178493605597,1385800
2023-03-10,103.0628890991211,105.8748296730013,102.2951209058919,105.8652305570414,1559700
2023-03-13,103.40836334228516,104.69436638809421,100.7691707743846,101.72887716271208,2014400
2023-03-14,101.86325073242188,105.50053936775723,100.31812262996601,104.58882109104442,1848300
2023-03-15,101.43138885498047,101.83446385364262,99.08970250126328,100.0398099472469,1355200
2023-03-16,103.02449798583984,103.43717210045729,101.07629483612722,101.07629483612722,854900
2023-03-17,102.14156341552734,104.19533474635703,101.54654274770601,103.4851539842332,2046500
2023-03-20,101.0762939453125,103.16845452530961,100.71160809081023,102.17995794649087,996700
2023-03-21,101.63291931152344,102.66940408367007,100.51965626248162,101.72888849665269,1325100
2023-03-22,100.45246887207031,103.55232381947701,100.40448794442582,101.60412096522148,1036600
2023-03-23,100.3469009399414,102.33349293661617,99.71349851012137,100.72118585801209,1087200
2023-03-24,100.27973175048828,100.64442491243088,98.74420279014474,99.76148935350115,877900
2023-03-27,101.18185424804688,101.58492921145067,100.31811695362491,101.28742254636397,1136400
2023-03-28,100.6732177734375,102.07438844686094,100.2701427828595,100.53885944324483,1044900
2023-03-29,101.33540344238281,101.96881323206857,100.54844442372978,101.45057085559277,766600
2023-03-30,102.74617004394531,103.06287492925787,101.54653698319692,102.00719930019511,984900
2023-03-31,105.68287658691406,106.00917326436681,103.02448562823058,103.11086301589573,1576100
2023-04-03,103.95540618896484,105.31818764073907,102.42947639197386,105.31818764073907,1505000
2023-04-04,102.17035675048828,104.04178888533308,101.58493517887825,104.04178888533308,987800
2023-04-05,101.3738021850586,102.73659107690325,100.60604132351996,102.09358211136484,1024800
2023-04-06,101.1050796508789,101.86324867456693,100.4620780446302,100.9995113487211,1280000
2023-04-10,103.35079193115234,103.62910768564234,100.60603084560738,100.76917918797002,960200
2023-04-11,104.66558074951172,105.33737964265126,102.46785214960221,103.50433684966048,941400
2023-04-12,105.34697723388672,106.0379670719608,104.75196390152914,105.56771294626347,1195600
2023-04-13,105.79804229736328,106.22991461468364,104.09936501744586,105.69247399681694,834400
2023-04-14,107.17042541503906,108.01497183936733,105.73086563391189,105.89401398516452,885200
2023-04-17,106.67137145996094,107.56389873525913,105.80763420612736,107.48712046336748,708600
2023-04-18,107.08405303955078,107.8230238229645,106.70016897511087,107.01687387742227,704100
2023-04-19,107.33355712890625,107.37194626242331,106.30667160375519,106.77693299785525,669100
2023-04-20,107.2280044555664,107.91898694636775,106.51781641355365,106.88250954917618,661100
2023-04-21,106.75775909423828,107.80384308548126,105.98999821490291,107.55431732175666,717300
2023-04-24,108.0533447265625,108.17811125001559,106.38345756862059,106.38345756862059,752900
2023-04-25,105.2509994506836,106.7193490756307,104.22411389244105,106.7193490756307,1376400
2023-04-26,102.42948150634766,104.91511791269414,102.14156661760632,104.29130720174108,828000
2023-04-27,107.10324096679688,107.87100907430683,102.97650752437399,103.06287759242971,1632100
2023-04-28,109.25298309326172,110.0207512125511,107.29518830083467,107.29518830083467,1874400
2023-05-01,111.77701568603516,112.57357382733228,109.3777494691012,109.60807697577263,1439000
2023-05-02,108.67716217041016,109.33936199942197,104.94390446565284,109.32976288425351,2215900
2023-05-03,113.05343627929688,113.8499871634963,109.7232533274214,109.77123426248063,2286700
2023-05-04,112.24726867675781,113.39892084240161,111.24917306199161,112.73672103020591,1362400
2023-05-05,112.92866516113281,113.52368584318653,112.19929347317246,113.11101174411276,1424400
2023-05-08,111.85380554199219,113.61966214591693,111.7194472056927,113.13980885285301,1379400
2023-05-09,110.86528778076172,111.97855079637498,110.2222862055261,111.32595010632082,1530800
2023-05-10,109.43533325195312,111.70024122383259,107.86141514566124,111.5083028487159,1616600
2023-05-11,107.84221649169922,109.42572627763329,107.68865994505057,109.09942959897363,1203900
2023-05-12,108.40845489501953,108.92669732923235,107.41995828460588,108.04376902886095,972800
2023-05-15,108.14933013916016,108.75394261116797,107.00727703672129,108.27408935091361,1003700
2023-05-16,106.83452606201172,107.55430592875774,105.52932465122056,107.29518839840013,955900
2023-05-17,108.87870025634766,109.2050042760551,107.09364556812689,107.32398040156023,1150200
2023-05-18,110.04954528808594,110.81731343564724,108.68676378204535,109.08024697121493,1049500
2023-05-19,109.95357513427734,110.63496588131214,108.91709034076824,110.03995252805959,1085900
2023-05-22,109.8192138671875,110.47181457281272,108.71554994005933,110.1263196508947,1269100
2023-05-23,109.93438720703125,110.72134627781995,109.61768229120682,109.93438720703125,928000
2023-05-24,107.7078628540039,109.44492926205774,107.34316970085796,109.32976184706752,1180400
2023-05-25,109.65606689453125,110.32785851668521,107.53511640518286,107.96698140199904,1602100
2023-05-26,110.85570526123047,111.52749691513918,109.5984847060872,110.20310451658492,1527100
2023-05-30,110.46221923828125,112.27606397943912,110.17431167481568,111.40273485168666,1654200
2023-05-31,106.50369262695312,110.67462844264561,106.11750073186946,110.12429688939933,3075800
2023-06-01,107.6333236694336,108.07745022895804,106.10784068271614,107.09264177276809,975500
2023-06-02,110.02774810791016,110.38498371099213,107.97124755374735,108.04848887865234,1268400
2023-06-05,110.31739807128906,110.8001452969532,108.23192652067367,109.15880031001225,1671600
2023-06-06,111.16703033447266,112.63458602285999,108.70501654160786,109.08156615378812,1104600
2023-06-07,112.78905487060547,113.08835577573579,110.9159933881154,111.36011992564794,1132200
2023-06-08,112.50906372070312,112.96284727723648,111.66908828861088,112.75043732599637,1043500
2023-06-09,111.33116149902344,112.21942198192706,110.6070406691549,112.09390299042153,1188900
2023-06-12,112.1614990234375,112.6249396440671,110.24016694999433,111.53392609876487,1162600
2023-06-13,113.02078247070312,113.40698173934467,112.10356565305055,112.78906585597355,1317000
2023-06-14,113.58077239990234,114.60419421282087,112.42218194626395,113.22353678306358,1347700
2023-06-15,115.15452575683594,115.65658702179907,113.0980251239505,113.19457310070851,1284800
2023-06-16,114.7297134399414,116.28416017744446,113.94765788435127,115.85934023940234,3248400
2023-06-20,111.79460906982422,114.77798353990202,111.40840979648982,114.07317667974483,1063100
2023-06-21,111.7270278930664,112.3449438013321,109.75741817316755,110.52981674156898,1150900
2023-06-22,110.6456527709961,112.53802084271997,110.47186349062669,111.42770821572715,946800
2023-06-23,110.50083923339844,112.03597927231779,109.76706873923126,110.06636966800635,1636100
2023-06-26,111.99735260009766,112.54768412426297,110.46222000968731,110.46222000968731,641200
2023-06-27,114.29523468017578,115.18349520617726,112.46080104841361,112.4704506896607,945800
2023-06-28,114.87451934814453,115.26071118966759,113.2331745571227,114.31453086534401,986500
2023-06-29,115.9945068359375,116.03312749927322,114.25661381652219,115.00970570236106,692600
2023-06-30,116.95033264160156,117.11447228593136,115.28003147432787,116.4675854472921,1092900
2023-07-03,117.49102020263672,117.84824842941143,116.03312154264366,116.35173647420324,462900
2023-07-05,116.97930908203125,117.62618858451148,116.2455312501566,116.39035688838867,865600
2023-07-06,113.4938735961914,115.28969383166287,112.80836606625446,115.23175915668324,1294900
2023-07-07,114.79729461669922,115.69520477361075,113.16560659584728,113.49387854792782,1153000
2023-07-10,116.90206909179688,117.83859988141468,115.15451913851922,115.15451913851922,889800
2023-07-11,118.71720123291016,118.8427128644054,116.90207424923142,116.90207424923142,832800
2023-07-12,118.51445007324219,119.9337281691984,118.31169711183965,119.72131820026094,783300
2023-07-13,117.56825256347656,118.51444033844012,117.34619297138268,118.35030805452067,759100
2023-07-14,117.40411376953125,117.91582460639879,117.04688556741333,117.65514436793063,486600
2023-07-17,117.79997253417969,118.12823709088806,116.06207968649532,117.01791706965291,616600
2023-07-18,118.82339477539062,120.03991977435383,118.01238302017359,118.53374351073445,737400
2023-07-19,120.21371459960938,120.36818987937693,118.8234002510115,118.8234002510115,734000
2023-07-20,120.18475341796875,121.23713884183672,119.06477631052283,119.96268645144477,899000
2023-07-21,120.44541931152344,121.40125664875175,119.88543082460693,120.078534112925,620800
2023-07-24,120.6771469116211,120.99576184183893,118.98753165676276,118.98753165676276,975000
2023-07-25,121.12126922607422,122.03849332342844,120.30060046138506,120.67714268713817,787900
2023-07-26,121.8743667602539,122.12539001177183,120.60956403116526,121.12127490728611,1011100
2023-07-27,121.74884033203125,122.95570831186134,121.38195511797244,122.61778675073643,795100
2023-07-28,122.8495101928711,123.32260777097285,121.87436611439406,122.77227623611843,850900
2023-07-31,122.90745544433594,123.62191196107074,122.1929841953239,122.84952076411366,1063700
2023-08-01,121.14058685302734,122.22193589621386,120.53232065009703,121.8357440185832,1004500
2023-08-02,120.136474609375,121.15024672749676,119.69234804667671,120.24267958807873,643500
2023-08-03,120.136474609375,121.05369138966569,119.01649751254952,119.72131170157081,666000
2023-08-04,119.48959350585938,121.1598947557169,119.26752654439693,120.80266652859372,668300
2023-08-07,120.50337219238281,121.70059073565855,119.67304629171753,120.04958857618912,1030800
2023-08-08,115.20279693603516,119.71165422839735,114.07317020273584,119.62476326405343,2027500
2023-08-09,113.32008361816406,115.25107247334604,113.11733067230651,115.25107247334604,1157800
2023-08-10,113.8993911743164,115.92692821928009,113.16561326711877,113.91869782386482,1029400
2023-08-11,112.93389129638672,113.18492192546636,111.61116119769828,111.82357116337042,955700
2023-08-14,112.9049301147461,113.30077903260623,111.80426696499455,112.87596645809029,699700
2023-08-15,111.20565795898438,112.46080376846845,111.09945297359087,112.34494177545594,846900
2023-08-16,110.1822280883789,112.40286087956282,109.88291980315782,111.28289116012616,660800
2023-08-17,109.998779296875,111.13806300434094,109.97947264962276,110.82910508534025,876300
2023-08-18,111.83322143554688,112.2676909819731,109.06224977358248,109.26500271965725,1296000
2023-08-21,110.6456527709961,112.6345761721432,110.23048989934348,111.86217773358196,571200
2023-08-22,110.56842041015625,111.04151799101206,109.969818569614,111.04151799101206,680800
2023-08-23,110.74221801757812,110.9739420049936,109.88292848779345,110.54912206087046,537900
2023-08-24,110.04705810546875,110.6746235905356,109.77671347816889,110.38497968192118,917300
2023-08-25,110.37532806396484,111.34082253876025,109.85396016363873,109.98912880081903,720800
2023-08-28,111.04151916503906,111.91046564645961,110.74221087546536,111.17668779924469,734700
2023-08-29,113.02078247070312,113.1076808050632,111.0125595328162,111.28289681102376,718100
2023-08-30,113.71593475341797,114.24695964555667,112.91457259478614,113.13663955862724,688500
2023-08-31,112.68285369873047,113.6290414783541,112.27734780723658,113.54214314952661,1555900
2023-09-01,112.3545913696289,114.10213396029711,112.02631942748961,113.66766440591002,1020700
2023-09-05,111.57254028320312,113.58077057904417,111.48564931533554,111.91046924572376,1175800
2023-09-06,111.60150146484375,112.33527931938984,111.08979057793306,111.63047248629563,1023800
2023-09-07,111.51461029052734,112.33527910948109,110.28843556566304,111.5918516153117,1320000
2023-09-08,110.77117919921875,112.29665480041201,110.47187091693357,111.82356459221262,1114800
2023-09-11,112.20976257324219,112.60561145470571,110.8291052591993,111.29253845535843,989600
2023-09-12,112.42216491699219,113.04973035407104,111.55321852531878,111.82355576580888,1147700
2023-09-13,114.19868469238281,114.29523266612081,112.1518411310396,112.63458836586783,1236000
2023-09-14,114.2566146850586,115.4345191442676,112.0263247649704,115.25108019970146,1218500
2023-09-15,114.35316467285156,114.79729123458551,113.82213978048594,114.72970691793336,2527700
2023-09-18,113.68696594238281,114.89383394601745,113.36835102155023,114.05385116367817,1130500
2023-09-19,113.32008361816406,114.22764337112582,111.92011227847439,113.57110686571843,818900
2023-09-20,110.87737274169922,114.25660312284741,110.84840908844284,113.93799557088948,973800
2023-09-21,109.10086822509766,111.18633968443856,109.08156157801683,110.87737440204337,1018800
2023-09-22,109.97948455810547,110.53946578270876,109.16846532907603,109.21674300164084,858900
2023-09-25,111.87184143066406,111.93942574561999,109.55465334252969,109.67050795894679,772100
2023-09-26,110.06636047363281,111.69804835009894,109.96015550142864,111.53390870551402,797000
2023-09-27,109.73810577392578,110.80979786637629,108.68571296377304,110.80979786637629,739100
2023-09-28,110.45256805419922,110.95462193392102,109.12018098076466,109.69948355154743,988600
2023-09-29,110.67462921142578,112.1228709264642,110.48153326254264,111.25393179035177,1003600
2023-10-02,110.77117919921875,110.81944950103784,109.796027762363,110.4622212762525,1095400
2023-10-03,109.97948455810547,111.3504850117382,109.09122399942777,109.83465890654963,743200
2023-10-04,111.3601303100586,111.65943860923727,109.48707601904253,110.49119116689137,1336800
2023-10-05,110.26911163330078,111.51460026040544,109.44844288816167,111.11874403109437,1221200
2023-10-06,110.6456527709961,111.17667761827413,109.67050139969345,110.05670061897408,1141700
2023-10-09,112.77940368652344,113.1269822757779,110.21119229496325,110.80979413612748,769400
2023-10-10,113.6483383178711,114.29521776030492,112.77939193527632,112.78904894123217,934900
2023-10-11,112.96284484863281,114.05385086929294,111.71735618816008,113.89937559561804,915300
2023-10-12,112.73112487792969,113.59041427926661,112.3063049973092,113.39731098528571,992300
2023-10-13,112.43183135986328,113.91869377090794,112.29666271941726,112.80837362483983,1257000
2023-10-16,114.8359146118164,115.51175779431905,113.36835889247035,113.36835889247035,1454000
2023-10-17,116.25519561767578,117.19171908977795,114.4014405899836,115.0097068358429,1430600
2023-10-18,113.13664245605469,115.10625206169529,113.08836478602822,115.10625206169529,1606300
2023-10-19,110.8194580078125,113.54215221487138,110.26912643509225,113.1366462910014,1083100
2023-10-20,111.2249526977539,112.26768842479143,110.693935193788,111.7173569076557,3286400
2023-10-23,109.77671813964844,111.01255724708328,109.32294192693656,110.45256868739006,1100400
2023-10-24,108.30916595458984,110.86772767918892,108.23192463195835,110.34635980063327,1340700
2023-10-25,105.12303161621094,107.85538263994829,104.64028439786036,107.5753883693684,1230200
2023-10-26,104.75614166259766,105.644394736472,103.48168935821433,104.92993094801982,1254200
2023-10-27,104.03201293945312,106.27195946633462,103.68443439509763,105.23888083898275,1281100
2023-10-30,105.2195816040039,105.64439412558345,104.01271361947803,104.8044187226815,941800
2023-10-31,105.48027038574219,106.23335489046332,104.97821650464083,105.33544474264853,1384600
2023-11-01,106.12715148925781,106.59059208082648,104.88166272593894,105.59613394486308,853700
2023-11-02,108.91742706298828,109.22638499380547,107.169884457379,107.169884457379,1817800
2023-11-03,109.0525894165039,110.6359996415135,108.82087282327116,109.28431337587435,1495700
2023-11-06,107.64297485351562,109.34224715885625,107.3822945914562,109.34224715885625,1491800
2023-11-07,106.59059143066406,107.662290886375,103.33687240062457,107.05402465326766,2024300
2023-11-08,109.30362701416016,110.09533217730493,106.21404768631183,106.21404768631183,1633000
2023-11-09,109.8056869506836,111.00289800519548,108.97536113506493,110.06636721087176,1372400
2023-11-10,111.36978149414062,111.65943277081003,109.17811236995371,110.16291345158137,1061000
2023-11-13,109.94085693359375,111.18634567230772,109.62224199356824,111.13806800279907,1056200
2023-11-14,114.27592468261719,114.85521988441486,111.45668263203383,111.707705887592,1477700
2023-11-15,114.31453704833984,114.99038017369712,112.99180708455476,113.90903117312548,1404800
2023-11-16,113.74491119384766,114.83592475558035,112.24839905293283,114.09248982301962,1701700
2023-11-17,114.87451934814453,115.08692191452734,113.68695807366322,114.72969372450478,1276800
2023-11-20,113.47456359863281,114.80695067825145,112.99181636483202,114.80695067825145,1356100
2023-11-21,113.8028335571289,114.25660976140715,112.51872416980999,113.57110958533882,1262900
2023-11-22,113.97663116455078,114.57523305331583,113.16561193641876,113.95731714909077,981100
2023-11-24,114.0538558959961,114.48833281501449,113.33939207071845,113.98627157963385,517500
2023-11-27,114.47867584228516,115.02900738029587,112.34493400662471,113.43594007569493,1422400
2023-11-28,115.44417572021484,115.85933864500498,113.92834966758824,114.44006056802154,1595400
2023-11-29,115.39588928222656,116.49655969257898,115.23175699948915,115.98484146488464,1429600
2023-11-30,116.86225128173828,116.93994111361647,114.28884042873727,115.53184810314761,4836400
2023-12-01,116.61946868896484,117.40606522105827,116.06594163766707,117.10501899392463,1352200
2023-12-04,118.2897720336914,118.56167903998461,114.80352413185892,115.6775162298801,2194700
2023-12-05,117.54202270507812,118.35774368883314,116.35727873532065,117.63913128758563,1492400
2023-12-06,117.13416290283203,118.44514729667675,116.24074467533707,117.77508547828302,1191100
2023-12-07,116.62918853759766,117.71682395103099,116.40583953334455,117.47404878446275,1230800
2023-12-08,116.89138793945312,117.39635701766987,116.03681462551864,116.46410128248588,1238800
2023-12-11,116.9011001586914,117.22156516936477,115.25994500589012,116.5126658039593,1399900
2023-12-12,117.03704833984375,117.46433500130148,116.50294742193167,117.19242800179568,858800
2023-12-13,118.75590515136719,118.8724399022406,116.17277374050103,117.13416876515832,1413700
2023-12-14,119.95035552978516,120.63013046697719,119.21232433019662,119.930936775653,1333200
2023-12-15,120.85347747802734,121.4749813247088,118.95012102145158,119.44538444608878,3532200
2023-12-18,122.86365509033203,123.92215868689338,121.12539138849304,121.50412006195631,2106900
2023-12-19,122.83451843261719,123.99984365121428,122.58203759949461,123.46573533324354,1091500
2023-12-20,121.80516052246094,124.26204409643928,121.63036210092953,122.14504428407467,1213500
2023-12-21,123.00931549072266,123.7376409659863,122.13532343862431,123.32006739714541,977500
2023-12-22,125.18458557128906,125.40793456684577,123.46573330992214,123.53371005755808,848900
2023-12-26,124.6019287109375,125.36910656354742,124.56309120269609,125.15546322366775,830300
2023-12-27,124.18435668945312,125.04864314146111,123.90273659320971,124.7281781275727,653600
2023-12-28,123.89303588867188,124.55337728838562,123.38805934794743,124.06783432062869,525700
2023-12-29,123.52400207519531,124.35914924285571,122.71799415107573,123.71822665425013,616300
2024-01-02,123.407470703125,123.73764136336143,122.55289740103561,122.76654072655795,784800
2024-01-03,123.60169982910156,124.74760639669687,122.22273856952305,122.80539752621291,1481300
2024-01-04,123.57255554199219,124.58249368041218,122.66943165699884,122.77625331933535,974000
2024-01-05,124.80586242675781,125.44677760828417,123.13556808666551,123.38804892679285,1079300
2024-01-08,122.62088012695312,125.03891875597702,121.96053136537873,125.03891875597702,1381500
2024-01-09,119.2997055053711,122.09647993468408,118.7753102998749,121.71774388995671,1241100
2024-01-10,121.46527099609375,121.49440283014799,119.42596111428679,119.42596111428679,999600
2024-01-11,121.79544830322266,122.11591331311725,120.27082049698191,120.7563708481275,1257200
2024-01-12,122.99961853027344,123.49487455411422,121.72747157198751,122.56261876881874,740500
2024-01-16,123.51428985595703,123.76677068198016,121.50411187497896,122.72769331807189,1323000
2024-01-17,122.9024887084961,123.93186037537971,121.84399261815062,122.54318623070264,1063500
2024-01-18,124.9223861694336,125.01950216089779,122.80538647054705,123.1841151287456,979800
2024-01-19,123.74736022949219,125.27198800419458,122.51406562301482,125.27198800419458,1500800
2024-01-22,124.95153045654297,126.12656887196192,124.6504915979489,125.07777829446488,883400
2024-01-23,124.78643798828125,125.71870116546664,124.16493414276451,125.0486393221491,1250300
2024-01-24,123.50458526611328,125.79637606375942,123.25209701382208,125.49533722262278,645400
2024-01-25,126.22366333007812,127.37927552013306,123.79591901797232,124.22319828281216,1126900
2024-01-26,126.17510223388672,126.71893105300997,125.53418705681966,126.51499339361122,834500
2024-01-29,124.48539733886719,125.69927317715427,123.32978516996666,125.65071518005873,866400
2024-01-30,124.77672576904297,125.50505124437935,121.77602095802396,122.73740851097322,875800
2024-01-31,122.67915344238281,125.18459503128479,122.56261869095351,124.86413002153701,1587900
2024-02-01,120.11544799804688,123.08701377028892,117.49347166173591,121.66920763683649,2104000
2024-02-02,120.73694610595703,121.53324834598615,118.12468297549968,119.42596170466533,1247600
2024-02-05,120.97001647949219,121.34874516784687,119.62018707045156,119.95035775920773,816600
2024-02-06,122.36839294433594,123.7764858998361,121.25162573364103,121.38757922966548,800000
2024-02-07,123.92215728759766,124.66018846355075,122.4946381150121,123.29094036931633,1046100
2024-02-08,123.50458526611328,123.7862053534938,121.5429651446931,123.65995752289307,941600
2024-02-09,123.67938995361328,123.70852179017899,121.89256075217278,123.32008001517796,887700
2024-02-12,122.89279174804688,124.07752833228322,122.55290058919563,123.60169108236559,784200
2024-02-13,121.64006805419922,121.99937054874542,120.51358775725141,121.67891296880879,708900
2024-02-14,122.106201171875,122.79568178674184,120.91175144784883,122.17417792520243,760800
2024-02-15,122.28099822998047,123.05788175268134,121.9702463026822,122.40724606254282,831000
2024-02-16,120.57186126708984,122.38781475605123,120.54272202386213,121.25162876420212,1458700
2024-02-20,112.23011016845703,116.13393181178594,110.70548233095728,114.27913328501478,2688900
2024-02-21,114.49276733398438,114.80351924350333,112.51172113245977,112.55056604726337,1665000
2024-02-22,117.40608215332031,117.84307452724312,114.0752062845621,114.0752062845621,1456600
2024-02-23,116.67774200439453,118.27034644253554,116.2407422761924,117.7750830474704,927600
2024-02-26,115.8523178100586,116.58064334346071,114.56075208602036,116.16306974128707,1736300
2024-02-27,115.29878997802734,116.06595301522573,114.49277461464477,115.86202275622118,1022700
2024-02-28,115.3376235961914,115.78433642531762,114.41508092101415,114.75496467455787,1117900
2024-02-29,116.14364624023438,117.18272372868195,114.56075471189968,116.15335932206398,2123600
2024-03-01,117.1535873413086,117.24099025655853,114.70641684796543,115.60954079135965,1686200
2024-03-04,116.49324035644531,117.59058149223381,116.24075209719018,116.77486045159326,1014600
2024-03-05,115.69693756103516,116.67775134893687,115.00745694860062,115.92029398341471,1705800
2024-03-06,117.51288604736328,117.9498783551637,116.19218863452737,116.40583195261989,1064600
2024-03-07,118.53254699707031,119.20260883919691,117.48376389019376,117.87219823626866,1166200
2024-03-08,117.75567626953125,119.05694768786532,117.08561439682785,118.95983909691526,1207100
2024-03-11,117.2409896850586,118.74619131077151,117.18271860553924,117.40607502439111,1249500
2024-03-12,118.0081558227539,119.03752762042163,117.1633029410043,117.1633029410043,1205000
2024-03-13,117.9013442993164,119.0375303860107,117.33810409245729,118.00815856442766,929400
2024-03-14,115.45416259765625,117.70711594417692,114.49277497109587,117.70711594417692,1077600
2024-03-15,116.39612579345703,116.45438946225244,114.64814164049422,114.91034296789367,3087100
2024-03-18,113.84213256835938,116.7554345211472,113.76444273814663,116.629186694824,1298000
2024-03-19,114.27912139892578,114.73553987631436,113.4925322666066,113.83241600224392,1110100
2024-03-20,116.11450958251953,116.28930800364134,113.871269352215,114.15288944229513,936800
2024-03-21,118.02757263183594,118.16352612867381,116.10479010541337,116.38641017998036,819600
2024-03-22,118.17324829101562,119.29000818530386,117.41579091930654,119.04723300673503,805000
2024-03-25,116.59034729003906,118.46457193126902,116.52237053761768,117.90133915788199,1431300
2024-03-26,116.47381591796875,117.70711050034312,116.19219583656451,116.93023441510977,1151300
2024-03-27,117.73623657226562,118.04698847293136,115.86201208761949,116.47381021720905,649400
2024-03-28,118.05671691894531,118.87244539493047,117.77509681467131,118.0761356738663,797500
2024-04-01,115.62895202636719,117.83334720243057,115.59010711199433,117.83334720243057,749100
2024-04-02,114.2014389038086,115.55126826123158,113.28860929932968,114.97832241421344,1068700
2024-04-03,114.29854583740234,115.30849142275878,113.91011149672768,114.45392550080032,848700
2024-04-04,112.79334259033203,114.99773781785379,112.42431959963048,114.81323373141305,808100
2024-04-05,113.95866394042969,114.25971019093762,112.60883458054879,113.06525308807446,789600
2024-04-08,114.87149810791016,115.22109493867167,114.32768410846337,114.32768410846337,797100
2024-04-09,117.50318145751953,117.66826679382554,115.02687177728872,115.57069319234111,1376900
2024-04-10,114.90062713623047,117.1924252335148,114.34710006919458,117.18271215264473,839200
2024-04-11,115.32791900634766,115.92029101475961,114.2111517408705,115.58039984911554,1091000
2024-04-12,114.25,114.79381402668544,113.4342715510614,114.39566658826516,939700
2024-04-15,113.33716583251953,115.33763097470448,113.00699513907219,114.69670834257879,1219300
2024-04-16,112.32721710205078,112.99727896133759,111.45322498317896,112.63796903221517,1316100
2024-04-17,111.03565216064453,112.76421765626613,110.7249002283022,111.58918668056823,1010100
2024-04-18,111.44351196289062,112.02617086741952,110.67634156517876,111.44351196289062,835800
2024-04-19,111.29784393310547,112.6865181320599,111.05506877530861,111.98732449217937,3321000
2024-04-22,110.7928695678711,112.01645846098651,110.70547406567499,111.96790787384757,1004400
2024-04-23,109.8023452758789,111.50177133718087,109.72465544922393,110.85113570899215,1389100
2024-04-24,109.60813903808594,110.51126298842406,108.74386000494529,109.39449569795492,1377400
2024-04-25,109.88004302978516,110.46270195391388,108.57876427061784,108.76327577000751,1619100
2024-04-26,110.02570343017578,110.9676648099803,109.55957187172085,109.67610661356203,1051200
2024-04-29,110.50154876708984,110.96767295083097,109.54016115532724,110.23934743093893,1489600
2024-04-30,108.09321594238281,110.38501417429457,108.0155335175886,110.05484349441575,2176300
2024-05-01,108.75355529785156,110.39471770048465,107.98638492647011,108.27771807319056,1366200
2024-05-02,110.61808013916016,112.91958397002756,109.85090972590099,110.26848330757598,1681200
2024-05-03,111.63773345947266,112.36605897061919,110.51126052153265,110.54039235655287,1541400
2024-05-06,112.29808044433594,113.5605142739339,111.56975494470097,112.65739035803016,2205500
2024-05-07,111.57947540283203,113.69647529142422,110.43357624462323,112.96814974363669,2222500
2024-05-08,113.45368957519531,114.56074371233483,111.4240853844996,112.40489910561791,1453200
2024-05-09,113.64791870117188,114.00722864307886,113.08467849242383,113.23034508557049,923300
2024-05-10,114.91035461425781,115.40561066703395,113.94895952823417,114.15289720750765,922200
2024-05-13,114.21114349365234,116.05623613700035,114.04605816786108,114.97831386568846,906600
2024-05-14,114.12374114990234,115.14339976042261,113.80328357734459,115.06570993299236,1153800
2024-05-15,114.4053726196289,114.91034913934324,113.99751209833612,114.82294622254594,773800
2024-05-16,114.24028778076172,114.44421804230815,113.44398548899974,114.41508620621731,816400
2024-05-17,114.49276733398438,114.95889149380784,113.45368994194503,114.49276733398438,865200
2024-05-20,114.988037109375,115.33762654416232,113.98779716779478,114.41508384540535,919700
2024-05-21,114.3179702758789,114.95889285545518,113.65762153421578,114.40536577853976,968200
2024-05-22,113.81299591064453,114.5898794125991,113.38571665258867,114.05577107889157,955700
2024-05-23,113.31773376464844,113.86154774121806,112.72536179349521,113.86154774121806,1378100
2024-05-24,114.55103302001953,114.58016485440803,113.46339761308505,113.8129944435672,927500
2024-05-28,115.64837646484375,117.3672288180268,114.76467869837201,115.39589562237195,1802000
2024-05-29,114.41508483886719,114.98803810781178,113.76444914424555,114.33739500427971,1485900
2024-05-30,116.7457275390625,116.9010997986948,114.00722385673603,115.08514622829213,1307900
2024-05-31,117.40608215332031,117.64885734081315,116.21162497093479,116.83312885820361,6036300
2024-06-03,118.42215728759766,118.69571606767092,116.13598109362734,118.26584117923481,1401300
2024-06-04,119.52616119384766,120.13190380008346,118.12905852760773,118.43192610376687,1610100
2024-06-05,123.39508056640625,123.5611687472953,119.85833852545754,120.17097817050868,1808500
2024-06-06,122.63301849365234,123.15083467798219,121.71464369881254,122.88704054299488,1173900
2024-06-07,122.58417510986328,122.92612357421673,121.66579284509903,122.52555750280769,1514800
2024-06-10,123.89334869384766,124.0008192737483,121.93934899226102,122.40831220036543,1243300
2024-06-11,121.54855346679688,122.760031179252,120.81580358803562,122.12497979354212,1171300
2024-06-12,122.40830993652344,123.69794941756311,121.61694245727008,123.0726701209328,1022400
2024-06-13,121.43131256103516,122.69164326522339,121.09912873514995,121.74395221567677,1103000
2024-06-14,120.55201721191406,121.1675244662554,117.97273806907747,120.23937754168895,1225000
2024-06-17,120.88419342041016,121.42153885978193,119.82903180481568,120.05373759370582,1064200
2024-06-18,121.6657943725586,122.08590462087213,120.56178718695215,120.9721253493279,1362700
2024-06-20,123.34623718261719,123.47324448600872,121.22614919186412,121.48993588472892,1209200
2024-06-21,123.51232147216797,125.0462109661323,122.54509369034778,123.56117444711461,5506800
2024-06-24,124.0594482421875,126.26747006164516,123.4146247424672,124.26461732284825,1645000
2024-06-25,123.68818664550781,124.63587774723577,122.30084856751652,124.05945138040529,1152500
2024-06-26,124.3330078125,124.72380925841601,123.60025789662657,123.99105934254258,1203900
2024-06-27,123.09220886230469,125.04620855989023,122.78934129443246,124.49909102981981,1020500
2024-06-28,121.91981506347656,124.60656471460861,121.39223423751145,123.38531487318495,2096600
2024-07-01,118.08997344970703,122.3790021548253,117.98250287089765,121.89050223438889,1119000
2024-07-02,118.43192291259766,118.80318017188326,117.36698920093313,118.40261410974844,973200
2024-07-03,121.00142669677734,121.67555896050814,118.41237567271143,119.29167700498702,881700
2024-07-05,120.61063385009766,121.06982499258986,119.85834721195684,119.91696482030304,791300
2024-07-08,117.15206146240234,120.8842007782801,116.51701003729357,120.75718602090774,967300
2024-07-09,115.92103576660156,117.9336531083449,115.7451754922995,117.57216047396915,1106000
2024-07-10,117.796875,119.00835276170224,116.8003384040986,119.00835276170224,794000
2024-07-11,119.95603942871094,120.18075267213308,117.75778978383384,118.64686321808664,1180400
2024-07-12,117.13251495361328,121.0600586432855,116.3997650440091,120.58132333552348,2130400
2024-07-15,116.29229736328125,117.96296630440385,115.65724593499169,117.12274579077479,2007300
2024-07-16,118.80318450927734,119.83880945590235,116.21413332359118,116.81010384967463,2312900
2024-07-17,118.03135681152344,119.2428420674594,117.41584955127048,117.49401133305689,1676000
2024-07-18,117.5233154296875,120.27845476898457,117.46469782265486,118.95950643332743,1242400
2024-07-19,117.43537902832031,118.61755540666907,116.6049306463217,118.138820113186,3151700
2024-07-22,120.14167785644531,120.21983963670948,117.51354576292402,118.61756041088202,1251900
2024-07-23,121.0209732055664,121.48015687037112,118.84226027649747,119.51639255325247,1060600
2024-07-24,121.17729949951172,121.76349796370098,119.46754963084089,120.600873121669,1024200
2024-07-25,121.97843170166016,124.33300495510152,121.01120392203282,121.41176999080074,1070700
2024-07-26,121.32383728027344,123.08243992819402,121.03073435431432,121.57785931917687,912900
2024-07-29,121.607177734375,122.37900854342679,120.59109695235432,121.31407478524528,570200
2024-07-30,122.08590698242188,123.2778480566893,121.30431153238523,121.91004670172802,507700
2024-07-31,121.94912719726562,123.4341637652669,121.41177427079803,123.062906486746,1282900
2024-08-01,123.5709457397461,126.1697614948259,123.02382074874188,124.03990149898698,1161100
2024-08-02,120.29798889160156,122.76980477430672,118.8618053728607,122.24222396064143,937700
2024-08-05,118.50031280517578,119.94626841025362,116.7124012891634,118.67617307648713,1282800
2024-08-06,113.4296875,114.95381242073661,108.97457031765701,110.26420989433092,2578000
2024-08-07,114.24059295654297,115.97965149992856,112.98026225338975,114.29921056239095,1633600
2024-08-08,116.3802261352539,116.5853952116106,113.95726320005197,115.05150572787178,1206600
2024-08-09,116.34114074707031,116.8491773754609,115.58884670893853,116.41930252187413,966900
2024-08-12,116.3704605102539,116.80034285824905,114.79749005027291,116.50723990208549,1158800
2024-08-13,116.54631042480469,116.63423683148083,115.29575183707408,115.88195024333316,1099800
2024-08-14,116.58539581298828,117.2399839343482,116.03827081929747,116.63424133394379,748200
2024-08-15,116.69286346435547,118.46123079237368,116.52676782630864,117.89456909531332,887700
2024-08-16,117.2986068725586,117.63079071817485,116.13598204769615,116.8784966128755,994900
2024-08-19,118.51008605957031,118.5589315802446,117.43538024989226,117.59170380545176,788400
2024-08-20,117.18135833740234,118.37329928542026,116.67331426746836,118.37329928542026,803700
2024-08-21,119.45777130126953,119.49685219069539,117.29860247443438,117.9531980549205,1011200
2024-08-22,120.17098236083984,120.23937205264461,119.1255928124429,119.51639424586325,733100
2024-08-23,120.21984100341797,121.37270118670905,119.94627476938334,120.49339978353488,434700
2024-08-26,119.9169692993164,120.6790280519511,119.18421935194954,120.6790280519511,637500
2024-08-27,119.4870834350586,120.04397304580208,118.82272324558241,119.82903188833666,687300
2024-08-28,119.78018951416016,119.9853586042825,118.88135137060006,119.4284689442596,516300
2024-08-29,119.36006927490234,120.73764263423486,119.10605468202236,120.63994414051815,745500
2024-08-30,120.5715560913086,120.6106295261935,118.98881363744414,119.68248264237064,1112300
2024-09-03,120.522705078125,121.04051381882635,118.62732293691555,119.42846253560617,887300
2024-09-04,122.32038879394531,122.85774173938255,120.19052863899452,121.02098454629171,837000
2024-09-05,119.7117919921875,122.49624011028936,118.38307158251128,122.33992400828373,895700
2024-09-06,118.21697998046875,120.76695014495587,117.83595064130789,119.79972239584885,630800
2024-09-09,119.7117919921875,120.80603452189656,118.558931855966,118.558931855966,785500
2024-09-10,118.95950317382812,119.72156186004212,118.26583417858419,119.72156186004212,930400
2024-09-11,120.0439682006836,120.17097549137007,116.70262321716619,118.85202725115062,712400
2024-09-12,118.27560424804688,120.01466285888341,117.6796337190859,119.92673644670111,1017700
2024-09-13,118.00203704833984,118.71525019655074,116.5658461205399,118.71525019655074,1217700
2024-09-16,118.2951431274414,119.29167969050994,117.58192996022932,118.70548127376861,708300
2024-09-17,120.85487365722656,120.91349871455891,118.85202851672692,118.85202851672692,826700
2024-09-18,120.55201721191406,122.2226861484843,120.21006873728,121.07959805302852,750300
2024-09-19,122.76004028320312,123.28762112950697,121.18706983049658,122.1249888503975,861200
2024-09-20,120.34683990478516,123.00428064709554,119.67270763376632,122.62325130797633,1864200
2024-09-23,122.62325286865234,122.88703954758557,120.85487807714088,121.12844429555702,883400
2024-09-24,125.15369415283203,125.51517934821216,123.00428988331248,123.10198838330933,882000
2024-09-25,124.13760375976562,125.07553021453202,122.76003778955317,125.07553021453202,869600
2024-09-26,124.78241729736328,126.30653462024786,124.26460858914824,125.17321125939326,895400
2024-09-27,125.96459197998047,126.75597443430793,125.12438636397039,125.60310678166584,842800
2024-09-30,128.37777709960938,128.56340946037227,125.87665981484301,125.87665981484301,1046700
2024-10-01,125.30999755859375,128.16283538092918,123.10198322627633,127.66457081564337,1501500
2024-10-02,122.79911804199219,125.78873530754308,122.39854451089937,124.40139725852825,1055700
2024-10-03,119.7508773803711,123.12152405198931,119.57501710030907,123.12152405198931,1014100
2024-10-04,117.66986083984375,121.138205732437,116.53653746947496,120.50315435793154,1123300
2024-10-07,117.11298370361328,117.89457917133231,116.19460138877758,117.2302189241163,957200
2024-10-08,118.61756134033203,119.97559060391325,117.54285548807262,117.95320111071607,1201500
2024-10-09,118.47100830078125,119.09628763170484,116.57562613609048,117.45492752455102,1626300
2024-10-10,118.57847595214844,119.14513020721627,117.88480694449441,118.21698331974392,1207500
2024-10-11,120.19052124023438,120.9330432316978,118.998587655042,119.00835228696306,743300
2024-10-14,119.28191375732422,119.77041370545759,117.87503897536415,118.11928894943082,940500
2024-10-15,118.55892944335938,120.97212024791307,118.37330454187489,119.63362777974986,1177400
2024-10-16,118.96926879882812,120.63994510660685,118.71525420391399,119.95604073727866,992800
2024-10-17,118.36353302001953,119.36006958478475,117.97273159022086,118.98881232613051,621300
2024-10-18,117.72847747802734,119.19397719767085,117.33767606200567,119.13535959413855,1192500
2024-10-21,117.4744644165039,118.47100847620736,116.40953811673195,117.24975861651423,886400
2024-10-22,117.43537902832031,117.67962899090327,116.243445472206,117.52331289088718,901500
2024-10-23,116.7514877319336,117.65032584854464,116.27275986933475,116.47792895330568,1278500
2024-10-24,116.82964324951172,118.22675332596425,116.42906973519695,118.22675332596425,827000
2024-10-25,117.08366394042969,117.84573012048122,116.67332577311417,117.34745808650229,601600
2024-10-28,117.3181381225586,118.27559375521841,117.19112337767324,117.56238807328647,771100
2024-10-29,116.86872863769531,118.04112551522493,116.42907421818353,116.86872863769531,739700
2024-10-30,116.80033111572266,118.0313455184468,116.1555076585573,116.1555076585573,724500
2024-10-31,116.26297760009766,117.50376408131639,115.92102915676313,116.25320551488323,2316700
2024-11-01,116.32160186767578,117.16182235024417,115.97965340475085,116.43884453521467,1247400
2024-11-04,117.62101745605469,118.12906157864325,116.62448083700436,116.62448083700436,1667900
2024-11-05,119.21351623535156,122.740486225612,116.26298002207784,122.32037599964444,2008600
2024-11-06,116.66355895996094,118.07043371501527,110.56707435702792,113.73255932721459,3120200
2024-11-07,117.23020935058594,118.53939301932644,116.9566505865284,117.72848135878635,1385400
2024-11-08,117.2986068725586,119.06698177927566,116.57562902586596,116.95665839465788,1230100
2024-11-11,116.79056549072266,117.63078597621772,115.98942589454334,117.63078597621772,936700
2024-11-12,116.01873016357422,117.2106711524078,115.52045816166964,117.2106711524078,1238800
2024-11-13,116.7514877319336,117.13251709558214,115.28598788592606,116.4095392586487,1090200
2024-11-14,118.17790985107422,119.09629216441004,116.66356444201297,117.04459381586126,1323600
2024-11-15,117.39630889892578,118.43192638418073,117.23998534059125,117.99227196680299,1096900
2024-11-18,117.5624008178711,118.57848161751939,116.93712147253642,117.05435669108807,1004500
2024-11-19,115.31529998779297,116.63424839613306,115.07105000647377,116.3704616960322,1438500
2024-11-20,116.19458770751953,116.41930094355475,115.09058060557206,115.6572348304247,851600
2024-11-21,117.92388153076172,118.23652119154409,116.22390384112745,116.26298473046494,1567400
2024-11-22,118.52962493896484,119.0767424855674,117.91411769903699,118.42215435603684,901900
2024-11-25,119.57501220703125,119.8876518639123,118.55893145868846,119.3796152166996,1879200
2024-11-26,118.85203552246094,119.85834419463174,118.16813114199559,119.85834419463174,899200
2024-11-27,118.46123504638672,119.80949219278271,118.2853747704292,119.44800700892156,660100
2024-11-29,118.8422622680664,119.19398281366603,118.03135059604965,118.65662990957844,427500
2024-12-02,119.39268493652344,119.69738107937626,117.71192935998204,118.63584887348044,653800
2024-12-03,119.00935363769531,120.41489880987112,118.74396684004869,119.91361846903234,848300
2024-12-04,119.1272964477539,119.26490163928106,117.35808362858164,117.88884972400948,1014600
2024-12-05,118.39012908935547,119.60892870850601,118.09526401937073,119.55978078071476,1027400
2024-12-06,117.2401351928711,119.38285428337187,117.08287532786623,119.23541800442187,974500
2024-12-09,118.5768814086914,119.11747861502975,117.15168149950249,117.6529543647389,871600
2024-12-10,119.02901458740234,119.77601959565727,117.60381466932893,118.73414951758764,820900
2024-12-11,118.34098052978516,120.79822677210245,118.28200152070366,120.70976200794041,1023400
2024-12-12,117.70210266113281,118.53756493806648,116.79783778489686,118.24269986916566,1119900
2024-12-13,116.48330688476562,117.82004948541923,116.17860324121325,117.38757173258405,858500
2024-12-16,115.76578521728516,116.78800056675485,115.74613054662558,116.22774871645055,938100
2024-12-17,113.93759155273438,115.88373386914945,113.86878895815467,114.8320327811909,1240100
2024-12-18,112.37479400634766,114.60597043488157,112.36496292106365,113.85896543063531,1033900
2024-12-19,110.81198120117188,112.98418611197125,110.56625656195583,112.31581479334676,1272200
2024-12-20,109.57353210449219,111.42137865275782,109.15088543401028,110.28121275139426,2367000
2024-12-23,108.61029052734375,109.45558388611278,108.0696933215307,109.10173980574802,912900
2024-12-24,109.28849029541016,109.32780713660478,108.1483243975284,108.62011899294309,289000
2024-12-26,109.36711120605469,110.0747993155972,108.62011375613343,108.75771894422,693300
2024-12-27,109.5145492553711,110.15343478123509,108.70857278396558,108.70857278396558,774500
2024-12-30,108.90516662597656,109.44575635040118,107.55859285986514,109.12139801639374,860800
2024-12-31,108.87567138671875,110.16327361371798,108.59063740024055,109.3966139283303,705300
2025-01-02,108.13849639892578,109.74062585292045,107.70602613128308,109.03293768906033,902500
2025-01-03,109.37694549560547,109.71113488997987,107.75516144686858,108.31541330018635,670800
2025-01-06,109.20985412597656,111.94231078594997,108.78720746641028,109.66198654103715,1078300
2025-01-07,109.4948959350586,111.04787738657451,108.85601040131641,110.1927529799731,944200
2025-01-08,110.95941162109375,111.0085595459082,108.40387700807229,109.80942217007217,986500
2025-01-10,107.22440338134766,110.86113265683994,106.50689161139702,110.08464187233419,2136500
2025-01-13,108.68892669677734,109.5637058324249,107.14577622726098,107.67654235994394,1219400
2025-01-14,109.33763122558594,110.34019193335793,108.91498455445083,109.101737676254,943600
2025-01-15,109.54403686523438,111.81453754177892,109.20985496849345,110.40899236064966,924800
2025-01-16,109.30813598632812,109.90770464217718,108.44318804786855,109.56369168363759,1107300
2025-01-17,108.46284484863281,109.44574332029948,108.31540857809877,109.40642648156239,1701700
2025-01-21,110.81198120117188,110.92010064234061,108.41371382168943,108.61029053349392,1344900
2025-01-22,110.39916229248047,111.1363361879962,109.87822727280998,110.45813380446711,626800
2025-01-23,112.34530639648438,112.71880514298688,110.43848082456361,111.15599256112378,682700
2025-01-24,111.05770111083984,112.50256312772608,110.78249072646543,112.11923330678735,728200
2025-01-27,113.34786224365234,113.83931152627292,111.6671065969605,111.6671065969605,870800
2025-01-28,112.2371826171875,113.35768631229084,111.92265539573604,113.35768631229084,768300
2025-01-29,112.34530639648438,113.96708299231636,111.69658975901496,111.95214547973814,887200
2025-01-30,111.79487609863281,112.60085258892244,109.63250234388133,110.73335139114644,743400
2025-01-31,111.63761901855469,113.16110727047145,110.89061402146032,111.82436464363767,1209500
2025-02-03,108.885498046875,110.33036008704039,107.9714021132349,110.25172640483206,1260900
2025-02-04,110.52693939208984,111.0282197543021,108.00089040839562,109.45558356776654,871200
2025-02-05,109.89788055419922,111.02821534614799,109.1115662416109,110.6153997696201,894000
2025-02-06,108.82653045654297,110.62523663254655,108.67909417181923,110.20258994909632,891300
2025-02-07,108.5021743774414,109.52438980740025,108.37440026079196,108.61029382188366,1061000
2025-02-10,110.57608032226562,110.87095286935981,108.46284706521158,109.15088050879125,819200
2025-02-11,110.46797180175781,110.7824990502353,109.45558745506219,109.82908621921635,705200
2025-02-12,109.14105224609375,110.37950647742193,109.04276389416117,109.5145509830058,1095800
2025-02-13,110.81198120117188,110.85129804331694,109.10173981192602,109.10173981192602,754300
2025-02-14,111.7064208984375,112.01111704707658,110.40899512178876,111.11668327249185,1635100
2025-02-18,116.01152038574219,117.95766291037492,110.28121975651817,117.0337358280934,2271400
2025-02-19,114.28160858154297,117.72175343046133,114.07520079047835,117.72175343046133,1371300
2025-02-20,115.25468444824219,115.69698578993984,113.57392885130207,113.95725868048557,1171500
2025-02-21,114.40939331054688,115.20553874050317,112.1978715616275,115.04827887112998,2811300
2025-02-24,114.55683135986328,115.92305977256916,112.84658244844015,114.1735015173873,1924800
2025-02-25,116.45382690429688,117.80039315781099,114.89101426471962,114.89101426471962,1813800
2025-02-26,115.39229583740234,117.05338935338789,115.28417639270894,116.36536334072181,1543000
2025-02-27,115.04827880859375,116.61108391083195,114.71408940061096,115.16622183582932,1338200
2025-02-28,115.35296630859375,116.50295573140875,114.51750409968338,115.12689635848092,2669200
2025-03-03,116.52262115478516,117.75124429012064,115.5102293921755,115.98202397566935,1426000
2025-03-04,116.10980224609375,117.09270078961111,115.29400215415414,116.11963333122674,1713600
2025-03-05,116.07048034667969,117.51534234251727,114.85168830552517,115.88373473081501,1462400
2025-03-06,118.6751708984375,118.93072662559533,116.17860763799665,116.33587500822328,1386700
2025-03-07,124.31700897216797,126.29263711078109,118.0264569007131,118.0264569007131,2609600
2025-03-10,120.06105041503906,126.94133225223656,119.39267915100224,124.47426247522264,2901800
2025-03-11,115.43161010742188,120.51319389903946,114.94016082392491,119.89397050144484,2505500
2025-03-12,115.09741973876953,116.08031829759578,114.01623282384483,114.91067411185874,1843200
2025-03-13,114.49784851074219,116.1294636821473,114.42904591308779,115.39228977916997,1538500
2025-03-14,113.18077087402344,115.13673691201325,112.05043602833933,114.93032911393682,1836700
2025-03-17,114.90084075927734,115.18588223558285,112.91538151023094,113.07264887602187,1316400
2025-03-18,115.1957015991211,117.02389341536205,114.37007045574542,114.78288602743325,1169000
2025-03-19,114.40939331054688,115.96237482730682,113.79999350678868,115.39229186562216,1113800
2025-03-20,113.6918716430664,114.84186112825743,113.16110553476577,113.76067424049867,1310900
2025-03-21,114.31110382080078,114.399561090398,112.19787044856908,112.57136919618088,3662100
2025-03-24,115.85425567626953,115.91322719006695,114.20298579965379,114.41922468213885,1331700
2025-03-25,116.29655456542969,116.44399084572268,115.33331069991337,115.92305582108537,1169800
2025-03-26,117.13201141357422,118.28200084870434,116.71919584695115,116.71919584695115,1855900
2025-03-27,118.22303009033203,118.58670523405179,116.59142248377077,117.3482510273903,942400
2025-03-28,117.68244934082031,118.31150382707074,117.03373268373149,117.89868072759559,967800
2025-03-31,118.19355010986328,118.89140717737742,117.34825676072315,117.64312932397512,1376700
2025-04-01,120.1495132446289,120.3067806076505,117.71192910915919,118.2820045528109,1058400
2025-04-02,119.80550384521484,120.17900259518206,118.48842338565613,119.74653233177813,1158600
2025-04-03,108.7675552368164,114.00639871734924,105.40603655553218,113.22008439047838,3901800
2025-04-04,107.11627960205078,110.01582711718676,105.33722825478011,106.96884333033262,2114600
2025-04-07,103.85305786132812,108.3743894072046,101.90691555519277,104.67868899192351,2185000
2025-04-08,101.08128356933594,106.50688778012675,99.9509562327653,105.32741251634832,1729600
2025-04-09,108.05004119873047,108.46285680258703,98.7518215318549,99.82317738456658,2348400
2025-04-10,106.4085922241211,108.02054514170288,103.47955143548862,107.52909589856404,1528700
2025-04-11,108.26628112792969,109.78976944222772,106.01544245821391,106.7624474858954,2297300
2025-04-14,110.13378143310547,110.66454003132546,108.72823625889646,109.60301533596495,1236900
2025-04-15,108.14832305908203,110.57608360562845,107.9714010253562,109.74062136261449,828200
2025-04-16,103.67613983154297,108.2957599045997,103.27314783636399,106.90986938333029,1480400
2025-04-17,104.8752670288086,105.5927862338698,103.98083329257878,104.5804019779405,1288300
2025-04-21,102.99794006347656,104.14792956845375,101.98555575573147,103.8628880887813,1229200
2025-04-22,105.27825927734375,105.45518130787603,103.21417392041415,103.78424935308885,1134000
2025-04-23,105.25860595703125,108.4628574465343,104.54109418877131,107.24406529980325,1505100
2025-04-24,109.08207702636719,109.49489258980232,105.16030667697245,105.30774294931938,1617800
2025-04-25,106.72312927246094,108.91498889940671,105.73039961015994,108.21713180972455,1327000
2025-04-28,106.83124542236328,108.30559324216328,105.88766371756176,107.11628690072844,1143100
2025-04-29,106.50688934326172,107.12611274099523,105.77954650322097,106.18253101633995,1125500
2025-04-30,108.0303726196289,108.22694931075353,105.08167725923911,106.18251872780911,1324000
2025-05-01,107.73551177978516,109.27866221929003,107.17525990044697,108.14832737531415,1108600
2025-05-02,110.66454315185547,111.55898442381027,108.89533027708582,109.2590054369335,987500
2025-05-05,109.85856628417969,110.58591660146597,108.6397741968524,109.67182066124033,1146700
2025-05-06,104.36416625976562,107.30303076601838,104.18724422433351,105.13082591366455,2507400
2025-05-07,106.14320373535156,108.11883176086133,104.40347674199715,105.34705837385788,3163200
2025-05-08,108.354736328125,109.34746598417358,106.50688971492535,107.45047144287332,1409300
2025-05-09,107.2342300415039,108.72824003322548,106.54620405776423,108.40388171278214,916000
2025-05-12,114.09486389160156,114.77305878237152,111.39189291682024,111.43120975814209,1809300
2025-05-13,113.33802795410156,114.86152368672269,112.8957266118158,114.86152368672269,1230700
2025-05-14,112.31581115722656,112.8367536745931,111.59829943334017,112.8367536745931,1237800
2025-05-15,113.0333251953125,113.11195887345012,111.60812539893972,112.1585461480624,936600
2025-05-16,116.30638885498047,116.41450829691287,113.49529836257982,113.73119191819555,3300500
2025-05-19,116.11962890625,116.30638202205633,115.00895629401131,115.07775888947884,1149400
2025-05-20,114.40939331054688,116.40467617752235,113.95726087508274,116.11963469668002,1170500
2025-05-21,111.52950286865234,113.57393371105803,111.36241191009869,113.1217937660336,1389000
2025-05-22,111.74573516845703,112.32564169593084,110.35984465540305,111.136335386282,1396700
2025-05-23,110.5367660522461,111.2837710230412,108.92481308821282,109.42609343035747,1102900
2025-05-27,112.32563781738281,112.93503757851558,110.77265640924858,111.61794970740162,1519500
2025-05-28,110.21240234375,112.50255757032605,110.09445932708456,112.2764951224372,1438300
2025-05-29,111.3329086303711,111.51966174307125,110.18291919714669,111.00855782794497,1565500
2025-05-30,110.80215454101562,111.7948766566859,110.28121202123576,111.3918921589898,2573300
2025-06-02,110.05989837646484,110.42607466477592,108.76344842269107,110.34690018884484,1446100
2025-06-03,110.60421752929688,111.02977091496479,108.94159122604711,109.5749719558095,859900
2025-06-04,110.41618347167969,111.41574053438339,110.01042746832098,110.87142541348184,738200
2025-06-05,110.00052642822266,110.6734944040555,109.68383606021273,110.66359570647877,941600
2025-06-06,111.19801330566406,111.6037693047157,110.26773203635959,111.01987449985032,1030000
2025-06-09,111.83139038085938,112.38559662499588,111.00997216151863,111.82149168350158,973700
2025-06-10,113.7414321899414,113.94925953322056,111.59387542556301,112.46477203794619,884800
2025-06-11,113.26639556884766,114.02843672952767,112.633014826474,114.02843672952767,1367100
2025-06-12,113.39505767822266,113.46433346199996,112.03922299515942,113.06846860448934,755900
2025-06-13,113.078369140625,114.28575357793841,112.18767508436969,112.61322849177532,1416200
2025-06-16,113.91957092285156,114.2362612862998,112.94970243763856,113.93936076722602,970900
2025-06-17,112.63301086425781,113.92946839642632,112.05901477763842,112.92001268281439,1092100
2025-06-18,111.91056823730469,113.41484560987227,111.83139375703955,112.82105210887175,1003900
2025-06-20,112.45487976074219,113.26639933580341,111.77202060826623,112.45487976074219,2809600
2025-06-23,113.20701599121094,113.27629177242983,111.57407823334432,112.66270088842411,909600
2025-06-24,112.97940063476562,113.82060872048804,112.51426000311486,113.82060872048804,919600
2025-06-25,111.11883544921875,112.75177319448443,110.74276800414596,112.50435861339854,978200
2025-06-26,112.42518615722656,112.59342626327215,110.77245853796805,111.7819067247355,1057700
2025-06-27,113.80081176757812,114.76078157697263,113.04867685651139,113.04867685651139,1967300
2025-06-30,113.06846618652344,113.89977557407346,111.73242892767863,113.77112270709377,1208200
2025-07-01,116.75989532470703,118.48189873764392,112.47467286187835,112.66270281383225,1210200
2025-07-02,117.83861541748047,118.18499431807984,116.21557638282022,117.16564746039009,923600
2025-07-03,117.15575408935547,118.6006543907552,116.85886111126993,118.25427547440836,616700
2025-07-07,114.96861267089844,117.50214326857726,114.68161083344484,117.11616955231642,825500
2025-07-08,116.1067123413086,116.85885476919495,114.80036367734476,115.06756809816964,657800
2025-07-09,116.05723571777344,116.96772717216164,115.62179116184268,116.28486046899405,1141100
2025-07-10,118.01676177978516,120.43153064242277,116.16609789155945,116.64113723603516,1196000
2025-07-11,114.56285095214844,116.70050902908876,114.17688480561068,116.41350720593358,1486600
2025-07-14,113.7909164428711,114.46388439945724,112.8210479714258,114.2461583619597,1084300
2025-07-15,112.1579818725586,114.39460429234514,112.11839463276229,114.02843553759374,970900
2025-07-16,111.76212310791016,112.8408471367183,110.86153034213952,112.45488096581498,1172700
2025-07-17,112.74187469482422,113.36536427257016,111.77201376354313,111.87097808605229,1121400
2025-07-18,110.51514434814453,113.20701622476403,109.79269799258486,113.20701622476403,1809900
2025-07-21,111.37615203857422,112.24704867170801,110.40628352966887,110.8219457766249,1382600
2025-07-22,113.14764404296875,113.65236437883135,111.47511896985148,111.47511896985148,923800
2025-07-23,114.23626708984375,115.14675098720099,113.59298763283262,114.02843973613139,803400
2025-07-24,115.63167572021484,115.70095905182923,113.84039655803106,114.1174996825132,1059800
2025-07-25,115.49312591552734,116.47289311406267,115.05768137778338,116.42340717658328,912500
2025-07-28,114.16698455810547,115.40405745982689,113.87008404149482,114.7904665823953,1013800
2025-07-29,113.27629089355469,114.41439947660082,112.35590834993401,114.0383320315438,1501300
2025-07-30,110.21825408935547,113.06846744327055,109.41662568474337,112.92001717941689,1531800
2025-07-31,115.03787994384766,115.71084789727338,109.33745350947017,110.65369332458016,2368900
2025-08-01,113.4643325805664,115.06757429281328,112.07880936528962,115.04778444781385,1587500
2025-08-04,115.68116760253906,115.8098204739484,112.82105548421559,113.11795601884543,1966600
2025-08-05,115.1071548461914,116.75988995115692,112.69239372035915,114.03832961695126,2125900
2025-08-06,117.50214385986328,118.02666159800631,114.42430566572791,115.8395174641583,1483900
2025-08-07,116.84896087646484,118.47199996356376,116.02754263529451,118.47199996356376,1123800
2025-08-08,115.9087905883789,117.6604825746507,115.76034032332336,117.25472657069263,884900
2025-08-11,115.76033782958984,116.7400974770596,114.157088592417,115.85930215399692,1314000
2025-08-12,119.4715576171875,119.48145631485872,116.21558072880576,116.75989584331259,1180800
2025-08-13,120.98573303222656,121.13418329451214,119.24393222576334,119.68928301262008,1202100
2025-08-14,118.63035583496094,120.21380777432275,118.59076859266509,120.21380777432275,1186800
2025-08-15,118.62044525146484,118.89754836927672,117.87820152140003,118.67982233371205,1171200
2025-08-18,118.7688980102539,119.25382847664306,118.13551728462494,118.14540843154545,645700
2025-08-19,120.14452362060547,120.98573169694764,118.97672648093828,119.45175825441659,814700
2025-08-20,118.05634307861328,120.56017744515546,118.04644438117612,119.76844776104608,1375600
2025-08-21,117.1854476928711,118.12562009590808,116.92813441026861,117.26461462171547,859800
2025-08-22,118.77879333496094,120.21380249076071,117.31410318686183,117.71985918919549,1045300
2025-08-25,119.10538482666016,119.20434915481371,117.7792462183153,118.481902763848,1028700
2025-08-26,120.34245300292969,120.74821654781104,118.6501381423995,118.90745142572685,2373200
2025-08-27,121.06490325927734,121.14407773644753,119.73875719340488,119.97628062491542,1231500
2025-08-28,120.02576446533203,121.2331488703237,118.87776469616384,121.12428584689042,811500
2025-08-29,119.29341888427734,120.85708089554628,118.99651835791194,120.06535119223456,895900
2025-09-02,119.60020446777344,119.62989300879943,118.04644123329952,118.1454055535507,1342500
2025-09-03,119.15486145019531,120.19399814030693,118.40271902414285,119.56061742905024,1161300
2025-09-04,120.38204193115234,120.45131771411666,118.14541193038515,119.61010962083736,755600
2025-09-05,119.65959167480469,121.85662681342752,119.23403829312448,120.65914114648879,1061600
2025-09-08,120.46121978759766,120.62945990086942,118.53138140723486,119.62990281823518,1750100
2025-09-09,119.70907592773438,120.48100825082561,119.25383398207786,120.04556370091174,1010000
2025-09-10,120.08514404296875,120.74822089504988,118.53138069048454,119.06579712102291,1398000
2025-09-11,122.07435607910156,122.69784567251376,119.55073181448543,120.02576359466292,1056600
2025-09-12,122.23270416259766,122.74732317918041,121.19355988136144,121.5102502493725,1058900
2025-09-15,122.89576721191406,123.81614972706154,122.0050732374982,122.58897555702943,816200
2025-09-16,123.50936126708984,124.2713948507228,122.84628445479295,123.0343219516153,817200
2025-09-17,123.65780639648438,125.84495796937733,122.79680847415851,123.60832800984727,1121500
2025-09-18,122.76712036132812,124.6771612636573,121.60921436266153,123.8458443300119,1329800
2025-09-19,118.9074478149414,121.7972482767317,117.95737674053748,120.82737980779164,3417700
2025-09-22,118.244384765625,119.15486864925411,117.61099646560679,118.90745405801832,1374500
2025-09-23,119.87731170654297,120.25338670711956,118.2146853974768,118.2146853974768,929700
2025-09-24,119.72887420654297,121.13418729486858,119.27362470703456,119.7486640519374,1151800
2025-09-25,119.97628021240234,120.29297056950047,118.96682450818767,119.38247918616139,818800
2025-09-26,120.57997131347656,121.5795283741603,119.70907467228815,120.26328093936313,910200
2025-09-29,121.49046325683594,121.86653071814831,119.53093636780082,121.29252705312354,1131200
2025-09-30,121.32221221923828,121.45087263569381,119.6892819994023,120.9857320080338,1502800
2025-10-01,120.27317810058594,121.45087395356876,119.86742210323094,121.08469764578994,1182800
2025-10-02,121.787353515625,122.07435534172504,120.19400297618672,120.20390167377471,725200
2025-10-03,122.24259948730469,124.01408888938928,121.79725623755188,121.79725623755188,753800
2025-10-06,122.39104461669922,122.76711961674354,121.5003506040862,121.99517977214965,783100
2025-10-07,121.01542663574219,122.86609054191446,120.81749797807954,122.40094989086353,814800
2025-10-08,119.5012435913086,121.03521702613577,118.20479359252158,120.84717952689411,1385700
2025-10-09,115.0180892944336,119.10537537161507,114.87953773591855,118.61054621963454,1456300
2025-10-10,111.96004486083984,116.01765007982573,111.7819060582966,115.0477815880916,1707200
2025-10-13,112.7913589477539,113.30597794741638,111.89076626022742,112.2470438563375,920100
2025-10-14,116.17598724365234,116.85885388687315,111.99962800918901,112.71218319333356,1511300
2025-10-15,116.13640594482422,116.91823694793837,115.56240228929829,116.46299501267457,1085000
2025-10-16,117.027099609375,118.25427384632019,115.66137380779861,117.7594446724962,882000
2025-10-17,118.67982482910156,119.0064138893155,116.74999411055343,116.91823421412043,755100
2025-10-20,119.19445037841797,120.04555713695385,118.79858554064649,118.87776001829954,633100
2025-10-21,119.77835083007812,120.65914617178724,118.92724403127022,119.02620835777238,523800
2025-10-22,117.38337707519531,120.13462607021731,117.25472420833604,119.21424350600907,1032100
2025-10-23,117.24481964111328,117.72975009245314,115.63167178486013,116.50257591844277,770200
2025-10-24,116.5916519165039,118.03655225249268,116.44320919915465,118.03655225249268,604400
2025-10-27,118.41262817382812,118.53138234861287,116.47289863056935,117.50214426483826,932000
2025-10-28,118.16520690917969,120.01586316644718,117.97716940905325,119.08558946430786,881700
2025-10-29,116.35413360595703,118.54127768532453,116.23537188404556,118.24438470628705,873500
2025-10-30,118.9470443725586,120.44142310588539,117.3536937597845,117.86831280063655,1225400
2025-10-31,120.63935852050781,121.52015387823418,117.70997060990749,118.11572662109319,1580700
2025-11-03,121.19355773925781,122.80669809303714,119.68928040541694,120.4711113892959,2459600
2025-11-04,134.32632446289062,134.77166770299672,126.77524147352374,128.54672328674158,4911700
2025-11-05,136.49366760253906,139.26471379530778,131.89176265991352,132.78244906784528,3413500
2025-11-06,133.14862060546875,136.7905709901632,132.57463208220025,136.57284495679076,2076400
2025-11-07,136.0087432861328,136.05822922510174,132.77257127120592,133.59398953492698,1673000
2025-11-10,138.9876251220703,140.32365487273458,135.46444371002391,135.72174945213246,2034500
2025-11-11,138.06723022460938,139.16575159120117,136.30563957922615,138.94802554730097,1309000
2025-11-12,139.22512817382812,140.62055005897966,137.56250940929783,138.55216775037192,1608400
2025-11-13,137.00831604003906,139.08658969116283,136.1077232407241,138.70062350588347,1451900
2025-11-14,136.98851013183594,138.62145550732222,135.88009758677012,136.87964710680353,1036500
2025-11-17,140.7591094970703,141.2737360914948,137.65158273629518,139.0074250080873,2676800
2025-11-18,138.46310424804688,141.54094234004327,137.30520578334566,140.12572303808307,1260900
2025-11-19,137.69117736816406,139.49234779506662,137.48334246071943,138.97772120124216,1138800
2025-11-20,136.8697509765625,139.62099994432364,136.7905764975133,139.0568874439686,983700
2025-11-21,141.72897338867188,142.34255670928815,137.72085420819116,138.05733440975575,1691500
2025-11-24,142.76809692382812,144.7573197157574,141.39247252938807,141.97638238678763,2414900
2025-11-25,146.0537872314453,146.84551696485255,143.50046676922597,143.520264165333,1379600
2025-11-26,145.8360595703125,146.41006324318326,144.98495275895078,145.21256995821366,1318500
2025-11-28,145.3808135986328,145.9746146818018,145.1433052461563,145.9746146818018,507900
2025-12-01,145.69915771484375,147.11187564917782,144.33618647000165,144.7341296248209,1177700
2025-12-02,145.72900390625,146.34583553608337,144.18694760250418,146.0871588207938,887600
2025-12-03,147.33074951171875,147.89783444912874,144.8236803015983,145.7986516610896,1133800
2025-12-04,149.72840881347656,150.4845069411545,147.19147924929578,147.19147924929578,1885800
2025-12-05,150.6934356689453,150.8924072607525,148.4748728182044,149.52943591728592,1599100
2025-12-08,147.2909698486328,150.12634915918065,146.8432799764999,150.05671593401115,1492800
2025-12-09,146.9527130126953,148.38531753216446,146.86316289602442,147.3506561824547,850000
2025-12-10,150.5740509033203,150.59393743546937,146.60450173910488,147.2412199207289,1770700
2025-12-11,152.23548889160156,153.051276955139,148.823066200176,150.22584094103908,1370800
2025-12-12,150.98193359375,153.6879895936441,150.4049053840092,152.86224311318185,1316800
2025-12-15,150.7929229736328,154.24511866268645,150.3253314024363,151.10133120557973,1210600
2025-12-16,149.2110595703125,153.4591718520404,148.7733129883282,151.06152409743626,1041800
2025-12-17,148.9822540283203,149.95722546355833,148.23609916674275,148.69374749462318,1689200
2025-12-18,149.94728088378906,151.05159067647435,148.9225627639754,150.1561957420877,1393600
2025-12-19,152.08624267578125,152.5339477056215,149.15137012986898,149.23096179782817,3041100
2025-12-22,152.23548889160156,152.68317875895642,150.78296745868593,151.73805233219414,1191900
2025-12-23,150.87249755859375,152.56379395079787,150.71332940191172,152.23548401044857,915700
2025-12-24,150.782958984375,151.33014220508215,150.11639585389835,150.46460749813698,458000
2025-12-26,151.45948791503906,151.64850105449872,150.4447130910522,150.47455806994367,459600
2025-12-29,150.2855224609375,151.87732543388714,150.1163958619023,151.61864872196185,789400
2025-12-30,149.350341796875,150.09649660630072,148.9225536594723,149.72839842476273,666500
2025-12-31,148.24603271484375,149.8179340085204,148.20624447094747,149.31055420091076,683100
2026-01-02,151.08143615722656,151.19087281021808,147.99732334059996,148.37537999285416,845200
2026-01-05,153.6083984375,153.90686339947257,149.86768109837828,150.55414595674765,1325100
2026-01-06,156.69252014160156,157.08052006044412,153.91683074996791,153.91683074996791,1010200
2026-01-07,156.0955810546875,156.3244127943722,153.48901842825651,156.1154827669554,1440300
2026-01-08,157.33917236328125,158.0952856236442,155.14051134594658,155.32953966103733,1200500
2026-01-09,158.0753936767578,159.3687318036191,156.3045206900226,158.66236518999443,1394900
2026-01-12,160.2939453125,160.57250855962235,156.69250963144793,157.41876272711988,1081900
2026-01-13,159.8661651611328,161.00031991836846,159.34882688468312,160.43323494947103,965300
2026-01-14,161.38832092285156,161.61713749298866,158.84144813010673,159.87610950944958,1184500
2026-01-15,162.92041015625,163.63671998847252,161.01025566384274,162.89056517828726,1953200
2026-01-16,161.5773468017578,163.4377546753763,161.3485150545246,162.70154310276325,3831700
2026-01-20,158.30419921875,160.9804102258562,157.56800285702843,160.5028753992586,1527900
2026-01-21,161.67681884765625,162.3533404362892,159.34881948261162,159.7766228011186,891200
2026-01-22,159.97560119628906,163.2686288041545,159.82636111952058,162.41303731124958,875900
2026-01-23,158.3937530517578,159.72687936344474,157.85651307623343,159.4085126845327,1127100
2026-01-26,158.025634765625,159.38862119404726,157.38891660816756,158.7717895679841,857500
2026-01-27,157.56800842285156,158.85138805859026,156.602980289237,158.0654449791247,1241000
2026-01-28,159.2493438720703,160.3536384360476,156.55323110062446,157.03076593647393,1648200
2026-01-29,160.67201232910156,162.70154685802302,159.78657584051652,160.57251894274214,1359600
2026-01-30,159.7169189453125,160.47303220811565,158.21466604670712,158.9906658412777,2559000
2026-02-02,162.7115020751953,163.07960027241157,159.79651593499145,159.79651593499145,1327400
2026-02-03,161.38832092285156,166.33284161054732,160.36360280984186,163.04975723404746,1971300
2026-02-04,164.07447814941406,164.42268982429297,161.17939363829026,161.65694368050583,1829500
2026-02-05,162.94032287597656,164.2834076972666,162.13447805542634,163.31837952978907,1384500
2026-02-06,164.19384765625,164.58184755309287,162.41303150934522,162.6617497811819,1683400
2026-02-09,162.80104064941406,165.1489418760795,162.25385738419467,164.51222367124953,994900
2026-02-10,160.8809356689453,163.6466816723029,160.72175232962257,162.81097673113797,1228200
2026-02-11,161.0600128173828,163.81581567925676,161.04011110392855,161.9951960024594,1245700
2026-02-12,139.83935546875,162.91046425539582,128.925596740524,162.10461950231954,7156500
2026-02-13,145.74891662597656,147.09200145209164,138.30726970682468,139.7995794333705,3059400
2026-02-17,146.40553283691406,147.5396875931103,145.53003962842604,145.53003962842604,1284600
2026-02-18,148.81312561035156,148.8927172829553,146.00757607816837,146.2463510959795,1601400
2026-02-19,149.9273681640625,150.3054247873094,147.53967887543365,147.68890376326362,1153500
2026-02-20,155.49867248535156,155.87671395009988,148.86287056276768,149.3205036991891,2547100
2026-02-23,148.8628692626953,154.5236997238241,148.08686944635855,153.9267697817686,1733700
2026-02-24,138.1182403564453,146.36573203796806,134.72571929321913,142.49567611634012,3193300
2026-02-25,141.14263916015625,141.9186389489821,137.62079513245115,137.99885176105397,2242800
2026-02-26,143.97804260253906,145.1221406458232,141.37147982324782,141.85895794821056,1610700
2026-02-27,144.28643798828125,145.5897192617678,139.43145262088876,142.42603023274467,2158200
2026-03-02,144.8833770751953,147.1118831446201,143.38110895101087,144.25660215289005,1578000
2026-03-03,147.281005859375,147.75855587353445,141.97834563793757,142.07782383880178,1611000
2026-03-04,146.0971221923828,148.20624832660081,145.06244565746005,146.63434699203043,1018600
2026-03-05,145.96778869628906,146.2264502483629,143.8089157985205,144.71425400161812,1375000
2026-03-06,146.10707092285156,146.12697263634104,142.57526821616577,143.2915780961917,1790000
2026-03-09,144.49537658691406,146.0971229081703,141.44110883932402,145.5598829253316,2174400
2026-03-10,140.64520263671875,144.3859351377279,140.28704772025102,144.23669506720725,1987500
2026-03-11,140.08807373046875,141.47094668237935,139.04345397702647,140.59546870872947,1301200
2026-03-12,141.50079345703125,143.16222967355358,137.87945606484686,138.64551258450848,1744000
2026-03-13,141.8191680908203,144.25660422962278,140.87404165094497,142.3365063703383,1176700
2026-03-16,142.05792236328125,144.10737368787593,141.97834587468066,142.7642889392208,931500
2026-03-17,142.42604064941406,144.24666029534163,140.9237725105593,143.36122381863404,809300
2026-03-18,143.8785400390625,143.94818844136313,141.96838554623682,142.09772390447597,855100
2026-03-19,146.48512268066406,147.74860060466793,142.40613684353815,143.29157330723362,1312700
2026-03-20,145.5996856689453,146.6442902896267,144.11731927057127,146.03741708552016,1702200
2026-03-23,139.8194580078125,146.30603483387003,139.67023311587567,145.71906335150695,2116100
2026-03-24,141.2421417236328,142.86378980906542,140.22736686436045,140.814338377048,1028000
2026-03-25,142.4459228515625,143.58009275635288,141.08295156540098,142.3165996716328,949600
2026-03-26,141.92860412597656,143.68951863305705,140.30695606907588,140.30695606907588,721300
2026-03-27,140.49598693847656,142.1773249846555,139.9587469383477,141.09291689849542,763900
2026-03-30,140.754638671875,142.95331485131064,140.30694882337335,142.22706175571648,796900
2026-03-31,142.49566650390625,144.60480774897502,141.18244193674872,142.47577997237727,1228300
2026-04-01,143.57012939453125,145.49024230137422,141.60028497894956,141.91863646544525,917000
2026-04-02,145.06243896484375,146.5050018708548,142.55535459418454,142.84387628372167,788600
2026-04-06,144.7241973876953,144.84357730712665,143.52039420471144,144.12726742941976,657800
2026-04-07,143.78900146484375,146.75371891901509,143.58008662434796,144.79381778567333,1008300
2026-04-08,145.8682861328125,146.20655451723925,142.97321700721727,144.24665333518124,1102900
2026-04-09,144.0874786376953,147.1218447497506,142.7046055807992,145.7190699795048,1357100
2026-04-10,142.3265380859375,145.5300305659892,142.01812986503234,144.0874676595138,947000
2026-04-13,143.14234924316406,143.80891241133716,141.49085622201684,142.80408084542324,1077500
2026-04-14,144.1670684814453,144.36604007073976,141.68982893013597,142.78419544209413,925900
2026-04-15,143.28163146972656,144.36603953080075,142.7046032365394,143.49054632450864,823500
2026-04-16,146.25628662109375,146.91290649990037,142.17731608482654,142.96325914177976,1324600
2026-04-17,146.54481506347656,147.52972974647324,145.1818285527975,145.539983486767,1258900
2026-04-20,148.54449462890625,148.62408629562464,144.25659415565173,145.5897204169286,920800
2026-04-21,150.2059326171875,151.00183411332168,147.81824330934342,148.82305965012077,1050600
2026-04-22,147.67897033691406,151.14112459026427,147.65906862369133,150.90234957326936,760400
2026-04-23,148.9822540283203,149.8676905235033,147.0223527107985,148.5743523939903,787100
2026-04-24,146.803466796875,148.59424134699026,146.1070586886519,148.17639648205642,772400
2026-04-27,147.34071350097656,148.643994844752,146.72388185067572,147.07209351101585,931300
2026-04-28,146.62440490722656,148.43506608709075,145.98768671928238,148.35547441602785,985500
2026-04-29,148.02716064453125,148.3057390763399,146.16675282070617,146.6244011223647,1077600
2026-04-30,147.1317901611328,150.0268746830655,146.38563529551467,150.0268746830655,1287100
2026-05-01,146.47515869140625,148.73352482390416,145.9876805998485,147.82818668164202,706600
2026-05-04,138.9937286376953,142.46582607004606,135.4320810883743,142.25691121841956,2577000
2026-05-05,152.29518127441406,152.71302616930137,143.16223800440474,148.13660367767187,1947900
2026-05-06,150.46461486816406,155.299698797916,148.99219173294685,153.1507692334576,1388200
2026-05-07,151.08143615722656,152.90205583123472,150.22584464671823,152.1559009737179,1095000
2026-05-08,155.8866729736328,156.1851379483714,152.4344620024055,152.4344620024055,1054200
2026-05-11,154.7425537109375,156.19507510151846,153.16070914146002,155.60810362185956,774000
2026-05-12,153.63824462890625,154.53363952189483,150.71333048404128,153.65814634134387,1124500
2026-05-13,155.00123596191406,155.57826419627028,152.88215134719061,154.30482781029764,792800
2026-05-14,152.8224639892578,155.87671664209466,148.37537982892607,155.2399984382728,1078600
2026-05-15,154.65301513671875,156.09557804689595,152.9716772256031,153.68798704786016,859000
2026-05-18,155.9662628173828,156.5034876211676,153.737741570091,155.1703612875958,651200
2026-05-19,156.79200744628906,157.02082400992063,153.32983811031113,155.28973934193166,788800
2026-05-20,157.6077880859375,159.0801959617747,155.07085875097226,156.92132324677016,1292100
2026-05-21,156.3841094970703,157.508320990049,154.32471483441657,156.8118976556549,695100
2026-05-22,157.66748046875,159.04041016822885,155.5782561223239,156.65272086358235,1261900
2026-05-26,159.8760986328125,160.81128174352378,157.75702932550618,157.8963109474914,747000
2026-05-27,160.68194580078125,162.26380553633766,159.5975377861393,161.00031247327712,710400
2026-05-28,158.14503479003906,161.0102589976976,157.9957947165768,159.37866771953136,917300
2026-05-29,157.1800079345703,159.45826067442508,156.79200802933536,157.88635934075143,2131600
2026-06-01,160.02999877929688,160.41000366210938,156.2899932861328,156.8000030517578,1315500
2026-06-02,157.8699951171875,160.4600067138672,156.82000732421875,160.4199981689453,1114300
2026-06-03,158.6999969482422,160.00999450683594,157.6300048828125,157.82000732421875,864400
2026-06-04,160.1300048828125,163.0,159.07000732421875,160.86000061035156,2184300
2026-06-05,160.44000244140625,162.0,159.94000244140625,160.27000427246094,1611300
2026-06-08,163.44000244140625,164.10000610351562,160.47000122070312,160.49000549316406,1901900
2026-06-09,166.33999633789062,167.0,162.63999938964844,165.0,1857900
2026-06-10,164.7100067138672,165.41000366210938,162.0,165.19000244140625,1717300
2026-06-11,166.44000244140625,168.2100067138672,165.3000030517578,165.92999267578125,1352200
2026-06-12,166.6199951171875,168.52000427246094,165.2899932861328,168.24000549316406,866000
2026-06-15,163.22999572753906,166.25999450683594,163.0,165.5800018310547,1718000
2026-06-16,164.02000427246094,165.47999572753906,163.35000610351562,163.72999572753906,1095900
2026-06-17,160.61000061035156,164.02999877929688,159.97000122070312,163.1699981689453,1466900
2026-06-18,161.32000732421875,162.99000549316406,160.10000610351562,161.4600067138672,2583800
2026-06-22,163.14999389648438,164.9499969482422,162.1699981689453,162.7899932861328,1472000
2026-06-23,161.33999633789062,164.44000244140625,160.82000732421875,164.0,974700
2026-06-24,160.16000366210938,162.24000549316406,158.9600067138672,161.57000732421875,1259500
2026-06-25,161.6699981689453,164.0,159.75,160.36000061035156,851300
2026-06-26,160.72999572753906,162.49000549316406,160.0,161.7100067138672,1030500
2026-06-29,161.97000122070312,163.0,159.6699981689453,160.00999450683594,951500
2026-06-30,162.97999572753906,163.77999877929688,161.02999877929688,162.0399932861328,1038400
2026-07-01,166.80999755859375,167.64999389648438,163.2100067138672,164.02000427246094,1557800
2026-07-02,167.57000732421875,168.1199951171875,166.14999389648438,167.80999755859375,947500
2026-07-06,165.6999969482422,167.91000366210938,164.1999969482422,167.88999938964844,880100
2026-07-07,165.74000549316406,167.91000366210938,165.39999389648438,167.3699951171875,786000
2026-07-08,164.36000061035156,166.52000427246094,163.2100067138672,166.2899932861328,760100
2026-07-09,170.6199951171875,170.64999389648438,164.67999267578125,164.94000244140625,1666000
2026-07-10,172.02000427246094,172.17999267578125,170.14999389648438,171.1199951171875,1213200
2026-07-13,175.5,177.11000061035156,172.8000030517578,174.0,1760900
2026-07-14,178.22000122070312,178.63999938964844,174.63999938964844,175.36000061035156,1771800
2026-07-15,177.6999969482422,179.4499969482422,176.75999450683594,178.57000732421875,1068900
2026-07-16,181.9600067138672,182.58999633789062,178.86000061035156,179.64999389648438,1071700
2026-07-17,182.8000030517578,183.52000427246094,180.44000244140625,180.44000244140625,2731200
2026-07-20,177.3699951171875,182.0,177.05999755859375,181.92999267578125,1521000
2026-07-21,178.5800018310547,181.17999267578125,178.14999389648438,179.88999938964844,1622200
2026-07-22,177.4499969482422,178.88999938964844,176.11000061035156,178.88999938964844,1093100
2026-07-23,176.17999267578125,179.63999938964844,175.75,178.16000366210938,783900
