Date,Close,High,Low,Open,Volume
2018-06-01,7.7535810470581055,7.793309323304054,7.687367463801367,7.727095740047315,35406200
2018-06-04,7.773443698883057,7.806550485526022,7.740336912240091,7.773443698883056,25141300
2018-06-05,7.833035469055176,7.8595207709973804,7.733715744636759,7.773443381820362,31036700
2018-06-06,7.925738334655762,7.9456021632551765,7.826417928739237,7.859524730711412,31110500
2018-06-07,7.965460777282715,8.044916671124469,7.919111663739853,7.925733146091494,47314100
2018-06-08,8.011812210083008,8.025054546116657,7.945598635536426,7.97208393906317,28371900
2018-06-11,7.965460777282715,8.044916671124469,7.958839926390386,8.011810522284888,30398100
2018-06-12,8.018431663513184,8.04491696241943,7.9654610657006915,7.991946364606938,51395400
2018-06-13,7.958842754364014,8.011813369080285,7.9191144775970415,8.011813369080285,28406700
2018-06-14,7.872764587402344,7.952220501804602,7.839657798536534,7.945599017739545,34523000
2018-06-15,7.866142272949219,7.965461997602501,7.813171668939546,7.839656970944382,56326800
2018-06-18,7.9389777183532715,7.97208450798922,7.819794159707139,7.826415012466737,32706500
2018-06-19,7.872764587402344,7.872764587402344,7.727095095268465,7.826414830406419,40064800
2018-06-20,7.859519958496094,7.978704120644703,7.833034659291886,7.925733522236286,31964800
2018-06-21,7.7535810470581055,7.8330369680904735,7.707231917654106,7.813173145697264,33316700
2018-06-22,7.713851451873779,7.859520931255864,7.693987632876947,7.780065023809115,36703500
2018-06-25,7.614531993865967,7.727094691248567,7.535076083618151,7.700609387832628,36101900
2018-06-26,7.627775192260742,7.700609620995024,7.607910740502741,7.654260496478614,36627700
2018-06-27,7.561561584472656,7.707231072793591,7.548318616689181,7.641017496795132,27242000
2018-06-28,7.468862056732178,7.54831796216493,7.382784667981845,7.528454143671593,43836400
2018-06-29,7.329813480377197,7.528453543862678,7.303328180676424,7.495346761371873,44718500
2018-07-02,7.3496785163879395,7.356299368247985,7.223872859156007,7.296707912751149,37892800
2018-07-03,7.2768425941467285,7.382783788773975,7.243735812960883,7.349677639047457,16544800
2018-07-05,7.316572666168213,7.376164760739185,7.29670884513105,7.3496794555364735,32008500
2018-07-06,7.32319450378418,7.349679810265191,7.23049561537088,7.309951534813916,25646700
2018-07-09,7.415891647338867,7.455619916825463,7.303328953829504,7.349678706807103,23916800
2018-07-10,7.4489970207214355,7.455618502956753,7.396026425757493,7.4158902410041465,21231500
2018-07-11,7.329813480377197,7.396027045358809,7.316571146256488,7.382784079778745,30030100
2018-07-12,7.316572666168213,7.376164760739185,7.283465876799952,7.3496794555364735,27025200
2018-07-13,7.270222187042236,7.3165719401422935,7.223873065401603,7.296708121076225,36561500
2018-07-16,7.184145927429199,7.263601840684611,7.124553834622772,7.250358872745642,46156800
2018-07-17,7.190765857696533,7.217251158718165,7.151038221893779,7.151038221893779,37584300
2018-07-18,7.197389602661133,7.217253426804895,7.157661954373608,7.1841472637184856,36420000
2018-07-19,7.164280891418457,7.217251495936717,7.131174737189107,7.210630643966495,40308800
2018-07-20,7.090422630310059,7.197853169501094,7.0568504267287295,7.170995534703335,41531200
2018-07-23,7.029993534088135,7.097137308002645,6.996421326962584,7.090423378846808,34942000
2018-07-24,7.097139835357666,7.211284996030698,7.050139112846471,7.05685368473002,47303000
2018-07-25,7.063564777374268,7.097136339582312,6.794987797354391,6.9292759671960775,92497700
2018-07-26,6.640557765960693,6.821846668027984,6.606985557329975,6.808418168777668,103893000
2018-07-27,6.667415142059326,6.747988055395993,6.653986003001584,6.687558210309344,46171100
2018-07-30,6.761416435241699,6.781560143474156,6.667415024836564,6.687558092732439,35877000
2018-07-31,6.74127197265625,6.788272668134929,6.714414340906084,6.788272668134929,38026900
2018-08-01,6.647272109985352,6.7681318124589005,6.593556828960809,6.7547033123710944,44126700
2018-08-02,6.660699844360352,6.700985976456173,6.606984574674907,6.647270706770729,40318900
2018-08-03,6.74127197265625,6.7547011086995585,6.6674136454274056,6.6674136454274056,25925100
2018-08-06,6.734559059143066,6.74798819848557,6.694272921788771,6.714415990465918,22247900
2018-08-07,6.768130779266357,6.781559917640791,6.727844644816182,6.7412731428540535,27961200
2018-08-08,6.747987747192383,6.781559952966785,6.741273177970189,6.747987747192383,22600900
2018-08-09,6.653985977172852,6.761416527871396,6.647271407670044,6.7547025987051805,35682600
2018-08-10,6.539840221405029,6.6539853305133265,6.52641172404104,6.6539853305133265,39180500
2018-08-13,6.351837158203125,6.54655518422296,6.324979521522339,6.539840614968622,66586200
2018-08-14,6.378695011138916,6.459267923912911,6.345122804065603,6.385409580620896,37657400
2018-08-15,6.345123291015625,6.378695500665403,6.27797951205271,6.351837861012909,36298600
2018-08-16,6.385408878326416,6.445838716344729,6.371979740839449,6.378694309582932,28857700
2018-08-17,6.412265777587891,6.4458379771186385,6.3518359464998335,6.398836641641013,32742900
2018-08-20,6.526412010192871,6.539840508145636,6.418981465224521,6.418981465224521,25252500
2018-08-21,6.6204118728637695,6.647269502842138,6.5062667853716,6.559982685664746,46413900
2018-08-22,6.50626802444458,6.593555498581666,6.499554095923673,6.5734124323458865,30803700
2018-08-23,6.465981483459473,6.506267613385799,6.432409281629874,6.492839116855854,31511800
2018-08-24,6.499554634094238,6.512983132584476,6.452553288536946,6.479410925854006,18380000
2018-08-27,6.707700252532959,6.741272454705432,6.5331253135052965,6.546554450508884,49769300
2018-08-28,6.721130847930908,6.774846126927755,6.680844068514956,6.76813155696899,33845500
2018-08-29,6.694272041320801,6.727844244924849,6.647270700140525,6.7211296761367345,37336400
2018-08-30,6.5129828453063965,6.653985595085682,6.492839778291229,6.627127958953273,48539300
2018-08-31,6.365264892578125,6.499553700204694,6.311549625662094,6.472696066746678,76424900
2018-09-04,6.358551025390625,6.432409358023721,6.284692052421032,6.398837155795405,54111100
2018-09-05,6.371981143951416,6.412267924946958,6.2578360115234855,6.35855264384401,44561900
2018-09-06,6.331695079803467,6.412268002431516,6.311551368893952,6.365266650645986,29519100
2018-09-07,6.224264144897461,6.371980840732961,6.210835005092435,6.318265562186119,51229900
2018-09-10,6.298121452331543,6.371979788047497,6.244406182658753,6.251120751451983,30421700
2018-09-11,6.251121997833252,6.284693567820027,6.190692147318415,6.2779796380246635,27158400
2018-09-12,6.271263122558594,6.324978386279041,6.230976354600031,6.251120058747539,25450000
2018-09-13,6.291407108306885,6.318264744102803,6.251120974781281,6.298121677340001,29315700
2018-09-14,6.345123291015625,6.3652663606708355,6.284693441713354,6.29812258170792,30013300
2018-09-17,6.412265777587891,6.4458379771186385,6.331692882915964,6.338406810552956,29544400
2018-09-18,6.432409286499023,6.4525523514774346,6.365264882789001,6.405551653082313,57055400
2018-09-19,6.566699504852295,6.600271717194412,6.452554367091115,6.452554367091115,40111500
2018-09-20,6.5868401527404785,6.667413040682893,6.519695759286936,6.600268647229351,46314400
2018-09-21,6.613698959350586,6.674128155812026,6.566697619431902,6.606984390742702,74488600
2018-09-24,6.439123153686523,6.6136980720513625,6.392122460409998,6.566696738438416,43170800
2018-09-25,6.304837226867676,6.418982356835705,6.291408086713015,6.398838646603713,44406100
2018-09-26,6.224264144897461,6.318265562186119,6.224264144897461,6.298122492815211,58597500
2018-09-27,6.197404861450195,6.264549268926211,6.177261795342001,6.244406202818017,57272200
2018-09-28,6.2108354568481445,6.230978527684194,6.103404891940316,6.190692386012096,30987200
2018-10-01,6.257834434509277,6.3384073358588156,6.244405937785937,6.331693407665395,44864700
2018-10-02,6.1772613525390625,6.271263388199857,6.163832856208367,6.2242626905377,41806400
2018-10-03,6.13026237487793,6.25112207744686,6.13026237487793,6.224264436913393,47023100
2018-10-04,6.143688201904297,6.1906895326404365,6.103402078800612,6.130259707648529,38889600
2018-10-05,6.123547554016113,6.190691972769807,6.110119054467354,6.143690623507568,36952200
2018-10-08,6.217547416687012,6.2309759114939505,6.1034023293141955,6.110116896885869,43657700
2018-10-09,6.009401798248291,6.251121168228344,6.009401798248291,6.197405254637669,58356900
2018-10-10,5.92211389541626,6.029544434238134,5.915399966992283,6.009401368293163,54104100
2018-10-11,5.915400981903076,6.036260038645325,5.881828772677095,5.9221149114789675,66170800
2018-10-12,5.801254749298096,6.009401254230583,5.740824912273661,6.009401254230583,59308500
2018-10-15,5.915400981903076,5.942258621216535,5.814684354225133,5.8213989241376565,40183200
2018-10-16,5.908685684204102,5.969115525300258,5.86168434094234,5.955686387129311,36772000
2018-10-17,5.881828784942627,5.948972563197974,5.8012558668342304,5.9086864243120925,48795100
2018-10-18,5.713967800140381,5.881828189284318,5.707253230893848,5.8683990507912505,59669200
2018-10-19,5.7072529792785645,5.727396045793552,5.499105824168563,5.586393299515561,59831100
2018-10-22,5.748262882232666,5.775602989269794,5.652572833522502,5.727757964914712,39803500
2018-10-23,5.871293544769287,5.90546884068129,5.625231935674513,5.6730776106871375,55443300
2018-10-24,5.591058254241943,5.878129746385983,5.584223063514784,5.80977914279372,58895100
2018-10-25,6.1446943283081055,6.151529517546866,5.782437772567635,5.82344825616067,90399200
2018-10-26,6.1378607749938965,6.1925416516385505,6.05584043778646,6.124191044712505,100639800
2018-10-29,6.3429107666015625,6.554797087271553,6.2677256344100565,6.397590981257126,92275100
2018-10-30,6.465942859649658,6.534293467463511,6.336077487010983,6.363417599768583,58062000
2018-10-31,6.527457237243652,6.609477562460082,6.445436912027222,6.575302263993335,68507100
2018-11-01,6.349747657775879,6.5274587289430235,6.329242734745748,6.520623537319729,59794400
2018-11-02,6.411262512207031,6.459107545663003,6.329242175494068,6.397592130168357,48499200
2018-11-05,6.513787746429443,6.541127858567585,6.3907575677276505,6.411262488871334,41274300
2018-11-06,6.5206217765808105,6.541126694074077,6.431766264990557,6.465941562039051,40928600
2018-11-07,6.561633110046387,6.561633110046387,6.459107205672114,6.561633110046387,37347400
2018-11-08,6.465942859649658,6.595808232288333,6.452272477351006,6.547963197922459,55810100
2018-11-09,6.411262512207031,6.6983340166222485,6.336077366513405,6.411262512207031,52203600
2018-11-12,6.486447334289551,6.547962746715171,6.40442700166861,6.411262192346937,36317200
2018-11-13,6.5206217765808105,6.609477288171064,6.472776751816665,6.513786586803197,33098000
2018-11-14,6.5206217765808105,6.609477288171064,6.445436644545785,6.582137180900184,46677600
2018-11-15,6.36341667175293,6.51378694407047,6.233550666213698,6.493282025452553,57170100
2018-11-16,6.185706615447998,6.363417676433266,6.1378609286659875,6.342912102738241,54582500
2018-11-19,6.322408199310303,6.3975933594505765,6.124192184540653,6.165202686697051,56292500
2018-11-20,6.192543029785156,6.301903503733176,6.158367718716439,6.219883148272161,35159900
2018-11-21,6.226715087890625,6.288230491749144,6.137859576966048,6.185705253211324,25882700
2018-11-23,6.240386009216309,6.30190141841641,6.17203540969628,6.199375519136366,13520800
2018-11-26,6.424933433532715,6.513788977738058,6.267727921981592,6.308737772021097,46304400
2018-11-27,6.3429107666015625,6.445436657960426,6.32240584906562,6.404426171048965,34283200
2018-11-28,6.431767463684082,6.452272384998866,6.267726789486414,6.336077396321957,33199500
2018-11-29,6.404426574707031,6.452271602586331,6.3292414377767585,6.404426574707031,29207600
2018-11-30,6.431767463684082,6.479612497365144,6.39759216026631,6.404427351317803,36269500
2018-12-03,6.561633110046387,6.732508965497181,6.561633110046387,6.636818251782459,64668600
2018-12-04,6.274562358856201,6.56163388193065,6.274562358856201,6.527458576452314,57930300
2018-12-06,6.165201187133789,6.233551138316588,6.096850584111332,6.233551138316588,53963600
2018-12-07,6.028499126434326,6.240385444293296,6.014829398871575,6.165200313099245,43534800
2018-12-10,5.823448657989502,6.0490047037161805,5.727757957562597,6.035334324295379,56499700
2018-12-11,5.8371195793151855,6.014830637091736,5.809779466721848,5.960150411905059,42294500
2018-12-12,5.9054694175720215,5.966984174015387,5.871294118321519,5.9054694175720215,40602700
2018-12-13,5.809780120849609,5.946480699207528,5.782440005178026,5.925975775413784,34200400
2018-12-14,5.823448657989502,5.932809085997641,5.782438171566666,5.823448657989502,35613300
2018-12-17,5.809780120849609,5.960151082963207,5.748264697628603,5.79610973709393,44469900
2018-12-18,5.789273262023926,5.932808984283678,5.748262776304187,5.84395347509054,38263000
2018-12-19,5.686748027801514,5.912304095607319,5.652573379583374,5.7824387375953465,75272900
2018-12-20,5.64573860168457,5.755099048387665,5.591058378333022,5.693583634157254,58926200
2018-12-21,5.502202033996582,5.741427812615818,5.495366844134426,5.618397654294913,57542300
2018-12-24,5.215131759643555,5.474863166690096,5.20146170274215,5.474863166690096,38709500
2018-12-26,5.36550235748291,5.372337548857779,5.064760781305848,5.283482016503674,58810000
2018-12-27,5.36550235748291,5.36550235748291,5.146781448204948,5.344997435198033,49813000
2018-12-28,5.338161945343018,5.495367753056416,5.303986968139141,5.351832001408537,47331700
2018-12-31,5.228799819946289,5.372335525562364,5.126274269374844,5.365500336761722,57816000
2019-01-02,5.399677753448486,5.4816984217288205,5.112606229266992,5.146781534877119,47494400
2019-01-03,5.317656993865967,5.4611924187750915,5.317656993865967,5.447522362787563,39172400
2019-01-04,5.522707939147949,5.5500480516451285,5.365502129329239,5.406512298075009,43039800
2019-01-07,5.6662421226501465,5.720922332493082,5.48853111474085,5.543211324583784,40729400
2019-01-08,5.720922946929932,5.837118568285654,5.707253218920805,5.75509824471213,45644000
2019-01-09,5.960151195526123,5.994326503720978,5.714089497994995,5.775604922377776,48404900
2019-01-10,5.925975322723389,5.994325932600873,5.775604372096758,5.953315436306437,39490400
2019-01-11,6.028499126434326,6.103684909467945,5.946478805539115,5.994324481607664,41559900
2019-01-14,6.1446943283081055,6.192540001139902,5.987488886853768,6.014828991969284,44833800
2019-01-15,6.04217004776001,6.17203540453185,5.980654638611381,6.165200866057267,65311700
2019-01-16,5.6662421226501465,5.994324033547274,5.645737206918926,5.9328086345140925,73869900
2019-01-17,5.714087963104248,5.768768180792165,5.611562717899306,5.65257320708505,56722600
2019-01-18,5.864459991455078,5.878130374369858,5.693584116058743,5.734594612963346,51127900
2019-01-22,5.809780120849609,5.884965275986521,5.782440005178026,5.837120236521193,47182600
2019-01-23,5.700418949127197,5.837119510481869,5.659408454800949,5.837119510481869,45196900
2019-01-24,5.878129482269287,5.932809701950334,5.6183981128644955,5.686748061545987,79516400
2019-01-25,6.055840015411377,6.124190617570191,5.96698449334078,5.973819683924591,53098800
2019-01-28,5.919139862060547,6.014830581167374,5.864459637382273,6.014830581167374,42116300
2019-01-29,5.987490177154541,6.007995097450096,5.891799462709177,5.953314875435507,30485000
2019-01-30,6.057029724121094,6.063983993158983,5.924901928379198,6.022259042127248,29906100
2019-01-31,6.119617938995361,6.133525816420761,5.980535848762773,5.994443726188172,39389100
2019-02-01,6.063986778259277,6.126573901954429,5.994445382332242,6.098757476222795,34124000
2019-02-04,6.050076484680176,6.050076484680176,5.973581501832341,6.050076484680176,28855600
2019-02-05,6.084847927093506,6.091802198177175,6.015306542648406,6.036169355899411,26166800
2019-02-06,6.063986778259277,6.189160362453678,6.036170352527644,6.112665357490661,32644300
2019-02-07,5.778866291046143,5.99444335163784,5.76495775129407,5.99444335163784,55161800
2019-02-08,5.834499359130859,5.848407236248546,5.674554461505387,5.764957983955314,38650100
2019-02-11,5.7927751541137695,5.869270146190252,5.764958733068159,5.848407996204992,27403500
2019-02-12,5.883178234100342,5.8901325046237885,5.827545396304251,5.827545396304251,26235100
2019-02-13,5.848406791687012,6.022259553214904,5.83449891562652,5.8762232070036475,27182900
2019-02-14,5.855362892150879,5.8901335879675765,5.785821500517484,5.827546468136693,23569900
2019-02-15,5.938811779022217,5.952720321725179,5.848408241040415,5.904041085460629,58080300
2019-02-19,6.140480041503906,6.154388582022582,5.93185657609377,5.93185657609377,37929200
2019-02-20,6.216976165771484,6.244792588718272,6.133526896931124,6.1404811684667795,55316900
2019-02-21,6.057029724121094,6.230882470894724,6.050075455083205,6.216973932818947,44730400
2019-02-22,6.057029724121094,6.084846137077051,5.952718341335155,6.070937599001273,40947500
2019-02-25,6.091801166534424,6.154388269296768,6.084846896628457,6.098755436440391,56615400
2019-02-26,6.175251483917236,6.216975784178495,6.063985798959488,6.084847949090117,38348800
2019-02-27,6.105708599090576,6.1961121117061815,6.105708599090576,6.140479282895906,34093300
2019-02-28,6.0987548828125,6.112662758166236,5.980534957925451,6.0987548828125,43960500
2019-03-01,6.112662315368652,6.182203676686659,6.057029491592475,6.1543872647985705,37699500
2019-03-04,6.12657356262207,6.237839259385935,6.091802866584396,6.14048144311962,46196900
2019-03-05,6.0987548828125,6.126571296715592,6.050075661085373,6.119617027440914,40852600
2019-03-06,5.966628074645996,6.105710182745802,5.952720195433918,6.0848480323297816,50378600
2019-03-07,5.897085666656494,5.959672770250014,5.806682809461065,5.952719163447382,54286000
2019-03-08,5.855362892150879,5.8901335879675765,5.799730044122508,5.841454348545855,43766800
2019-03-11,5.987489700317383,6.001398241506319,5.876224023588882,5.88317829418335,36875300
2019-03-12,5.959671974182129,6.050075482497528,5.94576409923893,6.0153048003461285,37805000
2019-03-13,5.931856155395508,6.015305403002043,5.91099400929279,5.973581110796609,49018700
2019-03-14,5.848406791687012,5.945764576893067,5.841452522058939,5.924902431204503,36307900
2019-03-15,5.862316131591797,5.890132550707474,5.820591171320408,5.855361861013941,66555500
2019-03-18,5.959671974182129,5.959671974182129,5.855360590923531,5.87622273493613,37198300
2019-03-19,6.050076484680176,6.168296425660463,5.987489379079352,5.987489379079352,57293600
2019-03-20,5.917949676513672,6.029215366263147,5.897086862288777,6.029215366263147,54539700
2019-03-21,6.043123245239258,6.043123245239258,5.904041133067251,5.910995404474807,46843100
2019-03-22,5.938811779022217,6.0292153170040175,5.924903899515073,6.001398894793911,41964000
2019-03-25,5.917949676513672,6.015306823446551,5.890133254076303,5.952720370359339,45849500
2019-03-26,6.091801166534424,6.091801166534424,5.938810544581546,5.938810544581546,47852100
2019-03-27,5.994443416595459,6.161341916254822,5.994443416595459,6.084846936376535,39895800
2019-03-28,6.0987548828125,6.140479172069328,6.008351371828544,6.015304977907602,38914700
2019-03-29,6.105708599090576,6.182204236101429,6.057030039680494,6.119617137890961,33962800
2019-04-01,6.244792461395264,6.258701004182998,6.161343194256323,6.161343194256323,45653100
2019-04-02,6.26565408706665,6.279561964020425,6.196112712710684,6.223929129813931,30699400
2019-04-03,6.349103927612305,6.446461728106921,6.300425358962875,6.307378966487252,56663600
2019-04-04,6.42559814453125,6.467323100647077,6.383873851611101,6.4047359980711756,39483100
2019-04-05,6.432554244995117,6.446462788723718,6.314334276085484,6.376921396472451,37854700
2019-04-08,6.467325210571289,6.481233091683471,6.376921662156472,6.3838759343105105,26221100
2019-04-09,6.4047369956970215,6.509048407441008,6.376920575018906,6.446461958312085,29879100
2019-04-10,6.488184928894043,6.502093467982401,6.397781414406658,6.418643559843548,28469500
2019-04-11,6.529910087585449,6.5438179639139795,6.4881851322085256,6.502093671732722,26488100
2019-04-12,6.571634769439697,6.675946832469483,6.564680499265236,6.585543309788617,38646000
2019-04-15,6.488184928894043,6.606404858362497,6.439506368476084,6.592496319274139,41206700
2019-04-16,6.5090484619140625,6.536864882824968,6.425599199181345,6.481232041003157,40950000
2019-04-17,6.6064066886901855,6.6620395340655945,6.529911692097955,6.536865300373009,30688300
2019-04-18,6.641175270080566,6.689853828498901,6.5924960484666135,6.620313125500655,29843000
2019-04-22,6.6064066886901855,6.6620395340655945,6.578590266002481,6.6620395340655945,38718500
2019-04-23,6.7123894691467285,6.71945530399257,6.5710761414053955,6.613469802810246,39493700
2019-04-24,6.761849403381348,6.790112070760267,6.641732898562158,6.677061401244592,39796300
2019-04-25,6.641734600067139,6.733588461038884,6.599340925055758,6.72652329776053,52596700
2019-04-26,7.355367660522461,7.38363033392769,7.0303465794446875,7.086871926255145,156136700
2019-04-29,7.291774749755859,7.341234921876228,7.115132914354136,7.32003741646673,62500500
2019-04-30,7.383630752563477,7.418959264781884,7.256449051946665,7.270580052532833,46079300
2019-05-01,7.277645111083984,7.4189584710027,7.2705792746292355,7.404826798093202,41805500
2019-05-02,7.305908203125,7.3129740399860035,7.20698850857683,7.277645529516279,34508400
2019-05-03,7.355367660522461,7.38363033392769,7.277645477116904,7.327104987117233,36291200
2019-05-06,7.327103614807129,7.362432118405729,7.150461770649285,7.150461770649285,28640600
2019-05-07,7.334170341491699,7.355367176692488,7.277644998399432,7.298841833600222,41154500
2019-05-08,7.305908203125,7.383630387090161,7.284711366377282,7.3341708767337215,33472200
2019-05-09,7.2069878578186035,7.277644872378046,7.115134008425422,7.249382201321315,43621300
2019-05-10,7.334170341491699,7.355367176692488,7.206987982616477,7.291775997254878,37629500
2019-05-13,7.122200012207031,7.2493823718720565,7.093937340485386,7.185791192039544,51102100
2019-05-14,7.235249996185303,7.270578500863988,7.157527824960339,7.171658822530705,31297200
2019-05-15,7.320038318634033,7.348300988828171,7.093936957080922,7.214053473864815,44050200
2019-05-16,7.348300457000732,7.376563125149382,7.277644123546686,7.277644123546686,32697000
2019-05-17,7.270578384399414,7.376563222902559,7.235249880286642,7.291775217333009,34565400
2019-05-20,7.263513088226318,7.277644760454967,7.206987746982162,7.277644760454967,29535900
2019-05-21,7.235249996185303,7.284710172269534,7.171658822530705,7.284710172269534,30099300
2019-05-22,7.044477939605713,7.214053972491435,7.016215267458093,7.185791300343814,51407200
2019-05-23,6.959690093994141,6.959690093994141,6.832507729290426,6.959690093994141,43153800
2019-05-24,6.945558071136475,7.030346085393763,6.924361236030962,7.00914925028825,22131500
2019-05-28,6.910229206085205,6.995017215958221,6.903164043972191,6.973820381948768,27656200
2019-05-29,6.860768795013428,6.8890314612343175,6.747718130129867,6.846637124985425,32262600
2019-05-30,6.881966590881348,6.952623603255286,6.839572922525153,6.881966590881348,24759600
2019-05-31,6.726521968841553,6.740652966441798,6.585207949828016,6.6982586259707,48250400
2019-06-03,6.79011344909668,6.818376122212685,6.684128593370478,6.797179285834501,39446800
2019-06-04,7.009148597717285,7.030345430849314,6.8678352537784635,6.874900415599023,37324100
2019-06-05,6.910229206085205,7.009148887854659,6.818375360263971,6.973820381948768,42464800
2019-06-06,6.889031887054443,6.938491387539379,6.825440715668008,6.86783505453735,28291100
2019-06-07,6.8960981369018555,6.938491804483539,6.853703795484975,6.896098136901856,18848700
2019-06-10,6.938491344451904,7.086870518820445,6.896097679680979,6.987951518464852,33883400
2019-06-11,7.009148597717285,7.051542263981343,6.917294755698257,6.973820093273786,26434200
2019-06-12,6.959690093994141,7.0162154396768415,6.952624257324985,6.995017929669374,21746700
2019-06-13,7.108068943023682,7.108068943023681,6.924361241730718,6.973820748296039,25555900
2019-06-14,7.051541805267334,7.093936142608749,7.0232791383181015,7.072739310855607,21553200
2019-06-17,7.101002216339111,7.129264884237733,7.023279374241534,7.058607877573601,19383800
2019-06-18,7.1363325119018555,7.206988862475589,7.101003999697326,7.122200837485914,32591700
2019-06-19,7.093937397003174,7.192857085734654,7.0868715605576575,7.1716595763981035,29051300
2019-06-20,7.093937397003174,7.1716595763981035,7.030346216664027,7.157528577342322,32086500
2019-06-21,7.058608531951904,7.101002874647642,7.002083190914398,7.086871202470657,47904000
2019-06-24,7.030346870422363,7.079807056305076,7.016215870052526,7.030346870422362,28091200
2019-06-25,6.952624797821045,7.05860966075654,6.945558960602591,7.044478660154959,28682000
2019-06-26,7.002084255218506,7.0374127671956215,6.938493068426763,6.973821580403878,33739100
2019-06-27,7.2069878578186035,7.235250528875334,7.065674502534951,7.093937173591682,42954600
2019-06-28,7.228184700012207,7.284710716018454,7.206987865156884,7.206987865156884,37551600
2019-07-01,7.17165994644165,7.369499334112733,7.115134599631423,7.305908150492406,38452600
2019-07-02,7.1504621505737305,7.21405332566296,7.093936811346681,7.171658984325075,29708000
2019-07-03,7.2069878578186035,7.277644872378046,7.157528351928133,7.192856859207854,19326600
2019-07-05,7.2069878578186035,7.256448037544305,7.129265680871402,7.192856859207854,21397900
2019-07-08,7.2069878578186035,7.249382201321315,7.192856859207854,7.206987857818604,23244100
2019-07-09,7.164594650268555,7.199922485991697,7.136331977388878,7.185791486469495,25140600
2019-07-10,7.143396377563477,7.249381894923116,7.143396377563477,7.19992171728787,29082200
2019-07-11,7.199922561645508,7.20698839839849,7.143397215292208,7.1716598884688585,27667500
2019-07-12,7.411891937255859,7.418957773045872,7.235250085516672,7.235250085516672,40761600
2019-07-15,7.362432479858398,7.46135216002383,7.305907140859635,7.4118919830235175,33753500
2019-07-16,7.426023960113525,7.426023960113525,7.270578934556079,7.327104275879656,29530500
2019-07-17,7.29884147644043,7.418957993092555,7.284710478276467,7.404826321093383,25204400
2019-07-18,7.249382972717285,7.28471148375626,7.192857624589046,7.277645646781404,25810600
2019-07-19,7.2069878578186035,7.291775870988796,7.206987857818604,7.277644872378046,38505600
2019-07-22,7.185475826263428,7.293042551179383,7.171133231531935,7.264358045608957,36238600
2019-07-23,7.2930426597595215,7.32889846322952,7.214160439239578,7.264358153762036,74624800
2019-07-24,7.407778739929199,7.422121331110693,7.27152754316695,7.3002120416375496,61107500
2019-07-25,6.855602741241455,7.013367158553559,6.740864050615654,6.991853953264175,133898600
2019-07-26,6.862771987915039,6.920140979864139,6.81974558589938,6.869943282881759,47710200
2019-07-29,6.884287357330322,6.941656361650368,6.826918353010276,6.884287357330322,36487800
2019-07-30,6.8484320640563965,6.869945271290922,6.798233668652467,6.855603361098748,36944700
2019-07-31,6.834089279174805,6.869945079492996,6.740864471904513,6.862773782650856,56715500
2019-08-01,6.67632532119751,6.877116859640971,6.65481142915915,6.834089759456808,58060800
2019-08-02,6.654809474945068,6.697836562494137,6.6046117760481176,6.640467568356949,41495200
2019-08-05,6.618955612182617,6.6476408015058235,6.497046977021766,6.58310049331372,47963400
2019-08-06,6.798232555389404,6.819746442993392,6.712179056650699,6.755206147966259,51856100
2019-08-07,6.834089279174805,6.855603169701224,6.683495464952411,6.762378362430932,43042400
2019-08-08,6.855602741241455,6.898629151820224,6.819746943164172,6.855602741241456,25469000
2019-08-09,6.77672004699707,6.869944851169017,6.73369363515924,6.841260348646302,38739700
2019-08-12,6.66198205947876,6.762378160594676,6.654810762850661,6.7336936579747695,23050400
2019-08-13,6.640468120574951,6.755206118390883,6.583099121666986,6.661981324192335,28231500
2019-08-14,6.454020023345947,6.5615867501780185,6.425335517264557,6.547244839083609,45967400
2019-08-15,6.353623390197754,6.497046592760954,6.2962543827294795,6.497046592760954,40682800
2019-08-16,6.425334453582764,6.454018954915579,6.317767744557821,6.396649952249948,27369900
2019-08-19,6.4755330085754395,6.525731405405824,6.468362395221853,6.489875603067706,21844000
2019-08-20,6.425334453582764,6.504216661274892,6.403821248556267,6.454018954915579,25108600
2019-08-21,6.48270320892334,6.489874504956061,6.432505504479146,6.468361300750326,20434800
2019-08-22,6.48270320892334,6.5544148014656995,6.468361300750326,6.489874504956061,20974700
2019-08-23,6.289083957672119,6.446848390978595,6.260398769188177,6.3823080846747935,44982300
2019-08-26,6.324938774108887,6.389479077337345,6.3034255676635675,6.367965870892027,31888200
2019-08-27,6.2819132804870605,6.38948001234702,6.2747419826583695,6.37513810058224,23024400
2019-08-28,6.454020023345947,6.4827045294273375,6.2388858857892355,6.253228480776215,35147300
2019-08-29,6.540072917938232,6.554415511557523,6.475532614436431,6.525731008211446,22011000
2019-08-30,6.575929641723633,6.618956060839822,6.525731924790547,6.568758343906735,32057900
2019-09-03,6.525731563568115,6.597442486089841,6.482704462941028,6.583100575142522,26331000
2019-09-04,6.597441673278809,6.6189548789956225,6.50421686998264,6.575928467561994,27406400
2019-09-05,6.6978373527526855,6.7408637614859614,6.633297055760336,6.633297055760336,36626800
2019-09-06,6.6978373527526855,6.74803505757232,6.597441259220982,6.7193505571193235,29210100
2019-09-09,6.84126091003418,6.920143127471532,6.733694187720286,6.733694187720286,48059400
2019-09-10,6.755207538604736,6.755207538604736,6.482704394554672,6.511388900039281,70567300
2019-09-11,6.755207538604736,6.762378835949027,6.6619827248066175,6.6619827248066175,34190300
2019-09-12,6.748035907745361,6.7982336188893155,6.683495602621693,6.712180106688598,35687700
2019-09-13,6.77672004699707,6.877116147772818,6.76954875039327,6.791062640204671,27161300
2019-09-16,6.669152736663818,6.776719440524354,6.62612564478415,6.7121791446510635,50052600
2019-09-17,6.654809474945068,6.676323360665781,6.58309857421976,6.647638863597186,27391200
2019-09-18,6.633298873901367,6.712181100795066,6.611785663638107,6.640470171953328,24309400
2019-09-19,6.525731563568115,6.690667300871393,6.525731563568115,6.676325389924074,28780700
2019-09-20,6.575929641723633,6.66915446166551,6.532902538714843,6.547245134348641,37491300
2019-09-23,6.568757057189941,6.618954764290082,6.511388053677647,6.547243851845948,22051100
2019-09-24,6.532901287078857,6.618954792716878,6.489874876206082,6.5902702908375375,33092500
2019-09-25,6.597441673278809,6.6189548789956225,6.518559463055502,6.525730759591934,20510300
2019-09-26,6.554414749145508,6.618954361247531,6.504216361209589,6.618954361247531,26556300
2019-09-27,6.511387348175049,6.884286514494162,6.49704544079714,6.554414438093559,32459500
2019-09-30,6.568757057189941,6.604612855358242,6.5257306465019544,6.53290125902164,21510000
2019-10-01,6.3823065757751465,6.626125149104995,6.360793373390858,6.590269355869599,39559500
2019-10-02,6.17434549331665,6.353623824893828,6.052436173132765,6.346453211389087,68137000
2019-10-03,6.246055603027344,6.246055603027344,6.059606018723866,6.131317607730557,40827900
2019-10-04,6.2675700187683105,6.281912612901491,6.210201010020651,6.253228108527661,27827400
2019-10-07,6.224542617797852,6.303424821352888,6.174344230178809,6.238884525765848,29340400
2019-10-08,6.124145984649658,6.21019947652176,6.095461487358958,6.203028181225995,31091200
2019-10-09,6.138490676879883,6.195859691102748,6.138490676879883,6.174345797849727,16898500
2019-10-10,6.181516170501709,6.203029376642561,6.109805255401372,6.152831667683075,28069600
2019-10-11,6.2962541580200195,6.360794460091553,6.2603983586588905,6.2603983586588905,34175700
2019-10-14,6.324938774108887,6.339281367667434,6.281912361218249,6.324938774108887,24794500
2019-10-15,6.504215717315674,6.52572960311231,6.296252941861362,6.339280029562277,29771700
2019-10-16,6.504215717315674,6.590269208825146,6.497045105942487,6.532900214485498,27190300
2019-10-17,6.532901287078857,6.554415176407715,6.4755322833201765,6.54007258352181,28361200
2019-10-18,6.66198205947876,6.683495265470568,6.518559546379228,6.518559546379228,42422900
2019-10-21,6.581803798675537,6.734869035626875,6.567226521169502,6.698424799187795,33610200
2019-10-22,6.610960483551025,6.6619827036852595,6.530783702077435,6.567227946425847,35878500
2019-10-23,6.713003158569336,6.713003158569336,6.538071647722534,6.5672268995303344,44770400
2019-10-24,6.268385887145996,6.47976165313657,6.231941645744292,6.465183678529453,120395200
2019-10-25,6.355853080749512,6.377719352468283,6.282964581531948,6.31940883114073,51373600
2019-10-28,6.275674819946289,6.385007555311944,6.253808550919621,6.385007555311944,39635300
2019-10-29,6.297542095184326,6.348563623805706,6.261097848262115,6.261097848262115,36771800
2019-10-30,6.22465181350708,6.297540286416613,6.21007453599477,6.297540286416613,28685300
2019-10-31,6.261096954345703,6.268385941712713,6.195497458274806,6.253807966978694,29124100
2019-11-01,6.479762554168701,6.50891781232098,6.2975420169379115,6.2975420169379115,55354900
2019-11-04,6.559939384460449,6.596383631175135,6.508917856129605,6.508917856129605,46716500
2019-11-05,6.574516296386719,6.669270349335904,6.5599383220154115,6.574516296386719,37569700
2019-11-06,6.501627445220947,6.596382187900513,6.479761180022906,6.596382187900513,39497700
2019-11-07,6.479762554168701,6.5672283286255375,6.472473565851585,6.530784082156143,32640400
2019-11-08,6.589093208312988,6.589093208312988,6.4287389747484305,6.487049478750809,29476800
2019-11-11,6.618248462677002,6.63282643624082,6.516204733078391,6.5234937198603005,24846600
2019-11-12,6.589093208312988,6.654692699094672,6.589093208312988,6.603671181871602,28703900
2019-11-13,6.421452045440674,6.55993934804835,6.4141630571149575,6.55993934804835,34491200
2019-11-14,6.4068732261657715,6.494338989222426,6.399584238798693,6.450606455252146,26527800
2019-11-15,6.523495197296143,6.530784185728855,6.450607398317598,6.450607398317598,26416300
2019-11-18,6.523495197296143,6.596383691390882,6.479762656932255,6.596383691390882,38291400
2019-11-19,6.487050533294678,6.559939022704523,6.465184264518186,6.552650034740307,31168900
2019-11-20,6.363140106201172,6.47976182072609,6.326696558972998,6.472472833234012,38271500
2019-11-21,6.348561763763428,6.406872263708306,6.319406513790989,6.392294986280081,33161400
2019-11-22,6.479762554168701,6.487050847369631,6.392296779711864,6.414163049547027,34966700
2019-11-25,6.559939384460449,6.567228372826625,6.465184621048745,6.48705089103108,30580900
2019-11-26,6.5672287940979,6.574517782931646,6.494340295992917,6.545361827596665,30093800
2019-11-27,6.632827281951904,6.669270830276065,6.574516770493894,6.581805063089049,37396100
2019-11-29,6.603672504425049,6.632827762265319,6.5818055397077115,6.589094527946824,13096200
2019-12-02,6.5672287940979,6.661983563587887,6.559939805264156,6.618250325701649,37232700
2019-12-03,6.479762554168701,6.523495093839027,6.414163049547027,6.523495093839027,40653100
2019-12-04,6.523495197296143,6.581805714525456,6.516206208863429,6.523495197296143,29982900
2019-12-05,6.508916854858398,6.559938375340568,6.472472613749957,6.538072108721936,25768600
2019-12-06,6.574516296386719,6.610959842082831,6.523494081203221,6.5307830683888755,31086900
2019-12-09,6.5672287940979,6.610961336867904,6.5307845450454085,6.538073533879154,21772900
2019-12-10,6.610960483551025,6.632827447229759,6.530783702077435,6.5745169343187575,34217700
2019-12-11,6.6401143074035645,6.661981266364507,6.603670766033981,6.603670766033981,33204200
2019-12-12,6.793181419372559,6.822336677584262,6.640116139982069,6.640116139982069,48390900
2019-12-13,6.727581977844238,6.844203706903271,6.698426719358529,6.793181483216134,35334500
2019-12-16,6.844203472137451,6.844203472137451,6.720293454044424,6.734870735229161,42337600
2019-12-17,6.844203472137451,6.858780753322188,6.785892957166165,6.836914483986998,35503900
2019-12-18,6.953536033630371,6.975402304599826,6.822337017581199,6.844203983666874,45905300
2019-12-19,6.858781337738037,6.9754023776175345,6.836915066539689,6.960825095190712,42236000
2019-12-20,6.909801006317139,6.953534232041443,6.8806457542062835,6.924378979930587,50191200
2019-12-23,6.8806471824646,6.975401945272719,6.851491924301807,6.92438041726688,54784400
2019-12-24,6.902513027191162,6.917090306348669,6.873357773760077,6.880646065780794,11881600
2019-12-26,6.887935161590576,6.917090415481653,6.87335788220308,6.902513136094155,28961300
2019-12-27,6.822336673736572,6.895225166782816,6.815048380524896,6.887936178454954,28272800
2019-12-30,6.742159366607666,6.8150478540228505,6.727581391078177,6.807758866258106,36074900
2019-12-31,6.778603553771973,6.8004698217676784,6.742159310368377,6.742159310368377,32342100
2020-01-02,6.866067409515381,6.866067409515381,6.698424214573312,6.771312681090026,43425700
2020-01-03,6.713003158569336,6.829624165800537,6.669269933299618,6.785891635646854,45040800
2020-01-06,6.676560878753662,6.683849867623014,6.60367307540886,6.632828335770029,43372300
2020-01-07,6.742159366607666,6.742159366607666,6.647404611014379,6.705715122900074,44984100
2020-01-08,6.742159366607666,6.778603610315258,6.683848854721972,6.727581391078177,45994900
2020-01-09,6.749447345733643,6.785891583995,6.691136842561881,6.778602597319523,51817400
2020-01-10,6.742159366607666,6.822336146671463,6.742159366607666,6.756737342137156,39796300
2020-01-13,6.734869480133057,6.749447453717242,6.640114737183968,6.742158466925149,48553700
2020-01-14,6.771315097808838,6.800470355798005,6.713004581830503,6.72029357010684,42935600
2020-01-15,6.698426246643066,6.7786037231576985,6.691137953873127,6.756737454615592,55923900
2020-01-16,6.6838483810424805,6.764025155424208,6.669270406546121,6.727580914299392,44310400
2020-01-17,6.676560878753662,6.727582410606647,6.654694607261845,6.698427150245479,41644900
2020-01-21,6.713003158569336,6.720292145300294,6.632826389876893,6.669269933299618,49556400
2020-01-22,6.676560878753662,6.74216038834535,6.66927188988431,6.720294116853533,39914800
2020-01-23,6.66198205947876,6.676559338738831,6.5089168041095915,6.66198205947876,75848700
2020-01-24,6.559939384460449,6.647405159505979,6.530784126111939,6.6401161711398045,68100900
2020-01-27,6.479762554168701,6.530784082156143,6.399585072912795,6.472473565851585,60769300
2020-01-28,6.53807258605957,6.559938854274636,6.4578951107441105,6.516205622728372,85163400
2020-01-29,6.567722320556641,6.641850397632573,6.552897129304095,6.560310078399236,59057400
2020-01-30,6.552897930145264,6.552897930145264,6.471356894008918,6.5306597870798155,42827800
2020-01-31,6.53807258605957,6.55289848732236,6.478770394884172,6.508421490471871,59813700
2020-02-03,6.656676292419434,6.775281369663667,6.560310771748822,6.560310771748822,71405400
2020-02-04,6.804932594299316,6.849408880558443,6.723391557927876,6.730804507950339,86196400
2020-02-05,6.1600213050842285,6.286037931354247,6.122957258798748,6.234148690717305,145792500
2020-02-06,6.115543842315674,6.2119100725422784,6.115543842315674,6.204497122462271,68823400
2020-02-07,6.0117645263671875,6.085892611619068,5.945050097965872,6.085892611619068,98256500
2020-02-10,5.974701404571533,6.041415835361206,5.967288454393402,6.041415835361206,71834900
2020-02-11,6.00435209274292,6.041415427254217,5.989526193388168,6.00435209274292,80164500
2020-02-12,6.108129501342773,6.174844622995361,6.02658918984387,6.034002138235862,111536800
2020-02-13,6.115543842315674,6.197084172382264,6.085892748933475,6.085892748933475,67648800
2020-02-14,6.00435209274292,6.130369409507145,5.989526193388168,6.130369409507145,46359700
2020-02-18,5.974701404571533,6.041415835361206,5.945050310796844,6.019177691764648,65094800
2020-02-19,5.9302239418029785,6.004352023850629,5.9302239418029785,5.974700932419125,69668200
2020-02-20,5.952462196350098,5.982113288343035,5.9228111043571605,5.930224054089844,52318200
2020-02-21,5.848683834075928,5.952462664208127,5.848683834075928,5.945050420830645,58326300
2020-02-24,5.611474514007568,5.722665929781177,5.596648968339828,5.707840384113436,110048200
2020-02-25,5.359440326690674,5.693015308490985,5.352027376510306,5.693015308490985,108888300
2020-02-26,5.344614028930664,5.529933515777167,5.344614028930664,5.411329157305444,92469500
2020-02-27,5.166708469390869,5.396505003359528,5.129644774550314,5.285313211899942,118642400
2020-02-28,5.159295558929443,5.159295558929443,4.944324940096462,5.0703422725438525,116490700
2020-03-02,5.3372015953063965,5.359440091402272,5.099992855451208,5.270486813956576,96766000
2020-03-03,5.166708469390869,5.44098164924957,5.1074062748708124,5.403917600940055,97457800
2020-03-04,5.248248100280762,5.2556610498283645,5.129643735270223,5.2556610498283645,70588100
2020-03-05,4.996212959289551,5.166706893259099,4.973974819862874,5.159294297939825,78070900
2020-03-06,4.810894012451172,4.951736873758361,4.744179233335371,4.892434690780364,109932200
2020-03-09,4.37354040145874,4.551446957112918,4.3513019052675155,4.425429636790089,103901700
2020-03-10,4.64039945602417,4.662637593319774,4.299411620761807,4.64039945602417,101873600
2020-03-11,4.37354040145874,4.529208814390599,4.358714855154226,4.492144771894859,98587100
2020-03-12,3.9658374786376953,4.217872127593114,3.8546457009533097,3.9880759755621393,89453100
2020-03-13,4.17339563369751,4.373540699166842,3.7953436469949224,4.351302201461836,125375300
2020-03-16,3.7138023376464844,3.8694703668016825,3.706389389203037,3.7360404760391543,110310900
2020-03-17,3.7138023376464844,3.8101681931294475,3.48400588446332,3.7656915628752716,104233500
2020-03-18,3.3357510566711426,3.587785694063011,3.0392397809399276,3.5210705598195395,125954700
2020-03-19,3.3135130405426025,3.3950537327057626,3.0392402210025544,3.209734202724278,126603800
2020-03-20,3.209733486175537,3.5210702835958765,3.150431306375258,3.365401884885707,129378600
2020-03-23,2.972525119781494,3.3505767376134115,2.9354610762727757,3.16525722700765,134925000
2020-03-24,3.6693263053894043,3.698977399914128,3.157844748103453,3.313512817623789,146192100
2020-03-25,3.9954888820648193,4.351302386165978,3.7953438080997266,4.277174646450933,198999400
2020-03-26,3.8917105197906494,4.188221868182782,3.8249953691984477,3.973251220129008,138227600
2020-03-27,3.847233295440674,3.9287739835897564,3.6396752765527176,3.758280010261093,106324000
2020-03-30,3.7286293506622314,3.79534414560397,3.6545012508863373,3.7879315477077657,97879700
2020-03-31,3.5803730487823486,3.847233254983765,3.521070859286241,3.728628875991549,231800800
2020-04-01,3.2616231441497803,3.535895908676049,3.231972053577691,3.432117091673736,119174500
2020-04-02,3.2319729328155518,3.3876413774020815,3.150432234825232,3.254211080059926,90891700
2020-04-03,3.1430184841156006,3.2764487475244906,3.0911292514289324,3.2616232019756013,85659900
2020-04-06,3.357989549636841,3.4617683723378385,3.269035919567085,3.3654021459524617,102205300
2020-04-07,3.491419792175293,3.728628905506336,3.4321176022097655,3.595198624614966,115150400
2020-04-08,3.7286293506622314,3.773105998446382,3.5581353574218317,3.6026120052059825,117022200
2020-04-09,3.9806625843048096,4.262348295631231,3.88429636409279,4.084441753826467,175681700
2020-04-13,3.8249943256378174,4.025139369340519,3.7212155057283507,4.025139369340519,99320000
2020-04-14,3.9213600158691406,4.032551770234364,3.824993805188024,3.9065344721850335,74877000
2020-04-15,3.7286293506622314,3.8101696948653534,3.669326800147721,3.7508674978198187,74727700
2020-04-16,3.661912441253662,3.7582786418450547,3.6248484091896476,3.7508656940447294,58951200
2020-04-17,3.7953436374664307,3.9139483691471453,3.7286288514567656,3.8324076823920783,91989300
2020-04-20,3.6915652751922607,3.7731059722992932,3.6396756764025175,3.713803775664714,71079400
2020-04-21,3.5358965396881104,3.6470883259110463,3.4988324931241506,3.624849827278881,82400200
2020-04-22,3.5358965396881104,3.624849827278881,3.521070991756315,3.610024279347086,62237200
2020-04-23,3.624849796295166,3.691564938152463,3.535896509464731,3.5581350079068104,61959800
2020-04-24,3.6100244522094727,3.6767395978316104,3.5581352086979976,3.6545010981345776,54320400
2020-04-27,3.832406520843506,3.8472320636265653,3.6174359737547324,3.639674111194911,91082800
2020-04-28,3.9880754947662354,4.106679854814075,3.8694707812495213,4.069615815564688,106222800
2020-04-29,3.899122476577759,4.077029028140643,3.8620584349343754,3.951011710715818,126393000
2020-04-30,3.7731051445007324,3.8842965620612944,3.750866648907283,3.8249943784372893,93437900
2020-05-01,3.6470882892608643,3.743454526583605,3.6322627414780535,3.7212160281749185,82660100
2020-05-04,3.6026110649108887,3.6841513878316783,3.5358959339130753,3.617436610302749,84214700
2020-05-05,3.6841518878936768,3.773105525787691,3.6619137435218723,3.698977435297857,96301300
2020-05-06,3.6100244522094727,3.7731058407371516,3.5729607573396995,3.7434547434537486,89390400
2020-05-07,3.6100244522094727,3.6915651464733124,3.595198903567771,3.632262951906506,67222900
2020-05-08,3.884296417236328,3.891709366647387,3.6693258328799834,3.676738782291042,101207100
2020-05-11,3.7953436374664307,3.8472332296685514,3.7434543987332387,3.8398202792958505,75734000
2020-05-12,3.6915652751922607,3.869471865095997,3.6841523238784513,3.817582619775227,70965200
2020-05-13,3.4988322257995605,3.7138031845893766,3.4543555854023658,3.7063902344553856,100192300
2020-05-14,3.624849796295166,3.6470882947372454,3.350576985166854,3.439530271997289,108061100
2020-05-15,3.6322624683380127,3.661913561673922,3.5210706915938963,3.55813473499824,80544700
2020-05-18,3.9361863136291504,3.951011860153465,3.795343444913704,3.795343444913704,136157700
2020-05-19,3.9287731647491455,4.03996457131448,3.817581404714951,3.906534671354762,94836300
2020-05-20,4.069616317749023,4.106680361572056,3.9806630367364466,3.9880759868886204,87685400
2020-05-21,4.17339563369751,4.217872275638592,4.032552757482954,4.039965354405336,87098200
2020-05-22,4.188220977783203,4.247523164160417,4.077029201591472,4.210459120940202,76656500
2020-05-26,4.329063415527344,4.4402548271636455,4.314237870411245,4.388365595991738,86046300
2020-05-27,4.469906330108643,4.51438296604643,4.329063472904542,4.4550807847960465,110413900
2020-05-28,4.336475372314453,4.499556698028244,4.306824286451732,4.484731155096884,76930200
2020-05-29,4.232697486877441,4.299412621226368,4.12891866392159,4.262348579150542,92936300
2020-06-01,4.351301193237305,4.358714141910989,4.2030457544521065,4.247522386087666,61879700
2020-06-02,4.37354040145874,4.447668132981315,4.321650812658485,4.418017040372285,80046000
2020-06-03,4.588510990142822,4.647813175238545,4.388365938710307,4.440255173934612,98876600
2020-06-04,4.870197296142578,4.877609893417712,4.536621935506843,4.595924127583699,115798600
2020-06-05,5.440980434417725,5.559584796976514,5.203771355831262,5.366852354349598,208648200
2020-06-08,5.58182430267334,5.737492379991985,5.463219565163922,5.58182430267334,113169300
2020-06-09,5.366853713989258,5.515109558215789,5.2260111745040625,5.352028164913502,115749600
2020-06-10,5.048103332519531,5.4409808432170665,5.018452239652047,5.4335678932657405,147327100
2020-06-11,4.544034004211426,4.788655675779576,4.47731887434052,4.499557368787115,116184700
2020-06-12,4.788656234741211,4.9146735598873885,4.670051859765477,4.862783969101045,88778000
2020-06-15,4.818307399749756,4.8776095881147254,4.52920905473607,4.581098292820955,104742600
2020-06-16,4.855370998382568,5.092579730061471,4.7738303201335,5.092579730061471,109535200
2020-06-17,4.692290306091309,4.862784282853867,4.677464758262779,4.862784282853867,67831400
2020-06-18,4.692290306091309,4.781243593062484,4.588511471291603,4.640401065425927,61301800
2020-06-19,4.618161678314209,4.959149566225862,4.618161678314209,4.922085527051992,126127800
2020-06-22,4.655226230621338,4.655226230621338,4.544034454312229,4.647813280581905,71724300
2020-06-23,4.558858871459961,4.729352791968831,4.551445923257093,4.692288757892146,86672800
2020-06-24,4.410604476928711,4.536621808292777,4.34388968944751,4.492145165482331,75536300
2020-06-25,4.469906330108643,4.484731875421239,4.299412382279351,4.343889018217138,73612700
2020-06-26,4.380953311920166,4.499558044327235,4.30682557508383,4.477319546541868,118435400
2020-06-29,4.455080509185791,4.499557142372064,4.306824711762687,4.380952433739808,58208400
2020-06-30,4.506969928741455,4.52179547376486,4.373540023530815,4.432842203624433,61909300
2020-07-01,4.4328436851501465,4.581099184933499,4.410605183448147,4.521796985020157,62454700
2020-07-02,4.484731674194336,4.5736849420786365,4.447667635841444,4.521795359078362,67270500
2020-07-06,4.588510990142822,4.595923586545335,4.5292088050471,4.5514469477235435,63921800
2020-07-07,4.536621570587158,4.595923757893827,4.514383427081617,4.551447117413826,56652000
2020-07-08,4.514383316040039,4.5810980983845795,4.4847322231160405,4.544034408964037,60928600
2020-07-09,4.329063415527344,4.5217955020366265,4.314237870411245,4.514382906213016,82693000
2020-07-10,4.521796226501465,4.521796226501465,4.254936018187492,4.299413014130599,73710700
2020-07-13,4.492145538330078,4.6107499290020915,4.48473294064756,4.558860684817568,80190700
2020-07-14,4.7145280838012695,4.736766225409777,4.506970092464834,4.581097820274672,106131800
2020-07-15,4.996212959289551,5.025864400973208,4.833131974108129,4.847957518215531,101648700
2020-07-16,5.085167407989502,5.114818501047372,4.9146734461722925,4.93691158923124,93498500
2020-07-17,5.0406904220581055,5.122230745630178,4.988800836037698,5.1148181496094836,80769000
2020-07-20,4.936911582946777,5.07775445152683,4.877609396906526,5.040690761986128,71361700
2020-07-21,4.951736927032471,5.048103152142935,4.922085835224466,4.973975422622923,63285100
2020-07-22,5.070341110229492,5.099992198894203,4.8998471736729785,4.9220853134370826,75629600
2020-07-23,5.1741204261779785,5.2334226093024885,5.0406905141478315,5.092579747647331,88652600
2020-07-24,5.099991798400879,5.1963580057281495,5.085166255232748,5.114817341569011,62292000
2020-07-27,5.13705587387085,5.144468822758296,5.018451519422566,5.129643278452261,60370200
2020-07-28,5.196358680725098,5.22600977091298,5.114818005973983,5.114818005973983,56312500
2020-07-29,5.129642486572266,5.233421280693835,5.062927370759712,5.226008686419553,59437200
2020-07-30,4.996212959289551,5.062928084507286,4.94432373164807,4.996212959289551,58991000
2020-07-31,4.899847507476807,5.114818091675332,4.833132376701787,5.107405142269716,115301700
2020-08-03,4.959150314331055,4.981388458414979,4.840545936632985,4.929499219906537,53845900
2020-08-04,5.085167407989502,5.122231097577385,4.988801178816969,5.122231097577385,69377600
2020-08-05,5.159295558929443,5.211185152722175,5.085167820274784,5.085167820274784,81728400
2020-08-06,5.13705587387085,5.188945455676403,5.107404785258779,5.13705587387085,48668500
2020-08-07,5.085167407989502,5.129644047576308,5.033277818403774,5.092580004519514,47480100
2020-08-10,5.255661487579346,5.2853125813016595,5.122231212360018,5.122231212360018,57229000
2020-08-11,5.359440326690674,5.470632105113751,5.329789232907043,5.344614779798858,74016400
2020-08-12,5.270486831665039,5.463218933444946,5.233422789203681,5.433567840863422,59161400
2020-08-13,5.211184501647949,5.32237591900345,5.188946006095511,5.211184501647949,50066800
2020-08-14,5.218596935272217,5.2704865209654015,5.1370562587454645,5.166707349579032,43517700
2020-08-17,5.1741204261779785,5.2334226093024885,5.092579747647331,5.226010013146371,64555200
2020-08-18,5.107405185699463,5.196358811978849,5.107405185699463,5.174120317041781,40444200
2020-08-19,5.0925798416137695,5.2037716137583425,5.0851672453208785,5.107405387668453,44158100
2020-08-20,5.070341110229492,5.1074047943259515,4.988800439667109,5.01845152833182,41824500
2020-08-21,4.936911582946777,5.07775445152683,4.929498986426201,5.025865215476065,39158900
2020-08-24,5.1741204261779785,5.188945971959106,4.959149835617184,4.988800927179439,64974700
2020-08-25,5.144469261169434,5.263073625725169,5.085167078891566,5.196358847397012,49550000
2020-08-26,5.055516242980957,5.166707663631026,5.018452200451663,5.144469520888574,48600100
2020-08-27,5.1222310066223145,5.174120595286643,5.0629288215595984,5.0629288215595984,45740900
2020-08-28,5.144469261169434,5.151881857219723,5.085167078891566,5.137056311650256,39936900
2020-08-31,5.055516242980957,5.137056570995154,5.033277746769599,5.114818428252701,50089500
2020-09-01,5.062928676605225,5.092579768287656,4.981387997744092,5.018452039081578,48189900
2020-09-02,5.151881694793701,5.166707239895755,5.018451788875213,5.048102879079321,59008900
2020-09-03,5.055516242980957,5.25566129500755,5.011039604027148,5.129643974570638,78130900
2020-09-04,5.114819526672363,5.151883223692268,5.003627728674685,5.0851684276688465,70017500
2020-09-08,5.211184501647949,5.314963322798568,5.048103143513794,5.0629286893924546,84749300
2020-09-09,5.166708469390869,5.26307471222044,5.13705737213084,5.2408365660099,56501400
2020-09-10,5.1222310066223145,5.21859723408368,5.0925799140909564,5.1815331916850305,69228600
2020-09-11,5.188946723937988,5.188946723937988,5.0777549377312425,5.144470080149079,55080600
2020-09-14,5.277900218963623,5.322376864500686,5.174121379377141,5.196359878880152,58704300
2020-09-15,5.218596935272217,5.322375753189702,5.188945844438649,5.307550207772919,65198500
2020-09-16,5.203771591186523,5.277899321138403,5.18153309546651,5.226010086906536,46245800
2020-09-17,5.396503925323486,5.440980562328625,5.174120386828904,5.218597023834042,84850100
2020-09-18,5.359440326690674,5.485457652005566,5.352027376510306,5.418742514257937,71929400
2020-09-21,5.0925798416137695,5.255661201684183,5.04810320344972,5.255661201684183,72850300
2020-09-22,5.025865077972412,5.181533135334663,5.0184521281857375,5.107405404812424,55865500
2020-09-23,4.922086238861084,5.137056848832274,4.91467364203566,5.048103566113628,52588600
2020-09-24,4.936911582946777,5.011039668966002,4.751592074836536,4.892434943416588,59822900
2020-09-25,4.825719833374023,4.973975288413779,4.818306883887592,4.899847560893901,53761800
2020-09-28,4.959150314331055,5.0184525031800895,4.877609627929168,4.885022578269761,47582600
2020-09-29,4.892434597015381,4.966562324317197,4.847957960634291,4.959149728321458,38987300
2020-09-30,4.936911582946777,5.003626718976515,4.885022346896013,4.899847893406075,55944600
2020-10-01,5.003625869750977,5.018451413744819,4.914672605787928,4.973974781763294,58340600
2020-10-02,5.107405185699463,5.137056276636296,4.89243459967298,4.907260145141397,60798400
2020-10-05,5.203771591186523,5.226010086906536,5.151882003485759,5.151882003485759,42359400
2020-10-06,5.1741204261779785,5.374265470957646,5.1592948803968515,5.2334226093024885,78203800
2020-10-07,5.359440326690674,5.374265873582489,5.233423001375781,5.27048704533978,50664100
2020-10-08,5.44839334487915,5.44839334487915,5.337201571826738,5.403916706351966,54513300
2020-10-09,5.374264717102051,5.515107559000986,5.359439173400523,5.455805384194876,50977900
2020-10-12,5.685602188110352,5.8338576433735225,5.433567560694074,5.455806055717993,97692900
2020-10-13,5.752318382263184,5.8412716718522555,5.655952141807214,5.796795027057719,74562600
2020-10-14,5.611474514007568,5.744904425017233,5.596648968339828,5.730078879349493,57752100
2020-10-15,5.648538112640381,5.648538112640381,5.463218617972634,5.500282658293737,49336200
2020-10-16,5.685602188110352,5.74490437021562,5.6411255515314,5.715253279162986,47509400
2020-10-19,5.626300811767578,5.7226666947550955,5.611475264118042,5.6930155994560225,38960700
2020-10-20,5.737491130828857,5.819031803838168,5.618886772610856,5.648537862165357,63447000
2020-10-21,5.819031715393066,5.841270208955367,5.730078448081591,5.759729537185416,51981100
2020-10-22,6.085892677307129,6.093305627299891,5.848683579572392,5.87833467260562,74008500
2020-10-23,6.048828601837158,6.189671823192921,5.996939366041781,6.152607780365729,62249000
2020-10-26,5.952462196350098,5.982113288343035,5.885747416100438,5.959875146082781,62131000
2020-10-27,5.8709211349487305,5.996938436873309,5.856095590808712,5.937636260313238,64154500
2020-10-28,5.7078399658203125,5.8412702205205695,5.655950736520314,5.693014421239047,82938300
2020-10-29,5.8560967445373535,6.108131044571753,5.819032700150774,6.05624180659325,118999900
2020-10-30,5.730079174041748,5.8635090919135795,5.641125895460527,5.819032452622969,79345600
2020-11-02,5.71525239944458,5.826444150511247,5.6930139078437145,5.804205658910381,59962900
2020-11-03,5.84127140045166,5.878335092657222,5.730079616897103,5.752318114995589,65108800
2020-11-04,5.663363933563232,5.833857891089807,5.655951337219765,5.82644529474634,67326800
2020-11-05,5.922811031341553,5.922811031341553,5.7152533899497335,5.752317431218434,61442600
2020-11-06,5.7745561599731445,5.94505048435845,5.744905065332812,5.937637533963903,50912100
2020-11-09,6.078479766845703,6.211910039831904,5.989526487167512,6.011764630352603,110511300
2020-11-10,6.211909770965576,6.367578180399167,6.063654311252108,6.100717645977128,87468400
2020-11-11,6.1748456954956055,6.374991095216342,6.145194603715251,6.374991095216342,75644400
2020-11-12,6.085892677307129,6.145194863373585,6.004352348200206,6.12295672033312,81064900
2020-11-13,6.330513000488281,6.352751138712359,6.100716549047254,6.100716549047254,79475100
2020-11-16,6.5232462882995605,6.5603103282491135,6.382403077878814,6.478769298972545,84853900
2020-11-17,6.48618221282959,6.560310292322746,6.397228941600457,6.419467082673301,46754500
2020-11-18,6.53807258605957,6.708566915892249,6.508421490471871,6.53807258605957,77759300
2020-11-19,6.53807258605957,6.582549582910059,6.478770394884172,6.582549582910059,56672700
2020-11-20,6.4787702560424805,6.538072445947017,6.434293967083011,6.53066020241235,57024300
2020-11-23,6.567722320556641,6.6566755888851175,6.508420141670989,6.538071231113815,71537100
2020-11-24,7.0050764083862305,7.042140446862528,6.775280642321111,6.782692884466183,99520500
2020-11-25,6.730803966522217,6.856821279015909,6.671501784988452,6.819757238822865,95217800
2020-11-27,6.738216400146484,6.775280437502325,6.693739413931934,6.760454539784903,27853900
2020-11-30,6.730803966522217,6.841995380163585,6.656675886136128,6.841995380163585,77970100
2020-12-01,6.849409103393555,6.968013479860272,6.790106915160196,6.790106915160196,68863000
2020-12-02,6.819756984710693,6.849408074372741,6.730803715724549,6.790105895048645,48345000
2020-12-03,6.827170372009277,6.9087106970785035,6.782693381192927,6.864234413199939,50302100
2020-12-04,6.923536777496338,6.997664154879547,6.849408693175325,6.864234592814649,48775500
2020-12-07,6.834583759307861,6.916124089598765,6.782693815542894,6.901298896335796,58305200
2020-12-08,6.8568220138549805,6.916124201744104,6.797519825965856,6.812345019469216,56296700
2020-12-09,7.0050764083862305,7.034727497779722,6.886472050812268,6.901297948977881,60780300
2020-12-10,6.76045560836792,6.908711074287383,6.745630415244886,6.901298831194778,83372800
2020-12-11,6.686327934265137,6.812344544540787,6.678914984561336,6.812344544540787,73438200
2020-12-14,6.6047868728637695,6.804932272374933,6.582548730786237,6.767868230953852,76826000
2020-12-15,6.782694339752197,6.782694339752197,6.627025910301923,6.693741052486025,69606100
2020-12-16,6.701152801513672,6.804931971516881,6.649263569980946,6.797519022172846,55274500
2020-12-17,6.730803966522217,6.767868006715262,6.671501784988452,6.73821691594838,49301600
2020-12-18,6.634438514709473,6.7382176979058235,6.604787420501637,6.7382176979058235,78764600
2020-12-21,6.619612693786621,6.678914876582698,6.515833520424594,6.575135703220671,63908100
2020-12-22,6.515833854675293,6.664089319270728,6.486182761756205,6.656676369306502,59031200
2020-12-23,6.664089679718018,6.693740774240873,6.523247157468918,6.538072351261418,54086700
2020-12-24,6.567722320556641,6.686327385265678,6.52324603986127,6.678914436170539,27927000
2020-12-28,6.589962482452393,6.656676916804096,6.567723630730614,6.612200627236294,38068400
2020-12-29,6.53807258605957,6.619613629129153,6.508421490471871,6.619613629129153,37537900
2020-12-30,6.567722320556641,6.612199308189747,6.53065898895641,6.545484180208955,38461900
2020-12-31,6.515833854675293,6.56772309054924,6.508420904711066,6.552897897558606,40176500
2021-01-04,6.315688133239746,6.552896838246334,6.248973008222217,6.530658698886392,85043100
2021-01-05,6.412054061889648,6.463943999731773,6.27121156074731,6.2786245100015785,70127800
2021-01-06,6.552897930145264,6.627025309342697,6.434293557879112,6.515833887077636,72590200
2021-01-07,6.715979099273682,6.730804291904923,6.582548830903498,6.627025115735025,77117100
2021-01-08,6.671502113342285,6.775281289602996,6.5899617864546,6.745630197376765,59162200
2021-01-11,6.893886566162109,6.90871176075822,6.538072705662815,6.575136752559935,95968300
2021-01-12,7.249699592590332,7.279350688200477,6.886473494631585,6.893886445268592,124808500
2021-01-13,7.249699592590332,7.353478780694781,7.145921111423766,7.346065830057774,89549300
2021-01-14,7.538797378540039,7.561035520780304,7.257111651391447,7.271937550843486,112695300
2021-01-15,7.286762714385986,7.449844073021043,7.2793497646894405,7.442431123324496,99985000
2021-01-19,7.427604675292969,7.568447161030108,7.390540640013405,7.457255762129087,78732800
2021-01-20,8.050278663635254,8.057691613151272,7.553622357066511,7.583273448192805,125033200
2021-01-21,8.54693603515625,9.006528358348103,8.24301213650824,8.361616515791574,282394100
2021-01-22,8.539525032043457,8.665541673132859,8.406094732499664,8.643303525521548,130866600
2021-01-25,8.36902904510498,8.539523361948964,8.065105161750301,8.517284511748992,118954500
2021-01-26,8.294900894165039,8.54693553897965,8.24301165797538,8.383854880401344,66267500
2021-01-27,7.99838924407959,8.280074956668905,7.931674113869257,8.168883544276857,82863000
2021-01-28,7.946500778198242,8.19112247458019,7.939087828141133,8.035454058070057,77388700
2021-01-29,7.805657386779785,8.035453885036974,7.746355201475571,7.850134379226851,73925800
2021-02-01,8.02804183959961,8.480221230222405,7.679640931482236,7.894611554163617,157114400
2021-02-02,8.050278663635254,8.302313291677635,7.939087248646099,8.257837008457082,80440700
2021-02-03,8.302313804626465,8.420918176459471,8.0354539680022,8.094756153918704,82968600
2021-02-04,8.428328514099121,8.613647964383457,8.280073095259171,8.450566650190712,106845000
2021-02-05,8.532108306884766,8.821206218781391,8.376439928579792,8.747078857216618,113402100
2021-02-08,8.569174766540527,8.583999960274518,8.383855249769596,8.539523672134692,75756700
2021-02-09,8.843448638916016,8.92498898168546,8.517285853962354,8.554349903198625,102250800
2021-02-10,8.717429161071777,8.910161604356377,8.546934859108395,8.895335705517054,76282500
2021-02-11,8.487634658813477,8.70260529359782,8.383856170465268,8.643303098273721,55762900
2021-02-12,8.487634658813477,8.61365200061167,8.428332463489378,8.465396512301423,44401200
2021-02-16,8.554347038269043,8.67295139055307,8.435742685985016,8.524695950198035,48392100
2021-02-17,8.509871482849121,8.606237712009474,8.42833115368474,8.606237712009474,49554000
2021-02-18,8.472806930541992,8.50987026133618,8.376440715214116,8.428329943876156,37777100
2021-02-19,8.584000587463379,8.591413538340928,8.495047297746515,8.5395242960739,48615600
2021-02-22,8.672950744628906,8.850857259805233,8.5246953153153,8.539521211715487,62183000
2021-02-23,8.613651275634766,8.635889420275124,8.250425183111474,8.591413130994408,72904500
2021-02-24,9.095480918884277,9.191846431688758,8.628475718720116,8.650713859602861,95152800
2021-02-25,8.717429161071777,9.191846612925849,8.687778070330896,9.058417058060774,75249400
2021-02-26,8.672950744628906,8.880508345667954,8.554346401178021,8.813793932680069,69614500
2021-03-01,8.880510330200195,8.954638414891264,8.732254867755865,8.798970002590265,43172800
2021-03-02,9.303038597106934,9.488358088256723,8.850858586261285,8.924986665496304,104789000
2021-03-03,9.02135181427002,9.347513768903113,8.999113675915817,9.347513768903113,80169700
2021-03-04,8.843448638916016,9.236325864169437,8.621065050436327,9.073244471692606,88339600
2021-03-05,9.095480918884277,9.110306110493523,8.650713859602861,8.939812518829557,79345700
2021-03-08,9.377165794372559,9.547660090655597,9.117718935768274,9.184434064446952,86129700
2021-03-09,9.317865371704102,9.45870860478944,9.17702284555664,9.45870860478944,61568700
2021-03-10,9.569897651672363,9.621786878863203,9.354927087247555,9.429055160609641,62111200
2021-03-11,9.495771408081055,9.681090906461781,9.451294417417056,9.592136925133783,56536500
2021-03-12,9.910887718200684,9.955364713485352,9.466121300043284,9.473533543475847,87160100
2021-03-15,9.784869194030762,10.096206002167275,9.673677779812481,9.925712406107541,64476000
2021-03-16,9.258563041687012,9.747806460962254,9.214086752809918,9.68109202764661,125425300
2021-03-17,9.406815528869629,9.414228476974317,9.058415451200945,9.147368707644288,109324400
2021-03-18,9.258563041687012,9.644027982290455,9.221498996330856,9.414231466632577,76733300
2021-03-19,9.51059627532959,9.599549546679922,9.30303864217881,9.525422174023525,90885200
2021-03-22,9.525423049926758,9.584725236280068,9.273388404456274,9.525423049926758,81362100
2021-03-23,9.051004409790039,9.399405267790842,8.984289276668845,9.31786423533703,73020200
2021-03-24,8.999114990234375,9.288212951874705,8.984289091207806,9.162195637899975,54534400
2021-03-25,9.13254451751709,9.154783365985672,8.687778152212035,8.850858799355002,54201800
2021-03-26,9.117717742919922,9.258560224086148,8.939811227677009,9.214083948744246,49239800
2021-03-29,9.006526947021484,9.162195347172021,8.947224766672493,9.04359098647404,44747900
2021-03-30,9.236323356628418,9.251148548135317,8.97687578934908,9.013939828522949,49762300
2021-03-31,9.080656051635742,9.295626656417362,9.051004958111996,9.236324469369869,60456900
2021-04-01,9.02135181427002,9.110305074624499,8.910160415561338,9.102892126193876,61907500
2021-04-05,9.414230346679688,9.473532529419577,9.139957574773254,9.184434565297062,82332700
2021-04-06,9.577312469482422,9.629201706799847,9.369754813274888,9.414231100421869,67499400
2021-04-07,9.436470985412598,9.584727188429474,9.384581738519472,9.540250186136817,42264000
2021-04-08,9.273388862609863,9.458708380854164,9.214086673326715,9.391993241176158,52622000
2021-04-09,9.273388862609863,9.354929196139725,9.184435578685143,9.258562961820147,40555400
2021-04-12,9.177021980285645,9.303039300348507,9.132544987994947,9.265975257929227,40422800
2021-04-13,9.04359245300293,9.228911973379784,8.969465069014907,9.184435684374545,51556000
2021-04-14,9.073243141174316,9.258562653242114,9.043592047520983,9.043592047520983,49877500
2021-04-15,9.073243141174316,9.132545328480985,8.991702810362106,9.117720135123236,38209300
2021-04-16,9.06583023071289,9.162196462242537,9.036179136929757,9.132545368459402,33132900
2021-04-19,8.976875305175781,9.080654467877673,8.910160886586397,9.058416328347878,39063500
2021-04-20,8.487634658813477,8.939814781832151,8.413507268127319,8.939814781832151,83170800
2021-04-21,8.695188522338867,8.702601470232088,8.287486285338417,8.420915812728287,49641100
2021-04-22,8.850858688354492,9.006527090993433,8.769318365805622,8.939812667237685,73064400
2021-04-23,9.058418273925781,9.073243467817248,8.798970664915439,8.873098755186355,51833300
2021-04-26,9.095480918884277,9.221497521845002,9.065829121790282,9.102893161220024,40863800
2021-04-27,9.258563041687012,9.265975992145817,9.09548237322051,9.110307567200252,42037800
2021-04-28,9.214083671569824,9.340100959477166,9.184432586587958,9.340100959477166,68023400
2021-04-29,8.34679126739502,8.828621731824535,8.257837983512857,8.828621731824535,230430600
2021-04-30,8.554347038269043,8.554347038269043,8.398678649161832,8.42091678848066,90786500
2021-05-03,8.621063232421875,8.65812727384206,8.47280777367892,8.569173998596288,61987300
2021-05-04,8.45798397064209,8.561763170952666,8.324553671233913,8.546937267934885,71007700
2021-05-05,8.60623836517334,8.6284772168551,8.450569938090407,8.524698029820518,64495500
2021-05-06,8.70260238647461,8.717428283821977,8.509869962585004,8.561759896363094,50032800
2021-05-07,8.761906623840332,8.769319574258432,8.539523766800254,8.635889294484096,41525800
2021-05-10,8.680366516113281,8.843447894869199,8.67295356550213,8.732255756515578,51703500
2021-05-11,8.584000587463379,8.71743087550763,8.465396201174226,8.487634346868965,56882600
2021-05-12,8.398681640625,8.658129283860289,8.36161759060025,8.554350085178582,55663100
2021-05-13,8.561760902404785,8.65812712567301,8.41350544619897,8.420917688805927,56598500
2021-05-14,8.7767333984375,8.798971544967836,8.613652007693187,8.635890154223524,48619200
2021-05-17,9.006526947021484,9.02876579485567,8.739667135451027,8.761905276347461,52201700
2021-05-18,8.999114990234375,9.288212951874705,8.99170204072109,9.110306405182536,72472900
2021-05-19,8.976875305175781,9.051003379525376,8.78414358435471,8.917573128471188,70220800
2021-05-20,9.258563041687012,9.406818516173772,9.117720517659057,9.280801893063426,106243900
2021-05-21,9.881237983703613,9.985017182360032,9.317866402890974,9.41423265015666,200958600
2021-05-24,9.681089401245117,9.918298096071126,9.577310243789901,9.918298096071126,111374300
2021-05-25,9.495771408081055,9.955363679232724,9.488358458480757,9.732980139788294,113383400
2021-05-26,10.303763389587402,10.340827429076977,9.71074158550523,9.755217867342518,227538700
2021-05-27,11.030217170715332,11.15623449236445,10.466845698276671,10.659578155732712,278939100
2021-05-28,10.770769119262695,11.156234017777056,10.681815844283486,11.12658292611732,152105300
2021-06-01,10.978327751159668,11.00056589374397,10.718880162237518,10.911612616468954,89071000
2021-06-02,11.052454948425293,11.133995981467017,10.881961346497679,11.045041998705537,77517200
2021-06-03,11.853034973144531,11.904924206586522,11.111756977971949,11.230361344089516,179671400
2021-06-04,11.83820915222168,12.194022938617909,11.71219184317903,12.105068961815542,151788000
2021-06-07,11.77149486541748,12.00870430896813,11.601000555773647,11.8678610914009,90915300
2021-06-08,11.586177825927734,11.712195170773633,11.363794234615094,11.682544072394478,93891100
2021-06-09,11.474982261657715,11.578761428567336,11.408267840363393,11.563936237258956,60079100
2021-06-10,11.200709342956543,11.697365615944008,11.178471202849893,11.556523119351585,78147500
2021-06-11,11.326727867126465,11.437919993498594,11.245187540003812,11.341553766751202,50613500
2021-06-14,11.022804260253906,11.341554040501391,10.985740217235252,11.289664097500147,82666000
2021-06-15,11.119170188903809,11.237774557808734,10.94126363554642,11.052455054660339,62612700
2021-06-16,11.133995056152344,11.334139733387731,11.03021588951394,11.193297235106366,69112900
2021-06-17,10.948677062988281,11.415681609190681,10.807833838565855,11.341554228860097,126653100
2021-06-18,10.763357162475586,10.948676667006328,10.704054270642967,10.778182355230387,76319700
2021-06-21,10.956088066101074,11.045041336592309,10.785594474393982,10.84489665472147,63385000
2021-06-22,11.052454948425293,11.200710408131433,10.98573981482308,11.133995981467017,65545900
2021-06-23,11.43050479888916,11.512045109998395,11.14140617542206,11.22294719346896,94985700
2021-06-24,11.311902046203613,11.526872630258747,11.23036101667175,11.519459680858077,79859800
2021-06-25,11.26001262664795,11.504635019587745,11.25260038384319,11.297076668422935,111760500
2021-06-28,11.089519500732422,11.274839010633071,10.993153270751545,11.267426060571967,79477400
2021-06-29,11.12658405303955,11.267426575953658,11.030217818650799,11.156235147702407,68208200
2021-06-30,11.015389442443848,11.200708919175701,10.978326112647638,11.082104567177348,72213500
2021-07-01,11.052454948425293,11.096931939806032,11.000565714262592,11.052454948425293,51112200
2021-07-02,11.067280769348145,11.148821094873586,10.993152686552078,11.089518911411849,43652000
2021-07-06,10.748529434204102,11.030215118001973,10.666989120580121,11.022802169416789,73990600
2021-07-07,10.54838752746582,10.71888186621641,10.392719797691425,10.681817818058637,72992500
2021-07-08,10.422369003295898,10.548385613061164,10.185159562299548,10.348240920433703,62706800
2021-07-09,10.733707427978516,10.807835526826267,10.578039692886536,10.711469281099367,65981200
2021-07-12,10.830071449279785,10.926437675213695,10.555798670977644,10.64475194716176,49205200
2021-07-13,10.689228057861328,10.844896455089902,10.600274789007536,10.74853023709719,45360600
2021-07-14,10.563210487365723,10.844896185194669,10.52614644953128,10.696640740794624,39056200
2021-07-15,10.385303497314453,10.600274058974014,10.333413563853393,10.489081950361191,44952300
2021-07-16,10.088793754577637,10.481671620281896,10.066555611574433,10.466845720321214,48065200
2021-07-19,9.844172477722168,9.873823571961717,9.480946396553236,9.82193433377697,99949200
2021-07-20,10.311177253723145,10.348241296501193,9.844172011370484,9.91088714698341,70731800
2021-07-21,10.518733978271484,10.629926096824455,10.400129617365186,10.41495551594735,53817500
2021-07-22,10.311177253723145,10.481671567727044,10.214811025275344,10.437194575005822,40440100
2021-07-23,10.244462013244629,10.407543375636003,10.177746878314622,10.35565414044058,37927900
2021-07-26,10.400129318237305,10.437193356688928,10.281524960742297,10.303763101038179,43838000
2021-07-27,10.222224235534668,10.348241560026466,10.118445054500883,10.326003416568453,41963200
2021-07-28,10.2741117477417,10.370477962465358,10.059141178569757,10.2741117477417,70653500
2021-07-29,10.666991233825684,10.96350216659824,10.600276097217401,10.75594451365745,111154800
2021-07-30,10.340827941894531,10.6002755242502,10.281525758545428,10.548385583616394,74955700
2021-08-02,10.311177253723145,10.622514081958252,10.288939110831441,10.392718289222417,64673700
2021-08-03,10.392717361450195,10.437193643263141,10.111031651196436,10.355653321980903,53257700
2021-08-04,9.873823165893555,10.326003218122748,9.858997972852402,10.266701032082496,81502700
2021-08-05,10.162920951843262,10.244461273683541,9.970188510834136,10.036903640947893,60524400
2021-08-06,10.229639053344727,10.311179398869907,10.1777490998851,10.244464249377502,44450600
2021-08-09,10.192571640014648,10.244460869416468,10.044316193911072,10.170333499833545,38760400
2021-08-10,10.244462013244629,10.311177148174638,10.125857643119197,10.20739867778379,32120800
2021-08-11,10.326004028320312,10.340829222524677,10.133271555098435,10.274114081260345,42795600
2021-08-12,10.303763389587402,10.414955508056124,10.222223068260542,10.318589288158334,38547900
2021-08-13,10.073968887329102,10.34082873281079,10.036904843166628,10.288939495146034,45118500
2021-08-16,9.977602005004883,10.05173008849863,9.873822829501195,10.007253097014821,38664300
2021-08-17,9.62920093536377,9.88123556546456,9.495771377674593,9.873822615888,74625300
2021-08-18,9.636614799499512,9.792283220692019,9.562486710574376,9.599550755036944,50966700
2021-08-19,9.39199447631836,9.577314018934052,9.3178663764969,9.488360723311073,69038800
2021-08-20,9.317865371704102,9.391993463531952,9.17702284555664,9.347516467047667,53615600
2021-08-23,9.436470985412598,9.52542498999791,9.243739193979001,9.42164578927369,64573600
2021-08-24,9.695917129516602,9.740394124909038,9.458708372591234,9.495772417595287,53672500
2021-08-25,9.762632369995117,9.84417270429615,9.651440940772085,9.725568324608151,51195500
2021-08-26,9.56248664855957,9.732980969206551,9.495772217285024,9.718155068742533,57559800
2021-08-27,9.866409301757812,9.91088558051149,9.540246625188228,9.555072522731257,57587300
2021-08-30,9.67367935180664,9.910888117719399,9.65885345046815,9.896062923318794,42720100
2021-08-31,9.658852577209473,9.740393613323256,9.58472519803255,9.651440334148255,42212700
2021-09-01,9.718155860900879,9.79969690622396,9.562487428028879,9.658853668086584,58875700
2021-09-02,9.644027709960938,9.792283180261236,9.614376615900877,9.703329898081057,49053200
2021-09-03,9.555073738098145,9.673678105777554,9.540247838669321,9.629201114428879,41616700
2021-09-07,9.599550247192383,9.666265382308007,9.495771776512798,9.51059696935082,64008900
2021-09-08,9.658852577209473,9.799695799439924,9.569899298034471,9.614376291090883,57980900
2021-09-09,9.458706855773926,9.59954935587811,9.429055765913162,9.59954935587811,68806400
2021-09-10,9.399408340454102,9.58472790106597,9.384582436274902,9.518012746135614,48792500
2021-09-13,9.62920093536377,9.62920093536377,9.354928163471078,9.458707336729574,62270800
2021-09-14,9.5328369140625,9.681093112094352,9.48094766891412,9.584726866148825,47640800
2021-09-15,9.799695014953613,9.821933156232697,9.495771158700983,9.555073340070386,60282100
2021-09-16,9.933125495910645,10.0294917263573,9.710742648505258,9.770044835405072,76426100
2021-09-17,10.044316291809082,10.15550770073607,9.92571193377023,9.940537125056219,76182400
2021-09-20,9.503183364868164,9.777456129388414,9.36234086138827,9.688502857674097,126152200
2021-09-21,9.466120719909668,9.614376183542928,9.384579684708015,9.555073998089624,60473100
2021-09-22,9.807109832763672,9.925714933585883,9.56990104499515,9.577313996347405,75784000
2021-09-23,10.162920951843262,10.185159092901927,9.873822290329574,9.896061138325999,68708100
2021-09-24,10.214810371398926,10.33341473514626,10.111031906588897,10.125857098588428,57440200
2021-09-27,10.496496200561523,10.59286242386703,10.288938561793081,10.296351511340685,68769700
2021-09-28,10.60768985748291,10.91902600720493,10.548386959461038,10.844898621818881,107090900
2021-09-29,10.600273132324219,10.7485285572435,10.50390692939228,10.718877472259644,56805500
2021-09-30,10.496496200561523,10.61510056557206,10.444606967603857,10.570624282162,78820500
2021-10-01,10.496496200561523,10.652164606372299,10.385304785098588,10.570624282162,51880900
2021-10-04,10.637340545654297,10.963502584125461,10.540974312098806,10.578038356841358,78332500
2021-10-05,10.592863082885742,10.70405450526628,10.459432810478837,10.70405450526628,55915800
2021-10-06,10.466846466064453,10.62992784256211,10.296352845996168,10.481672367081455,61020300
2021-10-07,11.037631034851074,11.082107324447476,10.607689798417185,10.629927943215387,96557500
2021-10-08,11.208125114440918,11.482397934617046,11.00798038920446,11.059869631499485,99468900
2021-10-11,11.185885429382324,11.386030127075758,11.09693215185882,11.267425757044418,45302300
2021-10-12,11.593587875366211,11.623238966323658,11.126582662583088,11.20071003650782,89134000
2021-10-13,11.497222900390625,11.630652470706453,11.319316335344288,11.556525088739404,63363500
2021-10-14,11.452744483947754,11.578761795279927,11.393442302960587,11.578761795279927,50875100
2021-10-15,11.638063430786133,11.88268579956485,11.519459074370832,11.519459074370832,77211800
2021-10-18,11.534286499023438,11.601000928133802,11.482396556020504,11.541698742077152,48643800
2021-10-19,11.43050479888916,11.630649455952796,11.393440764043994,11.563935041556695,44668300
2021-10-20,11.890100479125977,11.979053052446371,11.393443427209679,11.437920420807707,105213700
2021-10-21,12.268152236938477,12.379345085282218,11.956815372102763,11.97905422454667,95855000
2021-10-22,12.06800651550293,12.260738967827216,12.030941766666182,12.171784984494622,60646800
2021-10-25,11.860447883605957,12.231086879968643,11.71960537604076,12.156958797920993,67808000
2021-10-26,11.815970420837402,12.023528052564167,11.638063879357318,11.92716253946577,64882300
2021-10-27,11.497222900390625,11.80114679241258,11.489809950112566,11.704780559611352,96094300
2021-10-28,12.497945785522461,13.031665361925857,12.386752969964126,12.497945785522461,215237600
2021-10-29,12.661026000976562,12.868584314193514,12.26814821970441,12.497945378083104,100560700
2021-11-01,13.305939674377441,13.32076415872771,12.653614291199489,12.972364033675593,125246500
2021-11-02,13.350418090820312,13.48384836844564,13.142859724083612,13.454196567250811,115146200
2021-11-03,13.810009002685547,13.958265173440209,13.254050483169008,13.283702282870193,104755500
2021-11-04,14.395621299743652,14.454923493418026,13.876726044686007,14.024982235809857,157505500
2021-11-05,14.299253463745117,14.618001819769578,14.076869212852342,14.610588870018926,122232200
2021-11-08,14.936751365661621,15.136896764300836,14.262188501100331,14.38079286758085,153490400
2021-11-09,14.914517402648926,15.203615436511418,14.388209166728391,15.203615436511418,164928500
2021-11-10,14.351144790649414,15.173962538687638,14.128760507331023,14.736608336758183,229109600
2021-11-11,14.491988182067871,14.706959537802973,14.277018240208722,14.558703332890767,96436500
2021-11-12,14.454920768737793,14.543874749419887,14.23994947351681,14.365966788055701,77837900
2021-11-15,14.721779823303223,14.788494948667921,14.188058820385622,14.425267526626593,84838600
2021-11-16,14.66989517211914,14.870039196776817,14.477162684702686,14.751434806655285,66557200
2021-11-17,14.795907974243164,14.83297272199962,14.410444494704931,14.632827325741435,80855200
2021-11-18,14.572406768798828,15.0939147511372,14.423405503127103,15.01941340780387,111368800
2021-11-19,14.44575309753418,14.654356548474999,14.334001807063824,14.632005721983026,64610400
2021-11-22,15.257817268371582,15.488771585380423,14.386154779744176,14.445755572941136,137861700
2021-11-23,15.049212455749512,15.295065860435765,14.877858963214754,15.22056452728953,90984500
2021-11-24,15.08646011352539,15.153511161042843,14.736305748374434,14.877856696693925,77324300
2021-11-26,14.713958740234375,14.781009805135287,14.505355269320992,14.646907675333463,49434000
2021-11-29,14.654356002807617,15.041761788274576,14.520253890838694,14.952359906630392,68778700
2021-11-30,14.296751976013184,14.862960129825018,14.177550408999615,14.617106720235187,103238400
2021-12-01,14.587308883666992,15.250367926244328,14.550058918509086,14.6245588488249,125295600
2021-12-02,14.80335807800293,14.982160413203939,14.363801804427458,14.527703589779723,94142300
2021-12-03,14.259500503540039,15.198213903286451,14.10304898074635,15.175864497741498,120275200
2021-12-06,14.319103240966797,14.520256444293917,13.864647740591947,14.32655351749687,88147400
2021-12-07,14.870408058166504,14.944909388158244,14.542604479794328,14.639455214087317,75885600
2021-12-08,14.758658409118652,15.041763210259855,14.713958174568138,15.034312934335631,63246800
2021-12-09,14.57985782623291,14.848062108201859,14.55750841673217,14.7214102440493,63357600
2021-12-10,15.980477333068848,16.010277017022684,14.721409068882874,14.728859345120057,169657200
2021-12-13,15.220562934875488,15.868721197147849,14.997058958820345,15.824020970334656,126632300
2021-12-14,14.937458038330078,15.034310186649368,14.438301010592156,14.751205437248684,124559700
2021-12-15,15.041762351989746,15.146063366987896,14.56495466700944,14.892759683996884,79679700
2021-12-16,15.160964965820312,15.719722877919379,15.093913902688836,15.324866775144558,107020900
2021-12-17,14.72885799407959,15.079012419139035,14.602206151654723,14.922560895493781,98710700
2021-12-20,14.468106269836426,14.617108961952201,14.192451715720736,14.49790595566259,74565600
2021-12-21,14.60965633392334,14.743758451045728,14.401052882733538,14.71395734902086,58930900
2021-12-22,15.004512786865234,15.153515472855892,14.632007492883515,14.632007492883515,75806400
2021-12-23,15.08646011352539,15.205661660002079,14.90020751953125,14.959808292769594,50610500
2021-12-27,15.49621868133545,15.563269743691768,14.974712155335556,15.09391372819238,59651800
2021-12-28,15.466419219970703,15.68992181702726,15.33976736937336,15.391917880620232,53020500
2021-12-29,15.317416191101074,15.473869142259906,15.235465998584376,15.429167487074626,37883000
2021-12-30,15.250365257263184,15.615420251703377,15.250365257263184,15.33976714738897,51470100
2021-12-31,15.473867416381836,15.652669754195761,15.24291315333518,15.24291315333518,51899600
2022-01-03,16.21887969970703,16.30082989233976,15.689921480557546,15.846374431937894,110449000
2022-01-04,18.1112060546875,18.29745869200307,16.70313657130014,16.777637910425337,311645200
2022-01-05,17.62694549560547,18.58800956889069,17.485393125378557,17.924949363719072,253540000
2022-01-06,18.22295570373535,18.342158688144938,17.403445310506843,17.9473026212115,155058800
2022-01-07,18.20806121826172,18.558215722480085,17.910057233714696,18.37941333175187,127017500
2022-01-10,17.76849937438965,18.20805565004878,17.39599415237307,17.954751985397937,122800700
2022-01-11,18.141006469726562,18.141006469726562,17.34384543965187,17.71635070013498,106011600
2022-01-12,18.230405807495117,18.506060308419332,17.887701671151472,18.33470824024751,104050000
2022-01-13,18.64016342163086,19.273422643419877,18.155906871202124,18.357058630245284,185780500
2022-01-14,18.766815185546875,18.833866245272116,18.103754863930018,18.230406707744944,146012200
2022-01-18,18.16335105895996,18.7221088015009,18.103750289928705,18.528407367895134,110518100
2022-01-19,16.725482940673828,18.565657995241512,16.695681844570153,18.36450485952513,153198200
2022-01-20,16.129472732543945,17.04583506174057,16.069871965303378,16.30082476073628,152014100
2022-01-21,15.384469032287598,16.017728344041732,15.302518830292348,15.801674581974739,145532900
2022-01-24,15.190763473510742,15.250364256016628,14.006196677835861,14.848059329350585,186674000
2022-01-25,14.885307312011719,15.131160684876974,14.572402890092798,14.900207860911323,116775800
2022-01-26,14.833159446716309,15.675022136157347,14.579855754406157,15.652671308837697,135786400
2022-01-27,14.564958572387695,15.384470624098965,14.460657529422763,15.131166873188297,105674400
2022-01-28,14.632349967956543,14.6398371190779,14.16806804190603,14.467604077277096,87677100
2022-01-31,15.201470375061035,15.223936117248877,14.505049506846722,14.66230541725942,91361900
2022-02-01,15.471052169799805,15.613332334195034,14.916910100624373,15.433610697838185,117651800
2022-02-02,15.448590278625488,15.763103577685433,15.111612662111876,15.583381896551316,95377600
2022-02-03,14.89444637298584,15.44110136427276,14.87947063915805,15.104122357883616,103016000
2022-02-04,13.449180603027344,13.920951125137629,13.119691666649322,13.868532495636604,211100500
2022-02-07,13.396761894226074,13.568996369382035,13.25448316593707,13.276947476561375,84610000
2022-02-08,13.269457817077637,13.411737962088687,12.745270139527065,13.164620567227603,142694300
2022-02-09,13.741230964660645,13.801138180243605,13.501602102328798,13.681323749077682,87118600
2022-02-10,13.539042472839355,13.950904367862286,13.419228051439939,13.456669522514543,76195300
2022-02-11,13.142157554626465,13.748719727277436,13.044808863627317,13.554020916978438,94534100
2022-02-14,13.074759483337402,13.276946839050979,12.947457920444172,13.112202379747576,78625000
2022-02-15,13.539042472839355,13.576483943913962,13.269459310540382,13.329366521240091,65883300
2022-02-16,13.486623764038086,13.636391075771154,13.284436393482856,13.396762234357798,57442100
2022-02-17,13.134668350219727,13.434204385303884,13.104714032561072,13.374297178287051,55368600
2022-02-18,13.509090423583984,13.83857938881726,13.157134289024787,13.179600030050052,106404200
2022-02-22,12.94746208190918,13.29941685148445,12.78271614135406,13.232021044584794,98550700
2022-02-23,12.692853927612305,13.276948920161098,12.640433864421421,13.104715854578796,79855400
2022-02-24,12.842620849609375,12.872575170494597,11.95150051363314,11.973965540146741,110443900
2022-02-25,13.35183334350586,13.404251978580927,12.820156983972245,12.91750567364013,78888000
2022-02-28,13.149642944335938,13.239504461245453,12.88754840067524,12.984898496352242,82367800
2022-03-01,12.505643844604492,13.03732020836338,12.318433615962514,13.03732020836338,94819500
2022-03-02,13.554024696350098,13.666350579839241,12.954950937239497,13.104719734092424,138638200
2022-03-03,13.179598808288574,13.666345058975542,13.05978439052872,13.666345058975542,95395500
2022-03-04,12.61796760559082,13.022340889744767,12.460710296869511,12.992388000840991,91304000
2022-03-07,11.958990097045898,12.655411690590075,11.958990097045898,12.61048163379387,87999200
2022-03-08,12.00391960144043,12.520618770830934,11.809220804798844,12.02638391331791,101020300
2022-03-09,12.258526802062988,12.60299294847991,12.19113100327694,12.468201350907814,62846700
2022-03-10,12.228571891784668,12.28847910690698,11.80173280550062,12.063827407273482,72992600
2022-03-11,12.011408805847168,12.34089777578213,11.988943064501326,12.280990560493894,54985900
2022-03-14,11.786755561828613,12.15368743041221,11.6145224980997,12.048850161759942,66341700
2022-03-15,12.026382446289062,12.086289651155615,11.629497035510587,11.809219364260464,65263700
2022-03-16,12.41578483581543,12.45322631785133,12.026387138117723,12.333411861375264,82677600
2022-03-17,12.41578483581543,12.41578483581543,12.10127153049051,12.153690176661167,58500200
2022-03-18,12.625458717346191,12.655411612258012,12.191131028869195,12.295968303511687,89144000
2022-03-21,12.340898513793945,12.812669112164778,12.228572656948764,12.632947455552335,72583600
2022-03-22,12.797691345214844,12.962435832244216,12.505643845567098,12.520619578351083,77647100
2022-03-23,12.490667343139648,12.767737696313176,12.408294381130927,12.595504619659279,63296800
2022-03-24,12.602991104125977,12.71531694289776,12.460710946588101,12.535595315202801,56314200
2022-03-25,12.33341121673584,12.565552963788056,12.236062511550102,12.535598637084192,62023100
2022-03-28,12.483177185058594,12.490665765049702,12.191129706908342,12.393315653465892,54634400
2022-03-29,13.291926383972168,13.329367858803918,12.737784272318146,12.737784272318146,90676900
2022-03-30,12.932480812072754,13.224528263703316,12.880062185195522,13.11969100994885,57853400
2022-03-31,12.6628999710083,12.992390379064958,12.355875304967114,12.880064525589038,52529400
2022-04-01,12.46820068359375,12.842621133120895,12.236060404811107,12.737783864309506,64695700
2022-04-04,12.475691795349121,12.52811044039077,12.251040051370344,12.47569179534912,51146500
2022-04-05,11.846661567687988,12.44573508187265,11.83917370222713,12.325919236395304,91708000
2022-04-06,11.52466106414795,11.831685701728741,11.367404455368728,11.681917672927172,102881600
2022-04-07,11.20266056060791,11.389870796771712,10.903124468405977,11.285032807425848,101229100
2022-04-08,11.270054817199707,11.562102288582343,11.09033318647958,11.18768186750694,75085800
2022-04-11,11.442288398742676,11.809220971167418,11.150240913816226,11.150240913816226,66117100
2022-04-12,11.502193450927734,11.771776573015607,11.442286249163802,11.607031411089704,49138700
2022-04-13,11.614522933959961,11.64447654243473,11.397359093980294,11.464754891586114,51871800
2022-04-14,11.592055320739746,11.801731260366482,11.577078875995118,11.607032479634617,39312900
2022-04-18,11.734334945678711,11.824195752554113,11.509682571415102,11.509682571415102,40205800
2022-04-19,12.093780517578125,12.153687733774833,11.786755856032418,11.786755856032418,55398300
2022-04-20,12.018896102905273,12.393316560046255,11.988943209050355,12.153687696004138,47351500
2022-04-21,11.756803512573242,12.408295094403911,11.689407708564824,12.340899290395493,49898500
2022-04-22,11.329963684082031,11.71187274081691,11.232614274670176,11.644476940904827,56193700
2022-04-25,11.450573921203613,11.458112325627818,11.020894933649387,11.239503629638602,58361400
2022-04-26,11.088737487792969,11.412881640845313,11.058584593478917,11.38272874653126,60345300
2022-04-27,11.194273948669434,11.382729734209983,11.005818163128883,11.149044243822923,65847900
2022-04-28,11.020896911621094,11.299811455258403,10.478143916998842,11.239505646845037,131556500
2022-04-29,10.674135208129883,11.284732248440639,10.628906223752344,10.998279378076484,83184900
2022-05-02,10.757059097290039,10.772135189827138,10.417838028931088,10.568603267713705,64734000
2022-05-03,10.975667953491211,11.118894069252866,10.704291095771522,10.78721212180896,55734200
2022-05-04,11.292269706726074,11.307346513817329,10.749517591672088,10.937973366902378,59774900
2022-05-05,10.953048706054688,11.17165736161594,10.809822642991113,11.17165736161594,57889200
2022-05-06,10.711827278137207,11.005818573342884,10.553524383626733,10.90028307070197,66622200
2022-05-09,10.078617095947266,10.68167585945632,10.033388102052676,10.440452641613456,71242000
2022-05-10,10.0635404586792,10.432913670700659,9.814778849040104,10.402760770105067,75506700
2022-05-11,9.671550750732422,10.267070997776289,9.641397854131533,9.95046522401608,71644900
2022-05-12,9.37756061553955,9.648937437008785,9.15895190874592,9.204181618624741,113203900
2022-05-13,10.17661190032959,10.274608990082454,9.701703258712667,9.709241662286365,78944200
2022-05-16,9.837393760681152,10.19169089683524,9.784625643231466,10.169075681255995,65055400
2022-05-17,10.199227333068848,10.199227333068848,9.920312845226665,10.056001246464083,50891400
2022-05-18,9.633859634399414,10.071077002920237,9.581092244064692,9.98815671540828,68362500
2022-05-19,9.686630249023438,9.89016217788663,9.520788912203901,9.528327318173417,58459600
2022-05-20,9.422788619995117,9.89015884927867,9.098644461418736,9.837391463055248,78183400
2022-05-23,9.671550750732422,9.762009440535087,9.422789174049653,9.528324671603642,51929600
2022-05-24,9.3624849319458,9.558479151773133,9.24941173068489,9.498173348580398,51082800
2022-05-25,9.581094741821289,9.656477363867245,9.287103378524415,9.294641784509404,41193100
2022-05-26,9.89016056060791,9.950466360698666,9.641398955508082,9.648937360244888,45709200
2022-05-27,10.274609565734863,10.274609565734863,9.980618280004913,9.995695087997012,54195700
2022-05-31,10.312301635742188,10.4178364239489,10.06354003653804,10.312301635742188,79689900
2022-06-01,10.214305877685547,10.53091172178369,10.10123195113511,10.463067509633813,50726200
2022-06-02,10.470605850219727,10.523373250941383,10.251997122927541,10.28215002604019,42979700
2022-06-03,10.17661190032959,10.387682168080978,10.07107640700303,10.274608990082454,43625200
2022-06-06,10.14646053314209,10.357530832683755,10.086154733273041,10.357530832683755,37711100
2022-06-07,10.357531547546387,10.380146763234533,9.942928605654979,9.995696723358758,38940300
2022-06-08,10.199227333068848,10.440451237368903,10.131383132450138,10.274609937956702,39441900
2022-06-09,10.010773658752441,10.244459208248061,10.010773658752441,10.18415339913344,30468000
2022-06-10,9.611248016357422,9.9580067970762,9.520789297765825,9.799703859815411,55644400
2022-06-13,8.902652740478516,9.332331755287852,8.849884625063751,9.272025953872571,80676300
2022-06-14,9.196643829345703,9.362485151465098,8.978035107920913,9.03834091252762,82369300
2022-06-15,9.249409675598145,9.362482851735809,9.045877095868281,9.211718377251682,70393200
2022-06-16,8.480509757995605,8.978032882107073,8.38251267007945,8.895112601055734,80380100
2022-06-17,8.465435028076172,8.62373794448686,8.216673404988217,8.472973433358085,80248800
2022-06-21,8.638813972473145,8.789578469944384,8.55589367858942,8.70665817606066,66283400
2022-06-22,8.653888702392578,8.804653895065615,8.450356842526727,8.488048140694985,46098900
2022-06-23,8.71419620513916,8.729272294785694,8.480510704952565,8.668966498395955,53655000
2022-06-24,9.05341625213623,9.136336540272138,8.721733661789042,8.782039456597298,55457600
2022-06-27,9.076030731201172,9.181566231400664,8.97049523100168,9.13633652591466,44009900
2022-06-28,8.902652740478516,9.377560746898382,8.89511433557614,9.151414351042012,45866900
2022-06-29,8.684043884277344,8.864961285474328,8.57850837412818,8.849884475923654,39474200
2022-06-30,8.390053749084473,8.563432769909806,8.239289226866367,8.472974056578943,59238200
2022-07-01,8.53327751159668,8.668965903614865,8.284515938831177,8.367436942354178,54356000
2022-07-05,8.442819595336914,8.450357999783277,7.9980637976269815,8.329746404248748,87269800
2022-07-06,8.337284088134766,8.49558697331776,8.171442799156925,8.405127565583117,71282900
2022-07-07,8.782038688659668,8.834806793678966,8.540815530520192,8.540815530520192,63000400
2022-07-08,8.759425163269043,8.880036755639416,8.653889660494068,8.782039657113039,55235600
2022-07-11,8.510663986206055,8.78957848678779,8.495587895880956,8.6991197881317,48833600
2022-07-12,8.71419620513916,8.834807797918641,8.4955875135009,8.510663603147433,58414500
2022-07-13,8.67650318145752,8.729270563105295,8.420203238194055,8.525738720391264,48274300
2022-07-14,8.586047172546387,8.593584858765455,8.39759135793397,8.457897161097794,48176300
2022-07-15,8.95542049407959,8.970496585583623,8.661429161281102,8.729273370303975,49306900
2022-07-18,9.015726089477539,9.234334802996484,8.970496378207264,9.158952190513315,45873400
2022-07-19,9.490633010864258,9.566014890054115,9.20418014457864,9.211718548168145,62650800
2022-07-20,9.596171379089355,9.664015598997777,9.43033075142655,9.498174971334972,51932200
2022-07-21,9.799702644348145,9.799702644348145,9.520788116892618,9.709243936976236,66949200
2022-07-22,9.66401481628418,9.905238769632549,9.588632914970646,9.875085865326746,46724700
2022-07-25,9.67909049987793,9.79216369812155,9.498173095127393,9.686628904801335,36830500
2022-07-26,9.45294189453125,9.6187831821972,9.39263610245304,9.558477390118991,49272300
2022-07-27,9.942928314208984,9.942928314208984,9.520787698363822,9.611246401759216,64572300
2022-07-28,10.553525924682617,10.621370134937024,10.086155577143472,10.508296211545712,144096500
2022-07-29,11.073661804199219,11.149044407079986,10.561062548876059,10.636444432855045,94551600
2022-08-01,11.563648223876953,11.631492428196992,10.968127913259258,11.051048208038285,109521700
2022-08-02,11.427959442138672,11.646568138420678,11.397806543303286,11.45811234097406,74626800
2022-08-03,11.827486991882324,12.174245730757688,11.654107981895596,11.669184073723965,95846000
2022-08-04,11.586262702941895,11.812409810727665,11.541033712725843,11.797333001387756,85039800
2022-08-05,11.53349494934082,11.66164494913697,11.40534494954467,11.480726837194172,68093500
2022-08-08,11.895329475402832,12.091324391932368,11.721950490587234,11.73702658022686,75988100
2022-08-09,11.450573921203613,11.835023920016244,11.420421022408611,11.804871021221242,67676800
2022-08-10,11.800789833068848,11.861697077347344,11.595227339075205,11.777949797982318,71607000
2022-08-11,12.052033424377441,12.120554261548387,11.884538125300876,12.029193387344357,61567000
2022-08-12,12.318503379821777,12.348956278965504,12.05964720245483,12.14339449027932,53182500
2022-08-15,12.425091743469238,12.524066941280857,12.135781916707746,12.181462721384511,51779600
2022-08-16,12.50883960723877,12.699174959869564,12.37941150936409,12.409864410670398,54028900
2022-08-17,12.204303741455078,12.387025511831915,12.105328541577908,12.303277489188702,57118300
2022-08-18,12.295663833618164,12.341343912927744,12.074874847430472,12.173849320696922,39414200
2022-08-19,12.090100288391113,12.288048480426035,12.006353004302174,12.143393948623016,48597200
2022-08-22,11.481029510498047,11.580003990459284,11.351601400246569,11.481029510498047,71321800
2022-08-23,11.663748741149902,11.739883163259329,11.488640586798544,11.488640586798544,51289000
2022-08-24,11.816019058227539,11.922606391180784,11.60284294017755,11.663750195028475,39508700
2022-08-25,12.128169059753418,12.211917080686371,11.86169927217508,11.876926449098075,56401300
2022-08-26,11.732270240783691,12.24998259789818,11.732270240783691,12.189075347187265,54517300
2022-08-29,11.854084968566895,11.960673022382215,11.564775159129635,11.57238874713181,50416500
2022-08-30,11.762723922729492,12.02919369042551,11.5495485442157,11.953059263634731,66034400
2022-08-31,11.602843284606934,11.816019408985037,11.602843284606934,11.816019408985037,52058200
2022-09-01,11.564775466918945,11.587616231533366,11.252625611239198,11.496255351290884,65299800
2022-09-02,11.541934967041016,11.854084810244023,11.465801266251239,11.823631184713772,64565400
2022-09-06,11.442960739135742,11.602842457993082,11.298306196394204,11.587616007948998,58676700
2022-09-07,11.74749755859375,11.793177634143628,11.26023882094089,11.351599698112356,55087200
2022-09-08,11.777950286865234,11.785563148162325,11.435346842059893,11.54193416093571,60075900
2022-09-09,11.739884376525879,11.95305976396271,11.663749946548288,11.876926060056853,63328600
2022-09-12,11.831246376037598,11.983514524324915,11.762725527790353,11.838859964969913,52656500
2022-09-13,11.22217082977295,11.51909420456253,11.191717206159018,11.420119746299337,80842500
2022-09-14,11.16126537322998,11.305920653158024,11.001383642087907,11.237399807515454,59571800
2022-09-15,11.336373329162598,11.58000233669128,11.176491611453972,11.184104473385457,61377000
2022-09-16,11.20694637298584,11.222172824463408,11.0166110100496,11.130811937382628,68454800
2022-09-19,11.366827011108398,11.389667049158819,11.031836398034239,11.03944998607495,48696200
2022-09-20,9.965959548950195,10.833888324399302,9.905052291938741,10.727300987665146,196340000
2022-09-21,9.935507774353027,10.34663219892968,9.935507774353027,10.080162355228998,94271600
2022-09-22,9.722332000732422,10.080162008621777,9.707104821125954,9.98880110919863,82004400
2022-09-23,9.372115135192871,9.471088901289702,9.098031702703466,9.38734158918011,104043700
2022-09-26,9.128482818603516,9.425406213201647,9.082802743171008,9.295978122690029,89300400
2022-09-27,9.067578315734863,9.30359453057939,8.877242916240608,9.295980940342357,87044400
2022-09-28,9.273137092590332,9.318817163134295,8.95337369449607,9.067574596927608,72701600
2022-09-29,8.732586860656738,9.04473674705859,8.648838834304764,9.021896706267963,84534900
2022-09-30,8.527023315429688,8.778265912880784,8.519409727368329,8.671678584308633,71688200
2022-10-03,8.732586860656738,8.823947749891051,8.473730644790283,8.664066012213052,66198300
2022-10-04,9.410179138183594,9.417792726194502,9.090415702442586,9.105642878464403,87629200
2022-10-05,9.52437973022461,9.562446940011148,9.235069952347201,9.425405275208261,87919100
2022-10-06,9.410179138183594,9.615741658047835,9.280751046285008,9.410179138183594,64531900
2022-10-07,9.28836441040039,9.36449883653083,9.13609628421121,9.273137960817323,56494500
2022-10-10,8.648837089538574,8.793492346198178,8.527022595133639,8.73258509899571,115548900
2022-10-11,8.801106452941895,9.037121868260064,8.511796648623088,8.603157524817705,75173200
2022-10-12,8.785880088806152,8.90769460165164,8.641225536320079,8.74019928345321,59628500
2022-10-13,8.96098804473877,9.052348919678723,8.52702298118437,8.557476606164355,70487400
2022-10-14,8.884854316711426,9.021896002914936,8.801107022960252,8.983828787183766,55127700
2022-10-17,9.006668090820312,9.128482590356786,8.877240003544888,9.120869002617834,59561700
2022-10-18,9.158937454223633,9.326432776780194,9.06757656721236,9.303592736545323,53603400
2022-10-19,9.235072135925293,9.242685724897116,9.029509590116918,9.067576808904224,54130000
2022-10-20,8.96098804473877,9.288364331755684,8.930533693687092,9.235070669558633,55568100
2022-10-21,9.28075122833252,9.326432031222312,8.892467671092065,8.938147747910127,55132700
2022-10-24,9.50153923034668,9.630967311541898,9.273137417481381,9.364498287841831,64717700
2022-10-25,9.768011093139648,9.920279243345792,9.486314833740332,9.577675723864019,66391600
2022-10-26,9.760397911071777,9.943120425009587,9.53199603927524,9.745171458452202,86833600
2022-10-27,9.897439002990723,10.0649343278799,9.455861013250727,9.722330815298427,88421500
2022-10-28,10.095386505126953,10.133453717953923,9.874597542016561,9.897437579284066,55777900
2022-10-31,10.179136276245117,10.285724352954276,10.004028071014217,10.01164093457983,54676700
2022-11-01,10.201973915100098,10.392309254755485,10.019252163288135,10.331402004151498,47454700
2022-11-02,9.943120002746582,10.40753804203437,9.943120002746582,10.064934522817358,73673500
2022-11-03,10.095386505126953,10.247654630363138,9.722329416780376,9.752783041827612,58782600
2022-11-04,10.285721778869629,10.483670703474667,10.103000029728834,10.331401853118983,61489100
2022-11-07,10.430377960205078,10.476058767729603,10.179135333999696,10.36185711195419,48176900
2022-11-08,10.44560432434082,10.50651157891421,10.285722599567736,10.491284402234989,52731900
2022-11-09,10.133453369140625,10.430376021612604,10.110612606587651,10.331401562098055,74199200
2022-11-10,10.795820236206055,10.932861181172338,10.407535985646302,10.422762434610702,75638500
2022-11-11,11.039448738098145,11.168876815871924,10.811046205199029,10.856727002207506,60187600
2022-11-14,10.816354751586914,11.039451648580787,10.816354751586914,10.947135033438611,57691600
2022-11-15,11.000985145568848,11.216388842218802,10.924054887077492,10.993291972987448,61835700
2022-11-16,10.693264961242676,10.90097622122536,10.647107392576297,10.847125479894142,47484200
2022-11-17,10.700959205627441,10.700959205627441,10.424011564908394,10.508634271712753,54317900
2022-11-18,10.762502670288086,10.870204892840157,10.631721662068202,10.83173976095289,37101900
2022-11-21,10.731729507446289,10.800966590342924,10.508632647924513,10.662492424549654,34087100
2022-11-22,10.824045181274414,10.885589090831951,10.754808099606866,10.808659570715667,28738800
2022-11-23,10.793274879455566,10.816354399320163,10.654801428574922,10.770196093252357,25974200
2022-11-25,10.83173942565918,10.854818210612594,10.693265248616003,10.739423552184178,12980900
2022-11-28,10.562483787536621,10.739423087622416,10.53940500358154,10.724036742544818,35249700
2022-11-29,10.577871322631836,10.693265989050532,10.54709936267609,10.654801589351898,28380800
2022-11-30,10.693264961242676,10.731730090905542,10.347080261599528,10.60094909024859,61537300
2022-12-01,10.83173942565918,11.047143130434186,10.770195510009179,10.839432598530767,45335100
2022-12-02,10.662493705749512,10.747117143307614,10.577871001852785,10.647108093068914,42417400
2022-12-05,10.293230056762695,10.593257203377206,10.28553688369688,10.577870857245575,39714500
2022-12-06,10.216299057006836,10.439395924204455,10.047053663726787,10.324001271180666,39996000
2022-12-07,10.077826499938965,10.32400217250105,10.070133326756055,10.154756030783929,36609800
2022-12-08,10.093212127685547,10.200914351422659,10.054746995375051,10.15475604591779,32376300
2022-12-09,10.13936996459961,10.277843407391918,10.031667745839954,10.031667745839954,41553600
2022-12-12,10.35477352142334,10.362466694152934,10.077825906109943,10.154755432421886,35473800
2022-12-13,10.439396858215332,10.708652050909466,10.285537062530702,10.600949827099535,57872100
2022-12-14,10.370159149169922,10.600949195783361,10.277843277256812,10.439396236520087,51199900
2022-12-15,10.023975372314453,10.200914693410102,9.96243145201894,10.177835173053234,55725300
2022-12-16,9.3239107131958,9.862420266204857,9.293138759699891,9.8239558745809,118345700
2022-12-19,8.993112564086914,9.3623767767038,8.877717910328627,9.323911647563932,88062500
2022-12-20,8.823868751525879,8.985421735944799,8.554613532940529,8.962342214126776,82057900
2022-12-21,9.062350273132324,9.070043446221712,8.8854116940446,8.931569265258196,49256000
2022-12-22,8.70078182220459,8.877720439530744,8.539228820720847,8.877720439530744,75158700
2022-12-23,8.739243507385254,8.77001546314973,8.631542029040238,8.670007157161157,38200700
2022-12-27,8.616156578063965,8.76232393335284,8.562305833305627,8.677700495976742,44837400
2022-12-28,8.423831939697266,8.654622006605697,8.38536680626896,8.60077126000291,49375400
2022-12-29,8.877717971801758,8.885411144415265,8.500761317675742,8.523840101854944,53550300
2022-12-30,8.946956634521484,8.954649808490586,8.762324861231727,8.77001730153938,39232200
2023-01-03,8.985418319702148,9.170050022080945,8.90079490586599,9.093119779259196,45809000
2023-01-04,9.239288330078125,9.29313906706172,9.031577086864944,9.1392792944934,53429700
2023-01-05,9.423920631408691,9.523929673087487,9.139279851397337,9.316218417217376,50785600
2023-01-06,9.677787780761719,9.685480951943308,9.308524367979642,9.323909976681637,53089100
2023-01-09,9.762411117553711,9.94704356998948,9.654709648432515,9.800876242380381,50865500
2023-01-10,9.877809524536133,9.900888313052864,9.616247475808313,9.75472167423162,47065500
2023-01-11,10.170141220092773,10.200913175662109,9.916272403230433,9.947044358799769,51911600
2023-01-12,10.331694602966309,10.408624128281017,10.085518214439803,10.208606775533717,58113700
2023-01-13,9.785491943359375,9.86242146965577,9.593167027126391,9.716254856129687,96444000
2023-01-17,9.747026443481445,9.885500612685734,9.562394706983264,9.777798399564476,60774900
2023-01-18,9.54700756072998,9.885499782891392,9.539314388939665,9.839341485810747,48774400
2023-01-19,9.37006950378418,9.508542934978438,9.262367294045285,9.45469219693963,52918500
2023-01-20,9.539315223693848,9.554701568620885,9.293139574151702,9.393148615193525,44349200
2023-01-23,9.847036361694336,9.931659065048574,9.562395559144953,9.600859957430554,49688000
2023-01-24,9.800878524780273,9.923966365960966,9.708562643894753,9.754720951168215,41537400
2023-01-25,9.839344024658203,9.885502333649084,9.608553947026667,9.693177391233043,37739000
2023-01-26,9.939352035522461,10.054746695349284,9.777799071568095,9.993202778953464,48970900
2023-01-27,10.208608627319336,10.28553816658864,9.90088826925775,9.908581443283117,62114600
2023-01-30,9.91627311706543,10.154755606479908,9.893193598481052,10.008588990418906,64512600
2023-01-31,10.39323902130127,10.4393965919989,10.193220925181251,10.300923146244651,83093300
2023-02-01,10.608642578125,10.762502367686732,10.377852526951727,10.400932045631997,70641000
2023-02-02,11.016369819641113,11.231774231622717,10.79327296939401,10.900975175384811,102579800
2023-02-03,10.177834510803223,10.470168480016058,9.831649798251116,10.039361065979191,165500200
2023-02-06,10.108597755432129,10.16244849664163,9.831649409414524,10.123983367065705,77262800
2023-02-07,10.347081184387207,10.393239490831466,9.98551010716825,10.062440373354885,70671100
2023-02-08,10.323999404907227,10.531709889534403,10.231683552443906,10.231683552443906,62028400
2023-02-09,10.377853393554688,10.716345692517656,10.308616299054925,10.50863440901837,78667100
2023-02-10,10.410565376281738,10.549591061424858,10.230650426024663,10.500523631323015,68205200
2023-02-13,10.704971313476562,10.713149477117538,10.386029950692032,10.394208114333008,64201900
2023-02-14,10.606834411621094,10.7867493105709,10.48416431152348,10.623189957019932,75352900
2023-02-15,10.57412338256836,10.582300765962406,10.304250232750322,10.426919562699402,65850000
2023-02-16,10.557767868041992,10.745861738999388,10.230649109741268,10.410564036850348,64145500
2023-02-17,10.541412353515625,10.582301613498418,10.34514031800007,10.484165985696961,54401000
2023-02-21,9.977130889892578,10.475987941330391,9.952597179466771,10.40238603014038,77724200
2023-02-22,9.985309600830078,10.067089679950199,9.928064013393575,10.00984331260106,52844700
2023-02-23,9.870817184448242,10.107978466910883,9.71543597728138,10.07526659277509,57952800
2023-02-24,9.715436935424805,9.79721623887312,9.609123139020587,9.666368729425676,50631600
2023-02-27,9.862640380859375,10.157047265395235,9.780860300754203,9.79721584882765,60378100
2023-02-28,9.870817184448242,9.960775423256118,9.821749763200854,9.870817184448242,59796800
2023-03-01,10.075265884399414,10.255181569452988,9.952596559993026,10.099800373210726,85328800
2023-03-02,10.263360977172852,10.263360977172852,10.001665190833778,10.124335310030649,78214100
2023-03-03,10.696792602539062,10.72132631229412,10.34513938309542,10.40238574574065,80080200
2023-03-06,10.615015029907227,10.778575213225187,10.574125763990493,10.696795121566208,50571200
2023-03-07,10.492342948913574,10.615012274648942,10.4514529136976,10.582300402458674,46540400
2023-03-08,10.615015029907227,10.639549525352574,10.39421003028839,10.451455626502023,46421000
2023-03-09,10.181580543518066,10.696793154431706,10.173402379873577,10.647725732389993,65423500
2023-03-10,9.89535140991211,10.230648305800337,9.81357133680702,10.165224559281295,73897400
2023-03-13,9.838105201721191,10.06708909805685,9.257468857285398,9.756325907240678,119167600
2023-03-14,9.756324768066406,10.067087922597052,9.625477288245607,9.985307857752803,93844200
2023-03-15,9.576410293579102,9.592765840650312,9.257468936608243,9.404672759812115,108909300
2023-03-16,9.666367530822754,9.723613894042126,9.339248797765965,9.429206254378437,74017200
2023-03-17,9.241111755371094,9.592764144299391,9.093907958198226,9.568230438074734,249885100
2023-03-20,9.142977714538574,9.38831637857719,9.118443224204638,9.265647046557882,74975100
2023-03-21,9.584587097167969,9.633654511332296,9.306535817195158,9.322891361945771,74794900
2023-03-22,9.38831615447998,9.764503084915638,9.380138771143121,9.617300045988694,69729100
2023-03-23,9.339248657226562,9.633655512547362,9.21657932915437,9.527341730925597,74225300
2023-03-24,9.412849426269531,9.412849426269531,9.142976313258544,9.257467464285948,72425300
2023-03-27,9.42103099822998,9.568234071387305,9.331072741392596,9.51098847515461,55941100
2023-03-28,9.486452102661133,9.527341357139276,9.371960162349735,9.445562068270453,41385900
2023-03-29,9.854461669921875,9.862639833461015,9.576410348891928,9.633655933840704,48655400
2023-03-30,10.050731658935547,10.132511724278352,9.977129756109523,10.042553496418765,57751300
2023-03-31,10.30424976348877,10.32878347237879,10.132512241433538,10.14886778738937,66868200
2023-04-03,10.369675636291504,10.410564899532949,10.206115463674914,10.247005506829062,55956300
2023-04-04,10.402386665344238,10.508700456898056,10.23064912205155,10.44327670515919,54655700
2023-04-05,10.165223121643066,10.345138009169295,9.99348561634078,10.287892434039355,53332900
2023-04-06,10.083444595336914,10.206113926409955,10.050732721723262,10.157046505945774,36355800
2023-04-10,10.402386665344238,10.402386665344238,9.944419623259526,9.977131499128959,61326200
2023-04-11,10.525057792663574,10.688617199792956,10.459634029811822,10.459634029811822,63633600
2023-04-12,10.361496925354004,10.696793857696155,10.345140596989673,10.680438309244488,53845500
2023-04-13,10.189757347106934,10.336961153409584,9.993486125311737,10.336961153409584,75485700
2023-04-14,10.238826751708984,10.35331792132124,10.157046676346573,10.181580386990257,43542000
2023-04-17,10.369675636291504,10.369675636291504,10.189759914360877,10.222471792901654,40191100
2023-04-18,10.410565376281738,10.435099871245399,10.3206079011532,10.386031661230817,38865900
2023-04-19,9.993486404418945,10.30424957089687,9.952596370424805,10.30424957089687,69451800
2023-04-20,9.707258224487305,9.756326427723387,9.445563220328548,9.658190801163853,79563100
2023-04-21,9.658191680908203,9.748149151803654,9.535521551600548,9.731792822597551,46926500
2023-04-24,9.944419860839844,9.960776189121647,9.715436724283213,9.723614888424114,57794700
2023-04-25,9.745696067810059,9.919577730698094,9.68773472386072,9.91129821555104,63114700
2023-04-26,9.555253982543945,9.820217446017907,9.530413855256613,9.770537191443244,58105300
2023-04-27,9.613214492797852,9.696015969529784,9.472452456145612,9.613214492797852,53280300
2023-04-28,9.836779594421387,9.88645985675916,9.580095606831112,9.596656220712726,55045000
2023-05-01,9.985819816589355,10.176262097414998,9.927858470102686,9.944419080428409,59834200
2023-05-02,9.770538330078125,10.01066169424815,9.654616406472302,9.97754125745413,91090400
2023-05-03,9.76225757598877,10.010661235384473,9.712576528248244,9.720856834480575,94050700
2023-05-04,9.571813583374023,9.795376284666075,9.497292419725566,9.77053616000103,79792900
2023-05-05,9.927858352661133,9.969259088332329,9.704295643482041,9.762256199629704,64173300
2023-05-08,9.9527006149292,9.985821050018254,9.811938568387353,9.9527006149292,49943800
2023-05-09,9.82021713256836,9.87817848059329,9.753976268814197,9.845058048716208,42878300
2023-05-10,9.845059394836426,9.969260833944261,9.712576859560311,9.95270101056818,49193100
2023-05-11,9.828497886657715,9.836778192418357,9.73741689225091,9.795377453268566,43030800
2023-05-12,9.662893295288086,9.886455967159524,9.646332687921864,9.878176453129633,45155400
2023-05-15,9.638056755065918,9.704297629837216,9.596656010920478,9.687737016317634,53197000
2023-05-16,9.315130233764648,9.588373990782808,9.306849928484493,9.563533864595714,60514900
2023-05-17,9.522132873535156,9.638054775401226,9.373090541086402,9.39793145626343,50077500
2023-05-18,9.638056755065918,9.654616578931984,9.48073408524395,9.489014392003742,38181400
2023-05-19,9.646332740783691,9.74569480621908,9.555251768730015,9.654613044512178,43474200
2023-05-22,9.629775047302246,9.712575733893214,9.414491840789609,9.69601591243638,57417200
2023-05-23,9.712575912475586,9.861618256594488,9.54697374659537,9.54697374659537,56843800
2023-05-24,9.381372451782227,9.64633594179262,9.315131579279628,9.63805642496991,71391000
2023-05-25,9.422772407531738,9.53869431955638,9.38137166826198,9.38137166826198,51328900
2023-05-26,10.010661125183105,10.176263299739405,9.555254552913192,9.59665529396563,123257500
2023-05-30,10.424665451049805,10.581987296747212,10.358424590792652,10.474345701416,86226900
2023-05-31,9.936139106750488,10.341864597425987,9.903018674647456,10.333584291986881,86275300
2023-06-01,10.027220726013184,10.085182078065893,9.803657992720678,9.994100291834537,64407800
2023-06-02,10.259063720703125,10.358425015159519,10.05206082650563,10.151422120962023,65261200
2023-06-05,10.424665451049805,10.49918661625244,10.35014428584717,10.48262600636148,49890200
2023-06-06,10.70619010925293,10.70619010925293,10.358425178350046,10.391545610357303,57258400
2023-06-07,11.252677917480469,11.260958223105554,10.747590329497953,10.780711551998294,99342000
2023-06-08,11.24439811706543,11.376879854405564,11.145036814060328,11.202997376733277,64254700
2023-06-09,11.37687873840332,11.617002061191046,11.343758307317199,11.451399905760436,70329500
2023-06-12,11.40999984741211,11.492801324873728,11.30235824257337,11.426560458765797,44584700
2023-06-13,11.699804306030273,11.732924739302657,11.50108170639598,11.509361222474013,61781100
2023-06-14,11.757765769958496,11.964768691224151,11.567323461427764,11.799166512142323,69748500
2023-06-15,11.964768409729004,12.006169150938796,11.691524623259227,11.691524623259227,61463400
2023-06-16,11.939926147460938,12.097247988364021,11.857124679836165,12.022727615085708,75398100
2023-06-20,11.774323463439941,11.939925601463392,11.575600108158518,11.84056431864932,56645800
2023-06-21,11.608722686767578,11.82400509661752,11.54248103413678,11.790884665128809,49984300
2023-06-22,11.74948501586914,11.840566803133523,11.501082151538693,11.517641973989113,46862500
2023-06-23,11.608722686767578,11.716363496865863,11.52592121321911,11.534201518504632,48260200
2023-06-26,11.683243751525879,11.782605051827435,11.583882451224321,11.600443062767958,44956300
2023-06-27,11.931646347045898,11.97304708260804,11.6418427774176,11.74948358436448,49813100
2023-06-28,12.246292114257812,12.246292114257812,11.898527162562585,11.915087774383041,58380800
2023-06-29,12.378772735595703,12.527815069945968,12.246291011574742,12.312531873585224,58488600
2023-06-30,12.527816772460938,12.61061746639987,12.387054724145935,12.461575901448404,54036900
2023-07-03,12.618896484375,12.751378212874467,12.544375314680703,12.544375314680703,29412700
2023-07-05,12.709978103637695,12.767938661707202,12.51953502909686,12.5940561978453,52003900
2023-07-06,12.403614044189453,12.627177567032865,12.32081335360753,12.560936698705952,64841400
2023-07-07,12.403614044189453,12.618897261078642,12.370493610025996,12.411894350143676,53375500
2023-07-10,12.478133201599121,12.494693810830837,12.2794106287384,12.387052219784618,51882000
2023-07-11,12.610618591308594,12.627179205365724,12.39533613614069,12.478136837465717,45849700
2023-07-12,12.602335929870605,12.767938080859354,12.585775319945059,12.726537345698832,47636800
2023-07-13,12.577495574951172,12.65201674362724,12.486414585265635,12.643737227949194,49664300
2023-07-14,12.403614044189453,12.643738178941312,12.345653481816763,12.610616955124417,48747900
2023-07-17,11.6666841506958,12.113810405351655,11.6666841506958,12.072409665361524,99402100
2023-07-18,11.732924461364746,11.732924461364746,11.525921560902635,11.550761687855136,71710800
2023-07-19,11.674965858459473,11.807447610612474,11.641845420421223,11.708086296497724,58280800
2023-07-20,11.617002487182617,11.658403224971762,11.5093608847922,11.617002487182617,45952600
2023-07-21,11.534201622009277,11.724643907365005,11.38515928414592,11.699803780938906,57579800
2023-07-24,11.684865951538086,11.735087789528153,11.592793513180167,11.626274472423868,46687000
2023-07-25,11.366796493530273,11.601163209348176,11.350056412953514,11.601163209348176,58772700
2023-07-26,11.442129135131836,11.509091055595375,11.316575733824964,11.341686254436528,42019700
2023-07-27,11.492351531982422,11.701607757676923,11.467241008408845,11.576054341559884,67313500
2023-07-28,11.098949432373047,11.425388605046377,10.898063664843447,11.366797122412514,116696500
2023-07-31,11.057097434997559,11.065467874422193,10.80598984000178,10.889692637750052,64507700
2023-08-01,11.232872009277344,11.249612088890428,10.973393990158115,11.006874947633275,59129900
2023-08-02,10.914803504943848,11.07383786782515,10.86458166504766,11.04872734700159,57997400
2023-08-03,10.965025901794434,10.99850686400949,10.764139330254979,10.872952657016194,51996300
2023-08-04,10.789250373840332,10.965025620522727,10.71391801122658,10.965025620522727,48412900
2023-08-07,10.831101417541504,10.8478422980253,10.697177566667593,10.822731775548721,43929200
2023-08-08,10.780879974365234,10.797620055981572,10.630215248572766,10.688807529852664,45103800
2023-08-09,10.655326843261719,10.739029654520705,10.59673535432993,10.688808606364647,42932600
2023-08-10,10.17822265625,10.697177998458566,10.11126072811013,10.697177998458566,104063900
2023-08-11,10.161480903625488,10.211701942353596,10.04429714951154,10.144740025216773,64371700
2023-08-14,10.211702346801758,10.236812867160348,10.06103842640117,10.069408067688,48099600
2023-08-15,10.027556419372559,10.169850694954556,10.019186778293465,10.094519135748525,42616400
2023-08-16,9.885262489318848,10.069407356610025,9.87689205037407,9.960594045074878,44838900
2023-08-17,9.90200424194336,10.01918801222196,9.860152838397493,9.943855645489226,36104900
2023-08-18,10.01081657409668,10.061038412995995,9.809930814997522,9.8183004562732,44519900
2023-08-21,10.019186973571777,10.094519332495098,9.935484175157187,10.077778453512563,33456700
2023-08-22,9.935484886169434,10.06940873461752,9.910374364147692,10.05266865268606,32027500
2023-08-23,10.01081657409668,10.019187013621407,9.876892734697241,9.893632815497647,30437700
2023-08-24,9.835041046142578,9.985705760161471,9.835041046142578,9.952224801296053,33338200
2023-08-25,9.968965530395508,10.0359274524843,9.692747402216973,9.902003608306716,47610000
2023-08-28,9.960594177246094,10.09451880739268,9.918743578464854,10.00244557427634,29693500
2023-08-29,10.086148262023926,10.094518700991548,9.952224431537967,10.002445468845705,32009000
2023-08-30,10.069409370422363,10.169852263100616,10.052669287433899,10.102890334648448,30617900
2023-08-31,10.15311050415039,10.270294258722881,10.11962954545097,10.15311050415039,39025700
2023-09-01,10.161480903625488,10.270294218535078,10.07777810807995,10.178220983785184,34716900
2023-09-05,10.119630813598633,10.19496317967491,10.077779410417465,10.144741336207684,35202000
2023-09-06,10.102889060974121,10.136370020979252,9.902003300943345,10.04429758052741,41881500
2023-09-07,10.01081657409668,10.086148933321127,9.960594735197366,10.002446134571953,38559600
2023-09-08,10.295404434204102,10.345625471450782,10.01918633460037,10.01918633460037,49493500
2023-09-11,10.228443145751953,10.379107064972358,10.186591746649434,10.345626105340152,34673600
2023-09-12,10.42095947265625,10.538143241834998,10.228444135700936,10.236813777732252,49507700
2023-09-13,10.57999324798584,10.805989517972804,10.571622808810652,10.621843847363747,62579700
2023-09-14,10.563252449035645,10.630214366442445,10.387477216280535,10.554882009797538,43461600
2023-09-15,10.554882049560547,10.705546763417953,10.379106816143247,10.379106816143247,63982400
2023-09-18,10.328886985778809,10.47955171726801,10.253554620034208,10.4628108367696,47444100
2023-09-19,10.513031959533691,10.58836352186653,10.303775757139103,10.328886277916716,40900000
2023-09-20,10.345626831054688,10.60510488509267,10.337257189246314,10.588364004977723,37449600
2023-09-21,10.211702346801758,10.337256545092805,10.178221386907289,10.211702346801758,40140500
2023-09-22,10.404216766357422,10.688805278124878,10.387475890018669,10.462808237045222,65205500
2023-09-25,10.529770851135254,10.630213721148193,10.328885111109376,10.337255549839364,41219400
2023-09-26,10.404216766357422,10.596732054759572,10.35399493559008,10.454437798875844,41261000
2023-09-27,10.370736122131348,10.47954942684124,10.25355237900171,10.47954942684124,41616600
2023-09-28,10.513031959533691,10.596733961542089,10.186591996428472,10.3121453985656,49109800
2023-09-29,10.39584732055664,10.596733066304354,10.337255844275806,10.554881669711332,62364900
2023-10-02,10.303776741027832,10.412589274204151,10.236814015478277,10.362368227853409,51204000
2023-10-03,10.102889060974121,10.23681290099464,10.0610384596545,10.178221420547926,55074700
2023-10-04,10.035926818847656,10.11125917600357,9.943854381350999,10.061038136732313,45217900
2023-10-05,9.960594177246094,10.044296971306585,9.78481894831827,9.99407513522049,47425000
2023-10-06,10.044297218322754,10.16985061425218,9.784819188953179,9.893632504608226,57558500
2023-10-09,10.102889060974121,10.16985098098438,9.860151901374671,9.876892780501763,33328000
2023-10-10,10.211702346801758,10.295405145662457,10.119629906654229,10.12800034619011,40404600
2023-10-11,10.253555297851562,10.370739074339568,10.169852486324535,10.28703626281254,31321500
2023-10-12,10.044297218322754,10.102888696656617,9.910373383131628,9.94385434192941,51644000
2023-10-13,9.885262489318848,10.044296838024682,9.87689205037407,10.019186319439338,47221800
2023-10-16,9.985706329345703,10.010816850363808,9.89363308853087,9.968965449834254,29183000
2023-10-17,10.077777862548828,10.186591174807333,9.918743512785781,9.918743512785781,40516500
2023-10-18,9.835041046142578,9.985705760161471,9.835041046142578,9.985705760161471,44840100
2023-10-19,9.650895118713379,9.843411225798638,9.634155038846705,9.701116954811404,49057500
2023-10-20,9.742969512939453,9.843412398856467,9.65926670888406,9.692747670856397,53307500
2023-10-23,9.60904312133789,9.784818339325728,9.558822086626483,9.667635392833139,49073800
2023-10-24,9.533711433410645,9.684375333646788,9.525340994995041,9.625783861235451,47775600
2023-10-25,9.659265518188477,9.742968311925845,9.383047416403762,9.500231167986279,74213800
2023-10-26,9.500231742858887,9.985706060114767,9.4834908637988,9.96896518105468,84725900
2023-10-27,8.336767196655273,9.182162452127878,8.286545356481554,9.148681491428421,187029600
2023-10-30,8.177733421325684,8.487432529642385,8.102401054769084,8.437210685854943,106474700
2023-10-31,8.28824234008789,8.424254392367752,8.186233300877994,8.262740282959362,82238800
2023-11-01,8.424254417419434,8.441256329352866,8.296743320701822,8.364749347043986,75469700
2023-11-02,8.619771957397461,8.628272102280082,8.475258955348211,8.5177629225443,66914000
2023-11-03,8.97680377960205,9.044809801283483,8.713279837564706,8.721780792948817,60912400
2023-11-06,8.764286041259766,9.01080810859144,8.704780155561881,8.976805092776583,48435500
2023-11-07,8.64527416229248,8.747283198902048,8.543265125682911,8.71328018669886,50430800
2023-11-08,8.543264389038086,8.679276426123176,8.526262479054605,8.662274516139696,38700600
2023-11-09,8.24573802947998,8.56026609002114,8.237237073890714,8.534764033949084,59356900
2023-11-10,8.38175106048584,8.390252017073466,8.220236938800133,8.339247898939387,45069700
2023-11-13,8.347745895385742,8.39024985668377,8.27973988158715,8.356246849784474,34458300
2023-11-14,8.840790748596191,8.891795669184273,8.483758736566758,8.492259691780724,67684000
2023-11-15,8.900297164916992,8.985304290132031,8.832291140466657,8.849292241231362,45193700
2023-11-16,8.636772155761719,8.866293068230057,8.585768049010305,8.84079020415869,45408100
2023-11-17,8.730281829833984,8.77278498575987,8.662274996821951,8.721780874370513,36501200
2023-11-20,8.789788246154785,8.866295235680427,8.721782213397738,8.747284273007667,46933100
2023-11-21,8.662275314331055,8.772785307319634,8.585769144442743,8.73878229491513,47284300
2023-11-22,8.721779823303223,8.823788844484497,8.645272854743357,8.704777914425192,41116300
2023-11-24,8.840790748596191,8.951300734290609,8.73878171811574,8.73878171811574,22028100
2023-11-27,8.789788246154785,8.857794278911832,8.755785229776262,8.815290305764712,32247600
2023-11-28,8.815288543701172,8.840790598213564,8.70477855988654,8.781285534119416,38510600
2023-11-29,9.00230598449707,9.316834042668797,8.97680392861713,9.248828019858463,77246800
2023-11-30,8.721779823303223,9.095812900967898,8.653773809182372,9.078811802785504,80525700
2023-12-01,8.993803977966309,9.010805887029939,8.687776911081778,8.747281971413193,61619800
2023-12-04,9.095813751220703,9.17232072693224,8.925798700026018,8.942800610493341,54196100
2023-12-05,9.010807991027832,9.078814021770274,8.959803062623083,9.044811006399053,41551100
2023-12-06,9.087313652038574,9.248828573910489,9.070312550665408,9.138318577549649,47223500
2023-12-07,9.197823524475098,9.248828449298973,9.07881338437902,9.104315441443068,40523200
2023-12-08,9.359338760375977,9.410342876227247,9.172321777297775,9.189323689712067,48961200
2023-12-11,9.410341262817383,9.478347279423266,9.333834291461848,9.367838110460456,39700900
2023-12-12,9.486847877502441,9.520850884526995,9.393339810858828,9.427342817883382,40206200
2023-12-13,9.554856300354004,9.597360272523959,9.180823128789244,9.376340265796864,68066700
2023-12-14,10.268918991088867,10.311422957267517,9.75037287365736,9.75037287365736,110777600
2023-12-15,10.217915534973145,10.353927586903605,10.141408553088315,10.26041869317958,85298200
2023-12-18,10.141410827636719,10.26892195224619,10.124408911984279,10.192414953202125,43424400
2023-12-19,10.217915534973145,10.26041869317958,10.1074055401057,10.175411566070931,35722900
2023-12-20,10.030899047851562,10.31992507765969,10.022398091517013,10.175412062755626,54981100
2023-12-21,10.489940643310547,10.506941746081926,10.11590665398994,10.141409524190792,66424600
2023-12-22,10.498441696166992,10.591949789005369,10.438935809182697,10.472938825732639,43764600
2023-12-26,10.583447456359863,10.625951424195797,10.51544143210067,10.532443343513348,26293700
2023-12-27,10.532443046569824,10.58344715797837,10.396430191190323,10.566446057740766,39891300
2023-12-28,10.489940643310547,10.566447632521392,10.438935713604698,10.523943659549161,26688500
2023-12-29,10.362428665161133,10.532444556078229,10.336926605801908,10.49844154003398,40964700
2024-01-02,10.336926460266113,10.523943451224357,10.14990946930787,10.234917413569573,47494800
2024-01-03,9.954392433166504,10.226416560442072,9.894887357998934,10.217916414486595,70120100
2024-01-04,9.928889274597168,10.047899411755687,9.88638530674237,9.996895298886537,54920300
2024-01-05,10.07340145111084,10.23491554285184,9.88638449433519,9.903385593662598,44443800
2024-01-08,10.175411224365234,10.24341724804672,10.022397265734018,10.073402188843007,41514400
2024-01-09,10.064901351928711,10.115905464943566,10.00539628317946,10.039399295421283,49536700
2024-01-10,10.056400299072266,10.081902355333401,9.954391263331972,10.056400299072266,37539200
2024-01-11,9.954392433166504,10.005397362378597,9.83538147213552,9.98839544907595,48692000
2024-01-12,9.74187183380127,10.005395773267052,9.699367867991212,9.903385931044626,55030100
2024-01-16,9.74187183380127,9.775874844310172,9.503850760238954,9.60585979176566,45207700
2024-01-17,9.580357551574707,9.614360561427059,9.444344701469596,9.495349621595976,52671300
2024-01-18,9.34233570098877,9.614360591349914,9.31683364619406,9.563355671064793,71667200
2024-01-19,9.520853042602539,9.537854955316428,9.206324953657964,9.299833041496896,61143300
2024-01-22,9.520853042602539,9.690868116262335,9.46984892585251,9.546355100977554,45479600
2024-01-23,9.665365219116211,9.741872198297713,9.554855228153569,9.656864263496988,45465200
2024-01-24,9.376340866088867,9.733372958061054,9.350838805432538,9.724872000943646,59064600
2024-01-25,9.639863014221191,9.656864114501579,9.376339068961446,9.427343991194078,49356700
2024-01-26,9.682366371154785,9.775874443546963,9.605859397972239,9.690866515411757,35837000
2024-01-29,9.818379402160645,9.826880357974401,9.605860370991348,9.673866396109862,58249600
2024-01-30,10.013896942138672,10.090403926283107,9.87788488619114,10.005396796663803,70213300
2024-01-31,9.962891578674316,10.192411691664896,9.962891578674316,9.996894588402391,74558900
2024-02-01,10.285922050476074,10.319925065076994,9.877885064569215,10.047900137573816,81065800
2024-02-02,10.319924354553223,10.36242751185618,10.149908482558349,10.22641546281689,73130900
2024-02-05,9.852384567260742,10.268921764790282,9.809880589601496,10.209416682484903,81026800
2024-02-06,10.260417938232422,10.28592080411475,9.877883867650375,9.894885778238594,98636800
2024-02-07,10.880974769592285,11.033987923736463,10.370928760589607,10.821468888434644,137224000
2024-02-08,10.906476020812988,10.965981086877248,10.659953990509413,10.940479031520525,68653900
2024-02-09,10.77896499633789,10.98298306177562,10.744961985431601,10.889474984457259,47649600
2024-02-12,11.033987998962402,11.110494981903981,10.744962789965912,10.778965803418192,54036500
2024-02-13,10.77896499633789,10.965981150974613,10.60894913111072,10.855471973550971,67907700
2024-02-14,10.676957130432129,10.872474261836112,10.642954115809879,10.812969188921128,52978800
2024-02-15,10.930131912231445,10.956322090084315,10.746799002119872,10.781719516780612,57811800
2024-02-16,10.738067626953125,10.921400519336618,10.703147115669159,10.842829160805026,43228600
2024-02-20,10.694416046142578,10.764257063919901,10.563464345952749,10.642034866524284,44591000
2024-02-21,10.59838581085205,10.755527698740462,10.519814450622505,10.659496498776951,41835800
2024-02-22,10.580925941467285,10.685687485532814,10.51981524890508,10.5896562782821,36980500
2024-02-23,10.59838581085205,10.703147346967885,10.554734962661117,10.56346529881344,32152100
2024-02-26,10.432512283325195,10.711877199594452,10.432512283325195,10.589654996690987,40241300
2024-02-27,10.476164817810059,10.624577219334697,10.44124430172019,10.493625492140382,36508800
2024-02-28,10.738067626953125,10.825368488877713,10.441242864754075,10.449973200717732,51447900
2024-02-29,10.860288619995117,10.886479626969267,10.755527089810414,10.799177935530032,43098500
2024-03-01,10.869020462036133,11.034893532245595,10.755528580464064,10.938861491838828,48761400
2024-03-04,11.122193336486816,11.375367253382427,10.973780954247596,10.973780954247596,81871700
2024-03-05,10.982511520385742,11.122193569520904,10.91267049581816,11.043622208739704,47896200
2024-03-06,10.807908058166504,10.973780269546985,10.764257213307236,10.930130257258334,48834500
2024-03-07,10.834099769592285,10.88648095737129,10.703148049000873,10.834099769592285,38971000
2024-03-08,10.633305549621582,10.930130296649603,10.59838504012244,10.851558942133877,54723800
2024-03-11,10.572195053100586,10.68568692806005,10.546004876593232,10.589655725819288,35135400
2024-03-12,10.572195053100586,10.615845902326642,10.502354027367176,10.598386062178639,31245200
2024-03-13,10.799178123474121,10.895209319672057,10.572194387838291,10.58092472364828,50595300
2024-03-14,10.546004295349121,10.799178207821699,10.484893609343185,10.77298803275782,52619900
2024-03-15,10.528545379638672,10.711878286307552,10.49362486563368,10.519815042994741,88254000
2024-03-18,10.633305549621582,10.642035052568403,10.45870216955525,10.59838504012244,36599200
2024-03-19,10.738067626953125,10.78171847420075,10.572194573926286,10.572194573926286,32668700
2024-03-20,11.261876106262207,11.27933677944544,10.703147885530266,10.703147885530266,67721500
2024-03-21,11.279336929321289,11.401559145515808,11.165845049834394,11.279336929321289,55822500
2024-03-22,11.270606994628906,11.314257847153284,11.218226637656262,11.235686479123556,33137500
2024-03-25,11.261876106262207,11.401558994015915,11.122194051079221,11.27933677944544,39063500
2024-03-26,10.860288619995117,11.314256083366129,10.8515591169077,11.314256083366129,67140200
2024-03-27,11.401557922363281,11.410287425563675,10.930130614145634,10.938860117346028,53555800
2024-03-28,11.593620300292969,11.611080971814546,11.392827573218675,11.41028741216961,61846400
2024-04-01,11.602351188659668,11.680922549107743,11.47139947629333,11.637271700795402,35898300
2024-04-02,11.593620300292969,11.672191656998786,11.427748083691188,11.488858768875428,42653400
2024-04-03,11.916634559631348,11.94282556543967,11.54996880402079,11.56742947455967,57498900
2024-04-04,11.532510757446289,12.178540681464755,11.49759024351477,12.134889830907674,67812400
2024-04-05,11.593620300292969,11.698381831710511,11.427748083691188,11.584890797102823,46937400
2024-04-08,11.707113265991211,11.820605143818886,11.654732911652728,11.654732911652728,29900500
2024-04-09,11.82060432434082,11.864255171643888,11.646001767699213,11.759493637658924,35497900
2024-04-10,11.401557922363281,11.602350649673278,11.305525894023159,11.57616047493081,51395000
2024-04-11,11.384098052978516,11.471399751699138,11.270606177669988,11.44520874254053,38383100
2024-04-12,11.00870132446289,11.279335909945319,10.912670127070111,11.279335909945319,52356300
2024-04-15,10.676956176757812,11.19203434595204,10.633306161798844,11.12219332293289,59484400
2024-04-16,10.554734230041504,10.694416268500413,10.42378169455831,10.59838507520257,56392200
2024-04-17,10.51108455657959,10.694417460636181,10.493624716111242,10.598386256633477,43646600
2024-04-18,10.528545379638672,10.624576585009713,10.458703519057963,10.546005220355802,39902100
2024-04-19,10.59838581085205,10.676956338510916,10.493624274736217,10.493624274736217,39623800
2024-04-22,11.244413375854492,11.261873211979857,10.694414800492149,10.746795974009258,86462700
2024-04-23,11.296794891357422,11.392826914028394,11.192033366001395,11.392826914028394,62807100
2024-04-24,11.305524826049805,11.392826510371961,11.157112462244479,11.296794491103476,74510400
2024-04-25,11.384098052978516,11.506320264673247,11.026162586851228,11.218225824494176,86944100
2024-04-26,11.165843963623047,11.366637525511543,11.008701248455587,11.139653788618688,57257800
2024-04-29,11.130924224853516,11.209495587887323,10.956321658428779,11.183305411066291,50285600
2024-04-30,10.607114791870117,10.999971573663606,10.589654952996318,10.999971573663606,75890500
2024-05-01,10.650765419006348,10.851558973637308,10.60711457386304,10.615844909405826,48749400
2024-05-02,10.903939247131348,10.956320427458968,10.790447383563684,10.825367892925225,46868600
2024-05-03,10.851558685302734,11.13965308999479,10.816638176630079,11.034891563976824,47463300
2024-05-06,10.912670135498047,11.01743166889035,10.87774962436728,10.947590646628814,29780300
2024-05-07,10.753619194030762,11.001031723523482,10.682929899889984,10.956850704014784,48102900
2024-05-08,10.735946655273438,10.8243086959873,10.62107718210144,10.674093732383458,38177200
2024-05-09,10.718274116516113,10.797799779901464,10.65642119729765,10.727110488599557,29103800
2024-05-10,10.594568252563477,10.753619591601929,10.523878955809252,10.735946846071927,51447800
2024-05-13,10.894998550415039,11.001032499101651,10.647586003479613,10.647586003479613,60962300
2024-05-14,10.992196083068848,11.16892017287192,10.921506784220783,10.992196083068848,39980400
2024-05-15,10.877326011657715,11.098230269189747,10.762455696619114,11.036376504056427,50739900
2024-05-16,10.939178466796875,11.027539660425262,10.833144528833113,10.8419809010008,41502200
2024-05-17,10.850817680358887,10.939179726848264,10.824309403485245,10.93034335366274,24011300
2024-05-20,10.735946655273438,10.89499799148524,10.727111125348351,10.841981441203222,27019100
2024-05-21,10.735946655273438,10.78012767563037,10.629912712026528,10.744783027881398,32851000
2024-05-22,10.629912376403809,10.674093395365794,10.576895827795704,10.656421493390708,35403000
2024-05-23,10.700601577758789,10.797799987176855,10.61224038327663,10.69176604818856,43590100
2024-05-24,10.744783401489258,10.841981818190774,10.63874945455543,10.744783401489258,40840400
2024-05-28,10.320647239685059,10.718274736945741,10.30297449449518,10.700601991755862,57460100
2024-05-29,10.214613914489746,10.294138744606146,10.161596518395891,10.223449444936287,45759500
2024-05-30,10.400174140930176,10.409009671889963,10.143924361387974,10.232286412449628,42218900
2024-05-31,10.718274116516113,10.735946018000178,10.302973898105297,10.400172305657534,57205800
2024-06-03,10.771291732788086,10.886162053226188,10.621077605873698,10.824309127868327,53784100
2024-06-04,10.629912376403809,10.718274414327778,10.568059455466738,10.674093395365794,41533100
2024-06-05,10.665258407592773,10.709439432290306,10.444354126788065,10.647586503323534,45509800
2024-06-06,10.665258407592773,10.691767528021067,10.568060827404567,10.585732731673806,28289900
2024-06-07,10.735946655273438,10.744783027881398,10.559223416528587,10.60340443688552,31934000
2024-06-10,10.939178466796875,11.062885149096013,10.69176594488143,10.718274218701662,68322800
2024-06-11,10.700601577758789,10.921505827988447,10.647585029606061,10.886161181659014,48201800
2024-06-12,10.674094200134277,10.930343118214145,10.629913177841285,10.85081744662334,57116200
2024-06-13,10.550387382507324,10.682930447831735,10.47086255453216,10.674094074940195,41422300
2024-06-14,10.347155570983887,10.453189514650429,10.205776979428498,10.426681239404513,49382100
2024-06-17,10.470863342285156,10.506207993827498,10.302975615446808,10.302975615446808,31970100
2024-06-18,10.409008026123047,10.550386611321967,10.400172496560245,10.435517142859974,29023400
2024-06-20,10.550387382507324,10.576896501181947,10.294138467432944,10.347155862099289,53468000
2024-06-21,10.462026596069336,10.52387952339448,10.391337295502618,10.515043150152907,50178700
2024-06-24,10.806636810302734,10.824309556924298,10.532715979131995,10.541552352442777,58436900
2024-06-25,10.682929992675781,10.788963934807898,10.629912600268291,10.753619287430524,38818900
2024-06-26,10.700601577758789,10.718274322264925,10.559222992441063,10.61224038327663,41426600
2024-06-27,10.806636810302734,10.939179881915653,10.647586304123347,10.674094581372755,48080200
2024-06-28,11.080557823181152,11.15124712008479,10.833145284018425,10.833145284018425,65914700
2024-07-01,11.274954795837402,11.372152376899065,11.071722417475607,11.098231538142121,56152700
2024-07-02,11.372150421142578,11.442839712063709,11.239608211336167,11.336805775682015,46990400
2024-07-03,11.372150421142578,11.451676084099553,11.310297502257296,11.38982316521427,26894300
2024-07-05,11.345643043518066,11.451676988271716,11.266117374282107,11.372151319035757,31589300
2024-07-08,11.46934986114502,11.663745864310362,11.416333305625443,11.46051433034706,44346200
2024-07-09,11.398659706115723,11.548874673324317,11.380987803158597,11.451677100352889,40680900
2024-07-10,11.637235641479492,11.67258028681262,11.407495025472757,11.442839670805883,36305500
2024-07-11,11.902321815490723,11.964174738895881,11.707925829910808,11.707925829910808,51443400
2024-07-12,12.397146224975586,12.5561975540045,11.955337726724453,11.955337726724453,85609700
2024-07-15,12.573870658874512,12.750594749231137,12.476673083324702,12.5561987554486,65643300
2024-07-16,12.715250015258789,12.785939313858849,12.538525926075728,12.609216067358698,52040100
2024-07-17,12.794774055480957,12.927317114198082,12.618050819874314,12.626887192325361,58087100
2024-07-18,12.85662841796875,13.121713705050322,12.768266374713926,12.8212837692034,58077000
2024-07-19,12.35296630859375,12.812447592251962,12.335294405282308,12.803611219254785,75908600
2024-07-22,12.476673126220703,12.529690522046554,12.185079555885828,12.388311923421513,59116800
2024-07-23,12.22042179107666,12.432489647114645,11.990681192360801,12.42365411845846,85897700
2024-07-24,12.079044342041016,12.264603943975947,12.008355050130834,12.132060889632236,81768700
2024-07-25,9.861166954040527,10.585732724962021,9.852330580570033,10.426682215907885,259484000
2024-07-26,9.887676239013672,10.037891232582473,9.763970368556807,9.905348987754962,79599900
2024-07-29,9.728622436523438,9.878837379490058,9.543062850663656,9.878837379490058,91667500
2024-07-30,9.578408241271973,9.816984388753983,9.52539085145218,9.746295097449474,69337000
2024-07-31,9.560736656188965,9.728624375402958,9.472375452687375,9.596081306126186,75478000
2024-08-01,9.445865631103516,9.649097985148307,9.375176336483467,9.596080592841838,60516500
2024-08-02,8.862678527832031,9.322159785477062,8.83617025302416,9.322159785477062,110703000
2024-08-05,8.57992172241211,8.747808593738114,8.38552573244287,8.447379499927523,115594200
2024-08-06,8.641775131225586,8.71246443286761,8.553413925514528,8.650611504601576,111817600
2024-08-07,8.76740837097168,8.95585746460902,8.749460349210725,8.839198746397937,69482400
2024-08-08,9.09046459197998,9.198150149570587,8.794329094653627,8.794329094653627,73007600
2024-08-09,9.063544273376465,9.12636064062395,8.94688469433912,9.045596250843573,48860800
2024-08-12,8.848172187805176,9.063544176862377,8.830225021272215,9.063544176862377,56118700
2024-08-13,9.099437713623047,9.108410867355937,8.767407062863791,8.902013782752341,44766100
2024-08-14,9.135334014892578,9.189176367119245,9.018674443989791,9.117385993611185,37026400
2024-08-15,9.38659954071045,9.422494724476106,9.30583516328555,9.30583516328555,41597900
2024-08-16,9.431468963623047,9.440442973734767,9.305835389485095,9.332756564011545,34142600
2024-08-19,9.619919776916504,9.646840953905594,9.458391003364389,9.47633902522964,41066300
2024-08-20,9.584023475646973,9.682735017012465,9.521206262224672,9.601970639618568,32468000
2024-08-21,9.736577987670898,9.844263536350972,9.64683960253317,9.727603977995392,48943900
2024-08-22,9.799394607543945,9.880158985180033,9.72760423982491,9.736578249741962,50885400
2024-08-23,10.113479614257812,10.122452769702447,9.817343233555674,9.853238422760658,64612700
2024-08-26,9.969895362854004,10.20321445883724,9.934000183149552,10.158345270254527,53070300
2024-08-27,9.996818542480469,10.068608910169377,9.862210961207248,9.978870522653898,44841000
2024-08-28,9.907081604003906,10.041688349156416,9.853238392457614,9.960924815550198,35442200
2024-08-29,9.969895362854004,10.050659731141169,9.862209823740647,9.88913185037543,44989200
2024-08-30,10.041688919067383,10.077584110199187,9.925030189745668,10.005793727935579,44977100
2024-09-03,9.853238105773926,9.996819713783541,9.81734291772372,9.942976503803836,49613500
2024-09-04,9.826316833496094,10.014766782886266,9.736579292144304,9.862212021198566,47900700
2024-09-05,9.664788246154785,9.996818923317129,9.619919050687718,9.942975717594905,50551900
2024-09-06,9.49428653717041,9.754526873035807,9.44941733668145,9.67376248331744,47508900
2024-09-09,9.566076278686523,9.65581467368935,9.458390718168387,9.521207081185109,39223300
2024-09-10,9.260966300964355,9.413521051378659,9.126359570979368,9.413521051378659,63019200
2024-09-11,9.377626419067383,9.386600429810988,9.090464921742138,9.251993691891972,55840200
2024-09-12,9.530180931091309,9.557102106814545,9.2519934517308,9.332756978900505,43779600
2024-09-13,9.592996597290039,9.68273498427063,9.53915424974863,9.584023443238927,35184800
2024-09-16,9.691710472106934,9.799396039420378,9.610946082669647,9.637867260545804,34802400
2024-09-17,9.781447410583496,9.996819387667667,9.709657036825027,9.772474255720258,52068600
2024-09-18,9.853238105773926,10.104505277934159,9.799395751603011,9.808369762567759,55017300
2024-09-19,9.799394607543945,10.149373292030761,9.754525413767375,10.068608914394673,52436400
2024-09-20,9.76349925994873,9.76349925994873,9.592996497618866,9.745551240415619,68809100
2024-09-23,9.790420532226562,9.799394542083668,9.61094461412788,9.727604174844194,40421300
2024-09-24,9.754525184631348,9.871184743386593,9.700682838011184,9.844263570076512,37746300
2024-09-25,9.350704193115234,9.503258935398604,9.260965807369017,9.503258935398604,74109600
2024-09-26,9.584023475646973,9.646839833260588,9.476337924391338,9.476337924391338,51408500
2024-09-27,9.673762321472168,9.862212275725922,9.655815155062136,9.72760553231987,45469600
2024-09-30,9.476338386535645,9.521206726557127,9.359678819700587,9.40454715972207,59662900
2024-10-01,9.64684009552002,9.709656454841362,9.494285346475007,9.619918920926402,63963000
2024-10-02,9.404547691345215,9.62889282736939,9.3596793487874,9.62889282736939,51457400
2024-10-03,9.377626419067383,9.395574440554594,9.269940857570417,9.341731231901727,44458300
2024-10-04,9.485311508178711,9.521206693556723,9.368651941747995,9.503259528772078,45883000
2024-10-07,9.413521766662598,9.521207329994791,9.3776265788852,9.467364976233085,38009100
2024-10-08,9.413521766662598,9.494286153113938,9.314810214226949,9.422495777559142,46355700
2024-10-09,9.530180931091309,9.584024138346527,9.368652165134403,9.41352136187896,40407000
2024-10-10,9.584023475646973,9.601970639618568,9.458389904611057,9.494285088362934,39458300
2024-10-11,9.619919776916504,9.691710152759935,9.539155390140445,9.548129401073071,31915700
2024-10-14,9.799394607543945,9.835289791403463,9.566075484552735,9.610944678329306,41940200
2024-10-15,9.727605819702148,9.889134601208491,9.709657796953076,9.790422187706247,53097100
2024-10-16,9.898107528686523,10.032715128776246,9.772474795573352,9.772474795573352,46996400
2024-10-17,9.934002876281738,9.987846088339737,9.817343296663426,9.90708169815715,37617200
2024-10-18,9.960923194885254,10.02373955162822,9.907079992099373,10.01476554186246,26074900
2024-10-21,9.76349925994873,10.014765542751572,9.745551240415619,9.942975176236475,41008600
2024-10-22,9.969895362854004,10.005790542558456,9.799393473210003,9.799393473210003,51597600
2024-10-23,9.925030708312988,10.086558648941255,9.889135515305716,9.969899057715397,37335400
2024-10-24,10.086557388305664,10.095531399388122,9.934002623139095,10.086557388305664,44736400
2024-10-25,9.934002876281738,10.167322035518362,9.889134531343698,10.1224528347715,39120700
2024-10-28,10.203216552734375,10.221164574174177,9.978871419589446,10.023740617380184,97967000
2024-10-29,9.341731071472168,9.467364652298787,9.135333962766387,9.449416631119805,156228000
2024-10-30,9.395574569702148,9.449416923286341,9.269940984991063,9.332757349442216,48853700
2024-10-31,9.234045028686523,9.404546941922197,9.189175833895439,9.35967860293982,72098700
2024-11-01,9.171229362487793,9.341731288607436,9.153281340891633,9.269940913840347,43472300
2024-11-04,9.29686164855957,9.485311587318623,9.180202081155516,9.180202081155516,55323800
2024-11-05,9.512235641479492,9.54813083479112,9.243021263737825,9.269942444769317,49309000
2024-11-06,10.041688919067383,10.077584110199187,9.727606210616315,9.82631777227656,100781800
2024-11-07,9.96892261505127,10.105358252296789,9.850677991301392,10.014401449945318,55407900
2024-11-08,9.978017807006836,9.978017807006836,9.87796420425822,9.941634915308219,45463400
2024-11-11,10.214506149291992,10.296367872312432,10.023496618826377,10.068974582783012,56630500
2024-11-12,10.096261978149414,10.27817642864724,9.95982548969865,10.13264486824898,44921400
2024-11-13,10.096261978149414,10.159931818964521,10.023496197950283,10.114452989480935,55150900
2024-11-14,10.068975448608398,10.214507027631555,10.023497480741138,10.1235502244604,56780900
2024-11-15,10.01440143585205,10.14174113245223,9.987113614492047,10.050784330228764,58895400
2024-11-18,10.196316719055176,10.250891498681066,10.032593247614203,10.050785129968398,47727300
2024-11-19,10.050785064697266,10.296369402827173,10.014402167661846,10.059881005815292,53227700
2024-11-20,9.759719848632812,10.05078385739004,9.650571170637571,10.01440096472496,68633300
2024-11-21,9.82339096069336,9.868869795232563,9.65057156293171,9.80519907990303,53409500
2024-11-22,10.169029235839844,10.350943712768617,9.823391295956853,9.832487236662454,82556700
2024-11-25,10.369134902954102,10.478284458402879,10.259986214941987,10.278178096662339,63469300
2024-11-26,10.096261978149414,10.214505720395609,10.041687209281804,10.1508358795805,47458800
2024-11-27,10.096261978149414,10.241793538547675,10.059879088049849,10.123548928864956,28474200
2024-11-29,10.123550415039062,10.250890982799863,10.114454474319723,10.150837369760431,28935200
2024-12-02,9.987114906311035,10.232700125697406,9.968923890488009,10.2054131682445,50034400
2024-12-03,9.841583251953125,10.014402672154963,9.841583251953125,9.996210789002461,43904300
2024-12-04,9.768815040588379,9.887059649554178,9.63237942040135,9.86886863833295,66780700
2024-12-05,9.49594497680664,9.723338304356421,9.450467005246049,9.677860332795829,68162000
2024-12-06,9.559615135192871,9.641476867077952,9.477753403307789,9.559615135192871,56227000
2024-12-09,9.64147663116455,9.823391104548731,9.577805914902614,9.605093736487715,53230100
2024-12-10,9.605093002319336,9.768815582132595,9.59599706248622,9.750624569902929,45084300
2024-12-11,9.468657493591309,9.650571972022924,9.350412865751595,9.650571972022924,60487100
2024-12-12,9.45046615600586,9.559614839329003,9.414083261564812,9.441370215536441,38432600
2024-12-13,9.45046615600586,9.495944123479699,9.386795440156556,9.459561229038652,40560700
2024-12-16,9.086636543273926,9.204881169657577,8.986583798227748,9.159402333750535,96264400
2024-12-17,9.06844425201416,9.132114092853653,8.986582532399655,9.059348312626653,76208600
2024-12-18,8.813764572143555,9.177594399264612,8.78647761702639,9.041157888805467,84199500
2024-12-19,8.859243392944336,9.05025381329243,8.822860497041683,8.904722229681818,81659000
2024-12-20,8.986583709716797,9.059349499476719,8.804669235316991,8.822860249038653,87705500
2024-12-23,9.00477409362793,9.022965973513855,8.868338464229794,8.977487141235619,50646600
2024-12-24,9.113924026489258,9.150306920375105,8.9956794045011,9.0047744773951,29083100
2024-12-26,9.159401893615723,9.20488072733738,9.07754016640406,9.095732046867365,35922700
2024-12-27,9.12302017211914,9.277647706175118,9.07754133255502,9.12302017211914,52899900
2024-12-30,8.986583709716797,9.07754051319838,8.932008933678537,9.05025355889757,47116700
2024-12-31,9.00477409362793,9.104827698127368,8.950200188843306,9.013870033570893,54104200
2025-01-02,8.77738094329834,9.059349014088017,8.76828587064313,9.013870181065606,67156200
2025-01-03,8.986583709716797,9.05025355889757,8.668232728939659,8.813764308459502,77245900
2025-01-06,9.022966384887695,9.268550702488302,9.004774504172367,9.150306947585138,63840800
2025-01-07,8.877434730529785,9.10482803284395,8.841051836856984,9.050253258616443,62404000
2025-01-08,8.859243392944336,8.868339333779165,8.713711809333724,8.859243392944336,61678800
2025-01-10,8.77738094329834,8.950200335296184,8.722807037620719,8.79557282348194,73373400
2025-01-13,8.831955909729004,8.841051850019898,8.704615347966303,8.786477075711138,66023000
2025-01-14,8.895625114440918,8.932008005540279,8.804668320410789,8.895625114440918,45419900
2025-01-15,9.050253868103027,9.15030748301877,8.995679957636865,9.06844574988286,68674400
2025-01-16,9.104826927185059,9.150305755612422,8.995678259421291,9.013869270330336,45770000
2025-01-17,9.259455680847168,9.286742634634662,9.1321151174445,9.16849801164003,60802700
2025-01-21,9.486847877502441,9.505038888755534,9.314028499697212,9.368603268329526,65670800
2025-01-22,9.12302017211914,9.323126545739239,9.11392509815569,9.323126545739239,64949200
2025-01-23,9.241264343261719,9.250360284204444,9.068445802533283,9.141211595201748,56241100
2025-01-24,9.204880714416504,9.377700108828895,9.177593761196453,9.241263607855439,42909100
2025-01-27,9.441370010375977,9.477752904026426,9.186689754822831,9.195784827657988,73082600
2025-01-28,9.168498992919922,9.30493464389635,9.02296740056194,9.30493464389635,92177600
2025-01-29,9.2867431640625,9.359508956601866,9.12301969713059,9.186690416180038,69986900
2025-01-30,9.241264343261719,9.450466647761058,9.150307536144474,9.332222017815635,69663100
2025-01-31,9.168498992919922,9.414084205601549,9.08663725535938,9.250360730480464,103652400
2025-02-03,8.99567985534668,9.150307378970309,8.731903644595192,8.84105233172305,131430300
2025-02-04,9.241264343261719,9.241264343261719,9.004775083370873,9.041157979705105,68716500
2025-02-05,9.104826927185059,9.386794102048999,9.059348098757697,9.241262545030642,124187800
2025-02-06,8.422647476196289,8.768285373144439,8.422647476196289,8.631848881818396,222758300
2025-02-07,8.40445613861084,8.50450974551783,8.349882232513025,8.48631786519416,140852700
2025-02-10,8.40445613861084,8.459030912145252,8.295307458978613,8.413552078772675,72168000
2025-02-11,8.377168655395508,8.422647485889863,8.340785764487332,8.377168655395508,54844600
2025-02-12,8.395359992980957,8.449934765179705,8.27711624351739,8.340786088218785,67339600
2025-02-13,8.504509925842285,8.559083833097251,8.40445631681382,8.449935151150703,72059800
2025-02-14,8.622754096984863,8.650041919366329,8.540893232150443,8.577276127889071,53778300
2025-02-18,8.72607707977295,8.782435345493502,8.669718814052397,8.754255764741105,62175800
2025-02-19,8.773042678833008,8.820007753790229,8.650933842257952,8.707292111363477,50191700
2025-02-20,8.82000732421875,8.829399622125312,8.716683985188286,8.76364905785811,39787800
2025-02-21,8.716683387756348,8.838792210014985,8.669718318305458,8.810613526658127,58437700
2025-02-24,8.78243637084961,8.82940055268489,8.65093433267152,8.744864487910776,72562600
2025-02-25,8.848185539245605,8.913936100018311,8.744863101490752,8.80122046907187,88876800
2025-02-26,8.895151138305664,9.036045461419935,8.866971557055402,8.885757944555577,87948100
2025-02-27,8.72607707977295,8.951508351086673,8.72607707977295,8.866971400397965,70518800
2025-02-28,8.970294952392578,9.101796082572639,8.744863675697392,8.754255973721492,137992600
2025-03-03,8.82000732421875,9.22390479929703,8.754255864167295,9.12058235605082,154435900
2025-03-04,8.566396713256836,8.707291935279228,8.510039341075302,8.669719159445833,167500000
2025-03-05,9.064223289489746,9.083009675212892,8.641539464344866,8.697897725730133,157774900
2025-03-06,9.026652336120605,9.129975676586566,8.848186132436904,8.942116279081548,136680700
2025-03-07,9.299049377441406,9.355407648772907,8.932723749031814,8.960902436805396,150644900
2025-03-10,9.355406761169434,9.52448066333855,9.176940561156448,9.176940561156448,167183800
2025-03-11,9.10179615020752,9.355407010212371,8.913936751565558,9.317835130483978,210127000
2025-03-12,9.007866859436035,9.120582498128917,8.885758026906013,9.111189304291775,129994600
2025-03-13,8.951508522033691,9.346013702258697,8.923329836527408,8.98908040130349,137747600
2025-03-14,9.13936710357666,9.195725365348954,9.05483105459449,9.07361654466247,91313800
2025-03-17,9.317834854125977,9.374192224154923,9.148760952470644,9.148760952470644,98583100
2025-03-18,9.346014022827148,9.430550978029878,9.280263455795822,9.346014022827148,102730900
2025-03-19,9.552659034729004,9.655981473892437,9.346013260617921,9.355406453937565,124697400
2025-03-20,9.402371406555176,9.533872528240233,9.383585020152049,9.45872877419614,109103700
2025-03-21,9.392977714538574,9.505693339618938,9.233297021728685,9.30844077178226,240638600
2025-03-24,9.627803802490234,9.627803802490234,9.402372513810406,9.430551200949306,102847200
2025-03-25,9.665373802185059,9.721732061274782,9.55265817978975,9.674766994664036,83674900
2025-03-26,9.67476749420166,9.721732563237355,9.477514920879088,9.646588811093917,139742100
2025-03-27,9.299049377441406,9.768698353994695,9.223905612855626,9.637197213861748,229032500
2025-03-28,9.129975318908691,9.289656024478338,9.036045175943876,9.24269095299593,136868300
2025-03-31,9.421157836914062,9.49630159845358,8.970295267676951,8.989080760169681,139951900
2025-04-01,9.33661937713623,9.55265832859738,9.214511456143935,9.48690777178858,135388700
2025-04-02,9.533872604370117,9.646589132120527,9.223904392517026,9.242690779070166,136908500
2025-04-03,8.960902214050293,9.580838704364416,8.951509019764488,9.383586103284076,220271000
2025-04-04,8.998473167419434,9.139367484039184,8.641539883427287,8.754255515879931,177466200
2025-04-07,8.67911148071289,9.054831139209426,8.453680223085483,8.707291059754459,274938500
2025-04-08,8.162498474121094,8.942116566442984,8.03099733953383,8.942116566442984,199286800
2025-04-09,8.92332935333252,8.960901230567814,7.92767326292089,7.984031526665938,199663000
2025-04-10,8.585183143615723,8.716684276545584,8.340965474197004,8.547611263380865,163535400
2025-04-11,8.763649940490723,8.782436329764428,8.491253566512396,8.557004137401679,146073700
2025-04-14,9.120582580566406,9.214512728218274,8.64154043995358,8.81061434741323,189955000
2025-04-15,8.876364707946777,9.045438611494951,8.810614143582157,9.036045417790218,125469000
2025-04-16,8.829400062561035,9.036045855145792,8.726077614160806,8.895151525892363,133804900
2025-04-17,9.045437812805176,9.101795178488848,8.829398855593297,8.838792048468635,129204600
2025-04-21,8.895151138305664,9.045438655170022,8.782435500657396,8.998473582203845,94138900
2025-04-22,9.064223289489746,9.129974743736584,8.95150766250339,8.970294048226537,121387100
2025-04-23,9.186332702636719,9.402371673484904,9.120582139927556,9.242690967661881,158691500
2025-04-24,9.449337005615234,9.47751569101275,9.223904835082337,9.270869907934367,87031000
2025-04-25,9.430551528930664,9.486909800952839,9.364800958058414,9.439944723565084,88682400
2025-04-28,9.411764144897461,9.56205164572243,9.364799076943617,9.449336020103704,77051500
2025-04-29,9.533872604370117,9.571444481692183,9.327227726990866,9.458728849725986,141980300
2025-04-30,9.402371406555176,9.515087037621313,9.261476195884347,9.496300651218187,136406200
2025-05-01,9.562051773071289,9.693552890152407,9.411764270244767,9.524479897364658,126532500
2025-05-02,9.65598201751709,9.759305358281768,9.599624645994782,9.674768405214039,82228700
2025-05-05,9.552659034729004,9.618409596398077,9.48690847305993,9.609016403078433,105766300
2025-05-06,9.806269645690918,9.97534355371837,9.449337233297397,9.47751591937388,131814000
2025-05-07,9.65598201751709,9.872020997110653,9.505694499078578,9.82505592365255,116885100
2025-05-08,9.65598201751709,9.82505592365255,9.63719652560441,9.712340284823666,107173400
2025-05-09,9.796876907348633,9.853234276969465,9.721733150664697,9.73112544841201,76350700
2025-05-12,10.054186820983887,10.225726828086541,9.987475959858747,10.063717073838182,102035800
2025-05-13,10.101838111877441,10.130427964232947,9.930297180034366,10.101838111877441,83671000
2025-05-14,10.149487495422363,10.197137854934983,9.987476818392466,10.073247283744179,84453100
2025-05-15,10.24478816986084,10.27337802190198,10.054187641494897,10.092307747168086,71096500
2025-05-16,10.292438507080078,10.301968760691677,10.139958084714523,10.263848655100288,64913000
2025-05-19,10.24478816986084,10.282908275534028,10.130427852841274,10.187607556923552,60195700
2025-05-20,10.216197967529297,10.330558280627706,10.159017356552603,10.28290792295629,61063800
2025-05-21,9.987476348876953,10.187607122337711,9.958886498055408,10.159017271516166,89090500
2025-05-22,9.949357032775879,10.006537647802396,9.854057219538406,9.987477139841877,94081100
2025-05-23,9.873115539550781,9.920765894423786,9.80640558804153,9.815935840787116,80519000
2025-05-27,9.825467109680176,9.997007132566727,9.730166390078187,9.958887026496935,89066800
2025-05-28,9.692046165466309,9.854056841495145,9.67298565823703,9.834996334265867,102335600
2025-05-29,9.739696502685547,9.796876206534215,9.63486553087131,9.730166249092433,101642200
2025-05-30,9.89217758178711,9.968417797885829,9.644396425038737,9.70157704154031,152191600
2025-06-02,9.510974884033203,9.796876127536175,9.415675075435546,9.78734678287491,170340800
2025-06-03,9.711106300354004,9.74922640806359,9.425205946959633,9.501446162378807,121584300
2025-06-04,9.758756637573242,9.882647214530458,9.701576930580716,9.711106275842766,123191200
2025-06-05,9.625336647033691,9.768286822355408,9.558625777542513,9.720636460963153,133191400
2025-06-06,9.777817726135254,9.863588200569703,9.672986742335322,9.682516997018062,105916700
2025-06-09,9.854056358337402,9.958886416393453,9.806406001455576,9.806406001455576,63638900
2025-06-10,10.101838111877441,10.149487562851611,9.873116566468333,9.892177073942017,87955500
2025-06-11,10.159018516540527,10.26384949715856,10.111368153428248,10.139958916608665,93094900
2025-06-12,10.035126686096191,10.092307296479989,9.93982688059649,10.082777043273527,76393300
2025-06-13,9.939826965332031,10.016067173923716,9.892176607748484,9.977947069627874,90106200
2025-06-16,10.120898246765137,10.168548609119144,10.006537922428562,10.006537922428562,75195200
2025-06-17,9.9302978515625,10.13042864929476,9.892177742892311,10.092308540624572,100969400
2025-06-18,9.939826965332031,10.03512677164415,9.911236205468915,9.939826965332031,82770200
2025-06-20,10.09230899810791,10.101839252921232,9.968418412100078,9.997008267684924,116743400
2025-06-23,10.24478816986084,10.24478816986084,10.044657387862847,10.054187641494897,77576500
2025-06-24,10.225728034973145,10.359148864115415,10.216198689849087,10.2829086499927,77244400
2025-06-25,9.987476348876953,10.263848239286784,9.930296647233863,10.254317986061277,91927300
2025-06-26,10.130428314208984,10.1494879134861,9.977947884571849,10.00653773791505,88416400
2025-06-27,10.292438507080078,10.406798823854245,10.178078190305913,10.197137788674102,182008200
2025-06-30,10.340088844299316,10.349618189035647,10.18760751340294,10.21619827417695,88472200
2025-07-01,10.816591262817383,10.845181116441777,10.282908844983341,10.301969353302978,140150700
2025-07-02,11.216852188110352,11.226381532853663,10.835650223872625,10.845180477470944,122331600
2025-07-03,11.254972457885742,11.397922628526498,11.197791844316429,11.197791844316429,60311500
2025-07-07,11.04531192779541,11.235912467031794,10.940480949574104,11.054842181970995,73842100
2025-07-08,11.131082534790039,11.293093222350551,11.092962426473159,11.102491771911074,74190200
2025-07-09,11.274031639099121,11.340741595080955,11.207321683117287,11.226381281031388,63886900
2025-07-10,11.350273132324219,11.407453750244342,11.226382550876526,11.30262276886663,67263000
2025-07-11,11.226381301879883,11.302621511387846,11.159671345774163,11.29309216684059,65340700
2025-07-14,11.321682929992676,11.340742529477152,11.12155213670284,11.207322606520636,62098100
2025-07-15,11.026250839233398,11.369332700660687,10.978601388572955,11.340741939638404,65101900
2025-07-16,10.711760520935059,10.911891318428289,10.625990049315806,10.81659150129418,107978100
2025-07-17,10.625988960266113,10.81659039270989,10.587868855548354,10.66410906498387,70345300
2025-07-18,10.635519981384277,10.711760196323192,10.530689913057032,10.645050235465405,68812600
2025-07-21,10.778470993041992,10.911890913854021,10.683170270586219,10.730820631814106,65515600
2025-07-22,10.66411018371582,10.759410909935351,10.559280111958403,10.711760546825586,79403800
2025-07-23,10.845181465148926,10.921421683168717,10.74988073819664,10.74988073819664,76163200
2025-07-24,10.730820655822754,10.892831339047017,10.702229893709026,10.778471017157251,63557800
2025-07-25,10.930951118469238,10.950010717118316,10.71175982644722,10.807060546257667,52312300
2025-07-28,10.749879837036133,10.95001061977493,10.721289984889166,10.940480366107604,54173600
2025-07-29,10.55927848815918,10.759409255360145,10.540218891159295,10.759409255360145,58371500
2025-07-30,10.359148025512695,10.606929155780444,10.311497668329672,10.606929155780444,79866900
2025-07-31,10.549749374389648,10.625989588331459,10.178078558637084,10.26384902653538,101090900
2025-08-01,10.311498641967773,10.40679936533236,10.17807871988342,10.40679936533236,73541500
2025-08-04,10.435389518737793,10.502100390552455,10.349619047015429,10.378209810159603,56696800
2025-08-05,10.5402193069458,10.578339411304258,10.387737980656992,10.463978189373908,58864300
2025-08-06,10.683170318603516,10.730820680045575,10.55927974239618,10.587869595719397,59519800
2025-08-07,10.749879837036133,10.854710809666702,10.578339815299316,10.768940344370787,71775000
2025-08-08,10.788000106811523,10.835650467017357,10.683170041442711,10.77847076185438,48465300
2025-08-11,10.759027481079102,11.1743214395235,10.681763445970379,10.913555551296547,84333000
2025-08-12,10.865263938903809,10.932869730895618,10.749367900749348,10.816973692741158,63944100
2025-08-13,11.048766136169434,11.097056383936632,10.8073158183933,10.884580767456741,63823300
2025-08-14,11.048766136169434,11.058424369934846,10.836290519689541,10.913554547693114,52469200
2025-08-15,11.048766136169434,11.126031085232873,11.01979235593306,11.039108823463886,46141400
2025-08-18,11.068082809448242,11.087398356278264,10.981160546063432,11.010134326838408,37113800
2025-08-19,11.183979034423828,11.328848861700758,11.097056769633712,11.126031471937017,58020200
2025-08-20,11.09705638885498,11.203295118201881,11.07774084237546,11.126031090164062,46469900
2025-08-21,10.942527770996094,11.03910826161491,10.81697350161556,11.029450028341065,51779300
2025-08-22,11.338506698608398,11.367481399896706,11.000476806450283,11.000476806450283,58538700
2025-08-25,11.415770530700684,11.444745231491797,11.280558944581562,11.319190957909862,45038800
2025-08-26,11.435088157653809,11.464061940323623,11.367482357737593,11.406114374983995,48613300
2025-08-27,11.502693176269531,11.57029897159374,11.406113600243504,11.41577091310419,40381500
2025-08-28,11.30953311920166,11.579957221942006,11.232269089847275,11.579957221942006,47723700
2025-08-29,11.367481231689453,11.42542879128887,11.319190984650037,11.338506530829891,44069700
2025-09-02,11.319191932678223,11.483378233727594,11.241927899367921,11.357823949333373,57704200
2025-09-03,11.222610473632812,11.3288482801113,11.174320226666282,11.270900720599345,47728700
2025-09-04,11.280559539794922,11.29987508694832,11.174320806741575,11.251584837474972,33136700
2025-09-05,11.338506698608398,11.502692988336005,11.26124267062598,11.309532918379958,47547800
2025-09-08,11.290216445922852,11.348164927414286,11.183978637758397,11.348164927414286,39734500
2025-09-09,11.09705638885498,11.280559146239698,11.058424374836072,11.270900912470003,41262700
2025-09-10,11.029450416564941,11.12603091058328,10.923212609992651,11.097056209741867,47021300
2025-09-11,11.357823371887207,11.386797152640524,11.039109020421076,11.068082801174393,64196100
2025-09-12,11.280559539794922,11.406113820001668,11.261243071581623,11.34816533642167,50100800
2025-09-15,11.280559539794922,11.35782357052832,11.212952822108274,11.33850710231502,47942400
2025-09-16,11.212953567504883,11.37713987399284,11.116373983197823,11.290217603374515,58065000
2025-09-17,11.261242866516113,11.473719407693743,11.15500505645724,11.232269085783672,68585900
2025-09-18,11.338506698608398,11.377138712599608,11.222610656634771,11.29021645085442,55040100
2025-09-19,11.222610473632812,11.396454994288385,11.193636693876835,11.367481214532408,71676300
2025-09-22,11.261242866516113,11.29987488117933,11.174320603258906,11.20329530505123,58432700
2025-09-23,11.328848838806152,11.52200983619823,11.2998750576213,11.2998750576213,55667600
2025-09-24,11.232269287109375,11.42542936388763,11.193637271753724,11.328848864968553,60193800
2025-09-25,11.222610473632812,11.25158425338879,10.981160159860007,11.145346446910303,67656300
2025-09-26,11.599273681640625,11.898671564913014,11.251584628730905,11.251584628730905,117681800
2025-09-29,11.67653751373291,11.705511293966081,11.483377443745324,11.686195747497255,83325000
2025-09-30,11.550983428955078,11.782775516772533,11.502693180394804,11.695853253576017,70765000
2025-10-01,11.850382804870605,11.860040118200645,11.628248019201006,11.705512052200886,73578400
2025-10-02,11.802092552185059,12.004910869043867,11.705512050419939,11.860040116396188,74530500
2025-10-03,12.236702919006348,12.236702919006348,11.782776036223924,11.831066286913105,100778600
2025-10-06,12.265676498413086,12.362256998196301,12.053199951525956,12.198070701200779,90544900
2025-10-07,11.512351989746094,12.101490472660945,11.33850745466371,12.072516690500523,154390200
2025-10-08,11.338506698608398,11.59927348384396,11.280559138151517,11.570298782555655,78469700
2025-10-09,11.106714248657227,11.36748102529964,11.087397781768232,11.348164558410645,70320500
2025-10-10,11.019792556762695,11.193637083468888,10.961844995233887,11.155005068763055,84595400
2025-10-13,11.145346641540527,11.23226890338623,11.068082613468762,11.097056393730707,73939400
2025-10-14,11.25158405303955,11.35782277868617,10.952186185085962,10.990818197759323,89117900
2025-10-15,11.357823371887207,11.37713891870279,11.241927327814059,11.280559342505107,88960700
2025-10-16,11.338506698608398,11.386796946362377,11.24192712416031,11.338506698608398,108701200
2025-10-17,11.512351989746094,11.599274257287286,11.31919190691007,11.33850745466371,107633500
2025-10-20,11.579957008361816,11.666879270047279,11.502692980432485,11.522009447944752,77878900
2025-10-21,12.130464553833008,12.19807034909382,11.657221223827685,11.84072398390686,297153200
2025-10-22,12.004910469055176,12.169096763949439,11.860039721234411,12.101490046542457,415062200
2025-10-23,11.917987823486328,12.062857645614855,11.773117080297936,12.043542099158989,479840300
2025-10-24,13.366690635681152,13.49224491987023,12.275335015631413,12.294650563397463,298366900
2025-10-27,12.806525230407715,13.328057886253918,12.758234982057905,13.328057886253918,140859000
2025-10-28,12.680971145629883,12.825840971818677,12.59404888149265,12.787208956764339,96738500
2025-10-29,12.787208557128906,12.932079299849981,12.623022268014271,12.651996969194405,127512200
2025-10-30,12.613365173339844,12.83549902653408,12.613365173339844,12.690629202369132,80766300
2025-10-31,12.680971145629883,12.71960316068422,12.545758632409756,12.59404888149265,68862000
2025-11-03,12.565074920654297,12.651997183547627,12.458836189980278,12.651997183547627,80419400
2025-11-04,12.352599143981934,12.4878116636257,12.313967127092276,12.468495194650904,70360600
2025-11-05,12.661654472351074,12.854815465551876,12.43952061965398,12.478152634082164,79134300
2025-11-06,12.671313285827637,12.806525803041042,12.536100768614231,12.690629754455232,82291000
2025-11-07,12.905786514282227,12.935095382419519,12.65177383919338,12.661543772476517,80011300
2025-11-10,12.856937408447266,12.935095009032008,12.700622207277782,12.92532507603089,62051200
2025-11-11,12.993714332580566,13.13048967466625,12.886246927556511,12.886246927556511,79742400
2025-11-12,13.140259742736816,13.189108479001474,12.993714465654993,12.993714465654993,61840500
2025-11-13,12.974174499511719,13.189108378409646,12.944865630661319,13.091410906625459,71481600
2025-11-14,12.886246681213379,13.003484017491541,12.79832007657294,12.876477679616967,67932400
2025-11-17,12.583385467529297,12.876476927685154,12.485688003573323,12.876476927685154,73404400
2025-11-18,12.720162391662598,12.78855006095795,12.466149717548264,12.573616188114121,70215400
2025-11-19,12.602925300598145,12.847168046204406,12.563846498569628,12.729931640118856,49619300
2025-11-20,12.1242094039917,12.71039234974982,12.094900536217425,12.612694881552764,95861900
2025-11-21,12.534537315368652,12.642003785321709,12.202367040607426,12.221906906987314,74048900
2025-11-24,12.661543846130371,12.681082781098187,12.534537507847135,12.544307441187105,52936200
2025-11-25,12.866706848144531,12.954634378359287,12.68108185508848,12.69085178771502,52885000
2025-11-26,12.886246681213379,12.954635282660993,12.817859011477887,12.866707746308434,44942200
2025-11-28,12.974174499511719,13.032793168924659,12.876477959439672,12.905786828290072,29536200
2025-12-01,12.856937408447266,13.081641208912467,12.82762854115601,12.896016208739637,51594000
2025-12-02,12.661543846130371,12.886246722676933,12.573616309494891,12.886246722676933,57641700
2025-12-03,12.788549423217773,12.83739815529794,12.661543092494165,12.690851959057438,45364700
2025-12-04,12.837398529052734,12.935095064345388,12.759240928133773,12.886246330843013,47554800
2025-12-05,12.729930877685547,12.974173608663385,12.700622010847589,12.847167276749461,54099400
2025-12-08,12.837398529052734,12.856937463426426,12.65177352808613,12.769009929464572,45580800
2025-12-09,12.778779029846191,12.915555288398124,12.75924009674565,12.827627760165598,33350000
2025-12-10,13.101180076599121,13.110950009550569,12.769009809946601,12.778779742898049,72210700
2025-12-11,13.316113471984863,13.364962203302253,12.993713149686963,13.081640679715855,59012300
2025-12-12,13.443120956420898,13.521278560563056,13.355193418832938,13.355193418832938,48337300
2025-12-15,13.335653305053711,13.491969442156224,13.179338099663315,13.482199508891295,53577300
2025-12-16,13.355193138122559,13.667823548120063,13.25749566914228,13.404041872612696,69408900
2025-12-17,13.003482818603516,13.34542206746717,12.983942953787974,13.316113201955893,58320600
2025-12-18,13.013252258300781,13.159798454224966,12.944864592563402,13.071870923012868,52604800
2025-12-19,13.159798622131348,13.169567623281283,12.974173624601399,13.00348342318744,61640600
2025-12-22,13.150029182434082,13.296574454011855,13.110950381232536,13.198877916864044,31106100
2025-12-23,12.983943939208984,13.140259142748771,12.97417400605972,13.12072020816235,25440800
2025-12-24,13.052331924438477,13.07187179121098,12.944865452326098,12.993714187545226,14227600
2025-12-26,13.003482818603516,13.07187048203384,12.954634088276697,13.032791684114791,22471400
2025-12-29,12.974174499511719,13.003484300074259,12.935095697140472,12.964405497703012,24398300
2025-12-30,12.925325393676758,12.983944061411941,12.896016525665225,12.974174128170725,23002800
2025-12-31,12.817858695983887,12.915556163240291,12.817858695983887,12.90578623017223,26302300
2026-01-02,13.032792091369629,13.081640823222894,12.759240497388227,12.876476894808828,46366900
2026-01-05,13.159798622131348,13.169567623281283,12.896016025129445,12.944864757727435,50135200
2026-01-06,13.482198715209961,13.540816447924543,13.013252194932992,13.198877189190647,84534700
2026-01-07,13.42358112335205,13.501738727691139,13.277035848144298,13.482199792462435,50609000
2026-01-08,14.068381309509277,14.166078777209355,13.570126833032766,13.570126833032766,154276800
2026-01-09,13.872987747192383,14.078151690520185,13.765521274672917,14.019533953404888,68436200
2026-01-12,13.706901550292969,13.863216746178953,13.638513885020867,13.824137947207456,53444000
2026-01-13,13.658053398132324,13.804599599277118,13.638514463673612,13.736211931103474,58867500
2026-01-14,13.521278381347656,13.794829992219466,13.472429646478233,13.677593587560118,65318600
2026-01-15,13.491969108581543,13.804599511632878,13.472429242534787,13.599435576702415,44241500
2026-01-16,13.286805152893066,13.482199154494886,13.277035219884953,13.443120354174523,60750800
2026-01-20,12.974174499511719,13.296574852002538,12.925325763619625,13.159799509559246,67018100
2026-01-21,13.452890396118164,13.452890396118164,13.101180258674804,13.101180258674804,58160100
2026-01-22,13.394271850585938,13.52127818673357,13.38450191741025,13.462659519391543,38170300
2026-01-23,13.247726440429688,13.384501776601988,13.23795650735678,13.384501776601988,39702100
2026-01-26,13.130489349365234,13.34542322237633,13.032792811969003,13.247726684980098,59171000
2026-01-27,13.60920524597168,13.628744179927665,13.198877384063142,13.325883715769315,100003700
2026-01-28,13.501738548278809,13.57012714995086,13.44312081165948,13.560357216610264,48751800
2026-01-29,13.677594184875488,13.76552172513792,13.482200168576842,13.570127708839275,84803900
2026-01-30,13.560357093811035,13.658053631195909,13.472429557966167,13.589665961855285,66996300
2026-02-02,13.491969108581543,13.57989571065566,13.43335044215337,13.540816910274243,54218100
2026-02-03,13.413810729980469,13.716672135194734,13.296574327491363,13.501738264775325,76638000
2026-02-04,13.501738548278809,13.677593621561046,13.37473220998743,13.404042010009219,70488700
2026-02-05,13.404041290283203,13.501737823307005,13.218416293627449,13.433350157019136,79719900
2026-02-06,13.482198715209961,13.560356313304112,13.355192385378949,13.462658849830392,55588200
2026-02-09,13.2770357131958,13.462659788686405,13.21841704468122,13.433350920285179,59778000
2026-02-10,13.257494926452637,13.423580055387692,13.257494926452637,13.325883523592523,80827700
2026-02-11,13.531047821044922,13.560356688212527,13.208647487065006,13.306344021527718,129595000
2026-02-12,13.677594184875488,14.02930341421305,13.531048905579546,13.579896710870084,133257200
2026-02-13,13.944231986999512,14.161493657361776,13.677593477657362,13.70721976940586,87400200
2026-02-17,13.954108238220215,13.993610275920227,13.756598049720154,13.914606200520202,57684800
2026-02-18,13.677594184875488,13.963984198060034,13.638092146567375,13.934356962976787,64199300
2026-02-19,13.608464241027832,13.776348131016801,13.519584423762751,13.598589438289475,58268500
2026-02-20,13.835601806640625,13.865228098782955,13.549211804457187,13.608464388741844,67701100
2026-02-23,13.470208168029785,13.86522854875675,13.401078895050407,13.805975020746267,59134400
2026-02-24,14.023236274719238,14.151618130003213,13.559086635123771,13.598589613798392,73560800
2026-02-25,14.250373840332031,14.309626425350519,13.973858637569563,14.072614201670852,58968700
2026-02-26,14.230622291564941,14.615767859793625,14.121991924947913,14.270124328680485,61456300
2026-02-27,13.914606094360352,14.388630543143986,13.855352567360967,14.141742573951795,73157000
2026-03-02,13.223320007324219,13.756597984653494,13.055436112442516,13.756597984653494,110305500
2026-03-03,12.541908264160156,13.015933640292113,12.522157716964525,12.907302334406232,102354700
2026-03-04,12.65053939819336,12.986306230380476,12.65053939819336,12.788796052093108,73976700
2026-03-05,12.186389923095703,12.59128602902694,12.087634361833183,12.54190824839568,71944300
2026-03-06,11.998754501342773,12.166638389795713,11.880248393341198,12.01850599024445,59877700
2026-03-09,12.038256645202637,12.048132389741959,11.653112026197437,11.791368682536602,69611200
2026-03-10,12.087635040283203,12.354274505576143,12.038257256880486,12.038257256880486,56746300
2026-03-11,11.95925235748291,12.334522167004792,11.880248286194389,12.11726144186277,50074500
2026-03-12,11.890124320983887,12.038256722817435,11.702489882541204,11.781493955759474,51733900
2026-03-13,11.524730682373047,11.979004591444756,11.504979192420727,11.959253101492436,48546500
2026-03-16,11.56423282623291,11.732116725151464,11.495104494373347,11.672863196555491,49441400
2026-03-17,11.79136848449707,11.880248300252534,11.692613866170971,11.712364413115063,59520100
2026-03-18,11.64323616027832,11.86049782886429,11.554356343956659,11.722240232163614,55564800
2026-03-19,11.49510383605957,11.603734200160995,11.337094749453637,11.534605872260347,47423400
2026-03-20,11.376598358154297,11.53460651171707,11.228465007837034,11.495104473326377,147725100
2026-03-23,11.61361026763916,11.860498236210725,11.574108230339824,11.781494161612054,44442200
2026-03-24,11.692614555358887,11.732116593378226,11.524730658325977,11.534606403281531,31903900
2026-03-25,11.524730682373047,11.860498477139469,11.514854937396887,11.801244949085385,37746100
2026-03-26,11.455601692199707,11.574107799688319,11.346970387316361,11.41609965637017,28517600
2026-03-27,11.22846508026123,11.406224725067352,11.149461002970263,11.396348979955258,33064600
2026-03-30,11.070456504821777,11.307468727684357,10.971700941060941,11.267966690540593,41459900
2026-03-31,11.39634895324707,11.445726736888927,11.129710428465666,11.218589308857542,38287900
2026-04-01,11.534605979919434,11.544480782709671,11.435850417594338,11.475352454163808,33991700
2026-04-02,11.455601692199707,11.475352239213063,11.21858853541966,11.327219840303004,31109100
2026-04-06,11.465476989746094,11.485228479414905,11.356846621976223,11.455602186714552,24374600
2026-04-07,11.376598358154297,11.465477238181194,11.20871445954313,11.396348906448202,41991600
2026-04-08,12.028382301330566,12.087634887221222,11.81112062219146,11.81112062219146,58140000
2026-04-09,12.087635040283203,12.117262275406564,11.811120771752025,11.919751141795695,32576200
2026-04-10,11.97900390625,12.265393901557092,11.919750381585198,12.18638982987257,28362700
2026-04-13,12.008630752563477,12.018506497431076,11.771618526558298,11.880248894693288,32688600
2026-04-14,12.55178451538086,12.591286553169668,12.295020798852162,12.354274326436812,50232200
2026-04-15,12.55178451538086,12.601162298067589,12.334522836640971,12.541908770482939,39926500
2026-04-16,12.285144805908203,12.59128629894241,12.265394258314013,12.512282224959941,37407700
2026-04-17,12.709792137145996,12.87767602620643,12.46290417579863,12.482655664771778,45735000
2026-04-20,12.709792137145996,12.759169917776035,12.5912860287156,12.650539553832214,26029000
2026-04-21,12.620912551879883,12.867800517755953,12.620912551879883,12.709792370283724,32210000
2026-04-22,12.472780227661133,12.71966819509274,12.42340244581424,12.680166157975798,23958300
2026-04-23,12.324646949768066,12.541908626005187,12.216016582550935,12.453028806553506,30844500
2026-04-24,12.225892066955566,12.304896139940512,12.137012249396795,12.295020395366683,35043500
2026-04-27,12.334522247314453,12.49253039092028,12.225891884036153,12.225891884036153,35098200
2026-04-28,12.24564266204834,12.364149713790676,12.08763451546235,12.364149713790676,44278000
2026-04-29,12.087635040283203,12.225892645450234,11.988880415280653,12.216016900409112,48672800
2026-04-30,11.92962646484375,11.939502209535531,11.32722016568792,11.40622423961646,80557900
2026-05-01,11.73211669921875,11.919751146052624,11.633361132378047,11.909876342810861,52880500
2026-05-04,11.356846809387207,11.732116643061564,11.317344771200585,11.702490349872317,51014800
2026-05-05,11.54448127746582,11.643236844023235,11.416100359465215,11.416100359465215,42262100
2026-05-06,12.018506050109863,12.097510122504442,11.791368635623328,11.791368635623328,52111200
2026-05-07,12.028382301330566,12.14688841491475,11.909876187746383,12.067884339191961,38986700
2026-05-08,12.166638374328613,12.216016154717204,12.028381719403951,12.13701208281659,38453500
2026-05-11,11.90000057220459,12.235768368578276,11.860498533913736,12.18639058526399,48850800
2026-05-12,11.989999771118164,12.029999732971191,11.800000190734863,11.920000076293945,42165300
2026-05-13,13.569999694824219,13.9399995803833,11.970000267028809,11.970000267028809,216261200
2026-05-14,14.479999542236328,14.9399995803833,13.630000114440918,13.75,187021600
2026-05-15,13.399999618530273,14.050000190734863,13.289999961853027,13.979999542236328,108272300
2026-05-18,13.029999732971191,13.989999771118164,13.020000457763672,13.989999771118164,69708800
2026-05-19,13.0600004196167,13.229999542236328,12.720000267028809,12.890000343322754,41418200
2026-05-20,13.220000267028809,13.3100004196167,12.920000076293945,13.050000190734863,42349000
2026-05-21,13.670000076293945,13.800000190734863,13.140000343322754,13.170000076293945,72523100
2026-05-22,14.930000305175781,14.949999809265137,13.770000457763672,13.789999961853027,109712200
2026-05-26,15.319999694824219,15.550000190734863,14.779999732971191,14.779999732971191,90423300
2026-05-27,15.880000114440918,16.059999465942383,15.390000343322754,15.430000305175781,89234100
2026-05-28,16.649999618530273,16.75,15.859999656677246,15.859999656677246,98577300
2026-05-29,17.440000534057617,17.780000686645508,16.81999969482422,16.8799991607666,154228200
2026-06-01,16.6299991607666,17.479999542236328,16.6299991607666,17.3799991607666,97586400
2026-06-02,16.149999618530273,16.75,15.829999923706055,16.56999969482422,72847500
2026-06-03,15.710000038146973,16.200000762939453,15.630000114440918,16.010000228881836,59298500
2026-06-04,15.34000015258789,15.890000343322754,15.220000267028809,15.890000343322754,50079400
2026-06-05,14.899999618530273,15.260000228881836,14.680000305175781,15.229999542236328,65372100
2026-06-08,15.0,15.1899995803833,14.90999984741211,14.989999771118164,33038300
2026-06-09,14.949999809265137,15.390000343322754,14.489999771118164,15.109999656677246,51032600
2026-06-10,14.300000190734863,14.84000015258789,14.229999542236328,14.84000015258789,50776700
2026-06-11,14.710000038146973,14.779999732971191,14.100000381469727,14.300000190734863,47657200
2026-06-12,14.84000015258789,15.0,14.609999656677246,14.75,42162200
2026-06-15,14.770000457763672,15.479999542236328,14.739999771118164,15.220000267028809,48551900
2026-06-16,14.40999984741211,14.850000381469727,14.40999984741211,14.789999961853027,47490000
2026-06-17,13.960000038146973,14.479999542236328,13.930000305175781,14.430000305175781,43099800
2026-06-18,14.0600004196167,14.130000114440918,13.720000267028809,14.119999885559082,88711700
2026-06-22,14.109999656677246,14.5600004196167,13.949999809265137,14.100000381469727,66738100
2026-06-23,14.0,14.220000267028809,13.739999771118164,13.84000015258789,65368300
2026-06-24,13.84000015258789,14.149999618530273,13.710000038146973,14.029999732971191,51675000
2026-06-25,14.109999656677246,14.359999656677246,13.890000343322754,13.920000076293945,61741400
2026-06-26,14.130000114440918,14.479999542236328,13.970000267028809,13.970000267028809,59551900
2026-06-29,14.020000457763672,14.25,13.960000038146973,14.09000015258789,46333200
2026-06-30,13.899999618530273,14.1899995803833,13.789999961853027,14.020000457763672,59308700
2026-07-01,13.640000343322754,13.880000114440918,13.550000190734863,13.850000381469727,44544000
2026-07-02,13.359999656677246,14.0,13.220000267028809,13.819999694824219,48984900
2026-07-06,13.829999923706055,13.899999618530273,13.420000076293945,13.510000228881836,54301400
2026-07-07,13.5600004196167,13.800000190734863,13.550000190734863,13.75,43813400
2026-07-08,13.5,13.569999694824219,13.239999771118164,13.380000114440918,43967600
2026-07-09,13.609999656677246,13.75,13.4399995803833,13.59000015258789,41197500
2026-07-10,14.0,14.100000381469727,13.630000114440918,13.630000114440918,47092800
2026-07-13,13.850000381469727,14.220000267028809,13.819999694824219,13.989999771118164,51284100
2026-07-14,13.9399995803833,14.029999732971191,13.760000228881836,14.0,42721900
2026-07-15,14.180000305175781,14.380000114440918,13.970000267028809,14.039999961853027,57373200
2026-07-16,14.1899995803833,14.270000457763672,14.0,14.199999809265137,33315200
2026-07-17,14.229999542236328,14.5,13.850000381469727,14.039999961853027,45456500
2026-07-20,13.989999771118164,14.300000190734863,13.9399995803833,14.300000190734863,39940100
2026-07-21,14.270000457763672,14.420000076293945,14.029999732971191,14.149999618530273,48936300
2026-07-22,14.420000076293945,14.699999809265137,14.260000228881836,14.270000457763672,62012000
2026-07-23,14.149999618530273,14.279999732971191,14.020000457763672,14.210000038146973,65382700
