Date,Close,High,Low,Open,Volume
2018-06-01,12.059001922607422,12.059001922607422,11.895937472684379,11.903702622805827,10896700
2018-06-04,12.066766738891602,12.222066034396711,11.934762152580895,12.03570687979058,12236800
2018-06-05,12.47054672241211,12.524901298619362,11.996883617043968,12.035708631702962,22398000
2018-06-06,12.439489364624023,12.509374252822578,12.210422560206835,12.509374252822578,12395000
2018-06-07,12.361835479736328,12.470544613769219,12.284185463548173,12.40842489702887,7794000
2018-06-08,12.431719779968262,12.439484929338482,12.25856050353428,12.284184904035685,7921400
2018-06-11,12.439489364624023,12.56372883674338,12.392899192316431,12.392899192316431,11639200
2018-06-12,12.347990036010742,12.512212859624757,12.340169723984836,12.449651854989513,9010600
2018-06-13,12.347990036010742,12.426191664697798,12.277608719349592,12.324529845719026,8437800
2018-06-14,12.371452331542969,12.606057257526675,12.316711629618448,12.410553152540253,11926600
2018-06-15,12.473114967346191,12.473114967346191,12.215050576322808,12.355813242621446,25030400
2018-06-18,12.441831588745117,12.559133286421327,12.265879042230804,12.355810393501631,12084700
2018-06-19,12.434014320373535,12.457475262280512,12.254151573803847,12.277611769924635,8432700
2018-06-20,11.847500801086426,12.50439207047797,11.831860923417375,12.473111569353895,14603800
2018-06-21,12.05864429473877,12.113384983224446,11.839680795010114,11.886601172058995,14506700
2018-06-22,11.91788387298584,12.136848158938228,11.906154149450376,12.113387220295133,9056600
2018-06-25,11.784940719604492,11.910062733876668,11.683278896561841,11.863142351417618,15972800
2018-06-26,11.863142013549805,12.160307161875835,11.777120817634115,11.816220886641057,7978600
2018-06-27,11.511237144470215,11.925704026403821,11.511237144470215,11.902243833860505,14323600
2018-06-28,11.503417015075684,11.550338146696385,11.319644136615615,11.503417015075684,14739100
2018-06-29,11.425215721130371,11.612899507469717,11.425215721130371,11.55033849395197,11694500
2018-07-02,11.573800086975098,11.60508059751613,11.307915374483219,11.339195885024253,7088700
2018-07-03,11.550337791442871,11.667639498207649,11.534697166121667,11.565977670978011,4748200
2018-07-05,11.589436531066895,11.605077154590342,11.393933211739661,11.573796653329424,9473800
2018-07-06,11.714561462402344,11.769302912622823,11.519058094238463,11.636360562608491,5527800
2018-07-09,11.910061836242676,11.976532994538244,11.722378828979648,11.761479641939273,6362000
2018-07-10,12.121208190917969,12.148578541700713,11.886604012259106,11.917884519694546,12151400
2018-07-11,11.808403015136719,12.003906371375498,11.792762388660279,11.972625864208737,8725700
2018-07-12,12.035187721252441,12.097748739966518,11.82404372375281,11.847503919324046,4759800
2018-07-13,12.113387107849121,12.144667613296795,11.964804893419194,11.996085398866866,8808200
2018-07-16,12.230688095092773,12.238507661176888,11.992173803556604,12.082105152704804,10738000
2018-07-17,12.246330261230469,12.355812410510275,12.16812936527586,12.19158955948363,8883000
2018-07-18,12.457472801208496,12.47311268027051,12.238508528051966,12.269789031962036,6992100
2018-07-19,12.230688095092773,12.633425206971129,12.20722715948247,12.457471918823792,11530100
2018-07-20,12.097748756408691,12.21114032331225,12.046917462518064,12.191590284607345,6592600
2018-07-23,12.097748756408691,12.160309775207793,11.941346209410934,12.050827619416278,13145600
2018-07-24,11.964804649353027,12.250239348963815,11.925703831894522,12.207228375180852,7481700
2018-07-25,12.105566024780273,12.113386337091114,11.910062691725402,11.917883004036245,5964900
2018-07-26,12.269790649414062,12.33235241126738,12.105567795791183,12.113388109246115,4970600
2018-07-27,12.191591262817383,12.426195475030914,12.144670122060184,12.324533624878843,5690100
2018-07-30,12.082108497619629,12.23069148114259,11.980446652521337,12.183770342717919,4940000
2018-07-31,12.074285507202148,12.160307450948748,12.019544812662334,12.082105819503845,6644700
2018-08-01,12.082108497619629,12.207230539037157,12.019547476910864,12.05864830130039,5640200
2018-08-02,12.160307884216309,12.175947763590916,11.980444423798968,12.003905361539962,7753100
2018-08-03,12.496573448181152,12.512214073750657,12.19158870743657,12.207228587219998,7397200
2018-08-06,12.520035743713379,12.547406095640895,12.394913708738354,12.457474726225866,5224100
2018-08-07,12.613874435424805,12.69207606722785,12.527853982856312,12.55131342829678,4396500
2018-08-08,12.637335777282715,12.738998349355123,12.566954455562469,12.621695152106636,4663000
2018-08-09,12.598234176635742,12.688165523123415,12.559132618442016,12.621693619980046,3503900
2018-08-10,12.394914627075195,12.57868679055098,12.340173173378222,12.496575728684837,5036700
2018-08-13,12.246330261230469,12.48875475399785,12.246330261230469,12.394913231380642,5039600
2018-08-14,12.504392623901367,12.527853560122246,12.27760879426826,12.27760879426826,5182800
2018-08-15,12.535675048828125,12.582595434101941,12.34799127037463,12.402731968456106,10275900
2018-08-16,12.723355293273926,12.817196043257107,12.53176140040287,12.606053610009035,10663400
2018-08-17,13.036161422729492,13.133913082620513,12.674871371300307,12.707715785832782,12400100
2018-08-20,13.075265884399414,13.262948955478166,12.973604780238096,13.090906513215758,9402400
2018-08-21,12.34017276763916,12.879761752152104,12.308892257606326,12.879761752152104,16634000
2018-08-22,12.371452331542969,12.449653973537538,12.293251435334529,12.324531942975131,8331000
2018-08-23,12.590413093566895,12.871936837452758,12.351898823700989,12.363629290440366,15522400
2018-08-24,12.66861629486084,12.754636745209487,12.496572411019493,12.63733504631804,9561000
2018-08-27,12.864120483398438,13.012701949192113,12.715537526032637,12.801559473703174,13743900
2018-08-28,13.090903282165527,13.137823665461378,12.911040569888023,12.926681194844004,10950200
2018-08-29,13.067444801330566,13.755617513045031,13.020524409213973,13.31769037295461,25330100
2018-08-30,13.130005836486816,13.356788949192934,13.075263645005279,13.090904271142861,16188100
2018-08-31,12.926679611206055,13.114362612968643,12.825017053018875,13.114362612968643,10675700
2018-09-04,13.036161422729492,13.071352079953138,12.645154783165406,12.84065810294745,10016400
2018-09-05,12.973601341247559,13.059623285362639,12.699896375803995,13.051802973027444,13574000
2018-09-06,12.91886043548584,12.997062065988557,12.840658804983123,12.950140192743703,8440700
2018-09-07,12.926679611206055,13.137822055956525,12.817196741498945,12.895398365126335,10228900
2018-09-10,12.832839012145996,12.942320404337504,12.71553730743051,12.934501583385625,12516300
2018-09-11,12.953317642211914,12.976939751579014,12.724960572234084,12.819453515445623,7953700
2018-09-12,12.913947105407715,12.969067372321211,12.795832033176701,12.906072567003696,5614500
2018-09-13,13.024185180664062,13.173796859101554,12.94150330352167,12.992687036626167,11155800
2018-09-14,13.055683135986328,13.118677928484244,12.973002752441749,13.032059525581738,8040300
2018-09-17,12.819452285766602,13.134426229734553,12.78007960407421,13.055682368264005,8686400
2018-09-18,13.032060623168945,13.134428108296115,12.807641562124434,12.84307622975854,6680200
2018-09-19,13.10292911529541,13.150176337043606,13.03205978458747,13.047808858503535,6871500
2018-09-20,13.284039497375488,13.370656393798678,13.134426309860169,13.150175382633202,8726300
2018-09-21,13.402153968811035,13.599012864350865,13.323410110212267,13.347033718366152,26709600
2018-09-24,13.32341194152832,13.406092328560145,13.27616622064076,13.386406736683195,7291300
2018-09-25,13.032060623168945,13.358847169340626,13.016313050153917,13.284041316297271,17845200
2018-09-26,13.000565528869629,13.165926329647418,12.988754472218252,13.063560334201352,8897900
2018-09-27,12.819452285766602,13.095053548042161,12.795828676751167,13.095053548042161,12514200
2018-09-28,12.843076705932617,12.937569657098498,12.732836181167846,12.795830981306931,12488000
2018-10-01,12.740711212158203,13.008439498592557,12.701338521850467,12.890324431498476,9808600
2018-10-02,13.016312599182129,13.095054967272468,12.709211656355096,12.709211656355096,9636500
2018-10-03,13.189550399780273,13.31554001478918,12.961193283879956,13.024189593299091,10580100
2018-10-04,13.268292427062988,13.386407486858255,13.213172165952829,13.221046703527776,10262800
2018-10-05,12.709212303161621,13.402156592171853,12.630469931063868,13.236794306554726,12794700
2018-10-08,12.512353897094727,12.71708661415547,12.48873028473765,12.654091816451052,8991800
2018-10-09,12.354866981506348,12.535977600286051,12.276123854566833,12.496605661337655,12074000
2018-10-10,11.898153305053711,12.41786150433976,11.882404981355037,12.323368558318869,10860900
2018-10-11,11.520187377929688,11.937528197227019,11.457192565619048,11.85878505731742,9075100
2018-10-12,12.142257690429688,12.173755086151072,11.72491700938205,11.748539868433802,16598800
2018-10-15,12.079264640808105,12.21312877966639,12.00052076467126,12.14225944133468,9344700
2018-10-16,12.213128089904785,12.236750951028787,12.024143698998346,12.165881616699568,6109300
2018-10-17,12.221002578735352,12.323368560185264,12.055641049609566,12.276122838124875,6231700
2018-10-18,12.071390151977539,12.228877153932912,11.890280287468176,12.126510414922604,8275200
2018-10-19,12.15800666809082,12.307619869048951,12.079263550021922,12.087138087115969,7652700
2018-10-22,12.472981452941895,12.5123533876434,12.221002272383776,12.236750595690063,7881600
2018-10-23,12.323369979858398,12.402113860306757,12.055642438440035,12.228877773894746,9081300
2018-10-24,11.882406234741211,12.437548408646375,11.858783371222795,12.307621532859152,8119500
2018-10-25,11.929649353027344,12.083199809712182,11.874529099885525,11.969021284253126,8175700
2018-10-26,11.520187377929688,11.795789494049382,11.398922026300879,11.7879157057286,10469500
2018-10-29,11.472938537597656,11.850908084814291,11.307577001494861,11.654049149023214,8024400
2018-10-30,11.756415367126465,11.764289153483258,11.425692309510406,11.472938031480009,8297100
2018-10-31,12.008395195007324,12.22100320809972,11.921777532797783,11.921777532797783,9547400
2018-11-01,12.441486358642578,12.441486358642578,12.000521960073717,12.000521960073717,6066800
2018-11-02,12.512353897094727,12.673777409124723,12.390300819454847,12.465107423337802,15140700
2018-11-05,12.54384994506836,12.60684473598871,12.34699103570298,12.512352549608185,6268100
2018-11-06,12.504480361938477,12.654092830739343,12.465108422478053,12.543852301398898,13047300
2018-11-07,12.787956237792969,12.795830775422967,12.472982242165454,12.622595453306454,18460200
2018-11-08,12.795828819274902,13.007648292056603,12.717084956927282,12.74858310263203,7195500
2018-11-09,12.378487586975098,12.752519038686838,12.256434530803192,12.701335305206468,10721500
2018-11-12,12.032018661499023,12.287935143069626,11.961149320242516,12.268249548701615,9571300
2018-11-13,12.079264640808105,12.291871904845978,12.004458033573826,12.055641778349955,9517000
2018-11-14,11.929649353027344,12.34305350446237,11.898151958238143,12.18950304777753,16235400
2018-11-15,12.06351375579834,12.189503337954385,11.72491694149326,11.866654845940236,15280000
2018-11-16,11.969023704528809,12.087139522090546,11.890280577111595,12.03201850684549,11150600
2018-11-19,11.677671432495117,11.980834358823303,11.575304700840514,11.890279433075571,12707700
2018-11-20,11.441442489624023,11.654050525855798,11.343013010099831,11.496563508808556,11300700
2018-11-21,11.575305938720703,11.75641656054161,11.52018567384174,11.528060211955102,8652300
2018-11-23,11.449316024780273,11.587117434228484,11.409944086229746,11.465065100583391,2909400
2018-11-26,11.740666389465332,11.799723917893699,11.56743032191253,11.591053934049652,9953900
2018-11-27,11.858779907226562,11.858779907226562,11.622549088174482,11.646171944792568,7771900
2018-11-28,12.173755645751953,12.173755645751953,11.73279133442525,11.953273865567194,13439200
2018-11-29,11.906030654907227,12.142261573849144,11.890282327488373,12.126512495472902,10922000
2018-11-30,11.811534881591797,11.921776144164566,11.630425040533494,11.882404211034494,20963100
2018-12-03,12.205253601074219,12.228876462292149,11.984771810806706,12.01626920941635,14845100
2018-12-04,11.850909233093262,12.236752604399843,11.795788215079952,12.142260396179292,18349500
2018-12-06,12.61471939086914,12.803703765402117,11.46506331935781,11.661922230568948,29136600
2018-12-07,11.583178520202637,12.57534762617043,11.54380658724382,12.57534762617043,18469900
2018-12-10,11.472938537597656,11.689483817542186,11.173712865080349,11.51231047494732,14047500
2018-12-11,11.697525978088379,11.768949257550812,11.411833617065666,11.570551595411617,16343600
2018-12-12,11.618165016174316,11.895921232863772,11.61022892965628,11.872113730136531,14122900
2018-12-13,11.499128341674805,11.848308651644096,11.459448657792791,11.626102724635631,12862100
2018-12-14,11.284856796264648,11.475318329130053,11.26898462344577,11.38802364910679,11166200
2018-12-17,10.784893989562988,11.324535720383333,10.753150402857486,11.245176375206174,17072700
2018-12-18,10.816638946533203,11.054716255397791,10.745215678191137,10.88012612798684,12805000
2018-12-19,10.451584815979004,10.983290403187254,10.372225479418148,10.784892818611839,14299900
2018-12-20,10.038921356201172,10.443652766776834,9.995274385369926,10.380165575725007,18528300
2018-12-21,10.007177352905273,10.31667796429174,9.907978526325545,10.046857034902562,25427500
2018-12-24,9.73735523223877,9.995271978380543,9.701643601268557,9.888137085469907,5400200
2018-12-26,10.165894508361816,10.205573427394304,9.592128166410417,9.79290676620687,10312200
2018-12-27,10.396034240722656,10.41190565471166,9.95162329662915,10.070661550440338,8150300
2018-12-28,10.340484619140625,10.56665780402298,10.29286961012693,10.483331159835554,8727000
2018-12-31,10.483329772949219,10.5190414033985,10.340483251152092,10.451586185530616,6453800
2019-01-02,10.681727409362793,10.824573931505485,10.276996101176378,10.276996101176378,10865500
2019-01-03,10.45952033996582,10.610302163151644,10.261122766032186,10.538878915443265,11921700
2019-01-04,10.951549530029297,11.046780303372362,10.673792540158505,10.721408305243493,11277100
2019-01-07,11.165818214416504,11.245177568011517,10.911869493835482,10.967420587255859,8027500
2019-01-08,10.951549530029297,11.356280884357508,10.860286800178889,11.261049354187533,12732500
2019-01-09,11.157882690429688,11.265016832044427,11.015036159174201,11.015036159174201,7668100
2019-01-10,11.213434219360352,11.221370306256093,11.015036587928273,11.102331273300702,8556200
2019-01-11,11.300726890563965,11.31659906152649,11.022970710160669,11.142008965072543,6507200
2019-01-14,11.2372407913208,11.353898837167682,11.11820252506411,11.197561116959625,8960300
2019-01-15,11.45944595336914,11.49912562788677,11.245176921896888,11.276920510145624,6786400
2019-01-16,11.364215850830078,11.403895527659891,10.895997329257423,10.927741676182784,12256800
2019-01-17,11.32453727722168,11.427703380577196,11.189626825969807,11.31660119024759,6240000
2019-01-18,11.649909973144531,11.705461071638869,11.411832647440722,11.411832647440722,8935900
2019-01-22,11.467382431030273,11.634036464230897,11.388023836113275,11.634036464230897,9537600
2019-01-23,11.45944595336914,11.657843569130444,11.364215188622936,11.522933886693453,6831400
2019-01-24,11.713398933410645,11.808629726752146,11.459449394339574,11.491192992120073,7087900
2019-01-25,12.181614875793457,12.205422379659897,11.828466577111234,11.856242124426565,17843400
2019-01-28,12.427628517150879,12.435564604688611,11.959409948002149,11.991153541326115,29335800
2019-01-29,12.19748592376709,12.586345088071859,12.19351788043824,12.499050405317792,20884100
2019-01-30,12.316526412963867,12.435564699630826,12.122096050939813,12.284782062570576,7852300
2019-01-31,12.372078895568848,12.41969391282771,12.181617312879286,12.276848104224067,11945800
2019-02-01,12.451435089111328,12.546666618768072,12.35223627281022,12.451435089111328,9152100
2019-02-04,12.530793190002441,12.578408950062393,12.36413916503286,12.483177429942492,9193800
2019-02-05,12.610154151916504,12.776015043597468,12.522858706770652,12.530794793934263,6625700
2019-02-06,12.768872261047363,12.848231619961824,12.618089630475275,12.649833222675673,7159000
2019-02-07,12.578410148620605,12.772838979980342,12.499050793234387,12.626025156390813,6135500
2019-02-08,12.633960723876953,12.637928767165818,12.395883424333235,12.427627013817274,7984700
2019-02-11,12.570473670959473,12.733159663299862,12.562537584302166,12.62602476390686,7940000
2019-02-12,12.697447776794434,12.816486046971136,12.673640274124466,12.705383863293378,13904500
2019-02-13,12.737127304077148,12.887909927452384,12.721256643974861,12.776807738467369,11945600
2019-02-14,12.689510345458984,12.800612517362115,12.586343502386946,12.626023173849543,7968600
2019-02-15,12.768872261047363,12.887910542592117,12.689512902132902,12.78474443556103,11932700
2019-02-19,12.768872261047363,12.800615096420824,12.681576814876069,12.721257251160235,8588900
2019-02-20,12.737127304077148,12.872037753696295,12.721256643974861,12.776807738467369,9809100
2019-02-21,12.879975318908691,13.006949696223625,12.72125810409201,12.784745292749477,15909700
2019-02-22,12.951399803161621,13.094246369375833,12.705387113378318,13.094246369375833,22478500
2019-02-25,13.300576210021973,13.427550561754343,12.97123544457924,12.975204244501066,13110200
2019-02-26,13.332318305969238,13.467228736452478,13.26089504785143,13.276767219356184,10049500
2019-02-27,13.252960205078125,13.34422291888616,13.2489914054562,13.292639119376034,8381300
2019-02-28,12.999011993408203,13.213281796126033,12.967269159850257,13.173602875765155,13489400
2019-03-01,12.999011993408203,13.125987868601344,12.899813178852222,13.125987868601344,21879800
2019-03-04,12.824421882629395,13.110114936388419,12.649831767201864,13.054563845636096,14646300
2019-03-05,12.808549880981445,12.887909231824645,12.633960520049378,12.768870962386703,15853200
2019-03-06,12.665705680847168,12.808551470534622,12.649833505978032,12.784744721884827,6343400
2019-03-07,12.435564041137695,12.649833097157554,12.380012944544942,12.586345913386712,14207900
2019-03-08,12.387948036193848,12.431595758005354,12.23319812333765,12.316525523448082,7801900
2019-03-11,12.610154151916504,12.641897743744016,12.407788470206022,12.411756513787827,11689000
2019-03-12,12.236892700195312,12.380761589160588,12.09302304898249,12.268863649103992,17676400
2019-03-13,12.404739379882812,12.460688345433995,12.24488388588374,12.292840686532958,11306000
2019-03-14,12.516639709472656,12.560600054971003,12.380762970884705,12.46069073320031,10097400
2019-03-15,12.844340324401855,12.872314808533803,12.516637917860423,12.516637917860423,20228300
2019-03-18,12.660508155822754,12.876312635915157,12.580580401214997,12.788391953397115,11519400
2019-03-19,12.692479133605957,12.820363693713922,12.653314853904533,12.708464227214728,15502600
2019-03-20,12.68448543548584,12.820362915271597,12.604558447799972,12.68448543548584,10351700
2019-03-21,12.804376602172852,12.884304349245967,12.700470835876796,12.700470835876796,17721300
2019-03-22,12.220905303955078,12.740433348787244,12.204920212639719,12.628535422837366,12345200
2019-03-25,12.109006881713867,12.292840390486575,12.029079898886687,12.228898499325842,12410800
2019-03-26,12.236892700195312,12.35278710414644,12.132986925680223,12.140979091221732,9274600
2019-03-27,12.19692611694336,12.336799273223157,12.124991307299615,12.276853090355116,7722000
2019-03-28,12.19692611694336,12.416726246634912,12.172947338897192,12.268860926587106,9547100
2019-03-29,12.332805633544922,12.356783654832961,12.248881415665455,12.324812705699724,9937300
2019-04-01,12.708462715148926,12.716455642126085,12.420724204198441,12.428717131175599,10995700
2019-04-02,12.644521713256836,12.796384287515162,12.64052524948714,12.732442391695084,6484600
2019-04-03,12.668498992919922,12.852331731031363,12.580578324912333,12.804375695979436,11969100
2019-04-04,12.844340324401855,12.876312034549823,12.668500492073175,12.708463605263088,9514000
2019-04-05,12.908283233642578,12.924269089971624,12.788392360165064,12.796385288329587,6083900
2019-04-08,12.940251350402832,12.996200307511968,12.837944032619808,12.900286720685774,6414100
2019-04-09,12.748429298400879,12.900291132018916,12.7084654172653,12.884306799160896,5019000
2019-04-10,13.004195213317871,13.004195213317871,12.740433952759776,12.764412734240732,5654600
2019-04-11,13.004195213317871,13.048155550452135,12.86831850058241,12.932260393369981,6985300
2019-04-12,13.108101844787598,13.17204374551358,13.02018268409885,13.100108916634955,5240100
2019-04-15,13.180039405822754,13.188032335632293,13.076134367289724,13.076134367289724,5233300
2019-04-16,13.267956733703613,13.343887260833359,13.17204312488622,13.188028980438302,14190900
2019-04-17,13.243976593017578,13.33989019200491,13.132078664611472,13.291932630263775,9137100
2019-04-18,13.315909385681152,13.355872489891796,13.200014249177698,13.25996042998837,9627200
2019-04-22,13.259963989257812,13.331898815741642,13.251971061371263,13.315912959968543,5423700
2019-04-23,13.212006568908691,13.339890352769693,13.188027787749146,13.275948460839192,10311800
2019-04-24,13.004195213317871,13.275948638788796,12.996202286157553,13.196020891680588,9147100
2019-04-25,12.79638385772705,13.036165577875103,12.736438427690036,12.996202466015427,9782100
2019-04-26,12.604558944702148,12.740434905349433,12.464685757928347,12.68448593553893,11613400
2019-04-29,12.55660343170166,12.760418537003902,12.5246324796296,12.57258852661388,7794900
2019-04-30,12.636528968811035,12.636528968811035,12.412731581450261,12.532623202303709,10384900
2019-05-01,12.62054443359375,12.844341082098783,12.61255150558525,12.748428232739483,6609900
2019-05-02,12.580580711364746,12.764414246595619,12.500653717034105,12.63653044586853,5105200
2019-05-03,12.732440948486328,12.756418966139094,12.604557171341666,12.61254933572763,5138900
2019-05-06,12.516639709472656,12.572588685745,12.348792018407988,12.46069073320031,5543600
2019-05-07,12.332805633544922,12.484667451365906,12.252877879588054,12.364776582678159,7565500
2019-05-08,12.268863677978516,12.420725495090252,12.25287782236278,12.32481264813849,5554900
2019-05-09,12.164957046508789,12.172949211506262,11.88121422729231,12.124993172531433,7525300
2019-05-10,11.821269989013672,12.136983786785942,11.805284895159957,12.05305956674933,14643500
2019-05-13,11.317726135253906,11.61345759146563,11.2617771674496,11.549515696189989,12346300
2019-05-14,11.381668090820312,11.505556180539704,11.34170421549946,11.34170421549946,9175600
2019-05-15,11.52553939819336,11.545520957609865,11.229807897792824,11.23780082645848,15286000
2019-05-16,11.613459587097168,11.733351233026553,11.533532585391892,11.541524751989066,14153400
2019-05-17,11.685392379760742,11.925174867461212,11.565501517034265,11.685392379760742,16330300
2019-05-20,11.789297103881836,11.885209938003046,11.48557274804095,11.50955076600939,11407900
2019-05-21,12.188933372497559,12.236890167056892,11.877216113480364,11.893201965749272,11137600
2019-05-22,11.757328033447266,12.156965287116789,11.725357083643607,12.12499433731313,8819400
2019-05-23,11.445611953735352,11.621452578022517,11.405648833793059,11.60546748249513,12423700
2019-05-24,11.50156021118164,12.124994101343885,11.413639529246959,11.413639529246959,24819200
2019-05-28,11.32571792602539,11.693384168083458,11.30573637160001,11.541521610359778,16535100
2019-05-29,11.293749809265137,11.417637154665119,11.181851094623054,11.237800833067912,8328800
2019-05-30,11.365684509277344,11.477582460357201,11.297746140872736,11.38966253275908,9041300
2019-05-31,10.966045379638672,11.173856151876818,10.862139612395852,11.149878132435395,13987000
2019-06-03,10.942068099975586,11.089934225031618,10.830170152390307,10.982031979362157,11098000
2019-06-04,11.293749809265137,11.329717226034104,11.045974356217538,11.069953142228606,8911000
2019-06-05,11.261777877807617,11.47758159741326,11.125901151214316,11.453603575734313,8914100
2019-06-06,11.18185043334961,11.23380370438687,10.942067923152651,11.18185043334961,10444300
2019-06-07,11.261777877807617,11.317726849141012,11.10192312953537,11.173857194572207,8912000
2019-06-10,11.397652626037598,11.501558384940864,11.3337107378275,11.3337107378275,8844800
2019-06-11,11.488691329956055,11.608734591458608,11.36784208411348,11.496748100012736,7146300
2019-06-12,11.392013549804688,11.528975581317153,11.367843237182987,11.480635724409712,5917600
2019-06-13,11.56120491027832,11.569260914916319,11.416186070088107,11.448412393648582,7195300
2019-06-14,11.400070190429688,11.480636367006237,11.31950478218914,11.480636367006237,5930300
2019-06-17,11.520920753479004,11.625656487495805,11.367845154402106,11.4242417916949,9903400
2019-06-18,11.754559516906738,11.87540800389011,11.581342788784214,11.60954071785794,8172200
2019-06-19,11.851240158081055,11.955975887028844,11.770673976325508,11.819013839046047,9637200
2019-06-20,12.084878921508789,12.117105234566043,11.875407502468686,12.068765380812208,10038200
2019-06-21,12.036540985107422,12.133220708015623,11.95597557379863,12.109050393120556,15542100
2019-06-24,12.092936515808105,12.173501919772601,12.04459665876064,12.100993286705345,6810300
2019-06-25,11.891522407531738,12.09696546496908,11.883465636259059,12.05265399130534,8223300
2019-06-26,12.052654266357422,12.181559536318034,11.972088088464032,11.980144859920573,8407600
2019-06-27,12.060708045959473,12.262122672392763,12.036537737585684,12.076820816539508,6214500
2019-06-28,12.044597625732422,12.221842758021554,12.036540854188365,12.109050261412829,20533100
2019-07-01,12.197672843933105,12.475624538797868,12.11710666759387,12.27823825193634,10192800
2019-07-02,12.149333000183105,12.262125493536786,12.056682435108298,12.189616088404849,7444700
2019-07-03,12.318520545959473,12.338661704577827,12.121134271822982,12.141275430441336,6049000
2019-07-05,12.221842765808105,12.318521719390311,12.105021883352928,12.213785994258917,6018500
2019-07-08,12.109050750732422,12.149333841744498,11.968060316358182,12.149333841744498,7342700
2019-07-09,11.980144500732422,12.036540362565328,11.80692776129022,12.020427588471351,7482600
2019-07-10,11.899579048156738,12.189615895764852,11.891522276972516,12.092936946562148,7082100
2019-07-11,11.762618064880371,11.984173913938081,11.665938338682619,11.915692889410707,12929500
2019-07-12,12.012370109558105,12.064738351034281,11.794842677920913,11.794842677920913,8061900
2019-07-15,12.052654266357422,12.12516367279427,11.980144859920573,11.996258402833659,4655900
2019-07-16,11.931803703308105,12.109048034667572,11.911661778151883,12.068764952691009,6996500
2019-07-17,11.835127830505371,11.964033888227103,11.819015053500237,11.92375079321007,7100800
2019-07-18,11.883464813232422,11.939860671563311,11.762616325855962,11.7706723282347,8277300
2019-07-19,11.955974578857422,12.052653525384253,11.907634721426025,11.915691492387252,5765000
2019-07-22,11.520920753479004,11.980146014037519,11.488694432884303,11.923750145080815,11954800
2019-07-23,11.770675659179688,11.806930369319415,11.577317717325242,11.601487267973006,8771300
2019-07-24,11.875411033630371,11.960005610769862,11.754562515815257,11.794845611199008,8067900
2019-07-25,11.690108299255371,11.85929666245742,11.629684048469503,11.85929666245742,8822700
2019-07-26,11.786786079406738,11.86735148297937,11.64982404816371,11.714276678356198,6893000
2019-07-29,11.810956001281738,11.879437019092824,11.730390595133153,11.75456014014413,6046500
2019-07-30,11.770675659179688,11.891524949090837,11.690110234241748,11.7303933308788,5362900
2019-07-31,11.577316284179688,11.814985679747625,11.464523781225664,11.786787746093134,8325300
2019-08-01,11.392013549804688,11.850432748491794,11.363814851746037,11.545088354728994,7903700
2019-08-02,10.69109058380127,11.150315765405503,10.489675922629452,11.069749593602394,21673400
2019-08-05,10.392997741699219,10.562186112765769,10.160162715558263,10.489677469453879,15207900
2019-08-06,10.529961585998535,10.634697335287067,10.409113058231263,10.610527783400851,9594600
2019-08-07,10.52190113067627,10.586353754003326,10.288260179031722,10.376882344022455,8026100
2019-08-08,10.916674613952637,10.940844157771233,10.562184385712138,10.58635469786668,10874400
2019-08-09,10.787769317626953,10.91667457531786,10.707203147402165,10.844165175782738,11271600
2019-08-12,10.538016319274902,10.7072046863964,10.473563681165384,10.666921595493939,6702300
2019-08-13,10.795825004577637,11.021409967282137,10.497731412792318,10.546071267182116,11899900
2019-08-14,10.360771179199219,10.602468956252126,10.344658403841585,10.562185865353966,11300900
2019-08-15,10.215751647949219,10.449392619313864,10.086846390415062,10.376883219866915,11024400
2019-08-16,10.312431335449219,10.38091235449918,10.256034704955372,10.312431335449219,10818700
2019-08-19,10.562186241149902,10.650809197946215,10.465507280556174,10.465507280556174,7196200
2019-08-20,10.425224304199219,10.521904034204534,10.368828435309526,10.425224304199219,5084400
2019-08-21,10.529961585998535,10.662895273877016,10.425225836710005,10.578301458107166,7453000
2019-08-22,10.674979209899902,10.731375080612949,10.497734056941038,10.602469794219633,7900700
2019-08-23,10.272147178649902,10.699146022706783,10.223807324447277,10.49773137214502,12131000
2019-08-26,10.425224304199219,10.521904034204534,10.30437579419671,10.40911152808906,8709600
2019-08-27,10.417168617248535,10.610526546469789,10.368828750775165,10.513847581859162,14197700
2019-08-28,10.771656036376953,11.141453829269285,10.546071829970137,10.876391752864109,15022500
2019-08-29,11.02140998840332,11.134201701635803,10.981126904390612,11.029465990537126,11195600
2019-08-30,11.134203910827637,11.214770094838586,11.021412175215595,11.158374227032565,8841100
2019-09-03,10.86833667755127,11.077808143205264,10.77568610293603,11.013355502748047,7907500
2019-09-04,11.07780647277832,11.10197601722122,10.900561354079796,10.965013984818176,6934000
2019-09-05,11.601484298706055,11.682050471360165,11.206711743040032,11.238938058434483,9380500
2019-09-06,11.738446235656738,11.770672550788843,11.593428201730244,11.657880831994454,8599500
2019-09-09,12.044597625732422,12.117107032956886,11.786787083010793,11.81095662930694,12951200
2019-09-10,12.249979019165039,12.314922516648432,12.06326588325962,12.06326588325962,10404700
2019-09-11,12.47728443145752,12.501638055656374,12.111976971723696,12.298689380894498,7938900
2019-09-12,12.469165802001953,12.546286512112237,12.258099777039279,12.452930311245312,8500800
2019-09-13,12.436694145202637,12.501637657121105,12.347397009861675,12.46104854281286,9229000
2019-09-16,12.274336814880371,12.477285507138687,12.249983188581963,12.331162200972596,11458500
2019-09-17,12.16879940032959,12.185035661981162,11.97396890563612,12.185035661981162,7239300
2019-09-18,11.965852737426758,12.168801396233267,11.868437474102155,12.071386132908666,12714800
2019-09-19,12.05515193939209,12.152567213194342,11.92526413346798,12.006443915397076,14516200
2019-09-20,11.71419620513916,12.120093500960335,11.649252699742783,12.071385484819226,19541900
2019-09-23,11.68984317779541,11.75884575712646,11.535602527978336,11.608664173645066,11750000
2019-09-24,11.568072319030762,11.827846326875978,11.478775197380871,11.714195585537501,16093600
2019-09-25,11.844084739685059,11.909028253436482,11.519366396740194,11.568074419147637,8018700
2019-09-26,11.876557350158691,11.933382735228431,11.649255035691926,11.795377565040944,6972100
2019-09-27,12.176918983459473,12.258098753024267,11.92526231715874,11.965852201941138,10224700
2019-09-30,12.314924240112305,12.436693121388233,12.168800963231057,12.176919095099498,11141900
2019-10-01,11.892790794372559,12.497578463542728,11.884673436609084,12.428575890333306,7893900
2019-10-02,11.722312927246094,11.815669888607015,11.616780317338288,11.795374560403506,7444400
2019-10-03,11.771023750305176,11.771023750305176,11.405716271512574,11.681726607458742,5705100
2019-10-04,11.68984317779541,11.779141088804854,11.564015218140344,11.779141088804854,9735000
2019-10-07,11.649252891540527,11.90496785147549,11.633016627830287,11.689842002440798,8194000
2019-10-08,11.243354797363281,11.539659621522603,11.219000403512776,11.519364293313847,11912400
2019-10-09,11.421947479248047,11.547776174380402,11.32453223972421,11.340768500071935,6318600
2019-10-10,11.454422950744629,11.568074487575773,11.348889546727372,11.373243945169031,4448400
2019-10-11,11.649252891540527,11.799434459921924,11.592426742742353,11.657370249207982,6507200
2019-10-14,12.136330604553223,12.136330604553223,11.844084791395886,11.868438415612058,8724200
2019-10-15,12.290570259094238,12.396103647733232,11.925262077579394,12.128210723226466,7585800
2019-10-16,12.249979019165039,12.351453330756284,12.20938913969103,12.314922516648432,5205500
2019-10-17,12.34739875793457,12.412342279047365,12.197216381493835,12.24186534257932,4793500
2019-10-18,12.46104621887207,12.49351796877544,12.33927657609375,12.36363019497438,9987100
2019-10-21,12.964361190795898,13.321550507546549,12.818237901394946,12.866945922591174,19431100
2019-10-22,12.948126792907715,13.061778342630031,12.883183271405777,13.004952954862796,10852100
2019-10-23,13.004950523376465,13.151073806529634,12.745175711749976,12.90753448514922,10984200
2019-10-24,12.89941692352295,13.1794862870835,12.72488095455315,13.126719202694279,8343400
2019-10-25,13.118600845336914,13.151073373134325,12.907534059779781,12.915652191729134,6349100
2019-10-28,13.337785720825195,13.376752134709193,13.207898706795428,13.216016838719206,5537100
2019-10-29,13.362140655517578,13.431144013461019,13.167310104038501,13.248489887582013,6490400
2019-10-30,13.24036979675293,13.378374943859658,13.142955309604272,13.378374943859658,6452200
2019-10-31,13.321548461914062,13.337784724548838,13.06989258457594,13.272841222384962,5724900
2019-11-01,13.394612312316895,13.418966710299918,12.834474319898975,13.069894747754006,6996900
2019-11-04,13.516383171081543,13.638152081953757,13.467675916407797,13.467675916407797,10539600
2019-11-05,13.662504196166992,13.751802105098784,13.60973710921862,13.62191508213006,13439800
2019-11-06,13.751802444458008,13.824864090227821,13.654386400639764,13.768037161448143,12812800
2019-11-07,13.94663143157959,14.084636575077624,13.816744419860887,13.865451662161572,9108800
2019-11-08,14.149579048156738,14.157697179343527,13.841096256559547,13.946630413612608,5901700
2019-11-11,14.173934936523438,14.279469116234967,14.068402305187442,14.157700219039425,5640100
2019-11-12,14.076519966125488,14.238879522525918,14.011576453240414,14.214525124553209,8409400
2019-11-13,13.987220764160156,14.060282402958757,13.914159125361556,14.019693291793018,8627200
2019-11-14,13.82486343383789,13.962868586142365,13.784272772351038,13.930396056952883,11010500
2019-11-15,13.987220764160156,14.019693291793018,13.83298090303008,13.922277257269771,9913400
2019-11-18,14.027812957763672,14.02781295776367,13.849217133002611,13.97910416098765,8227500
2019-11-19,14.157696723937988,14.271347460146874,14.019691594952134,14.076516963056577,9109700
2019-11-20,13.89792537689209,14.125226892635654,13.84109844958075,14.092755911118907,6433900
2019-11-21,13.86545181274414,13.987220694005952,13.792390174311986,13.857333680876643,5434900
2019-11-22,13.89792537689209,14.031870691758769,13.83298186548315,13.89792537689209,6688600
2019-11-25,14.165816307067871,14.173932890450443,13.808626251597522,13.930395131215162,11373800
2019-11-26,12.964361190795898,13.532617309083983,12.785766145326706,13.378375887119038,27706700
2019-11-27,12.940007209777832,12.972478966891678,12.81012018132245,12.93188985114019,8446600
2019-11-29,12.850708961486816,13.021186639346915,12.83041440536369,12.907534337981723,4805700
2019-12-02,12.7938871383667,12.980599583957593,12.785769003987642,12.850712530644293,9736300
2019-12-03,12.672111511230469,12.680229641808022,12.473221957205697,12.582814397440023,6523900
2019-12-04,12.77764892578125,12.891300467234858,12.728941675292411,12.728941675292411,5239400
2019-12-05,12.931891441345215,12.964363202452038,12.826358024201074,12.858829785307897,8002400
2019-12-06,12.915651321411133,13.078010852706939,12.89129770139181,13.02118548126598,5307300
2019-12-09,12.89941692352295,12.996832186024948,12.789824462887816,12.85882703726686,6715500
2019-12-10,12.95667552947998,13.046652161184015,12.850339084695852,12.883057930777213,6885000
2019-12-11,12.981213569641113,13.161167600660216,12.956674631799936,12.98939347561443,6725600
2019-12-12,13.414738655090332,13.447458279495528,12.977123819694999,12.98121377274565,9032500
2019-12-13,13.112091064453125,13.455639349640123,13.079371437217363,13.3902016553263,7430600
2019-12-16,13.152986526489258,13.373839287680878,13.14480662124245,13.177526242229682,6902500
2019-12-17,12.95667552947998,13.169348419048235,12.932136589938665,13.152988605968144,8874700
2019-12-18,13.013933181762695,13.226606069151918,12.907596738068085,12.923956550980554,10688600
2019-12-19,12.874878883361816,13.083461833578529,12.82580100100428,12.989395242327523,10615100
2019-12-20,12.74400520324707,12.964858043777818,12.74400520324707,12.940318319221749,19504300
2019-12-23,12.95667552947998,13.009843361832633,12.711283793830363,12.76854157945304,10093700
2019-12-24,13.022111892700195,13.071189766774292,12.928045317325891,12.940314395805043,2022600
2019-12-26,13.054832458496094,13.079371398771936,13.005753797865564,13.038472644926301,3502100
2019-12-27,13.005753517150879,13.177528435610743,12.981214577404684,13.103910836293325,7395400
2019-12-30,12.90759563446045,13.079369754960515,12.833978042806315,13.022111974820076,10155500
2019-12-31,12.973034858703613,13.005753705532067,12.776721777732897,12.833979564662979,7338500
2020-01-02,13.226606369018555,13.234786275660241,13.063012136579006,13.08755107642523,8601700
2020-01-03,12.899415969848633,13.054830272341839,12.850337317436784,13.00575161992999,7802100
2020-01-06,12.85851764678955,12.907595520740752,12.75218121312363,12.768540244414448,9155300
2020-01-07,12.793081283569336,12.89532777495953,12.735822717937229,12.833979256062355,8548500
2020-01-08,12.891240119934082,12.928048925803102,12.67038728471997,12.735824988469568,7624900
2020-01-09,12.817619323730469,12.923955760924613,12.637665293088164,12.923955760924613,10668500
2020-01-10,12.654025077819824,12.87487707761115,12.645845171881207,12.817619296198355,7536800
2020-01-13,12.719465255737305,12.809441898443902,12.637667740492095,12.654027555572704,10123800
2020-01-14,12.711283683776855,12.817620127640328,12.678564837978772,12.735822623105713,7669100
2020-01-15,12.670385360717773,12.801260748343498,12.62130748039755,12.678565267464093,6933900
2020-01-16,12.899415969848633,12.923954906015199,12.690833062236031,12.760360698106899,6821800
2020-01-17,12.351375579833984,12.915775828306858,12.253218268719882,12.915775828306858,18728200
2020-01-21,12.187779426574707,12.302295758638262,12.056904064261326,12.277756823224177,13327600
2020-01-22,12.29411792755127,12.326836773649443,12.1877814827125,12.236860141899172,12116300
2020-01-23,12.40045166015625,12.415175644731224,12.0978022049241,12.302295143330578,6112100
2020-01-24,12.07326602935791,12.449533153202252,12.020097416379684,12.392274586911944,9582700
2020-01-27,11.876952171325684,11.966928798049503,11.696998137799262,11.82787351488074,11602000
2020-01-28,11.95875072479248,12.056907272647324,11.87695399161956,11.926031875507533,6350800
2020-01-29,11.795153617858887,12.065084254017039,11.786973712501679,12.065084254017039,7123700
2020-01-30,11.795153617858887,11.86877120591633,11.574300853686555,11.664278252458415,6938000
2020-01-31,11.394350051879883,11.729718442424364,11.296193506848246,11.705179501186173,12204300
2020-02-03,11.566121101379395,11.811512008162664,11.459784677736598,11.5006834222267,9186200
2020-02-04,11.795153617858887,12.036455365345525,11.762434776508767,11.836052364566212,8307900
2020-02-05,12.17959976196289,12.195958791488053,11.94238798325811,11.94238798325811,7683700
2020-02-06,12.204143524169922,12.33501893245931,12.10598696795288,12.261401320276788,6328900
2020-02-07,12.056905746459961,12.097804497908824,11.975109023641034,12.056905746459961,6361800
2020-02-10,12.08144474029541,12.089623866031262,11.90149071276783,11.983287430677636,6762800
2020-02-11,12.163241386413574,12.257307962490078,12.10598360620679,12.155061480647248,4978600
2020-02-12,12.29411792755127,12.416814185478538,12.228680235354924,12.261399081453096,7822300
2020-02-13,12.024187088012695,12.122343624966735,11.901491611839848,12.105984592180468,9028500
2020-02-14,11.811511993408203,12.12234135903456,11.737895189512383,12.048723775060072,8115900
2020-02-18,11.762434959411621,11.778793990301704,11.623379686491667,11.656098528350554,5494800
2020-02-19,11.836052894592285,11.901490580222863,11.754255397514688,11.762435303238197,7303100
2020-02-20,11.836052894592285,11.99146720294522,11.754255397514688,11.795154146053488,9141800
2020-02-21,11.598843574523926,11.819695615830891,11.525225967395299,11.729718973828634,8480200
2020-02-24,11.214395523071289,11.467967172103144,11.132598015621312,11.238934463274745,11045100
2020-02-25,10.90356731414795,11.279834486627546,10.789050946844094,11.271654578946071,11244300
2020-02-26,10.666353225708008,11.09987810131685,10.641814287864163,10.993541663888498,10242600
2020-02-27,10.290087699890137,10.699073699981412,10.241009816723361,10.429143002327482,12311300
2020-02-28,10.461858749389648,10.47003865418522,9.864739740728675,10.04469296575933,23265400
2020-03-02,10.543659210205078,10.543659210205078,10.09377446061621,10.461861699342057,15540800
2020-03-03,10.298266410827637,10.903565433430101,10.163301077678726,10.322805349560495,15309400
2020-03-04,10.028336524963379,10.044695558698791,9.349419853248325,9.73386611693738,26220800
2020-03-05,9.643889427185059,9.79112463037347,9.513014037719294,9.652069334046383,17618300
2020-03-06,9.80748176574707,9.877009400453312,9.324878275442408,9.365777021754086,16163800
2020-03-09,9.112207412719727,9.414856927620127,8.793198085083668,9.153105384401256,14914600
2020-03-10,9.525647163391113,9.587662935265485,9.046056582415112,9.418152790807985,14684200
2020-03-11,8.740113258361816,9.27758523405638,8.682231964276822,9.261047270847245,16335600
2020-03-12,7.541136741638184,8.22744628097574,7.425373392282784,8.086876781248934,16073900
2020-03-13,8.153027534484863,8.177834474930204,7.392298709441432,8.012458026254663,13959100
2020-03-16,6.904439926147461,7.3178794237952545,6.276011700465232,7.078084546702464,20677100
2020-03-17,6.838291168212891,7.160773542362905,6.350431933616383,7.020204019271153,16205300
2020-03-18,7.05327844619751,7.1690418031647765,6.143711522276668,6.457925672410659,16350700
2020-03-19,7.5328688621521,7.698245324976553,6.515807874078164,6.854828203436143,17683900
2020-03-20,7.135965824127197,7.82227532714605,7.1194278657058945,7.739587112186057,19963400
2020-03-23,6.47446346282959,7.218654357275577,6.328932639559757,7.06154767105196,12308900
2020-03-24,7.392300128936768,7.417107074145625,6.79694763824721,6.838291758355138,12485900
2020-03-25,7.764395236968994,8.33494148399319,7.28893911111322,7.441912095606304,16421400
2020-03-26,8.707036972045898,8.773187239010143,7.8222765599690876,7.904964787961086,13077200
2020-03-27,8.119951248168945,8.479643947760609,7.9215004842571775,8.285327673335324,12549000
2020-03-30,8.310133934020996,8.450703424168754,7.822275208046217,8.103414188341734,10077300
2020-03-31,8.028995513916016,8.401090924385484,8.000054873673422,8.343209643900298,9300000
2020-04-01,7.921501159667969,8.053801680222819,7.516330618325418,7.574211898924839,11509900
2020-04-02,7.756126403808594,8.177834953160206,7.524600466126166,7.855351805672491,8233400
2020-04-03,7.689976215362549,7.946308309016372,7.615556966052277,7.739588522520461,6826800
2020-04-06,8.128220558166504,8.40109056680122,7.946306956218936,8.227445944163376,10453600
2020-04-07,7.987649917602539,8.591271914819504,7.979380939479791,8.458970630575001,10484500
2020-04-08,8.45897388458252,8.533393139168624,8.070341226191584,8.09514738152913,5841500
2020-04-09,8.707036972045898,8.930294714480263,8.61608055211341,8.632617724567778,12500600
2020-04-13,8.56646728515625,8.764918870627438,8.41349509159586,8.66569268360516,6937300
2020-04-14,8.56646728515625,8.897219401892652,8.533392152339946,8.781456042748905,8921000
2020-04-15,7.871890068054199,8.297732335437853,7.735454248127288,8.277060671640493,16451900
2020-04-16,7.706513404846191,7.9215021725232635,7.607288001742944,7.9215021725232635,11236200
2020-04-17,8.028995513916016,8.10341475372457,7.830544733475406,7.847081904225472,9960300
2020-04-20,7.739589691162109,8.062072890675601,7.6651712191884025,7.814008951709341,8651400
2020-04-21,7.483254432678223,7.632092103022313,7.425372371669727,7.582479809098681,7682100
2020-04-22,7.466716766357422,7.739586759280658,7.400566512835015,7.714780611353062,9059000
2020-04-23,7.665168762207031,7.838812596393012,7.4915241394477805,7.4915241394477805,8468600
2020-04-24,7.880156517028809,7.921500624050014,7.640361642593722,7.673436770496036,9376500
2020-04-27,7.987649917602539,8.045531187315465,7.756124050177683,7.780930195972771,6455000
2020-04-28,8.103415489196777,8.29359730723675,8.062071375709234,8.128221641859954,8553000
2020-04-29,8.52512264251709,8.624348025625,8.334940066796992,8.343209045865963,10508100
2020-04-30,8.318403244018555,8.467240930598697,8.260521176695956,8.450703760344584,8172900
2020-05-01,7.838810920715332,8.11994984875816,7.7313173668854045,8.111681659783391,6454100
2020-05-04,7.756126403808594,7.822276671717859,7.541137638816784,7.731320250485968,6867500
2020-05-05,7.780932903289795,8.037265794271995,7.76439572986347,7.880158309568038,5361900
2020-05-06,7.731318473815918,7.904963084317263,7.607286158558835,7.830543852877656,8741200
2020-05-07,7.921501159667969,8.053801680222819,7.814006789573828,7.822275769251832,7816100
2020-05-08,8.47551155090332,8.500317705373696,8.0289968275694,8.070340944068981,7173500
2020-05-11,8.045534133911133,8.36967094016166,7.987652842999769,8.33494216561484,7776300
2020-05-12,7.838810920715332,8.210907024638548,7.838810920715332,8.095143704687647,8668300
2020-05-13,7.508062362670898,7.814007543100463,7.450181076489824,7.814007543100463,9420800
2020-05-14,7.582480430603027,7.6072865795980995,7.127696826635983,7.408835810491001,8108800
2020-05-15,7.5328688621521,7.565943997002307,7.350956014762669,7.474987573307592,6691300
2020-05-18,8.26052188873291,8.293597020665413,7.772663101298471,7.79747004167786,11822200
2020-05-19,8.301865577697754,8.425897118980194,7.987651446065823,8.210909166662185,8220800
2020-05-20,8.50031566619873,8.516853624260579,8.305999390411477,8.351477986508316,7696000
2020-05-21,8.56646728515625,8.640886531136275,8.438301244064744,8.475510867054757,11153900
2020-05-22,7.582480430603027,7.987650948006667,7.466717087670591,7.772662220520682,28856500
2020-05-26,7.789200782775879,7.896695154852629,7.7147815414478735,7.814006933694107,22433200
2020-05-27,8.070341110229492,8.070341110229492,7.830546175882897,7.896696448214823,14601600
2020-05-28,7.929769515991211,8.12822028122338,7.830544133375127,8.070339005173976,16005300
2020-05-29,8.028995513916016,8.066205133820292,7.756125493666852,7.871888843210526,23813800
2020-06-01,8.070341110229492,8.210910636078198,7.896696448214823,7.995921856712712,11042300
2020-06-02,8.227446556091309,8.260521687216942,8.103415011513514,8.16129629384004,10944300
2020-06-03,8.549927711486816,8.636749615027613,8.252250811179746,8.293594912730523,11925600
2020-06-04,8.665691375732422,8.707035482656268,8.376284204411997,8.43416548096143,13596000
2020-06-05,9.186629295349121,9.409887098382326,9.06259770826863,9.236242403325477,16560200
2020-06-08,9.583528518676758,9.682753912149822,9.327195660774677,9.476034145270939,17123900
2020-06-09,9.207539558410645,9.36628988325552,9.12398625260384,9.357934393310165,13803600
2020-06-10,8.940170288085938,9.182473941237363,8.856617771344022,9.11563160911445,12908400
2020-06-11,8.146417617797852,8.530761455228435,8.096285466470597,8.405432272145566,21903500
2020-06-12,8.48062801361084,8.58089230101058,8.196548522056217,8.51404917713629,14444900
2020-06-15,8.530759811401367,8.593424390867707,8.221613862120511,8.263390514039191,15890400
2020-06-16,8.697868347167969,8.973593220659133,8.622670509520631,8.864974210371157,12433400
2020-06-17,8.38871955871582,8.764707827216185,8.355298397000752,8.72293117586651,15294900
2020-06-18,8.472274780273438,8.560005050836486,8.221615612227756,8.305168137027298,13211300
2020-06-19,8.204902648925781,8.664444213295548,8.138060326489088,8.639378541587623,26732700
2020-06-22,8.112995147705078,8.200725402424743,8.029441841171067,8.179837474202932,11991600
2020-06-23,8.079572677612305,8.355297429024244,8.062861700279093,8.238322978161532,16645400
2020-06-24,7.745362758636475,8.012732078666096,7.72865177772291,7.987666404119175,16171700
2020-06-25,7.912470817565918,7.95424748482112,7.494705738661203,7.678521799666249,14374000
2020-06-26,7.937532424926758,7.954243401980707,7.787972686316176,7.853979133303494,13084400
2020-06-29,8.004376411437988,8.05450855624812,7.845626080382154,8.004376411437988,9435900
2020-06-30,8.129707336425781,8.154773812663635,7.945891291623011,7.970956971037283,10092000
2020-07-01,7.870691299438477,8.154771577687697,7.812204464560119,8.12135041535387,9192700
2020-07-02,7.862338066101074,8.142240679786303,7.837272386362819,8.012733738177792,9605700
2020-07-06,8.01273250579834,8.079574839368888,7.895758023638145,8.021087996700526,8967700
2020-07-07,7.578255653381348,7.954244731718128,7.565723215319039,7.9208227720229685,10733300
2020-07-08,7.695230007171631,7.728651169545379,7.4947030329291415,7.628387682424134,8795900
2020-07-09,7.503059387207031,7.711941897498856,7.477993709082604,7.695231711023752,9402800
2020-07-10,7.7370076179504395,7.749540057378746,7.494703961513797,7.519769637193874,7315100
2020-07-13,7.887401103973389,8.004375564944255,7.599143891475526,7.837269761288249,13827800
2020-07-14,7.9458909034729,8.008555497359259,7.732830646800449,7.845627393890019,8845400
2020-07-15,8.054509162902832,8.250858418149173,7.966778102083168,8.154772663251398,8162600
2020-07-16,8.12135124206543,8.313522745841166,7.970955597842022,8.004376763577952,11771400
2020-07-17,8.079572677612305,8.179836151141805,8.025262798102624,8.154770481965244,7209900
2020-07-20,7.979310035705566,8.067040285378614,7.833092156093814,8.0210866865694,7194800
2020-07-21,8.07121753692627,8.213257663089427,8.012730707384954,8.021086196411797,13268300
2020-07-22,8.146417617797852,8.196549769125108,7.979311774746188,8.037798620608392,9564700
2020-07-23,8.204902648925781,8.30516613258082,8.0586855666101,8.154771305509929,7476300
2020-07-24,8.037798881530762,8.225793459081244,8.037798881530762,8.188194543571147,9185400
2020-07-27,8.146417617797852,8.163128600514774,7.912469437525523,7.996021960639598,5465100
2020-07-28,7.920820713043213,8.138058613651529,7.920820713043213,8.112992947219237,7919300
2020-07-29,8.112995147705078,8.201561270155905,7.853980534908353,7.937533841442364,10821000
2020-07-30,8.037798881530762,8.079575542855705,7.812206185293722,8.01273320346521,9499500
2020-07-31,8.246681213378906,8.271746890903572,7.895758540739504,8.021088522009874,24918200
2020-08-03,8.26339054107666,8.355298538139786,8.112994912406668,8.246679561525166,9723800
2020-08-04,8.321879386901855,8.455564068326215,8.246681554394765,8.263392537984588,7913500
2020-08-05,8.321879386901855,8.472275051916036,8.246681554394765,8.397077219408946,6730100
2020-08-06,8.447208404541016,8.555827405192646,8.221615708436504,8.24668138648733,11467900
2020-08-07,8.430496215820312,8.472272867198503,8.330232730606664,8.430496215820312,7961100
2020-08-10,8.530759811401367,8.643556532534795,8.447206507564006,8.447206507564006,12021500
2020-08-11,8.488981246948242,8.856614744818197,8.438849913398908,8.67279799588322,9680100
2020-08-12,8.472274780273438,8.622669643642023,8.372011272419872,8.5892484743575,7467700
2020-08-13,8.029439926147461,8.38036245497777,7.979308591642099,8.36365227575038,11949500
2020-08-14,8.079572677612305,8.146414993298638,7.862334753220093,7.979309204082805,8041500
2020-08-17,7.904114246368408,8.121352248998111,7.879048568164532,8.112996757322305,8931000
2020-08-18,7.89575719833374,7.962599524917591,7.820559381721061,7.853980545012987,6092700
2020-08-19,7.870691299438477,8.050330345791565,7.853980319859881,7.945889113895431,5024100
2020-08-20,7.7370076179504395,7.8372711174942085,7.695230960601336,7.795494460145106,6993700
2020-08-21,7.795494079589844,7.820559754046282,7.620032764747936,7.7202962593971085,8433800
2020-08-24,8.037798881530762,8.188194543571147,7.853982049795128,7.853982049795128,10576500
2020-08-25,7.795494079589844,8.14641670927366,7.774606150346718,8.046153214624487,15471100
2020-08-26,8.079572677612305,8.58924553392641,8.037796031102532,8.438850722043789,27301800
2020-08-27,7.996021270751953,8.11299574920745,7.870692098482342,8.079574583480657,10944400
2020-08-28,8.2132568359375,8.229967812308233,7.972624194596779,8.012729900427969,10162600
2020-08-31,8.079572677612305,8.271744136004699,8.021085850592577,8.213257308984971,9873000
2020-09-01,7.912470817565918,8.112997864202505,7.8330952294633995,8.079576689763073,13312500
2020-09-02,8.2132568359375,8.271743659588644,7.92082112403536,7.945887588591459,12537100
2020-09-03,7.9542460441589355,8.438853384171091,7.895758401865393,8.229970882551248,11362100
2020-09-04,8.01273250579834,8.16312815474381,7.870692347755057,8.021087996700526,14867800
2020-09-08,7.97888708114624,8.190416424278046,7.851968991114913,7.911197755897695,13464300
2020-09-09,8.004274368286133,8.105808406796134,7.894278958170095,8.105808406796134,10452400
2020-09-10,7.801204204559326,8.080422937505148,7.767359534108941,8.02119415902653,9993000
2020-09-11,7.8181257247924805,7.847739709012667,7.699669787911732,7.843509831484541,10212700
2020-09-14,7.92811918258667,8.012731237258944,7.843507934834752,7.885813155250533,10829000
2020-09-15,7.851970195770264,7.987348867037254,7.8392789496643145,7.877354301823223,6831300
2020-09-16,8.012733459472656,8.181956808828454,7.860432041592149,7.919660012136533,12250500
2020-09-17,8.148111343383789,8.156572711755565,7.86043127410744,7.885814572302265,10690500
2020-09-18,8.038115501403809,8.148110862990315,7.9746568561978695,8.131188127244489,15150900
2020-09-21,7.809665679931641,7.885816399077176,7.695440408134025,7.868894465334106,17300400
2020-09-22,7.877354145050049,7.919659373788638,7.758897406588663,7.8519700395022785,9640500
2020-09-23,7.674284934997559,8.029654324925957,7.665824373843432,7.877353734185553,9145800
2020-09-24,7.725052356719971,7.81389430097409,7.4754476463101,7.631979728417492,11040300
2020-09-25,7.708129405975342,7.758896806222097,7.547367451214779,7.68274610931219,10650500
2020-09-28,8.021191596984863,8.038114330265078,7.81812363914431,7.835046372424524,13486300
2020-09-29,7.936581611633301,8.088883007658564,7.885814210651391,8.038115606676655,7812300
2020-09-30,7.92811918258667,8.071959191377323,7.868891228468292,7.953502476220209,8426600
2020-10-01,7.809665679931641,7.991581107463601,7.741976331117984,7.97888985888647,8777900
2020-10-02,7.970426559448242,8.00004054152157,7.657363195226578,7.657363195226578,9227000
2020-10-05,8.266568183898926,8.283490113935013,8.038116076507908,8.046577444986207,12705100
2020-10-06,8.088881492614746,8.38079137109463,8.055036833939385,8.30041081106584,10266900
2020-10-07,8.266568183898926,8.283490113935013,8.169264060239504,8.173494744478655,6407500
2020-10-08,8.452712059020996,8.52040138187623,8.291950118969911,8.291950118969911,14149100
2020-10-09,8.300411224365234,8.528862480069044,8.241182463543959,8.503479186528699,7921100
2020-10-12,8.401946067810059,8.410406628578317,8.220030697105303,8.317334004763984,6836100
2020-10-13,8.275029182434082,8.42309991094141,8.207339844874255,8.325796589064229,7553100
2020-10-14,8.25810432434082,8.401944317400137,8.24118159248901,8.275026249272363,6670000
2020-10-15,8.359640121459961,8.359640121459961,8.13964940083512,8.181955432789197,7045900
2020-10-16,8.021191596984863,8.486556272226382,8.004269670624986,8.427328319586305,15983300
2020-10-19,7.911196231842041,8.110033485589508,7.902734866085914,8.063496780851063,9550300
2020-10-20,7.902737140655518,8.080421838074214,7.894275772464035,7.95350373596344,7226000
2020-10-21,7.885815620422363,7.945044399976508,7.803742111532686,7.911199728911543,8303300
2020-10-22,8.004274368286133,8.038119047789467,7.805436977069148,7.88581758656406,8137500
2020-10-23,8.021191596984863,8.088881723185382,7.945041717984908,8.046575696905183,7365700
2020-10-26,7.665823459625244,7.953502677569004,7.576980719278201,7.919658016227363,13766000
2020-10-27,7.445833206176758,7.644670502677027,7.437371838601319,7.615056523083415,12446100
2020-10-28,7.08200216293335,7.344298897969573,7.073540795724352,7.251225472511369,13043500
2020-10-29,7.217381000518799,7.276609765619984,7.010082339965678,7.073540981862281,12799100
2020-10-30,7.310455322265625,7.318915883811332,7.107386513678976,7.141231180623333,12125000
2020-11-02,7.538906097412109,7.589673497753536,7.314685497115314,7.43737210364971,11066300
2020-11-03,7.885815620422363,7.90273835941515,7.631980990895428,7.648902922967607,12712100
2020-11-04,7.462756156921387,7.8604316113301005,7.462756156921387,7.8604316113301005,21370400
2020-11-05,7.851970195770264,7.928120900088079,7.5812128532362815,7.593904906262761,11201000
2020-11-06,7.775819301605225,7.906968092248579,7.691208037589411,7.826586705551122,10262100
2020-11-09,8.232723236083984,8.427330688918374,8.029655221151147,8.080422628344637,19918800
2020-11-10,8.385025978088379,8.461176697472947,8.249647280036122,8.266570020752999,14920600
2020-11-11,8.418869972229004,8.418869972229004,8.207340571886965,8.393486670125734,10516000
2020-11-12,8.181954383850098,8.383330230937545,8.063497670949106,8.36810041643156,14316100
2020-11-13,8.579631805419922,8.61347647339923,8.232722949981358,8.2665684248812,10676200
2020-11-16,8.994227409362793,9.070378098971268,8.740392046308003,8.867309324375212,13695600
2020-11-17,8.867308616638184,8.909614641590757,8.67270203154478,8.833463958060186,8297000
2020-11-18,8.884232521057129,9.154989825389098,8.875771153566651,8.909615816608147,9211700
2020-11-19,8.875772476196289,8.935001250535239,8.757316541359465,8.858850545614116,9531500
2020-11-20,8.858848571777344,8.88000118202219,8.74885322327936,8.867309131723067,7702100
2020-11-23,9.3665189743042,9.391903076242222,8.884232334367356,8.960383026340626,10197000
2020-11-24,9.755733489990234,9.882651585364458,9.421517533371036,9.510359473904597,12346000
2020-11-25,9.510360717773438,9.704968166698626,9.459594118520291,9.679584060151505,10258100
2020-11-27,9.493435859680176,9.662659149877978,9.34959586128197,9.476513127200246,5332900
2020-11-30,9.341137886047363,9.637279356588559,9.260756491428367,9.544205908002166,18573800
2020-12-01,9.47651481628418,9.641508259690555,9.311522179798247,9.425748223636404,17306400
2020-12-02,9.747274398803711,9.747274398803711,9.307292892908007,9.400365531345685,20679400
2020-12-03,9.823423385620117,10.018030820335536,9.620355389593975,9.74727349230068,13842100
2020-12-04,10.44109058380127,10.44109058380127,9.891113698064562,9.908036436204414,12847700
2020-12-07,10.221099853515625,10.40724593888842,10.11956584519971,10.305711930572507,9026200
2020-12-08,10.340744018554688,10.38347371237833,10.075815515758107,10.169821983193453,8063400
2020-12-09,10.366384506225586,10.571490020268831,10.280923467865803,10.289469734705154,10536800
2020-12-10,10.35783576965332,10.468934767023736,10.186914548705246,10.229645057696432,7837200
2020-12-11,10.246735572814941,10.396291929268909,10.221097596428043,10.238189309013784,6710000
2020-12-14,10.144184112548828,10.468934842190198,10.118546132976705,10.229645131144807,9494500
2020-12-15,10.400565147399902,10.409111411271917,10.097179300076037,10.25528192164198,10241400
2020-12-16,10.392020225524902,10.486027510223742,10.246736981005501,10.42620447041084,13599800
2020-12-17,10.409111022949219,10.473206369565021,10.306558305360625,10.392018495842844,7487100
2020-12-18,10.35783576965332,10.537303255402964,10.280921016472519,10.392020013842934,24725600
2020-12-21,9.973260879516602,10.144182067229929,9.8792544300284,10.127090355966851,12089600
2020-12-22,9.921984672546387,10.079232337071167,9.896346696704633,10.041629918168827,6655600
2020-12-23,10.041629791259766,10.148455640102954,9.964715049690021,9.964715049690021,6112800
2020-12-24,10.050177574157715,10.114272930150259,9.964716556156542,10.109999797748532,2539900
2020-12-28,10.07581615447998,10.302287295178312,10.037358775587494,10.058724438870385,6552900
2020-12-29,9.973260879516602,10.127090355966851,9.887799878151682,10.118544092827058,5716800
2020-12-30,9.981809616088867,10.101454069627117,9.939079104818044,9.964717085573852,4647500
2020-12-31,10.127091407775879,10.152729384841534,9.947623938283101,9.973261915348756,5700700
2021-01-04,9.887801170349121,10.255282383219816,9.853616928339052,10.169821370686337,8007200
2021-01-05,10.067269325256348,10.144184078732996,9.887801838816394,9.887801838816394,10969100
2021-01-06,10.289466857910156,10.468934336275545,10.186914129560883,10.221098372343974,9752200
2021-01-07,10.229643821716309,10.460387238362843,10.208278162293853,10.392018758244124,10019700
2021-01-08,10.152730941772461,10.2809216617755,10.054451335435683,10.238191150102246,10151100
2021-01-11,10.229643821716309,10.323650278125404,9.973261613762828,9.998899590053204,7677800
2021-01-12,10.374927520751953,10.451841453144686,10.212551761772987,10.289466509182327,7112400
2021-01-13,10.400565147399902,10.464660496406848,10.27237444938601,10.392018883527887,9528500
2021-01-14,10.665492057800293,10.73386134895529,10.392018153246395,10.46038662938487,9784700
2021-01-15,10.716769218444824,11.007335660279328,10.56293973394031,10.810775672855053,12836900
2021-01-19,10.520212173461914,10.815050991696571,10.486027927216588,10.759501897179188,9202800
2021-01-20,10.545849800109863,10.614218290303713,10.477481309916016,10.51166555501294,4825400
2021-01-21,10.477481842041016,10.554396601169577,10.387747684718784,10.54585033570713,7016600
2021-01-22,10.374927520751953,10.392019234055914,10.084361059435158,10.332197014967141,10126800
2021-01-25,10.511662483215332,10.511662483215332,10.122816503238074,10.323648782616688,9483500
2021-01-26,10.443297386169434,10.588580636056042,10.268103022779709,10.554396389907234,5967600
2021-01-27,11.169711112976074,11.238079594821611,10.306558825922028,10.332196802859956,20717800
2021-01-28,10.733865737915039,11.203898999804355,10.733865737915039,11.195353548055298,10760900
2021-01-29,10.545849800109863,10.862054271010589,10.409112819722166,10.691133045525966,11396500
2021-02-01,10.580035209655762,10.708225939123851,10.40911396535938,10.622765724484053,7227000
2021-02-02,10.55439281463623,10.725313987481195,10.468931820705528,10.682583490515844,6689400
2021-02-03,10.870601654052734,10.973154399890797,10.486028653405805,10.511666636111128,7341800
2021-02-04,11.075706481933594,11.097071330404782,10.81932422519569,10.887692718323567,6223600
2021-02-05,11.229534149169922,11.280810103060922,11.045793548524554,11.101342634409237,7572100
2021-02-08,11.537192344665527,11.56283032167125,11.17825740651905,11.186803670526489,9014800
2021-02-09,11.62265682220459,11.695298457906501,11.461135970348963,11.597018022533208,5811000
2021-02-10,11.930314064025879,12.084143588846755,11.695297458897777,11.861945567442548,17178600
2021-02-11,12.126871109008789,12.195240408324382,11.836305458246466,11.887581413962385,12300800
2021-02-12,12.289247512817383,12.306339227277167,12.069613562148337,12.152510537072452,7384300
2021-02-16,12.220877647399902,12.460167327980649,12.126870375909322,12.331976631423677,14379400
2021-02-17,11.964495658874512,12.212331607779106,11.827758696032886,12.195239894932197,12412200
2021-02-18,11.91321849822998,11.973041528766823,11.827758306774799,11.887580522295082,7934500
2021-02-19,12.075594902038574,12.16532823018268,11.977315309780762,12.032864396486646,8411700
2021-02-22,12.366161346435547,12.554174266604297,11.99184296588214,12.007226404271055,13819400
2021-02-23,12.366161346435547,12.425983565124096,12.114052260510093,12.391799323728268,13425200
2021-02-24,12.682364463806152,12.712275570038896,12.391798034659764,12.408890561087913,8254700
2021-02-25,12.383255958557129,12.725099267557852,12.310614326708444,12.622546519362672,14550100
2021-02-26,12.443076133728027,12.618270473327506,12.229424420556311,12.391799363959509,16808800
2021-03-01,12.47726058959961,12.797738164863128,12.434530083227816,12.67381977788659,14610700
2021-03-02,12.39179801940918,12.51998870739646,12.272152779608938,12.485804469598751,13984100
2021-03-03,12.443076133728027,12.870379560071457,12.152509673411837,12.793464812926983,24620000
2021-03-04,11.998682022094727,12.537084519786912,11.524374885195645,12.408893798200706,20112900
2021-03-05,12.306339263916016,12.408892811046703,11.955950558772273,12.067049555649962,14684100
2021-03-08,12.656728744506836,12.784919455494425,12.302066908090062,12.349069734109957,11783800
2021-03-09,12.803199768066406,13.087523795271668,12.510260483729544,12.61365096437923,14777900
2021-03-10,13.053059577941895,13.15645087453313,12.72996403569903,12.966901259681803,10269100
2021-03-11,13.354613304138184,13.39769286622833,12.952251722530432,13.00997845076563,11714400
2021-03-12,13.621708869934082,13.75094676240658,13.449390584404778,13.483854077175742,14179700
2021-03-15,13.828485488891602,13.906028533329005,13.49246672522855,13.49246672522855,11627300
2021-03-16,13.561395645141602,13.806948106752982,13.419233650436363,13.785408734275432,10772400
2021-03-17,13.811257362365723,13.811257362365723,13.509701209006872,13.595859523056248,10421400
2021-03-18,13.423542022705078,13.871568212101627,13.3847704939429,13.716482097052912,13271100
2021-03-19,13.16506576538086,13.402002982780065,13.156450508966353,13.371847531143212,20384800
2021-03-22,13.216760635375977,13.294303690269674,13.018594959350482,13.139217580482278,8064600
2021-03-23,12.717039108276367,13.208144006540609,12.613648646624652,13.165064442100473,9228200
2021-03-24,12.717039108276367,13.07890613489455,12.691190876607676,12.846276979922425,7796500
2021-03-25,13.216760635375977,13.294303690269674,12.622264428973878,12.648112661721365,12559000
2021-03-26,13.794023513793945,13.811255667493796,13.285686483088744,13.328766045664057,11838900
2021-03-29,13.492466926574707,13.846578963000947,13.475235595150517,13.725096063358409,9186400
2021-03-30,13.595858573913574,13.656170293379562,13.48385203396172,13.518315521510416,8423500
2021-03-31,13.561395645141602,13.716481756338005,13.52693215617289,13.595859134110315,11860200
2021-04-01,13.526934623718262,13.630325109484604,13.389080642696475,13.595861614229156,12195000
2021-04-05,13.707864761352539,13.802639965929975,13.423540790968904,13.552778660534434,12192800
2021-04-06,13.71648120880127,13.759560773711101,13.60447466870545,13.6647855665746,9396400
2021-04-07,13.699249267578125,13.80264055364212,13.595858803188499,13.699249267578125,7076700
2021-04-08,13.561395645141602,13.742329167645943,13.475237333557015,13.699249601016454,7950300
2021-04-09,13.604474067687988,13.664784962892728,13.501083609476582,13.57001058161752,10800600
2021-04-12,13.63032341003418,13.699250391951148,13.54416509347519,13.613092075392156,8039300
2021-04-13,13.501084327697754,13.630322201918535,13.397693863986255,13.613090868803802,8504500
2021-04-14,13.595858573913574,13.75094467871989,13.458004623718786,13.458004623718786,7802200
2021-04-15,13.647552490234375,13.790576397395876,13.608780968935758,13.707863380399223,10702500
2021-04-16,13.742328643798828,13.854335184096138,13.6992490788115,13.725097310808513,9283800
2021-04-19,13.750944137573242,13.815563071474779,13.669093049738322,13.742328060606551,9789700
2021-04-20,13.570011138916016,13.819872450281215,13.492468086654313,13.794024218411078,6549300
2021-04-21,13.776792526245117,13.871567736268014,13.501084617104432,13.570011594389603,33335900
2021-04-22,13.785408020019531,14.164507200707703,13.69924889122467,13.785408020019531,29016000
2021-04-23,14.147274017333984,14.198968833511609,13.742327456129251,13.819871323744264,19607700
2021-04-26,13.983574867248535,14.302363196410255,13.944803335909256,14.121428835710649,15533900
2021-04-27,13.95772647857666,14.069732197278583,13.862951271202842,14.02665345393524,9498600
2021-04-28,13.91464614868164,14.030960728201906,13.854335250415295,13.966340969574405,8810300
2021-04-29,14.10419750213623,14.177431699658682,13.957727463742492,14.07834926829657,9696400
2021-04-30,13.802640914916992,14.078348827172464,13.6949424089829,14.078348827172464,12526000
2021-05-03,13.802640914916992,13.949110948721309,13.664786137114865,13.819873070270155,8367300
2021-05-04,13.673401832580566,13.837103195487732,13.574319407092695,13.785408374222046,8524800
2021-05-05,13.750944137573242,13.837102442217184,13.544163220418595,13.70786457441411,7480600
2021-05-06,14.10419750213623,14.112811936733948,13.703558094365672,13.8026413474022,8715700
2021-05-07,14.198966979980469,14.267893940335776,13.949968479489897,14.078345210195769,8737600
2021-05-10,14.138656616210938,14.422980543574747,14.112808388869347,14.216199654887287,8074300
2021-05-11,13.931877136230469,14.018036259399238,13.716480149982843,13.80263927315161,6875200
2021-05-12,13.509702682495117,14.026655909872543,13.470931149358085,14.026655909872543,9243100
2021-05-13,13.845719337463379,13.906030236445934,13.45800488946598,13.518315788448534,7398100
2021-05-14,14.00942325592041,14.078350240905854,13.794026222422277,13.949112349476765,7242500
2021-05-17,14.250667572021484,14.3109784744318,14.009422319031383,14.078349299407293,10354200
2021-05-18,14.069734573364258,14.310979849534961,14.05250241577728,14.216204626155578,7610800
2021-05-19,13.888801574707031,13.906032088605036,13.621708889100384,13.888801574707031,7144700
2021-05-20,13.880182266235352,13.983571898960992,13.690632688998328,13.880182266235352,7911700
2021-05-21,13.983574867248535,14.095582243717084,13.914647883017476,13.95772827525497,6660900
2021-05-24,14.0955810546875,14.17312411082493,13.992189765387998,14.08696497696681,5594500
2021-05-25,13.828485488891602,14.112809437379232,13.802638902978163,14.05249854578315,8726200
2021-05-26,13.992189407348633,14.043884229001193,13.819872787390512,13.862951531542855,9778900
2021-05-27,14.078350067138672,14.250668349149855,13.9577282557402,14.086966145574124,15351900
2021-05-28,13.750944137573242,14.1515818564325,13.7164806513808,14.121426408723405,11684900
2021-06-01,13.862953186035156,13.983574998736483,13.690635723837207,13.906031935328787,11694200
2021-06-02,13.845719337463379,13.949110623825433,13.591550803644939,13.673401896317245,18204000
2021-06-03,13.699249267578125,13.80264055364212,13.638938368769436,13.776792321288937,9960800
2021-06-04,13.974955558776855,13.983571635232925,13.664784201426842,13.716479838488983,10221300
2021-06-07,13.699249267578125,14.056809086727839,13.638938368769436,13.983573250068188,8055800
2021-06-08,13.785408020019531,13.854334994385681,13.570011019706726,13.69924889122467,7095000
2021-06-09,13.483853340148926,13.776793423527273,13.445081810191532,13.768177345386867,9019400
2021-06-10,13.466619491577148,13.621705582455064,13.408892764822243,13.561393868405716,6340500
2021-06-11,13.690635681152344,13.690635681152344,13.483853905485038,13.492469983986691,7602300
2021-06-14,13.54416275024414,13.828485885205994,13.483851035245298,13.742327583552967,8249000
2021-06-15,13.570209503173828,13.674395272557739,13.492069969137173,13.57889185762121,7527200
2021-06-16,13.509435653686523,13.639667667823074,13.448659996160508,13.561528128143163,7864900
2021-06-17,12.806182861328125,13.578895210022091,12.693314709631585,13.518119541880816,15591100
2021-06-18,12.545713424682617,12.654240358854603,12.424163788326664,12.615170596313105,23705400
2021-06-21,12.788817405700684,12.927732619105331,12.589128183673147,12.623856780025546,7972900
2021-06-22,12.684630393981934,12.819204416371667,12.584785792592108,12.745406052736802,9002400
2021-06-23,12.554399490356445,12.710678586732742,12.515329716262372,12.710678586732742,9421700
2021-06-24,12.693313598632812,12.693313598632812,12.576104278899715,12.693313598632812,6649600
2021-06-25,12.797496795654297,12.845248915069268,12.658582442441501,12.667264796516015,7595700
2021-06-28,12.615175247192383,12.797500596939614,12.563082763261805,12.780136711627788,6312800
2021-06-29,12.615175247192383,12.767113176647593,12.554400406608341,12.693314801083353,5964100
2021-06-30,12.658586502075195,12.701997458374889,12.545718346894043,12.589129303193737,7333900
2021-07-01,12.762770652770996,12.858274909900098,12.67160840150596,12.780135364247203,8281900
2021-07-02,12.771451950073242,12.806180542152502,12.658583818816911,12.79749818713395,4434500
2021-07-06,12.458894729614258,12.788815943236411,12.415483782139251,12.771452061043382,7866600
2021-07-07,12.537033081054688,12.649901210046934,12.415483425212985,12.45889437143999,7674400
2021-07-08,12.415483474731445,12.510986894415826,12.181933427653474,12.285250635530996,7951200
2021-07-09,12.658586502075195,12.693315101515925,12.519672104312278,12.580446946334773,5304600
2021-07-12,12.563078880310059,12.641218410049941,12.502303230515235,12.589125114225071,5872300
2021-07-13,11.946645736694336,12.510985492682746,11.881529738387188,12.493621612865098,15287300
2021-07-14,12.163702011108398,12.34602733906059,11.990059038771786,12.059516227706432,10422500
2021-07-15,12.21579647064209,12.2765721418161,12.042153470134501,12.05951818418283,12683100
2021-07-16,12.033468246459961,12.363390282826893,11.998739654631596,12.337344045954355,9645700
2021-07-19,11.868508338928223,11.933624348929198,11.703546897064427,11.773004912793123,13289600
2021-07-20,12.128973007202148,12.163701600497134,11.868508143492267,11.885872026142273,9144700
2021-07-21,12.354706764221191,12.37641264956635,12.120288998457518,12.215792409991627,12163400
2021-07-22,12.172385215759277,12.337345843986466,12.089904487648152,12.311299603317975,9795400
2021-07-23,12.241839408874512,12.29132700561595,12.13765281574817,12.20711082049735,6787300
2021-07-26,12.528350830078125,12.736722366330161,12.450211296984891,12.450211296984891,11046900
2021-07-27,12.450212478637695,12.502304953647373,12.215793857109263,12.363390582961618,6485200
2021-07-28,12.554399490356445,12.632539038544595,12.333004379821705,12.589128086440617,6465900
2021-07-29,12.632537841796875,12.745405975376595,12.56308065620858,12.70199502738517,6440900
2021-07-30,12.58912467956543,12.64989949926706,12.497962450012986,12.537031385539164,8153700
2021-08-02,12.5804443359375,12.910366376164347,12.571761980880094,12.667266230521653,7937000
2021-08-03,12.893001556396484,12.919047791679528,12.441529062184308,12.65858295486442,5425500
2021-08-04,12.728041648864746,12.858274496766896,12.62819704506959,12.762770242706322,10097200
2021-08-05,12.754085540771484,12.884318364713614,12.70633425052139,12.832225069537795,4851100
2021-08-06,12.91036605834961,13.005869477645206,12.823544993897684,12.840908875590097,3664000
2021-08-09,12.780132293701172,12.901681932851117,12.71935664613138,12.901681932851117,4391000
2021-08-10,12.866952896118164,12.87563524946652,12.701992322473352,12.762767139922262,6880000
2021-08-11,13.188194274902344,13.266333809457223,12.797497430122847,12.927730263712611,6561100
2021-08-12,13.205559730529785,13.240288322518232,13.053621830082227,13.205559730529785,3993000
2021-08-13,13.005871772766113,13.196879473058996,12.988507888009531,13.196879473058996,5144900
2021-08-16,13.023235321044922,13.04928155984841,12.728041854622036,12.936413421039955,6356800
2021-08-17,12.953777313232422,12.988505905439682,12.7193586948372,12.953777313232422,7973000
2021-08-18,12.771451950073242,12.988505857567354,12.76276959505469,12.893002436348127,6290200
2021-08-19,12.484941482543945,12.7019954008886,12.389438056550492,12.658584451620671,7395200
2021-08-20,12.658586502075195,12.667268858934158,12.458897262289781,12.502307390594352,3944800
2021-08-23,12.762770652770996,12.849592554161996,12.632538628679512,12.701995818594305,5114400
2021-08-24,12.884319305419922,12.936411776404265,12.706335178232772,12.82354447993989,4760200
2021-08-25,13.118739128112793,13.222057175547269,12.858275076553996,12.88432131611087,5934300
2021-08-26,13.127418518066406,13.493805406635545,13.114394987232881,13.222921926861071,11897500
2021-08-27,13.387886047363281,13.44866088089247,13.014553034552533,13.110057290664123,9472400
2021-08-30,13.292381286621094,13.492070478480054,13.2229232764148,13.431295651043836,6611800
2021-08-31,13.422612190246582,13.48338701267496,13.305402894424834,13.327108779574152,10701500
2021-09-01,13.318428039550781,13.483388646702597,13.20555990708061,13.457342409361774,8202900
2021-09-02,13.361837387084961,13.44431726678673,13.231604559985836,13.379201267234595,11008100
2021-09-03,13.43997859954834,13.795947731030832,13.361839882290976,13.522459322647517,14355200
2021-09-07,13.04059886932373,13.439977255345246,13.005869450022804,13.37052007273325,12803000
2021-09-08,12.623854637145996,13.049280077246355,12.597808401301767,12.988505250944849,11716200
2021-09-09,12.728041648864746,12.801840014277468,12.554398679656869,12.580444918039303,8603500
2021-09-10,12.526704788208008,12.820832410999653,12.504819758273706,12.736796066606116,7289700
2021-09-13,12.517949104309082,12.587979521088366,12.369134259946,12.56171832350324,15522900
2021-09-14,12.036491394042969,12.614242847384462,12.00147617974435,12.605488835102667,12737500
2021-09-15,12.027735710144043,12.141535349505798,11.943699374472457,12.036489721209204,16081300
2021-09-16,11.957704544067383,12.124027404598484,11.935820352600423,12.036488969073863,8015300
2021-09-17,11.861413955688477,11.909559348033147,11.686337904370438,11.826398745424868,26241800
2021-09-20,11.62506103515625,11.730106669334436,11.449984978192607,11.616307858429435,10765500
2021-09-21,11.388710021972656,11.738862180635032,11.371201996625238,11.686339774249973,9342300
2021-09-22,11.52001667022705,11.633816328498726,11.449986239725803,11.449986239725803,7783300
2021-09-23,11.765120506286621,11.905182170323556,11.572537283539072,11.598798480308576,6825700
2021-09-24,11.738861083984375,11.88767594622067,11.686338682505987,11.695091859533372,5792300
2021-09-27,12.25533390045166,12.417279751460683,11.738858981074372,11.738858981074372,12385400
2021-09-28,12.412904739379883,12.552965587158349,12.246581856521576,12.255335868214857,10810800
2021-09-29,12.334120750427246,12.46980459727231,12.255336311991876,12.404151176852345,9832400
2021-09-30,12.474181175231934,12.885610542482793,12.447919974930794,12.45667315181217,19163700
2021-10-01,12.798072814941406,12.868103242902706,12.535458292672258,12.55296631707686,9176400
2021-10-04,12.999408721923828,13.170107756843285,12.771809452145613,12.82433184681541,13567100
2021-10-05,13.156978607177734,13.26202424624725,12.938133317075776,13.08694818113139,13139800
2021-10-06,12.87685775756836,13.058061476118192,12.649258440398787,12.955642200806178,14791800
2021-10-07,12.929380416870117,13.086948461435007,12.911872392569268,13.008164021738288,10950800
2021-10-08,12.981902122497559,13.183240216995117,12.929379722074547,13.025671346069071,7742500
2021-10-11,13.008162498474121,13.200746569088988,12.95564010137908,12.999409322177247,7033700
2021-10-12,12.86810302734375,13.034425917087106,12.815580624666877,13.034425917087106,8642400
2021-10-13,12.88560962677002,12.977524238706366,12.710533579156658,12.850594417247347,8427700
2021-10-14,13.17448616027832,13.183240171928398,12.903117642925414,12.92062566622557,6386100
2021-10-15,13.26202392578125,13.384577585815208,13.235762725355583,13.235762725355583,7634300
2021-10-18,13.227008819580078,13.428346917332682,13.130717194028799,13.156978394664872,7891600
2021-10-19,13.454609870910645,13.520263298468782,13.2138803582546,13.314549002832319,9861900
2021-10-20,13.559653282165527,13.708468138624442,13.401209513936047,13.46336165997443,8391300
2021-10-21,13.559653282165527,13.699714127108392,13.384577225986945,13.489622859694094,9633200
2021-10-22,13.445853233337402,13.734728926067985,13.445853233337402,13.53339167621329,11745200
2021-10-25,13.489622116088867,13.568406545733417,13.437099719544793,13.489622116088867,9772600
2021-10-26,13.025670051574707,13.533390990958411,12.911870415529611,13.524636980148383,18426700
2021-10-27,12.763056755065918,13.008163236685586,12.67114213751923,13.008163236685586,11529700
2021-10-28,12.920628547668457,13.052811147680208,12.675521175775632,12.789320848119726,11965200
2021-10-29,12.824332237243652,13.213877377908073,12.815579061084476,12.938131875597314,16770800
2021-11-01,13.09570026397705,13.148223493188919,12.859346984766256,12.894362192631366,9549000
2021-11-02,13.340808868408203,13.353939886533848,13.086948361778875,13.130717587369146,12287200
2021-11-03,13.375823974609375,13.520261833518566,13.227009109693418,13.28828635895963,8439900
2021-11-04,13.367070198059082,13.44585379816272,13.253270551471385,13.332054151575024,8520300
2021-11-05,13.533390045166016,13.58591327152713,13.419590417073904,13.42834442727215,8812400
2021-11-08,13.515884399414062,13.699714471733051,13.48962319903378,13.568407635003133,6074500
2021-11-09,13.594669342041016,13.655946591650084,13.454608488354928,13.480869689713936,4894200
2021-11-10,13.760992050170898,13.927314103019349,13.559653949534852,13.59466916249392,9485700
2021-11-11,13.95357608795166,13.962330100390364,13.769746000881728,13.813515228246679,4824700
2021-11-12,12.81557846069336,13.437099019613143,12.754301221479253,13.375821780399036,19128800
2021-11-15,12.86810302734375,12.925003270876992,12.618619527557255,12.79807260055556,10511500
2021-11-16,12.763056755065918,12.968771019214577,12.728041543405965,12.894363590083616,7700000
2021-11-17,12.736796379089355,12.872480228696753,12.640503914673062,12.754303568637784,7534000
2021-11-18,12.78931713104248,12.819956169745693,12.52670347792822,12.736794734351006,6270200
2021-11-19,12.596734046936035,12.771810096042588,12.548587820371065,12.736794886221277,7238700
2021-11-22,12.929380416870117,13.11320966305773,12.640503859705964,12.684273085629535,10326200
2021-11-23,12.964395523071289,12.986279718437217,12.810327915884976,12.885611084028284,9195800
2021-11-24,13.008162498474121,13.165731359416144,12.95564010137908,13.016916509599444,10158300
2021-11-26,12.63174819946289,12.724538539464108,12.456671330182058,12.640501375064225,6651800
2021-11-29,12.78931713104248,12.876855571966198,12.544210665215896,12.736794734351006,12343500
2021-11-30,12.56171989440918,12.815580395687714,12.351627782969839,12.763057159120748,24941000
2021-12-01,12.439166069030762,12.74554980285472,12.132782335206805,12.281597196226612,22221700
2021-12-02,13.121962547302246,13.231385185291414,12.447919531399776,12.509195941528597,14524900
2021-12-03,13.27953052520752,13.690959850288284,13.04317724223716,13.235761305972815,19438800
2021-12-06,13.235760688781738,13.603420777483597,13.222629673175108,13.445851929517548,12473700
2021-12-07,13.542146682739258,13.6646995099783,13.209501744123173,13.393331819810259,14903100
2021-12-08,13.63843822479248,13.831022311185501,13.542146599010229,13.612177024093414,11366600
2021-12-09,13.567865371704102,13.686959319492708,13.497291367379407,13.603152373866449,8569000
2021-12-10,13.417893409729004,13.770763378953891,13.33849745632631,13.717833304224342,9774300
2021-12-13,13.047377586364746,13.435534494945543,12.888585703109388,13.38260442806592,10867600
2021-12-14,12.853300094604492,13.17970501318178,12.835657017515405,12.897409049289712,13978400
2021-12-15,13.047377586364746,13.073842619804557,12.791546686291252,12.915051577857444,10934700
2021-12-16,13.188528060913086,13.395839912651875,13.047380067317215,13.179706100986243,11932500
2021-12-17,13.303208351135254,13.36937135471598,13.056199411823366,13.197347377144444,17967500
2021-12-20,13.100309371948242,13.197348395265587,12.875354469372839,13.144417483532662,11378300
2021-12-21,13.603150367736816,13.60756134752016,13.219403539669566,13.219403539669566,9422200
2021-12-22,13.717833518981934,13.72665547867776,13.479645655044942,13.60315056686135,6693800
2021-12-23,13.903093338012695,14.004543371546061,13.735479434401556,13.788410362202063,6735600
2021-12-27,14.044239044189453,14.088348003207685,13.850160129294288,13.894269088312518,4456300
2021-12-28,14.088347434997559,14.154510450202215,13.982486442408431,14.02659455833928,6010800
2021-12-29,14.176563262939453,14.304479143566628,14.06188032071422,14.088346197518103,5867300
2021-12-30,14.01777458190918,14.273605545168174,13.991308700624543,14.132457543550585,6608100
2021-12-31,13.911911010742188,14.119221153349514,13.894267093145132,14.02659310988986,4315900
2022-01-03,14.238317489624023,14.32212527112496,14.017774371389999,14.017774371389999,8569100
2022-01-04,14.847020149230957,14.966114096197419,14.405932204592345,14.405932204592345,16823500
2022-01-05,14.899946212768555,15.30310113155766,14.855838103247947,14.864660061675373,10922700
2022-01-06,14.9705228805542,15.129314795473146,14.794088728235122,15.085206678047584,8571700
2022-01-07,15.111669540405273,15.208709409308648,14.979343517202194,14.979343517202194,10482700
2022-01-10,14.996988296508789,15.292516375872177,14.767622391236408,15.173424125985013,15250000
2022-01-11,15.032279014587402,15.102853023371598,14.811735026809657,15.102853023371598,16455800
2022-01-12,15.129315376281738,15.266053237737216,14.961701494919682,15.120493415934588,7975700
2022-01-13,15.4292573928833,15.521885465181763,15.058743421072332,15.217535363650907,9726800
2022-01-14,15.491004943847656,15.526292779783775,15.146956956553637,15.323392771000975,8547000
2022-01-18,15.279282569885254,15.526292367021513,15.169010609441376,15.446896420892594,10282200
2022-01-19,14.767621040344238,15.332212950834355,14.745566984331335,15.261638962023092,11762000
2022-01-20,14.705866813659668,15.023450557177158,14.564718857122198,14.86024686530491,18906200
2022-01-21,14.238317489624023,14.72351521018757,14.21185329135373,14.714693249891845,10121400
2022-01-24,14.203030586242676,14.22949478312517,13.629615816717418,13.978075658349121,11759700
2022-01-25,14.01777458190918,14.105991662265946,13.585507775319748,14.044239621885364,11657100
2022-01-26,13.973665237426758,14.24713927272544,13.779586319876822,14.176565273854267,10817100
2022-01-27,13.9472017288208,14.39711081067294,13.779587832125564,14.12363674536169,12857800
2022-01-28,14.22949504852295,14.238317008520585,13.828105964331456,13.867803943012406,11142100
2022-01-31,14.405929565429688,14.45885963795679,14.01071487981953,14.194207592704602,16818400
2022-02-01,14.829374313354492,14.873484111694586,14.37064418893482,14.432396223994195,10422500
2022-02-02,15.023452758789062,15.067560870689707,14.73233484544161,14.763210860295384,8890000
2022-02-03,14.864663124084473,15.12931520096463,14.84701920359463,14.961701321544867,7035100
2022-02-04,14.855841636657715,15.005811600360742,14.670583830851895,14.82937575508062,6702500
2022-02-07,14.935236930847168,15.041097087187488,14.811732854244513,14.996988969148497,6955400
2022-02-08,15.085205078125,15.1293131908725,14.926413180047373,15.085205078125002,6457600
2022-02-09,15.261641502380371,15.279285423174239,15.085207342292394,15.164603303247898,8012200
2022-02-10,15.305749893188477,15.66744182303059,15.138136026334383,15.17342386466861,9406300
2022-02-11,15.173421859741211,15.513058004438523,15.067560041343235,15.30574787077629,8804600
2022-02-14,14.882308006286621,15.261642225630037,14.7499802766785,15.235178025801996,9019400
2022-02-15,15.33221435546875,15.411610310482224,14.961700459611464,15.005810258294934,7447100
2022-02-16,15.561579704284668,15.632153697037696,15.235175618783181,15.252819537625616,8063400
2022-02-17,15.208711624145508,15.473365391709734,15.164603504193263,15.385147469188325,8985800
2022-02-18,15.288105964660645,15.446897871833956,15.138136017065492,15.208710011073991,9652000
2022-02-22,14.944060325622559,15.367504356868567,14.785268393251052,15.155782341245562,11734200
2022-02-23,14.661762237548828,15.094028168825353,14.591188242291778,15.058740329888444,7846200
2022-02-24,14.335357666015625,14.370645507926552,13.89426973783053,14.238317783377493,11558400
2022-02-25,14.13245677947998,14.255960853563902,13.63843795921907,14.13245677947998,18758600
2022-02-28,14.044239044189453,14.097169121964598,13.744299132435582,13.894269088312518,18104500
2022-03-01,13.594327926635742,14.158919857971075,13.466412882683208,14.0618808300999,14194400
2022-03-02,14.988166809082031,15.155780684104634,14.247138994117378,14.308891031594962,20561000
2022-03-03,14.776445388793945,15.014633270530917,14.635297388346162,15.005811310175819,16233100
2022-03-04,14.485325813293457,14.511791691409384,14.203029843857049,14.42357378030633,10468300
2022-03-07,13.911911010742188,14.494146830512275,13.876623175548076,14.467680954116691,9691700
2022-03-08,14.194210052490234,14.622065892989328,14.176566131051374,14.194210052490234,12353300
2022-03-09,14.441218376159668,14.624709418803366,14.379464657660375,14.50297041204218,12569700
2022-03-10,14.538975715637207,14.552305529433792,14.20127240908917,14.281254681953577,10586400
2022-03-11,14.707822799682617,14.83224058595947,14.561189791447696,14.663388965682245,11139400
2022-03-14,14.503424644470215,14.929995558709424,14.365678740208338,14.778918148036103,10739100
2022-03-15,14.690051078796387,14.805580070480268,14.40122605702337,14.503425236793552,14246300
2022-03-16,14.894449234008789,14.974431494478175,14.645615346432681,14.814466973539405,11061500
2022-03-17,14.858901977539062,14.929997137429973,14.458992338793554,14.663390711599634,10839600
2022-03-18,15.143287658691406,15.196608616632519,14.614515701046173,14.752263345356965,25124800
2022-03-21,15.152167320251465,15.405443893123554,14.977984799415605,15.214377058449177,9128400
2022-03-22,15.22326374053955,15.37434115584158,15.094404938256616,15.285473483933954,12037600
2022-03-23,15.081075668334961,15.285475751149805,15.072188560817581,15.152170833431555,7361400
2022-03-24,15.152167320251465,15.241036679777578,15.04552544485377,15.161054425708281,13534300
2022-03-25,15.587624549865723,15.61428416698239,15.205487550803527,15.241034271973012,11028500
2022-03-28,15.445436477661133,15.507646221729244,15.187717175262073,15.463210690252021,6572600
2022-03-29,15.605401992797852,15.689828660449757,15.445437459396675,15.623176206518496,6015400
2022-03-30,15.3565673828125,15.65427778845274,15.28547223407438,15.552078618081818,4783700
2022-03-31,14.850015640258789,15.249926994771599,14.832243120646757,15.152170509214601,10402900
2022-04-01,14.476764678955078,15.001090355891275,14.272364637559976,15.001090355891275,8138800
2022-04-04,14.503424644470215,14.556745584989581,14.201269823123573,14.450103703950846,10025400
2022-04-05,14.041304588317871,14.51231013214942,13.987982806223274,14.37011984325846,8198500
2022-04-06,13.836907386779785,13.992428355265869,13.748038867302805,13.952437224868845,9878100
2022-04-07,14.219043731689453,14.299025988283574,13.868010682753265,14.210156625952095,14207800
2022-04-08,14.307913780212402,14.481208112796633,14.076854105086033,14.236818625945995,8942200
2022-04-11,14.050193786621094,14.414555820550497,14.041306680361057,14.236818780476364,6340600
2022-04-12,13.694716453552246,14.085740633500084,13.614734196402868,13.76581160490257,10502100
2022-04-13,13.756924629211426,13.823577075813652,13.610290772224442,13.721377053200069,10134300
2022-04-14,13.668057441711426,13.881342918514552,13.635176163772593,13.792474393607156,7197400
2022-04-18,13.961325645446777,13.996873226088377,13.685831259833499,13.721378840475099,8378800
2022-04-19,14.316802024841309,14.365680265106647,14.059081010730367,14.1390632775205,8929400
2022-04-20,14.681164741516113,14.805580846006865,14.405669517226166,14.405669517226166,9380700
2022-04-21,14.503424644470215,14.876674618190057,14.458990809877765,14.770032737151324,9459500
2022-04-22,13.996872901916504,14.441218073405917,13.979098688246774,14.441218073405917,7175600
2022-04-25,13.854681015014648,13.890228590810821,13.529420230343094,13.84579390918534,8561800
2022-04-26,13.570301055908203,13.863568782094882,13.55252684340181,13.748038943366629,6586000
2022-04-27,13.668057441711426,13.756925966618821,13.374789699226842,13.561414703309863,10787200
2022-04-28,13.952438354492188,14.059081095011276,13.80136092687652,13.916890774319157,10054600
2022-04-29,13.694716453552246,14.161279337749935,13.676943089475193,13.908001907603218,10581000
2022-05-02,13.668057441711426,13.828021973074344,13.321467906265486,13.690274361057988,7912100
2022-05-03,13.765811920166016,13.93021999112956,13.645838531694327,13.703603873190064,7605300
2022-05-04,14.299027442932129,14.316801656215027,13.78358712302402,13.828021808710126,9560000
2022-05-05,14.174610137939453,14.339018216609063,14.00131580037182,14.165723031520313,16828700
2022-05-06,13.943550109863281,14.17460978589555,13.836907378045563,14.139062208622978,11665700
2022-05-09,14.076852798461914,14.210155988457851,13.739150423281725,13.756923786438044,17107000
2022-05-10,14.414555549621582,14.610068493583224,14.112401570149373,14.219044300702109,20076800
2022-05-11,13.845795631408691,14.601182770438264,13.828022265060378,14.40566980795865,8743800
2022-05-12,13.881341934204102,13.930220170326013,13.58274245735731,13.836907251140644,13933100
2022-05-13,14.174610137939453,14.24570614177145,13.916889984432231,14.00575935358139,7308400
2022-05-16,14.192383766174316,14.28569668468936,13.996871670612242,14.085741036100753,6482600
2022-05-17,14.885565757751465,14.92999960438443,14.396786664618455,14.44122051125142,10950300
2022-05-18,14.00576114654541,14.778920858522913,13.9080046584627,14.707825693110701,13338700
2022-05-19,13.365901947021484,13.672500334820626,12.948217272811751,13.659169675343756,21103000
2022-05-20,12.583854675292969,13.152616779763122,12.027535028463646,13.152616779763122,24256000
2022-05-23,12.894896507263184,12.94821745086166,12.583854562027973,12.61940214026733,11306900
2022-05-24,12.9393310546875,12.992651997720369,12.450551223440282,12.761592317854978,13173400
2022-05-25,13.250373840332031,13.36590369501054,12.788255269139212,12.788255269139212,10757000
2022-05-26,13.410335540771484,13.48143069049223,13.223710560874267,13.294805710595012,12225600
2022-05-27,14.032421112060547,14.201271911901866,13.81469206995305,13.872456571932103,11996300
2022-05-31,13.863570213317871,14.076855700286776,13.672501646754448,13.925778268470172,19470600
2022-06-01,14.023533821105957,14.245707261441016,13.850239469917911,14.050195142458874,12804600
2022-06-02,13.294806480407715,13.343684716491325,12.646062142240197,13.179276643541689,23221200
2022-06-03,13.401447296142578,13.490316649500727,13.11262316901004,13.143727188429104,9442500
2022-06-06,13.525866508483887,13.70804795090503,13.410336668591267,13.552526979991073,9342400
2022-06-07,13.632508277893066,13.6769429589432,13.205936526341244,13.392561508734971,9358700
2022-06-08,13.303694725036621,13.588075364723226,13.303694725036621,13.588075364723226,6808000
2022-06-09,13.04597282409668,13.3747881069016,13.019311507029572,13.250371169818232,6899000
2022-06-10,12.750286102294922,12.9922104308249,12.683085184760827,12.884688791869142,8798800
2022-06-13,12.275400161743164,12.557645246455136,12.221639762897352,12.436683067292863,12877100
2022-06-14,12.248520851135254,12.409803768388462,12.145479367115124,12.239560499175365,10104800
2022-06-15,12.606926918029785,12.777170194448061,12.279881748208139,12.329162831567045,13743300
2022-06-16,11.961795806884766,12.329161673211253,11.858753473678483,12.302280618719449,11242200
2022-06-17,12.024516105651855,12.17683865734614,11.804992629270355,12.033476456811783,18452900
2022-06-21,12.454602241516113,12.562124742402204,12.302279695517917,12.418761692722779,10029000
2022-06-22,12.302281379699707,12.423243568876714,12.208200246677281,12.239560624351423,8189600
2022-06-23,12.203720092773438,12.418763415362683,12.020037147915183,12.320202106135831,8189100
2022-06-24,12.597966194152832,12.669647296877235,12.230599474557586,12.311240928749076,12053500
2022-06-27,12.660686492919922,12.7637279675903,12.562125193822965,12.687566691854343,6200800
2022-06-28,12.32020092010498,12.799568601002631,12.310345046482954,12.723407324770829,9494300
2022-06-29,11.970755577087402,12.382922355801064,11.925955527590881,12.382922355801064,8272800
2022-06-30,11.88115406036377,11.961795512844585,11.701951307354252,11.77363240855806,13551500
2022-07-01,11.612351417541504,11.916996575122292,11.40626757673427,11.845315462104022,12884700
2022-07-05,11.495866775512695,11.504827126224608,11.110580239961205,11.379384779776057,13734700
2022-07-06,11.442107200622559,11.545148677679133,11.253944094711967,11.451066697470768,10532500
2022-07-07,11.68403148651123,11.809473850337204,11.603390027944975,11.68403148651123,11056600
2022-07-08,11.818432807922363,11.916994965892698,11.612349849450128,11.737792207545938,8138400
2022-07-11,11.701952934265137,11.822914275297366,11.648191673634843,11.657152026157599,7588900
2022-07-12,11.75571060180664,12.006594432454799,11.666109660971037,11.77363130267739,10452200
2022-07-13,11.64819049835205,11.715391426479773,11.500348114668597,11.567549042796319,7631100
2022-07-14,11.657151222229004,11.701952127246873,11.351609716521962,11.424187199741034,8154800
2022-07-15,11.89011287689209,11.899072372506497,11.61682817976121,11.800511084699862,7955800
2022-07-18,11.791552543640137,12.0737976341935,11.764672343660914,11.988676004002121,6544700
2022-07-19,12.347082138061523,12.35604249000609,11.930435172207345,11.95283605206876,7146200
2022-07-20,12.463563919067383,12.593486456339573,12.261961131084362,12.320201708633364,8719100
2022-07-21,12.597966194152832,12.606925691113771,12.302280577281989,12.382922031473477,8386300
2022-07-22,12.338122367858887,12.60692608420375,12.261961087026195,12.526284627497821,8985400
2022-07-25,12.436685562133789,12.477006296609689,12.294218853051436,12.445645915240945,9531900
2022-07-26,12.347082138061523,12.597966865472202,12.311241584789453,12.427723596550228,6587300
2022-07-27,12.53524398803711,12.593485415277664,12.293320491555267,12.391881789454372,8790700
2022-07-28,12.615886688232422,12.687567794625297,12.43220374628741,12.517325380568769,6780700
2022-07-29,12.759248733520508,12.839890190780414,12.535245065356849,12.633807226232815,9064700
2022-08-01,12.920531272888184,12.938451121477753,12.633806859405821,12.64276635644753,7503600
2022-08-02,12.696528434753418,12.880211380867907,12.633807678862484,12.821970801041498,6823900
2022-08-03,12.786128997802734,12.893650649327647,12.624846093262304,12.759247944041912,7380000
2022-08-04,12.804049491882324,12.826449516640498,12.68308730737338,12.75028823615407,7153700
2022-08-05,12.86677074432373,12.938451851740092,12.597967018765477,12.651727422074647,9264600
2022-08-08,12.90261173248291,13.117655916479071,12.830930622652934,13.010134251734106,6772700
2022-08-09,12.624846458435059,12.893651022275552,12.49940410077452,12.857810470730563,10262900
2022-08-10,13.00117301940918,13.063893772638668,12.759248649227713,12.804049553465708,9706000
2022-08-11,13.144536018371582,13.296858589220278,13.081815261377256,13.117655816017761,8397900
2022-08-12,13.261018753051758,13.305819662406224,13.189337639887121,13.216217843697292,11828800
2022-08-15,13.314777374267578,13.359578277611238,13.10421423941038,13.153495318539022,7899100
2022-08-16,13.395418167114258,13.498459641555986,13.29058479334836,13.296856868236011,8315600
2022-08-17,13.377500534057617,13.493982554473789,13.234138310316562,13.350619476226477,11520600
2022-08-18,13.592540740966797,13.619420938104454,13.435738024402692,13.458138900772456,10958200
2022-08-19,13.314777374267578,13.52086118784595,13.265497149645093,13.467099932932328,11403200
2022-08-22,12.91157054901123,13.162454403573596,12.884690349648938,13.162454403573596,10733700
2022-08-23,12.91157054901123,13.108694004849012,12.902610197721756,12.965331802241945,11379300
2022-08-24,12.86677074432373,12.974292405448272,12.759249083199188,12.90261129803191,13000500
2022-08-25,13.287897109985352,13.301337637275482,12.992212345651701,12.992212345651701,9603100
2022-08-26,12.329158782958984,13.126611080138478,12.311238084165492,13.108691235850936,16798200
2022-08-29,12.29332160949707,12.50836492692699,12.136518870097934,12.203719799981512,13678800
2022-08-30,12.230600357055664,12.400843629189621,12.154439073102306,12.329162521293073,12077000
2022-08-31,12.18580150604248,12.369484469937065,12.123079889574024,12.284362825483921,25985300
2022-09-01,11.979716300964355,12.127558690611957,11.764672980478062,12.096198313187648,16665000
2022-09-02,11.86323356628418,12.203719230238736,11.80947316668965,12.167878679007,16069500
2022-09-06,11.7825927734375,11.960900017160174,11.692991817584257,11.890115287671298,14080800
2022-09-07,11.908037185668945,11.943877745077401,11.666113623288442,11.746754241077717,9868000
2022-09-08,11.970755577087402,11.970755577087402,11.719871710980964,11.80947351898635,17411800
2022-09-09,12.142541885375977,12.196789540755761,12.015962585738254,12.043086413428146,12016700
2022-09-12,12.44090747833252,12.49515513764373,12.241997382272421,12.269121211928027,12058800
2022-09-13,11.916508674621582,12.251038776577827,11.83061554260886,12.169666426486932,12455800
2022-09-14,11.78088665008545,11.988838286871008,11.690473607255518,11.952672897288855,12622900
2022-09-15,11.817052841186523,12.015962928505354,11.717598228652589,11.780887449151368,12627200
2022-09-16,11.808012962341309,11.862260623047126,11.577458248714029,11.672392086074721,16887100
2022-09-19,11.73568058013916,11.853218320683434,11.591019010931122,11.654309094147864,7887400
2022-09-20,11.53676986694336,11.627182904922023,11.455397529186962,11.618142204699756,7748300
2022-09-21,11.392109870910645,11.735680669263429,11.374026743496827,11.627184491533448,8679600
2022-09-22,11.211281776428223,11.410191861946577,11.157034119992005,11.392109597218155,12333300
2022-09-23,10.99428939819336,11.09374487182483,10.759213921565639,11.05757861795815,13636000
2022-09-26,10.85866928100586,11.066620065046731,10.781817716849247,10.921958500105092,14779600
2022-09-27,10.885793685913086,11.057579087824694,10.78633907030647,11.003331429221445,14029300
2022-09-28,11.102787017822266,11.14799397878735,10.84420482213398,10.858670808212509,14349100
2022-09-29,10.958124160766602,11.012372680078988,10.822504155862076,11.012372680078988,17697700
2022-09-30,10.831543922424316,11.13895016007925,10.822503221861615,10.958123215061903,13870500
2022-10-03,11.184159278869629,11.274573200021788,10.867712279339186,11.003332298816368,14231900
2022-10-04,11.618144035339355,11.618144035339355,11.355944718060734,11.374026983605297,11791300
2022-10-05,11.708558082580566,11.767327390659464,11.374027950192671,11.446358743019728,11658700
2022-10-06,11.672390937805176,11.744721719798084,11.591018592500419,11.63622554680872,12361200
2022-10-07,11.265528678894043,11.50964482233654,11.193197905855465,11.44635561149049,12885200
2022-10-10,11.120867729187012,11.364983885720536,10.976206175352202,11.346901622616622,11474300
2022-10-11,11.039495468139648,11.211280848978042,10.944560783853284,11.05757773137222,18397200
2022-10-12,11.166074752807617,11.319777870317585,10.97620624660418,11.066619287212415,14517800
2022-10-13,11.600061416625977,11.690475335069694,10.90839726860932,11.012373533494905,18163200
2022-10-14,11.38306713104248,11.690473367306673,11.369504786883454,11.690473367306673,16266300
2022-10-17,11.554854393005371,11.762806059366529,11.419234378346676,11.66335057718253,19641200
2022-10-18,11.636225700378418,11.817052657747166,11.487043352767834,11.699514919894742,14721800
2022-10-19,11.59101676940918,11.789926819729612,11.491562175374362,11.61814145507842,12362700
2022-10-20,11.581978797912598,11.934591172162795,11.51868871202715,11.54581340408563,17132400
2022-10-21,12.17870807647705,12.19498220170995,11.58197865459082,11.627184749626872,20455900
2022-10-24,12.350493431091309,12.395700388201286,12.124459507792418,12.232955687505767,17275100
2022-10-25,12.522278785705566,12.59460956692509,12.223914097612305,12.296244878831827,16719900
2022-10-26,12.639815330505371,12.802560015151657,12.436385336948417,12.458988382148888,14151600
2022-10-27,12.72119140625,12.88393613865869,12.685026005964865,12.72119140625,15153000
2022-10-28,13.01051139831543,13.082842176245185,12.802559765079215,12.802559765079215,12289200
2022-10-31,12.902017593383789,13.010513780140741,12.829685939961443,12.920099860051092,13517000
2022-11-01,12.98338794708252,13.064760295570137,12.874891769849352,13.019553339493575,15357800
2022-11-02,12.65789794921875,13.06475878227918,12.65789794921875,12.920097229391104,14840900
2022-11-03,12.477072715759277,12.549403502102729,12.269121058333612,12.477072715759277,11064100
2022-11-04,12.883932113647461,12.93818062825321,12.599129783157224,12.748312120509421,12930100
2022-11-07,13.04667854309082,13.100926202713294,12.820644616078164,12.883933839721387,11777000
2022-11-08,13.03763484954834,13.250106395825515,12.933659467045734,13.164214138410768,11080900
2022-11-09,12.793519020080566,13.019552931122632,12.775436755567691,12.911056757292554,11909200
2022-11-10,13.444497108459473,13.45353867196455,13.141611629047013,13.281752414371896,13869900
2022-11-11,13.824233055114746,13.869440006798426,13.471619866683115,13.53490994394062,13755900
2022-11-14,13.851358413696289,14.104517026233225,13.679573012993563,13.733820671215064,11924900
2022-11-15,14.023144721984863,14.140682464846071,13.86040002229227,14.041226987366827,14101200
2022-11-16,13.769986152648926,14.023144766813576,13.670531537102732,13.941772416707153,15051100
2022-11-17,14.050268173217773,14.05930973679102,13.507786430336392,13.571076513098161,14944800
2022-11-18,14.258222579956055,14.28534641366729,14.014105489801551,14.140684817539196,14069000
2022-11-21,14.059308052062988,14.122597264989844,13.94177032644821,14.095473439771315,14910900
2022-11-22,14.131640434265137,14.245561030486396,13.982458085224708,14.077391915409091,16074500
2022-11-23,14.285343170166016,14.32150856098665,14.077391526259161,14.113556917079798,11307200
2022-11-25,14.312467575073242,14.457129144191327,14.222053663248955,14.285343746426342,5567600
2022-11-28,14.059308052062988,14.249176553094417,14.009580320619968,14.194928040406499,13433100
2022-11-29,13.977936744689941,14.194929086937817,13.96889518153355,14.122598306188525,14778700
2022-11-30,15.171398162841797,15.243728952226537,14.059310767112153,14.249179304809847,35362300
2022-12-01,15.207561492919922,15.307016967148906,14.683162880215852,14.818782884026888,17179300
2022-12-02,15.090024948120117,15.221123310803765,14.945363377605645,15.026735726582778,13167100
2022-12-05,14.656038284301758,15.05385845928491,14.574667661091175,14.999610802310547,12746500
2022-12-06,14.71028995513916,14.755496055569564,14.574669929345756,14.674123695193083,14153400
2022-12-07,14.520421028137207,14.58371026067076,14.362197946803322,14.58371026067076,14176600
2022-12-08,14.728370666503906,14.78713824251252,14.610832065482864,14.63795675598816,9297600
2022-12-09,14.601789474487305,14.818781809754709,14.592747911621773,14.73740946846671,10018200
2022-12-12,14.791661262512207,14.827825795381575,14.46617184417755,14.484254972863269,11246500
2022-12-13,14.800766944885254,15.023917733980321,14.64592808274129,14.882740562328792,18007900
2022-12-14,14.755226135253906,14.955605114591503,14.60038728027891,14.664144149284311,14978300
2022-12-15,14.354467391967773,14.600388249232887,14.25883121349059,14.536630507374014,16562900
2022-12-16,14.245170593261719,14.336251723498545,14.058453277360563,14.158642781207766,31670500
2022-12-19,14.099438667297363,14.363576279884603,14.003803354013527,14.299818535739764,9138500
2022-12-20,14.263385772705078,14.281602519032894,14.090331025702193,14.126763649735551,13188200
2022-12-21,14.372682571411133,14.53207561538649,14.336249950098669,14.363575067549673,14255200
2022-12-22,14.308928489685059,14.318036863943698,14.06300759643608,14.254279112755604,13616800
2022-12-23,14.345358848571777,14.36812891199363,14.108546367046651,14.318034598741106,8328800
2022-12-27,14.463764190673828,14.513859369436087,14.340803771142207,14.400007322156181,6066800
2022-12-28,14.181411743164062,14.518413722925255,14.17230423888465,14.481981099940862,6480100
2022-12-29,14.500199317932129,14.600389692778105,14.272495184005585,14.272495184005585,8469100
2022-12-30,14.536629676818848,14.536629676818848,14.354466571820558,14.409115069008944,9396400
2023-01-03,14.627714157104492,14.700579415851477,14.418226755362511,14.655039280601413,18233900
2023-01-04,14.95560359954834,15.051238893368327,14.682359406564322,14.709682783516197,15865500
2023-01-05,14.982931137084961,15.023917946386195,14.741563599091254,14.837200645623795,13099500
2023-01-06,15.58407211303711,15.67515238050092,15.18331233466631,15.19242070886164,15242500
2023-01-09,15.447444915771484,15.711582498905749,15.383688047358211,15.574960389842397,19294700
2023-01-10,15.538528442382812,15.61139369026143,15.196972267218438,15.301715952466168,16777600
2023-01-11,15.401906967163086,15.52942072199939,15.283501585850034,15.47477221810449,16002800
2023-01-12,14.864523887634277,15.228850112871495,14.855415514847788,15.128661486709058,22445800
2023-01-13,14.982931137084961,14.996592827770542,14.682361781290744,14.727901908405673,12392100
2023-01-17,14.800766944885254,14.982930925258552,14.614049646762634,14.937389061542994,14189500
2023-01-18,14.645927429199219,14.891848270556158,14.63681905686255,14.800766284433841,13629400
2023-01-19,14.400007247924805,14.545737728712298,14.336249511113639,14.518412612098007,12533300
2023-01-20,14.527521133422852,14.536629505721109,14.24516854115437,14.427331644008582,12713700
2023-01-23,14.72790241241455,14.837201153373023,14.565776670511378,14.600388662333458,10009600
2023-01-24,14.72790241241455,14.814429351791784,14.509306667742155,14.600388662333458,9550900
2023-01-25,14.691469192504883,14.727902685915804,14.368129756083581,14.600388933466746,10570700
2023-01-26,14.773441314697266,14.837199921689557,14.563953960598672,14.800766431979675,11148700
2023-01-27,14.700577735900879,14.837201600527596,14.664145979313131,14.73701122973323,9423100
2023-01-30,14.582170486450195,14.737009340902915,14.51385943151451,14.563953741868843,10476500
2023-01-31,14.691469192504883,14.709685939210344,14.481981817125837,14.582172186761285,24130400
2023-02-01,14.673253059387207,14.737009930729325,14.491089080771625,14.68236143204243,18695100
2023-02-02,14.94649600982666,15.043953677920943,14.737008668433456,14.755225412183552,13329200
2023-02-03,14.873631477355957,15.064903821313214,14.79165786383776,14.800766236144712,9682000
2023-02-06,14.673253059387207,14.828091920037117,14.60494113309525,14.818983547381892,24139200
2023-02-07,14.782551765441895,14.846308644153522,14.563956008182888,14.682363129142757,17657500
2023-02-08,14.582170486450195,14.664144099821893,14.476515626296056,14.655035727531217,18148900
2023-02-09,14.791659355163574,14.841754539280327,14.709685733380624,14.755227599507018,18403500
2023-02-10,14.973823547363281,15.014810358808178,14.737011052042165,14.80076792823543,14023300
2023-02-13,15.174201965332031,15.210635457322992,14.928281106126592,14.946497852122073,9301900
2023-02-14,15.064905166625977,15.237959044178847,15.010254927903928,15.174202169580996,8792600
2023-02-15,15.092227935791016,15.119553054042266,14.928280700772454,14.973822564524538,7088300
2023-02-16,14.992037773132324,15.106801881525689,14.828092273167288,14.992037773132324,10146600
2023-02-17,14.900958061218262,14.982931682806443,14.841754504016894,14.937389816788256,7933100
2023-02-21,14.554847717285156,14.828093718347045,14.554847717285156,14.828093718347045,8755900
2023-02-22,14.345358848571777,14.609496448549816,14.254276857639885,14.550292893857414,8902700
2023-02-23,14.336251258850098,14.48198175740364,14.149533949000586,14.454657506080423,10233800
2023-02-24,14.208736419677734,14.272493290760677,14.076667622580532,14.135871175976595,9897100
2023-02-27,14.245170593261719,14.427333722357687,14.195075407026959,14.345360097108923,8099900
2023-02-28,14.217846870422363,14.3362531331328,14.185968428273862,14.226955244928336,15279800
2023-03-01,14.154088020324707,14.336251142032292,14.081222771641674,14.263385893349259,9208000
2023-03-02,14.117654800415039,14.144979050362904,13.935491686392197,14.063005431897064,11956800
2023-03-03,13.917274475097656,14.618602657779297,13.862625977030108,14.463764667506432,22209000
2023-03-06,13.798868179321289,14.044789025449914,13.74421968148529,13.926382788642304,17630200
2023-03-07,13.671355247497559,13.953707863140961,13.644030128340638,13.798868995740799,12305400
2023-03-08,13.753328323364258,13.815263694148454,13.680463079074352,13.753328323364258,11283700
2023-03-09,13.398110389709473,13.789761752144113,13.35712357882109,13.789761752144113,10485600
2023-03-10,13.051998138427734,13.393554267385799,12.988241272314651,13.3798917095235,17290600
2023-03-13,12.760538101196289,12.956363768151311,12.674010299109186,12.860727593502995,15212400
2023-03-14,12.878945350646973,13.024675848588968,12.733213984082694,12.924485479787133,16631000
2023-03-15,12.669456481933594,12.778754349985737,12.5237259911974,12.623915486422971,16778500
2023-03-16,13.14720344543457,13.160984019961669,12.550020390799025,12.586770049839599,15241000
2023-03-17,12.954268455505371,13.156391156790283,12.935893186562536,13.073704198909615,22302400
2023-03-20,13.266637802124023,13.30338745734727,13.027765481263378,13.046139870784554,13576800
2023-03-21,13.5514497756958,13.569825043416161,13.427419347126333,13.450388431776785,10513800
2023-03-22,13.257450103759766,13.643321894285306,13.239074839362914,13.588196977275587,12263100
2023-03-23,13.110454559326172,13.386076580289386,13.027767602564793,13.312577257875057,11543300
2023-03-24,13.073701858520508,13.073701858520508,12.903735032131127,13.02776544674882,12699700
2023-03-27,13.790323257446289,13.836260551427204,13.211515456121186,13.229889848004946,17066400
2023-03-28,13.735197067260742,13.771946723832226,13.62494809754629,13.753572333636948,13520500
2023-03-29,14.258881568908691,14.350755277403339,13.90057174009093,13.90057174009093,16381400
2023-03-30,14.442628860473633,14.461003250425899,14.286442603065273,14.369129548302748,12212500
2023-03-31,14.635565757751465,14.663127782623002,14.488567123528634,14.516129148400172,15543500
2023-04-03,15.00306224822998,15.05818629762372,14.580440739427123,14.608002764123993,15773200
2023-04-04,14.800939559936523,15.067373925540249,14.663127684142461,15.021437509789862,13000300
2023-04-05,14.617188453674316,14.791749964626858,14.470189839933767,14.709063025352584,10982900
2023-04-06,14.571253776550293,14.653940730628143,14.516129724619063,14.60800343656478,6339000
2023-04-10,14.755001068115234,14.755001068115234,14.470191441515,14.479379074935897,7662700
2023-04-11,14.745813369750977,14.846875584573853,14.745813369750977,14.764188636511843,7128100
2023-04-12,14.681502342224121,14.846876245712322,14.571253365292314,14.846876245712322,7728000
2023-04-13,14.727439880371094,14.78256392838545,14.516128693166872,14.62637766537653,9611000
2023-04-14,14.617188453674316,14.911185681155416,14.506939493368904,14.72743829016058,8442900
2023-04-17,14.562066078186035,14.727439975661003,14.479379129448551,14.626377760012545,10754100
2023-04-18,14.497754096984863,14.718252927784551,14.428848595689143,14.635565975757292,8220300
2023-04-19,13.744383811950684,14.323191522670541,13.643322481957389,14.157817640698905,14659200
2023-04-20,13.358512878417969,13.59738608440297,13.24367009202298,13.505511504814608,14176000
2023-04-21,13.285015106201172,13.367702062185701,13.023173663037518,13.367702062185701,11103800
2023-04-24,13.174763679504395,13.266637376524713,13.092076738859502,13.239075355036706,8262400
2023-04-25,12.991018295288086,13.092079647315868,12.945080998482345,13.064517619704848,9567100
2023-04-26,12.94507884979248,13.082889841154076,12.871579537575506,12.94507884979248,9596300
2023-04-27,13.101265907287598,13.101265907287598,12.82564303155342,12.954267273877628,9429200
2023-04-28,13.156389236450195,13.183033022055893,13.046140267428541,13.05532790055891,8821600
2023-05-01,13.266637802124023,13.404449666346864,13.211513757379603,13.220701390230637,8476300
2023-05-02,13.092077255249023,13.386074499199534,12.949672449733107,13.303387555293227,9620400
2023-05-03,12.816455841064453,13.21151533914913,12.816455841064453,13.147203653853857,12608400
2023-05-04,12.678644180297852,12.770517886510016,12.545426123445926,12.752143495739965,8244500
2023-05-05,12.963454246520996,13.018579173055283,12.798081219280101,12.834830878242633,7426000
2023-05-08,13.036953926086426,13.046141560127165,12.922111129120198,12.99101750824474,7283200
2023-05-09,13.009389877319336,13.027765142543652,12.871578892860454,12.926702936171658,6304000
2023-05-10,12.94507884979248,13.1655767864434,12.788892592286183,13.05532781811794,8438100
2023-05-11,12.66026782989502,12.889953390040624,12.586768520742897,12.889953390040624,16141900
2023-05-12,12.706206321716309,12.77970563783621,12.595957347536455,12.724581588836765,14413300
2023-05-15,13.128828048706055,13.14720331613612,12.687832144556229,12.761331461914532,11484500
2023-05-16,12.899142265319824,13.142609297952752,12.825642949087422,13.092078189475117,15408600
2023-05-17,13.14720344543457,13.25745242255629,12.94048606571823,13.000203933091292,10489400
2023-05-18,13.2390775680542,13.285014862333577,13.041547815979584,13.101266561397079,17834500
2023-05-19,13.165578842163086,13.321765124056858,13.151797390402676,13.321765124056858,17190400
2023-05-22,13.275826454162598,13.330951379319863,13.128827821984506,13.202327138073553,11604400
2023-05-23,13.21151351928711,13.514698388460232,13.21151351928711,13.275825195723566,15995100
2023-05-24,13.009389877319336,13.156388494390377,12.88535946559782,13.156388494390377,10807800
2023-05-25,13.477950096130371,13.528481204826752,13.092078246149386,13.10126587976345,11132900
2023-05-26,14.093506813049316,14.19916196569803,13.537667274183574,13.689259716386792,22099300
2023-05-30,14.258881568908691,14.456410436453623,14.240506301501176,14.304817985065528,20688600
2023-05-31,13.248265266418457,13.450388836519688,12.669457458524718,12.733769145119238,34083600
2023-06-01,13.477950096130371,13.762759728718596,13.257452146478656,13.321763829415165,26669400
2023-06-02,14.001631736755371,14.065944290320367,13.39526198947413,13.569823508346543,20040300
2023-06-05,13.79951000213623,14.056757605197005,13.771947101815435,13.992445047296098,16808400
2023-06-06,14.093506813049316,14.15781849271707,13.735197005941295,13.744384639088379,12038800
2023-06-07,14.479379653930664,14.516129312902834,14.139445089392847,14.19456913976061,14615400
2023-06-08,14.516129493713379,14.552879153143296,14.341567954285525,14.479379834283462,12074100
2023-06-09,14.506941795349121,14.699877725544127,14.497754161487219,14.580441113882362,7748300
2023-06-12,14.957124710083008,14.957124710083008,14.497752701247537,14.497752701247537,14149400
2023-06-13,15.287870407104492,15.342996203544844,14.97549790338956,14.984685536129618,17875100
2023-06-14,15.556243896484375,15.72744714309544,15.269365404325585,15.269365404325585,15014500
2023-06-15,16.148509979248047,16.19015377004048,15.491463698421938,15.500718070274809,24260700
2023-06-16,16.25956153869629,16.416882355434762,15.991191771960796,16.185528317001197,24486800
2023-06-20,15.741325378417969,16.167015864310127,15.644157128171823,16.139254515720275,19374500
2023-06-21,15.565500259399414,16.116124030103013,15.537738902954748,15.80610868410405,12829900
2023-06-22,15.528481483459473,15.718191697351987,15.371160689127313,15.602514694610429,14554600
2023-06-23,15.287871360778809,15.426683395204572,15.260108247857342,15.361904563478602,13221100
2023-06-26,15.16756820678711,15.472955426887152,15.158313834651835,15.37116086358114,10100500
2023-06-27,15.204585075378418,15.324888378049746,15.107416819556468,15.176821960104604,10439400
2023-06-28,15.139806747436523,15.22309433096866,15.028756047696676,15.158313726484005,7318300
2023-06-29,15.408175468444824,15.482208675061433,15.172195173945287,15.176821477131567,8779800
2023-06-30,15.546988487243652,15.63027607055779,15.463700903929517,15.463700903929517,9763500
2023-07-03,15.463698387145996,15.52847898091777,15.38041258247797,15.482207128223646,4107200
2023-07-05,15.426684379577637,15.528480701694495,15.195330385741794,15.306381079422993,7634800
2023-07-06,15.41742992401123,15.435938667039068,15.195330302949841,15.241600395428549,8331000
2023-07-07,15.61176872253418,15.815359607439122,15.426684816190816,15.463700538404922,12653100
2023-07-10,15.722820281982422,15.806107877247484,15.509974989678923,15.519229363051846,10130200
2023-07-11,16.037456512451172,16.04671088270582,15.73206935441036,15.73206935441036,9630100
2023-07-12,15.806106567382812,16.213290136591578,15.778343449564797,16.194781391379568,9332000
2023-07-13,16.02820587158203,16.08373034093851,15.87088507082946,15.880139443237384,8494000
2023-07-14,15.61176872253418,15.98193477012996,15.537735513015024,15.935662910998646,8694600
2023-07-17,15.778343200683594,15.889393905112893,15.468329666182365,15.519227832167001,9156600
2023-07-18,16.157764434814453,16.20403629937332,15.695056379772694,15.73207387141979,13473600
2023-07-19,15.981934547424316,16.32433747476998,15.92640831724049,16.204034172886864,13068700
2023-07-20,15.917154312133789,16.074475086983732,15.778340513961489,16.009694490794303,11782300
2023-07-21,15.972681045532227,16.074477374655057,15.884767157256793,15.991189789934744,12403700
2023-07-24,16.055971145629883,16.333595294797025,15.94492042690825,16.1762744729113,11108200
2023-07-25,16.278066635131836,16.37060858277152,16.01894953475889,16.111491482398574,11177500
2023-07-26,16.148509979248047,16.393744655530753,16.12167177134744,16.250304539447708,11314700
2023-07-27,16.065221786499023,16.41687907807531,16.01894992899498,16.34284587115973,8697600
2023-07-28,15.972681045532227,16.315083991523718,15.972681045532227,16.250305151205925,9010300
2023-07-31,16.083728790283203,16.13000064786168,15.935662376213852,15.944916747729547,7359500
2023-08-01,16.111492156982422,16.16701662185469,15.935662625614173,16.111492156982422,10138000
2023-08-02,15.954174041748047,16.21329119638022,15.889395194362807,15.935665295326205,10628800
2023-08-03,16.02820587158203,16.1207478305702,15.658964708433889,15.824614973880905,9536200
2023-08-04,16.074480056762695,16.287325357632902,15.889396112037367,16.009699440544914,11892500
2023-08-07,16.241050720214844,16.338220745430814,16.060594875671057,16.176271880131537,10511600
2023-08-08,16.722270965576172,16.782423514650645,15.9125317656873,16.092987647819342,22140400
2023-08-09,16.361352920532227,16.731518916792766,16.167014669313755,16.68524882916921,16237900
2023-08-10,16.305828094482422,16.564018495967222,16.23179489690061,16.4631488599801,17531500
2023-08-11,16.287324905395508,16.342849381234878,16.17627418862551,16.231800429556138,11611300
2023-08-14,16.287324905395508,16.324340634258,16.06522523694677,16.194782935602387,10801900
2023-08-15,16.00969886779785,16.310459825943955,16.00969886779785,16.167019685658833,7659600
2023-08-16,15.769091606140137,16.018952618244903,15.745954790958482,15.935665025846253,9419000
2023-08-17,15.704305648803711,15.954168340943058,15.621018084757262,15.880135146800724,12958700
2023-08-18,15.732072830200195,15.85237613990873,15.500718817991368,15.509973190290646,8832800
2023-08-21,15.769091606140137,15.84312482548436,15.62102340236051,15.74132848697686,8776000
2023-08-22,15.537736892700195,15.838496060850618,15.519228147404172,15.796852266480116,10569100
2023-08-23,15.750582695007324,15.796852794703485,15.519228666344201,15.556244393082897,8446100
2023-08-24,15.454445838928223,15.866255621432087,15.445191468355127,15.80610309525232,11635700
2023-08-25,15.380413055419922,15.546986434968742,15.22309228160374,15.491461975119137,9312000
2023-08-28,15.537736892700195,15.658040206942143,15.41280550958869,15.500719402108148,11524800
2023-08-29,15.584004402160645,15.690427022298062,15.426683623459502,15.565495659939142,10459100
2023-08-30,16.065221786499023,16.139254993414603,14.991739403677657,15.158312795419553,13990600
2023-08-31,15.722820281982422,16.19478273345403,15.593262584943986,16.148512631680656,17274400
2023-09-01,16.63897705078125,16.67599453311801,15.907899425537295,15.926406401614967,19826100
2023-09-05,16.481660842895508,16.74540429972749,16.472406469749853,16.601965928697826,10504800
2023-09-06,16.42613410949707,16.578828597758587,16.24105020222692,16.324337783989392,10493800
2023-09-07,16.000444412231445,16.259559777552735,15.986561971167058,16.204035308568322,13845400
2023-09-08,16.046710968017578,16.111489795053863,16.00044088158899,16.00969348680218,6767300
2023-09-11,15.944916725158691,16.231796946466492,15.866257215022957,16.130000625028828,10387000
2023-09-12,15.806106567382812,15.898648528351773,15.685803253686931,15.759836469443881,10847900
2023-09-13,15.629034042358398,15.927262187106997,15.61971419063751,15.862025002640735,9633600
2023-09-14,16.039098739624023,16.057738445258792,15.768830118240544,15.834067310382068,8724300
2023-09-15,15.908620834350586,16.104334145038894,15.722229151996713,15.955220088123886,18972700
2023-09-18,15.8433837890625,15.880663192392712,15.643011440112092,15.824744087397395,8843900
2023-09-19,15.908620834350586,15.999952883134569,15.843383656647742,15.889981132841267,7622000
2023-09-20,15.9365816116333,16.216170045445498,15.908622057220116,16.14161301125692,8009400
2023-09-21,15.824743270874023,15.90862014645934,15.731546544937041,15.806103570170688,8321900
2023-09-22,15.86202621459961,15.936583256483388,15.706388411886975,15.824746804867674,5133600
2023-09-25,15.815424919128418,15.945901058835467,15.722229961940354,15.740867886830047,8973600
2023-09-26,15.638352394104004,15.778146601348851,15.58709410334561,15.6663101690051,9485600
2023-09-27,15.908620834350586,16.14161177047776,15.67097086163597,15.796786180454216,12236900
2023-09-28,16.43052101135254,16.5423574494842,15.955221037637653,15.955221037637653,13325400
2023-09-29,16.188209533691406,16.523715242067976,16.08569296240933,16.458478070371964,10206000
2023-10-02,16.253450393676758,16.393244618687884,16.164912688358367,16.216170985631116,8932000
2023-10-03,15.778145790100098,16.188210317503597,15.61039203899959,16.039094489518934,7283400
2023-10-04,15.852704048156738,15.87134375030188,15.638352806227113,15.815424643866455,4885200
2023-10-05,15.647674560546875,15.88066553296064,15.489240628202314,15.759509231860655,6220300
2023-10-06,15.68494987487793,15.81542423133091,15.451958936880587,15.601072994992503,9281400
2023-10-09,15.70358943939209,15.820084907373367,15.464074785663861,15.591753007994964,7809900
2023-10-10,15.778145790100098,16.015795752439352,15.731546538361236,15.759506089404553,9087000
2023-10-11,15.992496490478516,16.113652763443454,15.815422894841873,15.824742744883764,6984900
2023-10-12,15.79678726196289,16.029778214041517,15.633692528959914,16.00181865986332,10252300
2023-10-13,15.358762741088867,15.889981813811623,15.349442889934801,15.806104931004889,8562500
2023-10-16,15.945899963378906,16.011137139960812,15.461278397942248,15.49855602274059,13079600
2023-10-17,15.824743270874023,15.959878434603665,15.703588771461735,15.806103570170688,7374700
2023-10-18,15.545157432556152,15.806106175089619,15.489240098810408,15.703591359485753,7528100
2023-10-19,15.191006660461426,15.633689746128217,15.135089339638334,15.591751311116004,11471000
2023-10-20,14.193808555603027,15.013937712857075,13.900240343295692,14.855502903523488,24589400
2023-10-23,14.165850639343262,14.314964716264242,14.072654785662653,14.147211824123143,13468400
2023-10-24,14.249726295471191,14.356901917875645,14.147210598665618,14.249726295471191,8708500
2023-10-25,14.109931945800781,14.277684821783645,14.067993504607585,14.240406306144129,8291300
2023-10-26,14.100611686706543,14.245065819531296,13.942177777625242,14.081971985031146,10747100
2023-10-27,14.175168991088867,14.38952023177895,14.10061196051928,14.165849140070192,9000400
2023-10-30,14.259048461914062,14.361564175365135,14.128573190329906,14.314965800600076,8330300
2023-10-31,14.33360481262207,14.342924664882242,14.156531174838939,14.24972791986059,7910800
2023-11-01,14.473398208618164,14.473398208618164,14.300985395675152,14.35224280257687,7754600
2023-11-02,14.529314041137695,14.678428089042226,14.426797466610953,14.641149577066093,9592300
2023-11-03,14.846184730529785,14.911421917003874,14.715709468791598,14.734349172807056,6825600
2023-11-06,14.827543258666992,14.91142013915613,14.692408975826638,14.836863109563541,6377700
2023-11-07,14.67842960357666,14.84618336917317,14.641151087754094,14.725027970552349,6177100
2023-11-08,14.669110298156738,14.752987184075456,14.538635932318698,14.678430149656586,7087600
2023-11-09,14.557273864746094,14.77162599230879,14.529315200730057,14.687749111470776,6963200
2023-11-10,14.874141693115234,14.902100357144219,14.543294095077623,14.641150752363925,5800100
2023-11-13,14.911420822143555,14.939380376113832,14.683089797459274,14.752986904805084,11143900
2023-11-14,15.302845001220703,15.372742994211139,15.032574657742808,15.1350912401075,9884800
2023-11-15,15.330806732177734,15.545158000687003,15.302847175493026,15.358764511282388,8330600
2023-11-16,14.669110298156738,15.200329390588667,14.566594598028285,15.153731910669343,11587400
2023-11-17,14.846184730529785,14.902102064996145,14.734349172807056,14.790266507273417,8801000
2023-11-20,14.752986907958984,14.874142308819595,14.711048465784545,14.799585275796133,7486500
2023-11-21,14.557273864746094,14.74366643950285,14.496696611246364,14.715707775486813,8598100
2023-11-22,14.706388473510742,14.799585208762915,14.613192627048507,14.678429808451066,11394800
2023-11-24,14.752986907958984,14.832203866645154,14.673769949272813,14.77162661060982,3788800
2023-11-27,14.538634300231934,14.706387164447706,14.51067474887109,14.65978880096949,11202100
2023-11-28,14.464077949523926,14.557273792041897,14.398839882092455,14.510675426387962,14386200
2023-11-29,15.396040916442871,15.750186344122147,14.715706945944584,15.125770587293662,21648300
2023-11-30,15.759507179260254,15.889981537992686,15.57311371457408,15.694269999894038,24721700
2023-12-01,15.74086856842041,15.973859526638972,15.517197461840185,15.647673607196941,14837000
2023-12-04,15.414681434631348,15.722229404148452,15.377402031014825,15.610392970878687,14150100
2023-12-05,14.985977172851562,15.312164844000867,14.948699546834963,15.312164844000867,15550100
2023-12-06,14.799586296081543,15.107133411913203,14.73434910988604,15.023258299361846,13108700
2023-12-07,15.023256301879883,15.032574375028881,14.631830570380552,14.827542991735275,19474000
2023-12-08,15.116450309753418,15.28420405723292,14.995295813006923,15.013935513300124,11901300
2023-12-11,15.526516914367676,15.573114393781617,15.116452340721379,15.116452340721379,13978500
2023-12-12,15.376230239868164,15.484248741248269,15.07565491550142,15.07565491550142,16224600
2023-12-13,15.57348346710205,15.6392337140902,15.28699871245952,15.376232726137605,10730500
2023-12-14,16.024343490600586,16.137059476956573,15.686199114652272,15.686199114652272,20993600
2023-12-15,15.704980850219727,15.91162649017546,15.60165982180137,15.855267611155073,21855000
2023-12-18,15.770732879638672,15.808303674102035,15.54999841565308,15.761339733132955,12793900
2023-12-19,15.808307647705078,15.89284419594628,15.74255739719747,15.855271600479098,8317600
2023-12-20,15.723770141601562,16.01025489412686,15.723770141601562,15.845879277871287,7572400
2023-12-21,15.967985153198242,15.977378300628462,15.700286721895871,15.874055470455728,7160800
2023-12-22,16.052520751953125,16.155843576097663,15.949197927808587,16.014948164424354,6112600
2023-12-26,16.18402099609375,16.240379876589124,16.01494793772674,16.043127377974425,4857100
2023-12-27,16.052520751953125,16.230986959595622,15.977377368455166,16.221593812713433,5911700
2023-12-28,16.12766456604004,16.141753390959693,16.029039208483212,16.06191432766882,4684900
2023-12-29,15.949197769165039,16.14645026860989,15.874054386414516,16.108877681454846,6026700
2024-01-02,15.902235984802246,15.977379377750143,15.704983458589135,15.845878887981273,8438200
2024-01-03,16.00556182861328,16.155848642740718,15.72377270845423,15.780129815861983,10331300
2024-01-04,15.967985153198242,16.19811278633942,15.939805710907583,16.005557742919123,13255000
2024-01-05,16.12766456604004,16.334308428286672,15.902234409527448,15.921020703793404,13780100
2024-01-08,16.644275665283203,16.719419053260747,16.127665096882552,16.155844539209017,11782000
2024-01-09,15.16019344329834,15.8505745991377,15.132015790609262,15.592269297315564,35499400
2024-01-10,15.432586669921875,15.470157464137527,15.038083477080287,15.132013149958663,23542000
2024-01-11,15.376230239868164,15.493641888093439,15.240032297952549,15.395014741998933,13319400
2024-01-12,14.925369262695312,15.470158350968953,14.87840442356385,15.423194407617292,13200700
2024-01-16,14.38058090209961,14.667064751161748,14.239686368799306,14.606011080444214,19468300
2024-01-17,14.126970291137695,14.275378615863815,14.004862062466856,14.23029222503771,13466800
2024-01-18,14.051827430725098,14.197417637540996,13.807610964222393,14.145757116543022,15106200
2024-01-19,14.436936378479004,14.488597791135598,14.018951191071428,14.1175765471106,13251800
2024-01-22,14.559043884277344,14.671758955242694,14.465114210583007,14.540257591226574,9414400
2024-01-23,14.559043884277344,14.746902335886261,14.52147219395556,14.68115210176808,8726700
2024-01-24,14.803261756896973,15.019298773283007,14.624795538701703,14.681153527547536,11362400
2024-01-25,14.9535493850708,15.06626536918682,14.85961969690075,14.944156237097816,11244800
2024-01-26,14.87840461730957,14.977029974568113,14.756296392289602,14.934761708377364,6099500
2024-01-29,14.84083366394043,14.86901221087799,14.685850312114065,14.784475674285453,7291400
2024-01-30,14.925369262695312,15.019298045178436,14.79386789228318,15.000512646993732,6540400
2024-01-31,14.361793518066406,14.718725054630038,14.173935050343399,14.70933190729893,15595400
2024-02-01,14.427543640136719,14.446329934645693,14.211506627962466,14.40875824140757,7500900
2024-02-02,14.474508285522461,14.587223363717506,14.220899583528565,14.399364900059098,7301400
2024-02-05,14.352398872375488,14.436935397970368,14.29134521265682,14.371185165076458,8563300
2024-02-06,14.352398872375488,14.554347040012201,14.33361347545426,14.343006621804744,9909000
2024-02-07,14.333616256713867,14.43693819927831,14.164543172717584,14.399366502365794,11377600
2024-02-08,14.559043884277344,14.577830177328114,14.286648905499474,14.333613742346643,8059500
2024-02-09,14.540258407592773,14.606009541182324,14.436936477351773,14.512079862214284,6572300
2024-02-12,14.66236686706543,14.793868240573484,14.521473242133801,14.540258640760769,6361500
2024-02-13,14.305435180664062,14.389971713020838,14.173934704357798,14.333614621969529,7133100
2024-02-14,14.305435180664062,14.516776511556001,14.202113249883453,14.44632969985196,10443700
2024-02-15,14.333616256713867,14.357098231366724,14.150453450457922,14.29604455980135,9556200
2024-02-16,14.023646354675293,14.324219861848173,14.004860062587133,14.267861881363402,10076700
2024-02-20,14.098791122436523,14.17393450664329,13.90153951494881,13.94850435402299,9652600
2024-02-21,14.004860877990723,14.080004259159008,13.85927068894964,13.995467731399746,8116600
2024-02-22,14.15514850616455,14.258471333425781,14.023648028966356,14.126969960447768,10462400
2024-02-23,14.192721366882324,14.30543645480393,14.126971122873027,14.192721366882324,8561000
2024-02-26,14.023646354675293,14.216201369680382,13.967288374190522,14.173933108261732,14869500
2024-02-27,13.986075401306152,14.16454070662423,13.929717417859532,14.098790472419637,9432100
2024-02-28,13.957898139953613,14.145757516906391,13.88275474748446,13.939112739726273,9910200
2024-02-29,14.305435180664062,14.333614621969529,14.089398172001022,14.089398172001022,27341800
2024-03-01,14.615402221679688,14.746902693101395,13.586875942509643,13.64792960484404,34153700
2024-03-04,16.108877182006836,16.254468265379302,14.803260275361678,14.850225112069579,41177700
2024-03-05,17.00120735168457,17.085743883374175,15.977377615941228,15.977377615941228,44150200
2024-03-06,17.63053321838379,18.851613621894888,17.226636868920405,17.236030015600896,51250900
2024-03-07,17.076351165771484,17.686891405447962,16.644275349430206,17.649320607952003,29773700
2024-03-08,16.89788246154785,17.555388340682697,16.86500734674705,17.499029465401843,21698000
2024-03-11,16.944849014282227,17.160886005344356,16.55973718072174,16.639578028802646,19422800
2024-03-12,16.954240798950195,17.98746363189542,16.944849443935,17.395709730164345,33677100
2024-03-13,16.8133487701416,16.963635546400766,16.540954660006744,16.92606474811582,17482400
2024-03-14,16.58626937866211,16.747117464763587,16.444343216769074,16.747117464763587,15774900
2024-03-15,15.829337120056152,16.482191355888176,15.800953330237057,16.36865078261323,41144400
2024-03-18,16.141572952270508,16.26457540189217,15.886109796645439,16.028034173029667,22137600
2024-03-19,15.87664794921875,16.103727312628354,15.819876754866579,16.03749605721718,12178000
2024-03-20,16.018571853637695,16.023301884027784,15.611720662770404,15.772568766028023,17508400
2024-03-21,16.283496856689453,16.472730556161196,16.13211061897858,16.24565119959489,12914800
2024-03-22,16.434885025024414,16.66196438333107,16.28349698148699,16.28349698148699,9279500
2024-03-25,16.482192993164062,16.680886760299938,16.28349742136182,16.32134488443515,16167200
2024-03-26,16.73765754699707,16.879581920730487,16.510578188090342,16.56734757665044,14285200
2024-03-27,16.718734741210938,16.84173539067628,16.472731637613823,16.81335159715851,9727100
2024-03-28,16.77549934387207,16.893769928876246,16.73765369509701,16.784961207232314,9155400
2024-04-01,16.974197387695312,17.045158666444053,16.67142493383519,16.728194317767418,9680900
2024-04-02,16.747119903564453,16.86065868401364,16.605193721003403,16.794427427973886,9361500
2024-04-03,17.210739135742188,17.399971023040695,16.699809250237127,16.718732980366845,26942500
2024-04-04,16.974197387695312,17.750052251878422,16.917426199096905,17.504049181950528,17602700
2024-04-05,17.030967712402344,17.144508291204854,16.766040898307335,16.9268889988889,13148900
2024-04-08,17.163429260253906,17.431194799474305,17.135045470635383,17.22966050891869,10709800
2024-04-09,17.049890518188477,17.262777963979673,16.917426215992744,17.229660534931106,10641500
2024-04-10,17.030967712402344,17.097198964759524,16.766040898307335,16.841734015953584,16226400
2024-04-11,16.974197387695312,17.08773615555977,16.685616828651703,17.01204304209474,11099600
2024-04-12,16.482192993164062,16.94581358781414,16.453807395859066,16.775503613316893,14035100
2024-04-15,16.3308048248291,16.84646471807639,16.275926731709355,16.747117846221283,17413800
2024-04-16,16.217266082763672,16.444345446043947,15.99964858520337,16.39703792211044,11214400
2024-04-17,16.113189697265625,16.551263446926153,16.09426596520548,16.321345335927983,11256000
2024-04-18,16.12265396118164,16.198347096013478,15.938150253154017,16.169961493701532,12392500
2024-04-19,15.886107444763184,16.302418646568,15.791490606292601,16.10372490997926,12486500
2024-04-22,15.923956871032715,16.065881260038978,15.753646882358593,16.028035598481683,8508500
2024-04-23,15.923956871032715,16.04695752692707,15.8293400101397,15.857725609807561,9110400
2024-04-24,16.018571853637695,16.127380599272804,15.881377511663134,16.018571853637695,10856000
2024-04-25,16.05641746520996,16.136842418943782,15.876647436235634,15.914493093247907,8383000
2024-04-26,16.245649337768555,16.349728041016746,15.96653065560249,16.084801253051396,9189400
2024-04-29,16.255109786987305,16.491650961292322,16.113185443337482,16.283493572917703,8335700
2024-04-30,16.084802627563477,16.46326821080819,16.06587889723468,16.113188223056675,10073000
2024-05-01,15.554949760437012,16.10372527024402,15.507640437810293,15.952339047170787,9407100
2024-05-02,15.640106201171875,15.753644976776474,15.384641249062074,15.715799319797041,11008600
2024-05-03,15.952339172363281,15.96180103696288,15.715797971371732,15.838798601834233,7951500
2024-05-06,16.236186981201172,16.274034437477177,16.037493249750277,16.103724493567242,9233700
2024-05-07,15.952339172363281,16.302419139217733,15.895567984765684,16.27403535008508,8273300
2024-05-08,16.255109786987305,16.264571650519418,15.81041122430767,15.867182405500351,8134900
2024-05-09,16.141572952270508,16.340268522941514,15.985456679647763,16.302421060083663,8599600
2024-05-10,16.141572952270508,16.35919225437044,16.075341696935624,16.17942041512836,6454400
2024-05-13,16.4443416595459,16.52003476321012,16.20780048501197,16.20780048501197,11969900
2024-05-14,16.699810028076172,16.709271893581747,16.48219253544696,16.529500058308503,11483000
2024-05-15,17.002580642700195,17.030966236106842,16.709270062829315,16.79442503838314,11307200
2024-05-16,16.926889419555664,17.106661255183045,16.794426911549344,17.01204440460725,10222600
2024-05-17,16.89850616455078,17.054622438994617,16.775503713494302,17.040430542590553,9238500
2024-05-20,16.841733932495117,17.068815088974848,16.766040815223963,16.936350780250628,10130500
2024-05-21,16.822811126708984,16.87011864577904,16.64303930584365,16.803887397214492,9328200
2024-05-22,17.172889709472656,17.20127530141756,16.78496230955578,16.841731688779557,10667200
2024-05-23,17.25804328918457,17.92982114038926,17.17288832488164,17.83520431286757,15612200
2024-05-24,17.41889762878418,17.598669485361853,17.31481890055502,17.343204500435665,13605300
2024-05-28,17.41889762878418,17.768979475312644,17.239125772206506,17.494590757132695,17948100
2024-05-29,17.201276779174805,17.409432390655276,17.191814914380306,17.25804616327563,14206500
2024-05-30,17.522974014282227,17.673414605603398,17.305356524957894,17.51351214892035,31909300
2024-05-31,16.699810028076172,17.002582505589224,16.378113819551977,16.945813117222105,33499300
2024-06-03,16.983657836914062,17.10665845929311,16.699807331578832,16.945810381002953,22762900
2024-06-04,16.65250015258789,16.99311823933518,16.643038288419067,16.88904134281026,30743300
2024-06-05,18.431289672851562,19.33014694506056,18.393444019684573,19.254453834060463,88492100
2024-06-06,18.535369873046875,18.961144784699144,18.057555605007522,18.3272142521648,30573600
2024-06-07,18.951684951782227,18.96114681801874,18.64891064621324,18.658372512449752,21612900
2024-06-10,19.481534957885742,19.528842479859716,18.875990014220722,18.923297536194696,23519100
2024-06-11,19.453149795532227,19.566690377333494,19.1030697939221,19.396380406964752,15196800
2024-06-12,19.784305572509766,20.02557860406039,19.53830251107228,19.746459919416523,20247700
2024-06-13,20.588542938232422,20.721005411338346,19.670763880190513,19.736995116743476,22925400
2024-06-14,20.43716049194336,20.64531610285716,20.11546430847083,20.456084221480843,18473700
2024-06-17,20.49393081665039,20.777779554077842,20.053964010371455,20.67843267644486,20204900
2024-06-18,20.78900909423828,21.721848803650385,20.51772409523132,20.836602252969715,44296100
2024-06-20,20.446334838867188,21.645701092395754,20.374945092748874,21.56955094053185,25498900
2024-06-21,19.913286209106445,20.35114918193745,19.44686624500092,20.227405850873964,59893400
2024-06-24,19.484939575195312,20.01799249589,19.470661987957,19.827616193418613,19621200
2024-06-25,20.103660583496094,20.122696760282555,19.351676225763022,19.523014525781335,15186900
2024-06-26,19.913286209106445,19.998955367366957,19.7238630690057,19.780023880951454,17304900
2024-06-27,20.02751350402832,20.284519177945125,19.884730355052902,19.91328734796062,12921000
2024-06-28,20.151254653930664,20.251201394909646,19.889488601839677,20.027511329227583,17398900
2024-07-01,20.141735076904297,20.294035387025232,19.60868399148102,20.294035387025232,13452100
2024-07-02,20.103660583496094,20.14649515850067,19.80857714876994,19.85617212964329,11762400
2024-07-03,19.675315856933594,20.084623635921677,19.532534538012,20.084623635921677,11412800
2024-07-05,19.56109046936035,19.689594206031035,19.313603808620197,19.684835615293473,15281400
2024-07-08,19.884729385375977,19.970398544358314,19.694354888630944,19.746708465293825,11118800
2024-07-09,20.22740364074707,20.574838826591183,19.799057896247284,19.808576892298706,15683100
2024-07-10,20.322589874267578,20.45585217532788,20.084620442052646,20.36066403932937,10414200
2024-07-11,20.1798095703125,20.37970303173191,19.960876302081957,20.332109869173795,9411900
2024-07-12,20.151254653930664,20.37970512569532,19.9703973496142,20.170292647135124,9206500
2024-07-15,20.40826416015625,20.446338334816772,20.132218677724115,20.236925835276047,9921600
2024-07-16,20.398740768432617,20.49392890792381,20.208364489450236,20.446333930396836,7878100
2024-07-17,19.808576583862305,20.265479309401996,19.732426432199496,20.160772170029574,12520200
2024-07-18,19.675315856933594,20.189328968163924,19.63248127970082,20.00847347812596,10713200
2024-07-19,19.494457244873047,19.718149112715608,19.456383076308292,19.665795542321572,10035700
2024-07-22,19.599164962768555,19.78954125788661,19.49445781889733,19.627721951705134,9656900
2024-07-23,19.551572799682617,19.680074717581565,19.427827656839412,19.51349681248071,6290300
2024-07-24,19.08515167236328,19.675316784783337,19.066115493688873,19.427828306385447,9554200
2024-07-25,18.514026641845703,19.02803978487038,18.475950652811164,18.961408619623022,11529800
2024-07-26,18.809104919433594,18.951886221565722,18.59493205845402,18.637766630649935,7954800
2024-07-29,18.475950241088867,18.966166787824406,18.456912246995845,18.89477703332014,7886100
2024-07-30,18.095195770263672,18.742472913758927,18.076157780028474,18.61872779279283,11214600
2024-07-31,18.951885223388672,19.127982092891358,18.69487780374951,18.84717809341064,12120400
2024-08-01,18.16183090209961,19.018520679304075,17.923861418678197,18.799589190291513,9310000
2024-08-02,17.162357330322266,17.790596530980455,17.086207179198933,17.657332404842514,12776500
2024-08-05,16.515079498291016,16.72449195187801,16.181921919195037,16.42941035465026,12876400
2024-08-06,16.419889450073242,16.71497101299241,16.400851461352644,16.56267073435268,14081300
2024-08-07,15.915395736694336,16.438929602028608,15.8106904160777,16.419891610802757,18905800
2024-08-08,16.477005004882812,16.496042997536733,16.099110110073333,16.099110110073333,9934500
2024-08-09,16.50556182861328,16.595989569469694,16.286630361973824,16.372299512495854,7352800
2024-08-12,16.362783432006836,16.58076358253465,16.239038274507585,16.55315794387483,13676700
2024-08-13,16.94342613220215,17.01957629265121,16.486525169507775,16.524601157513825,16886400
2024-08-14,16.924388885498047,16.99102004473985,16.69593841857061,16.9719820519385,10201100
2024-08-15,17.857229232788086,17.90006380997731,17.238508974381578,17.419364464235667,13126900
2024-08-16,17.771560668945312,17.923860989442726,17.666853517767205,17.790598662898248,8302500
2024-08-19,17.971452713012695,17.99049070543408,17.609739934820805,17.771559239276808,9017300
2024-08-20,17.86674690246582,17.933378058575187,17.581182470559167,17.914340066668846,9747600
2024-08-21,17.971452713012695,17.99049070543408,17.609739934820805,17.90482155510073,7719800
2024-08-22,17.86674690246582,18.133271526903293,17.833431324411137,18.000009214684557,7195100
2024-08-23,18.285573959350586,18.390281111459878,17.971454318585764,18.15231163162098,7959500
2024-08-26,18.257017135620117,18.542579759423067,18.171347985366655,18.30461030106631,7313700
2024-08-27,18.180864334106445,18.409314762994875,18.114233185959314,18.14278835484373,7637300
2024-08-28,18.085678100585938,18.252255988445157,17.89530181540728,18.085678100585938,8707000
2024-08-29,17.781078338623047,18.123754941944068,17.762040346091236,18.047602971816822,9558700
2024-08-30,18.437877655029297,18.62825216565195,18.19038915721297,18.22846333311222,18330200
2024-09-03,18.142791748046875,18.50450635644281,18.047603597649893,18.352206042032826,15341500
2024-09-04,17.86674690246582,18.10566770953308,17.666851618574878,18.0190472065909,21890700
2024-09-05,16.791122436523438,17.133798997452544,16.043898569935106,16.324702570571418,29090200
2024-09-06,16.686418533325195,16.943424160201676,16.46748525889755,16.72925310706508,16208800
2024-09-09,16.753049850463867,16.9910193034092,16.68641869412923,16.753049850463867,13693000
2024-09-10,15.325233459472656,15.734541217753701,15.182451239992984,15.601277086680854,70663200
2024-09-11,15.610796928405762,15.667909093065877,15.011114660567097,15.325234289542204,70763400
2024-09-12,16.048660278320312,16.120050023935203,15.420421075982626,15.57272137863644,41955200
2024-09-13,16.324703216552734,16.372298193877743,16.029621619388656,16.105771767545928,19822600
2024-09-16,16.400854110717773,16.477004262338802,16.001065360816664,16.02962234851061,14943400
2024-09-17,17.324176788330078,17.514551260114413,16.857755065885808,17.105243513211988,28391600
2024-09-18,17.41936683654785,17.676374334684596,17.166168390044298,17.39081165824147,17767100
2024-09-19,18.071271896362305,18.157553975684102,17.874740899807662,17.898707737718713,17085300
2024-09-20,18.03292465209961,18.10961963547678,17.740524456551455,18.0137522776698,30623000
2024-09-23,18.052099227905273,18.08565316954122,17.855568214657858,18.04251212621605,11338800
2024-09-24,18.10002899169922,18.176723960066713,18.01566507506066,18.167138689004023,10154800
2024-09-25,19.02996063232422,19.25525110994898,18.77111438631867,18.87657067066595,24344100
2024-09-26,19.50930404663086,19.643519801313655,19.15458862968738,19.394260665079525,17618600
2024-09-27,19.307979583740234,19.63393371500052,19.29839248240286,19.605174239541007,10396800
2024-09-30,19.614761352539062,19.662696863723138,19.116244836094157,19.260047712540818,16962200
2024-10-01,19.125829696655273,19.53806407320499,19.001199210736992,19.490130396191844,14802400
2024-10-02,19.65311050415039,19.806500488630263,19.125832661069936,19.173766345512576,12851100
2024-10-03,19.50930404663086,19.969473915731168,19.394260665079525,19.547650621446294,10884200
2024-10-04,19.768150329589844,19.89277898371992,19.4450725275303,19.835258207087,8528200
2024-10-07,19.998233795166016,20.060547203375886,19.653105503624143,19.662692603783906,10961300
2024-10-08,20.103689193725586,20.18038417009042,19.90236556647508,20.094102093110923,11588800
2024-10-09,19.988649368286133,20.03274857207695,19.65598444531662,19.959888063960314,10816900
2024-10-10,19.691455841064453,20.074930742410594,19.547651153076156,19.84484580160291,18463700
2024-10-11,19.816082000732422,19.959884842043657,19.6531049596324,19.681866259315584,8488000
2024-10-14,19.8640193939209,20.06534487232437,19.777737307255506,19.7969115106373,8153300
2024-10-15,19.883193969726562,20.218735220982115,19.806498983315524,19.95030185426713,14362600
2024-10-16,20.026994705200195,20.10368968343325,19.83525817389382,19.940712626118945,13599300
2024-10-17,20.074932098388672,20.13245288033774,19.82087847338763,19.959888705937843,9672800
2024-10-18,19.83526039123535,20.18997401950871,19.547652819295976,20.16121454230168,10429200
2024-10-21,19.145000457763672,19.825669951044087,19.068305483871047,19.825669951044087,15063900
2024-10-22,19.06830596923828,19.13541384453345,18.761526065858963,19.029959395592098,11112200
2024-10-23,18.51226806640625,19.02996055635056,18.449954651861248,19.010786354081677,10069800
2024-10-24,18.59855079650879,18.665658678237033,18.440368193656873,18.617724999446185,9434600
2024-10-25,18.656070709228516,19.03954743593353,18.636898335735307,18.77111409295053,7901400
2024-10-28,18.914915084838867,19.05871792888783,18.67524306857314,18.78549197662909,8955900
2024-10-29,19.04913330078125,19.14979511216032,18.87656915067289,18.914915723723396,9709400
2024-10-30,19.499717712402344,20.180385441970646,19.39426142754708,20.084518086886863,15599700
2024-10-31,18.684833526611328,19.403849704627145,18.684833526611328,19.3559160241805,12163500
2024-11-01,19.231285095214844,19.408643731679724,18.70400730799357,18.747148350842778,12602000
2024-11-04,19.183351516723633,19.547652236047163,19.183351516723633,19.317567282492405,8093400
2024-11-05,19.173763275146484,19.437402154469236,19.039547517357278,19.192937477274246,9456000
2024-11-06,20.44881820678711,20.506338983906126,19.825671273765597,19.873604949939352,15601000
2024-11-07,20.554277420043945,20.769982650694384,20.295431143263414,20.47758243009632,11975400
2024-11-08,21.12948989868164,21.282879872331915,20.496753971683354,20.583036060430725,14164900
2024-11-11,21.110313415527344,21.474614106474515,20.98568293254757,21.206182595845817,10395900
2024-11-12,20.832292556762695,21.196595068940482,20.80353308323194,20.92816173515435,8487500
2024-11-13,20.947338104248047,21.234943840632983,20.717253149429563,20.861056017622033,10682400
2024-11-14,20.458406448364258,21.129488923527397,20.458406448364258,20.813120060352738,9000700
2024-11-15,20.199560165405273,20.602209284221274,20.11327808076237,20.5063400981122,10918000
2024-11-18,20.49675178527832,20.95692348569498,20.410471534287257,20.908987981197136,12030800
2024-11-19,20.640554428100586,20.67410836365308,19.998233359799155,20.343359815275143,9248700
2024-11-20,20.305015563964844,20.66931626096596,20.204353745806284,20.66931626096596,10338300
2024-11-21,20.841880798339844,21.052791539504728,20.420057487457488,20.43923168989591,12939500
2024-11-22,21.187009811401367,21.302051372637358,20.82270726753123,20.908989352734544,8865800
2024-11-25,21.292463302612305,21.685527133189094,21.158247544424295,21.474614566262147,21880100
2024-11-26,21.215768814086914,21.330812201308806,21.02882490983487,21.25411721934508,8299400
2024-11-27,19.94071388244629,20.56386267697175,19.782531279866344,20.247495643259228,16174000
2024-11-29,20.34336280822754,20.5351011783527,19.950300795168314,19.969474997891353,7085600
2024-12-02,20.37212562561035,20.707666883978014,20.122866457353023,20.324191943794723,12697300
2024-12-03,20.42005729675293,20.439231499012283,20.09410317255421,20.189972355298405,9325900
2024-12-04,20.861055374145508,21.167835304440604,20.487167562667434,20.611796223642585,11767000
2024-12-05,20.755599975585938,21.800570300716025,20.67890498973018,21.66635453260663,26020400
2024-12-06,22.960582733154297,23.238601355605596,21.532135730183228,21.743048300890347,37723200
2024-12-09,22.155282974243164,22.931819837202006,22.107347471250353,22.86471196156454,22240200
2024-12-10,21.01444435119629,21.953958300687344,20.870641494201134,21.695112060964544,20630800
2024-12-11,21.004858016967773,21.091140100024813,20.32898291872272,20.928163035200697,16182300
2024-12-12,20.92816162109375,21.254115728717398,20.861053745151082,20.922408994997955,12668200
2024-12-13,20.92816162109375,21.15824655084824,20.784358768566253,20.830376120227648,10279500
2024-12-16,20.947338104248047,21.1294893791866,20.372124802925498,20.93104021423623,22024400
2024-12-17,20.650144577026367,21.004858184826542,20.47758040953326,20.47758040953326,13269400
2024-12-18,19.739391326904297,20.899403238346643,19.701042918979226,20.774774569695634,15360500
2024-12-19,20.026994705200195,20.32418934583673,19.902366051278676,20.218733065059087,18372300
2024-12-20,20.846982955932617,20.875922522014868,19.872644364433377,19.8822914997951,43682400
2024-12-23,21.049570083618164,21.08815863020744,20.634752407799322,20.837338597386672,14384000
2024-12-24,21.117095947265625,21.14603735411996,20.981075567057083,21.088156380414265,5955400
2024-12-26,21.25215721130371,21.27144964544677,21.006159815946365,21.02063144155773,4815400
2024-12-27,20.88557243347168,21.141216954530197,20.76016333710581,21.05439456473722,6571000
2024-12-30,20.644397735595703,20.846983907432563,20.379107941050094,20.562399841282865,7219100
2024-12-31,20.596162796020508,20.83251117053058,20.43698782379694,20.711924739453178,7318600
2025-01-02,20.711925506591797,20.808395023027387,20.403224526000297,20.682985939663208,11584500
2025-01-03,21.049570083618164,21.07851149356012,20.68298809103592,20.808397187444715,8661800
2025-01-06,22.043201446533203,22.24578578112132,21.387210923099797,21.435444762762767,21505800
2025-01-07,21.493328094482422,22.236139179145727,21.469209334068733,22.236139179145727,12107300
2025-01-08,21.25215721130371,21.45956605836843,20.83733951717427,21.416154861540857,14520700
2025-01-10,21.300390243530273,22.168612306934406,20.72639940961382,21.059217345917837,26537200
2025-01-13,21.20391845703125,21.223212728385047,20.417696219395502,20.779455527265704,14949500
2025-01-14,21.7441463470459,22.09143402073228,21.25215348265368,21.37756256259541,17645900
2025-01-15,22.477312088012695,22.51590063271463,22.1396715218862,22.337433213475897,17963000
2025-01-16,22.58342742919922,22.679896945326256,22.39531288475314,22.53519359113719,11090300
2025-01-17,22.322959899902344,22.86318844482866,22.27472606267815,22.86318844482866,19931100
2025-01-21,22.863191604614258,22.911425448504566,22.294023414693257,22.46959652005731,11827700
2025-01-22,23.55776596069336,23.78929169455731,22.99824497718807,23.239417846630054,14117400
2025-01-23,23.49988555908203,23.552943886050883,23.210477004707304,23.413063176769914,9303000
2025-01-24,23.509532928466797,23.668706070951753,23.30694675439145,23.65423628709031,9462800
2025-01-27,22.139673233032227,22.641311472906725,21.58979746854901,22.43872711757335,17887200
2025-01-28,20.702281951904297,22.22649652722952,20.239230400921173,22.22649652722952,30977900
2025-01-29,20.895221710205078,21.416156102317075,20.86145764849449,21.068866507575745,15537200
2025-01-30,20.44181251525879,21.31003445967218,19.621824407756115,21.27144591814126,27898800
2025-01-31,20.44181251525879,20.808394459787845,20.239226352227337,20.461104946021315,17010800
2025-02-03,19.737586975097656,20.190028990809207,19.689353136665083,19.887114818243425,16941500
2025-02-04,20.094526290893555,20.104173427855486,19.670061464584766,19.853353386854984,15540300
2025-02-05,20.605810165405273,20.721572110153094,20.046289192449656,20.07522875863514,12062000
2025-02-06,20.605810165405273,20.93380540886232,20.49004638065452,20.798747353319282,10698800
2025-02-07,20.51898765563965,20.933805275006584,20.393576736294662,20.79874722032714,10204900
2025-02-10,20.67333984375,20.7119265482631,20.330874791182794,20.634751299233827,10673500
2025-02-11,20.432167053222656,20.668515449445643,20.374286076188895,20.48040089408361,11291800
2025-02-12,20.3453426361084,20.523810037476956,20.123464046298526,20.248873124016267,7928600
2025-02-13,20.528635025024414,20.68298551212962,20.248873617144394,20.499693618691087,9625100
2025-02-14,20.94345474243164,21.001337565969063,20.432169347874115,20.53828601768943,9807700
2025-02-18,21.010982513427734,21.088157763431013,20.53828387715726,21.03509943405318,11685600
2025-02-19,21.078508377075195,21.131566700789122,20.837335516559467,20.93380502876634,8427700
2025-02-20,20.972393035888672,21.18944899187249,20.774631351548532,21.088156825747713,8675800
2025-02-21,20.393577575683594,21.1990959292375,20.31640232983439,21.117096195521032,7811900
2025-02-24,20.017349243164062,20.50548365771916,19.930526858282622,20.451461167571257,13306200
2025-02-25,19.573593139648438,19.99805611217669,19.45300669154317,19.978761838879084,11058000
2025-02-26,19.650766372680664,20.051112382431782,19.525355449142012,19.76652832055928,10821500
2025-02-27,19.139482498168945,19.949823632002964,19.110541086245124,19.76653170315869,9331100
2025-02-28,19.11054039001465,19.322773723050712,18.560666463518,18.907956033938298,17708400
2025-03-03,18.35807991027832,19.380652385237745,18.218199201155674,19.361358113633997,11757900
2025-03-04,18.174787521362305,18.44490179654285,17.68761729648337,18.194081792447264,16369000
2025-03-05,18.2230224609375,18.42560863957314,17.91914595298865,18.2809052776923,15371900
2025-03-06,17.32586097717285,18.028157109576124,17.248685719546373,17.673150556493656,25150000
2025-03-07,15.2517728805542,15.473652401929256,14.402844257904613,14.72119237639802,81950800
2025-03-10,14.547548294067383,15.11671644769494,14.325669682315104,14.96236594908439,32930200
2025-03-11,14.798368453979492,14.957542522174123,14.393197931301971,14.48966745384483,29627200
2025-03-12,14.557194709777832,14.972012344265014,14.402844218806274,14.71154520074939,26594000
2025-03-13,14.248495101928711,14.880367830280521,14.123085085919676,14.576489466873587,30915000
2025-03-14,15.068482398986816,15.136010515319798,14.518608491700347,14.518608491700347,27800100
2025-03-17,15.28071403503418,15.396476908632737,15.049188287837064,15.097422128501975,19419600
2025-03-18,15.367536544799805,15.473653203126466,15.164951284359828,15.198715341099566,24407600
2025-03-19,15.763060569763184,15.96082227013034,15.496804751510975,15.512240538077469,21482800
2025-03-20,15.656943321228027,15.898116207285156,15.49391168673549,15.531534230079684,19402600
2025-03-21,15.608318328857422,15.676393552669333,15.34672183176292,15.501345759443273,47407400
2025-03-24,16.026487350463867,16.09456072757541,15.866028940823865,15.948688940213476,24161700
2025-03-25,16.065385818481445,16.13345918853989,15.94868728776681,16.00703562569402,21198200
2025-03-26,15.627769470214844,16.094559907945467,15.593732783392422,16.04593659958781,23621500
2025-03-27,15.501346588134766,15.61804419576062,15.326300640411059,15.520796653120813,18129300
2025-03-28,15.355473518371582,15.48189614785261,15.092904155164883,15.413822780989774,19216400
2025-03-31,15.00538158416748,15.122079188655956,14.820609681488138,15.05400489046509,31786500
2025-04-01,15.209604263305664,15.301989297173293,14.854647968034001,15.063731546399026,22897300
2025-04-02,15.676393508911133,15.754191909618823,14.966481943165846,14.966481943165846,23638200
2025-04-03,13.303539276123047,14.878958254490763,13.22574087675403,14.713636423974084,35325800
2025-04-04,12.438030242919922,12.943720738563965,11.635733713705838,12.943720738563965,32655000
2025-04-07,12.963170051574707,13.809228305580861,11.971240036592679,12.000414203301846,35719900
2025-04-08,12.165738105773926,13.566110403683423,11.922617844319277,13.332715175270206,31348400
2025-04-09,14.100974082946777,14.193360034894795,11.815643429566112,12.029589502918844,39493500
2025-04-10,13.36188793182373,13.682806568761368,12.83674825979577,13.556383934902586,23011200
2025-04-11,13.75088119506836,13.78978039661668,13.060419672013063,13.352163219910414,23791800
2025-04-14,13.887027740478516,14.451066618671515,13.877303635801475,14.451066618671515,24166100
2025-04-15,14.596939086914062,15.112353723842254,13.809229119876935,13.88702752064232,48695200
2025-04-16,14.470516204833984,14.771984770755274,14.198221806840222,14.314919405980406,25806100
2025-04-17,14.723361015319824,14.840058610882473,14.344093134168682,14.55803918974856,22462900
2025-04-21,14.412166595458984,14.606663516785439,14.149597235556358,14.538589223349158,19119900
2025-04-22,14.733085632324219,14.82547157981409,14.499690433073042,14.606663928302392,15465600
2025-04-23,14.927583694458008,15.812541254497342,14.893546080477137,15.345749893062766,19315600
2025-04-24,15.734743118286133,15.822266558018331,14.99565732435886,15.0151064623937,18837500
2025-04-25,15.7930908203125,15.885475845239844,15.618043947936261,15.773640755635082,10292000
2025-04-28,16.036211013793945,16.084836175334647,15.754192496298876,15.836852488627693,15464700
2025-04-29,15.861166000366211,16.03135130340832,15.812542687988735,15.90006613415657,10251100
2025-04-30,15.773638725280762,15.841713942889204,15.278647070518655,15.28739922752488,18477400
2025-05-01,15.958412170410156,16.29878087237425,15.948687138370016,15.948687138370016,14720300
2025-05-02,16.39603042602539,16.52245214121669,16.186946860437214,16.31823201940144,15404600
2025-05-05,16.21125602722168,16.522449605967093,16.172355902448484,16.20153099602838,14118200
2025-05-06,16.036211013793945,16.18208278869555,15.885475795308142,16.11400941739882,12831500
2025-05-07,16.10428237915039,16.143182503537577,15.72987702879383,16.10428237915039,13249300
2025-05-08,16.40575408935547,16.65859749863373,16.23070722534731,16.25015543423475,11542200
2025-05-09,16.425203323364258,16.63915032822039,16.29878161083496,16.49814013953981,15585200
2025-05-12,17.251813888549805,17.485209121810517,17.06218037745425,17.35878739936696,19595800
2025-05-13,17.42685890197754,17.56300564301432,17.18860025030294,17.310160370474417,14354000
2025-05-14,17.358783721923828,17.679702331528535,17.27612188429684,17.470618798240313,16650200
2025-05-15,17.135116577148438,17.232363196330578,16.960069694844005,17.232363196330578,16691600
2025-05-16,17.261537551879883,17.344197545598202,17.091354120777293,17.19346417943885,11741700
2025-05-19,16.97951889038086,17.06218074731155,16.853097165196854,16.882272265559536,16883600
2025-05-20,17.232362747192383,17.524108161715944,17.099133695274656,17.524108161715944,16293800
2025-05-21,17.05731773376465,17.572731479779403,17.003830981662666,17.115666074757574,19962700
2025-05-22,17.067041397094727,17.217776625046795,16.862821270379374,17.052454775146593,14241400
2025-05-23,16.94061851501465,16.989241821408154,16.561351531536637,16.707223305577394,9263400
2025-05-27,17.446308135986328,17.485206408062453,17.115664476468606,17.33933464177173,16322100
2025-05-28,17.203187942504883,17.509518095885756,17.14483775198078,17.456033203528886,10687900
2025-05-29,17.16428565979004,17.408377805121333,17.091350713085188,17.34905753019018,15549200
2025-05-30,16.80447006225586,16.96979188396566,16.619698178024894,16.90171666514158,26151300
2025-06-02,16.862821578979492,16.896858267388275,16.55648952844003,16.804473235258776,15657300
2025-06-03,17.203187942504883,17.280986341676872,16.68291080025593,16.843369187046843,27275600
2025-06-04,17.349061965942383,18.67163677877309,17.096216672027076,18.642461679715804,45635500
2025-06-05,17.271259307861328,17.56300280722273,17.03786413740022,17.290709369114737,23709700
2025-06-06,17.611631393432617,17.72832807398116,17.271262674588826,17.36851114495281,14262900
2025-06-09,17.80612564086914,18.07842097409475,17.66025386962193,17.699153997879964,13415500
2025-06-10,17.835298538208008,18.010345384067797,17.68456334208208,18.010345384067797,12940900
2025-06-11,17.71860122680664,17.913098147615187,17.621354621262473,17.796399624158038,12487100
2025-06-12,17.631078720092773,17.73319062903111,17.470620328664307,17.56300535070735,12763100
2025-06-13,17.16428565979004,17.46575418686191,17.047589003118308,17.271259140789056,13037100
2025-06-16,17.738052368164062,17.738052368164062,17.271261955679268,17.31016022928956,13992300
2025-06-17,17.40740966796875,17.757503424318394,17.349061326863918,17.533833237699596,14023000
2025-06-18,17.417205810546875,17.799247395089473,17.343735412705684,17.505369540584372,18678700
2025-06-20,17.593530654907227,17.818838993449656,17.41720507075149,17.657204872436374,33361800
2025-06-23,17.446592330932617,17.59843027995053,17.133122123799986,17.534756060242398,25782800
2025-06-24,17.77965545654297,17.87761536648365,17.573941327254428,17.62292034800983,12645900
2025-06-25,18.11271858215332,18.24006702949233,17.828636889926944,17.8678197340413,12015900
2025-06-26,17.995166778564453,18.24985991652797,17.951084914603502,18.21557422993943,15446600
2025-06-27,18.034351348876953,18.19598548837559,17.89720858937263,18.06373988381215,17126500
2025-06-30,20.032726287841797,20.542114465930144,19.70945988686481,20.267828955058704,58082000
2025-07-01,20.062110900878906,20.282520212728567,19.689865516311478,19.709457870349166,26402600
2025-07-02,20.8164005279541,21.031910825491135,19.846601386392756,20.120888748336995,29651200
2025-07-03,20.904563903808594,21.03191047101831,20.718440273182306,21.002523807739788,12296600
2025-07-07,20.48333740234375,20.850685636773772,20.34619465938739,20.787011419645577,24657200
2025-07-08,20.39517593383789,20.581299583041957,20.130684727352627,20.512728203974657,23841100
2025-07-09,20.37558364868164,20.591095833281226,20.17476666566927,20.591095833281226,18238600
2025-07-10,20.8555850982666,21.276809513126157,20.29231704625323,20.51272636523367,34641500
2025-07-11,20.297216415405273,20.620482829039368,20.258033570216586,20.620482829039368,20877600
2025-07-14,20.24823570251465,20.422603179338406,20.032725400881798,20.160071972658066,12232300
2025-07-15,19.866193771362305,20.473541823720666,19.866193771362305,20.434358982486156,11868700
2025-07-16,19.934764862060547,20.09149996163481,19.660477503590702,19.973947702739228,15635300
2025-07-17,20.404972076416016,20.728238483190125,20.179665583179805,20.463747277166778,18801600
2025-07-18,20.67926025390625,20.75272879055552,20.453951883597117,20.542115622320253,14176300
2025-07-21,20.238441467285156,20.65966780181995,20.21884911023005,20.581300242029524,15437700
2025-07-22,19.993541717529297,20.27272625360591,19.84660278303054,20.228644386413293,13488100
2025-07-23,20.336400985717773,20.72334162204053,20.238441070791385,20.238441070791385,16135000
2025-07-24,20.09149932861328,20.307009616630385,20.076805997375438,20.277622954154698,12227700
2025-07-25,20.3070125579834,20.3070125579834,20.08170606036349,20.3070125579834,8927400
2025-07-28,20.453948974609375,20.499990820509332,20.24823485913234,20.395173779963045,21449000
2025-07-29,20.424564361572266,20.66946321034788,20.29721591388818,20.512728096605883,18352500
2025-07-30,20.4637451171875,20.65966492358367,20.336398550930813,20.4490517856582,14022900
2025-07-31,20.2678279876709,20.766440906666094,20.23843945501029,20.49313446611277,11267300
2025-08-01,19.40578269958496,19.87598987158139,19.25884377577411,19.87598987158139,14724600
2025-08-04,19.611499786376953,19.645785474905978,19.425376142626614,19.6212959643038,14705200
2025-08-05,19.464561462402344,19.72415364606881,19.234355945004562,19.670275600002952,12199300
2025-08-06,19.71925163269043,19.89557907728567,19.249046359389567,19.454762334227237,18907400
2025-08-07,19.983745574951172,20.13068450971105,19.719254371325437,20.042520775169137,16213100
2025-08-08,20.385379791259766,20.586196773920747,20.091501918049044,20.14048094077418,15199300
2025-08-11,20.16986656188965,20.649868015292633,20.150274208257766,20.50292909991289,15792900
2025-08-12,20.884971618652344,20.997624854596687,20.316806416081437,20.473541515519635,17056900
2025-08-13,21.120075225830078,21.31599504322976,20.845789723586346,20.963340119282275,16222700
2025-08-14,20.884971618652344,21.04170671809054,20.69884798740832,20.806604068933247,7800500
2025-08-15,20.728239059448242,20.94374938047899,20.605789631229182,20.94374938047899,14998500
2025-08-18,21.18864631652832,21.22293387227767,20.66946198372989,20.679258161311157,12214900
2025-08-19,20.904563903808594,21.237626456116793,20.865379194864214,21.110278020477313,11587600
2025-08-20,20.610687255859375,21.178852489498013,20.022929666612193,21.15926013388947,16999500
2025-08-21,21.374771118164062,21.46293485276862,20.978036180873485,21.23762836141472,20562600
2025-08-22,21.991914749145508,22.227017391768047,21.39436103137798,21.42374956236694,18245300
2025-08-25,22.099672317504883,22.20742841240927,21.889059151153575,22.03110093654027,17378800
2025-08-26,22.0408935546875,22.280895217725387,21.94293365409184,22.089872570770485,17056400
2025-08-27,22.266202926635742,22.403347552755793,21.786201406290413,21.86456896331761,23389900
2025-08-28,22.687429428100586,22.834368365150183,22.236816438691157,22.354366840958853,24964900
2025-08-29,22.109466552734375,22.398447253136016,21.972323802858966,22.373957743291097,19962600
2025-09-02,22.21722412109375,22.24661078749718,21.472731387850843,21.600077968602278,27797200
2025-09-03,22.354366302490234,22.569878482173046,22.114366480390625,22.491509057975723,34179900
2025-09-04,22.687429428100586,23.681718166180485,22.21722408216989,23.412329803517895,62528800
2025-09-05,23.040084838867188,23.079267684274143,22.23681688950969,22.68742988805463,24237500
2025-09-08,23.020492553710938,23.289880922674744,22.579673863821068,23.118452470178685,19157100
2025-09-09,23.392736434936523,23.49069634487478,22.898041598971627,22.942123465022352,16873500
2025-09-10,23.94131088256836,24.17543448516746,23.441717029743927,23.520084583024435,21361400
2025-09-11,24.352739334106445,24.450697367666002,23.94620639480134,24.078451982222408,20845500
2025-09-12,24.225391387939453,24.587842472056398,24.225391387939453,24.34784080077994,20692400
2025-09-15,24.333147048950195,24.52612781351986,24.004981656620988,24.293962340671598,18368000
2025-09-16,23.931516647338867,24.460497207811372,23.84335290918845,24.40172200518776,21439300
2025-09-17,24.225391387939453,24.44971880194786,23.755186091055112,24.049063934500385,25280500
2025-09-18,24.855648040771484,24.96397357484289,24.51097742370191,24.61930295777331,22034800
2025-09-19,24.609455108642578,24.934429833839875,24.481435559208876,24.826104299339523,32895700
2025-09-22,24.776865005493164,24.969881367059564,24.52082404319303,24.5749868072974,28153200
2025-09-23,24.323871612548828,24.929506228433954,24.304175719763037,24.737475969531804,25207500
2025-09-24,24.0875244140625,24.684297187019347,23.998896654023067,24.51097671318998,25135600
2025-09-25,23.841331481933594,23.885646301273027,23.506510698184627,23.65422613654817,32909800
2025-09-26,23.634531021118164,23.782246464339398,23.44250075710018,23.713312716056407,20647700
2025-09-29,23.772397994995117,24.309098866931265,23.733008087543954,23.939809327845943,19445300
2025-09-30,24.186002731323242,24.19092764377132,23.61483497709041,23.733008457895437,22897400
2025-10-01,24.55036735534668,24.59468217245503,23.86102617328425,24.008741604210883,27908400
2025-10-02,24.107221603393555,24.924582406732593,24.038287853930616,24.78671490780672,17599900
2025-10-03,24.0579833984375,24.61930321112249,23.92996196988955,24.225394735405285,20800300
2025-10-06,24.412498474121094,24.870415720314586,24.38787767178836,24.589755854113655,15656000
2025-10-07,24.530672073364258,25.52529208783596,24.289403968458426,25.07229595965804,21949800
2025-10-08,25.6828556060791,26.03737415365606,24.47158640626271,24.48143435239581,29025300
2025-10-09,25.85026741027832,25.968440887750365,25.34803341805361,25.64346617258187,20274400
2025-10-10,24.0284366607666,25.96548415049112,24.018588715273278,25.85026525435315,35814900
2025-10-13,24.422346115112305,25.067372484749757,24.37310826388046,24.570063425415086,35267900
2025-10-14,24.619300842285156,24.983667321204557,23.910265654216637,24.008741354942902,34533600
2025-10-15,24.658695220947266,25.909354407876844,24.48635896992792,24.865496468205933,50347700
2025-10-16,22.157371520996094,23.132295642523484,21.77331101568933,22.620213716578697,78889800
2025-10-17,22.610366821289062,22.915647528811103,21.901331575855156,22.009657109382573,65685500
2025-10-20,22.521739959716797,22.753160138365118,22.098287633508118,22.71377022897333,60189800
2025-10-21,22.915645599365234,23.073208973972953,22.27554415523343,22.61036491754714,81272500
2025-10-22,22.738388061523438,22.89102841403349,22.255849955325385,22.78762591546669,50450400
2025-10-23,22.836864471435547,23.102751498659064,22.703920018671973,22.787624741724798,30706700
2025-10-24,23.14214515686035,23.338114225562133,22.92057105097434,23.299708548089566,19914300
2025-10-27,23.81178855895996,23.84625543057512,23.220924951080093,23.41788011314126,35603400
2025-10-28,23.880722045898438,24.321899876141316,23.32925022767074,23.880722045898438,38284100
2025-10-29,23.900419235229492,24.2155460056123,23.71331201095081,24.176154220162594,35121100
2025-10-30,24.038286209106445,24.371138524439353,23.673921593075832,23.782245244118183,39387200
2025-10-31,24.048133850097656,24.54051988152611,23.83148467245845,24.117067593969058,33572100
2025-11-03,24.126914978027344,24.402651825394095,23.7428544835159,24.245088449271265,28309400
2025-11-04,23.201229095458984,23.733006906872713,23.073209554731772,23.570518616172862,35378300
2025-11-05,23.34894561767578,23.664074267832337,23.033818845822946,23.240621963791195,27393700
2025-11-06,23.043664932250977,23.536050943103792,22.772853001942643,23.31940177451784,22854200
2025-11-07,23.092906951904297,23.16676373387913,22.442957503346225,22.915647669878684,21932600
2025-11-10,23.516355514526367,24.03828537248783,23.22092465352394,23.747777545237216,34049800
2025-11-11,22.541431427001953,23.38833598367863,22.418334921824698,23.33909813292917,28882000
2025-11-12,23.122447967529297,23.334174114809745,22.64975782033263,22.718691565344184,37546600
2025-11-13,22.58082389831543,23.235696349095484,22.30508704212697,22.915646552864395,42098300
2025-11-14,22.482345581054688,23.063361234479302,22.009655453005255,22.13767499165479,29807000
2025-11-17,20.906709671020508,21.852091793143025,20.419248569771238,21.605898786527227,50382100
2025-11-18,20.581735610961914,21.128284403001288,20.404476340213616,20.69006113826446,43252800
2025-11-19,20.286306381225586,20.823007270582632,20.256762540950447,20.502955574998566,26653200
2025-11-20,19.715137481689453,20.98549248748186,19.621582932025888,20.79838714476209,24343600
2025-11-21,20.207521438598633,20.473410323441545,19.646201711688143,19.87269881582685,22404400
2025-11-24,20.768842697143555,20.92640607497318,20.340467381063235,20.512801738594504,35604100
2025-11-25,21.034732818603516,21.12336245854849,20.611280511822816,20.788539791712758,21491200
2025-11-26,21.202144622802734,21.280926318024928,20.77869230661952,21.271078371334184,19609800
2025-11-28,21.53696632385254,21.600975156994274,21.21199161095809,21.25630455160836,7707800
2025-12-01,21.605899810791016,21.694529447638626,21.15290368042505,21.231685371144742,25190200
2025-12-02,21.586204528808594,21.901331300596443,21.512345869912938,21.891483354190107,16830400
2025-12-03,21.92102813720703,22.06874358305443,21.48772786819137,21.551738583436638,19079400
2025-12-04,22.551279067993164,22.738386279258528,21.960415475468153,21.970263421145656,33710900
2025-12-05,22.974733352661133,23.196307454050707,20.296153877817574,20.581736814261223,47409100
2025-12-08,23.496662139892578,23.99397120770183,22.69899541255767,22.782702015042588,26246100
2025-12-09,24.392807006835938,24.43219691676476,23.30955724838763,23.329253142503966,31516600
2025-12-10,24.875343322753906,25.02305876121049,24.205697998226775,24.36326138302096,40648800
2025-12-11,24.16630744934082,24.520824116560178,23.678844449246675,24.353412789874717,31575300
2025-12-12,23.506511688232422,24.06290659211281,23.3243274908839,24.018591770906923,49512900
2025-12-15,23.683767318725586,23.72315910275632,23.35386957983459,23.634529466990813,35706300
2025-12-16,23.929960250854492,24.126915413716493,23.472041093758442,23.55574769538106,33437500
2025-12-17,23.654224395751953,24.294325833755828,23.476965131439343,23.998894978770522,31541800
2025-12-18,23.555749893188477,23.821638824369153,23.028896943425185,23.73300918064226,23603100
2025-12-19,24.202672958374023,24.351276792423093,23.667696888277046,23.68751123671033,29907700
2025-12-22,24.47016143798828,24.56922940275398,24.15809205809547,24.440439914798386,18592700
2025-12-23,24.351276397705078,24.569228558137503,24.23239219863269,24.499880229345376,16269200
2025-12-24,24.21257972717285,24.470160583691737,24.21257972717285,24.371090732784438,5180800
2025-12-26,24.262113571166992,24.326509257334056,24.11846238264055,24.272020745161942,11203600
2025-12-29,24.10360336303711,24.296788538322563,23.905463655790324,24.024347858058455,13836300
2025-12-30,23.84602165222168,24.21257953072456,23.84602165222168,24.103602506650688,9611600
2025-12-31,23.79648780822754,24.014439968023044,23.6181624549402,23.79648780822754,14245400
2026-01-02,23.945091247558594,24.163043403787185,23.598347720685673,24.054068270472992,11238800
2026-01-05,23.90546226501465,24.182857461101747,23.509184763176062,23.99462493912835,18144700
2026-01-06,23.568628311157227,24.12341682563047,23.55872113719875,23.8658359715107,17048400
2026-01-07,22.221284866333008,23.578535696372384,22.221284866333008,23.48937301240187,23267100
2026-01-08,21.815099716186523,22.122214571813753,21.602100185296575,22.0924930478755,27026500
2026-01-09,21.963703155517578,22.181655324949574,21.557518450448672,21.894354823861956,25301900
2026-01-12,21.89435386657715,22.191561529135114,21.66649453264269,21.755655319729893,14571600
2026-01-13,22.08258628845215,22.50363078999715,22.023143244544443,22.29063127332844,11503000
2026-01-14,21.88444709777832,22.374839939039564,21.681354750363006,21.973609776116778,14093700
2026-01-15,21.745750427246094,22.340165763075838,21.73584325303556,22.211376277539465,14910500
2026-01-16,21.240495681762695,21.79528420516986,21.220681333526663,21.79528420516986,15541600
2026-01-20,20.200265884399414,20.91356733269073,19.888198390372292,20.794683128108733,26347300
2026-01-21,20.824403762817383,20.90365926595578,20.18045256361785,20.34391621214069,20480300
2026-01-22,21.16124153137207,21.730889907576852,21.101798482863455,21.101798482863455,14748500
2026-01-23,20.854124069213867,21.111704935135215,20.774868563515014,21.111704935135215,9391800
2026-01-26,21.171146392822266,21.215727729532286,20.82440287281101,20.873936851555406,10641900
2026-01-27,21.39900779724121,21.63677431959274,21.230589607708836,21.39900779724121,10058800
2026-01-28,21.50798225402832,21.716029135460527,21.33461142750172,21.54761095129171,16653000
2026-01-29,21.805191040039062,21.805191040039062,21.156285317406653,21.616958513925805,15125000
2026-01-30,21.31974983215332,21.60209766299809,21.06216899023175,21.428724961335426,19367800
2026-02-02,21.805191040039062,21.874539368185992,21.151332675224825,21.210773829407877,16061700
2026-02-03,21.57733154296875,22.275771240489078,21.46340187765411,21.983516224386236,20537400
2026-02-04,23.023746490478516,23.073282363303328,21.527797143975263,21.577333016800075,29903000
2026-02-05,22.498676300048828,22.885048527766603,21.95874948888469,22.70672317491228,23404300
2026-02-06,23.390302658081055,23.57853329206903,22.76616393393088,22.865233782640455,15011600
2026-02-09,23.687509536743164,23.846020533633112,23.083185180100152,23.192162199062043,14122000
2026-02-10,23.746952056884766,24.024347262230524,23.682558259786838,23.78658075319141,12868400
2026-02-11,23.58843994140625,24.15313561001444,23.073280140851505,24.004531785054414,15772900
2026-02-12,21.993423461914062,23.112907660123465,21.646679933222583,22.949444014494755,30321300
2026-02-13,22.478862762451172,22.785977583400268,21.829957068406983,22.023142228191094,16791300
2026-02-17,21.76556396484375,22.38970274383984,21.701170163684118,22.072680711791193,13720900
2026-02-18,21.349472045898438,21.81509980822722,21.265263895451955,21.577333284519067,17104600
2026-02-19,21.190959930419922,21.6219135037776,20.908612080068483,21.389099634694734,12195200
2026-02-20,21.171146392822266,21.730887533114544,21.06712201409877,21.081983719402224,12602300
2026-02-23,19.813894271850586,21.111703817568742,19.779220108042864,21.032448316065345,14414700
2026-02-24,20.061567306518555,20.20026395729898,19.655382638147177,19.84361515677786,12215100
2026-02-25,20.438032150268555,20.561868995770812,20.051661796973605,20.091290494542474,13677700
2026-02-26,20.64607810974121,20.829356103797874,20.239893425831735,20.675799631588326,16599100
2026-02-27,21.270214080810547,21.597143249341677,20.764959567698774,20.84421695604585,30874100
2026-03-02,21.924072265625,21.95379378604876,20.879881124125315,20.992820634215445,15744500
2026-03-03,21.43863296508789,21.636772663347195,20.660937767260457,21.498076008325803,18494400
2026-03-04,21.349472045898438,21.785378284163567,21.32965958612303,21.597145744294476,10252800
2026-03-05,21.270214080810547,21.686305921631998,21.007680595511346,21.2999356014407,12822200
2026-03-06,20.933378219604492,21.309843264500465,20.651030380732603,20.883844240349845,16611800
2026-03-09,21.607051849365234,21.64668054615503,20.40831211547797,20.447938922667497,34704400
2026-03-10,20.90365982055664,21.9339813886916,20.829356957692934,21.81509907563002,36131400
2026-03-11,21.230588912963867,21.706121942105685,20.992822398392956,21.072077903249927,23240200
2026-03-12,21.379192352294922,21.53770335907225,20.953193312980755,20.953193312980755,21180600
2026-03-13,21.379192352294922,21.775469869238243,21.16124019037616,21.67640001760235,14179100
2026-03-16,21.64668083190918,21.904261695642322,21.448541124545134,21.696214813950046,16518800
2026-03-17,21.468353271484375,22.06772308487097,21.418819294523537,21.73584128211314,16696700
2026-03-18,21.32965850830078,21.79033171520688,21.240495830215714,21.507981974870653,10572700
2026-03-19,21.914169311523438,21.968655937026135,20.96310134245318,21.03244967454782,10302300
2026-03-20,21.488168716430664,22.3599792268628,21.265262029513295,22.221282572603194,24417900
2026-03-23,22.112306594848633,22.31539894372353,21.60705204383297,21.84481855791088,16638800
2026-03-24,23.830278396606445,23.840249452760737,21.955763580643044,22.115296675542716,28241800
2026-03-25,25.704795837402344,26.34791281227611,24.01972533561779,24.318849421522582,51915700
2026-03-26,24.99686622619629,25.899226871352738,24.848300717273958,25.505378697352032,24536600
2026-03-27,23.870162963867188,24.847303659600144,23.79538099252879,24.797450279897568,23974400
2026-03-30,22.544042587280273,24.109462270017023,22.229960974581875,23.81033629066181,24829600
2026-03-31,23.740541458129883,23.78042568386447,22.55401426929426,23.00768687721013,20443100
2026-04-01,23.910045623779297,24.363718231881997,23.700659143940157,24.079549779651984,12283500
2026-04-02,24.538209915161133,24.69774302141147,23.471331553942758,23.511213879613024,11102200
2026-04-06,24.5082950592041,25.08660300503914,24.19421344584147,24.667828154483804,10819200
2026-04-07,24.558149337768555,24.642902367493818,24.10447672486625,24.39861623664585,10196000
2026-04-08,24.907129287719727,25.625030161218433,24.503311948161326,25.276050781243743,19230900
2026-04-09,24.757566452026367,25.036750327481027,24.433513773405505,24.877217227731098,13260000
2026-04-10,24.81739044189453,25.216225085868807,24.239082490273262,24.93704121544372,12573400
2026-04-13,24.737625122070312,25.176342111160526,23.790397550047917,24.418558912471838,19954400
2026-04-14,24.398616790771484,24.717684902047946,23.94494416756566,24.687771731738852,13036400
2026-04-15,24.548179626464844,24.647886386067597,24.184242727133565,24.34876230369027,9348500
2026-04-16,25.81447410583496,25.83441621905307,24.6080047829082,24.827362322953633,15605900
2026-04-17,26.362871170043945,26.482520047423733,25.81946093900049,26.023862847826855,17927100
2026-04-20,27.728872299194336,27.828580960139856,26.263161259184116,26.372840976402642,20616500
2026-04-21,28.676101684570312,29.543562659453798,27.878434299929193,27.888405356187963,22871800
2026-04-22,28.42683219909668,29.005140174344547,28.337094590714717,28.7957517875251,12695100
2026-04-23,27.84852409362793,28.44178770023713,27.325055981703976,28.44178770023713,11628400
2026-04-24,28.077852249145508,28.287240631691045,27.399835622669777,28.19750302514075,11110900
2026-04-27,28.536510467529297,28.81569243335745,28.227413431384537,28.37697547047598,8439200
2026-04-28,27.868465423583984,28.147647394477787,27.265228875507287,27.963187606310875,11453000
2026-04-29,28.217443466186523,28.386947624186284,27.59925317356475,27.88840620674988,13271700
2026-04-30,28.686073303222656,28.70601541613117,27.908348015851693,28.267298441066686,17192200
2026-05-01,28.486656188964844,28.88548894117006,28.267298650698116,28.785782179457186,11032500
2026-05-04,28.62624740600586,29.214526433388226,28.297210145078825,28.845606847813613,12078200
2026-05-05,29.952369689941406,30.062047510092697,28.87053381009673,28.91540261436282,11580000
2026-05-06,30.28140640258789,30.33125978340485,29.438870193575386,30.052075906189973,12871900
2026-05-07,29.613361358642578,29.96233883416018,29.224497754547155,29.942398622548183,15708600
2026-05-08,31.258546829223633,31.258546829223633,29.744975456364763,29.91248464006385,17521000
2026-05-11,30.77994728088379,31.547699601706867,30.58052995752599,31.099013476828635,14198300
2026-05-12,30.121871948242188,30.490793439069343,29.403972981776036,30.321289278708424,11200100
2026-05-13,31.9764461517334,32.43510334208131,30.08198914928907,30.560588452726346,27523500
2026-05-14,34.03043746948242,34.59378788948946,33.1430343745671,33.6016915556473,34638300
2026-05-15,33.003440856933594,33.56180862295212,32.62554864714298,33.56180862295212,16381200
2026-05-18,32.90373229980469,33.73131284699775,32.2257156935838,33.48204214775681,16653100
2026-05-19,32.52484130859375,32.94361808095952,31.787000232195428,32.35533905081491,10241000
2026-05-20,33.70140075683594,33.90081809457673,32.59463814576542,32.72425998583234,11467600
2026-05-21,33.870906829833984,33.89084894396775,33.0184014193547,33.297583410088684,11649800
2026-05-22,37.470375061035156,37.63489083939729,34.39935807926043,34.54892202711968,30722400
2026-05-26,37.948974609375,38.467458147380995,37.221104585896164,37.80937981549055,16802000
2026-05-27,37.09148025512695,37.789438963316265,36.60290801832375,37.6997013607838,17674600
2026-05-28,38.098533630371094,38.24311109566534,36.46830489362542,37.36069447374356,23279900
2026-05-29,42.91444778442383,44.444969842965435,41.39888136041228,42.655204107338406,86121400
2026-06-01,46.862892150878906,47.830063695390216,43.27339555011156,44.0511189261117,115597800
2026-06-02,55.986202239990234,64.06257161473991,53.314019960179365,62.87604442026541,153197800
2026-06-03,54.98912048339844,55.826670226258436,52.45652914146829,54.021948905547106,56953400
2026-06-04,53.53337478637695,54.31110196586438,52.1673723994624,52.845389015646795,36790300
2026-06-05,49.05647659301758,52.8992339578337,48.398402069361154,52.750666545216184,37733400
2026-06-08,49.724517822265625,50.71761447495646,48.77230573279971,49.804286271419315,28878300
2026-06-09,48.129188537597656,50.352682786390154,45.59659724300976,49.689621793277134,28578500
2026-06-10,45.3572998046875,47.83006477725833,44.778989935095474,47.710412098575674,33229400
2026-06-11,46.663475036621094,46.663475036621094,44.60948686956963,44.868726728206646,24482800
2026-06-12,48.029476165771484,49.63478006614842,45.835897070755266,46.37431888661127,23521900
2026-06-15,48.87699890136719,49.45530494264767,47.95968075522604,49.33066959369587,30500700
2026-06-16,48.380001068115234,50.34000015258789,47.97999954223633,49.1349983215332,24311600
2026-06-17,48.20000076293945,50.45000076293945,47.95199966430664,49.5,31243800
2026-06-18,47.40999984741211,49.599998474121094,46.93000030517578,49.17499923706055,53337800
2026-06-22,48.400001525878906,49.630001068115234,47.709999084472656,48.040000915527344,23278000
2026-06-23,48.91999816894531,49.71500015258789,45.83000183105469,46.25,20640100
2026-06-24,48.75,50.20000076293945,47.650001525878906,48.2400016784668,21053300
2026-06-25,46.720001220703125,48.15999984741211,46.099998474121094,48.099998474121094,26924600
2026-06-26,43.709999084472656,45.369998931884766,43.130001068115234,45.21500015258789,36793900
2026-06-29,44.40999984741211,44.779998779296875,42.43000030517578,43.790000915527344,17151600
2026-06-30,45.11000061035156,45.22999954223633,43.470001220703125,44.0,19933200
2026-07-01,43.95000076293945,44.5,42.84000015258789,44.43000030517578,20470800
2026-07-02,41.22999954223633,43.935001373291016,40.71500015258789,43.5,18968400
2026-07-06,43.150001525878906,43.845001220703125,41.5,41.77299880981445,16433200
2026-07-07,43.470001220703125,44.275001525878906,42.5,43.44499969482422,16467600
2026-07-08,44.66999816894531,45.220001220703125,43.290000915527344,43.310001373291016,18384700
2026-07-09,49.11000061035156,49.31999969482422,45.63999938964844,45.8849983215332,26431400
2026-07-10,48.540000915527344,51.08000183105469,48.349998474121094,49.029998779296875,19441200
2026-07-13,47.2400016784668,48.46099853515625,46.459999084472656,48.189998626708984,18393400
2026-07-14,49.560001373291016,50.04499816894531,48.599998474121094,48.86000061035156,17133500
2026-07-15,47.38999938964844,50.310001373291016,45.470001220703125,50.310001373291016,19917300
2026-07-16,45.130001068115234,47.66999816894531,44.7400016784668,47.25,27344000
2026-07-17,45.81999969482422,46.82500076293945,43.70000076293945,44.400001525878906,14894100
2026-07-20,44.560001373291016,46.22999954223633,44.470001220703125,46.119998931884766,11883400
2026-07-21,46.720001220703125,46.98500061035156,45.59000015258789,45.630001068115234,13224500
2026-07-22,48.130001068115234,49.68000030517578,47.0,47.209999084472656,14833900
2026-07-23,47.63999938964844,49.25,47.400001525878906,47.47999954223633,11978500
