Date,Close,High,Low,Open,Volume
2018-06-01,17.597755432128906,17.713320767368433,17.334745560296188,17.526025328887577,1681100
2018-06-04,17.812952041625977,17.872726135362626,17.5499420767765,17.621672205386083,1309800
2018-06-05,17.573854446411133,18.060025072690458,17.49415563961419,17.90859460349312,4064300
2018-06-06,17.422422409057617,17.573851331255234,17.231142570368238,17.454301622094,3437700
2018-06-07,17.70934295654297,17.733253508530147,17.406483565491154,17.430394117478336,1937900
2018-06-08,17.661527633666992,17.876718092996022,17.62167822423163,17.71731741493951,1973600
2018-06-11,17.64558219909668,17.681447265361392,17.557913219460676,17.621673168358264,1442400
2018-06-12,17.653553009033203,17.82490816280419,17.61370360961736,17.645582825118606,2175500
2018-06-13,17.653553009033203,17.76911839555915,17.56588402628692,17.605733425702763,2626700
2018-06-14,17.868741989135742,17.916561568652334,17.62964257139575,17.67746215091234,2078000
2018-06-15,17.86077308654785,18.008217687387997,17.85280290269742,17.86874327039828,2338400
2018-06-18,17.908597946166992,17.972357915599847,17.677468627031985,17.765139155061256,2216300
2018-06-19,17.733253479003906,17.92453333411138,17.689418227178976,17.852803198426432,3506100
2018-06-20,17.97235679626465,17.98431283489701,17.70536241594247,17.81295764268883,1499900
2018-06-21,18.020172119140625,18.028142302281577,17.83686094721278,17.972351020294926,1818400
2018-06-22,18.012203216552734,18.139723115559786,17.900622164803735,18.08393334976384,3212500
2018-06-25,18.13175392150879,18.1636346580792,17.852803557146444,18.00423401554152,2189600
2018-06-26,18.291152954101562,18.378821931639397,18.052052011340155,18.203482456406675,4411300
2018-06-27,18.187545776367188,18.36687113975047,18.115815631013874,18.33100606707381,1731500
2018-06-28,18.354917526245117,18.398751265980014,18.139727079586798,18.139727079586798,1988300
2018-06-29,18.378822326660156,18.502357892416583,18.195512664046426,18.315062377918117,3341800
2018-07-02,18.163633346557617,18.382808074103323,18.012202899096714,18.37882222224123,1325000
2018-07-03,18.386795043945312,18.47844988788208,18.14769558325439,18.16363595267573,915600
2018-07-05,18.378822326660156,18.522282591369017,18.235362061951296,18.522282591369017,3244400
2018-07-06,18.450551986694336,18.490402903736136,18.37085167276778,18.490402903736136,1347600
2018-07-09,18.466495513916016,18.4983747328483,18.30709485878266,18.45055514437122,2351100
2018-07-10,18.442583084106445,18.613938238894026,18.386793316530426,18.442583084106445,1532800
2018-07-11,18.52228546142578,18.665745748364035,18.41070591387706,18.41070591387706,1890600
2018-07-12,18.66574478149414,18.7693541388286,18.475261477933326,18.52228450198701,1998700
2018-07-13,18.609952926635742,18.749427338228404,18.562133345540698,18.689653241898867,1505800
2018-07-16,18.546192169189453,18.625892480974837,18.363679078465296,18.6179222977806,2196600
2018-07-17,18.466495513916016,18.649805203209258,18.386795186349335,18.5222852871655,1943700
2018-07-18,18.689655303955078,18.69762396821922,18.42664529867845,18.562135393527456,1888300
2018-07-19,18.785287857055664,18.821152914234975,18.609948422043868,18.68167853640249,2104900
2018-07-20,18.745441436767578,18.80920137960732,18.693636008161242,18.76138180251675,1214800
2018-07-23,18.689655303955078,18.76138544359027,18.64980438184817,18.71356433706198,1609800
2018-07-24,18.33100700378418,18.673717377949682,18.315066632856144,18.673717377949682,2181600
2018-07-25,18.323034286499023,18.522284335095346,18.28318488484265,18.331004470861746,1165300
2018-07-26,18.546192169189453,18.554162352383692,18.29115238760183,18.378821362424443,2190300
2018-07-27,18.370853424072266,18.6019842044774,18.22340881735424,18.6019842044774,3270300
2018-07-30,18.323034286499023,18.454540048248067,18.24333396302905,18.315064102136304,2764300
2018-07-31,18.418670654296875,18.586039926146796,18.315059802064845,18.33100016704775,2564300
2018-08-01,18.458524703979492,18.506344290836996,18.25927465188977,18.32303460775219,2256600
2018-08-02,18.506343841552734,18.54619476309756,18.33100434722716,18.386794117232697,1029900
2018-08-03,18.705598831176758,18.70958468446299,18.434618573702735,18.482439692191768,1510500
2018-08-06,18.76935386657715,18.849054189609188,18.609954740670293,18.721534280820812,1796100
2018-08-07,18.79326629638672,18.821161184210165,18.649806004633348,18.769355741042034,1285500
2018-08-08,18.76935386657715,18.872964742565966,18.713564096501887,18.817174972490704,1518900
2018-08-09,18.976572036743164,19.01642295400831,18.681682849766386,18.7295024303275,2412500
2018-08-10,18.594013214111328,18.649802980712344,17.645582621422673,18.131753193500888,4824100
2018-08-13,18.291152954101562,18.68965300521352,18.22340715493086,18.641831904567002,5732400
2018-08-14,18.044082641601562,18.38679294423758,18.012203426556674,18.25927304374378,3449400
2018-08-15,18.20426368713379,18.20426368713379,17.92395135263361,18.012049907711205,3075900
2018-08-16,18.596698760986328,18.60470785872775,18.196253039390403,18.204262137131824,2314900
2018-08-17,18.58068084716797,18.668777861257933,18.556653555554835,18.58868841679325,1546600
2018-08-20,18.5166072845459,18.64474976865385,18.476561803525346,18.628731576245627,1018900
2018-08-21,18.412494659423828,18.58869023239227,18.28435214679601,18.51661140567096,2070400
2018-08-22,18.332401275634766,18.436517999553395,18.30837551440656,18.34841946817285,1600100
2018-08-23,18.644756317138672,18.716836680713108,18.284354499266495,18.292363598283593,3252900
2018-08-24,18.61271858215332,18.74887020049095,18.476566963815696,18.62873677903524,1405700
2018-08-27,18.468555450439453,18.648756322849742,18.42050239365642,18.62072524576138,2005200
2018-08-28,18.796926498413086,19.177350338141288,18.468561043720428,18.49258834317828,4450800
2018-08-29,18.74085807800293,18.864996792437612,18.712827001772368,18.828956619058452,1148900
2018-08-30,18.73284912109375,18.844974954434484,18.70882335704717,18.844974954434484,898200
2018-08-31,18.716835021972656,18.852986638038278,18.6527637630935,18.708825923665348,1475300
2018-09-04,18.548646926879883,18.756878899168775,18.48457566829709,18.58869089065189,2027300
2018-09-05,18.61271858215332,18.63274056446605,18.388468408544487,18.516612456020486,2243600
2018-09-06,18.676788330078125,18.736855799732744,18.528623839863734,18.668779232285562,2348400
2018-09-07,18.708820343017578,18.73284610319356,18.50058843187892,18.65275819916849,1404900
2018-09-10,18.828956604003906,18.9330718116943,18.65276104961282,18.780903548729807,1784700
2018-09-11,19.04520034790039,19.085244311717222,18.74086072360698,18.78090621500311,2441200
2018-09-12,18.796926498413086,19.085247981588918,18.78090982635411,19.085247981588918,2431600
2018-09-13,19.05320930480957,19.09325326832929,18.84497733383261,18.86099400269292,1602600
2018-09-14,18.869001388549805,19.037189380743982,18.78490815624229,19.013162088265055,4017100
2018-09-17,18.989131927490234,19.001146335704505,18.804927295713245,18.877007634683185,2090000
2018-09-18,18.94908905029297,19.037187586834857,18.86339339553046,18.973116340507758,1361300
2018-09-19,18.756879806518555,19.005155754589616,18.732852510545467,18.973120887538208,2045000
2018-09-20,18.941082000732422,18.957100195940217,18.61271663686849,18.7568773385803,1633800
2018-09-21,19.17333984375,19.17333984375,18.844974503944155,18.949089710008348,6819400
2018-09-24,18.684797286987305,19.14931426239903,18.63674422817346,19.14931426239903,2424000
2018-09-25,18.644756317138672,18.780907945270446,18.540639557495847,18.716836680713108,1854100
2018-09-26,18.196250915527344,18.73284818093752,18.18824181872074,18.66877693406372,1931000
2018-09-27,18.196250915527344,18.308376743240753,18.116163002619363,18.25231459317356,3702300
2018-09-28,18.348424911499023,18.396477975789995,18.07211788235172,18.17222932404588,3990600
2018-10-01,18.20426368713379,18.404486564979727,18.124174230479547,18.36444260044227,2358900
2018-10-02,18.212268829345703,18.324393127757528,18.148197583456234,18.204259732662145,2193700
2018-10-03,18.004039764404297,18.284352082636254,17.883906350184667,18.196253532671548,1918600
2018-10-04,17.78780174255371,17.99603374232907,17.739748674168474,17.947980673943835,1748800
2018-10-05,17.69169044494629,17.86788599601388,17.69169044494629,17.771779887278488,838400
2018-10-08,17.915937423706055,18.028061706683257,17.643634284265318,17.643634284265318,1067700
2018-10-09,17.923952102661133,18.0921401214308,17.795809577683954,18.0921401214308,1330400
2018-10-10,17.595584869384766,17.935964657266315,17.587575771455633,17.883906284516573,1335400
2018-10-11,16.95487403869629,17.667667023657273,16.93885584120563,17.595586662528703,2885000
2018-10-12,16.8988037109375,17.17110682640651,16.88438795119218,17.08300831034929,1541100
2018-10-15,17.139074325561523,17.32327896665975,16.930842394397832,16.930842394397832,2068600
2018-10-16,17.46744155883789,17.523503714198686,17.115050431547417,17.1951383520176,1891100
2018-10-17,17.443416595458984,17.55554091133401,17.315274083722034,17.427398399597056,1572000
2018-10-18,17.523502349853516,17.57956602842847,17.4113780478617,17.435405338679537,936700
2018-10-19,17.53151512145996,17.699703137279528,17.387354401494438,17.56355151593202,1186200
2018-10-22,17.387353897094727,17.575563890209754,17.355319031131355,17.515497943686185,1455700
2018-10-23,17.60359764099121,17.631628725803335,17.219170025642473,17.30726859366889,1518200
2018-10-24,17.635631561279297,17.76777786717051,17.54352922018437,17.587576970428547,2607100
2018-10-25,17.611602783203125,17.66766494023001,17.4354072143216,17.627620978804867,2630400
2018-10-26,17.50748634338379,17.619610649601395,17.363325648201666,17.611601552360266,1832100
2018-10-29,17.891916275024414,17.94797843574589,17.555541783116247,17.555541783116247,2174100
2018-10-30,17.707706451416016,18.03607174959244,17.559540466752388,17.939964125150595,2503700
2018-10-31,17.523502349853516,17.8038146324121,17.51549478049328,17.75576157835547,2258500
2018-11-01,17.499481201171875,17.64764571467143,17.44341903539255,17.53952516884869,1200500
2018-11-02,17.002927780151367,17.427400865067646,16.83474128254533,17.427400865067646,3387500
2018-11-05,16.60247230529785,17.10703455887535,16.426276811433482,16.82672236550769,3384600
2018-11-06,16.84274673461914,16.882790693688992,16.526394264198306,16.56243443839282,1873100
2018-11-07,17.07500648498535,17.243194493828167,16.94686396757145,16.970891262428793,1578400
2018-11-08,17.355318069458008,17.3873529336463,16.98690720202759,17.010934495853242,1626000
2018-11-09,17.387353897094727,17.451426684180117,17.243194708890563,17.3713372279027,1153300
2018-11-12,17.347305297851562,17.571555409996787,17.339296201605777,17.395358347747354,2122100
2018-11-13,17.435853958129883,17.572700519718676,17.3473057314029,17.419754001383815,1691700
2018-11-14,17.202411651611328,17.415730716147298,17.170211736388143,17.39560653682104,2438100
2018-11-15,16.985065460205078,17.113862039957944,16.944815569422094,17.10581206180135,2006000
2018-11-16,16.824073791503906,16.936771982631942,16.695277174823396,16.89652208030879,1972200
2018-11-19,16.840167999267578,16.989088748544955,16.71137142658829,16.824068043838604,1932700
2018-11-20,16.679174423217773,16.91664343337348,16.679174423217773,16.840170934819668,1481800
2018-11-21,16.775774002075195,16.928720547002566,16.663077356011158,16.68722575995251,1485300
2018-11-23,16.767717361450195,16.89651391589608,16.64697078357918,16.767717361450195,587900
2018-11-26,16.86432647705078,16.94482322422839,16.791878176289305,16.88847488705325,1516200
2018-11-27,17.11386489868164,17.150089038749087,16.711375135877397,16.86432167564846,3224200
2018-11-28,17.32316017150879,17.331210151201486,17.065566962849076,17.129965265014004,2022300
2018-11-29,17.218509674072266,17.307057903503672,17.12996298001729,17.250709588547842,2377600
2018-11-30,17.27485466003418,17.323154522439797,17.121909701878117,17.18630798304281,2744900
2018-12-03,17.315113067626953,17.315113067626953,17.033369873095342,17.28693890171148,2108600
2018-12-04,17.097759246826172,17.41975064278431,17.017261013992613,17.339253945326842,1452600
2018-12-06,17.58880615234375,17.58880615234375,16.731502371169995,17.009219805464873,2912400
2018-12-07,17.532455444335938,17.757848739456488,17.415733039147554,17.5566038485979,3077200
2018-12-10,17.476106643676758,17.621003219531342,17.33523582569411,17.548554931604052,2147700
2018-12-11,17.40365982055664,17.645153089083887,17.387559859887688,17.564654821115887,1765000
2018-12-12,17.10581398010254,17.588801976027796,17.089714021983845,17.532453657988874,3222000
2018-12-13,17.299013137817383,17.47610811467006,17.105818198875312,17.105818198875312,1897700
2018-12-14,17.202411651611328,17.315108284139544,17.061539325574593,17.19436167280553,2256200
2018-12-17,16.703323364257812,17.266809585877326,16.622825113258394,17.16216139896515,2988100
2018-12-18,16.7918758392334,16.920672459244386,16.646979257876833,16.703327587209536,1764200
2018-12-19,16.614778518676758,16.86432330113925,16.5342817866584,16.791875014021333,2552900
2018-12-20,16.421579360961914,16.719422412859554,16.2927827805133,16.614774231634836,1976600
2018-12-21,16.139841079711914,16.807974115848264,16.115692673284947,16.421584259248718,2873000
2018-12-24,15.632702827453613,16.115690861595013,15.600502908668425,16.09154092250612,2147400
2018-12-26,16.131792068481445,16.131792068481445,15.463657520410706,15.672952402569596,2828800
2018-12-27,16.19618797302246,16.20423641677057,15.82589661017189,16.035191461282817,2100200
2018-12-28,16.107637405395508,16.33303218211509,15.938590939011744,16.33303218211509,2674000
2018-12-31,16.16399383544922,16.2042422100854,15.894326347557229,16.123745460813034,1688600
2019-01-02,15.8580961227417,16.091539369903867,15.793697826761464,16.067389433145095,1711500
2019-01-03,15.962742805480957,16.059341017306195,15.753447959340017,15.825896234364823,1926600
2019-01-04,16.027135848999023,16.15593239897119,15.86211517338619,16.06738419509933,2388800
2019-01-07,15.938599586486816,16.18814443247339,15.906401192558407,16.099596162260276,2014900
2019-01-08,16.244489669799805,16.30888798073018,15.914448134359526,16.091543105573848,2085600
2019-01-09,16.147884368896484,16.31693082071923,16.06738613161785,16.28473091165731,2392200
2019-01-10,16.365236282348633,16.381336243897376,16.083493096752985,16.139841426796746,2768700
2019-01-11,16.52623176574707,16.594654294869787,16.30083692467032,16.405483597262933,2033800
2019-01-14,16.421579360961914,16.58257585421086,16.276682824113134,16.461829251962325,2949900
2019-01-15,16.5020809173584,16.550379260869594,16.37328431107744,16.485980957729115,1903000
2019-01-16,16.703323364257812,16.78784583688781,16.40145607454231,16.582576755446897,5575200
2019-01-17,17.081668853759766,17.097768816412813,16.61880644281181,16.66308057241921,3079300
2019-01-18,17.10581398010254,17.162162298141457,16.888469151629696,17.113863959161886,4815200
2019-01-22,16.968963623046875,17.14203429578965,16.89651536304403,17.081660233995223,1903900
2019-01-23,16.985065460205078,17.041413771924915,16.816018989669224,17.02531381561172,2005500
2019-01-24,17.041414260864258,17.07763839592009,16.856269364079516,16.960916012365036,1497600
2019-01-25,17.395606994628906,17.411705417287703,17.093739690661266,17.09776391248184,2041700
2019-01-28,17.669300079345703,17.67734852295935,17.34730706124596,17.363407019226248,2737300
2019-01-29,17.926891326904297,17.938965526395556,17.57269996652285,17.677346611325195,3769400
2019-01-30,17.967138290405273,18.19655727522655,17.85444167621271,17.95103833541313,5591000
2019-01-31,18.103988647460938,18.120088605841662,17.74979723996766,17.902743773831478,4036600
2019-02-01,18.14423942565918,18.20863772693685,17.846396322639563,18.136189446077392,2661700
2019-02-04,18.450122833251953,18.450122833251953,18.031533291927733,18.09593156479485,2512300
2019-02-05,18.45818519592285,18.55478190235822,18.216690359080502,18.442085233057966,2268500
2019-02-06,18.11203956604004,18.506479354566384,18.075815425492895,18.450131032687853,3975200
2019-02-07,18.200584411621094,18.216682832457597,18.0234879640326,18.063737854564682,5281900
2019-02-08,18.369632720947266,18.38975690222274,18.11203951571732,18.208637735366857,2883000
2019-02-11,18.450122833251953,18.530621058179833,18.31327631148734,18.43402288119119,2575100
2019-02-12,18.49870491027832,18.571566452370615,18.369173623033074,18.514896707217662,2806600
2019-02-13,18.5634708404541,18.587756992103262,18.401555956830787,18.482513398642446,2510100
2019-02-14,18.417743682861328,18.612040573779996,18.409647786056247,18.547274943473774,2239100
2019-02-15,19.041114807128906,19.05730660156178,18.41774461867382,18.684903050278212,3664800
2019-02-19,19.13016700744629,19.235412129431733,18.960157794579164,19.09778496200545,3397800
2019-02-20,18.806344985961914,19.122078911094544,18.717293173760186,19.073503510837188,2544500
2019-02-21,18.79824447631836,18.911585504990956,18.709192685953415,18.76586242822238,1991600
2019-02-22,18.66062355041504,18.84682617986476,18.632288669786096,18.806346676012566,2414800
2019-02-25,18.620140075683594,18.903490342183986,18.579662127955565,18.741575463002413,3285700
2019-02-26,18.652528762817383,18.749676481547702,18.5634754005353,18.66062311926562,2301000
2019-02-27,18.668720245361328,18.701103849820697,18.51490275658508,18.644434086152053,3457300
2019-02-28,18.620140075683594,18.879202647066332,18.587756482193388,18.70109751527438,3678200
2019-03-01,18.450124740600586,18.66061185213756,18.4015493664297,18.62013391779604,4340700
2019-03-04,18.7658634185791,18.798245468384025,18.458225452691224,18.50680084360073,2876000
2019-03-05,18.838726043701172,18.91158759011893,18.68490705191537,18.701098849815946,2368200
2019-03-06,18.903488159179688,19.000635840162087,18.765860991009166,18.82253072893799,2136600
2019-03-07,18.895397186279297,19.113981841659264,18.846823333128732,18.895397186279297,1997300
2019-03-08,18.97635269165039,19.004687565093807,18.846821400441975,18.85491729915935,1300700
2019-03-11,19.049211502075195,19.089689445717983,18.907535611056304,19.008732014297838,1868800
2019-03-12,19.041114807128906,19.271842473326586,19.020875836155067,19.024923012696032,3413300
2019-03-13,19.146360397338867,19.2516055280924,19.08159475692695,19.08159475692695,1585700
2019-03-14,19.316375732421875,19.316375732421875,19.1220787652792,19.203034676820707,1144800
2019-03-15,19.308271408081055,19.433753942702335,19.17874015316817,19.389228828435197,2977300
2019-03-18,19.05730628967285,19.437804187811178,18.871103745011176,19.30827292273709,2696600
2019-03-19,18.86301040649414,19.194934511285282,18.84277143310633,19.08969092318784,5698100
2019-03-20,18.86301040649414,18.99659041029615,18.741575022032574,18.838724256082642,19517100
2019-03-21,19.308271408081055,19.356845242639796,18.782050491980666,18.8711022646493,7505500
2019-03-22,19.445899963378906,19.502569698477885,19.23136255233131,19.332558949046476,9592300
2019-03-25,19.48638343811035,19.551149088634684,19.316374184534574,19.47019163944554,4791800
2019-03-26,19.69687271118164,19.70496861072894,19.526863453093135,19.591629105336608,2952600
2019-03-27,19.551149368286133,19.753542222086477,19.466144740282374,19.68068067118756,3935900
2019-03-28,19.5754337310791,19.63210347342538,19.38923270790285,19.60781577921926,2497300
2019-03-29,19.69687271118164,19.72925630937085,19.559245507147395,19.591629105336608,7453900
2019-04-01,19.69687271118164,19.785926062067016,19.409475225859676,19.745446564330503,2259000
2019-04-02,19.76163101196289,19.794014598105186,19.543046437905534,19.7211530734194,3122000
2019-04-03,19.818307876586914,19.955935078957722,19.709015550221718,19.80211607768801,1917600
2019-04-04,19.785917282104492,19.85877880156311,19.675815876561376,19.818299321789286,1970800
2019-04-05,19.842592239379883,19.850688137468406,19.656391215747835,19.76163480262931,2732000
2019-04-08,19.721153259277344,19.826396826962895,19.595669177994917,19.769727094814183,1363700
2019-04-09,19.48638343811035,19.704968087680562,19.47828753877795,19.672584490350943,3133600
2019-04-10,19.63210105895996,19.737344632640372,19.518761588206527,19.5916231177293,3828100
2019-04-11,19.834497451782227,19.834497451782227,19.607816925016202,19.696870264841206,2256300
2019-04-12,20.142135620117188,20.170472039534946,19.721159668428236,19.85069096804559,3221000
2019-04-15,20.190711975097656,20.22309402947344,20.036892970441528,20.117850422583434,2146300
2019-04-16,19.721153259277344,20.174512660601422,19.70091274568047,20.15832086737768,1861900
2019-04-17,19.559246063232422,19.850692278681564,19.534958363899996,19.7373512259319,1401900
2019-04-18,19.745441436767578,19.8061598955373,19.478282997623,19.59971837102789,2010000
2019-04-22,19.421613693237305,19.70496393359764,19.247555754621725,19.664485989603843,2059400
2019-04-23,19.656391143798828,19.753538832236185,19.397327038318323,19.470188576713674,1917700
2019-04-24,19.947837829589844,19.959982450009633,19.704967039081684,19.729254735786434,1514300
2019-04-25,20.053083419799805,20.057130597273726,19.858786474219535,19.96403007402494,1730200
2019-04-26,20.239286422729492,20.287860277786237,20.06927715796337,20.109755113154822,1970300
2019-04-29,20.028791427612305,20.344523703458304,19.955929895627147,20.279758068819778,1356400
2019-04-30,20.12594223022461,20.166420175998145,19.834496079424266,19.972123256842803,2803700
2019-05-01,20.061176300048828,20.33238192990108,20.02474553172625,20.190707577610297,1952100
2019-05-02,20.044986724853516,20.255475460241975,19.980221078898204,20.101656472047562,1639900
2019-05-03,20.150224685668945,20.210943137331707,19.980215491628197,20.09355495432203,1808300
2019-05-06,20.11784553527832,20.251423986347024,19.980218363311863,19.980218363311863,1928400
2019-05-07,19.923551559448242,20.506442379708997,19.915455660594432,20.125944398388967,4385000
2019-05-08,19.785917282104492,20.16641512717283,19.737341906375907,20.00450029634607,2236500
2019-05-09,19.980222702026367,20.069276051499873,19.66449034536201,19.8264037013362,1805600
2019-05-10,20.263568878173828,20.328334516200005,19.899261199192438,19.939739143908323,2502900
2019-05-13,20.109756469726562,20.271671389684922,19.99641695223678,20.101660569315133,2208200
2019-05-14,20.15044403076172,20.362040154010433,20.012092779109043,20.199273427739563,2653300
2019-05-15,20.32134246826172,20.431209747390326,20.093470972817027,20.19112974164814,1855700
2019-05-16,20.59804916381836,20.62246463720879,20.264378788774824,20.264378788774824,2791400
2019-05-17,20.63060188293457,20.655015802592743,20.329483938330686,20.52480305688792,2355600
2019-05-20,20.45155906677246,20.67943215761632,20.410868164098904,20.67943215761632,2447200
2019-05-21,20.703847885131836,20.76081577047862,20.50445873415964,20.60618754435274,2091600
2019-05-22,20.695711135864258,20.77709450131992,20.55735988026721,20.687572644092832,1261300
2019-05-23,20.777095794677734,20.829993666096968,20.60619056135627,20.60619056135627,1592700
2019-05-24,20.972410202026367,21.013101101940816,20.85033595002469,20.85033595002469,1328900
2019-05-28,20.67943572998047,21.159595915316423,20.61432934310061,21.151457422924103,3782400
2019-05-29,20.565492630004883,20.73639625271152,20.475970797772938,20.549215651006683,19192800
2019-05-30,20.687572479248047,21.025311347648746,20.581775191579723,20.679433987541472,8673000
2019-05-31,20.858476638793945,20.899169098283696,20.557360199862845,20.557360199862845,10956900
2019-06-03,20.996824264526367,21.118900069620423,20.825920621008034,21.013101245506686,6791400
2019-06-04,21.23283576965332,21.24911275058587,20.785229659816526,21.029378164771444,7788200
2019-06-05,21.420019149780273,21.476987038116093,20.996826904630563,21.22470001023238,5971400
2019-06-06,21.63974952697754,21.68857891423947,21.322356181387622,21.485121323013477,3119900
2019-06-07,21.688581466674805,21.753687841438882,21.485123851504763,21.696719957552617,5976800
2019-06-10,21.802522659301758,21.924596939635112,21.542095561729592,21.924596939635112,2706800
2019-06-11,21.924592971801758,21.93679993194831,21.63975200106762,21.786241731859942,3597000
2019-06-12,21.94900894165039,22.042599266782897,21.875764069414767,21.940870450039927,2813900
2019-06-13,22.046667098999023,22.058874059073023,21.78624160236436,21.957145252433957,2840400
2019-06-14,22.225706100463867,22.258260059074118,21.957142150962042,21.965280640614605,3654600
2019-06-17,22.364059448242188,22.416958859888748,22.095495473183366,22.274539158061465,3049100
2019-06-18,22.388477325439453,22.57565796860111,22.258264569130603,22.4128927993443,3888500
2019-06-19,22.58379554748535,22.665178904955003,22.339647027334827,22.48613520807008,3580500
2019-06-20,22.526832580566406,22.718083279531562,22.473933153824365,22.640768374541167,3805900
2019-06-21,22.095491409301758,22.38847080175587,21.892033842821526,22.258258083389162,13641600
2019-06-24,21.95714569091797,22.176880290188468,21.95714569091797,22.119912405694286,6156800
2019-06-25,22.03038787841797,22.24198396099345,21.892036653359316,21.92459061325935,12452300
2019-06-26,21.517675399780273,22.11990968681524,21.460707522288324,22.11990968681524,4958100
2019-06-27,21.590919494628906,21.810652506871612,21.533950066890828,21.63974888043193,4871300
2019-06-28,21.753692626953125,21.843214494044222,21.521751018815976,21.615341356111777,9175700
2019-07-01,21.835071563720703,21.916454921603666,21.493262702419013,21.883900957547105,3556700
2019-07-02,22.1768798828125,22.20943384607314,21.867624993128445,21.88390042250036,20650300
2019-07-03,22.372201919555664,22.41289437893161,22.217573678444275,22.258266137820225,1716500
2019-07-05,22.298954010009766,22.36406038389158,21.973422140600693,22.26640159919806,4258600
2019-07-08,22.46986198425293,22.51055289085317,22.148398544431824,22.21757339610395,6187500
2019-07-09,22.746559143066406,22.75469608066492,22.372196370947766,22.46985669697035,6863800
2019-07-10,22.803529739379883,22.92153552798869,22.70586940171022,22.795391248552544,4503400
2019-07-11,22.648900985717773,22.88491255738693,22.48613427751433,22.827943122934865,4166500
2019-07-12,22.72214698791504,22.74656246104666,22.567518762598336,22.632625138690877,7540900
2019-07-15,22.787248611450195,22.925599825824325,22.73109412154008,22.80352559014318,2673500
2019-07-16,22.754703521728516,22.868640864723456,22.66518320854666,22.787257491800993,3199000
2019-07-17,22.648900985717773,22.88491255738693,22.518688240058367,22.836081613570872,3857200
2019-07-18,22.54311180114746,22.673324593531333,22.482073875604243,22.65704760641862,2906800
2019-07-19,21.99783706665039,22.526826535336504,21.940867632692377,22.388475300240902,4185500
2019-07-22,22.103635787963867,22.144326691199186,21.79519427093577,21.973423034900687,3198500
2019-07-23,22.29081153869629,22.339642474581538,22.03038608967409,22.168737303499398,2979500
2019-07-24,22.119909286499023,22.30708989551598,22.062941410038057,22.282674426064904,3367300
2019-07-25,22.21756935119629,22.30709119212887,22.062942692459668,22.21756935119629,5426400
2019-07-26,22.2745361328125,22.36405641083489,22.152460345245213,22.266397643490805,3903200
2019-07-29,22.437305450439453,22.600072162737817,22.31116272305371,22.347783603449514,3282600
2019-07-30,22.59193992614746,22.71401421803652,22.37220526939184,22.469865634258397,4202900
2019-07-31,22.35592269897461,22.8808437304636,22.225709946517277,22.844221296818823,4627000
2019-08-01,22.33964729309082,22.518689439847222,22.10363570884704,22.404753669389372,3458100
2019-08-02,22.518688201904297,22.60007155586813,22.298953611879465,22.396613947087737,1952100
2019-08-05,22.071083068847656,22.42102886767613,21.826932996056158,22.42102886767613,2890900
2019-08-06,22.28267478942871,22.42102601405782,22.018180851224223,22.079217197459915,3471000
2019-08-07,22.45358657836914,22.608214828380184,21.989703380594708,22.24199043421158,2662100
2019-08-08,22.665180206298828,22.697732619800657,22.33150981854783,22.46172257707219,2740800
2019-08-09,22.665180206298828,22.705871111240743,22.48206802954315,22.632626240538475,2441900
2019-08-12,22.56751823425293,22.827943732526073,22.534965823097995,22.6977309833895,2172200
2019-08-13,22.68145751953125,22.689594458831326,22.33151014380314,22.48613682664136,3104400
2019-08-14,22.575162887573242,22.771397360814852,22.485221502512644,22.591514590693652,4373500
2019-08-15,22.771400451660156,22.828635319182702,22.56698931934639,22.66510578951842,3457700
2019-08-16,23.155689239501953,23.237453991694654,22.771396931589077,22.804101896746396,5304800
2019-08-19,23.368276596069336,23.417334822783854,23.07801321200349,23.237453618475353,2490300
2019-08-20,23.25380516052246,23.477839843975687,23.237451899649603,23.433686351525527,1934900
2019-08-21,23.351924896240234,23.38054232703263,23.139337153544577,23.27833677147893,3501400
2019-08-22,23.736221313476562,23.809809446082276,23.278339252922525,23.376457282907868,2963300
2019-08-23,23.376455307006836,23.817982505787736,23.351925411700602,23.768924274708315,3525400
2019-08-26,23.728044509887695,23.74439777468951,23.36010384951275,23.499103481261823,3952200
2019-08-27,23.760744094848633,23.956978549396514,23.687155979451575,23.85068547134122,4832600
2019-08-28,23.50727653503418,23.748481695774977,23.466394938786422,23.719864266494962,3456800
2019-08-29,23.654455184936523,23.77710154569882,23.523632192185662,23.654455184936523,2969900
2019-08-30,23.51545524597168,23.70351310059648,23.40098551872755,23.638101605095112,3674400
2019-09-03,23.817975997924805,23.92427062234222,23.490918614203192,23.515448502807047,3329700
2019-09-04,23.744396209716797,23.98151229558229,23.654454818767952,23.940630695805396,3086200
2019-09-05,23.392805099487305,23.777097378398214,23.343745316154394,23.69533263237618,3215600
2019-09-06,23.531808853149414,23.572690453609486,23.384632596240202,23.392809228238832,3063400
2019-09-09,23.188400268554688,23.62175088814866,23.14751710475029,23.490927883041056,2464500
2019-09-10,22.8695125579834,23.073923651292436,22.329867396410165,23.073923651292436,3994500
2019-09-11,22.71415901184082,22.828628713764335,22.485218048461075,22.795922193481776,1935400
2019-09-12,22.844985961914062,23.024867176271513,22.648751484560574,22.894044191369186,2156600
2019-09-13,22.771400451660156,22.975811583973922,22.632400819305467,22.885870186705247,1811500
2019-09-16,23.049396514892578,23.10663137446541,22.714162429223446,22.77139728879628,2523100
2019-09-17,23.294689178466797,23.519541080513978,23.15568956564133,23.163866196929057,4020200
2019-09-18,23.302867889404297,23.384632650045667,23.05757516701328,23.343749489958434,27726700
2019-09-19,23.687156677246094,23.830245376747953,23.351922612576278,23.351922612576278,6549600
2019-09-20,23.916099548339844,23.96515777741079,23.662630212018126,23.670806843452116,15380700
2019-09-23,23.580862045288086,23.940625978664304,23.556332154535358,23.793449753213455,4510700
2019-09-24,23.768924713134766,23.854777008990595,23.597220121423106,23.621748457648728,3044800
2019-09-25,24.03874969482422,24.12051446253607,23.79754448781753,23.85069182076022,5529200
2019-09-26,24.292217254638672,24.341277047317153,24.06327779360489,24.136865923089495,4670100
2019-09-27,24.210453033447266,24.46392238015062,24.063276780673366,24.365804358457005,8033000
2019-09-30,24.210453033447266,24.324922759145608,24.09598174821587,24.1859231381406,3544300
2019-10-01,24.23497772216797,24.29221257640403,23.850685444059543,24.153214535849486,3357400
2019-10-02,24.35762596130371,24.373977663076364,24.091890923454436,24.243154691698123,3485600
2019-10-03,24.44757080078125,24.553865461566286,24.275866200405176,24.308571170200697,3824100
2019-10-04,24.602920532226562,24.63153796194253,24.43121439439779,24.44756765695919,3023500
2019-10-07,24.47210121154785,24.55386597705296,24.292218415529977,24.55386597705296,2524300
2019-10-08,24.284042358398438,24.627453111975914,24.239071661216496,24.521158453267127,3672700
2019-10-09,24.684688568115234,24.811422470986987,24.43939427567345,24.480277437513664,4583200
2019-10-10,24.81551170349121,24.893187372115303,24.586570674525706,24.6683354391229,5579000
2019-10-11,24.733745574951172,24.987214927645045,24.55386435038344,24.84003867139277,3062200
2019-10-14,24.725570678710938,24.848217047686514,24.64380591288282,24.725570678710938,2933400
2019-10-15,24.872745513916016,24.880922145981597,24.684687655006954,24.717392623736174,3422200
2019-10-16,24.92180061340332,24.946330506515967,24.71738951606333,24.872742386710936,4133000
2019-10-17,24.864564895629883,25.04444609363529,24.856388264875154,24.954506274399012,3787600
2019-10-18,25.248857498168945,25.248857498168945,24.82368361036118,24.913623430716907,4715400
2019-10-21,25.420564651489258,25.428741282675258,25.154829596309533,25.26521177802113,2696100
2019-10-22,25.134387969970703,25.60862164640287,25.105770541529072,25.494151932636345,3152500
2019-10-23,25.21615982055664,25.26521806033827,25.028101935115952,25.16710158077501,2330400
2019-10-24,25.257036209106445,25.363330859462096,25.10168488863742,25.240684505579654,1853200
2019-10-25,25.257036209106445,25.338800964872405,25.085331625577624,25.240684505579654,2154000
2019-10-28,25.16709327697754,25.314267947762644,25.06488773476041,25.16709327697754,2007000
2019-10-29,25.183448791503906,25.289743444842127,25.01174420315715,25.08533232945806,3402300
2019-10-30,24.905447006225586,25.297917492925098,24.60291945969281,25.101683029341785,5581700
2019-10-31,25.175275802612305,25.26521564034163,24.79261782608802,24.856393375742144,3856100
2019-11-01,25.21615982055664,25.518687451998904,24.954513795676846,25.28157132677659,4281100
2019-11-04,24.85638999938965,25.234141633234053,24.8318616649467,25.224330611363467,3053900
2019-11-05,24.226802825927734,24.782801266078824,24.14503963375616,24.741919669993038,5461100
2019-11-06,24.529333114624023,24.553863009170527,24.292215479273487,24.414863392473006,3948400
2019-11-07,24.136865615844727,24.459835562301198,24.100071551570785,24.39033496999127,1794900
2019-11-08,24.128684997558594,24.316742824097393,24.038743619851846,24.038743619851846,2006900
2019-11-11,24.087806701660156,24.357630889191405,24.079631628886315,24.21863125903886,2175000
2019-11-12,24.04673957824707,24.5066494486596,23.972825296125126,24.153503782175896,4284000
2019-11-13,24.498435974121094,24.57235025442531,24.08780177973995,24.14529031632209,2527200
2019-11-14,24.6380558013916,24.65448154787276,24.48201434271141,24.498440089192567,1996500
2019-11-15,24.629840850830078,24.638053723377972,24.48201227785857,24.638053723377972,2451000
2019-11-18,24.629840850830078,24.913177904728627,24.531289513145918,24.613415105734294,4350700
2019-11-19,24.5805721282959,24.76946355094107,24.453274917498128,24.63806068593176,3438700
2019-11-20,24.68733024597168,24.974774529307375,24.57235315921553,24.695543118803595,4941700
2019-11-21,24.079593658447266,24.736609438944235,23.907128014675784,24.720183691981585,30028400
2019-11-22,24.342397689819336,24.408099106759582,23.80857348137415,24.178144930691385,10545500
2019-11-25,24.74481964111328,24.810521059584836,24.301335458041624,24.375249749627798,14105700
2019-11-26,25.04047203063965,25.71391183311643,24.757135011240052,24.88443060411976,13205300
2019-11-27,24.925498962402344,25.13081608471794,24.74481889223961,24.98298750601946,4785300
2019-11-29,25.073326110839844,25.16366457432269,24.925497540573968,24.941923285369118,8467400
2019-12-02,24.77766990661621,25.0815399310283,24.753031288492434,25.03226269478074,4657600
2019-12-03,24.70375633239746,24.83105351338007,24.592884897305254,24.744819130678124,4399000
2019-12-04,24.74481964111328,24.84747820537792,24.58056687815708,24.638055423514018,3285400
2019-12-05,24.490224838256836,24.785881980431448,24.33418339472632,24.68732907755816,5314300
2019-12-06,24.662691116333008,24.70375391058812,24.4080967793267,24.55592534495741,3928500
2019-12-09,24.753034591674805,24.769460339282602,24.465591840765914,24.73661041051252,2919400
2019-12-10,24.531295776367188,24.769462875282734,24.49023140314336,24.744824251348433,3103800
2019-12-11,24.1945743560791,24.666804469659564,24.026214340762237,24.531295953158516,4935100
2019-12-12,23.65253257751465,24.235634037028255,23.46364119523441,24.161719745449833,4334900
2019-12-13,23.8414249420166,24.120656355260326,23.480066366093187,23.97282777572596,5081600
2019-12-16,23.964616775512695,24.03031819750157,23.648428192677027,23.792149563763484,5367100
2019-12-17,23.562196731567383,24.128870941549668,23.463643809666458,24.096021011879728,5600700
2019-12-18,23.693593978881836,23.767508261213163,23.5375525421329,23.5375525421329,6066700
2019-12-19,24.00567626953125,24.01388914195404,23.61968066433164,23.734657745360195,4669900
2019-12-20,24.20277976989746,24.227418386414087,23.915337076096165,24.120654181065774,7176800
2019-12-23,23.964616775512695,24.260273957685364,23.931765281295526,24.227422463468194,2752200
2019-12-24,23.981033325195312,24.071371766754176,23.866054705978343,23.989244629154868,1206700
2019-12-26,24.169931411743164,24.178144284446848,23.931762802672306,24.01388996326382,1261300
2019-12-27,24.235633850097656,24.235633850097656,24.110800686044023,24.186358178240567,1397600
2019-12-30,24.440948486328125,24.440948486328125,24.16992996906466,24.252057124754085,2715400
2019-12-31,24.613418579101562,24.613418579101562,24.367038633677534,24.457378678007572,7373600
2020-01-02,24.20277976989746,24.761242546046034,24.120654181065774,24.7283926238024,2527700
2020-01-03,24.70375633239746,24.720182078287863,24.112443578351034,24.128867757796094,2697800
2020-01-06,24.794097900390625,24.88443637547922,24.531292215686634,24.703757858856587,2945800
2020-01-07,24.260276794433594,24.687335304074395,24.104235311547075,24.679122429559776,3194200
2020-01-08,24.506650924682617,24.539500848468027,24.21099377838755,24.29312093751899,4649800
2020-01-09,24.498435974121094,24.670903150312647,24.342394541651622,24.51486171784317,2160000
2020-01-10,24.68733024597168,24.740713136156458,24.490225997341714,24.596991777711274,3196600
2020-01-13,24.794097900390625,24.822842174252283,24.60931216381893,24.679119238498547,3588900
2020-01-14,24.531295776367188,24.736612943149336,24.354722887618887,24.72840006850457,3511400
2020-01-15,24.711971282958984,24.925501298150365,24.596994184950347,24.596994184950347,3514500
2020-01-16,25.073326110839844,25.106176033984905,24.68732894038,24.785881842705663,2194900
2020-01-17,25.04047203063965,25.16776918996444,24.94192070495504,25.048684902187546,2572200
2020-01-21,25.385414123535156,25.40594552672035,25.015842600419113,25.07333272236156,3589000
2020-01-22,25.5825138092041,25.80425668316297,25.344346755520608,25.516812390969477,5234600
2020-01-23,25.754976272583008,25.771400449285842,25.393617755554242,25.45110629012687,5168100
2020-01-24,25.738555908203125,25.943873041123414,25.623578815030292,25.78783158149928,2554000
2020-01-27,25.62357521057129,25.705700799030502,25.483959517167367,25.590723722031456,2148600
2020-01-28,25.697492599487305,25.796043944128684,25.54966401607986,25.64000248759356,2483800
2020-01-29,25.722131729125977,25.812471774378746,25.53324033127519,25.804258900587996,2810900
2020-01-30,25.878173828125,25.976725183121722,25.640005181732757,25.689282425676662,1808000
2020-01-31,25.845321655273438,26.075277421652483,25.693387406539415,25.87817315037566,4045000
2020-02-03,25.796045303344727,26.09991535929847,25.787832429784302,26.058850991496364,2561100
2020-02-04,26.05885124206543,26.120447011138133,25.82889704594435,25.837108353138266,2719900
2020-02-05,25.796045303344727,26.054745337938886,25.77961955622388,25.993149569458456,2449400
2020-02-06,25.919240951538086,26.05064382439805,25.77962520331865,25.84532663974863,1773400
2020-02-07,25.878173828125,26.001363805093675,25.812472402645337,25.976725183121722,1675100
2020-02-10,26.214893341064453,26.243637616273382,25.96030051788016,26.00957619446039,2128300
2020-02-11,26.0581111907959,26.351037649523715,26.02510616846656,26.165379480667657,3271300
2020-02-12,26.256149291992188,26.4211791455627,25.987977747241757,26.033359461824393,3555100
2020-02-13,26.693477630615234,26.751237611328524,26.223146134258247,26.223146134258247,2742800
2020-02-14,26.85850715637207,26.875010457464768,26.598587246448453,26.726483895313322,4284800
2020-02-18,26.90801239013672,26.982275658325083,26.67697251029839,26.833749121948358,3292800
2020-02-19,26.214893341064453,26.70172969134608,26.15713336286856,26.63571648901778,5133000
2020-02-20,26.025104522705078,26.247892737402655,25.888954682873365,26.025104522705078,3544300
2020-02-21,25.90133285522461,26.206637572651815,25.777561267991302,26.00035106931593,3203400
2020-02-24,25.785816192626953,25.996227760268606,25.579529663085935,25.587781313128534,2575500
2020-02-25,25.125699996948242,25.86007954051102,25.113321734929535,25.802319563894798,2951100
2020-02-26,24.432571411132812,25.191705727207133,24.34592989264665,25.059682504745595,4510400
2020-02-27,23.879730224609375,24.68424804246457,23.871478574178283,24.110770141314305,6429000
2020-02-28,23.673439025878906,23.978742162531567,22.50998329939383,23.516660846228543,10703000
2020-03-02,24.6306095123291,24.651237848480097,23.73120020634337,23.813715124788523,4701000
2020-03-03,24.589353561401367,25.21646479674262,24.218038754500714,24.671868487548615,5045300
2020-03-04,25.35673713684082,25.42274875632014,24.88640415132053,24.88640415132053,4235000
2020-03-05,24.919410705566406,25.307228772617172,24.74612922107741,24.993673974084384,3316600
2020-03-06,24.37481689453125,24.63473678654535,23.669315772923714,24.37481689453125,5847900
2020-03-09,22.650257110595703,23.413516489983884,22.44397062169717,23.19485331538056,7718300
2020-03-10,23.483654022216797,23.491905670943382,22.18817507512318,23.03807600786866,6802600
2020-03-11,22.25419044494629,23.046331544065623,21.8209890436948,22.98031991695912,8298800
2020-03-12,21.189748764038086,22.509982630969752,18.153211342247562,20.826684096517642,6571700
2020-03-13,22.32019805908203,22.402712971590052,20.67815775292075,22.0478999494943,6259100
2020-03-16,17.064022064208984,20.546138134391303,17.05577041412346,20.546138134391303,5565700
2020-03-17,18.2357234954834,18.697804728165465,16.535923494879484,17.73238402623279,7090900
2020-03-18,15.925315856933594,17.74063753674117,14.143000769847339,17.278556255529427,6894000
2020-03-19,15.265203475952148,16.197617914695787,14.73711045392682,15.892314726527902,7939200
2020-03-20,14.184261322021484,15.603511989639633,13.920214832589384,15.446733796348866,8349800
2020-03-23,13.309602737426758,14.019228718410371,12.905282220296828,13.96972040485179,6447300
2020-03-24,14.968147277832031,15.067165485965706,13.829446540420406,14.068738051495165,5961100
2020-03-25,15.578756332397461,16.26362747339809,14.671096959723755,14.95164673544364,7556300
2020-03-26,16.445159912109375,16.55242819883848,15.240445942481184,15.73553385364563,5889100
2020-03-27,17.17129135131836,17.74064264910476,15.776795457647573,15.90056706833816,5621800
2020-03-30,17.484844207763672,17.649872463714683,16.552428344968124,17.328066026845278,5653800
2020-03-31,17.63337516784668,17.938678383635445,16.684455769014015,17.24555544259947,8787300
2020-04-01,16.733963012695312,17.07227277845005,15.870034339578945,17.07227277845005,5575600
2020-04-02,16.874237060546875,16.95675040504857,16.255377533737203,16.42040579658175,4727700
2020-04-03,15.983081817626953,16.84948465641221,15.570508737473707,16.65144976679962,5347900
2020-04-06,17.699386596679688,17.839661513452196,16.589563951854363,16.63494724461039,6175200
2020-04-07,17.82315444946289,18.970106920242316,17.69113121140948,18.689557145918535,3856800
2020-04-08,19.019615173339844,19.135136686606163,17.64162125395221,18.09545251025611,3462300
2020-04-09,20.05929946899414,20.356352542244082,19.34142330709497,19.50645156813516,5019300
2020-04-13,19.522953033447266,19.968532601488217,19.407433104180797,19.927274359720908,3274800
2020-04-14,19.968538284301758,20.34810477353522,19.73337174774593,19.96028663359997,6526900
2020-04-15,19.646730422973633,19.886023574488863,19.143392315242693,19.341427212785575,5043700
2020-04-16,18.83808708190918,19.613724925833623,18.359502364134826,19.55596494549142,9798100
2020-04-17,19.654979705810547,19.803506254534156,19.0443717851567,19.37442990796401,4997100
2020-04-20,18.35124969482422,19.588968886619533,18.318244668107173,19.3496773279366,5211600
2020-04-21,17.460094451904297,18.227480713046205,17.369327861150264,17.86441592387165,5345600
2020-04-22,18.219226837158203,18.475021701692523,17.58386392714071,17.757145436164286,4905400
2020-04-23,17.81490135192871,18.446137505914518,17.77364468358179,18.400754226428294,3088700
2020-04-24,17.971681594848633,18.16558984702608,17.501347022770993,17.963429945460476,2328700
2020-04-27,18.63180160522461,18.714316542084045,17.979936909102232,18.10370852747063,1688100
2020-04-28,18.813331604003906,19.353802899225794,18.557536737995388,19.126888022580754,3815400
2020-04-29,19.720989227294922,19.91077243094019,18.871089848430845,19.613720939012282,4099400
2020-04-30,19.514705657958984,19.712740540280034,19.06912756619696,19.55596390876004,3274400
2020-05-01,18.871091842651367,19.234154990468202,18.56166205772306,18.970108492477316,2049400
2020-05-04,18.80508041381836,18.87934211503987,18.359500763441577,18.565787288873505,2603900
2020-05-05,19.399181365966797,19.54770788795911,19.07737495087744,19.07737495087744,4182700
2020-05-06,19.019615173339844,19.506451452119023,18.895843584835557,19.357924916377424,3978500
2020-05-07,20.306840896606445,20.612143995158092,18.953600564123903,18.97835550745548,5438300
2020-05-08,20.57088851928711,20.917449876758937,20.37285368270906,20.595641890208753,3438700
2020-05-11,20.892696380615234,21.231006113289947,20.298591829688174,20.298591829688174,4841600
2020-05-12,20.021133422851562,21.000607077065553,19.97962929562603,20.934202056725272,4369700
2020-05-13,19.89661979675293,20.261848148329694,19.606098863564945,19.846816434380752,5094900
2020-05-14,19.938119888305664,19.975472798340334,18.888088787651057,19.581192433134376,5074300
2020-05-15,20.004528045654297,20.058482609386914,19.464987157988947,19.75550807834856,3738000
2020-05-18,21.1002140045166,21.307729877266283,20.46936556137111,20.817992290919396,4692600
2020-05-19,20.9507999420166,21.274524160088216,20.776487388661202,20.934198294110292,4143500
2020-05-20,20.510866165161133,21.299427040410066,20.270148598784502,21.241322854843993,6259900
2020-05-21,20.9425048828125,20.98400901400293,20.286755442210914,20.286755442210914,4130300
2020-05-22,21.125120162963867,21.179073159368272,20.75989171993486,20.975708455214694,3831100
2020-05-26,21.68956184387207,21.92198022903769,21.174923282519178,21.2496291354931,5674700
2020-05-27,21.805761337280273,22.295498767508917,21.407331368585094,22.245693834007053,3494200
2020-05-28,21.74765968322754,22.278899703007827,21.274522259488055,22.087985518801805,4483100
2020-05-29,21.830671310424805,22.121193877270432,21.30773195667917,21.53184950109328,7669300
2020-06-01,23.167070388793945,23.29157958763958,21.838968573592993,22.03818360839008,5266500
2020-06-02,22.901451110839844,23.03426113849425,22.619229406269127,22.660731946203477,9389100
2020-06-03,23.092369079589844,23.573805903862922,22.9512582043777,23.10897073154908,4663900
2020-06-04,23.017658233642578,23.12971698521712,22.569424810564737,22.926352334123578,3220200
2020-06-05,23.78961944580078,24.5823300137245,23.631906939736766,23.76471697119474,6014100
2020-06-08,24.23785972595215,24.503479846255054,23.922434645676844,24.19635559264182,3591500
2020-06-09,23.623605728149414,23.959782005335708,23.42439068422361,23.706612392256943,3094600
2020-06-10,22.876543045043945,23.60699960181204,22.61092305466283,23.499090491207195,3852900
2020-06-11,21.847272872924805,22.170997158058405,21.548449481588797,21.847272872924805,4848000
2020-06-12,22.967857360839844,23.075764920409178,22.241551790354762,22.693936466157147,5804500
2020-06-15,23.548898696899414,23.67340788677783,22.063084492452262,22.18759368233068,5143300
2020-06-16,23.963937759399414,24.378969575519648,23.61531097052959,24.378969575519648,4107100
2020-06-17,23.573801040649414,24.14654524932197,23.30818099698108,24.14654524932197,3329700
2020-06-18,23.53230094909668,23.889228513592016,22.884850837926958,23.357986787803846,9212900
2020-06-19,23.10896873474121,23.789620574049078,22.760341989824923,23.706613904646048,11672300
2020-06-22,23.36628532409668,23.424389511095878,22.685633562299774,23.075762805880345,3930300
2020-06-23,23.20857048034668,23.67340709575033,23.191970416612417,23.548897910032288,4069100
2020-06-24,22.635828018188477,23.108963876123074,22.15024013336809,22.876545567304237,4488500
2020-06-25,23.08406639099121,23.108968866920716,22.478120392358104,22.55282623692608,3145800
2020-06-26,22.602628707885742,23.1089679491323,22.56527578708525,22.967857090910496,6184900
2020-06-29,22.486421585083008,22.835048337689745,22.179297376483035,22.718839947894356,3018100
2020-06-30,22.851648330688477,22.951255062366442,22.511322428217927,22.519621669840713,5083100
2020-07-01,23.573801040649414,23.640206051566494,22.677332601658616,22.843345920561497,4271400
2020-07-02,23.432689666748047,23.984682593929694,23.13469752340396,23.864323019597112,4984300
2020-07-06,23.299880981445312,23.914127749553728,23.245926413446078,23.88092603455294,2130400
2020-07-07,22.793540954589844,23.30818097615261,22.772789685550613,23.059162581241157,2838900
2020-07-08,22.884851455688477,23.050864796332547,22.702238047556442,22.793543960012183,2331400
2020-07-09,22.718839645385742,22.901453053092737,22.49472211100406,22.82674720829884,1561200
2020-07-10,22.868244171142578,23.03425747088749,22.65657871802697,22.718834101236354,2437300
2020-07-13,22.478118896484375,23.046711934994768,22.46151724696951,22.934653175600086,2052200
2020-07-14,22.635828018188477,22.752036380987793,22.32870388093573,22.461513890769297,3737600
2020-07-15,22.901451110839844,23.009358664601393,22.660731946203477,22.918052760101748,3126300
2020-07-16,22.735435485839844,22.97615462613666,22.58602382403082,22.71883542147682,2099900
2020-07-17,23.258378982543945,23.32478399730955,22.66903309118133,22.835046419705556,2532700
2020-07-20,23.00935935974121,23.241777706768257,22.843347611768,23.20027516558007,1588600
2020-07-21,22.959556579589844,23.200275757641677,22.826746544533833,23.200275757641677,3598400
2020-07-22,23.573801040649414,23.66510852436803,22.835045096294316,22.835045096294316,2012500
2020-07-23,23.200279235839844,23.615311053416796,22.98446250071334,23.45759851943575,2396000
2020-07-24,22.851648330688477,23.266680073527727,22.74373919094682,23.150470108942827,2516000
2020-07-27,23.250078201293945,23.30818239142,22.56112557810419,22.71053725741144,2778000
2020-07-28,23.67340850830078,23.76471440555797,23.150467680573765,23.167069328518814,1808400
2020-07-29,24.362361907958984,24.378963556477906,23.818669793116822,23.831120237895846,3207500
2020-07-30,24.752490997314453,24.872850573509375,23.91412675088482,24.013735058168283,2768800
2020-07-31,24.752490997314453,24.7939951183577,24.063538420199848,24.744190173105803,3504300
2020-08-03,24.619688034057617,24.74419726643933,24.154852827662857,24.644590513822273,2586600
2020-08-04,24.627981185913086,25.08451542345144,24.470268696325896,24.611379537910164,3212800
2020-08-05,24.42046356201172,24.773239848742012,24.30425520087142,24.752488581855555,1932400
2020-08-06,24.34575843811035,24.586477573965276,24.19634677905836,24.279353432222823,2814700
2020-08-07,25.06791877746582,25.105271698956496,24.283507426161655,24.287658630338683,2647000
2020-08-10,24.926809310913086,25.345990712670368,24.893606008521708,25.117723550001728,2456400
2020-08-11,24.493005752563477,25.193759435866724,24.44295078149306,25.193759435866724,3667300
2020-08-12,24.901779174804688,25.13536268174474,24.70156405835537,25.001885937445195,3174500
2020-08-13,24.342845916748047,24.993544679636937,24.30113343760877,24.818357040757125,2976800
2020-08-14,23.917387008666992,24.3261597372615,23.888189070279406,24.28444885132732,4177000
2020-08-17,24.693222045898438,24.764130871558297,23.87567657328183,23.92572995558104,4110300
2020-08-18,24.409582138061523,24.751616480977212,24.296960841076856,24.609797246755956,2001700
2020-08-19,23.942415237426758,24.50134971858718,23.88401776767227,24.44295224883269,2247400
2020-08-20,23.984130859375,24.29279689576639,23.82562659251625,23.9257349692609,2678200
2020-08-21,24.267765045166016,24.376214308590033,23.80476686932025,24.059207422977355,2345600
2020-08-24,24.284448623657227,24.284448623657227,23.65043329815821,24.184340270718103,3531500
2020-08-25,24.142627716064453,24.409581183888463,23.82561927964731,24.359527806463507,2768100
2020-08-26,23.775571823120117,24.138461684366856,23.696320489863737,24.10092124415729,2776300
2020-08-27,24.04252052307129,24.25107812870677,23.825620422270198,23.825620422270198,2562800
2020-08-28,23.90904426574707,24.11343142351272,23.850648389576396,24.067548494759105,3162800
2020-08-31,23.88401985168457,24.03418160467613,23.7338596898615,23.909047340905992,2788300
2020-09-01,24.000812530517578,24.20102766511344,23.742199922725533,23.86733577412034,4769400
2020-09-02,24.484663009643555,24.509688903757286,23.86733269320237,23.959096956899792,3156100
2020-09-03,24.04252052307129,24.759959195631183,23.934071268254872,24.54305909483009,2261200
2020-09-04,23.917387008666992,24.359529718943485,23.291714172644486,24.034178762217334,3728000
2020-09-08,23.508617401123047,23.858994299459113,23.275032271842832,23.775570925347,3619300
2020-09-09,24.234397888183594,24.566422259709487,23.967444355235685,23.98412934883707,4316600
2020-09-10,23.708833694458008,24.401245028192452,23.65043780709717,24.159317390647736,4973700
2020-09-11,23.767223358154297,23.942412565530503,23.550323268205183,23.783908347650733,2423800
2020-09-14,24.326160430908203,24.401241300665255,23.846477273145734,23.98412606475645,4396600
2020-09-15,24.117603302001953,24.593114425993303,24.063377874707104,24.317818428357867,2941900
2020-09-16,24.134288787841797,24.526376552754655,24.11760379584506,24.125946291843427,2947700
2020-09-17,23.88401985168457,24.210204619179283,23.66712130977286,23.95910072818035,2744100
2020-09-18,23.633750915527344,23.867336037383247,23.35845490352539,23.725516783250818,8142600
2020-09-21,23.008073806762695,23.362621081641475,22.682724467877783,23.325080650911048,4197000
2020-09-22,23.124868392944336,23.40016438841385,23.01641913037626,23.066472513779342,3851400
2020-09-23,22.057052612304688,23.12486652487514,21.998656737857022,23.016417271067795,3200100
2020-09-24,22.49085235595703,22.74112244774687,21.981972859204166,22.065396223134112,4639300
2020-09-25,23.008073806762695,23.01641630149925,22.399086011507492,22.499192766009845,3738100
2020-09-28,23.80893898010254,23.842307372339466,23.258345392093585,23.400164639229388,2850600
2020-09-29,23.35845375061035,23.800596483710383,23.28337287911849,23.742199012752412,4005600
2020-09-30,23.350112915039062,23.558670552641594,22.999736020220073,23.483589675811203,5234000
2020-10-01,24.000812530517578,24.00915502668846,23.491931402272815,23.491931402272815,5523000
2020-10-02,24.451290130615234,24.518028492287222,23.458557199640424,23.583691428879394,3936900
2020-10-05,24.62648582458496,24.701566700179367,24.31781982590035,24.601458335664002,2487700
2020-10-06,24.534717559814453,24.81835604187217,24.384555823293503,24.709906782811665,2737500
2020-10-07,24.384552001953125,24.801667164180863,24.10091356434482,24.734928801871146,2835900
2020-10-08,24.918460845947266,24.94348673768924,24.38455234870913,24.40123733731584,2527300
2020-10-09,24.71824836730957,25.13536360638186,24.65150999270474,25.093652718941975,2849600
2020-10-12,24.776647567749023,24.7975030129255,24.409585686202863,24.684881699570365,4468100
2020-10-13,24.092575073242188,24.79332878951139,24.037515875409156,24.651509547143377,4332100
2020-10-14,23.758882522583008,24.201025228106033,23.650433265619096,24.084233475811317,3645400
2020-10-15,23.73385238647461,23.96743584932224,23.526962358046134,23.60037566737082,3225100
2020-10-16,23.30839729309082,23.800593345225458,23.30839729309082,23.68380000987895,2332400
2020-10-19,23.08315658569336,23.544485603886287,23.058129099404702,23.51695680102024,3042000
2020-10-20,23.31674575805664,23.608725193263318,23.21663738657965,23.30840326116951,2827500
2020-10-21,23.441871643066406,23.48191497733233,23.15823321504545,23.191601599488376,2146800
2020-10-22,24.017498016357422,24.084236395927345,23.500274381314153,23.525301870341053,4128800
2020-10-23,24.251075744628906,24.351184085606505,24.017492267628004,24.184337381033206,1777400
2020-10-26,23.89235496520996,24.171822939402187,23.667113996491928,24.109255031266734,2270400
2020-10-27,23.40015983581543,24.055030509617954,23.39181893284465,23.808934092778387,2898100
2020-10-28,22.791173934936523,23.341765863466108,22.741120557206976,23.250001602823303,3750000
2020-10-29,22.85791015625,23.041441842640843,22.432452507573096,22.707748445991324,2927300
2020-10-30,22.741125106811523,22.86625937175393,22.41577569972757,22.774493501584196,2874500
2020-11-02,23.07481575012207,23.30422882184823,22.691070479768264,22.949681492014022,3058400
2020-11-03,23.35845375061035,23.550326381681383,23.136547816241546,23.308400366671908,2668700
2020-11-04,24.04252052307129,24.150971369055963,23.35845183117383,23.458560181992897,3567100
2020-11-05,24.16765785217285,24.4137559218732,24.059208583517588,24.192685340863356,2872700
2020-11-06,24.16765785217285,24.584773116670497,24.075893575977922,24.21771282955386,2734900
2020-11-09,23.136213302612305,25.719016304163173,22.993655926575894,25.635158741885878,9585800
2020-11-10,23.52195167541504,23.559687491770344,22.73369488847039,23.22006674402228,9699000
2020-11-11,24.360530853271484,24.39407452151433,23.488416271809182,23.706445317037293,4691100
2020-11-12,24.092187881469727,24.41084633166331,23.823844933591005,24.41084633166331,2866800
2020-11-13,24.461158752441406,24.536630401890783,24.08380050519452,24.08380050519452,2911300
2020-11-16,24.41922950744629,24.813357967967573,24.00832761525288,24.7965861357454,3612200
2020-11-17,24.15088653564453,24.46115905380905,24.033486901476902,24.293443919755248,2222600
2020-11-18,23.723215103149414,24.52824387807856,23.70644327047589,24.167657472847797,4156600
2020-11-19,23.54711151123047,23.8070684917433,23.320696592985506,23.672897043772174,4319900
2020-11-20,23.689674377441406,23.748374199632767,23.454873489225754,23.513574910867316,3220400
2020-11-23,23.605812072753906,23.937048545257554,23.589040241360077,23.7567553563986,4214900
2020-11-24,23.983169555664062,24.092183257523292,23.656125251186715,23.773526467938765,5341400
2020-11-25,24.528244018554688,24.570172001028624,23.90770060113038,24.041872064386986,4164100
2020-11-27,24.117340087890625,24.570168308465224,23.999940475047165,24.55339807766599,2001800
2020-11-30,23.96640396118164,24.176047103459105,23.869968307668035,24.11734727953345,6808000
2020-12-01,24.528244018554688,24.60371566656778,24.050257980771775,24.150885778489226,3662700
2020-12-02,24.21796989440918,24.821743038233027,24.19281374638312,24.553400129622386,3004900
2020-12-03,24.637256622314453,24.729500098939926,23.991557084285926,24.226356334678144,3477200
2020-12-04,25.358430862426758,25.38358861189381,24.737887437289764,24.813359086240887,4132700
2020-12-07,24.85528564453125,25.3416575768652,24.821743579947842,25.17394405504828,3092200
2020-12-08,24.704343795776367,24.83851686028336,24.48631636464632,24.737887461765624,2318000
2020-12-09,24.477930068969727,24.821744642783536,24.142501411523327,24.654029514335335,2539700
2020-12-10,24.24312973022461,24.649837885812634,24.167658080745387,24.385687112635356,2985800
2020-12-11,24.28505516052246,24.42761252794672,24.025098172672287,24.268284928640092,2442200
2020-12-14,24.13411521911621,24.76304454442843,24.083799721487246,24.469543872726064,3589000
2020-12-15,24.595325469970703,24.60371138489613,23.790296830526525,24.3018248453797,3877600
2020-12-16,24.477930068969727,24.922372440292452,24.377300672010804,24.712729329457204,2447000
2020-12-17,24.553396224975586,24.628867855951558,24.368909305056697,24.536624395992114,3317900
2020-12-18,23.798683166503906,24.76304267195531,23.735791198398292,24.76304267195531,5915900
2020-12-21,24.058637619018555,24.142495161533684,23.396164792543594,23.505180077648138,3203300
2020-12-22,24.335371017456055,24.377298996962086,23.882541161431423,23.96639871989338,1976500
2020-12-23,24.016708374023438,24.603709580147314,23.999938144852454,24.46953815008179,2055800
2020-12-24,24.410842895507812,24.410842895507812,24.117342237785834,24.159270217696157,616800
2020-12-28,24.60371971130371,24.637261782907018,24.331182982069343,24.494704379829855,1786200
2020-12-29,24.410842895507812,24.913985052231304,24.28505575687703,24.721113785523972,1164700
2020-12-30,24.763044357299805,24.763044357299805,24.34375814359344,24.402457957600337,1530800
2020-12-31,24.905603408813477,24.922373642907534,24.528245151320817,24.763046022588483,2231700
2021-01-04,23.96640396118164,25.064933578869482,23.924475972506244,24.947533931018178,3420200
2021-01-05,24.3437557220459,24.46954125375554,23.907697719299303,24.0586409971308,4073700
2021-01-06,24.402456283569336,24.49469815663088,24.05864173987211,24.293440979792248,4803400
2021-01-07,24.26828384399414,24.50308307435185,24.025097098895316,24.419227120338267,3755600
2021-01-08,24.595325469970703,24.704339165101786,24.22635321050059,24.318596675230552,2713800
2021-01-11,24.360530853271484,24.61210356674244,24.238939054516496,24.461160258549892,2736800
2021-01-12,24.092187881469727,24.47793206863299,24.08380196441725,24.402460414610832,4159000
2021-01-13,24.008329391479492,24.368915813683927,23.983173240735045,24.06703080860004,3863500
2021-01-14,24.276670455932617,24.507277534987104,23.983169810113342,24.184426984530884,4594600
2021-01-15,24.81336212158203,24.897219697280207,23.99994731604524,24.243132526174705,2898700
2021-01-19,24.687570571899414,24.94752755402821,24.469541567728548,24.83012793618614,3313100
2021-01-20,25.182331085205078,25.38778043842429,24.394072539495646,24.528244002665335,3655900
2021-01-21,25.23264503479004,25.24941686758249,24.86367271060615,25.056543989369317,3000100
2021-01-22,25.173946380615234,25.43390340308872,24.997845327071847,25.115246562584133,2214100
2021-01-25,24.880441665649414,25.14878456149123,24.687570409194336,25.039770859849174,2287300
2021-01-26,24.94753074645996,25.115245878653152,24.561788181645674,24.81335928048542,2606800
2021-01-27,24.07541275024414,24.788199607587384,24.01671293836586,24.746271627517157,4442000
2021-01-28,24.326988220214844,24.779816534839007,24.033487527698203,24.033487527698203,3592000
2021-01-29,24.721115112304688,24.880444323524934,24.134115364806405,24.276672743382413,3536000
2021-02-01,25.50937271118164,25.50937271118164,24.570170910616696,24.788199928595166,2794100
2021-02-02,25.375200271606445,25.78610054361957,25.232642903810063,25.660315007199202,2793700
2021-02-03,25.148786544799805,25.268702105897912,24.930757524871453,25.098472647724016,3232400
2021-02-04,25.24941635131836,25.584845003058977,25.098473058172587,25.15717287229595,2382000
2021-02-05,25.173946380615234,25.45067523665477,25.023003077420924,25.366817668274592,1703400
2021-02-08,25.23264503479004,25.375202414625857,25.064929905765542,25.26618710092493,2186000
2021-02-09,25.70490837097168,25.71334193301095,25.24107371857429,25.30010704431169,2341100
2021-02-10,25.76394271850586,25.983210514610544,25.48564159432252,25.76394271850586,3167200
2021-02-11,26.000080108642578,26.042246315978364,25.561544474784522,25.882013441272218,5662400
2021-02-12,26.143447875976562,26.143447875976562,25.84827959437896,25.898879365683836,3331600
2021-02-16,26.07598114013672,26.337415170130903,25.696478831646985,26.312116088590077,2993900
2021-02-17,25.59528350830078,26.32898594762942,25.435048995127513,26.08441900403254,3365600
2021-02-18,25.114578247070312,25.69647966081423,25.047111346554882,25.578412987046672,3185400
2021-02-19,25.283241271972656,25.721776870235523,25.165174614185563,25.165174614185563,4537000
2021-02-22,24.87844467163086,25.169395394649175,24.688693500732878,25.089278948509087,4540200
2021-02-23,25.173612594604492,25.54468136660563,24.87001072582739,24.93747762905143,3754200
2021-02-24,25.190471649169922,25.468772736842705,25.055536277429862,25.17360452663525,3217900
2021-02-25,25.055540084838867,25.62057590731392,24.836273892718026,25.182041914534654,4577000
2021-02-26,24.574838638305664,25.156741594378964,24.574838638305664,25.106141826884038,5079600
2021-03-01,24.726640701293945,25.26637586915201,24.583273346264438,24.96277564150069,3880100
2021-03-02,24.701339721679688,24.916389933422764,24.507371003171894,24.62543926846741,3189500
2021-03-03,24.16160774230957,24.6929110193676,24.00137324193072,24.65074319898481,4358400
2021-03-04,23.98450469970703,24.46689227920618,23.853786885800698,24.127872053865126,5562200
2021-03-05,23.96763801574707,24.18690583253533,23.136950541756228,24.1531715798582,5066600
2021-03-08,24.026670455932617,24.549540093220713,24.001369767365606,24.111004475951685,4039800
2021-03-09,24.355571746826172,24.633872891280106,24.068838647921886,24.18690531267881,3243400
2021-03-10,24.709779739379883,24.89953093433422,24.33871252317816,24.498945435772416,4264500
2021-03-11,25.055540084838867,25.207340993643747,24.625439654608495,24.79410607997357,3485900
2021-03-12,26.008516311645508,26.050682523261102,24.97121206393831,25.08084517926158,5124700
2021-03-15,26.44704818725586,26.615714618003967,25.77237763865053,26.09284659158591,3610500
2021-03-16,26.25307846069336,26.5861969409132,26.244646506733744,26.531379588950266,2302500
2021-03-17,26.1350154876709,26.227783079682002,25.814548110281862,26.20248238862321,2221800
2021-03-18,26.219348907470703,26.34584914275312,25.835630615609308,25.983213955349164,3005100
2021-03-19,25.81454849243164,26.3542837080402,25.789247800998304,26.261516114655794,5056800
2021-03-22,26.219348907470703,26.379583396715237,25.696479230822213,25.73864704827486,3083600
2021-03-23,26.18561553955078,26.341634056598128,26.004297939713563,26.202482667102572,3536700
2021-03-24,26.227783203125,26.607283919566235,26.109714919499407,26.16031630185515,3063500
2021-03-25,26.7169189453125,26.85606872703922,25.99586612813575,26.14344947368497,3198900
2021-03-26,27.239789962768555,27.256657092227076,26.742220903508166,26.90245541628812,2542800
2021-03-29,27.155454635620117,27.345204191903086,26.775952305978517,27.13015233559357,2701000
2021-03-30,27.197622299194336,27.265090813435243,26.919321112102235,27.104854700650996,2856200
2021-03-31,26.97835350036621,27.48013849327031,26.96991993638406,27.281953761034387,5301000
2021-04-01,27.551816940307617,27.56446969705138,27.13858363145017,27.163882710787306,4231400
2021-04-05,27.281951904296875,27.64458708816012,27.045818563018663,27.64458708816012,4271600
2021-04-06,27.70362091064453,27.70362091064453,27.113287547068065,27.180752838444427,3609300
2021-04-07,27.425323486328125,27.954937807097973,27.294607262393143,27.762656403564552,4002200
2021-04-08,27.349416732788086,27.61928429139911,27.349416732788086,27.408450060167056,2288300
2021-04-09,27.29882049560547,27.48941614348735,27.23978715711897,27.340986706370728,1753400
2021-04-12,27.4084529876709,27.45061919500608,27.130150228522968,27.349419653986562,3475900
2021-04-13,27.5939884185791,27.631937040413156,27.374718991064235,27.501220831328613,2994200
2021-04-14,27.475923538208008,27.779522183864596,27.408455027789447,27.560255959155562,1628100
2021-04-15,27.880722045898438,27.914453080519205,27.57712021478434,27.653020672562864,2603400
2021-04-16,28.11685562133789,28.218055160242418,27.897589417532195,28.007220910897374,5967100
2021-04-19,28.361419677734375,28.420453000932966,28.083116968019734,28.15901741457147,3927500
2021-04-20,28.656599044799805,28.73671711210796,28.361432297469126,28.41203047296795,3338000
2021-04-21,28.54695701599121,28.825259778501486,28.538525061252464,28.74092736281225,2421200
2021-04-22,28.530094146728516,28.926460375410073,28.424677014735714,28.5132270195606,3166400
2021-04-23,28.622854232788086,28.707189855994052,28.361421843537297,28.538521826657202,2327300
2021-04-26,28.54695701599121,28.86320840043901,28.47949172685491,28.707193109706377,2916100
2021-04-27,28.597557067871094,28.73249085695419,28.45419132444075,28.589125113523842,2467900
2021-04-28,28.799959182739258,28.926457799621073,28.58912493752762,28.69032447444813,6535100
2021-04-29,29.280664443969727,29.525229752166386,28.67346071696969,28.715626927550105,5278300
2021-04-30,29.567398071289062,29.6348633622732,29.154161502112405,29.280663346186525,3196500
2021-05-03,29.297534942626953,29.668602142335946,29.196332165098664,29.668602142335946,2600700
2021-05-04,29.398733139038086,29.533666952405795,29.1878988545838,29.272231281535163,3012100
2021-05-05,28.909591674804688,29.29752914440169,28.71562454854388,29.280662018151787,3539800
2021-05-06,29.44933319091797,29.457768364397847,28.922247446088456,29.019232638650564,3248400
2021-05-07,29.542097091674805,29.651731813630647,29.381864203489865,29.424030414372673,2794800
2021-05-10,29.80480194091797,30.067512490061805,29.575993385607536,29.74548072542804,3963300
2021-05-11,29.728540420532227,29.770912263815156,29.372609824873912,29.635320425651134,7154900
2021-05-12,29.0251522064209,29.84717944937921,28.940408529580765,29.72006070135496,7226800
2021-05-13,29.372610092163086,29.62684438693859,28.9488851899491,28.9488851899491,5809000
2021-05-14,29.75395393371582,29.847173900568116,29.44887158138593,29.44887158138593,4608300
2021-05-17,29.80480194091797,29.906498224126814,29.48277340904799,29.74548072542804,3683700
2021-05-18,29.71158790588379,30.160735216331027,29.660739759643615,29.855652804418153,4528100
2021-05-19,29.6268367767334,29.711583675066045,29.194638909909564,29.491244972164782,6011100
2021-05-20,30.169208526611328,30.283616048354222,29.64379060908234,29.64379060908234,4235000
2021-05-21,29.948869705200195,30.33022268081775,29.838700349407624,30.18615456435612,4270800
2021-05-24,30.550561904907227,30.698864960060515,30.16920888253867,30.17768519012694,4290500
2021-05-25,30.669204711914062,30.821745922666384,30.406497363323872,30.601410414226464,4528100
2021-05-26,30.660728454589844,30.88954024696903,30.648017227140528,30.847168411216703,3435400
2021-05-27,30.41497039794922,30.77937404173425,30.39802101535873,30.64378221377453,2859300
2021-05-28,30.737003326416016,30.770902092837467,30.431920894151553,30.584462110283784,2331400
2021-06-01,30.98276710510254,30.98276710510254,30.44039649564057,30.762428337841364,3739700
2021-06-02,31.270893096923828,31.309026779104286,30.80055828678188,31.075976834344278,2506500
2021-06-03,31.152252197265625,31.347168489664252,30.931916678955123,31.270897880871324,2741800
2021-06-04,31.279369354248047,31.338690576630682,30.94886447732646,31.28784242911807,3035600
2021-06-07,31.736995697021484,31.813266308429316,31.347169564387872,31.355642639982328,4424900
2021-06-08,31.6861515045166,32.10140338135041,31.66920211844534,31.821743360321854,4079000
2021-06-09,31.736995697021484,31.898009995431604,31.512422016977435,31.796316924475974,3632600
2021-06-10,32.16071701049805,32.20308884927322,31.643772172254305,31.736992157218136,2512700
2021-06-11,31.95732307434082,32.21155730328694,31.83868064968354,32.17766177678744,2922300
2021-06-14,32.042076110839844,32.15224225040421,31.813264291125485,31.957329196446988,1924500
2021-06-15,31.71156883239746,32.13529371727352,31.703095757116238,32.13529371727352,1734300
2021-06-16,31.482763290405273,31.957333138488064,31.46581390543594,31.762420060487685,5316700
2021-06-17,31.71156883239746,31.792077595008493,31.448861472743467,31.491233314678208,3970700
2021-06-18,30.94038963317871,31.618352034358008,30.93191655790791,31.474283892639896,6447200
2021-06-21,31.80478286743164,31.89800284188702,31.05902953731605,31.11835075146698,2092900
2021-06-22,31.6861515045166,31.8895409046069,31.550559648711353,31.821743360321854,2687700
2021-06-23,31.872577667236328,32.09291312487887,31.542072864390796,31.694614039975416,6277900
2021-06-24,31.81325912475586,31.898002792622385,31.54292249235827,31.660717936385144,4380500
2021-06-25,32.16071701049805,32.19461577462382,31.72428092886199,31.77089092134391,2771200
2021-06-28,31.965808868408203,32.19462071220314,31.686148870626205,32.19462071220314,3434300
2021-06-29,31.796306610107422,32.054778974212596,31.715797870636283,31.957320856286305,3020200
2021-06-30,31.60139274597168,32.08443870411012,31.588681520667503,31.855626950345073,4602600
2021-07-01,31.81325912475586,31.931901552874482,31.423433080147905,31.57597103575491,7768500
2021-07-02,32.09292221069336,32.15224343657474,31.864110382537604,31.881059766041478,3368900
2021-07-06,32.85561752319336,32.93612626022726,32.06748922908626,32.27935160421692,4873600
2021-07-07,33.050537109375,33.38104196322652,32.614101046839586,32.85562407332831,5732100
2021-07-08,33.3725700378418,33.56324492693146,32.57681546909051,32.81325336604619,9640300
2021-07-09,33.81324768066406,33.81324768066406,33.27935341147596,33.61833138547707,4366300
2021-07-12,33.97425842285156,34.0674784066014,33.66917601522082,33.76239599897066,4036800
2021-07-13,33.57595443725586,34.03103707456175,33.54205890794497,33.957307428687315,3047800
2021-07-14,33.76239776611328,33.96578712610063,33.47426472524366,33.47426472524366,3592600
2021-07-15,33.753929138183594,33.81325036916955,33.574268243794236,33.72850344435773,3027000
2021-07-16,33.87255859375,34.09713220093131,33.783576781438356,33.914930423503634,2613100
2021-07-19,33.245452880859375,33.72849897358188,32.94037045750533,33.64375529276762,2985100
2021-07-20,34.10984420776367,34.3386559729896,33.25392158918975,33.46578397557337,3743700
2021-07-21,33.830196380615234,34.23697515249029,33.76240207381247,34.118329458247366,2317500
2021-07-22,33.770870208740234,33.923411417683376,33.63527838220901,33.79629589874019,2616500
2021-07-23,34.33865737915039,34.39797859114592,33.77086447935427,33.77086447935427,1666500
2021-07-26,34.10984420776367,34.3937390296545,33.957303030946385,34.25390907877807,1609900
2021-07-27,34.49120330810547,34.58442329200056,34.06747845968344,34.15222213626223,5885400
2021-07-28,34.35560989379883,34.508151090782754,34.13527117248255,34.49120170969966,4565600
2021-07-29,34.44035720825195,34.8217102410369,33.94883803592354,34.474255974002666,3272900
2021-07-30,34.47426223754883,34.91324260531443,34.46578592818899,34.57595532051311,2964600
2021-08-02,34.4149284362793,34.889498138663946,34.33865784371553,34.67763574073833,2395500
2021-08-03,34.24544143676758,34.5928956762294,33.991207179340584,34.47425323828107,2185300
2021-08-04,34.2539176940918,34.39798583410471,34.04205525442196,34.27934338513189,2583500
2021-08-05,34.26239776611328,34.55053084502929,33.99121407216464,34.44036145912371,2209100
2021-08-06,33.99968719482422,34.33866842910653,33.99968719482422,34.20307658194653,2580800
2021-08-09,33.863521575927734,34.05926408112416,33.740118057028006,33.98266890548023,2212000
2021-08-10,33.114585876464844,34.033727832811536,33.089055237628784,33.89755901481803,2115900
2021-08-11,33.29330062866211,33.369895777397964,33.09755819223051,33.25074848970221,1714200
2021-08-12,33.37841033935547,33.59117429461088,33.24224153785282,33.46351462284951,1863800
2021-08-13,33.71882247924805,33.727334853429284,33.34861536535222,33.446484942799806,2883500
2021-08-16,33.73585891723633,33.7869234453734,33.38692609126875,33.42096911002679,2957500
2021-08-17,33.71882247924805,34.24647929682109,33.569888396271594,33.71882247924805,7211000
2021-08-18,34.1358528137207,34.28053075900654,33.378413578940446,33.54862216244834,6254500
2021-08-19,34.22947692871094,34.416707060603066,33.829479528108116,33.948626861090744,3508800
2021-08-20,34.45073699951172,34.60392729703068,34.14435640447379,34.23797305812651,3425700
2021-08-23,34.33159637451172,34.76563347070229,34.22095819449423,34.467765193563736,2541600
2021-08-24,34.12733840942383,34.450740542615435,33.931595952800606,34.34010237269086,2976000
2021-08-25,34.11031723022461,34.48478060478159,33.96563605939385,34.09329572503745,3120500
2021-08-26,34.29755401611328,34.518830380393425,34.135854554924556,34.21244972001833,3046500
2021-08-27,34.46776580810547,34.50180882510562,34.18691578763537,34.314575478125555,2523600
2021-08-30,35.14860916137695,35.17839598898281,34.34436156949828,34.58691237900898,2880900
2021-08-31,35.046478271484375,35.106051918047925,34.77414067390235,35.0379658953923,3330200
2021-09-01,35.684776306152344,35.82094512853165,35.14010101663513,35.28477897006028,4219600
2021-09-02,36.14434814453125,36.15285727577613,35.420948620922985,35.77839381710468,2969900
2021-09-03,35.7017936706543,36.04221406382762,34.986906624513765,36.04221406382762,4317300
2021-09-07,35.14860916137695,35.684775304802976,34.94861049894308,35.684775304802976,2736300
2021-09-08,35.531578063964844,35.71029899482236,34.98690289572093,34.98690289572093,3249100
2021-09-09,34.978397369384766,35.45924604685185,34.93584522225583,35.4209468418713,5245400
2021-09-10,34.28904724121094,35.08052958605803,34.246495090239584,34.986912906008435,3561600
2021-09-13,34.5273323059082,34.859243536541285,34.366483466734955,34.501801671711846,5210100
2021-09-14,34.53585433959961,34.74010596332961,34.331599469348575,34.63798015146461,4858500
2021-09-15,34.382659912109375,34.71031500755608,34.31457388127749,34.59542388867807,3633000
2021-09-16,34.442237854003906,34.7103193291101,33.97415445005827,34.31457815356036,4473800
2021-09-17,33.9486198425293,34.50180748446376,33.85500317267694,34.42521232245008,13404900
2021-09-20,33.93160629272461,34.08479665267996,33.408208601645015,33.69331162013692,4698100
2021-09-21,34.016700744628906,34.43797244892181,33.94861472354067,34.093295895093085,3149100
2021-09-22,34.48478317260742,34.71456863996422,34.07627675725769,34.1613810430104,4129900
2021-09-23,34.433719635009766,35.05073708713058,34.433719635009766,34.70605725300775,3276200
2021-09-24,33.71882247924805,34.093289026754015,33.64648353130513,33.92307725484399,9666400
2021-09-27,32.81672286987305,33.7018187056593,32.7826798482794,33.7018187056593,5930200
2021-09-28,32.79969787597656,33.01671481091762,32.43714590289504,32.58693388339216,3812900
2021-09-29,33.14862060546875,33.37840603710928,32.91032279866382,32.95287818144606,2582100
2021-09-30,32.62098693847656,33.32736192300945,32.59119685368863,33.2762973803297,3546800
2021-10-01,33.02947998046875,33.2507530815294,32.552887517349696,32.833737517005716,2429700
2021-10-04,32.96990966796875,33.15713977351705,32.79969782486231,32.91033276333875,3715300
2021-10-05,32.697574615478516,33.08906289855455,32.60821411234245,33.037998362539035,2651100
2021-10-06,32.893306732177734,32.91458117846591,32.14437674730369,32.52735249221201,4137800
2021-10-07,32.80820083618164,33.19968572973593,32.62097076555844,32.944369635962275,4958500
2021-10-08,32.78266906738281,33.00394214193128,32.63373495504055,32.88479485205748,3402800
2021-10-11,32.86777877807617,32.93586481012356,32.63799328969728,32.79969599254948,3555500
2021-10-12,33.19117736816406,33.3358553009263,32.79118008919968,32.995434916857334,5854700
2021-10-13,33.923095703125,33.94862634651392,33.020975093968346,33.089061138367164,5965600
2021-10-14,34.28904724121094,34.32309026059643,33.99968806947629,34.042240220447646,2251200
2021-10-15,34.1954231262207,34.47201691717763,34.05074194855018,34.40818708133829,3380700
2021-10-18,34.27202606201172,34.38266425282097,33.87202869667746,33.999688397343604,3217700
2021-10-19,34.20392990112305,34.48052367303736,34.15712157449816,34.3656325736527,3139700
2021-10-20,34.45073699951172,34.49328913848474,34.118825770394,34.21244242404671,3957500
2021-10-21,34.29755401611328,34.49329649434831,34.19968440025617,34.459256723822804,2777300
2021-10-22,34.79117202758789,35.080531212740105,34.46776982147161,34.46776982147161,3228700
2021-10-25,34.9188232421875,35.067760624907045,34.654997985641145,34.799675933228414,2188900
2021-10-26,34.842227935791016,35.06776047998373,34.83371880512368,35.029461275679054,3545000
2021-10-27,34.442237854003906,35.09925255003316,34.33159966338757,35.04648684352512,3301900
2021-10-28,35.22520065307617,35.30179580843896,34.31457116516321,34.425209333247324,3655600
2021-10-29,35.10606002807617,35.58265255720489,34.94861349920269,35.15712455686457,3556800
2021-11-01,34.99541091918945,35.11455820266333,34.25073715095774,35.11455820266333,2652100
2021-11-02,35.35285568237305,35.59966262239316,35.020944468252175,35.2422175288261,2337700
2021-11-03,35.318824768066406,35.57414092431448,34.969891930339124,35.44648446945098,3417600
2021-11-04,34.63797378540039,35.48051725984859,34.535847992304944,35.318817816904094,2810000
2021-11-05,34.74010467529297,35.1911633036174,34.65500037631433,34.81669984298211,2621800
2021-11-08,34.57772445678711,34.77428552887292,34.21878769735156,34.74864812036973,2755800
2021-11-09,34.63754653930664,34.70591730737589,34.38116267924225,34.6119091313295,3076800
2021-11-10,34.671730041503906,34.82556100121276,34.38970878876931,34.774282927943986,2577500
2021-11-11,34.654640197753906,34.74010366022384,34.28288473132741,34.69737029894,1802800
2021-11-12,34.663185119628906,34.859746175842716,34.560628973701945,34.73155262348275,3020900
2021-11-15,34.94520568847656,34.9622983791307,34.500805511761136,34.67172915820513,1725500
2021-11-16,34.620445251464844,34.9879298883511,34.46234359473026,34.95374777290112,4031500
2021-11-17,34.61191177368164,34.62045649029379,33.91967236457276,34.56063369371501,2652300
2021-11-18,35.09049987792969,35.09049987792969,34.586276799753385,34.697374424025796,3731500
2021-11-19,34.96229934692383,35.25286857589266,34.70164151240337,35.124675022486784,2552000
2021-11-22,34.825565338134766,35.14177201242662,34.62045627961434,34.979396317000614,2581400
2021-11-23,35.16740798950195,35.35115034195626,34.68882242354951,34.834105406370504,2109300
2021-11-24,35.859649658203125,35.93656514941868,35.0990427229037,35.175958214119255,2474500
2021-11-26,35.16740798950195,35.82545866005256,35.150315298564635,35.56053010076782,1981700
2021-11-29,35.269962310791016,35.63744703065914,35.005030480624036,35.37251520049215,4738400
2021-11-30,34.56063461303711,35.44943512884686,34.53927119088951,35.15032113799646,6647600
2021-12-01,34.0222282409668,35.47080057194814,34.0222282409668,34.85975064618773,4386000
2021-12-02,35.32978820800781,35.50925659578986,34.18460384867334,34.218789234945504,3447500
2021-12-03,35.59471893310547,35.71436452116736,35.15031870594861,35.466525368697575,3826500
2021-12-06,36.15021896362305,36.50061103280337,35.83828627013584,35.87674238573099,2831700
2021-12-07,36.457881927490234,36.73135851287382,36.23568342440285,36.39805912819371,3627500
2021-12-08,36.98774719238281,37.23986038785366,36.42370125449873,36.543346868580436,3578200
2021-12-09,36.5091552734375,37.064653089140016,36.50060729744804,36.919370098295516,4226100
2021-12-10,36.51769256591797,36.782624346075465,36.32967625354188,36.53478525432461,3885600
2021-12-13,36.89372253417969,37.150109604377015,36.53478585205867,36.53478585205867,3601400
2021-12-14,36.01348114013672,36.88091497748351,35.86392414405934,36.81682145066321,3910800
2021-12-15,36.62879943847656,36.66725554864746,35.96647150913268,36.022023570620654,4664500
2021-12-16,36.346771240234375,36.82535676559145,36.12457279709188,36.47496478134166,4707500
2021-12-17,36.662986755371094,36.996286101494846,36.3980549176354,36.62025339501867,7740100
2021-12-20,36.33823013305664,36.55615787053517,35.91946734928392,36.286952059503605,4280700
2021-12-21,37.03901672363281,37.07320210835735,36.55188640165012,36.55188640165012,3121300
2021-12-22,37.58596420288086,37.603056892680115,37.17574942799057,37.17574942799057,2818200
2021-12-23,37.56032943725586,37.8466246762899,37.3039455924478,37.679975014159794,1651500
2021-12-27,38.056007385253906,38.06455536146521,37.42359406972113,37.66288524207432,1616100
2021-12-28,38.10728454589844,38.24402282111191,37.91926819494329,38.06455444616253,1869100
2021-12-29,38.60296630859375,38.7909826923644,38.03892041737999,38.150021304162486,2528800
2021-12-30,38.59441375732422,38.80806751002422,38.534590967376026,38.620051164417006,1685100
2021-12-31,38.74825668334961,39.14137892726815,38.62006308811165,38.62006308811165,2882400
2022-01-03,38.43204116821289,38.98753901382728,37.610754068595995,38.7909779367547,4325400
2022-01-04,38.56877899169922,39.073002013007944,38.449133403608634,38.449133403608634,3216300
2022-01-05,37.50904846191406,38.9106164145065,37.41504029873578,38.654232589536676,3806300
2022-01-06,37.3894157409668,37.70562245840573,37.20994732783376,37.57743213192427,3193700
2022-01-07,36.68007278442383,37.39794948643507,36.46214831531314,37.20138843542093,4345300
2022-01-10,36.44078063964844,36.44932861473098,35.88528288288266,36.32113506927111,3238900
2022-01-11,36.88518524169922,36.93646331807595,36.07330029627148,36.47497041097838,2266400
2022-01-12,37.141571044921875,37.25267191949697,36.77408629525628,36.8168196578529,2131100
2022-01-13,37.27830505371094,37.449228704201495,36.902275630709696,37.227030240632004,4502800
2022-01-14,37.081748962402344,37.21421326072489,36.44506162066434,36.97919606241385,4374200
2022-01-18,36.97065353393555,37.04756903528618,36.50061580794764,36.85955590095005,2842100
2022-01-19,36.62024688720703,37.35949020462356,36.61170217271364,37.01337221594204,2818300
2022-01-20,35.75709915161133,36.63735174107216,35.73146173952161,36.40233452335401,6774800
2022-01-21,35.79128646850586,36.27414289608722,35.58617738044838,35.75710107714656,4604700
2022-01-24,35.62889862060547,35.71008808984899,34.53499245019725,35.45797822655234,4601600
2022-01-25,35.12467956542969,35.45798219537404,34.64182320399803,35.20159505540178,2887000
2022-01-26,34.740108489990234,35.62036108517282,34.45893806050623,35.312699097703664,3983500
2022-01-27,34.27861404418945,35.23578209534311,34.082052951726524,34.91102742687921,4778400
2022-01-28,35.5434455871582,35.56053828202796,33.81284853774919,34.31280089741952,3887400
2022-01-31,35.87673568725586,35.88528366252412,35.26568585946978,35.51779896832564,3277500
2022-02-01,35.74000549316406,36.08185285893426,35.4323435159905,36.05621218743774,5258200
2022-02-02,36.40659713745117,36.58606876237202,35.7399984909086,35.97928964400646,3349300
2022-02-03,36.235679626464844,36.50060820698231,36.03911529498079,36.03911529498079,3296500
2022-02-04,36.261314392089844,36.735625973728695,35.82545892026618,36.08184602609067,4752500
2022-02-07,35.6118049621582,36.42368985225436,35.57762284033431,36.286951584666404,4517900
2022-02-08,35.71436309814453,36.09894051594713,35.46652395554978,35.56053213102349,4991200
2022-02-09,36.594608306884766,36.594608306884766,36.15020818528546,36.15020818528546,4355700
2022-02-10,36.081851959228516,36.7057206151195,35.92802097447753,36.11603408687473,4262700
2022-02-11,35.9358024597168,36.46843832312012,35.51914251796426,36.219300977737774,4496300
2022-02-14,35.5663948059082,36.124802399308216,35.29148574638138,35.94439394346396,3667400
2022-02-15,35.5234375,36.081848368960856,35.33014319460751,35.85418961193319,3531600
2022-02-16,34.75025177001953,35.0852969300892,34.39802438671886,34.724476796586025,5832200
2022-02-17,33.7451286315918,34.793221793575924,33.54753788874119,34.72449286884066,6645000
2022-02-18,33.17811965942383,33.76230226215664,32.954757265284655,33.22107358785352,7939800
2022-02-22,33.3327522277832,33.659207941670935,32.61970792951508,32.66266185253799,6786900
2022-02-23,32.1472053527832,33.779480665765995,32.1300264050954,33.43584272287247,7735200
2022-02-24,32.0097541809082,32.31902770644325,31.056165180074675,31.63175502590684,15661100
2022-02-25,33.5389404296875,33.577597982769205,31.97539381300489,32.20734896301931,7078300
2022-02-28,32.473663330078125,33.21248266467846,32.23311871962203,33.01489198077888,7196700
2022-03-01,32.17298126220703,32.59823068906688,31.846525534703048,32.37057193809317,6195200
2022-03-02,33.41865539550781,33.65490355448073,32.361970133083446,32.361970133083446,6386300
2022-03-03,33.203895568847656,33.73653150608856,33.09221273006053,33.53034805580269,8453000
2022-03-04,33.67639923095703,33.73223901819972,31.958215630165093,32.903215299730604,5412400
2022-03-07,32.86884307861328,33.79666357696319,32.82588915417287,33.736527427311735,6338400
2022-03-08,33.17811965942383,33.616258250060774,32.63689426229538,32.79152774920731,10137000
2022-03-09,33.82243728637695,34.4152126212782,33.504574294016955,33.82243728637695,4785000
2022-03-10,33.856807708740234,33.91694387256947,33.39289735019317,33.53035190711358,2796900
2022-03-11,33.89115905761719,34.51829543580355,33.766590401534614,34.062978006599145,5340500
2022-03-14,33.590476989746094,34.38084288918521,33.41866130815738,34.08015889205685,4580100
2022-03-15,33.934120178222656,34.15748256528706,33.6849828131771,34.02002803236099,2778200
2022-03-16,34.19184875488281,34.6729412831526,33.51316553031688,34.26057766342481,4721700
2022-03-17,34.965030670166016,34.999395122550055,33.985666717442854,33.985666717442854,3250100
2022-03-18,34.9564323425293,35.102479603277956,34.14888750336446,34.827570582405926,6390400
2022-03-21,34.84476089477539,35.31726067926267,34.61280574009805,35.00798713969287,4628400
2022-03-22,34.698707580566406,35.15402505862491,34.621389209087205,34.99939159284073,2701700
2022-03-23,34.071571350097656,34.707300550402195,33.98566350443386,34.59561772929986,2822800
2022-03-24,34.44098663330078,34.49253331545669,33.9942585528073,34.09734863994433,3555100
2022-03-25,34.7674446105957,34.78462683907385,34.16607972256051,34.440988823860884,2938000
2022-03-28,34.7674446105957,35.15832965765483,34.5354894419032,34.887716932767745,4239600
2022-03-29,35.6351203918457,35.71673514532903,34.900597442019226,35.0337555958714,7613700
2022-03-30,35.14543533325195,35.428937119036505,34.9392519183928,35.39457267036428,3837500
2022-03-31,34.51830291748047,35.42464487456106,34.5097101657233,35.343030118740906,4800700
2022-04-01,35.25712203979492,35.30437234263482,34.50112047153107,34.50112047153107,3035200
2022-04-04,34.67293167114258,35.30006804044763,34.428090737392154,35.239931900731655,2314500
2022-04-05,34.561256408691406,35.13684951369982,34.38084795016209,34.53548470809423,4753600
2022-04-06,35.11967086791992,35.1841034031561,34.292364456359074,34.509713248482264,4748500
2022-04-07,35.01657485961914,35.20987245074861,34.42380278993961,34.83616639630467,4681200
2022-04-08,35.44612121582031,35.60935073214031,34.896303065883785,35.102486510697325,7694200
2022-04-11,35.26571273803711,35.55780403973994,35.111075973772394,35.394577800649266,4533100
2022-04-12,35.58357238769531,35.806938038214554,34.98221089131512,35.325845563936035,5186600
2022-04-13,35.9358024597168,35.97016363235543,35.42034554404564,35.42034554404564,3342600
2022-04-14,36.038883209228516,36.219291608315864,35.73390616967415,36.081837121795964,3185800
2022-04-18,35.815528869628906,36.24507468456548,35.635120413877424,36.02171230275524,3016300
2022-04-19,36.975303649902344,37.02255395058666,36.04319004035618,36.08184758973003,3386200
2022-04-20,37.722713470458984,37.937486378689144,37.258803202159946,37.258803202159946,5484300
2022-04-21,37.593849182128906,38.109306138709044,37.54230578049309,37.97185160572259,3749900
2022-04-22,37.009674072265625,37.606742574877124,36.97530961582793,37.46499164995283,3336200
2022-04-25,36.777713775634766,37.15571291218399,36.27514268258614,37.001076156965105,3847900
2022-04-26,36.0904426574707,36.92376269632247,36.0560814784265,36.648853600919296,2605700
2022-04-27,35.83271408081055,36.48562560912774,35.80694237846308,35.98735084924489,3593200
2022-04-28,35.39457702636719,36.07326022388513,34.269165772654205,35.66089334341692,5068200
2022-04-29,34.20902633666992,35.31725525760935,34.08016128924002,35.128254061958636,7926900
2022-05-02,32.98051834106445,34.32070210563578,32.2159275189622,34.19183708469049,5096100
2022-05-03,33.0578498840332,33.526056588193406,32.86884865183918,33.11798604388132,2828700
2022-05-04,33.2898063659668,33.487397081458624,32.38776065535626,32.94616834422228,3707400
2022-05-05,32.748573303222656,33.49598541022079,32.47366423300769,33.315573670187845,3744400
2022-05-06,32.63689422607422,33.07932591504084,31.971096866041652,32.447893008583755,4312400
2022-05-09,30.951904296875,32.360381055499786,30.908700175892317,32.33445594589966,3410200
2022-05-10,30.977821350097656,31.60429254500271,30.45936538544618,31.193845218079545,3909000
2022-05-11,30.960546493530273,31.669104611835525,30.82228803506771,31.003750613668288,3396600
2022-05-12,30.99510955810547,31.332106328936216,30.731560125273575,30.960548237805767,3527700
2022-05-13,31.90241050720215,31.911053309796916,30.94326708377619,31.237059742993974,2692200
2022-05-16,31.504928588867188,32.13571805747844,31.45308495621588,31.98882336994837,2226800
2022-05-17,31.8419189453125,32.0233815116772,31.427153486681345,31.85920125145499,2660100
2022-05-18,30.830934524536133,31.980180079731106,30.73588347110562,31.79872077568929,2963600
2022-05-19,30.891414642333984,31.089292594258126,30.50257100156953,30.597622035563376,3346900
2022-05-20,31.288896560668945,31.375308086484463,30.79636240043983,31.211127835566312,4581400
2022-05-23,31.729585647583008,31.88512309066038,31.072871266531337,31.57404820450564,2868200
2022-05-24,32.489994049072266,32.533201467156736,31.383952708384488,31.67774535153758,5111800
2022-05-25,32.489994049072266,32.71466075656397,32.20484420804135,32.36902118946744,3801700
2022-05-26,32.28261184692383,32.844272004007756,32.24804723213811,32.6628127207774,2245700
2022-05-27,33.302242279052734,33.31347594278401,32.455429061262535,32.55047680002175,2111100
2022-05-31,32.593685150146484,33.293600434950385,32.57640284362179,32.93932139185153,3476500
2022-06-01,32.87019729614258,33.090539300035694,32.16163917040797,32.68009521002638,3279200
2022-06-02,33.52690887451172,33.55283398416687,32.45543216830909,32.75786431209294,3114400
2022-06-03,33.08621597290039,33.60467193068364,32.95660033532328,33.345443951792014,3038800
2022-06-06,32.47271728515625,33.30224834809325,32.39926664708623,33.30224834809325,2197700
2022-06-07,33.008460998535156,33.02574331049483,32.20485162186198,32.32582450931575,3793800
2022-06-08,32.28261184692383,32.965248155757756,32.10115256369347,32.80106788365716,2479600
2022-06-09,31.677753448486328,32.43815871270312,31.66047113608776,32.17028781492137,2224800
2022-06-10,31.185211181640625,31.548129761277227,30.96918727578173,31.427156901398362,2894900
2022-06-13,29.336044311523438,30.588983506734568,29.202107261048408,30.398881432681556,4302800
2022-06-14,29.05953598022461,29.51750559388171,28.82622977243803,29.482940978743745,5863100
2022-06-15,29.58663558959961,30.0921307380834,29.12866266783107,29.318764759744926,5971200
2022-06-16,29.18914794921875,29.392210940088734,28.644770101316375,28.86079399862264,5695200
2022-06-17,29.171865463256836,29.690324791375083,28.90399794184565,29.38788935924034,6361800
2022-06-21,29.405170440673828,29.96683386532242,29.35332681740732,29.422452747183637,3239500
2022-06-22,29.422460556030273,29.871790755750716,28.986091265566337,29.13731066359572,4957000
2022-06-23,30.31247901916504,30.407526778184668,29.495905542534004,29.517509253739647,4051500
2022-06-24,30.68403434753418,30.792046301201772,30.24334702692622,30.485292748337393,5028900
2022-06-27,30.7099552154541,31.202489392436256,30.407519809206764,30.640825992450328,3596500
2022-06-28,30.917341232299805,31.427157796497777,30.852536695706963,31.046956898012102,3747600
2022-06-29,30.796369552612305,30.856855986599246,30.21310562701623,30.675396684638415,3643900
2022-06-30,30.744525909423828,31.23273878249012,30.36000029885102,30.588988423156728,4594700
2022-07-01,30.882774353027344,31.11175913114316,30.433444301365316,30.666750479897296,3941700
2022-07-05,31.185211181640625,31.202493489660924,30.11805255929557,30.7099592480037,3611100
2022-07-06,31.435802459716797,31.911054435022084,31.185213915846614,31.193853422482636,3024400
2022-07-07,31.617263793945312,31.811684020232704,31.435804476575253,31.608624286754996,2332400
2022-07-08,31.513565063476562,31.699345734451416,31.271616073390774,31.504922262261253,2468200
2022-07-11,31.539491653442383,31.660464518683586,31.16793025519391,31.409875985676315,1815200
2022-07-12,30.16558265686035,30.969191972222898,29.811303529376286,29.975480536071537,9174300
2022-07-13,30.511213302612305,30.796363103658088,29.647117802301974,29.880423982937295,7994500
2022-07-14,30.31247901916504,30.744526873169576,30.01004354360374,30.139659218310516,4079900
2022-07-15,30.951904296875,31.064237648440486,30.390240835310713,30.74452319765287,2587600
2022-07-18,30.744525909423828,31.27162150592518,30.58034562043998,31.159291440714945,2740300
2022-07-19,30.822296142578125,30.925990013700726,30.182003464155354,30.900064897788106,2799000
2022-07-20,30.856853485107422,31.10744200346068,30.58466455423188,30.84821397935114,2663200
2022-07-21,31.297550201416016,31.297550201416016,30.692682496259664,30.977832389557033,2531400
2022-07-22,31.49628448486328,31.867845847192925,31.271617788622404,31.513566791978967,2675900
2022-07-25,31.504928588867188,31.59134013705857,31.211135917543526,31.470363969590633,2632100
2022-07-26,31.634540557861328,31.803038936769934,31.40123434946561,31.574054129343526,1769200
2022-07-27,31.94562339782715,31.98018472533414,31.409881618169415,31.69503481988375,2870800
2022-07-28,33.371376037597656,33.431862474757224,32.161643998142665,32.41222925369076,4040300
2022-07-29,33.72565460205078,33.82934846085433,32.904766312235786,33.362735985029026,3005200
2022-08-01,33.27631759643555,33.837981012588436,33.21151306833265,33.665161246367326,2056800
2022-08-02,32.818355560302734,33.44914505015851,32.77515143288372,33.25040342702014,2052900
2022-08-03,32.550479888916016,33.211515796226976,32.53320087751124,32.93068406508386,2547800
2022-08-04,32.766510009765625,32.77515281337164,32.35174443579864,32.550486067308,2182800
2022-08-05,32.7319450378418,32.809713780313764,32.213485655940865,32.55912524387482,2358600
2022-08-08,32.957923889160156,33.46202877118857,32.784097820686654,33.01007369901405,2568300
2022-08-09,33.41856002807617,33.44028662092694,32.723246061999696,32.99267835887516,1976000
2022-08-10,33.84444808959961,33.89659789533329,33.35772983149651,33.85314138164829,1458600
2022-08-11,33.800987243652344,34.13126267326205,33.72711084830462,33.94874334986683,2311600
2022-08-12,34.409393310546875,34.43546655610596,33.9052884596078,33.98351151180457,1444500
2022-08-15,34.574520111083984,34.5832134009499,34.279011250497,34.539756898176236,1692000
2022-08-16,34.60060119628906,34.87872682908483,34.33551218448074,34.44415511340156,1297800
2022-08-17,34.531070709228516,34.739666607163535,34.27901829958351,34.31378483515923,1283400
2022-08-18,33.7227668762207,34.60060366112589,33.692346986576624,34.557143834046364,1796900
2022-08-19,33.70537185668945,33.83574466143329,33.47939608605405,33.757521641690616,1517800
2022-08-22,33.253421783447266,33.61846369993085,33.22300190003352,33.46201763794055,2386700
2022-08-23,32.58419418334961,33.22301192785494,32.27999194187506,33.10567900370651,2294900
2022-08-24,32.74932861328125,33.123060597993536,32.40166987361232,32.40166987361232,1524400
2022-08-25,33.227352142333984,33.253425383648995,32.758013905549895,32.91445998447792,2158100
2022-08-26,32.401668548583984,33.22735553489259,32.37559530460686,33.22735553489259,1814700
2022-08-29,31.91494369506836,32.29736556136741,31.91494369506836,32.175686027341285,1825500
2022-08-30,31.306549072265625,32.14092603132797,31.17096090999439,32.071396275832434,2429700
2022-08-31,31.53251838684082,31.94101680559259,31.45864200083807,31.53251838684082,3781000
2022-09-01,31.767194747924805,31.801961284181363,30.950201039012004,31.332622991275986,2907800
2022-09-02,31.697660446166992,32.50596406288196,31.593360852351644,32.01924257163372,4313500
2022-09-06,33.183895111083984,33.827059367172936,33.09698209772675,33.201278376859214,19235600
2022-09-07,33.79229736328125,33.944396799871726,33.03614019477023,33.04483348572914,8483000
2022-09-08,33.78360366821289,34.08780585327411,33.57501110496081,33.60977432182348,6323400
2022-09-09,34.37461471557617,34.4528377403355,33.61846101991495,33.7749070694336,5420800
2022-09-12,34.86134338378906,34.939566424831604,34.2529423218492,34.38331516209311,6492800
2022-09-13,33.81837463378906,34.65275162721252,33.77491812037482,34.296402912384615,6662600
2022-09-14,33.20997619628906,33.922673683820356,32.97530702617222,33.76622757040912,8483300
2022-09-15,32.33213424682617,33.34034043025698,32.28867774113462,33.09698134596918,7405800
2022-09-16,32.03662872314453,32.158308278037815,31.567290455253964,31.897565901049457,97902400
2022-09-19,31.923635482788086,31.927982127969816,31.30654448773499,31.575980125182415,8084900
2022-09-20,31.02841567993164,31.810642640624618,30.845896387321798,31.688963112218055,5743500
2022-09-21,30.30703353881836,31.36738969155227,30.307033538818356,31.219633569448977,4765100
2022-09-22,30.420024871826172,30.64600074061683,29.72471068071692,30.17666573381783,7356500
2022-09-23,30.446096420288086,30.91543471643745,30.1418975147391,30.159280782987526,6740000
2022-09-26,29.83769989013672,30.29834491417787,29.629103977719858,30.29834491417787,5768300
2022-09-27,29.46396255493164,30.307029397483838,29.43354266858469,30.089743547714487,4480300
2022-09-28,29.976760864257812,30.081057156227022,29.111960691975096,29.6899419169433,5215900
2022-09-29,29.446575164794922,29.85507025059452,29.211906082049545,29.75946727512209,4676500
2022-09-30,29.350975036621094,29.79423674231048,29.259715371200315,29.64648394558708,6005300
2022-10-03,30.359182357788086,30.61123476550351,29.47700224630339,29.75947454353486,5852000
2022-10-04,30.45478630065918,30.924124544233766,30.215770533416833,30.45478630065918,4513900
2022-10-05,29.776853561401367,30.18535204967364,29.255368810196963,30.03759925252276,3357500
2022-10-06,29.290136337280273,30.06367351451282,29.229296558094745,29.785547862373463,4336300
2022-10-07,28.11678695678711,29.229292735365693,27.95165090852633,29.003313600357398,5786500
2022-10-10,27.934268951416016,28.490520208998166,27.934268951416016,28.24716111268573,4059700
2022-10-11,28.655658721923828,28.825141418280335,27.656142493984337,27.93426811444214,5757900
2022-10-12,27.986421585083008,28.673045751253724,27.96903831708281,28.612202655493352,3694900
2022-10-13,28.238468170166016,28.44706071208193,27.247643649509396,27.482312745803807,4246100
2022-10-14,27.464937210083008,28.638281363977278,27.438862306126317,28.577441579171467,3037500
2022-10-17,28.560049057006836,28.712148469744324,27.760437163417038,27.925574852788646,3440100
2022-10-18,28.93378448486328,29.33358965180031,28.733881901394767,28.93378448486328,4005900
2022-10-19,28.247161865234375,28.725190095234517,28.103752401578596,28.47313770132784,3434400
2022-10-20,28.28192710876465,28.66956432354433,28.15155427220193,28.334073590974565,2652100
2022-10-21,28.768646240234375,28.803412773199366,28.012492383600726,28.342767815729992,3216900
2022-10-24,28.57744026184082,29.185841397373142,28.394917600317505,29.08154178635426,2772400
2022-10-25,29.51611328125,29.58564635462388,28.586129975750598,28.725192806978935,3895800
2022-10-26,29.246681213378906,29.733399469955096,29.177148139285475,29.49873031816895,4325900
2022-10-27,26.98690414428711,27.73436806073979,26.248133519245773,26.248133519245773,9353700
2022-10-28,27.82128143310547,27.88646785743691,26.68270559226262,26.813076783165865,4524700
2022-10-31,27.54315185546875,28.06898150043839,27.525768591471273,27.6213748856981,4465500
2022-11-01,27.50838851928711,27.82997230951678,27.317177566406446,27.760440903218406,4959700
2022-11-02,27.34325408935547,28.168941088785665,27.191154637872916,27.473626942351586,5056100
2022-11-03,27.256338119506836,27.517080481808232,26.60448055599383,27.012977365668554,4918300
2022-11-04,26.969520568847656,27.499696920880034,26.382847773317433,27.412783906217328,5057600
2022-11-07,26.006635665893555,27.258385853871832,25.984752259938052,27.188357953056112,4638700
2022-11-08,26.356775283813477,26.58436636542982,25.875332033226183,26.102923114842525,4055900
2022-11-09,26.09416961669922,26.65439446399682,26.015388023635445,26.277993890380284,3467400
2022-11-10,28.265037536621094,28.36132652059393,27.04830053688067,27.109574737737294,5051300
2022-11-11,27.99367904663086,28.553902241137045,27.936782526286635,28.361327605021565,3549500
2022-11-14,27.3984432220459,28.076840532632744,27.389691194840772,27.80985862375874,3517300
2022-11-15,27.722322463989258,28.046202557215175,27.6435408648153,27.96742095804122,5153200
2022-11-16,27.29340362548828,27.87988798509116,27.25838883645072,27.71357107635681,3036300
2022-11-17,26.94325828552246,27.205862468409595,26.755058008934565,26.916997199395077,3374500
2022-11-18,27.37217903137207,27.468466340222026,27.02203956828892,27.328410554988768,5268400
2022-11-21,27.35466957092285,27.555999538261677,26.96076166126295,27.31090276744799,3190800
2022-11-22,27.64354133605957,27.68730814985925,27.245257319933575,27.363429720709014,2978700
2022-11-23,27.661048889160156,27.954290216424692,27.345922485272467,27.54725250126874,2433000
2022-11-25,27.76608657836914,27.82736244812421,27.503482386377218,27.643538178052474,1070600
2022-11-28,27.127086639404297,27.897395300063863,27.057058731125885,27.626035694587614,2587900
2022-11-29,27.941160202026367,27.984927015602455,26.95201585667332,27.004536366884007,3226600
2022-11-30,28.56266212463379,28.597673575432996,27.407199098808757,27.538501222089735,5051500
2022-12-01,28.317556381225586,29.039720422061038,28.002431681061886,28.70271231724103,3424100
2022-12-02,28.326309204101562,28.422598179462753,27.866749399584318,28.00242916762994,2377200
2022-12-05,28.142492294311523,28.361329704565286,27.801104798989734,28.05495532669369,3154200
2022-12-06,27.71356964111328,28.308807667149082,27.47722483614078,28.230026065491582,3209800
2022-12-07,28.16874885559082,28.22564537437144,27.569134879849454,27.626031398630072,3263300
2022-12-08,28.107473373413086,28.64581145351376,27.98492330636887,27.98492330636887,5538400
2022-12-09,27.652292251586914,28.203763399740968,27.630408846888017,28.019937457560605,4739800
2022-12-12,27.26713752746582,27.687304901191656,26.842594140712244,27.66979917948396,8307300
2022-12-13,28.054954528808594,28.35257353185716,27.512238701788426,28.116228734801492,4496300
2022-12-14,28.01993751525879,28.59329373888914,27.827362885673242,28.081215055574102,3508500
2022-12-15,27.328411102294922,27.941156427159378,27.214616400612677,27.73982644055411,3140600
2022-12-16,26.593116760253906,26.829461523156464,25.945358338281324,26.811954132660723,8240600
2022-12-19,26.041648864746094,26.59311834137697,25.849072566633055,26.549351532132064,2911400
2022-12-20,25.849071502685547,26.076662574504265,25.542698841791243,25.866577223904923,3172200
2022-12-21,26.05915641784668,26.277993804621484,25.827187652539592,26.041649026201473,3118600
2022-12-22,25.927854537963867,25.989128739641142,25.446411281248416,25.927854537963867,2811100
2022-12-23,26.172950744628906,26.181704440324513,25.647740690069796,25.84031865617962,1537200
2022-12-27,26.02414321899414,26.164199021489345,25.79217610916087,26.155445325133787,2027300
2022-12-28,25.481426239013672,26.207966307404533,25.468294860281084,26.137938409352284,2146300
2022-12-29,26.2867488861084,26.321762001647713,25.533947701649392,25.682757199284385,2455600
2022-12-30,25.945362091064453,26.25173479066762,25.61272997151612,26.13794007517913,2436100
2023-01-03,25.612730026245117,26.129186434497665,25.284473919453934,25.74403213504221,3123200
2023-01-04,26.01538848876953,26.474948346390367,25.700263780477023,25.744030590918626,5533700
2023-01-05,25.0262451171875,25.76591492575693,24.964970912519803,25.735277823423083,5591500
2023-01-06,26.032894134521484,26.12918311455019,25.087516733865442,25.201313104735128,2986800
2023-01-09,26.085416793823242,26.352398682630106,25.700264181062778,25.82281258788685,3719800
2023-01-10,26.09416961669922,26.234225411124427,25.88408592506141,25.910347012614924,2191700
2023-01-11,27.26713752746582,27.372180205695642,26.400541693057512,26.409295388709726,5339400
2023-01-12,27.494731903076172,27.704815615134425,27.092071872363746,27.433457695758797,4579800
2023-01-13,27.319656372070312,27.569132509010483,27.0833132822057,27.267135870944468,2862500
2023-01-17,27.68730354309082,27.822983314649743,27.22336938345727,27.363425167829284,3043900
2023-01-18,27.10082244873047,27.932405225342787,27.074563029626965,27.818610513501646,2602100
2023-01-19,27.08331871032715,27.503486142738396,26.960768623676145,27.022044501800128,2358100
2023-01-20,27.599773406982422,27.599773406982422,26.851348232314372,27.057055921973664,2956900
2023-01-23,27.53849983215332,27.805481748787752,27.359053216487112,27.643542527234587,2351900
2023-01-24,27.93240737915039,27.980551877348255,27.398443554915147,27.529747338944578,2681400
2023-01-25,28.08121681213379,28.08121681213379,27.66980143098641,27.836116653121397,2554500
2023-01-26,28.116228103637695,28.31755811012252,27.919275780109462,28.273791298137766,2660300
2023-01-27,28.492626190185547,28.71584125261888,27.9936772312358,28.098718238595374,2767900
2023-01-30,27.836116790771484,28.39196566028657,27.774842585513817,28.247532173953317,3625300
2023-01-31,28.448862075805664,28.61517729813909,27.617279285751057,27.70481457990368,5166300
2023-02-01,28.606422424316406,28.83401182902685,28.09871810267968,28.317555481483083,3700300
2023-02-02,29.68310546875,29.80390414367845,28.939059627725364,28.94781165467659,3152400
2023-02-03,29.254175186157227,29.454630277808153,29.004700742081127,29.324204740589156,3031600
2023-02-06,28.912796020507812,28.934681096034712,28.501383981990493,28.842769789370404,2375000
2023-02-07,28.974069595336914,29.166647570369,28.49700567979932,28.711465390689103,2724900
2023-02-08,28.939058303833008,29.206040192747857,28.750858010650305,28.939058303833008,2087800
2023-02-09,28.56266212463379,29.245433833533713,28.426980648208016,29.061611194859758,2849600
2023-02-10,28.59766960144043,28.667699171695716,28.291298579557804,28.422602354189614,2306600
2023-02-13,29.180036544799805,29.22856726538689,28.730028386424934,28.730028386424934,3151900
2023-02-14,29.171215057373047,29.42269090416154,28.88444352816263,29.074153613703533,3216600
2023-02-15,29.038860321044922,29.065330402048957,28.809445098385705,29.03003808270418,3066400
2023-02-16,28.75649642944336,29.268270311259126,28.28001486066297,28.65943499513833,5311500
2023-02-17,28.791793823242188,28.844733978938876,28.165308947310283,28.677084542597,2812200
2023-02-21,28.456491470336914,28.756498026678948,28.218250672714003,28.64178874649427,2754000
2023-02-22,28.324132919311523,28.721200895298015,28.174131331706203,28.6241394605034,2421800
2023-02-23,28.403547286987305,28.51825656449893,28.077070660511037,28.403547286987305,2839200
2023-02-24,27.83882713317871,28.23589508095078,27.759413543624298,28.121187497700234,2897600
2023-02-27,27.644710540771484,28.45649272617103,27.538825176158163,27.997658951164595,3279600
2023-02-28,27.582942962646484,28.010893828744557,27.53000112532209,27.688826637295275,3578500
2023-03-01,26.788806915283203,27.40646613156622,26.497624304594932,27.344700378236976,2891500
2023-03-02,26.982929229736328,27.071166745199907,26.532919415563637,26.568215094945316,2907200
2023-03-03,28.08588981628418,28.13442052676899,27.17263528458568,27.194694239445038,3501700
2023-03-06,28.121191024780273,28.41237366200433,27.909420304080317,28.235898622417935,2806300
2023-03-07,27.432941436767578,28.12560321664008,27.33587999299232,28.085896415367547,2329100
2023-03-08,27.9094181060791,28.209424639954587,27.415290390339123,27.415290390339123,3586800
2023-03-09,27.591766357421875,28.178542724322398,27.494704921682736,27.91824297819613,3568700
2023-03-10,26.700571060180664,27.715298300811714,26.47115418858736,27.618236863563215,5297200
2023-03-13,27.468233108520508,27.618236380283957,26.506449404849732,26.506449404849732,3797800
2023-03-14,27.582942962646484,28.015304947275478,27.238818495551925,27.90059735257418,4805700
2023-03-15,27.759416580200195,27.812360101021575,27.260877714895628,27.28293667374253,3602300
2023-03-16,27.44176483154297,27.715299633406296,26.990873099593554,27.55647243135961,3931800
2023-03-17,26.90351676940918,27.45499916059006,26.779985252341685,27.32705484191833,6404000
2023-03-20,27.009403228759766,27.154993710804288,26.378507212921715,26.77116242215153,3816100
2023-03-21,26.638805389404297,27.344702163526133,26.31232707950378,27.009401616565928,4625100
2023-03-22,25.403484344482422,26.36968083734246,25.359364745704646,26.250560445128382,3639100
2023-03-23,25.306425094604492,25.906438225850295,25.25348325449185,25.52701805856305,2962900
2023-03-24,25.977025985717773,25.985849905582384,25.191713947673836,25.209361787403054,3006600
2023-03-27,26.05644416809082,26.36968580496494,25.994676718165948,26.074090327935576,2575700
2023-03-28,25.994674682617188,26.025559246656627,25.668198030676976,25.791729554871566,1737800
2023-03-29,26.67409896850586,26.779984324459743,26.232913070847513,26.409388103107105,2096800
2023-03-30,27.088815689086914,27.119698568309424,26.77557241227323,26.84175097231615,2349600
2023-03-31,27.55647087097168,27.587353749288596,27.185874648178036,27.247640404811868,3084600
2023-04-03,27.521175384521484,27.927065582140035,27.371172119534073,27.521175384521484,2726000
2023-04-04,27.57412338256836,27.7064788382065,27.212351018428336,27.671184835432097,2541300
2023-04-05,27.53882598876953,27.7594189621483,27.459414066704735,27.521179829972258,2601800
2023-04-06,27.785888671875,27.860891152437464,27.463823156496655,27.68000499495125,1928500
2023-04-10,27.918243408203125,27.922656209708673,27.54764718229819,27.63588469951187,2162300
2023-04-11,28.16530990600586,28.41237463327452,27.909421258157167,27.980010939806675,1967100
2023-04-12,28.20060157775879,28.641787472402005,28.116776863653204,28.41237228821928,3433900
2023-04-13,28.42119598388672,28.624141101921637,27.944716068370358,28.244720943775054,3822000
2023-04-14,28.412376403808594,28.672674503681787,28.19619454360317,28.474142168727038,3084100
2023-04-17,29.11827278137207,29.162390703299025,28.438846012555587,28.518259618416778,3621800
2023-04-18,29.215330123901367,29.510923861855378,29.0388550950099,29.118268689712,3467500
2023-04-19,29.374162673950195,29.462398521507946,28.91091605931745,29.012390313392505,2883800
2023-04-20,29.285921096801758,29.55945758772511,29.043270852610856,29.29474670043433,3731000
2023-04-21,29.374162673950195,29.590342856653958,29.012390313392505,29.435928440436985,4021000
2023-04-24,28.98591423034668,29.45357360462269,28.853560471046368,29.374160002649898,2960200
2023-04-25,28.562374114990234,28.97708993652836,28.45649044186735,28.871206263405472,2743300
2023-04-26,28.35943031311035,28.756498313103474,28.266781674108863,28.42119607244468,2634300
2023-04-27,29.00356101989746,29.18886166177007,28.39472567083431,28.39472567083431,2780400
2023-04-28,29.44474220275879,29.572686501074422,28.91532053784936,29.118265621597338,2907000
2023-05-01,29.488861083984375,29.78886760156445,29.330037272071127,29.39180302280988,3036900
2023-05-02,29.691814422607422,29.8418160230717,29.003562083236346,29.656518740387057,3355400
2023-05-03,29.51534080505371,30.115353967894666,29.497692963089957,29.859465308392735,2716700
2023-05-04,29.453569412231445,29.788868247518014,29.330037908075234,29.541805239205587,2891500
2023-05-05,30.34476661682129,30.47712373737223,29.54180838823303,29.54180838823303,2446200
2023-05-08,30.33594512939453,30.569773130963547,30.133000007919886,30.22123584648052,2044300
2023-05-09,30.27370262145996,30.464858299253045,30.042539272134306,30.264813158329503,2053200
2023-05-10,30.65601921081543,30.753820280099326,30.255925469031734,30.558218141531533,2371300
2023-05-11,30.255922317504883,30.50487139292303,30.04342987907628,30.398177478473578,2898600
2023-05-12,30.23813819885254,30.415957987388374,30.038093056518704,30.300378007725893,2999100
2023-05-15,30.300378799438477,30.424851637176776,30.06921205081267,30.273703625901373,2104800
2023-05-16,29.52686309814453,30.309268150260543,29.500191316336974,30.309268150260543,2197300
2023-05-17,29.873611450195312,29.882504305700976,29.357937754677415,29.624665762126718,2353700
2023-05-18,29.820268630981445,29.864722734731913,29.43795723379214,29.766921671502455,2317700
2023-05-19,29.81137466430664,30.158121408921474,29.691348249490193,30.02475910263993,2141600
2023-05-22,29.909175872802734,30.122560312198416,29.597993764965906,29.740248927352827,1293900
2023-05-23,29.61577796936035,30.158123478736538,29.59354922097253,29.820269566331206,2661800
2023-05-24,29.286806106567383,29.615773901036533,29.108989710414747,29.517972848174374,1996600
2023-05-25,29.251249313354492,29.491302163014453,28.94895664561392,29.491302163014453,2635300
2023-05-26,29.68690299987793,29.73580353161089,28.98451662737785,29.251248033786997,1604500
2023-05-30,29.864721298217773,30.167013937463462,29.784702558663607,29.855831834547555,2322100
2023-05-31,30.1225643157959,30.26481949708999,29.758035201752843,29.99809145611745,3944300
2023-06-01,30.095890045166016,30.198137549631703,29.437961083701158,30.006981826037624,4208000
2023-06-02,30.664907455444336,30.767151545860493,30.318157336958425,30.4781948096041,2531400
2023-06-05,30.647123336791992,30.976087726069217,30.5848869223782,30.66490565400025,1430000
2023-06-06,30.40707015991211,30.798271002430894,30.220360898139315,30.780488683457694,3043100
2023-06-07,30.638235092163086,30.709364371698136,30.304824225511666,30.57599866838528,3027600
2023-06-08,30.896072387695312,30.922744170621897,30.273704783573894,30.487089221878314,2316900
2023-06-09,30.487092971801758,31.0072131526286,30.460417793963533,30.913858509272323,3229300
2023-06-12,29.882511138916016,30.451531922693647,29.646901288598535,30.451531922693647,4612200
2023-06-13,30.24703598022461,30.29149008669153,29.446848497296344,29.59799652924098,4415500
2023-06-14,30.26481819152832,30.624900861726477,30.06921605382517,30.318161762443065,3619800
2023-06-15,30.53154754638672,30.57600165462242,29.962526821055206,30.20258307548526,3149000
2023-06-16,30.584888458251953,30.807162347071717,30.491530440312914,30.71825075656558,4752900
2023-06-20,30.576000213623047,30.736037709034097,30.318161649724033,30.51376378669996,2827500
2023-06-21,30.389284133911133,30.527092849604703,30.18479257810998,30.451520546910174,2396300
2023-06-22,29.846940994262695,30.549327378698486,29.620220651614527,30.50487327408512,2278900
2023-06-23,29.108993530273438,29.864723487984666,29.011192464577228,29.802487062838132,5078600
2023-06-26,29.873611450195312,29.90028662508168,29.02897332521097,29.189010808006675,2981900
2023-06-27,30.291486740112305,30.34483369695743,29.820267158687244,30.06921284070342,1761500
2023-06-28,30.460416793823242,30.61156482450703,30.086998232658985,30.193688765615786,3247300
2023-06-29,30.344837188720703,30.558218257393765,30.095888086427546,30.46931004405181,3773900
2023-06-30,30.584888458251953,30.744925929532613,30.113665507645386,30.611560239588602,4583900
2023-07-03,30.993871688842773,31.118344524279024,30.52265212851113,30.55821337318549,1162100
2023-07-05,30.816055297851562,31.122794384459137,30.513762639180108,30.807165833610096,2330500
2023-07-06,30.896072387695312,30.949419345179063,29.89050479347,30.335941204822976,2549800
2023-07-07,30.887176513671875,31.064992885119583,30.736028527985468,30.744921381535782,2206500
2023-07-10,30.896072387695312,30.993873447266896,30.58933331751727,30.718252587713394,2176700
2023-07-11,31.340620040893555,31.371738251368228,30.798271179794504,30.967201515197498,2273400
2023-07-12,31.385074615478516,31.740714219086055,31.367292296135076,31.660695477855892,2292200
2023-07-13,31.562896728515625,31.571786193022977,31.1361312079145,31.349512272399625,2530700
2023-07-14,31.473983764648438,31.57178142598627,31.25170987758632,31.536220181695402,1806200
2023-07-17,31.411754608154297,31.487326933232016,31.23393477907703,31.411754608154297,1964600
2023-07-18,30.96720314025879,31.54511327820539,30.74492922759531,31.491766318179085,2469900
2023-07-19,31.385074615478516,31.420639254165394,30.949419662271428,31.189475885961926,3069700
2023-07-20,31.71403694152832,31.73181925969274,31.073890445761073,31.385072534562486,2658400
2023-07-21,32.13191604614258,32.26083532157702,31.66514286780829,31.758497503475144,2642600
2023-07-24,32.149696350097656,32.48310719584326,32.100795821391195,32.2830620450481,2738300
2023-07-25,31.607343673706055,32.21192887216394,31.536217798868122,32.08745604747498,3627200
2023-07-26,31.58068084716797,31.962992283737023,31.322842270573755,31.634027812141927,3955700
2023-07-27,31.020549774169922,31.634028004390004,30.504876009478675,31.296170674097137,4987600
2023-07-28,31.536224365234375,31.76738774612734,31.23393170306307,31.554006685553958,2904700
2023-07-31,31.562896728515625,31.985215821047642,31.380630485621662,31.660697796250837,4299000
2023-08-01,31.43842315673828,31.625132431801084,30.944974792907452,31.42953030080341,2555000
2023-08-02,31.509550094604492,31.554007592496674,31.216150279975327,31.29616902789799,1950500
2023-08-03,31.260602951049805,31.56289560803139,30.918302617759107,31.56289560803139,2531100
2023-08-04,30.904958724975586,31.61623785294705,30.851615164518897,31.136125459055386,2238300
2023-08-07,31.290159225463867,31.334948348713443,30.940799280049692,30.994544861072757,1913600
2023-08-08,31.30807876586914,31.415573356119683,30.851220777219353,31.146835171897617,3197900
2023-08-09,31.00349998474121,31.321507153426882,30.92735814516659,31.263281643844618,2330500
2023-08-10,30.92287826538086,31.397649050886795,30.882565668526095,31.16474359493781,2466300
2023-08-11,31.084129333496094,31.155791253732506,30.681020353443234,30.815391152524644,1832100
2023-08-14,30.869131088256836,31.128912763096224,30.725803856826612,30.95871274364494,2662500
2023-08-15,30.6630916595459,30.855687904763027,30.506328068599394,30.636218877437923,2402900
2023-08-16,30.5197696685791,30.77059145690222,30.452584284652385,30.71684588351331,2342800
2023-08-17,30.027088165283203,30.654146170578674,29.986775560510093,30.304786209437385,3658700
2023-08-18,29.97333335876465,30.1587637869821,29.767300688697667,29.812089805287783,2482600
2023-08-21,29.44481658935547,29.964379963004667,29.234303960969704,29.91959084183961,2222500
2023-08-22,29.731470108032227,29.847924553064047,29.503044572288886,29.606059205932166,2212300
2023-08-23,30.25998878479004,30.26894865871234,29.803134313282044,29.92854521066892,2047900
2023-08-24,30.098745346069336,30.81090496934158,30.098745346069336,30.40331613401891,2141700
2023-08-25,30.233118057250977,30.4122779588062,30.121143545927826,30.242074514592836,1946800
2023-08-28,30.233118057250977,30.68997255988544,30.22416159990912,30.421234416148057,1484800
2023-08-29,30.49289894104004,30.501855398146155,30.107706358851818,30.26894992428832,2015900
2023-08-30,30.806427001953125,30.833299791163906,30.48393986266018,30.582477979354234,2362400
2023-08-31,30.537689208984375,30.842260019904366,30.506336482148093,30.842260019904366,2107700
2023-09-01,30.618305206298828,30.78850520306338,30.479457930443278,30.672054192367245,1760600
2023-09-05,30.340612411499023,31.075164927082014,30.340612411499023,30.672059422991765,2196100
2023-09-06,30.421234130859375,30.443630399790333,30.206244984761984,30.295823226104087,1975700
2023-09-07,30.645179748535156,30.882565137204004,30.322692648007482,30.439147082573694,1958600
2023-09-08,30.34957504272461,30.770596916802557,30.291346104967108,30.689975125223175,1654700
2023-09-11,30.5197696685791,30.636224106239368,30.255511486908755,30.492896881884647,1981000
2023-09-12,30.7526798248291,30.91839990593502,30.51529100277477,30.57351993262558,2424100
2023-09-13,30.71685028076172,30.904966648933723,30.62726861697191,30.761639404061093,2595200
2023-09-14,31.487232208251953,31.505145121944256,30.96766886421669,31.003501525982717,2528100
2023-09-15,31.612642288208008,31.648474949045667,31.330464355599723,31.330464355599723,6463400
2023-09-18,31.066211700439453,31.585771706305586,30.95423717828308,31.567858789888845,2222600
2023-09-19,30.510818481445312,31.1378730605485,30.385404148433505,31.066211144590063,3004700
2023-09-20,30.421234130859375,30.77059405616079,30.349572221223866,30.77059405616079,2942200
2023-09-21,29.57022476196289,30.358526206921166,29.552311848905493,30.25103164262386,2725000
2023-09-22,29.274614334106445,29.80761406182211,29.265654460240786,29.561268788376054,3452200
2023-09-25,29.11336898803711,29.238779876927417,28.943168984141757,29.11336898803711,2251000
2023-09-26,28.66547393798828,29.023793729089448,28.593810321487126,28.889422953128815,2601700
2023-09-27,28.396732330322266,28.934208534049603,28.119034355321933,28.781924862629992,3843800
2023-09-28,28.450483322143555,28.764012287634337,28.36090337363256,28.52214693923327,2794600
2023-09-29,28.38777732849121,29.03274986997816,28.163828315789377,28.87150630745758,3777000
2023-10-02,28.029457092285156,28.665471419274596,27.698011827217886,28.60276597392017,3722100
2023-10-03,27.83238410949707,28.056333130923463,27.630829648494228,27.823425943608562,2733900
2023-10-04,28.2802791595459,28.289237324486397,27.760717553163886,27.984666550890534,3163100
2023-10-05,28.36090087890625,28.405689994924234,28.09216276560783,28.23548998717969,2120200
2023-10-06,28.63859748840332,28.80431926990115,27.97570865381673,28.154868537151604,2092000
2023-10-09,28.835670471191406,28.925252116725822,28.37881603913219,28.37881603913219,1499000
2023-10-10,28.620683670043945,29.05066535179862,28.540061891140528,28.701305448947362,2868100
2023-10-11,29.498567581176758,29.543356705372606,28.790887800432508,28.86255313289877,3210700
2023-10-12,29.256698608398438,29.547833005619587,29.07306219664371,29.31044760113165,2230600
2023-10-13,29.149208068847656,29.435862568662003,28.979004610263946,29.35524077701477,1642600
2023-10-16,29.283573150634766,29.43586026390748,28.974525821177327,29.247743903856705,1903600
2023-10-17,29.31044578552246,29.623973014068252,29.117849511647048,29.167118564302886,2316200
2023-10-18,28.844636917114258,29.21639314211515,28.755055251167036,29.18504041333141,1892000
2023-10-19,28.271320343017578,29.032747259458127,28.239967620746075,28.77296560795685,4070500
2023-10-20,27.939882278442383,28.549023931234927,27.930924111948897,28.38778035154331,3200500
2023-10-23,27.411359786987305,27.841341485869794,27.26355261691154,27.6442669676975,4009300
2023-10-24,27.86821746826172,27.904048424114166,27.45615037008795,27.46510853619993,2915700
2023-10-25,27.160533905029297,27.78759177596354,27.133661119066133,27.617390060950775,3324800
2023-10-26,26.02287483215332,26.640974591309018,25.521229517488386,26.425983742166903,7448500
2023-10-27,25.798925399780273,26.23786696517673,25.664556334815916,26.17515980683769,3665000
2023-10-30,26.21994972229004,26.54243512526935,25.884026217264925,26.31848612191927,4295600
2023-10-31,26.596179962158203,26.667843563693154,26.184112971885966,26.327440174955864,2888800
2023-11-01,26.649932861328125,26.743991037834622,26.28265661236384,26.605143741638,2114300
2023-11-02,27.572603225708008,27.706972292422723,27.05304158144117,27.05304158144117,2661500
2023-11-03,28.63859748840332,28.90733731340563,27.93987770230692,27.93987770230692,4023400
2023-11-06,28.638599395751953,28.656662628617386,28.29540658433224,28.57537980332764,3656200
2023-11-07,28.21412467956543,28.728914774793047,28.16896831853326,28.728914774793047,2732400
2023-11-08,28.439908981323242,28.570864835595152,28.259281820614635,28.36765777251886,2412700
2023-11-09,28.18702507019043,28.620533986885984,28.065102571468437,28.56634429567125,2517400
2023-11-10,28.61150360107422,28.661176625519865,28.123806694812835,28.394749994715117,2193100
2023-11-13,28.45797348022461,28.552802873010783,28.20961004657305,28.37669065137795,2099700
2023-11-14,30.201034545898438,30.295863939816236,29.270800395382278,29.388209692941757,4205400
2023-11-15,30.020404815673828,30.4629419241694,29.862352403144882,30.201030238205597,2743200
2023-11-16,30.291351318359375,30.471980215460395,30.02943958982338,30.155878784231195,3347600
2023-11-17,30.282316207885742,30.670667108120803,30.173940254046258,30.598417620630965,5102600
2023-11-20,30.255218505859375,30.390691011581126,29.957180371355097,30.201028814528886,2050000
2023-11-21,29.94815444946289,30.22361272113265,29.875904963318526,30.110720099799448,2936600
2023-11-22,30.137805938720703,30.36359112678917,30.01136678463573,30.300371549746682,1699600
2023-11-24,30.12877655029297,30.15586967084695,29.91202125023528,30.029430514650223,691500
2023-11-27,30.1558780670166,30.32747706552568,29.9842825137171,30.1558780670166,3405000
2023-11-28,30.065567016601562,30.2055527798422,29.912031243348487,30.05653367659327,2192100
2023-11-29,29.767526626586914,30.45391571805874,29.75849673245075,30.354569656513384,2840300
2023-11-30,30.12877655029297,30.18296279140093,29.55979690219908,29.7133326241584,4242400
2023-12-01,30.733884811401367,30.779044614165688,30.02943598695627,30.20103152374926,3734300
2023-12-04,30.517131805419922,30.553258268231723,29.975245198870308,30.490035235706515,3067200
2023-12-05,30.065567016601562,30.336508648284312,29.767528810103702,30.336508648284312,2965300
2023-12-06,29.767526626586914,30.286833392258863,29.740433498968912,30.146847639286506,3145500
2023-12-07,29.57786750793457,29.839779222641365,29.270799432639237,29.713340034909663,3537300
2023-12-08,29.875900268554688,29.889446829752433,29.37465683298501,29.52367245136906,2522200
2023-12-11,30.05653190612793,30.115238277094463,29.749463822919235,29.749463822919235,2512900
2023-12-12,30.291351318359375,30.386180714165235,29.812684224260224,30.038469484334083,2317000
2023-12-13,31.474462509155273,31.655091398410885,30.246193641678026,30.45391565849865,3778600
2023-12-14,31.871849060058594,32.22859019471123,31.745409861996343,32.05247796238027,4404400
2023-12-15,30.896451950073242,31.700246867166598,30.6209936768838,31.537681215933176,6838300
2023-12-18,30.950639724731445,31.25770777517022,30.860323565655808,31.059015670413014,3892400
2023-12-19,31.221590042114258,31.30287288540707,30.98677485327401,31.122243961955252,2776600
2023-12-20,30.679698944091797,31.429304135466353,30.66163571180202,31.11320618341852,3243700
2023-12-21,30.905485153198242,30.932578279881497,30.300378910666858,30.914515047022864,3154600
2023-12-22,30.914508819580078,31.185450367462135,30.84677257130739,31.049981316125457,2345900
2023-12-26,31.22412109375,31.306074304243726,30.878096041262715,30.932732672799858,1520300
2023-12-27,31.333385467529297,31.43355087122279,31.133054660142314,31.242327904329784,1914000
2023-12-28,31.597461700439453,31.60656606858839,31.251436659174296,31.369814286853615,1661700
2023-12-29,31.060209274291992,31.4608674150554,31.041997066945015,31.360702011458706,2970000
2024-01-02,31.52461051940918,31.715836972572973,31.005574732872336,31.215009920981622,2504400
2024-01-03,31.023784637451172,31.292410351866383,30.868986086545355,31.251432017223266,2459300
2024-01-04,30.941829681396484,31.12394826957745,30.75060672693689,30.923617475216073,2608800
2024-01-05,30.832563400268555,31.133056152126112,30.541175015717908,30.859879975812824,2277000
2024-01-08,31.169483184814453,31.27420252256301,30.759717149138996,30.759717149138996,2786000
2024-01-09,30.868989944458008,30.95094315036316,30.68687132315503,30.89630652188513,2467800
2024-01-10,31.114845275878906,31.155823614573084,30.909964003279097,31.060212122451592,2747100
2024-01-11,30.832563400268555,31.08297344787926,30.700527495765364,30.932728808762256,2540100
2024-01-12,30.777923583984375,31.19679390913748,30.677758185877508,31.12394855736542,2370700
2024-01-16,30.54117202758789,30.78703160430216,30.38637000952785,30.65044179269761,2488800
2024-01-17,30.149620056152344,30.591256536356152,29.79449069332305,30.23157325323783,3802500
2024-01-18,30.094982147216797,30.249784167816475,29.871888693317672,30.076769940462523,2068200
2024-01-19,30.668655395507812,31.12395015675511,30.413691440768805,30.46832458899953,8899000
2024-01-22,31.123952865600586,31.265093142311787,30.828010550308093,30.868988888671012,3703700
2024-01-23,30.714183807373047,31.369809367240535,30.50930255672612,31.205902977273663,3312700
2024-01-24,30.158723831176758,31.123949969725206,30.094982842875037,30.987360152722466,3356300
2024-01-25,30.286209106445312,30.55938877020454,30.11775225056734,30.55938877020454,3065000
2024-01-26,30.277103424072266,30.336290496050932,29.97660719643389,30.322632208180742,2685800
2024-01-29,30.340843200683594,30.48653738816638,30.07677140036372,30.25889000312306,2970600
2024-01-30,30.122303009033203,30.42279574454951,30.049454180045398,30.1769361571507,4005700
2024-01-31,29.985715866088867,30.650445858588533,29.92652879247456,30.34995309626957,4556200
2024-02-01,30.4592227935791,30.4592227935791,29.55318711482272,29.86733816454054,4823300
2024-02-02,30.06766700744629,30.263443897359775,29.662454940308237,30.058559166823283,3369400
2024-02-05,29.339195251464844,29.685216765762192,29.23902984914912,29.685216765762192,2836000
2024-02-06,29.794490814208984,29.812703021815587,29.284559422094414,29.36651261951241,3094000
2024-02-07,29.648794174194336,29.94928689078554,29.439359014479706,29.94928689078554,2403000
2024-02-08,29.767168045043945,29.84457078870266,29.47122925095212,29.58505293287147,2090900
2024-02-09,30.113195419311523,30.140511993597705,29.63058408093098,29.703429436901917,3026600
2024-02-12,29.95840072631836,30.322634500343074,29.90376409708393,30.19515250575323,2836600
2024-02-13,29.37561798095703,29.512207805818807,29.11610182943026,29.293664780764672,4086100
2024-02-14,29.439361572265625,29.83091187975255,29.184394138337183,29.54863134473585,5885200
2024-02-15,29.921974182128906,30.1177510809541,29.607819665180116,29.730751203822507,3114500
2024-02-16,29.77627944946289,29.962948503873502,29.48489106675595,29.667009674353668,2607000
2024-02-20,29.84001922607422,30.003925618875993,29.55682513278489,29.676112833272445,2749500
2024-02-21,30.2315673828125,30.42279031433878,29.76716486496555,30.003920043293764,3451400
2024-02-22,30.158723831176758,30.404583417607682,30.076770635699784,30.37726684365647,2753600
2024-02-23,30.304418563842773,30.495645005834856,29.99026753684377,30.16783221798946,4057000
2024-02-26,30.331737518310547,30.595805833555406,30.12230234998787,30.2588886909166,4209700
2024-02-27,30.53206443786621,30.946384322473143,30.340841478950658,30.641337677495013,4417800
2024-02-28,30.641340255737305,30.846221518439894,30.395480656320082,30.40458502357693,3374300
2024-02-29,31.023784637451172,31.082971705687513,30.75516239665931,30.878090453341965,5748700
2024-03-01,31.451759338378906,31.533712524962034,30.632227472547598,30.868982666509073,3719300
2024-03-04,32.24397659301758,32.27129316860741,31.296962604836743,31.506397789480353,3576200
2024-03-05,31.75225830078125,32.30771851118597,31.633884154083322,32.08917895295622,2744800
2024-03-06,31.79778289794922,31.952584915461774,31.633879987675915,31.897948296288543,2161700
2024-03-07,31.515501022338867,31.99811231318563,31.365252931316483,31.92526696438944,3415900
2024-03-08,31.979904174804688,32.007224223498,31.32428205776439,31.369810840755267,2938700
2024-03-11,31.97079849243164,32.11649267618293,31.715834539272723,31.952586285259812,2494700
2024-03-12,32.05275344848633,32.1984476402403,31.770469432252707,31.93437583217887,2989100
2024-03-13,32.07096481323242,32.24397557588295,31.916162784651686,31.970799407731377,2910600
2024-03-14,31.75225830078125,32.007225750214154,31.38802454585712,31.90706033868233,3280800
2024-03-15,31.834205627441406,31.925266654581776,31.351594341277977,31.351594341277977,5648800
2024-03-18,31.52461051940918,31.834211117836738,31.456315605680942,31.670304714338407,2871300
2024-03-19,31.588350296020508,31.688515702481084,31.33338633311974,31.59745813676609,3372300
2024-03-20,31.724943161010742,31.916166151526845,31.39713033519811,31.542824538489967,2258100
2024-03-21,31.961687088012695,32.080064684617724,31.64298218210257,31.770464144466622,4046800
2024-03-22,31.497295379638672,31.970802403156398,31.451766592951607,31.843320410983118,3603100
2024-03-25,31.30607032775879,31.75225727095371,31.301516407303136,31.642987495382805,3078600
2024-03-26,31.205902099609375,31.442653837556602,31.142161113484228,31.27874745219959,2419200
2024-03-27,32.0413703918457,32.08268279686272,31.40788549701034,31.46297220593817,2749000
2024-03-28,32.693214416503906,32.743709691406046,32.22498614054564,32.298435086671844,3743700
2024-04-01,32.197444915771484,32.77584311548721,32.0872749975242,32.68403193174901,2928100
2024-04-02,31.940378189086914,32.14235577355168,31.876112116451992,32.01382362828184,2806000
2024-04-03,31.894474029541016,32.05054777515216,31.70167231134608,31.876111794368246,1642900
2024-04-04,31.582321166992188,32.25252695106231,31.518055098809988,32.234164716976245,2197700
2024-04-05,31.922012329101562,32.02300286098599,31.343614238823967,31.46296700398173,1788800
2024-04-08,32.44532775878906,32.4820522299077,31.92201630318265,32.03218621430023,2161600
2024-04-09,32.656490325927734,32.72993927291421,32.293844030218786,32.59222424843385,2634200
2024-04-10,32.013824462890625,32.133177244712016,31.765939532448527,31.922016785943946,3060200
2024-04-11,31.775117874145508,32.22681900510986,31.4675583477332,32.22498033022127,3044800
2024-04-12,31.141632080078125,31.61903962168508,31.08195745071642,31.609860256490112,3204600
2024-04-15,30.811128616333008,31.375752499049938,30.604556084269014,31.361981697360033,2587100
2024-04-16,30.33371925354004,30.678003285164618,30.296994782962898,30.66423248425776,1844600
2024-04-17,30.36125946044922,30.590782137653846,30.196002852682835,30.388801060997576,1788600
2024-04-18,30.66423225402832,30.723906891589426,30.29699455549071,30.489792771215743,2051700
2024-04-19,30.82030487060547,30.99474084479078,30.68258986313835,30.811125504485453,2241200
2024-04-22,31.013105392456055,31.141637541151916,30.687183586194877,30.958022187151194,3521800
2024-04-23,31.334430694580078,31.426238346465514,31.01309690850619,31.059004236686334,2663000
2024-04-24,31.499698638916016,31.632822233764255,30.921300417012315,31.16918536925676,1985900
2024-04-25,31.65576934814453,31.70167318622414,31.104916286712495,31.297714507989873,2653500
2024-04-26,31.876113891601562,32.38565456889589,31.72921950279301,31.839389418839804,3782600
2024-04-29,31.74757957458496,32.26170814924173,31.641997598153235,32.17907984228071,2606900
2024-04-30,31.398704528808594,31.81643400126761,31.306893351944094,31.435428999554393,4365500
2024-05-01,31.288530349731445,31.779708696664574,30.73767387041944,31.692488966103333,4336700
2024-05-02,31.674129486083984,31.73656038281194,31.27017083460342,31.59150118211772,3783200
2024-05-03,31.573137283325195,32.23416368021034,31.472146750219082,32.06890708098905,7163600
2024-05-06,31.94955825805664,32.041369436866624,31.536416709007618,31.802663874199027,6979600
2024-05-07,32.11481857299805,32.23417136806529,32.01382801580567,32.169905286622644,2392500
2024-05-08,31.857755661010742,32.16531527902639,31.848572790546406,32.02301230697952,2033500
2024-05-09,32.11481857299805,32.151543048747776,31.637410894967854,31.931199696488164,2143100
2024-05-10,31.93119239807129,32.27088846775484,31.90365079867348,32.20662240100129,1841600
2024-05-13,31.903650283813477,32.18366821396555,31.81643055081066,32.00464081629297,3943500
2024-05-14,32.11481857299805,32.24335073588334,31.73381001713182,32.142360178690964,2362200
2024-05-15,32.72993469238281,32.81256299505954,32.43614595002957,32.61976128732179,3114300
2024-05-16,32.32597351074219,32.867647177308704,32.29843190977313,32.76665663743794,2680600
2024-05-17,32.546321868896484,32.734528675081634,32.17908412195362,32.45451068104141,3208900
2024-05-20,32.527957916259766,32.71616471252154,32.417787998881195,32.527957916259766,1446600
2024-05-21,32.29843521118164,32.64271926743878,32.280072974579305,32.46369183836415,1377700
2024-05-22,32.11481857299805,32.64272152962443,32.01382801580567,32.23417136806529,1756400
2024-05-23,31.69249153137207,32.20662358656417,31.683308663076122,32.10563304873732,1840500
2024-05-24,31.65576934814453,31.839388202701326,31.591503274385406,31.756759893262686,1216200
2024-05-28,31.27935218811035,31.92201642620999,31.24721915131729,31.85775035262386,2028700
2024-05-29,31.013105392456055,31.049829864151555,30.774403330912087,30.875393876955513,2122900
2024-05-30,31.242626190185547,31.32066656335957,31.12327691777948,31.20590522295808,2706800
2024-05-31,31.940378189086914,31.97710265980352,31.24262725442451,31.43542897456756,3823900
2024-06-03,31.857755661010742,32.050553913894674,31.646595169437063,31.922021745305386,1555700
2024-06-04,32.08727264404297,32.293841663385386,31.811846117506978,31.82102548408825,3432900
2024-06-05,31.88529396057129,32.087275062968736,31.664954123627314,32.0230089853402,1472900
2024-06-06,32.0046501159668,32.05055396164008,31.619050107385583,31.70167843049306,1413800
2024-06-07,32.142356872558594,32.33515859929389,31.57314156594179,31.76593979043868,3912100
2024-06-10,32.417789459228516,32.47746410419708,31.90365731790385,32.08727618996542,3438100
2024-06-11,32.224979400634766,32.408598225307564,32.12399237419062,32.33515279678111,3338300
2024-06-12,32.179080963134766,32.99618119252237,32.14235649159775,32.87683191338462,2846600
2024-06-13,32.16071319580078,32.316790421869015,31.876107345936344,32.27088659146227,3664400
2024-06-14,32.59222412109375,32.610586357768625,31.940380479209125,32.08727487036958,4783000
2024-06-17,32.60139846801758,32.670255969385344,32.197439830091604,32.27088876548069,2368800
2024-06-18,32.80338668823242,32.85847340178145,32.642721484846206,32.7115790012228,3164500
2024-06-20,32.67485427856445,32.80338644030197,32.4040156501272,32.80338644030197,5270000
2024-06-21,32.518775939941406,32.950279756362946,32.41778888921,32.92273815182153,5253800
2024-06-24,32.913551330566406,33.20275215248451,32.454505964716176,32.52795490432655,3184500
2024-06-25,32.62894821166992,32.97782019768427,32.47287095288371,32.92273699054437,1876500
2024-06-26,32.23416519165039,32.63812384077827,32.19284928878883,32.41778403297692,2838000
2024-06-27,32.70615768432617,32.715410844462895,32.206402307510636,32.280441710176504,2787500
2024-06-28,33.21516418457031,33.23367403410178,32.55808041297082,32.900503803320966,4817600
2024-07-01,33.11336135864258,33.316966170521454,32.789447821919616,33.24292677333176,4020000
2024-07-02,33.36323547363281,33.47429102719133,33.02081212409849,33.22441691428276,4133500
2024-07-03,33.32622146606445,33.53908298143208,33.22442258399285,33.38175101751597,1773400
2024-07-05,33.35398483276367,33.6131156540905,33.07634416271455,33.30771197615426,2567200
2024-07-08,33.437278747558594,33.63162687146278,33.25218378319579,33.363239349656354,2862600
2024-07-09,33.40951156616211,33.608488031209916,33.15963742902555,33.40951156616211,2296400
2024-07-10,33.16889572143555,33.60386841708504,32.97454757118958,33.60386841708504,2358600
2024-07-11,32.7987060546875,33.798216888996365,32.738551682960754,33.47429977177702,6060600
2024-07-12,32.733917236328125,32.974541739173794,32.61360851529795,32.909759033882885,5214600
2024-07-15,32.65062713623047,33.090228132763535,32.52106171591097,32.83572210685529,3507800
2024-07-16,33.159645080566406,33.22442780223815,32.530324186846485,32.69690933697197,3203400
2024-07-17,33.085601806640625,33.26606844315449,32.81721425937632,33.09485496705971,3158200
2024-07-18,33.242923736572266,33.59460378031158,32.817207832799255,32.9652830832591,3179600
2024-07-19,33.242923736572266,33.58997543581184,33.18739772414511,33.428018682245195,2946700
2024-07-22,33.5946044921875,33.714916738983206,33.252181130191666,33.27994413699355,2476900
2024-07-23,33.77044677734375,34.16377134449592,33.48354942475181,33.73342708080429,3914000
2024-07-24,33.289207458496094,34.05734688632462,33.23367790343648,34.05734688632462,3941900
2024-07-25,30.725643157958984,32.04906719660089,30.378591473638046,30.994030641127996,12325700
2024-07-26,31.530807495117188,31.79919502440412,30.753411447440044,31.03105213652626,7097600
2024-07-29,31.725154876708984,31.938012851004668,31.336458627228037,31.5122969024133,3764800
2024-07-30,32.38224411010742,32.470161487745095,31.66037405598909,31.845469032183356,4679000
2024-07-31,32.64137268066406,33.0717169698671,32.345222151577325,32.46553440726656,5831800
2024-08-01,32.88199234008789,33.085597144549226,32.502549269296175,32.93752188595715,4152500
2024-08-02,32.93752670288086,33.428025406751075,32.683020660084146,32.96528971467935,4597300
2024-08-05,32.08608627319336,32.858857443545794,32.04907010660293,32.326710773190534,3343400
2024-08-06,32.93752670288086,33.372499383154086,32.104601044994496,32.1138577358561,3353600
2024-08-07,32.59510040283203,33.45578899656354,32.53494250871985,33.00230650497882,3599000
2024-08-08,32.80796432495117,32.909766751537006,32.44703101643302,32.62286932483088,2953400
2024-08-09,33.03007507324219,33.159644042924704,32.69690831381033,32.983802206409436,2671600
2024-08-12,32.622859954833984,32.917160532152415,32.40537365693896,32.80795490179097,2001200
2024-08-13,32.64137268066406,32.89125035152964,32.55808012370887,32.844977493308484,3132500
2024-08-14,32.5025520324707,32.86348528532373,32.47478902237214,32.68764700404463,2691000
2024-08-15,32.63211441040039,32.817209364713584,32.25267134273501,32.484039153028355,2957200
2024-08-16,32.65062713623047,32.733919696491995,32.331341930555396,32.58584442607072,2873600
2024-08-19,32.974544525146484,33.0393272359108,32.669137291206475,32.854232263558636,1883500
2024-08-20,33.02082061767578,33.13650454541977,32.90976503555167,33.02082061767578,1722500
2024-08-21,33.307708740234375,33.330843401095166,32.93751886253855,33.178139811766215,1660300
2024-08-22,33.261436462402344,33.38174871705964,33.08559819051303,33.36323886785138,1807400
2024-08-23,33.45578384399414,33.5760925529039,33.173514857781,33.3077085996194,2181500
2024-08-26,33.159645080566406,33.59739269860267,32.97455007704992,33.49281185042382,2159700
2024-08-27,33.67789840698242,33.73342795322773,32.8727394035851,33.00230481443149,2603300
2024-08-28,33.73342514038086,33.923144896045464,33.54833019872322,33.67789559876586,2001200
2024-08-29,33.52056884765625,33.770446501668935,33.44652945518173,33.770446501668935,1821000
2024-08-30,34.094364166259766,34.140637026990404,33.627000152976464,33.74268406999955,2477800
2024-09-03,34.492313385009766,34.65427014521079,33.93702852524436,33.93702852524436,3287500
2024-09-04,34.446041107177734,34.98281259719092,34.22392645346675,34.66815223049607,2726900
2024-09-05,34.50157165527344,34.890271467732894,34.42290743586379,34.69592332669973,2657200
2024-09-06,33.27069091796875,34.17765228591143,32.84034666135586,34.149889279159794,4828800
2024-09-09,33.03007507324219,33.26144293779937,32.85423676712036,33.1318774985103,4161100
2024-09-10,33.40026092529297,33.437280626324146,32.92364374829384,33.14113007886075,2623600
2024-09-11,33.31696701049805,33.36323986971183,32.590472176623734,32.974543615844595,3991800
2024-09-12,33.57609558105469,33.64087828566172,33.085596951774995,33.2429253685656,4151000
2024-09-13,34.260948181152344,34.28871119061424,33.71029162420579,33.82597553748747,2814100
2024-09-16,34.02957534790039,34.4645479275688,33.91389145163899,34.35348884527537,3731000
2024-09-17,33.41876983642578,34.0480906146939,33.35398712663873,34.038833924499805,3688100
2024-09-18,33.187400817871094,33.895385785455304,33.122618110405405,33.4650414970659,3282400
2024-09-19,33.35398483276367,33.603862494925686,33.20590957337796,33.43727738681768,4739700
2024-09-20,33.35398483276367,33.400257689373085,32.84497634927483,33.15963671676855,8099400
2024-09-23,33.77970504760742,34.011072890399255,33.4557914798561,33.63162976943637,14090600
2024-09-24,32.900508880615234,33.54556470343919,32.215661994227546,32.74318043090762,8762900
2024-09-25,32.92827224731445,33.40026108129088,32.76168712228912,33.039327820533664,4998000
2024-09-26,32.657752990722656,33.22676899221154,32.57846480911088,32.90028615122419,3744100
2024-09-27,32.6484260559082,33.040205460549,32.59245604450407,33.002895678008954,4452500
2024-09-30,32.890953063964844,32.937596515658285,32.41055540204684,32.45253379689178,5196300
2024-10-01,32.3592529296875,33.06819217232124,32.312613032818554,33.05886205790983,3259500
2024-10-02,32.07008361816406,32.31261321831248,31.906842198987622,32.00478705049348,2596800
2024-10-03,31.85553741455078,32.154037027893196,31.696957493364827,32.11672368662637,2108600
2024-10-04,32.219329833984375,32.30328306283431,31.603674008550087,31.752923797794892,3808800
2024-10-07,31.71561050415039,32.029969852533696,31.566360714701982,31.976796746086194,3082300
2024-10-08,30.96003532409668,31.883520958458284,30.84809885757883,31.8275509460013,5158600
2024-10-09,31.034658432006836,31.21189144677488,30.829438635036478,30.894735196182374,3268600
2024-10-10,31.28652000427246,31.80889252487594,30.955372121848207,30.997346960084162,4261600
2024-10-11,31.48240852355957,31.599010036609794,31.16525226572714,31.445095185368512,2086600
2024-10-14,31.49173355102539,31.654978508092174,31.202564090063778,31.35181387719108,2187900
2024-10-15,31.211891174316406,31.76225044088163,31.155924727191735,31.650313988236608,3665100
2024-10-16,31.939491271972656,31.97680105556621,31.174581994768406,31.221225451453602,2837300
2024-10-17,31.874191284179688,31.97680119590361,31.715614917621735,31.864864727839404,2591300
2024-10-18,31.836872100830078,32.07940163643024,31.74358877298762,32.01410508613808,2284600
2024-10-21,31.445096969604492,31.818223255895187,31.314503836921546,31.70628679336637,3217300
2024-10-22,31.734268188476562,31.920831320858063,31.46375182444317,31.5103917179396,1660500
2024-10-23,32.37791061401367,32.52716042370562,31.743598033223872,31.82755127357535,2812800
2024-10-24,32.01411437988281,32.49917715029269,31.972139538964683,32.49917715029269,3062900
2024-10-25,31.342487335205078,32.228659604046044,31.342487335205078,32.17269315149349,3035600
2024-10-28,31.305179595947266,31.677370051615803,31.165256338642443,31.538382652524476,3969300
2024-10-29,30.97869110107422,31.426440512622637,30.91339453428982,31.165254245485063,2830700
2024-10-30,30.997346878051758,31.230549912245703,30.428330905275185,30.95070698289215,5985300
2024-10-31,29.29962921142578,30.321059644680098,29.29030087651045,29.933941752084653,7337800
2024-11-01,29.290302276611328,29.682083465792925,28.92650609351343,29.36492718030315,3993100
2024-11-04,29.654098510742188,29.66342506636185,29.122394101326503,29.252989009574996,4548100
2024-11-05,30.092517852783203,30.101847966817353,29.458207096703013,29.532831996194677,3404800
2024-11-06,31.11861228942871,31.267862083400246,30.185800187507688,30.45631655107977,6394700
2024-11-07,31.062644958496094,31.31450467472126,30.71284039013826,31.071975073020774,4906100
2024-11-08,31.43577003479004,31.659642957149043,31.06264375299711,31.155927102643314,3474200
2024-11-11,31.557035446166992,31.89284481731934,31.34248552909226,31.417112206056657,2770300
2024-11-12,31.183910369873047,31.799566244774212,31.16525369991896,31.491736528125656,3236900
2024-11-13,31.63166046142578,31.818223606627615,31.445097316223947,31.519723997663093,3205100
2024-11-14,31.28652000427246,31.599011216904316,31.230549994895267,31.53837970887596,2838700
2024-11-15,31.519725799560547,31.566365698928276,31.14193443037062,31.19323938719399,2710200
2024-11-18,31.85553741455078,31.869529027926816,31.249208073351205,31.482411118674722,2195300
2024-11-19,31.743595123291016,31.878853306924633,31.36114229861507,31.696955229237037,1987700
2024-11-20,31.43577003479004,31.780909532491133,31.286520233752057,31.56636316589878,3086600
2024-11-21,31.54770278930664,31.650312682663454,31.25852977697339,31.491732786095053,2912100
2024-11-22,31.603673934936523,31.79956361566487,31.49173392446691,31.650313826767704,2127600
2024-11-25,31.566362380981445,31.97213693546172,31.42643913918939,31.7062856227735,8702000
2024-11-26,31.864864349365234,32.01411415781019,31.459089764657325,31.613004630415094,2538800
2024-11-27,32.28462600708008,32.3825708464974,32.02343976863387,32.16335944277479,1993000
2024-11-29,31.948814392089844,32.527156897143286,31.948814392089844,32.28462731708725,2162200
2024-12-02,31.622337341308594,31.972141942170875,31.452562690106813,31.920836982706028,2359500
2024-12-03,31.333160400390625,31.734269911348804,31.286520504362088,31.640986560895755,2588400
2024-12-04,31.65964126586914,31.715611272666905,31.211891886674277,31.36114167973923,2840900
2024-12-05,31.323833465576172,31.51972316156367,31.109283541327848,31.35181669117555,3290400
2024-12-06,31.239885330200195,31.440440115992867,31.10928861982641,31.398461712345025,1876200
2024-12-09,31.417110443115234,31.482407002597117,31.0626408642167,31.202564096475378,2360800
2024-12-10,31.07197380065918,31.59434632397616,31.043987016627245,31.557036542593472,3129400
2024-12-11,31.053319931030273,31.314506216241465,30.866756773709596,31.146599730492483,3006800
2024-12-12,30.950708389282227,31.258534558039884,30.85742859472441,30.85742859472441,3151700
2024-12-13,30.84809684753418,31.137269888792073,30.7081736047071,30.922723525947525,1687800
2024-12-16,30.90406608581543,31.370472139082327,30.717502952829513,30.782799515615217,1961700
2024-12-17,30.22311782836914,30.67086727402841,30.205393456492793,30.46564744370264,3196700
2024-12-18,29.486194610595703,30.502960064698872,29.476866274965627,30.13916387111634,5974500
2024-12-19,29.58880043029785,30.246432917607876,29.45354402223397,29.495520639687715,5965300
2024-12-20,29.980581283569336,30.344377444861838,29.588800117870512,29.59812845267262,10158100
2024-12-23,30.064537048339844,30.120507061863893,29.73805241957526,29.859317223814518,2181200
2024-12-24,30.42833137512207,30.42833137512207,29.91528540365258,29.97125541374589,1061800
2024-12-26,30.39068603515625,30.58833286274769,30.136567146689497,30.27774191340563,1268000
2024-12-27,30.211862564086914,30.484805499284715,30.080097999595594,30.183628326071663,1578100
2024-12-30,29.957744598388672,30.070686932726193,29.68480346607238,29.995392641553682,1799000
2024-12-31,30.089508056640625,30.221274407732594,29.78833090298602,30.221274407732594,2905800
2025-01-02,29.581274032592773,30.10362897870055,29.553037999369426,30.070687837518754,2349000
2025-01-03,30.051862716674805,30.098920975169044,29.524802681877883,29.63774322032705,1919500
2025-01-06,29.355388641357422,30.11774352160395,29.327152610549252,30.051861244875624,2449600
2025-01-07,29.138914108276367,29.65185696621392,28.96950331987156,29.600093605820867,3226800
2025-01-08,28.865978240966797,29.101273139639446,28.583625080622664,29.101273139639446,3209700
2025-01-10,28.498916625976562,28.875388076452598,28.35773826128526,28.35773826128526,3806000
2025-01-13,29.120092391967773,29.138914616458376,28.404795801762663,28.54597235880743,3319800
2025-01-14,29.110681533813477,29.345976403249207,29.01656322700771,29.120093544009794,3243200
2025-01-15,28.705974578857422,29.849507808152367,28.66832653740631,29.835390690186912,3880600
2025-01-16,29.25185775756836,29.289505797917478,28.54597315743866,28.75303199388672,5424900
2025-01-17,29.477739334106445,29.557740518795555,29.18597421470027,29.21421024373595,3682100
2025-01-21,29.36480140686035,29.628330520551355,29.06362245596607,29.308329343791605,2783100
2025-01-22,28.93185806274414,29.233035220184274,28.84715176281942,29.176564951953615,2629500
2025-01-23,28.724796295166016,29.02597342198361,28.503618557278035,29.02597342198361,4120300
2025-01-24,28.71538734436035,28.993035374312758,28.545974743690074,28.69656332313977,2719600
2025-01-27,29.223623275756836,29.471153948211658,28.78126954916021,28.78126954916021,3822600
2025-01-28,29.261272430419922,29.501272426434685,29.12668408472333,29.242448408532386,3028600
2025-01-29,28.865978240966797,29.345980049677912,28.762447911100395,29.21421548087167,2318600
2025-01-30,29.16715431213379,29.46739082117466,28.870682248464213,29.16715431213379,2734900
2025-01-31,29.31774139404297,29.567155185041038,29.04480026947054,29.04480026947054,3410000
2025-02-03,29.223623275756836,29.449507939505605,28.800093570332187,29.101270728453926,2333800
2025-02-04,29.45891761779785,29.60009597885604,28.90362156945178,29.03538792009559,2387500
2025-02-05,29.66597557067871,29.783622997470594,29.496562988873237,29.703621813770333,2099000
2025-02-06,29.750682830810547,29.891859388528655,29.553034213879332,29.797741084997476,1511200
2025-02-07,29.760095596313477,29.89186014750835,29.49185779613376,29.816565861803085,1476000
2025-02-10,29.80715560913086,29.90127392060102,29.515390459215098,29.863625877949964,1006700
2025-02-11,29.703622817993164,29.703622817993164,29.317739388682387,29.50597599597623,3216100
2025-02-12,29.656566619873047,29.830684326839368,29.25185914274258,29.261271153275548,2326600
2025-02-13,29.957744598388672,30.1271554071587,29.656567433698626,29.694213681706128,1657700
2025-02-14,29.581274032592773,30.21186261816281,29.571862021518324,30.08009805343565,2332400
2025-02-18,30.02362632751465,30.04245034875153,29.473037170016894,29.562448578155877,2510500
2025-02-19,29.882450103759766,30.094215857227358,29.745978640952043,29.910686135941276,2231000
2025-02-20,30.343626022338867,30.40950829438734,29.83538827483818,29.863622508483367,1836300
2025-02-21,30.01421356201172,30.40009701187512,29.642449025299612,30.30598049837277,3260600
2025-02-24,29.91068458557129,30.211859937442348,29.879624772265814,30.06127315908552,2091500
2025-02-25,30.211862564086914,30.475395283384668,29.92950941298907,29.92950941298907,2969700
2025-02-26,29.713035583496094,30.287155634700966,29.680094445655556,30.131860160460683,2840700
2025-02-27,31.36009979248047,31.56716042570098,29.007151107028363,29.778917988631473,6304500
2025-02-28,32.00951385498047,32.64481290242899,31.529513880126075,31.529513880126075,6897500
2025-03-03,32.34833526611328,32.49892382786655,31.77421525245566,31.990689675895844,3309100
2025-03-04,31.89657211303711,32.66833900208044,31.86833787744022,32.52716423378117,3502200
2025-03-05,32.06598663330078,32.16010315115342,31.538924798506933,31.614220885041064,3295800
2025-03-06,31.802457809448242,32.04245600931877,31.31304401332953,31.77421998157549,3672200
2025-03-07,32.178924560546875,32.56480799692126,31.774217104067063,31.830689164383337,3736400
2025-03-10,32.244808197021484,32.89893125477691,32.089516307646626,32.15069168283582,4225500
2025-03-11,31.887163162231445,32.48010367516437,31.505983014986054,32.4142213959496,3699900
2025-03-12,31.153039932250977,31.971868680132292,31.077747439411976,31.72716000019712,2246900
2025-03-13,30.955394744873047,31.487163487047365,30.875395345005863,31.237747891078723,3393400
2025-03-14,31.51068687438965,31.538921108378965,30.870684574991405,31.200099529563364,2861400
2025-03-17,31.82128143310547,32.0565763173157,31.284809384331336,31.44480818224309,2299600
2025-03-18,32.037750244140625,32.12245654064458,31.680101037755637,31.858923845790745,3400900
2025-03-19,31.858928680419922,32.103637392039396,31.61422355911577,31.89657672687143,2327600
2025-03-20,32.037750244140625,32.20716283714852,31.661277017386453,32.00010220340225,3201300
2025-03-21,31.877748489379883,32.37657606312861,31.81657311472011,32.065985106437054,5621900
2025-03-24,32.22598648071289,32.35775103144175,31.910688631109135,32.08480812475212,3289800
2025-03-25,32.06598663330078,32.496106372323695,31.91539805054754,32.25422325932108,2953500
2025-03-26,32.34833526611328,32.38598330413023,32.05657194726824,32.197746704360014,2000000
2025-03-27,32.424278259277344,32.95582511039775,32.329360859836804,32.37681955955708,2453400
2025-03-28,32.71852493286133,32.79445812114325,32.31037363585523,32.642588123713054,2924300
2025-03-31,33.0792121887207,33.316509273635106,32.728013516889916,32.87039321618502,5228100
2025-04-01,32.79445266723633,33.112429855714,32.48122243375757,33.05073392419118,2798400
2025-04-02,32.87039566040039,33.041249863912626,32.595130152423295,32.83242725498291,3360500
2025-04-03,32.26291275024414,32.955819792782165,32.153754499720826,32.604617505614016,2766900
2025-04-04,30.88658905029297,32.39579863606933,30.79166804500967,32.06358054887695,4671900
2025-04-07,29.84248161315918,31.266262298252734,29.386869838661536,31.005237679925866,5098400
2025-04-08,28.97871971130371,30.52589585762386,28.570568448964742,30.336057471743818,3600600
2025-04-09,30.630308151245117,30.725225536851987,27.87766232868502,28.390223090607826,5029400
2025-04-10,30.032318115234375,30.80116196434049,29.21601738433983,30.326567800393384,3461700
2025-04-11,30.487930297851562,30.544882905183563,29.263478207144647,29.946893201229912,3768200
2025-04-14,31.03845977783203,31.209313970548994,30.611324296039633,30.611324296039633,3485500
2025-04-15,31.29473876953125,31.389656149243272,30.93404620906687,31.199817768953288,4998800
2025-04-16,31.361181259155273,31.778822793769002,31.190327081161957,31.29473837003186,3198100
2025-04-17,31.911714553833008,32.28189746858696,31.351693225627475,31.437120330637356,2561800
2025-04-21,31.70288848876953,31.940185547455332,31.228294371397926,31.731362977134783,2072200
2025-04-22,32.31985855102539,32.462238234064195,32.00662831755207,32.044593094945434,2336900
2025-04-23,32.224945068359375,32.576143742509444,31.89272697476558,32.386305349151016,3709800
2025-04-24,32.14900588989258,32.405287158881535,31.949677220967587,32.177484000357516,2393000
2025-04-25,32.06357955932617,32.24392765336545,31.883235086152897,32.24392765336545,2283500
2025-04-28,32.281890869140625,32.33884346779315,31.940186139823002,31.968660628716346,1988700
2025-04-29,31.940189361572266,32.281894125357034,31.81679386247804,32.111043553897744,2837500
2025-04-30,32.4527473449707,32.57614284036637,31.441863088066178,31.997137386047562,3267900
2025-05-01,33.32600784301758,33.72466526338224,32.32936067123925,33.04125202549044,4345400
2025-05-02,33.6677131652832,33.979994782415794,33.401937955367856,33.81008925047389,3434600
2025-05-05,33.21210479736328,33.65822089779096,33.088709287477684,33.56330350302758,1822100
2025-05-06,33.12667465209961,33.3449875367035,32.93683625913696,33.19311754650661,1559300
2025-05-07,33.12667465209961,33.458889124134615,33.07921233820931,33.1646394339992,2519200
2025-05-08,32.813438415527344,33.24057386395099,32.671058725764155,33.24057386395099,2970900
2025-05-09,33.00328063964844,33.112435276432414,32.699540645577564,32.84191673106097,1809900
2025-05-12,32.73750686645508,33.439904198069065,32.528684276634976,33.20260711722481,3191500
2025-05-13,32.01612091064453,32.72801213533654,31.911709618351143,32.699537645025984,3457200
2025-05-14,31.769332885742188,31.98764575560711,31.508304660433073,31.816791575562224,3343800
2025-05-15,32.30087661743164,32.30087661743164,31.78831768844647,31.87374478008833,2477200
2025-05-16,32.671058654785156,32.737505165165295,32.24392682815539,32.348338117639436,7336300
2025-05-19,32.65208053588867,32.82293472776023,32.27240374931496,32.443257941186516,2091300
2025-05-20,32.576148986816406,32.690050592821564,32.46224738081125,32.538180577859094,2237000
2025-05-21,31.873750686645508,32.56665783798128,31.835782278687383,32.55716392555841,2504900
2025-05-22,31.41813087463379,31.968661819517383,31.29473900425585,31.94018732956339,3404800
2025-05-23,31.33270263671875,31.532034921696415,31.066931084569646,31.41812972431894,2680100
2025-05-27,31.68390655517578,31.75509640204521,31.323213986339088,31.484574259768173,4678500
2025-05-28,31.513051986694336,31.73136485912957,31.359281050323954,31.683906168750777,4173600
2025-05-29,31.797809600830078,31.80729989111189,31.261519488686115,31.513053821115285,4070600
2025-05-30,31.987648010253906,32.044596993705625,31.532038038309224,31.636449335792292,6013600
2025-06-02,31.95917320251465,31.982904361984332,31.389661583907955,31.83578131169869,2782500
2025-06-03,31.750350952148438,31.949679636141294,31.332705761840142,31.797809645356327,3892700
2025-06-04,31.551021575927734,31.759840545634212,31.342198985355143,31.551021575927734,3168400
2025-06-05,31.266263961791992,31.63645047185244,31.190330774174225,31.541529461247332,2851100
2025-06-06,31.503557205200195,31.750348181733084,31.15235856106664,31.645936893266544,3987900
2025-06-09,31.503557205200195,31.73136398193318,31.185580005500007,31.42762402686645,3287300
2025-06-10,31.911714553833008,31.916461509907602,31.484579028783607,31.62695874408893,2714400
2025-06-11,31.62696075439453,32.030365145579125,31.432378993366722,31.949684991515568,2209900
2025-06-12,32.01612091064453,32.03510511114024,31.418131268060765,31.626953852647542,2963400
2025-06-13,31.835777282714844,32.50970012431318,31.62695469258225,32.016121760914565,3574600
2025-06-16,31.68390655517578,32.04459550314645,31.579495262549422,31.864251029161117,2430600
2025-06-17,31.82628059387207,31.8974704361914,31.55101875556487,31.73136321802349,3580400
2025-06-18,32.03510665893555,32.253419543885094,31.816793773986003,31.902220869911144,3471200
2025-06-20,32.01612091064453,32.395797678826675,31.921203529032002,32.05408931163595,5272400
2025-06-23,32.29138946533203,32.45274975363131,31.873747877204757,32.035108165504035,2971100
2025-06-24,32.111045837402344,32.433766422670914,32.09680496964069,32.39580163790585,4045700
2025-06-25,31.28524398803711,32.21544804260797,31.25676949908944,31.89272389135964,5981200
2025-06-26,31.524646759033203,31.56295219044805,31.22778879808564,31.44803954921051,3407800
2025-06-27,31.333127975463867,31.668291379244987,31.17990989759148,31.601258698488763,4362000
2025-06-30,31.40973472595215,31.43367653430174,30.811226047283064,31.208636686641032,4107600
2025-07-01,31.39058494567871,31.8023592473548,31.2565195735995,31.457617631718314,4900500
2025-07-02,31.13202476501465,31.467191805490554,30.662796022558105,31.323548266285602,3609200
2025-07-03,31.23736572265625,31.323551123439167,30.960617544047636,31.141605789789576,1808200
2025-07-07,30.940507888793945,31.419314861460478,30.792075243222357,31.246944059059942,2968300
2025-07-08,30.8638973236084,31.064995377386595,30.653221084598478,30.729831954422934,2761000
2025-07-09,30.902202606201172,31.093726126810942,30.777711769853724,30.89262442101666,2603000
2025-07-10,31.007539749145508,31.223001419919722,30.787288985929788,30.81601623456443,2555000
2025-07-11,30.97880744934082,31.146392800165156,30.653218585149908,30.653218585149908,2394800
2025-07-14,30.940507888793945,31.19906409239475,30.854322487593677,30.978809670321724,2457200
2025-07-15,30.509580612182617,30.98838758060229,30.38030251152887,30.883049463068797,4100700
2025-07-16,30.844743728637695,30.863896445548924,30.48563850581839,30.557460280983697,3364800
2025-07-17,30.892623901367188,30.993176579076575,30.705889476490764,30.86389665231151,3141300
2025-07-18,30.873476028442383,31.117664960851044,30.77292334685364,30.911777810991897,2459000
2025-07-21,30.70110511779785,31.16075938390681,30.67716330740376,30.892624988921046,2362700
2025-07-22,31.218215942382812,31.24694684735154,30.705892582033226,30.74898711298251,2943900
2025-07-23,31.103302001953125,31.28524734523434,30.91656756587287,31.199065592896506,2216100
2025-07-24,30.758560180664062,31.074574549212155,30.74419655536778,30.95966189383442,2923800
2025-07-25,30.55746078491211,30.902202388984993,30.452122666666806,30.739406119058444,3960000
2025-07-28,29.896705627441406,30.52394339634284,29.87755473737466,30.46169798074106,3722400
2025-07-29,30.643646240234375,30.6867371143162,29.8344631142445,29.97331574812779,4527300
2025-07-30,30.0499267578125,30.605342809215543,29.815312348769293,30.605342809215543,5228200
2025-07-31,29.350866317749023,29.891918694616137,28.58956317737976,28.709264917522702,7070800
2025-08-01,29.05400848388672,29.76264261440789,28.79545226928334,29.76264261440789,5313000
2025-08-04,28.91036605834961,29.245531310746237,28.85290790547909,29.02527871108328,5081300
2025-08-05,29.168922424316406,29.48493680708845,28.96782435510199,28.996553433491396,3911900
2025-08-06,28.977397918701172,29.28383408593999,28.73799443473289,29.18807232705195,4426000
2025-08-07,28.9390926361084,29.18807247991984,28.867272686443947,29.111463437708906,2773200
2025-08-08,28.680540084838867,29.121041648950094,28.637447381697225,29.015703524269686,2972200
2025-08-11,28.63265609741211,28.824179613717323,28.55604705619075,28.575199773121994,3658900
2025-08-12,28.75714683532715,28.79545044255864,28.46028520339095,28.613503285324132,3074400
2025-08-13,29.24553108215332,29.331714657778093,28.709265951908872,28.86248403869195,4726100
2025-08-14,28.967823028564453,29.044432074257532,28.757148609534415,28.93909395149065,3000900
2025-08-15,29.24553108215332,29.288621956713875,28.910365832376456,29.0061275932418,4870900
2025-08-18,28.680540084838867,29.29341246151666,28.680540084838867,29.197650696034817,3451900
2025-08-19,29.207223892211914,29.336501987636556,28.77150964163414,28.8241786982705,4484000
2025-08-20,29.25510597229004,29.70518570591227,29.216802363377504,29.33171501661881,2901800
2025-08-21,29.28383445739746,29.484934336263603,29.164132713894936,29.21680177327663,2984000
2025-08-22,29.935012817382812,29.987681877790425,29.47535855174059,29.551967596014297,3909100
2025-08-25,29.494510650634766,30.04801252504191,29.34608164868511,29.935014043123502,2860700
2025-08-26,29.379596710205078,29.60463657624498,29.18807318678767,29.56154387480125,3486100
2025-08-27,29.81052017211914,29.920647378935215,29.350865934335612,29.437051332232972,2835700
2025-08-28,29.62857437133789,29.858401486558886,29.456203578296254,29.83924877033125,2483000
2025-08-29,29.963741302490234,30.00204491061919,29.52323793673347,29.628576055469498,3686700
2025-09-02,29.044429779052734,29.839249250247576,28.91036441631015,29.71476024577283,3425800
2025-09-03,28.94866943359375,29.18807292244551,28.84333314052147,28.92951671612473,3467000
2025-09-04,29.063581466674805,29.121037787744182,28.718839887251516,29.082734182532434,5014800
2025-09-05,28.967823028564453,29.40832458467373,28.838544921487934,29.226379242717492,5423800
2025-09-08,28.824182510375977,28.9821878746783,28.613506255967813,28.728420742599884,3903800
2025-09-09,29.006126403808594,29.1832844669175,28.718841132993063,28.78587381489894,2836600
2025-09-10,28.737993240356445,29.12103843348527,28.642231485448352,28.919940392031474,3726800
2025-09-11,29.322139739990234,29.341290630708553,28.699689215801897,28.77629825818611,2803400
2025-09-12,28.929515838623047,29.350866477642594,28.891212231350515,29.293410153481986,4652500
2025-09-15,28.393251419067383,29.015700081079974,28.3501587210394,28.881634721216702,5131600
2025-09-16,28.27834129333496,28.565624754766603,28.19694315581032,28.441135741880547,4659100
2025-09-17,28.383676528930664,28.74757084809849,28.13469668594837,28.173002120178094,6400200
2025-09-18,28.26876449584961,28.603929746655798,28.220882702018052,28.259188137083296,4334800
2025-09-19,28.383676528930664,28.56083642248768,28.038936753381332,28.15384940306323,9721300
2025-09-22,28.431556701660156,28.536892986782462,28.192153230876734,28.393251269613113,4959900
2025-09-23,28.431556701660156,28.54646934479422,28.23524592867789,28.450707591180148,4398100
2025-09-24,27.97190284729004,28.50816797906035,27.947962863631503,28.41240621792253,5066200
2025-09-25,27.952558517456055,28.194362660072144,27.82101737380253,28.126657795310713,4361600
2025-09-26,28.223379135131836,28.291083998247174,27.875180587888202,28.058952248357805,4684100
2025-09-29,28.087970733642578,28.26206817065637,27.971903930814136,28.26206817065637,3761900
2025-09-30,28.36846160888672,28.36846160888672,27.98641062522802,27.991247741122994,4282600
2025-10-01,28.05895233154297,28.484528130011412,28.00575512613202,28.33944417168367,3743300
2025-10-02,27.759117126464844,28.068626142942957,27.633377935508573,27.962231726721384,3497300
2025-10-03,27.701082229614258,27.98641119418521,27.676902184105373,27.768787094966818,3691600
2025-10-06,27.294851303100586,27.80747675613114,27.24649121188718,27.80747675613114,5859600
2025-10-07,27.21747398376465,27.551164884707187,27.111081414391265,27.391573263418284,4571700
2025-10-08,27.25616455078125,27.381901899217944,27.04337571444629,27.111082427256054,4990800
2025-10-09,27.08206558227539,27.488296639802293,27.053048419302286,27.343214514575394,4182200
2025-10-10,27.024032592773438,27.217474807830506,26.80157137046986,27.130425165368077,7090800
2025-10-13,27.323869705200195,27.3915745739004,26.907966260534025,26.985343516879873,5102300
2025-10-14,27.57534408569336,27.701081425581517,27.34321233487118,27.34321233487118,6749400
2025-10-15,27.488296508789062,27.812313192090848,27.309361950022694,27.623706245712878,4684600
2025-10-16,27.51731300354004,27.696247557962113,27.294851783512872,27.546328320851085,4389000
2025-10-17,27.585018157958984,27.676903071767388,27.372229323090053,27.63337825052777,4989800
2025-10-20,27.662395477294922,27.913872017839882,27.45927902943122,27.64305070229471,4073700
2025-10-21,27.74944305419922,28.034772007343907,27.565671395016416,27.662393417997844,4045700
2025-10-22,27.942886352539062,28.146002793257484,27.618869684370555,27.86550910007948,3504500
2025-10-23,27.962230682373047,28.08796986863314,27.580179697318496,28.000920230397444,2626300
2025-10-24,27.92354393005371,28.029936501105425,27.846166676189167,27.97190402191183,4100900
2025-10-27,27.93321418762207,27.93321418762207,27.67206711150524,27.913871257967692,4840600
2025-10-28,27.265836715698242,27.84616704987988,27.240688139324668,27.792969841230498,3675200
2025-10-29,26.569438934326172,27.053047226981086,26.492061681294153,27.033704297337508,8057000
2025-10-30,27.478622436523438,27.77362378372384,26.482388711437025,26.637145058915575,8331400
2025-10-31,27.22714614868164,27.54632754383463,26.999851508606422,27.352885336213575,7257000
2025-11-03,27.43026351928711,27.435098790593596,26.762883545016557,26.946655216590617,4822200
2025-11-04,27.681739807128906,27.730099899032457,27.18845912147183,27.585017778502554,4057500
2025-11-05,27.449607849121094,27.913873245447515,27.38674009483449,27.817151211012035,3967400
2025-11-06,26.898292541503906,27.51731240645038,26.898292541503906,27.372228443766236,3237900
2025-11-07,27.09173583984375,27.28517804333044,26.93698133912673,26.975669041896403,5508100
2025-11-10,27.12075424194336,27.227146813044275,26.777390948242616,26.98534266400335,4685500
2025-11-11,27.701082229614258,27.72042700394905,27.22714632732711,27.246491101661903,3915200
2025-11-12,27.962230682373047,28.184690049055753,27.701081767665947,27.730098928684242,5173200
2025-11-13,27.333541870117188,27.94288752827304,27.280344660909275,27.94288752827304,5080100
2025-11-14,27.459278106689453,27.73009941313395,27.30936071752381,27.507640042564837,3457700
2025-11-17,27.12075424194336,27.585017765345313,27.08206469258357,27.449606187405305,5504200
2025-11-18,26.637144088745117,27.101407579813923,26.55976499541453,27.024030331302455,7156900
2025-11-19,26.55009651184082,26.680669129910914,26.42435732024991,26.646816696363963,5301100
2025-11-20,27.03370475769043,27.140097329409176,26.64681664112285,26.69517857810343,6194700
2025-11-21,27.265836715698242,27.488296092941766,26.98534301366306,27.07239265603127,5458300
2025-11-24,27.21747398376465,27.39641037941934,27.07722898166075,27.285178849225677,5380200
2025-11-25,27.12075424194336,27.517312898784937,27.111081854603412,27.23681920038422,4576300
2025-11-26,27.014360427856445,27.357721884387438,26.878950691718995,27.004688040301016,3963500
2025-11-28,27.275508880615234,27.396410955715798,26.927310313983444,26.98534279348232,2175500
2025-12-01,26.878950119018555,27.381901347449723,26.86927773166921,27.13042481082451,5665700
2025-12-02,26.985342025756836,27.120753600494144,26.801570360282835,27.014359187090374,5481900
2025-12-03,26.753211975097656,27.111082941749206,26.603292732545636,26.95632842774295,3338000
2025-12-04,26.482389450073242,26.91280238271988,26.42435697116216,26.743538372401968,3566100
2025-12-05,26.250255584716797,26.477552055719883,26.22124026999749,26.414682465796226,3526100
2025-12-08,25.785993576049805,26.20189699579564,25.761813530794182,26.20189699579564,5477000
2025-12-09,25.23468017578125,26.04714223305189,25.166975311811893,25.795665706294862,5464800
2025-12-10,25.611892700195312,25.714418520842404,25.336236142881244,25.36041618662792,5638700
2025-12-11,25.67959976196289,25.964928730198892,25.61189489574066,25.747306473004365,6545100
2025-12-12,25.486156463623047,25.834353167175514,25.32656484734633,25.834353167175514,6207000
2025-12-15,26.018123626708984,26.13419041907922,25.66025455280399,25.66025455280399,9924800
2025-12-16,25.960092544555664,26.090667001164626,25.70861601828868,25.98910970540849,8435400
2025-12-17,26.463045120239258,26.525912867058775,25.873042440597523,25.921402529661638,6837100
2025-12-18,26.51140594482422,26.608127970455005,26.279274190201853,26.50173355777922,5384100
2025-12-19,26.1632080078125,26.55009611946442,26.134192690812075,26.51140657037153,9541400
2025-12-22,26.443700790405273,26.579110517912248,26.027797376126212,26.06648692388202,5694700
2025-12-23,26.297006607055664,26.492596845204186,26.12586654764077,26.482817146768085,3170400
2025-12-24,26.717525482177734,26.82510030439414,26.34590625178253,26.35568595064646,2344500
2025-12-26,26.844661712646484,26.85933032939757,26.59039511900155,26.688190249678364,2345500
2025-12-29,27.128263473510742,27.13804317236223,26.815320571410478,26.854437501529596,3261800
2025-12-30,27.343412399291992,27.382531196338764,27.13804431065717,27.13804431065717,3290300
2025-12-31,27.177162170410156,27.406978566629785,27.152711990455714,27.36297085411337,3896500
2026-01-02,27.10870361328125,27.22605813220997,26.93756354951728,27.059806985144913,3970900
2026-01-05,26.86421775817871,27.182051448947504,26.85932884129487,26.95223318438278,7314100
2026-01-06,27.48032569885254,27.524333411886104,26.74686505848434,26.776202290315474,5211000
2026-01-07,25.827594757080078,27.71992275216802,24.732294540941805,27.49988604470358,31573000
2026-01-08,26.052520751953125,26.25789069649902,25.367958622469384,25.69068122222423,11533500
2026-01-09,25.91560935974121,26.267671064916286,25.759137905282703,26.013404485099493,8468000
2026-01-12,26.052520751953125,26.355685819364364,25.798254178617967,25.993844424348648,6799000
2026-01-13,25.65156364440918,26.091640785546254,25.402187841289447,26.062301687708143,6948800
2026-01-14,26.16009521484375,26.184543528903067,25.553766953623985,25.65156207514805,6298100
2026-01-15,26.463258743286133,26.683297303141444,26.086748733153005,26.169875240336932,6287600
2026-01-16,27.04024887084961,27.05002856999829,26.389914732401028,26.473039377234464,6415400
2026-01-20,26.688188552856445,26.971792361972156,26.565945113604343,26.78598181202864,5384100
2026-01-21,26.893556594848633,27.167382569863086,26.575722907158408,26.717525744145544,5179700
2026-01-22,26.424142837524414,27.10870499270087,26.355686808535456,26.96201323554069,4259600
2026-01-23,26.590394973754883,26.681344500746132,26.345908081041802,26.41436411255555,4718700
2026-01-26,26.306787490844727,26.785981544085104,26.218772066240696,26.737084914988124,5750700
2026-01-27,26.179656982421875,26.42414387572364,26.120978785022835,26.189436681988383,4033500
2026-01-28,25.632001876831055,26.218770722353156,25.543988322025143,26.179653794137945,4113600
2026-01-29,25.768917083740234,25.944947932771438,25.622225331309842,25.8471528093889,10633400
2026-01-30,26.140535354614258,26.223661859288182,25.55376650114651,25.778695836255103,9250000
2026-02-02,25.671123504638672,26.16009728567941,25.62711578973353,26.052522456958624,10195200
2026-02-03,25.6026668548584,26.023184594834376,25.015897958735795,25.59288715563955,9572100
2026-02-04,25.886268615722656,26.326345719194805,25.524429099789334,25.798253195028227,6390600
2026-02-05,25.827594757080078,25.99384591590479,25.5342112369362,25.954728983686174,5805700
2026-02-06,25.759138107299805,26.179655843937546,25.49020290942054,25.93516896126787,4621900
2026-02-09,25.85693359375,25.949837938955852,25.543990678017757,25.70046213588388,5683800
2026-02-10,26.776203155517578,26.873998283784037,25.86671349891423,25.935169529114674,5294700
2026-02-11,26.60017204284668,26.873996141823618,26.453478429495572,26.795760418503523,6575000
2026-02-12,26.248111724853516,26.805541515755955,26.17965569653734,26.688188857295902,6788800
2026-02-13,26.39480209350586,26.580612635804485,26.208991551207234,26.37524269636142,4959000
2026-02-17,26.54149627685547,26.732195753294626,26.213884738416294,26.64907110573374,4661300
2026-02-18,26.248111724853516,26.63929036186515,26.091640270048863,26.512158004318948,7363400
2026-02-19,25.113693237304688,26.135648495759913,24.83497833638844,26.07208138309695,7692000
2026-02-20,24.7420711517334,25.587997385740703,24.668726207967214,25.2310449046553,12887100
2026-02-23,25.094133377075195,25.182148803670195,24.717623355593663,24.77141076798915,7812400
2026-02-24,25.103912353515625,25.182148078760495,24.6540555343925,24.996337531821368,5687700
2026-02-25,25.055017471313477,25.328841596115478,24.761632082228104,25.006118973822435,6117300
2026-02-26,25.720020294189453,25.90094193728946,25.040347032825046,25.25060590918357,6220400
2026-02-27,25.759138107299805,25.949837577336247,25.27994404110167,25.35817976894449,8587500
2026-03-02,25.573328018188477,25.856933702568696,25.514651687563468,25.69068254472541,5569200
2026-03-03,25.70046043395996,25.759136760452392,25.15280850240797,25.299502116569233,5577300
2026-03-04,26.238332748413086,26.306788778614653,25.436416054131445,25.436416054131445,8479600
2026-03-05,25.837371826171875,26.199213205114443,25.76402502095926,26.003622968071962,9281300
2026-03-06,25.632001876831055,25.974283858826176,25.338618386713375,25.641781575206544,6687400
2026-03-09,25.397296905517578,25.460864017805857,25.069685375429724,25.397296905517578,8588200
2026-03-10,25.182147979736328,25.455973949660017,24.9044105033588,25.21148707607034,6554800
2026-03-11,24.654056549072266,25.12347278514794,24.546483588237486,24.996338560588335,5780200
2026-03-12,24.556262969970703,24.844757564696007,24.409569348869763,24.47802724251741,8189100
2026-03-13,24.438907623291016,24.95722046602182,24.32350978928633,24.800749016383616,7874100
2026-03-16,24.556262969970703,24.85942618069135,24.54648327087818,24.556262969970703,5903700
2026-03-17,24.839866638183594,25.01589749025246,24.702954582257526,24.830086939147893,7686000
2026-03-18,24.409570693969727,24.77141211918493,24.394902077166066,24.673616988157555,4667000
2026-03-19,24.448688507080078,24.580711648852738,24.287326267595635,24.31177644833224,8104700
2026-03-20,23.85213851928711,24.448687080954166,23.71522646852554,24.399790452906974,12483200
2026-03-23,24.213979721069336,24.424238577558253,23.91081652589637,24.223759419660308,7656200
2026-03-24,24.45846939086914,24.654057789226208,23.940156497913268,24.0379516297353,8129100
2026-03-25,24.341114044189453,24.69317576083978,24.223761382163964,24.644279129210314,7728300
2026-03-26,24.578683853149414,24.905343692910055,24.4302024510843,24.4302024510843,6700400
2026-03-27,24.222326278686523,24.61827919015733,24.0936429040889,24.61827919015733,8013400
2026-03-30,24.519290924072266,24.746962526182728,24.23222525250771,24.440100719510216,5399700
2026-03-31,24.598482131958008,24.78655958348046,24.326265910675517,24.75686254754213,8332600
2026-04-01,24.598482131958008,24.870698353240503,24.52919093614539,24.593531681946544,4856400
2026-04-02,25.29139518737793,25.390383416033956,24.53908918089636,24.598481362872608,5050000
2026-04-06,25.21220588684082,25.48937255941556,25.182510738808755,25.251801934941565,4043900
2026-04-07,25.360689163208008,25.47452496936074,25.113219526864636,25.113219526864636,3789400
2026-04-08,25.548765182495117,25.6131078177426,25.301295541743983,25.47947398517176,6908100
2026-04-09,25.736841201782227,25.86552457705203,25.41018136974288,25.449775528270738,6978200
2026-04-10,25.75663948059082,25.994210098245073,25.598259068821317,25.598259068821317,4834000
2026-04-13,25.697246551513672,25.74674161241716,25.41018275044751,25.726943588055764,4785400
2026-04-14,26.202083587646484,26.23672918459534,25.657651160127244,25.726942354024956,4926800
2026-04-15,26.014009475708008,26.296124716858724,26.009059025558116,26.16249088346467,3430100
2026-04-16,26.00411033630371,26.25652853945147,25.979363749805856,26.04370449709157,7016200
2026-04-17,26.756418228149414,26.796012388872818,26.043704454692914,26.043704454692914,4821500
2026-04-20,27.182064056396484,27.2365076786927,26.64753062157914,26.677227657752574,5335100
2026-04-21,26.667327880859375,27.19691273848074,26.598036686485504,27.162267141293807,3356400
2026-04-22,26.40995979309082,26.79601182015722,26.21693377955762,26.716821612347612,3414900
2026-04-23,27.023683547973633,27.053380584046423,26.518847151040646,26.518847151040646,4373300
2026-04-24,26.855403900146484,27.09792497264997,26.756417556799896,27.04348135098326,4235000
2026-04-27,26.954391479492188,27.261255178182502,26.81580909172458,26.8653022622006,6136200
2026-04-28,27.855180740356445,27.89477678712124,27.107823294083456,27.13256987928974,6624100
2026-04-29,27.785890579223633,28.043259228629633,27.622561600357294,27.805688603341824,6641700
2026-04-30,28.478805541992188,29.107378630268464,27.839344107161036,27.95416924543535,9685500
2026-05-01,28.241235733032227,28.52829953097157,28.013562231443128,28.409515162184082,4855700
2026-05-04,28.261032104492188,28.59264240354286,28.063057525516477,28.063057525516477,5019400
2026-05-05,28.36001968383789,28.577794170144465,28.176892683297474,28.280829476465538,5385300
2026-05-06,28.449108123779297,28.7856669679027,28.340220883608957,28.449108123779297,5407900
2026-05-07,28.676780700683594,28.89455518841297,28.310526697209887,28.310526697209887,6316400
2026-05-08,28.439208984375,28.785666838597916,28.42436141097971,28.726274656973345,5388500
2026-05-11,28.627286911010742,28.736174152525717,28.36496970704479,28.666881070079448,5501900
2026-05-12,28.17194175720215,28.795566281758116,28.132347598206856,28.716376075724092,6688800
2026-05-13,28.17194175720215,28.241234839519933,27.850232371207923,28.013561345134097,4097700
2026-05-14,28.191740036010742,28.548096910412557,28.152145876656906,28.300627278309843,5996600
2026-05-15,27.647308349609375,28.31547561917098,27.483977481735845,28.251134872472473,5722200
2026-05-18,28.459007263183594,28.54314603057042,27.88487780087415,27.88487780087415,5734000
2026-05-19,28.369918823242188,28.488705078856206,27.978916346565246,28.300627627485458,5727100
2026-05-20,28.874757766723633,28.88465677892177,28.17194300500431,28.241236090391247,4740400
2026-05-21,28.736173629760742,28.90148315855545,28.439208945952277,28.45900696914819,3778600
2026-05-22,28.99354362487793,29.12717556759949,28.647085754899276,28.86485835612187,4077900
2026-05-26,29.102428436279297,29.2410127145007,28.934149010473174,28.96384604610136,3847900
2026-05-27,29.112327575683594,29.2756584402889,28.948998599121758,29.191517782995522,6566300
2026-05-28,29.082630157470703,29.23606200813886,28.82526340312407,28.983643815665125,4976200
2026-05-29,28.953947067260742,29.38949415008709,28.82526368881204,28.934149043486027,9126700
2026-06-01,28.805465698242188,29.37464472209529,28.79556668634342,28.95394710063676,4964500
2026-06-02,28.577795028686523,28.94404904077046,28.503553381025537,28.845060806570316,5521000
2026-06-03,28.68667984008789,28.815365108507443,28.378828684367164,28.459008227399135,6365000
2026-06-04,29.18161964416504,29.216265242897858,28.84506078100892,29.07273428588055,3943400
2026-06-05,29.735952377319336,29.81019213531646,29.16182100909806,29.24101310516457,5643500
2026-06-08,29.082630157470703,29.790393452032557,28.924249744929643,29.706254683889128,5186900
2026-06-09,29.49837875366211,29.582519408540485,28.95394633002432,29.181617933506054,6455800
2026-06-10,29.409290313720703,29.67160940887586,29.330100106590187,29.666658958905753,5969800
2026-06-11,29.15192413330078,29.587469337113422,29.122227097023032,29.448886943904263,5353900
2026-06-12,29.379594802856445,29.53302476525053,29.231113402327825,29.30040459670495,5898600
2026-06-15,28.874757766723633,29.567673516244827,28.765870520587683,29.290506838827643,8774800
2026-06-16,28.706478118896484,29.09253015149393,28.538198688884663,29.003440930426287,5959500
2026-06-17,28.20163917541504,28.88465589175996,28.092751932623447,28.765869637074267,6255400
2026-06-18,28.12244987487793,28.53819894761498,27.97891702985172,28.419412689100024,15948100
2026-06-22,28.152145385742188,28.251133614465815,27.94922036647829,28.06305616869526,5955600
2026-06-23,28.755970001220703,28.815364071296525,28.270929757195393,28.369917985945,5067300
2026-06-24,29.339998245239258,29.67655708753781,29.092528619316408,29.349897256841384,9775400
2026-06-25,29.90999984741211,29.985000610351562,29.121999740600586,29.309999465942383,6872200
2026-06-26,30.459999084472656,30.459999084472656,30.125,30.209999084472656,9799800
2026-06-29,30.59000015258789,30.59000015258789,30.204999923706055,30.31999969482422,5933000
2026-06-30,30.209999084472656,30.545000076293945,30.125,30.260000228881836,5299200
2026-07-01,30.350000381469727,30.604999542236328,30.309999465942383,30.309999465942383,4601900
2026-07-02,30.530000686645508,30.540000915527344,30.21500015258789,30.420000076293945,3275200
2026-07-06,30.020000457763672,30.523000717163086,29.844999313354492,30.399999618530273,3686700
2026-07-07,30.200000762939453,30.709999084472656,30.18000030517578,30.229999542236328,3277000
2026-07-08,29.6299991607666,30.200000762939453,29.59000015258789,30.200000762939453,3366700
2026-07-09,29.3700008392334,29.75,29.28499984741211,29.700000762939453,2536200
2026-07-10,29.600000381469727,29.68000030517578,29.309999465942383,29.549999237060547,2964200
2026-07-13,30.110000610351562,30.114999771118164,29.610000610351562,29.639999389648438,3782000
2026-07-14,30.229999542236328,30.309999465942383,29.899999618530273,30.0,5448300
2026-07-15,29.81999969482422,30.3700008392334,29.729999542236328,30.309999465942383,4074000
2026-07-16,30.420000076293945,30.530000686645508,29.924999237060547,29.979999542236328,4103600
2026-07-17,30.1200008392334,30.729999542236328,29.84000015258789,30.56999969482422,3428600
2026-07-20,30.079999923706055,30.209999084472656,29.815000534057617,30.1200008392334,2691400
2026-07-21,29.850000381469727,30.219999313354492,29.740999221801758,30.079999923706055,3480900
2026-07-22,29.5,30.030000686645508,29.43000030517578,29.959999084472656,3992900
2026-07-23,29.440000534057617,29.90999984741211,29.350000381469727,29.479999542236328,5821000
