Date,Close,High,Low,Open,Volume
2018-06-01,74.9305419921875,75.74023778026869,74.61111941811883,75.41338519263381,1853300
2018-06-04,75.28709411621094,75.56937792289723,75.02710034750443,75.07166908858581,1423800
2018-06-05,74.88597869873047,75.62139713011788,74.6037004831349,75.62139713011788,1425500
2018-06-06,74.84140014648438,75.12367832512079,74.07627309147944,75.00482644317279,2044800
2018-06-07,76.39447784423828,77.00221051688946,74.7513419820277,74.90140331890463,3113800
2018-06-08,77.48241424560547,77.58746006916905,76.28945637878918,76.34948092818092,1799200
2018-06-11,77.760009765625,78.0676312337582,77.31734167158562,77.40737275552308,2223700
2018-06-12,77.67747497558594,77.97008743754965,76.7471175509899,77.84253958987416,1982700
2018-06-13,77.19730377197266,78.0901503120016,77.09976817549915,77.92508566854187,1942300
2018-06-14,76.55955505371094,77.26482914247777,76.22192128335728,77.09976450687228,2381900
2018-06-15,77.60995483398438,77.74500718534824,76.33445913238008,76.59705933662782,3448800
2018-06-18,75.58416748046875,77.41487580978001,75.17901043754306,77.16727888506071,2222500
2018-06-19,76.78462982177734,77.15977459688689,75.32156748855216,75.46412433485537,2225300
2018-06-20,76.26692199707031,76.77711904039866,75.81674948219332,76.61955894640441,1787200
2018-06-21,75.13401794433594,76.22193583321624,74.54879283311719,75.39661822190118,2918300
2018-06-22,75.75672912597656,76.53703086605634,75.02894742012069,75.10397522268993,2224900
2018-06-25,77.9400863647461,78.1201600012479,75.58417733427683,75.58417733427683,2535300
2018-06-26,77.51992797851562,78.1201620003704,76.3644812072115,77.94759285870398,2068200
2018-06-27,77.57994842529297,78.27021350696492,76.40949271696273,77.32484697599777,2237300
2018-06-28,78.42776489257812,78.74288512632944,77.42237965415588,77.57243527282175,2178100
2018-06-29,79.03550720214844,79.62073792433404,77.97009729698077,78.38275888488299,2044500
2018-07-02,78.75790405273438,79.06551982706084,78.17267905219396,78.5928394168372,1653200
2018-07-03,78.48031616210938,79.35065512462926,78.30775270439894,79.2681227842435,1201200
2018-07-05,80.1084213256836,80.18345486813422,78.74289442721421,78.96798360605484,2661300
2018-07-06,80.16845703125,80.72366983229831,79.83082894023899,80.19096480741655,1990900
2018-07-09,78.89295959472656,80.12343419011748,78.78041499987556,79.74078485732645,1747500
2018-07-10,78.600341796875,78.96798210602601,77.40737833048941,78.89295428925618,2978900
2018-07-11,78.8704605102539,79.21559310803472,78.40527880493725,78.66037457206617,1895000
2018-07-12,78.87793731689453,79.37313116117184,78.48778927458157,79.11053096689822,2023300
2018-07-13,79.2455825805664,80.05589092622645,78.59282862575914,78.72788097074495,1947200
2018-07-16,79.08053588867188,79.4856930154466,78.48780633603421,79.29061608975739,1669100
2018-07-17,79.88335418701172,79.95838202053092,79.05803656978696,79.09554762441817,1669500
2018-07-18,77.95509338378906,79.4556726376666,77.8800655659463,79.44816813860565,2088900
2018-07-19,77.6925048828125,78.06764975289029,76.6420981017434,77.27984323602435,4612100
2018-07-20,78.5403060913086,79.00548764797695,77.43737959635222,77.62495197374604,2120300
2018-07-23,79.11051940917969,79.16303944036146,77.91755623768806,78.63033463144525,3735900
2018-07-24,79.65076446533203,79.68077101868614,77.27984605239214,77.45241521758983,4215200
2018-07-25,79.80081939697266,80.15345650034286,79.14056646836366,79.58323467948347,2457300
2018-07-26,81.0762939453125,81.55647884085464,79.86832720751745,80.07841310804068,2379300
2018-07-27,81.06129455566406,81.92412879889606,80.30350040559884,80.70865750392315,2207200
2018-07-30,81.03878021240234,81.32388819584831,80.39353070711199,80.57359860590654,2099500
2018-07-31,85.427978515625,86.05821906298014,81.12131760259795,81.12131760259795,6699000
2018-08-01,84.28754425048828,85.11286752045716,83.55976803172996,85.11286752045716,4284300
2018-08-02,86.5609130859375,86.61343312889035,84.32504756254023,84.35505983340691,2880100
2018-08-03,87.55879974365234,89.6521085511548,86.65845445460549,86.65845445460549,3247200
2018-08-06,87.4837646484375,88.13651864947953,86.95856422754525,87.08611208343976,2160100
2018-08-07,85.53300476074219,87.10861159832596,85.26290007724157,87.04108828957817,1733700
2018-08-08,84.12997436523438,85.48049799237297,84.09996209304734,85.28542108528504,1703300
2018-08-09,83.4397201538086,84.43760686814048,83.3947046017882,83.99493295100002,1601900
2018-08-10,82.59938049316406,83.73231940809673,82.44182036182993,83.16209770118118,2372700
2018-08-13,83.30463409423828,83.61975427949368,81.92410429735514,82.92948938105211,3184400
2018-08-14,83.37969207763672,83.8898893012447,83.09458405313019,83.36468880234948,1478300
2018-08-15,87.37873077392578,87.5738076830871,82.84698066211855,83.10958089122666,6018500
2018-08-16,88.729248046875,89.02186052748685,87.00357970930047,87.97145396219172,3645400
2018-08-17,89.70462036132812,89.84717721330297,88.4366348635045,88.57168721688718,3429800
2018-08-20,88.61670684814453,90.39489529567511,88.43663894341215,89.86218463190538,2211300
2018-08-21,87.73887634277344,88.53418156575476,87.0035899433005,88.43664596882971,2175900
2018-08-22,86.98855590820312,87.7388453171771,86.82349132234823,87.7388453171771,1283200
2018-08-23,87.17613220214844,87.4837478971247,86.32080269518438,86.82349524810544,1119800
2018-08-24,87.28868103027344,87.67133029274106,86.75597615175235,87.08610537617578,1198700
2018-08-27,86.45586395263672,87.74635711932493,86.2157715350837,87.52877819575747,1335900
2018-08-28,86.51586151123047,87.3711908964175,86.32828917721132,86.81597839051177,1217500
2018-08-29,86.37334442138672,87.13863732668808,86.31331987705762,86.72597573974505,1924700
2018-08-30,85.81809997558594,86.64342289945441,85.44295527355622,86.28328146683418,2841900
2018-08-31,86.68846893310547,86.84602907648471,85.68307780130891,86.00570258753953,1679000
2018-09-04,85.29290771484375,86.47086196117988,85.05281531190435,86.32830512922216,1902000
2018-09-05,87.5512924194336,87.67884027348023,84.91026990740964,84.91777440595803,3171900
2018-09-06,87.82373046875,88.26265552778098,86.35558529819974,86.96100753468535,2511000
2018-09-07,87.38480377197266,87.66480680626916,86.98371397515416,87.41507546260316,1312500
2018-09-10,87.55885314941406,88.27779276478653,87.4604744914877,87.831292573847,1152700
2018-09-11,87.14263153076172,87.64209996609394,87.02911414017983,87.47560856307176,967400
2018-09-12,88.0204849243164,88.164273999894,86.67342655438158,87.07451631916733,1104100
2018-09-13,87.82373046875,87.9448114518065,86.96100753468535,87.9448114518065,1358200
2018-09-14,88.12643432617188,88.18697770354567,87.17290211433877,87.92210764470313,1175300
2018-09-17,88.61077117919922,88.7469908935469,87.44534290212225,88.12643570012625,1394100
2018-09-18,88.59563446044922,88.97402189827017,87.87670063808304,88.97402189827017,1525600
2018-09-19,87.89939880371094,88.83022862343958,87.69506636365959,88.57292794928169,889200
2018-09-20,88.36861419677734,88.48213160150794,87.61940856353151,87.66481321592973,1166600
2018-09-21,88.33077239990234,88.86051255128301,88.23238796197835,88.64861649073075,2131900
2018-09-24,86.2572021484375,88.14913932180113,86.20422813853268,88.04318552825744,1817900
2018-09-25,85.14476776123047,86.75669663893805,85.03881970957283,86.75669663893805,1507400
2018-09-26,85.56852722167969,86.31016907320034,84.98581316056126,85.34906183473718,1231900
2018-09-27,85.45500946044922,86.46152133521163,85.16743711354577,85.54582451545042,1062000
2018-09-28,85.99990844726562,86.0150471801892,85.2355640992026,85.2355640992026,1865600
2018-10-01,85.96961975097656,86.48422686762919,85.51555600657336,86.0831371305108,1130300
2018-10-02,86.73397827148438,86.81722397864145,85.78800957536727,86.02260796440919,1433600
2018-10-03,85.16744232177734,87.67236522797454,85.0312226178121,87.30911653322318,2107300
2018-10-04,85.05393981933594,85.18259018066162,83.80525994349243,84.43338456464949,1838700
2018-10-05,85.8561019897461,86.37827846904186,85.18257285423338,85.18257285423338,2227900
2018-10-08,86.4766845703125,86.9307542305756,84.66799261780068,84.72096664166664,1451000
2018-10-09,86.35558319091797,87.47560679523043,86.1815224257122,86.55990987084856,1481500
2018-10-10,85.47016143798828,87.17290501049037,84.00201624343592,84.52419278659823,2526800
2018-10-11,81.8300552368164,86.20421833407312,81.7695176421919,85.61392915318376,3433300
2018-10-12,82.59441375732422,82.91982720170832,81.36843631653738,82.3749483391364,2237100
2018-10-15,83.46471405029297,84.29716538165704,82.45063256487003,82.55658060120356,1389800
2018-10-16,83.29821014404297,83.72957159124157,82.9122533416861,83.56308019517648,1529100
2018-10-17,82.35224151611328,83.45713213874681,81.50465157911734,82.8744180265043,2733400
2018-10-18,82.85173797607422,83.25282784311398,82.01928077232874,82.42037641310412,1856500
2018-10-19,83.4192886352539,85.76528935743649,83.34360653636615,84.80418212940371,4250700
2018-10-22,80.52085876464844,85.06150862986844,79.35542460639378,84.10040117510535,4258300
2018-10-23,78.810546875,80.0894984537202,78.49270276538722,79.75651561103922,4400100
2018-10-24,79.62029266357422,81.52736879163027,78.93919404641134,79.03000911994464,3426400
2018-10-25,79.13594818115234,80.73274362392068,78.93162150603382,79.8170467211042,2931500
2018-10-26,77.4256362915039,78.90891436664167,75.91965589371483,78.62891135563011,3785900
2018-10-29,77.4180679321289,78.55323018466022,76.6461543671167,77.83429062715011,2380400
2018-10-30,80.3922119140625,80.63437968649781,77.9553954562062,78.01593306901368,2894400
2018-10-31,78.93162536621094,80.21814040279983,78.26565975069582,80.07435132240738,2501300
2018-11-01,80.24085235595703,80.38464145360557,78.78784574111464,78.78784574111464,1828700
2018-11-02,79.82461547851562,80.86896271599849,79.10567589092321,80.71761005215484,1666900
2018-11-05,80.87653350830078,81.08842955091421,79.62028443604385,80.10461989737,1567800
2018-11-06,80.95977783203125,81.39870286696143,80.49057533583151,80.63436440819179,1632400
2018-11-07,81.3457260131836,81.46681275909228,80.21813311714467,81.14139934662997,1639300
2018-11-08,81.13384246826172,81.58034269535011,80.55112829166316,81.10357077712567,1187700
2018-11-09,82.8290023803711,83.07117009369544,81.27761745160792,81.48951347905002,2234200
2018-11-12,83.5328140258789,84.2139126121712,82.64738875056617,82.77603910193957,2141500
2018-11-13,83.2225341796875,84.21390742134616,82.63981429088095,83.52524528535145,1423200
2018-11-14,83.98686981201172,84.67553187740437,83.21495628301902,83.26036092340676,1452400
2018-11-15,83.84308624267578,83.95660362481199,82.7987390292373,83.74470759081582,1610200
2018-11-16,84.20633697509766,84.88743551066577,83.50253611729961,84.11552768617793,1394900
2018-11-19,83.58578491210938,85.12204280016162,83.12415176388038,83.85066074456496,1672100
2018-11-20,84.45606994628906,85.28852110526219,83.30577474413715,83.89605818825022,1790300
2018-11-21,83.75228881835938,84.73609863906037,83.46471639362815,84.22906076898091,1432100
2018-11-23,85.37934112548828,86.13611600012432,83.54794731456525,83.88092433326592,1111000
2018-11-26,85.53067779541016,85.7123078884438,84.38038274152869,85.23553611139671,1865200
2018-11-27,87.36967468261719,87.4756227246499,85.53071113342759,85.5685521943258,2311700
2018-11-28,86.29503631591797,87.62696168545219,86.105842601019,87.07451349750427,1921100
2018-11-29,86.99127197265625,87.3166854088368,86.0074680722444,86.31017918534583,1329000
2018-11-30,87.30912017822266,87.46047284506545,86.42368917861651,86.70369796338322,2237000
2018-12-03,85.65933990478516,87.33938085408796,84.87229343422288,87.33938085408796,2177900
2018-12-04,85.14476776123047,86.48425714217962,84.82691783252177,86.14371065809947,2532000
2018-12-06,86.21373748779297,86.25191207002148,84.11394322331901,85.09893249729414,2123100
2018-12-07,86.66423797607422,86.92384611297243,85.81668416947426,86.31300035382299,2327100
2018-12-10,86.80931854248047,87.0918326008617,84.96149507769513,86.93912261392657,2570700
2018-12-11,88.389892578125,88.756398884381,86.93148712371776,87.01547936588324,2033500
2018-12-12,86.98493194580078,88.78693770232334,86.7482297251981,88.37461375882962,2667400
2018-12-13,90.40568542480469,90.54312673186864,87.22926669510989,87.58050429638173,2746000
2018-12-14,89.65739440917969,90.39805003324838,89.05418009499499,90.05444967129448,2226200
2018-12-17,87.18346405029297,90.03918281393483,86.6336987641346,89.59631568613918,1742400
2018-12-18,86.61841583251953,88.47387045502435,86.02283881242126,87.48123820451939,1711900
2018-12-19,86.95437622070312,88.70293264814492,86.24426383598231,86.73294270014378,2855600
2018-12-20,87.09945678710938,87.71030829427649,85.90066551034108,86.95437824341705,3202800
2018-12-21,88.53496551513672,89.37488793863336,85.69452124612953,86.77877732399082,5489600
2018-12-24,81.58656311035156,87.94703320678576,81.5789258625232,87.94703320678576,2668900
2018-12-26,84.56444549560547,84.57971416407214,81.38802650738003,82.17449983295934,2265500
2018-12-27,86.18318176269531,86.22899358489587,82.84641617531642,84.06047606772302,1922800
2018-12-28,86.44280242919922,87.70268015257065,85.77850178310932,86.47334559027934,1695700
2018-12-31,87.00019073486328,87.26743606883723,85.57232877118622,86.61841002189725,1876200
2019-01-02,85.35855102539062,86.32064026196555,84.76297391601513,86.12974986406249,2634400
2019-01-03,84.48043823242188,86.10682202124391,84.15210657640485,84.96147984800011,3264800
2019-01-04,85.42726135253906,85.7937734479048,83.78560873356992,84.61025075349659,2257400
2019-01-07,86.58024597167969,87.1147367405699,85.40436045460876,85.57998217896552,1729700
2019-01-08,87.77140045166016,87.94702217660665,85.97703192091765,87.31326467314265,2753800
2019-01-09,87.05365753173828,88.16845674158711,86.63369633173826,87.76377003550304,1982200
2019-01-10,89.07709503173828,89.13054410830534,86.76349859473213,87.21400294766515,2358400
2019-01-11,89.48941040039062,89.53522805426314,88.71821743726882,89.20689635815259,1688900
2019-01-14,88.7640380859375,89.29852888829285,88.19900411980286,88.83275583530626,3143400
2019-01-15,89.1076431274414,89.81775570215527,88.57315229723233,88.74877404173711,2000800
2019-01-16,87.6110610961914,89.28326295488985,87.42017068585643,88.718228971442,2878700
2019-01-17,87.32853698730469,87.78667275438787,86.58788134818926,87.48888421450818,2400100
2019-01-18,89.2374267578125,90.07734316887768,88.68766159405743,88.99308733231152,2683200
2019-01-22,87.98519897460938,89.42069257518945,87.06128438310805,89.24507085745032,2886400
2019-01-23,85.6334228515625,87.43542844627082,83.5412659858632,84.80877503862575,4922000
2019-01-24,85.09130859375,86.09157244939708,84.51100013279229,85.61053072713052,3128000
2019-01-25,82.5562973022461,85.68689926645106,82.51811688509781,85.08368479369354,3053800
2019-01-28,82.50282287597656,83.61762197327631,82.29665800751347,82.46464247055393,2571400
2019-01-29,82.57917022705078,83.28928259347495,82.03704230813727,82.64025653987491,2460200
2019-01-30,82.36540985107422,83.20532662913708,82.07525265146988,82.86935758770635,2305300
2019-01-31,85.04546356201172,85.38906967490348,82.1821084154685,82.22792605916065,4330900
2019-02-01,85.32036590576172,85.91594298226025,84.99967145311055,85.20583050823993,2203000
2019-02-04,86.1068344116211,86.12210890508207,85.39672192900755,85.5952495654136,1895000
2019-02-05,85.6868896484375,86.25192364062393,85.14476157376345,86.07630772268705,2021900
2019-02-06,87.16818237304688,87.32089234062911,85.20582375399297,85.50361809414846,2173200
2019-02-07,86.55733489990234,87.12236879699694,85.94648334998077,86.9238411694456,1735800
2019-02-08,88.33644104003906,88.35170970841106,86.32827035663668,86.48861758934918,2204600
2019-02-11,89.17636108398438,89.20690424742982,88.19136590854173,88.19136590854173,1955200
2019-02-12,88.57313537597656,89.48177543925604,88.32879592520125,89.33669688783843,2118900
2019-02-13,88.641845703125,89.10761865245145,88.3440572044424,88.36696894131235,1765400
2019-02-14,89.22216033935547,89.70320781392024,87.817209971988,88.22953388210983,1511900
2019-02-15,90.43626403808594,90.66532908931713,89.38254499567356,89.71087681206787,1854000
2019-02-19,91.29905700683594,91.54339647705834,89.8864692625654,90.41332861184691,1964800
2019-02-20,90.54314422607422,91.45941589986235,90.24535564081741,91.32961181408646,2270900
2019-02-21,91.42123413085938,91.51285779573354,90.01627773915688,90.58131169942772,1540300
2019-02-22,90.94017791748047,91.32959593260472,90.05444956357472,90.76456202620732,1571600
2019-02-25,89.93228149414062,91.28378874602191,89.66503610762844,91.28378874602191,1696200
2019-02-26,89.92464447021484,90.32933699995108,89.73375407573103,90.07736028110942,1192700
2019-02-27,89.08473205566406,89.8788368328257,88.99310839036532,89.45124419339743,1349800
2019-02-28,89.20689392089844,89.4894079554178,88.74112092692036,89.2450685016516,1663600
2019-03-01,88.32878875732422,89.3366896381703,87.86301580684497,89.20688558981026,1790700
2019-03-04,88.90914154052734,89.10003199843777,87.90887157972685,88.64952748850163,1644300
2019-03-05,89.09235382080078,89.63448177315627,88.84037713399123,89.0694479084566,1389100
2019-03-06,88.6723861694336,88.95490599380831,88.13025825685887,88.90145692709,1139600
2019-03-07,88.73403930664062,89.90503636788786,88.30262026475643,88.98056531309497,1456500
2019-03-08,89.27330780029297,89.32723517732167,88.53372982490949,88.60306838259967,1255300
2019-03-11,90.5906753540039,90.63690301514765,89.1423359870953,89.31182369678902,1248000
2019-03-12,90.73705291748047,91.38418728002425,90.5290490123746,90.63690375985809,1021700
2019-03-13,91.26863861083984,91.49975343743273,90.68313713704596,90.9142578412825,1043400
2019-03-14,91.25322723388672,91.823323402412,90.93736854159255,91.4150152530923,1296700
2019-03-15,92.59371185302734,92.63993363969402,91.10685031293525,91.10685031293525,2872100
2019-03-18,92.11608123779297,92.74009897719476,91.76940602204627,92.37801845575356,988800
2019-03-19,92.40110778808594,92.50125694583753,91.72315694286628,92.06213236547612,1387100
2019-03-20,92.11608123779297,92.64765538773926,91.29946485016652,92.64765538773926,1487800
2019-03-21,93.57210540771484,93.67996015614183,91.9234618215959,91.9234618215959,1220700
2019-03-22,94.02664184570312,94.67377034090725,93.21001975907119,93.5258842943325,1393400
2019-03-25,93.91879272460938,94.28087318854202,93.54900079258785,93.98812540568902,1555300
2019-03-26,94.82015228271484,95.60595205184526,94.15761257176574,94.20383435887831,1064000
2019-03-27,95.02812957763672,95.0435407541186,94.13447530386307,94.45803947828242,1245800
2019-03-28,95.44418334960938,95.91412451019212,95.213062626238,95.37485065918445,999100
2019-03-29,95.45186614990234,95.75231949195893,94.79703209356472,95.40563848967942,1872300
2019-04-01,94.5813217163086,95.490387380077,93.61062896506331,95.36712732748018,1776200
2019-04-02,94.48887634277344,94.94340622716054,94.04204617064705,94.38102159469368,1167400
2019-04-03,93.8109359741211,94.31169357622602,93.21773479341708,94.26547178692648,1115200
2019-04-04,93.98040771484375,94.2192339667582,93.71847644985434,94.11137922498108,673400
2019-04-05,93.92649841308594,94.14220793813736,93.19462597056949,93.83405483243175,1259400
2019-04-08,93.7107925415039,93.91880236137291,93.31788967547442,93.68768164543934,1171100
2019-04-09,93.47965240478516,93.70306748306714,93.04052783785649,93.47965240478516,1314300
2019-04-10,93.72618103027344,93.90336844229576,93.30246177953738,93.30246177953738,895600
2019-04-11,94.42723846435547,94.52738761731926,93.57210023648392,94.27316194015845,1307000
2019-04-12,94.89717864990234,94.95881161008344,94.01892953907083,94.4503485050533,928000
2019-04-15,94.75851440429688,95.13600602732191,94.54280490542543,94.81244177901473,1004600
2019-04-16,95.00505065917969,95.14372190597025,93.94960806540466,95.02816155403751,1225100
2019-04-17,95.10520935058594,95.42107395231426,94.69690116017166,95.0666931478482,1174500
2019-04-18,95.1822509765625,96.11442769606803,94.30400164156904,95.29010574558667,1405000
2019-04-22,100.34387969970703,102.0541563632267,98.55656476472969,98.55656476472969,6569300
2019-04-23,96.7769546508789,100.53647751797497,96.61517251881087,100.15128028610533,5403900
2019-04-24,95.83706665039062,96.86939234790268,95.81395575830349,96.73072111773688,2602200
2019-04-25,95.53660583496094,95.78313179403757,94.6198346694998,95.26696898560252,1875300
2019-04-26,96.86939239501953,96.86939239501953,95.72150635887049,96.0142541215216,1722100
2019-04-29,96.49189758300781,97.2083646025622,96.21455513171948,96.57664143632607,1124300
2019-04-30,98.90325164794922,99.04191701818216,96.54584043404645,96.60747340591244,1934200
2019-05-01,96.66140747070312,98.80310343116616,96.66140747070312,98.53346650766257,1526800
2019-05-02,98.04041290283203,98.10204000034062,96.33013604703304,96.62288386254194,1013800
2019-05-03,98.22528076171875,98.38706287177389,97.7784506229136,98.00957128164522,1073900
2019-05-06,98.53343200683594,98.84929061301747,97.19294757246253,97.8631868508282,1821000
2019-05-07,97.2083740234375,98.81079004683696,96.59976168955173,98.0095849739589,1174300
2019-05-08,97.75535583496094,98.42560115357237,96.69991327344158,97.27000942484861,1047100
2019-05-09,97.37786865234375,97.99418074269937,96.84629455188539,97.8555094937817,1184200
2019-05-10,98.17906188964844,98.37166048508315,96.43796894117862,97.00035942601077,942100
2019-05-13,98.62590026855469,98.9109424518835,97.06970019615207,97.35474825712406,1538500
2019-05-14,98.26382446289062,99.34237210069378,97.84010512115096,98.31004625375539,1272300
2019-05-15,99.12664794921875,99.28843594866484,98.07891107479965,98.61048510189781,1138200
2019-05-16,99.16517639160156,99.83541581389466,98.6721244046288,99.38088590119673,1248100
2019-05-17,99.32695770263672,99.84313236468083,98.47182521110705,98.69524032245934,1028100
2019-05-20,100.23601531982422,100.6135128057145,99.01109105162321,99.22680054205034,1495100
2019-05-21,100.2129135131836,100.62892135235329,99.9586819288573,100.40551212961685,1427600
2019-05-22,100.90625,101.27604775667368,100.05882325701414,100.55187517729402,1049600
2019-05-23,100.85235595703125,101.20673087618924,100.19751587056489,100.53649136213392,1187400
2019-05-24,100.63664245605469,101.49948057859812,100.55959829998997,100.93709585624661,871900
2019-05-28,99.088134765625,101.45325147392904,98.95716911398573,100.86004442979721,1720900
2019-05-29,98.9340591430664,99.16517984146931,98.24840851615286,99.14206894715772,1243400
2019-05-30,100.32076263427734,100.65202659340154,98.9802721072791,99.14975982064506,889300
2019-05-31,98.5257568359375,100.0896568051359,98.42560766211058,100.0896568051359,1474900
2019-06-03,100.9448013305664,101.01413402180874,98.61050668310047,98.926371283589,1793700
2019-06-04,101.25293731689453,101.88466641090227,100.7830079856319,101.06805017155486,2108000
2019-06-05,102.84765625,103.22515375203407,100.99100285522947,101.60732074935784,1504700
2019-06-06,103.70945739746094,104.11318071084652,102.91754177992856,103.10387835072704,1193500
2019-06-07,104.74203491210938,105.41748563084218,104.03552217947664,104.22961830294582,1813600
2019-06-10,104.58673095703125,104.81963676231607,103.60071961015126,104.7730556012591,899000
2019-06-11,104.50910949707031,105.36313711610681,104.06656468174603,104.57898125316794,1148300
2019-06-12,105.82898712158203,105.97650209689415,104.85850633314894,105.33986101327118,1244900
2019-06-13,106.61311340332031,106.66745415201667,105.39418418708617,106.03858467222648,1464900
2019-06-14,106.86933135986328,107.46715079604883,106.31033352152924,106.61313487675788,1374700
2019-06-17,106.51995849609375,107.06342531484505,105.59605898087244,106.72958564285787,2083200
2019-06-18,105.65039825439453,107.90190843940518,104.80414204007623,107.48266604546798,1780100
2019-06-19,105.49514770507812,105.77464664677827,104.1830557800605,105.44079509436646,2401000
2019-06-20,105.82898712158203,106.26376061932977,105.0293118996483,105.92214948633104,1853000
2019-06-21,105.26996612548828,106.20162510848098,104.89730490162853,106.11622234398327,2792500
2019-06-24,106.97802734375,107.12554231118257,105.66594733909264,105.96096542726909,1468400
2019-06-25,106.23270416259766,107.04791034599695,106.1007202047808,106.65194662585776,1212800
2019-06-26,103.57745361328125,105.89107598614846,103.46876026278915,105.86778540009207,1306200
2019-06-27,103.97343444824219,104.54019194497563,103.42996754406697,103.67064489829528,1286700
2019-06-28,103.47653198242188,104.98271990643717,103.47653198242188,104.29173813009581,5526900
2019-07-01,105.13800048828125,105.33985621827887,103.68616508581239,104.20634134313178,1950000
2019-07-02,105.64264678955078,106.0541296353387,104.85073126607566,105.08364899023746,1182600
2019-07-03,107.41281127929688,107.64571717572406,106.38021836727845,106.44233055522187,1358900
2019-07-05,106.4112548828125,107.14105818913596,105.28549975668435,107.01683382919005,872500
2019-07-08,107.52149963378906,107.67677417306433,106.31032979539077,106.31032979539077,1443800
2019-07-09,106.26373291015625,107.32738763267062,105.55723208388694,107.32738763267062,1175700
2019-07-10,106.9858169555664,107.72338007140183,106.55104340714514,106.75289916985767,1291000
2019-07-11,106.69076538085938,107.07119808208985,105.71252509486595,106.9469737086242,921700
2019-07-12,107.7311019897461,107.83979533885095,106.74510226811162,107.14105407270358,1079100
2019-07-15,108.11152648925781,108.42207550710566,107.38172326596117,107.8786088025291,975200
2019-07-16,107.54479217529297,109.17519263732237,107.42056780294172,108.5230324525106,1421700
2019-07-17,107.16435241699219,107.66899760722451,106.64417621956717,107.65347844671922,1604400
2019-07-18,106.78395080566406,106.83830342330495,105.91440369693672,106.44235147487178,2152600
2019-07-19,105.38644409179688,107.2264717019909,105.30880089737754,107.13330934603826,1496900
2019-07-22,104.23737335205078,105.76685168623894,103.81037137632944,105.5184148192749,2559300
2019-07-23,104.85074615478516,106.66748333718466,103.28244589253183,105.9765014936213,4423100
2019-07-24,104.54016876220703,106.04635659597416,104.04328315333731,105.57276157449776,1833800
2019-07-25,105.11470031738281,105.86779425402035,103.45323790851691,103.88801134684628,1518300
2019-07-26,106.49665832519531,106.78391679354185,104.62556887420604,105.42524394556564,1834300
2019-07-29,107.3351821899414,107.91747070091759,106.59761911204293,106.86934664248443,1186300
2019-07-30,107.37397003173828,108.69382120561201,107.1100021663008,107.62240689135992,1493100
2019-07-31,105.3165512084961,107.38950821949265,104.15197447483773,107.13329991648536,1838700
2019-08-01,104.99825286865234,106.45008821472176,104.51688638245187,104.93614068183008,1480900
2019-08-02,105.48736572265625,106.31810288311932,104.5945282228636,105.16128563107924,1407800
2019-08-05,103.748291015625,105.82123673830043,103.06506869024031,105.43304438918466,1614000
2019-08-06,104.43927001953125,104.88180312494082,103.19704979822119,103.76380729509977,1498400
2019-08-07,105.68921661376953,106.40348887024697,102.73119382066972,104.08209515168055,1751900
2019-08-08,107.5603256225586,107.8243054105378,105.4407988170691,105.92215351550156,1329800
2019-08-09,107.42833709716797,108.49975167386837,106.48114690405093,107.86311059302052,1380900
2019-08-12,107.24198913574219,108.4065658244934,106.89260665176748,107.42055424427843,881800
2019-08-13,108.24352264404297,109.19847223617117,106.93143097902104,107.45937858503518,2010700
2019-08-14,106.1395263671875,109.17518064886868,106.03083301498775,107.42831558707398,1888500
2019-08-15,108.12708282470703,108.65501864806316,106.57431367833475,106.89262234985785,1307600
2019-08-16,109.2528305053711,110.02145544429789,108.60067035235375,108.70936371118997,1660500
2019-08-19,110.8211441040039,111.1472242203896,109.30718462884943,109.4314090103361,1678200
2019-08-20,108.81028747558594,111.10839090399881,108.63948193072542,111.10063132348253,2087600
2019-08-21,110.1767349243164,110.49505543472793,109.21401381234796,109.43917196720027,1144300
2019-08-22,110.07579803466797,110.87547315515043,109.48575005496559,110.40964954381312,989200
2019-08-23,107.45938110351562,110.2931797796961,106.80722096905522,109.87393736373936,1427500
2019-08-26,108.88793182373047,109.33047669830128,107.84757938248781,108.22024064491886,1111500
2019-08-27,109.57891082763672,109.92052191237032,108.95780084145632,109.6099609959363,1346500
2019-08-28,110.2077865600586,110.37859211198153,109.1596745060097,109.60996712832835,860400
2019-08-29,110.12239837646484,111.01524785195353,109.02769315226847,110.85996144112777,1057800
2019-08-30,109.55561065673828,110.68913717086774,109.14412784430793,110.6658347383218,1316700
2019-09-03,109.86616516113281,110.13014489180624,108.45315154644577,109.48574434206067,1526900
2019-09-04,110.77455139160156,110.80561341040628,109.88947340269274,110.06027896605138,1295100
2019-09-05,109.07752227783203,111.56438345471612,108.92111869132778,110.85273341336868,2360100
2019-09-06,107.95925903320312,109.51549131453012,107.43530029163165,109.22614399244068,2134500
2019-09-09,104.22113800048828,108.5926826922889,103.27487648128212,108.5926826922889,3430900
2019-09-10,102.563232421875,103.556413889165,102.08619363202683,103.32180249643406,3040400
2019-09-11,103.15756225585938,103.19666613563716,101.04608400897544,102.4771881596465,2624700
2019-09-12,104.46356964111328,105.3550833707057,103.54076802889324,103.87704713657008,1728600
2019-09-13,103.548583984375,104.69034097872125,103.0715452585647,103.29832868363474,1672000
2019-09-16,100.7098159790039,103.17320554770242,100.32661700778924,102.86821434459851,2265600
2019-09-17,103.16539001464844,103.28270166734974,100.61597666253006,100.61597666253006,1925700
2019-09-18,104.08037567138672,104.26806717772872,102.90733060561995,103.57206091602038,1547900
2019-09-19,104.88587951660156,105.52714996502046,104.04128552574483,104.27589695645499,1501400
2019-09-20,105.60530853271484,105.83210387769613,104.79200271729397,105.22993753581513,2773500
2019-09-23,107.00516510009766,107.68552737375947,106.36389477972116,107.06772893131712,2271100
2019-09-24,107.76375579833984,108.56924588880845,106.84878196546285,107.51350042550187,1518800
2019-09-25,107.59168243408203,108.61613976391052,107.05207985691615,107.88102969837036,1894100
2019-09-26,109.57020568847656,109.75006921759044,107.89666224207342,108.02960588818618,1684000
2019-09-27,111.09517669677734,111.35324802129753,110.10982322092521,111.07171675207829,1546000
2019-09-30,111.08734893798828,112.22128989883225,110.68850605464725,110.75106987816798,1399800
2019-10-01,110.7823715209961,111.31414618775126,109.64060248232957,110.79018752509637,1169600
2019-10-02,109.31997680664062,111.314155845654,107.84194047096373,110.66506946409419,1864000
2019-10-03,109.26522827148438,110.0472582408292,108.5692220760807,109.57803548609016,1098900
2019-10-04,110.73542785644531,110.75105986128975,109.28866790884986,109.28866790884986,1294500
2019-10-07,109.60932159423828,110.83710242117762,109.4998378776142,110.64942286858214,1212500
2019-10-08,107.22411346435547,109.58584695813201,107.1302737006387,109.27302785769521,1593200
2019-10-09,107.4118423461914,108.02964089394463,106.64544423273463,107.69337366825391,1409400
2019-10-10,107.83413696289062,108.31117583195478,106.66109173727378,107.07556676236509,1140500
2019-10-11,107.63079071044922,108.38153281405745,107.15375194203605,107.71681448615752,1154600
2019-10-14,105.65225982666016,107.8419343229555,105.25341688189627,107.8419343229555,1275600
2019-10-15,104.69035339355469,106.18403357330051,104.1116588244193,106.01198601684649,1621500
2019-10-16,105.33943939208984,105.36289933763679,104.096014546778,104.9953442802934,1513900
2019-10-17,106.05890655517578,106.27787400421124,105.29252048355171,105.29252048355171,1082000
2019-10-18,107.31016540527344,107.74810032805915,105.1517667431874,105.9337968003995,1765800
2019-10-21,108.85078430175781,109.13231564810847,106.88788088340084,107.13032026642996,2447100
2019-10-22,101.17903137207031,107.33360281130618,101.17903137207031,107.13809533806155,4576800
2019-10-23,105.0188217163086,105.26907708759627,101.59353783484683,102.10185265012973,2992700
2019-10-24,105.72262573242188,106.41081587361677,105.1908391870905,105.33942677965118,1761100
2019-10-25,104.94841003417969,106.53592977414436,104.93276609501123,105.730439932993,1891900
2019-10-28,103.1341323852539,105.57406245458694,102.64144960862619,105.12829957424144,1940600
2019-10-29,103.96305847167969,104.51829302714175,102.500666353885,102.98552108110474,1252300
2019-10-30,104.53392028808594,105.44889370773959,103.71278662444983,104.94839512093347,1122200
2019-10-31,103.91615295410156,104.83112664624858,103.2827105466791,104.26024807241281,1477900
2019-11-01,103.25923919677734,104.54176795979616,102.93861595564603,103.93961343249822,1008400
2019-11-04,101.16342163085938,103.67374368636847,100.88970630265698,103.14977298005722,1697800
2019-11-05,101.95323181152344,102.48501833590433,101.03044227930258,101.12428204655785,1557600
2019-11-06,103.00897979736328,103.55639834300146,102.31297366087418,102.43027337321475,1602300
2019-11-07,103.04027557373047,103.50168237433881,102.28953340460762,102.90733189654895,1224600
2019-11-08,102.80567169189453,104.04126862275037,102.1644013476592,103.0637310976339,1092500
2019-11-11,102.60233306884766,103.32179923308922,102.35208967524791,102.82130051305897,610400
2019-11-12,102.71964263916016,103.29052118332888,102.35990359793915,102.64925087201375,1271100
2019-11-13,103.5564193725586,104.13512591422706,103.03246066298645,103.17322034637967,1164600
2019-11-14,103.5329360961914,104.34624192691925,103.18102503417292,103.36088856670165,936400
2019-11-15,102.9386215209961,103.41566033910189,102.60234238716816,103.0246453056654,1190300
2019-11-18,103.63460540771484,105.09699749823753,102.78218375007981,102.78218375007981,1810900
2019-11-19,103.96305847167969,104.09600212485834,103.34524815845181,103.72063110806981,1697900
2019-11-20,105.26123046875,105.45673794589639,103.93177007789099,104.24458920102286,1200100
2019-11-21,104.29151916503906,105.49584009020172,104.11947161389718,105.02662925940339,1148800
2019-11-22,104.42446899414062,105.23778690806,103.07156038287799,104.50267677030523,1136900
2019-11-25,104.28368377685547,104.94058597756705,103.71279340289645,104.91712603702938,1382000
2019-11-26,105.23777770996094,105.2690536579944,104.0178009457115,104.58869140958683,2000600
2019-11-27,106.55936431884766,106.77051568239308,105.36285981346762,105.36285981346762,1179800
2019-11-29,106.62196350097656,106.95041465722262,106.23094851504119,106.77055110488486,1107400
2019-12-02,106.59069061279297,107.34143272495785,106.01981205812977,106.37172316900899,1523100
2019-12-03,106.37953186035156,106.91913442859381,105.69916963056609,106.38734786393844,1280800
2019-12-04,107.52131652832031,107.6151563163885,105.91032459188297,105.98853237049421,1502800
2019-12-05,107.5685806274414,107.686765728838,107.04066713637093,107.3321984017488,1689700
2019-12-06,107.9310302734375,108.98686935008391,107.69464803171367,107.69464803171367,1046700
2019-12-09,107.9310302734375,108.17528751482203,107.17462152740154,107.95466729531987,1617300
2019-12-10,107.2533950805664,108.11225085939918,107.13520998494205,107.91526768475936,976700
2019-12-11,107.86799621582031,108.27772464091025,107.21402256769856,107.26917161215079,1324400
2019-12-12,107.09580993652344,108.3328700325991,106.87518974483712,108.08860079911187,1011100
2019-12-13,107.11157989501953,107.69464243501733,106.29212310268265,106.59154139483263,1168100
2019-12-16,107.01702880859375,108.03345673688433,106.94610572572287,107.54494229321436,2118900
2019-12-17,106.53638458251953,107.05641102187126,106.04785813787572,106.72548073395697,1132700
2019-12-18,106.52063751220703,107.1588611586792,106.07151004371153,106.56003655691897,1057700
2019-12-19,107.74193572998047,107.78920977446109,106.39456534778077,106.81216877122678,1139100
2019-12-20,108.74258422851562,109.25474768138155,107.56068521514602,108.23830779706053,2433800
2019-12-23,107.92316436767578,109.00262853426288,107.75769317765598,108.58502508195248,1310900
2019-12-24,108.12800598144531,108.36438820679585,107.5213064312882,107.78920067599908,342000
2019-12-26,108.12800598144531,108.56924638988663,107.84434971560454,108.02558290134962,889600
2019-12-27,108.78987884521484,108.90018894755657,108.15953025059093,108.34075141381675,1121300
2019-12-30,107.860107421875,108.58500406715817,107.39523001178563,108.56924204665883,729800
2019-12-31,108.38015747070312,108.4668305583605,107.1273472223923,107.94679203241631,972500
2020-01-02,107.0249252319336,108.39593278032974,106.37881449512226,108.26197360970168,1421300
2020-01-03,106.9933853149414,107.76556808434573,106.07150541879942,106.35516169629695,1352900
2020-01-06,107.22976684570312,107.53706014239877,106.63094227398592,107.03278365492643,1181300
2020-01-07,107.13521575927734,107.73404031421407,106.59941524347123,106.75701140999622,1608500
2020-01-08,108.17528533935547,108.78199694223525,107.10369628493793,107.434638630436,1741300
2020-01-09,109.88509368896484,109.98751675885408,107.88373800638435,108.38013942786422,1727500
2020-01-10,110.49179077148438,110.92515612818435,109.24685575719076,109.75113216601494,1270000
2020-01-13,111.01970672607422,111.55550718553245,110.38937021786202,110.52331732700202,1216100
2020-01-14,111.09063720703125,111.13791124600822,110.43665161441889,110.94880306720134,2187500
2020-01-15,112.01254272460938,112.24103797303388,111.23248483389483,111.23248483389483,1245100
2020-01-16,113.01317596435547,113.01317596435547,112.05978417595024,112.24889234311493,1610800
2020-01-17,113.85629272460938,114.04540093004329,112.99744883453582,113.08412192583044,1640000
2020-01-21,113.92718505859375,114.12416823160724,112.721649001583,113.93507208016948,1493600
2020-01-22,113.76958465576172,114.89633449618157,113.73018562221331,114.16355094545172,2088200
2020-01-23,113.97447967529297,117.58321349922875,108.97111339109865,110.39726989755452,3703300
2020-01-24,113.00529479980469,115.51092678069845,112.76891260947167,114.6520710883919,2107600
2020-01-27,113.43080139160156,114.31328220413559,111.97312102820575,112.5719455762968,2425900
2020-01-28,114.1635971069336,114.61272462977324,113.43870028354323,113.56477243271596,1203300
2020-01-29,112.83194732666016,114.38417552990636,112.67436320926865,114.1241563259065,1107800
2020-01-30,113.95870971679688,114.11629385148208,112.57982749822831,112.98166884511043,990300
2020-01-31,112.86347961425781,116.34614056165371,112.8319555747366,114.36842187169091,1712000
2020-02-03,113.28897857666016,113.90356520726117,112.78470205865676,113.22594250904717,1240200
2020-02-04,112.97380065917969,114.62057720831046,112.76105545193089,113.62778627931525,1334600
2020-02-05,114.30538177490234,114.32113176955122,112.86346375335032,113.0998339020501,1214300
2020-02-06,113.8799057006836,115.10120372089251,113.8641436811672,114.37630712081517,1063400
2020-02-07,114.10843658447266,114.43147990276161,113.80113124316983,114.03751349337934,1005200
2020-02-10,115.20367431640625,115.45580659187861,114.25814522040473,114.30543129352631,1241700
2020-02-11,114.44723510742188,115.55033617881536,114.13994180732655,115.08545872893524,1070700
2020-02-12,113.69081115722656,114.43146986556349,113.38351786577823,113.88779434463959,954200
2020-02-13,114.04537963867188,114.71511519827716,113.60412724170439,113.84839647004118,1100100
2020-02-14,114.69149017333984,114.74665123731599,113.66717518476632,114.15570166962738,941400
2020-02-18,113.33626556396484,114.31330668918766,113.08413328762143,114.2266335891848,1381800
2020-02-19,113.2811050415039,114.24238404495529,112.97381172223014,113.36777813272987,1047800
2020-02-20,112.02040100097656,113.34413431278085,111.74463174390482,112.96591792489392,1364300
2020-02-21,111.37427520751953,112.36706593199632,111.19304205728322,111.60277036608667,1562200
2020-02-24,110.40514373779297,111.88646129808173,110.05845137066999,110.88578324259512,2669800
2020-02-25,109.50689697265625,111.40581790259868,109.23900270665368,110.27119274905797,1387500
2020-02-26,108.9395751953125,111.39004647268631,108.63228191075626,109.71963292821647,1703300
2020-02-27,105.59082794189453,109.72747348639285,105.54355391647785,108.45890170516421,2804200
2020-02-28,103.368896484375,104.51139653511208,99.95714633023232,103.30586042340269,4069200
2020-03-02,111.17731475830078,111.24033879753922,104.10955709736326,104.10955709736326,3094700
2020-03-03,110.93307495117188,113.2574867764099,108.90021851646425,111.61858479454803,2939600
2020-03-04,116.81102752685547,117.48077515826024,112.61921962134188,112.93439992790269,3070500
2020-03-05,113.73956298828125,116.65229758471416,112.58082463857667,114.73163929947664,2588300
2020-03-06,116.23958587646484,116.93799926430464,110.03315155140044,110.42998201892716,3375700
2020-03-09,112.16014862060547,117.08877534319188,110.27916431388903,110.79505109340896,3688100
2020-03-10,111.92208099365234,114.46972609888189,106.77121658826098,113.82686260710072,3858200
2020-03-11,106.47755432128906,110.54902669717926,104.63625513265421,109.52520941595554,2985600
2020-03-12,97.0726547241211,104.47751176279048,96.65201545068602,100.85842029533991,3817000
2020-03-13,106.49342346191406,107.1045458015374,99.39016623626597,101.52511013448263,4477400
2020-03-16,106.91407775878906,110.85856175485044,97.05680361798372,97.05680361798372,4316200
2020-03-17,114.3427505493164,116.54912724667575,106.00136536289585,109.06489742697345,5317100
2020-03-18,106.62834930419922,115.0887654963069,104.89816220354372,110.19187907966122,4329400
2020-03-19,100.3266830444336,108.39028115857768,98.06474450524645,107.76328222975376,4362300
2020-03-20,93.87423706054688,101.13623757804324,93.37423273077677,99.89018985181758,3866100
2020-03-23,89.15987396240234,96.6440974454265,88.21542148854115,93.6281892741589,3541000
2020-03-24,93.15992736816406,93.75517312690504,87.82653045617353,92.24722204888364,3076800
2020-03-25,92.35039520263672,96.58060982060475,90.16782743471718,93.326594849766,3060600
2020-03-26,98.42191314697266,98.93779406482939,92.60437592291319,93.01707702410644,3381700
2020-03-27,99.12032318115234,103.08862823622339,96.46156000528534,96.83458164928649,2288300
2020-03-30,105.10454559326172,105.52519716550378,100.28702846665716,102.35055240506551,2413500
2020-03-31,101.48543548583984,104.8902419439251,101.01717234145738,104.18388412973465,2394600
2020-04-01,99.73145294189453,100.61241115866983,97.4298346283434,99.11239222109464,1951000
2020-04-02,102.60449981689453,103.39022861795593,98.56476796935117,98.75524492635698,2494100
2020-04-03,103.11244201660156,104.28705697805071,100.96162130076874,102.07274798022436,1398400
2020-04-06,105.67596435546875,106.62042294612205,102.89815067016218,105.00929197746876,2270100
2020-04-07,104.27912139892578,107.49345096633688,103.906099749036,107.08867609373392,2132700
2020-04-08,105.27118682861328,105.87436478462953,103.53306742854346,105.36642226632509,1929800
2020-04-09,104.35848999023438,108.19980635101884,103.58863784594706,104.89817366111717,2256900
2020-04-13,105.32674407958984,105.9696074752872,103.45370385851508,104.08862289456401,1858100
2020-04-14,111.1839828491211,111.61256663359174,107.31885708897268,108.12045045653122,2554000
2020-04-15,109.26329040527344,111.1125216836739,108.525191609892,110.08870449097942,1857200
2020-04-16,110.89823150634766,111.6045892059943,108.66011411938455,110.15218834059196,1577000
2020-04-17,112.65227508544922,112.75545491896438,108.93793429230364,111.68400743182588,1949200
2020-04-20,110.89030456542969,112.25540231485927,110.56490068218442,112.00142500784699,1814600
2020-04-21,110.69187927246094,111.76332625976657,109.27121957491335,109.47757914567637,2020200
2020-04-22,113.33479309082031,113.76336470178948,108.9696575958751,111.86651539839825,3091100
2020-04-23,111.39824676513672,114.76337341203836,110.80300107754378,113.25541040395358,2415000
2020-04-24,112.43002319335938,112.6601795610212,110.69983586941957,111.25539616231544,1511900
2020-04-27,111.39824676513672,112.89826541345872,110.92998973070337,112.71572679348215,1318900
2020-04-28,111.90620422363281,112.58875318770693,110.13634353353483,111.98557517004153,1513800
2020-04-29,110.28717041015625,111.61258321775898,109.15222854812414,111.43797677744635,2495800
2020-04-30,109.90618896484375,111.33478140886018,109.20777541134169,110.16016633725009,3357900
2020-05-01,108.55696105957031,110.75540563205192,108.07282731856117,109.50935192917491,1454200
2020-05-04,107.7236099243164,109.20776430902956,107.50138580120652,108.94585471172724,2393300
2020-05-05,108.83475494384766,109.92999907137462,107.69981322733771,108.10458815539376,1992300
2020-05-06,106.9616928100586,109.31092251029953,106.78708642703057,108.73948564044517,1729100
2020-05-07,108.493408203125,109.73946123392979,107.88228611303539,108.2235664891687,1861600
2020-05-08,109.92997741699219,110.39030223627091,109.07282210974617,110.15220152142945,1138100
2020-05-11,109.97760772705078,110.79507756699827,109.16807013718721,109.88236017451622,1428700
2020-05-12,109.38236999511719,111.00936543365667,109.14426926181915,110.31888420636808,1231900
2020-05-13,108.73947143554688,110.6998147532091,108.33470875156907,109.08868415598442,1398600
2020-05-14,108.40613555908203,109.25535850474728,106.52516316844935,108.6839217082987,1396200
2020-05-15,110.03314971923828,110.08076743689985,107.89026765233602,108.45376012507057,1928100
2020-05-18,109.31092071533203,110.82681605658982,108.183923604488,110.45379443627392,1740600
2020-05-19,107.35853576660156,108.86648694756838,107.239479340542,108.53315075315382,1104900
2020-05-20,108.61250305175781,109.08869234329936,106.54897979083027,107.68390910712712,1523300
2020-05-21,109.09662628173828,109.46963574151033,107.7870786069079,108.51724513909959,1597500
2020-05-22,110.90620422363281,111.30303476558187,108.20774927219499,109.02521921978548,1442500
2020-05-26,107.93791198730469,111.83479098096723,107.75537332115346,111.39827494425117,2003200
2020-05-27,109.8585433959961,109.8664756455083,106.77120289309781,108.08073857058581,1904200
2020-05-28,111.74746704101562,112.19984749673074,110.16014510040547,110.95380607071056,1961600
2020-05-29,112.25543212890625,112.54908287161375,110.77128969157995,111.92209590764992,1945500
2020-06-01,112.12841033935547,113.24747510840304,111.62840009992908,112.30301670517726,846400
2020-06-02,112.73953247070312,112.77127357794504,111.27125497195289,111.62839995236928,1215700
2020-06-03,112.43002319335938,113.7792445076225,112.17604585357492,113.7792445076225,1417800
2020-06-04,110.13485717773438,112.58194105148384,109.89494436212757,112.00615517501659,1515600
2020-06-05,111.38239288330078,112.49397717022127,108.3195355281232,110.27080859638029,2427300
2020-06-08,111.09449768066406,111.38239062263705,109.62305028945673,109.7350079778644,1959700
2020-06-09,110.82262420654297,111.39841020492612,109.47911947615715,111.30243773687874,1595200
2020-06-10,110.76663970947266,111.59833602279862,110.23884604416135,111.02255002202689,1470500
2020-06-11,109.53511047363281,112.31806815098258,109.17524725541554,111.73428949909786,2108200
2020-06-12,108.71141052246094,110.6466864506868,108.1356245369173,109.79100009349902,1634400
2020-06-15,111.2464599609375,111.57434045680814,106.97605750109811,107.84772908063009,1893700
2020-06-16,112.47001647949219,113.08579004027717,111.2864616971523,112.54999150906603,1450700
2020-06-17,113.59758758544922,114.4372765053684,112.4700056701999,112.82187624254509,1381300
2020-06-18,113.88550567626953,114.25336157207184,113.22974451921998,113.60560524046002,1137300
2020-06-19,115.12503814697266,115.84476464622702,113.3017074240727,115.58885429828422,5321200
2020-06-22,113.6055908203125,114.70117794817257,112.79789671467913,114.1254041061954,1098900
2020-06-23,112.40601348876953,114.62918214067665,112.09413046788971,113.98142603596268,1775800
2020-06-24,110.28680419921875,112.53396279769291,110.21483401408332,111.95817691166367,1622300
2020-06-25,110.99055480957031,111.05453238752318,109.46313436991858,110.76663938797293,1306200
2020-06-26,109.47113037109375,111.91821484158558,108.75939657279727,111.15050828739928,2516200
2020-06-29,111.51837921142578,111.99020019946538,109.67906319761072,110.43878943552893,1073300
2020-06-30,113.03778839111328,113.40564417120262,111.76625399674424,111.8462290110979,1504600
2020-07-01,113.4696044921875,114.14935540343389,112.76586352077685,112.88582602407027,954600
2020-07-02,114.51720428466797,115.18895033407159,113.8774409127482,114.46123154845336,1049900
2020-07-06,114.14137268066406,115.50086256389582,113.38165882260581,114.98905417718007,1076400
2020-07-07,113.97342681884766,115.06901363859293,113.34165599102208,113.8054841854146,1313200
2020-07-08,114.6371841430664,114.75713445488711,113.64555015628017,113.86946553999428,1210100
2020-07-09,113.7335205078125,115.04503015915842,113.52560256152267,114.36527916931038,1209600
2020-07-10,114.54923248291016,114.9810658681399,113.39766051899764,114.1013894505748,1073400
2020-07-13,113.66954803466797,115.7007840701652,113.31767749250135,114.43726669052916,1473600
2020-07-14,115.12503814697266,115.40492636224846,113.69356556843124,113.74154570805126,1408700
2020-07-15,114.58121490478516,115.95670228044777,114.14137669701952,115.33293616851647,1281800
2020-07-16,114.9011001586914,115.65282148507787,113.88548808812547,114.92510242882001,1048900
2020-07-17,115.45288848876953,115.88473408292668,114.91709000914685,115.46888593363927,1212200
2020-07-20,114.10940551757812,115.6688209546644,113.78951760581931,115.53287316809545,1884600
2020-07-21,114.9970703125,115.78077431245886,114.03743101831915,115.11702064834422,1128800
2020-07-22,115.39693450927734,115.79678527874646,113.88549908878325,114.9810862923359,1259600
2020-07-23,117.82000732421875,119.44340017070209,115.9567016200954,116.30857218430408,3576600
2020-07-24,117.82797241210938,119.07550433735399,117.28418145083741,118.17185027494945,1759300
2020-07-27,117.85997772216797,118.53172386404938,116.83636106716591,117.66005240357424,1652500
2020-07-28,120.57896423339844,120.58695685371983,117.95594487608078,118.11588269982478,2568200
2020-07-29,121.5865707397461,122.13836654583214,119.95518558487963,120.57095895424098,1860900
2020-07-30,121.52261352539062,121.56258882795406,120.12313626641767,121.56258882795406,1193500
2020-07-31,121.5865707397461,121.9704361193979,120.29105864022058,120.82685700486968,1908200
2020-08-03,121.23472595214844,121.93845482163388,120.81088522539308,121.2267211293019,1067400
2020-08-04,124.99333190917969,125.00132453033017,121.10678259691045,121.55461343083859,1895900
2020-08-05,124.62548065185547,125.20927154116619,124.06569203417372,124.53751299747142,1343400
2020-08-06,125.1292495727539,125.45712999814907,124.12962305811406,124.48948616288999,1093900
2020-08-07,125.76101684570312,126.6007056164821,125.1132607718794,125.15324827572087,1648400
2020-08-10,126.42478942871094,127.09653566565646,125.68906561646467,126.04093617938132,1841100
2020-08-11,124.58546447753906,126.65670019023277,124.0896535591398,126.25684952636915,1643400
2020-08-12,127.02457427978516,128.08018604175223,124.87337544568078,125.22524603300315,1096900
2020-08-13,126.72069549560547,127.26448661737737,126.20888706233019,126.92861347702257,837100
2020-08-14,126.5367660522461,126.92063156143878,126.14492012335056,126.6967039131714,1174000
2020-08-17,126.20086669921875,127.05655299146889,126.00094136392374,126.31282439888498,1201700
2020-08-18,126.04893493652344,126.75267609661539,124.88937030862677,126.12091733878766,2209100
2020-08-19,125.83301544189453,126.69668218325796,125.57710514632424,126.31282894237704,1065400
2020-08-20,126.00897979736328,126.28087539729357,125.03334292469361,125.55314405411781,746700
2020-08-21,125.79304504394531,126.04894317184971,124.86538840002997,125.85702262654046,1354600
2020-08-24,125.88900756835938,126.43281092890696,125.40919399402769,125.81703736258109,1003800
2020-08-25,124.79341125488281,126.09691629502359,124.58548107239405,126.09691629502359,1169600
2020-08-26,124.75340270996094,125.36117130463185,124.3375546175685,124.62544757345967,1238500
2020-08-27,124.91337585449219,126.0249604869439,124.86539571535391,125.20927371663963,899300
2020-08-28,125.15326690673828,125.2172444819141,123.67381446167511,124.84937647527184,897600
2020-08-31,126.16085052490234,126.28081302030544,125.0812612811023,125.08925389980732,1147900
2020-09-01,123.3619384765625,126.11291335435025,123.09803553977147,125.86500786288835,1418800
2020-09-02,125.16124725341797,125.83300562564878,123.19398887020411,123.19398887020411,1365500
2020-09-03,122.59266662597656,125.95842326703452,121.5861586898027,125.39478128007192,1543100
2020-09-04,122.57653045654297,124.22720554399119,120.8533897633532,122.66510362571738,1592800
2020-09-08,119.95157623291016,123.1965564425645,119.43624472356355,122.63291452397795,2038600
2020-09-09,121.94847869873047,123.25292112070038,121.2157380949625,121.44120713852107,1730900
2020-09-10,119.29129028320312,122.0773090634277,119.19466947357296,121.66665833602832,1723600
2020-09-11,119.5731430053711,120.00794902843303,118.56663506761544,119.65366855498108,2101200
2020-09-14,119.5731430053711,120.50718532036205,119.29131586820998,120.18509540839594,1583500
2020-09-15,117.94661712646484,120.4186064014959,117.87415150714769,119.57313731670936,1811500
2020-09-16,118.96924591064453,119.9113359267275,118.02715589456156,118.17208714943219,1476600
2020-09-17,118.05934143066406,119.02559880066079,117.06894114153754,118.18012974515007,1450400
2020-09-18,117.53594970703125,118.63907826663963,116.49722683116904,117.59230775192704,1949400
2020-09-21,117.45543670654297,118.2123325792815,116.23957964092497,117.43934142712463,1238800
2020-09-22,118.33311462402344,119.07390289162103,117.19777087507043,117.2058185143532,1075400
2020-09-23,116.6099853515625,118.59078602159296,116.4489342581191,118.4619500614276,1446100
2020-09-24,117.94661712646484,118.50221144750951,116.38451491554888,116.52945844065644,1110900
2020-09-25,117.89827728271484,118.25256993734341,117.07696360939136,117.56813982849548,1013700
2020-09-28,118.81624603271484,119.51677161960342,117.8016904634479,118.34117723899669,1483300
2020-09-29,117.83389282226562,119.12222788058635,117.5762331824857,118.84846067379715,965800
2020-09-30,118.89676666259766,119.42820577585847,118.10765563267469,118.31701713658101,1578800
2020-10-01,118.87263488769531,119.69393663938139,117.9627476465311,119.23497534125984,1181700
2020-10-02,118.71158599853516,119.5812104753387,117.42326299645563,118.05937071255148,1101800
2020-10-05,120.40251159667969,120.47497722367757,118.63910762088375,118.63910762088375,1345900
2020-10-06,120.78094482421875,121.95655142655596,120.15288489405066,120.40249688085169,1626400
2020-10-07,121.46538543701172,122.14175583687467,120.43472226965652,121.16745072627099,1139300
2020-10-08,121.03052520751953,121.7471581348904,120.59571932573705,121.7471581348904,1342300
2020-10-09,122.78594207763672,122.99529134189582,121.18357673947837,121.2641023030651,1221300
2020-10-12,123.51058197021484,124.26747778515376,122.81810412744858,123.25292236799608,1131100
2020-10-13,124.17890167236328,125.16930186234198,123.43811343960533,124.02591052788047,1856200
2020-10-14,122.90669250488281,125.01632913695879,121.7955038487947,123.77631680706392,1790900
2020-10-15,124.25946044921875,124.80699491650579,122.59267726476133,123.11605652240188,1080500
2020-10-16,123.4622802734375,124.15475816506071,122.93888882003431,124.04202977742311,1357300
2020-10-19,121.43318176269531,124.12256833488345,121.11915174122993,123.46230544026598,1132700
2020-10-20,119.58921813964844,122.98718899888996,119.17855514907386,122.62483641038992,1637300
2020-10-21,119.47649383544922,120.39442836549132,118.43777100964287,119.00947278873014,2179200
2020-10-22,111.19090270996094,114.68549408779828,109.54022781729617,113.33275379436557,6301600
2020-10-23,110.2166519165039,112.13303472333138,110.07976830790724,111.5693927213233,2661600
2020-10-26,109.25845336914062,110.6353493695439,108.35662617418765,109.52417294332656,2295100
2020-10-27,108.50960540771484,110.9815948476734,108.50960540771484,109.9911944581745,1899700
2020-10-28,107.08438110351562,107.96205294671377,105.58669702212129,107.13269151154898,2728000
2020-10-29,106.95556640625,108.01038481277541,105.1196968174246,106.60127362832327,2613300
2020-10-30,106.76227569580078,108.34853272313933,105.52226368641205,107.37424020572037,2140000
2020-11-02,108.1794662475586,109.78181884608898,107.65607480521412,108.11504827220207,1965100
2020-11-03,108.98468780517578,110.40184660249153,108.38078302373552,108.75117107592664,1821900
2020-11-04,108.79947662353516,110.91717322735146,108.61428260572754,109.64494573700935,2240900
2020-11-05,108.15530395507812,110.09584158221034,108.05867085513957,109.98311320434179,1962500
2020-11-06,109.65296936035156,110.27298154596328,108.17945289441784,108.2197033733839,1681900
2020-11-09,106.81867218017578,109.91066146607214,106.5771078295491,108.83168795794268,3282900
2020-11-10,109.95091247558594,110.36156322718566,105.59474384979893,106.60929927011867,2420700
2020-11-11,110.94132232666016,111.04600307666686,109.19402614113137,110.53871917921649,2335800
2020-11-12,111.22315216064453,111.79484176355092,109.95092470927666,111.13457897458495,2299400
2020-11-13,113.00265502929688,113.01071495605589,111.06210479732313,111.3439319314674,1655400
2020-11-16,114.41177368164062,114.71775604331846,111.64992164514703,112.06057248334002,3730800
2020-11-17,115.81280517578125,116.30398143208649,113.25224316023998,113.25224316023998,3224800
2020-11-18,113.58238983154297,116.26372807527501,113.55823462734944,115.94969813428686,2753700
2020-11-19,114.12995910644531,115.7725747498812,113.22007194638242,114.58892036365809,2377400
2020-11-20,112.53563690185547,114.62113072034073,112.16524885519526,114.03332122892172,2629900
2020-11-23,112.10081481933594,112.72887470980133,111.34391898044885,112.55172835233957,2085800
2020-11-24,112.08473205566406,113.91255408312144,111.96395600633925,112.55980089830838,2575200
2020-11-25,113.2925033569336,114.08160194726862,112.83354223833547,112.85769744002639,1375300
2020-11-27,113.83202362060547,115.12840640221913,113.33279958960904,113.3650024392163,1174200
2020-11-30,112.17327880859375,114.71773346395244,111.99613245369713,113.92863479262246,7673600
2020-12-01,113.7595443725586,113.87227276239757,111.48886900966694,112.32627815040318,1971300
2020-12-02,111.39222717285156,113.83200107260305,110.97352877852134,113.57434146735922,2453100
2020-12-03,111.83855438232422,111.94403871596877,110.72681463631218,110.88099833422767,2363500
2020-12-04,111.49771881103516,112.0333003685392,110.42656807827052,111.78985308037888,2131000
2020-12-07,111.10823059082031,111.64381224478696,110.42658796699676,111.1731507048386,1772300
2020-12-08,110.82420349121094,111.62756347733308,109.68812022846905,110.32107577363847,1733100
2020-12-09,110.16690063476562,110.93781920171176,109.71247224724678,110.76740236526976,2162700
2020-12-10,108.7873764038086,110.6051022367882,108.69811280526397,110.23181472044406,2076100
2020-12-11,110.36167907714844,110.94594778048956,108.46281198241323,108.47092235414824,1816700
2020-12-14,110.36167907714844,111.90349169959218,110.31299208224449,110.97029127794154,1959700
2020-12-15,110.21558380126953,110.93780289288479,109.84229631940134,110.63754588065069,1419900
2020-12-16,110.36978149414062,111.39225784241755,109.88289919794563,110.4915113548739,2077200
2020-12-17,110.62133026123047,112.0576457594718,109.87475526294634,110.68623798241343,2452200
2020-12-18,109.61508178710938,110.76738570565064,109.22557356813954,110.6050916462668,4072700
2020-12-21,108.9334487915039,109.39598752012613,107.31048329189281,109.14442984884546,1804900
2020-12-22,107.65940856933594,109.06327017651827,107.18063674697943,108.81983527175623,1600500
2020-12-23,108.33297729492188,109.07142977481395,107.66755531112968,107.95968967777667,1309800
2020-12-24,108.64940643310547,109.02269388283847,107.96776401071514,108.38973843601288,529800
2020-12-28,108.6981201171875,109.37165233655983,108.26803521769895,108.9578005603289,1059100
2020-12-29,108.84420013427734,110.04519130181572,108.5439430557084,108.8847643715404,1044200
2020-12-30,108.03271484375,108.69001396537716,107.85418762772218,108.64132697595967,1196400
2020-12-31,109.4122314453125,109.47715155757633,108.04893385226276,108.3816447842729,1480700
2021-01-04,108.2518081665039,109.46903245195446,107.51336817717068,109.02272678641918,1837000
2021-01-05,108.36539459228516,108.52770103850291,106.64505522611869,108.48712442694848,2246200
2021-01-06,107.79737091064453,109.22558854645997,107.49712624049911,108.49524660571488,1821800
2021-01-07,106.7911376953125,107.60262046691139,105.6712875081878,107.40786014411965,1957000
2021-01-08,106.92096710205078,107.2617883852696,105.76866303528872,106.7099860359376,1650000
2021-01-11,106.6694107055664,108.00024199132268,106.48277313013116,107.18875919800192,2269600
2021-01-12,105.75242614746094,106.96965013691748,104.94094348782323,106.51520944643647,2196100
2021-01-13,106.84793853759766,107.25367993663869,105.63071434047454,105.82547466962238,1694600
2021-01-14,106.76679229736328,107.33482775089635,106.31235155229261,107.07514732514169,1848300
2021-01-15,106.53956604003906,107.01835027862036,105.50899185075308,106.8560438209349,3343200
2021-01-19,106.83169555664062,107.69998801394371,106.14194267126518,107.27801353085044,1865800
2021-01-20,106.62071990966797,106.92096457015086,105.58202296190863,106.3366959892557,2013500
2021-01-21,106.3123550415039,106.8073600348813,105.9390798950358,106.14195059097335,1745000
2021-01-22,107.2861328125,107.85416822391927,106.04455289449626,106.96965505597761,2497600
2021-01-25,110.77552795410156,114.40285756441864,108.13009811633142,108.41412208867258,4608900
2021-01-26,111.2786636352539,111.4653012513193,107.95157850544955,110.3616839168608,3134800
2021-01-27,112.51207733154297,114.23242916613181,111.27863247775504,111.5220673947895,2906300
2021-01-28,109.68002319335938,112.83669093321386,109.40412200058695,112.26053267089928,2421500
2021-01-29,107.19689178466797,110.65380434373877,107.10762817392398,109.29050668712553,4039500
2021-02-01,108.1219711303711,108.76303708470131,107.32670908291755,107.35917532849446,1563200
2021-02-02,107.39973449707031,108.32482422981504,106.18251051281447,108.1219535657724,1799200
2021-02-03,107.43220520019531,107.47278181581467,105.70374290921637,106.95343332972286,1734400
2021-02-04,106.70999145507812,107.35105743844544,106.0851462129893,107.09138937329186,1674100
2021-02-05,107.25367736816406,107.41597144744495,106.466538082295,106.86416910144104,1550600
2021-02-08,107.2699203491211,107.65942865164085,106.44220437180165,107.2699203491211,1451000
2021-02-09,107.46466827392578,107.78926884445691,106.47467058498142,107.53771114119883,1837200
2021-02-10,107.76493835449219,108.72248229306241,107.43222737288842,107.92723246822052,1543300
2021-02-11,107.18876647949219,108.03271557593357,106.9128652827595,107.9677954621884,1275500
2021-02-12,107.2212142944336,107.52145893442312,106.54768216014496,107.14817144012403,1721900
2021-02-16,105.6875228881836,107.68376361490064,104.46217595225883,106.81548346951006,2960400
2021-02-17,106.11760711669922,106.51522575617017,104.5189850418507,105.09513088435764,1752200
2021-02-18,107.2699203491211,107.55393191840282,105.64695464266885,105.82548186095825,1453300
2021-02-19,106.0040054321289,107.34294714098681,105.77679123162265,107.01023621087221,2058800
2021-02-22,106.35291290283203,106.51520695451416,105.38724657929609,105.49274328489858,1786000
2021-02-23,107.10761260986328,108.37352371846494,106.15005652627733,107.28613980540906,1914100
2021-02-24,106.1500473022461,107.03456045097953,106.03644022242935,106.51521203149684,1932100
2021-02-25,105.94718170166016,107.54580364701258,105.77677726490323,106.15005238119987,1611600
2021-02-26,104.13758087158203,106.54768558518474,104.03208415371078,106.30423828822856,3012100
2021-03-01,104.186279296875,105.82547806867953,103.98340859083838,104.859811526786,2291900
2021-03-02,104.78678131103516,105.43595766620831,103.88603487865036,104.05643933809748,2413000
2021-03-03,105.9228515625,106.75867787698185,104.5271001207498,104.95718502500763,2975100
2021-03-04,105.34163665771484,107.519202365137,105.09605687152161,106.07841349032088,2331700
2021-03-05,107.72383880615234,108.69801339954476,105.22700738849522,105.6035838036745,2541900
2021-03-08,109.00090026855469,110.253406855095,106.87246349982662,107.68290159032962,1896600
2021-03-09,108.32963562011719,109.63944006964813,108.22320940241114,108.77988597425036,2022400
2021-03-10,110.05694580078125,110.87557823013388,107.42913020636992,108.98453931694364,2193900
2021-03-11,108.50971984863281,109.63124216426763,108.49334370415498,109.23010781825965,1964100
2021-03-12,109.26287078857422,110.23704537315712,108.95998078848488,109.62307105426936,2109700
2021-03-15,109.90140533447266,110.61361156175784,108.927230729914,109.68856539644277,2292600
2021-03-16,110.04876708984375,110.44171970542853,109.34475509243903,110.04876708984375,2157100
2021-03-17,108.50971984863281,110.86737250857071,108.44422776205978,110.63815645123422,2189300
2021-03-18,108.38692474365234,109.13188322543755,106.8069702077839,108.47697480728944,2727700
2021-03-19,106.68416595458984,108.94358657654004,106.42219762612972,107.54371986542326,6552900
2021-03-22,108.90267944335938,108.96817154169942,106.51227406497989,106.51227406497989,2682800
2021-03-23,110.7446060180664,111.16210410529709,108.32964258861983,109.1318989585564,2198100
2021-03-24,111.07205200195312,111.2275941761247,109.56577119448025,109.95872378965284,2136000
2021-03-25,111.06385803222656,112.26724867928814,110.52355764143577,111.74332443434115,1837200
2021-03-26,112.25907897949219,112.30000061151345,110.30254779966205,110.84283575748134,1722300
2021-03-29,113.71623992919922,114.43662801200475,111.72695652244317,111.99710673774784,2511200
2021-03-30,113.22504425048828,114.15828467863442,112.7584302820847,113.10225438810286,1861200
2021-03-31,113.83082580566406,116.41770691686362,113.42969147476143,114.28107607681237,3490600
2021-04-01,112.13626861572266,113.17593531656753,110.3516558846933,112.92216125769086,3235300
2021-04-05,113.3232650756836,114.24832358646239,112.11988706778557,112.74204312869028,2035300
2021-04-06,113.01222229003906,113.21688042077389,112.20996591513402,112.67657995771212,1882800
2021-04-07,112.10353088378906,113.83902769886177,111.63690438652516,113.37241369293788,1498400
2021-04-08,112.60289001464844,112.66018778760822,111.5959756522078,112.14445786561332,1527400
2021-04-09,111.89885711669922,113.16773974835652,111.13752254116953,112.31635511531985,1487100
2021-04-12,112.3409194946289,112.97945176016125,111.80881343713162,112.12807956989778,1716700
2021-04-13,112.32454681396484,112.79116074373789,111.84973856648514,112.5128287511478,1616900
2021-04-14,111.55504608154297,112.11990446368223,110.59724762583109,112.04621805067384,1603900
2021-04-15,113.73261260986328,113.93727074454569,111.80065181014893,112.07078955554944,2318000
2021-04-16,113.97000885009766,114.4448171624003,113.11044229319353,114.3302091209024,3629100
2021-04-19,113.73261260986328,114.45301324117455,112.75025606165597,113.5525249433767,1840600
2021-04-20,116.5650634765625,116.96619783753845,113.49519206767978,113.78990022258607,2518300
2021-04-21,115.81193542480469,117.36733210642265,115.36168507233421,116.99894999670683,2131900
2021-04-22,114.8786849975586,116.31129168267616,114.60853480940432,115.11608289490322,2282700
2021-04-23,108.14952087402344,110.86737379600463,107.66653078269421,110.09786987534682,8340700
2021-04-26,106.847900390625,108.05947280020399,105.80823378353307,107.8875545063783,4150700
2021-04-27,105.97195434570312,106.56137063220724,105.62813026046543,106.49587854578031,3671100
2021-04-28,106.12750244140625,106.79059267807632,105.30887005216636,106.28304459397606,3156000
2021-04-29,108.57522583007812,108.69801570103013,106.42221848956056,106.47133443794137,3110300
2021-04-30,109.14009094238281,109.55758902067821,108.18227992459462,108.54248022336272,3209000
2021-05-03,110.30253601074219,111.17028437137304,108.87811111283497,109.1237033354175,2006300
2021-05-04,110.2861557006836,111.30944618002387,109.92595545334161,110.76096398205814,2046300
2021-05-05,110.98202514648438,111.35858913908311,109.64765004048796,110.1142641167676,1991300
2021-05-06,111.44042205810547,112.61106028342725,110.73639776110856,111.28487991821785,2488100
2021-05-07,110.9247055053711,111.53049806184032,110.59725749672552,111.05568970536567,1509700
2021-05-10,112.07077026367188,112.78298894387727,111.31762995664724,111.39131636586785,2826000
2021-05-11,109.86864471435547,112.88938736010935,109.5739365914359,112.31634725758168,2254400
2021-05-12,108.86172485351562,110.2615916482483,108.82079073833151,109.88501527642782,2729000
2021-05-13,109.49209594726562,110.27798863679658,108.41149506057813,108.85356360198321,2198200
2021-05-14,109.84410095214844,111.21122819585568,109.79498500161341,110.16337961330697,2139300
2021-05-17,109.39387512207031,110.76917185383031,109.32018869681461,109.70494700682072,1542200
2021-05-18,108.82899475097656,109.24649278383494,107.83026220993719,108.79624245937632,2254600
2021-05-19,108.53430938720703,108.66529359845026,107.44552655251387,108.624359471019,1826700
2021-05-20,108.61615753173828,109.5494106028758,108.23959356500588,108.43606986808867,2092200
2021-05-21,108.34600067138672,109.4675230366407,108.23957446457968,108.73075888993961,2329900
2021-05-24,108.15772247314453,108.83718895068859,107.86301427193675,108.25596686777425,1602700
2021-05-25,108.141357421875,108.32145756980884,106.99526443581045,108.15772107798496,2172800
2021-05-26,107.26541137695312,108.24776784114799,107.02801345721427,108.17409391688491,2539800
2021-05-27,108.76349639892578,108.87810443025145,106.64324157373161,106.97887134961057,6780100
2021-05-28,106.93795776367188,108.20682803040268,106.84790769719362,107.8220822823659,4278200
2021-06-01,106.43041229248047,107.92851134335693,106.07840629525124,107.65017927698852,2693500
2021-06-02,107.02799987792969,107.2572159407818,106.45494722946084,106.65142349390776,3056500
2021-06-03,107.02800750732422,108.09332698734295,106.30127012485134,107.58131434126446,3778700
2021-06-04,107.8290786743164,108.10985902057428,106.92065684675468,107.29227937576873,2423600
2021-06-07,108.25025939941406,108.3823957870113,107.14364550603098,107.90341083288591,2515100
2021-06-08,107.12712860107422,108.531043109107,107.0032586096554,108.35762512112065,2484200
2021-06-09,106.78025817871094,108.53927470309691,106.63986801675075,107.12710668494503,1938800
2021-06-10,107.06928253173828,107.89511583349088,106.871090604096,107.00322695666829,1576800
2021-06-11,107.14363098144531,107.30052874407576,106.43341374591282,107.30052874407576,1508500
2021-06-14,106.9619369506836,107.52349756923358,106.30952156012603,107.3583334226728,1549300
2021-06-15,106.71419525146484,107.35834430922274,106.63160686920135,107.24272813478461,1880400
2021-06-16,106.44166564941406,107.4822111894236,106.21043330718973,107.02801290369422,2096200
2021-06-17,107.4244155883789,107.72996992936088,106.1195972385909,106.3673497912982,2369100
2021-06-18,106.27650451660156,107.14363212523917,106.16088834219774,106.99497555745259,3144800
2021-06-21,106.91240692138672,107.06105089788926,106.44992959164617,106.64813416153497,1462700
2021-06-22,107.46571350097656,107.68867946503536,106.59858583709172,107.01975637042152,2279600
2021-06-23,107.60609436035156,108.08507924369692,107.35834182052221,107.54002617631589,2638600
2021-06-24,108.24199676513672,108.31631875163615,107.5235130919868,107.57306108298643,1957300
2021-06-25,109.89363861083984,110.02576235630242,108.10983573433143,108.39061602011083,4882200
2021-06-28,108.98522186279297,110.4221763445757,108.67966757347085,109.69543900649485,2873700
2021-06-29,109.45594024658203,109.95144526801515,109.00999580826515,109.24122812460962,1890700
2021-06-30,110.47999572753906,110.68645408591782,109.53854611738069,109.53854611738069,1987700
2021-07-01,110.26528930664062,110.93421240638646,109.98449634771445,110.62039165293777,1594600
2021-07-02,110.95071411132812,111.49575453802645,110.17442875664003,110.30656511514368,1896300
2021-07-06,111.19021606445312,111.59487899452344,110.30658081874824,111.23151025751639,2376600
2021-07-07,112.0821304321289,112.4537530094447,111.11590669061985,111.32236507815307,2464800
2021-07-08,111.73526000976562,112.85839392243037,111.17368675282451,111.67744562397306,1656800
2021-07-09,111.50401306152344,112.24725797348759,111.487492867573,111.93343729450832,1741700
2021-07-12,111.23975372314453,112.04906690689366,110.90942541175801,111.07458956745127,1962300
2021-07-13,110.94245147705078,112.01603737418677,110.55430878653841,111.41318254473406,1752300
2021-07-14,111.68570709228516,111.95823361066773,110.4139166731665,111.07458587519544,2368300
2021-07-15,112.428955078125,112.48676946291283,110.84335651154495,111.4957593327352,1422200
2021-07-16,114.39444732666016,114.5761316847116,112.5280557578077,112.95749265876726,2327100
2021-07-19,114.82386779785156,115.9470017005312,113.32911139380957,114.55135387107858,2789100
2021-07-20,113.74202728271484,116.27734179416083,113.58511692517034,115.03032533233905,1957500
2021-07-21,111.85088348388672,113.7420365229376,111.65267892122067,113.70900872976907,2256300
2021-07-22,111.44622802734375,112.75930026478264,110.95073548930864,111.04157767813128,1686500
2021-07-23,112.03255462646484,112.4372049008064,107.06103436036001,107.72995735373159,5014000
2021-07-26,111.57011413574219,112.84189221819813,110.66169221883113,111.00028698797249,3038800
2021-07-27,112.5197982788086,112.8914207804034,110.38089284407607,111.01677547523394,2082200
2021-07-28,111.39665985107422,112.5197937088405,110.76076464452575,112.32985556706721,2133900
2021-07-29,112.46198272705078,112.7840698398053,111.28104705181983,111.77655211628513,1695800
2021-07-30,112.0821304321289,112.87492358357328,111.8508980461893,112.56936920241449,2687200
2021-08-02,111.21498107910156,112.20597862650118,111.0332967252696,112.0573346649391,1587600
2021-08-03,112.01603698730469,112.30508370518739,110.26527428803928,110.38089045494893,1461000
2021-08-04,110.41393280029297,112.25553791641542,110.04231025775256,111.97475755993767,1274400
2021-08-05,110.17443084716797,111.02503819419812,109.26600911673917,110.89290183318721,1733000
2021-08-06,110.04228210449219,110.61210907117146,109.54677710706267,110.47997272502819,1339500
2021-08-09,110.86813354492188,110.90942773501453,110.05055394547071,110.27353249099696,1550600
2021-08-10,110.5708236694336,110.82682998465862,109.94319487722977,110.56256987259994,1735700
2021-08-11,110.8185806274414,111.17368292376247,110.41391774448333,110.87638241002567,1005600
2021-08-12,110.8929214477539,111.19022201200602,110.44697690198531,111.19022201200602,976200
2021-08-13,112.709716796875,113.0317912556549,110.99198214964383,111.33884319868234,1425400
2021-08-16,114.43572998046875,114.98077039845683,112.47024263309147,112.72624894784065,1833100
2021-08-17,114.97250366210938,115.40194047144433,113.89066414349016,114.24576638496023,1534000
2021-08-18,112.82536315917969,114.70826243798587,112.74278737399399,114.70826243798587,1279400
2021-08-19,114.71650695800781,115.22026577606961,112.93270400212839,112.99051838182841,1452900
2021-08-20,114.15493774414062,115.32761956127861,114.11364355737322,114.70824456341735,1505100
2021-08-23,113.53556823730469,114.2540518383997,113.36215028619765,114.0888750833415,1303000
2021-08-24,112.14818572998047,113.51080589049502,112.13166553253623,113.27131973303688,1052100
2021-08-25,112.0821304321289,112.47027320878894,111.32236507815307,111.702241454531,1114300
2021-08-26,112.58586883544922,112.85839536935643,111.71874124596584,112.14817814193033,1351400
2021-08-27,112.60240173339844,113.39519482944912,112.1151503959379,113.39519482944912,1254200
2021-08-30,112.92445373535156,113.10613807549336,112.38765451176297,112.56108505506798,860500
2021-08-31,113.80807495117188,113.88239691728056,112.59409909987006,113.13089825793445,1875600
2021-09-01,115.3524169921875,115.66623775392681,113.78333838592926,113.80811238278034,2108900
2021-09-02,115.98828887939453,116.2938557808517,115.43498205948103,115.61666640049341,1750100
2021-09-03,116.23604583740234,116.55812034491024,115.69925919196157,115.91397132989447,1426800
2021-09-07,115.50106048583984,116.13695573580227,114.6009050990056,115.89745699175643,2707000
2021-09-08,116.84718322753906,117.12796358549953,115.12118168323414,115.16247587733864,2390700
2021-09-09,114.72419738769531,116.72229149082912,114.39950677834676,116.3643048179764,2923800
2021-09-10,114.09978485107422,114.79911647672047,113.23393480673639,114.50772194758198,2133400
2021-09-13,115.04052734375,116.0062781042299,114.22464059265397,114.33287500478848,2278300
2021-09-14,114.9906005859375,115.88974671667347,114.58266347817681,115.27367428337868,2165300
2021-09-15,114.07481384277344,115.19873698902737,113.86667851529246,114.94065121552252,1374300
2021-09-16,113.17565155029297,114.44943855638569,112.79267701281738,113.83335350168858,1859000
2021-09-17,112.54293060302734,114.29959331296465,112.51795537947721,113.20064536604102,5852300
2021-09-20,111.98509979248047,113.01745533902793,111.09428741334371,112.41802472536413,2115400
2021-09-21,111.976806640625,113.2256186105948,111.44398070824745,112.07670753307946,2083300
2021-09-22,111.09429931640625,112.66780166997242,110.9361144564674,112.53459202964807,1406500
2021-09-23,111.21086883544922,111.65211470997676,110.6114380807001,110.77794380066995,1015200
2021-09-24,110.71966552734375,111.67708288442313,110.59477671756949,111.36904668674167,920000
2021-09-27,110.25343322753906,111.21086330096975,110.11190273742945,110.61143257605167,972600
2021-09-28,111.14427185058594,111.56886337200976,109.92875587223587,110.02033593021822,1951300
2021-09-29,113.04243469238281,113.6002357303702,111.0110322832529,111.15256275227331,1652800
2021-09-30,110.26176452636719,113.49202862228563,110.17850532043416,113.3754606525509,1850200
2021-10-01,110.0452880859375,110.71965711893357,109.19610522110459,110.38663302173111,1709300
2021-10-04,110.02032470703125,111.10263090816935,109.39591874909448,110.04529992906299,1758000
2021-10-05,109.83717346191406,110.2534441340873,109.19612577333967,109.56244599742377,1744200
2021-10-06,110.7696304321289,110.94445700363872,109.1544981619823,109.62904013108192,1530900
2021-10-07,111.3107681274414,112.1599638017304,111.05268235966042,111.3107681274414,1709500
2021-10-08,110.61975860595703,111.56053434129159,109.89545173918276,111.54387995827031,1038400
2021-10-11,110.35334014892578,110.81956119489537,110.20347612496656,110.71966031463639,845600
2021-10-12,110.3783187866211,111.25248962666632,109.96204816789206,109.96204816789206,940100
2021-10-13,110.35334014892578,110.86119079619354,109.43753973464925,110.36166098775712,1051900
2021-10-14,110.97776794433594,111.28580418826482,110.31173230292438,110.54484287188244,1074000
2021-10-15,111.00273132324219,111.635458128094,110.42827580262463,111.00273132324219,1210400
2021-10-18,109.50415802001953,110.95278447974341,109.4875036367384,110.77794521422221,1278400
2021-10-19,108.03888702392578,108.77984826569092,106.69016149240585,108.53008333736709,3702600
2021-10-20,109.5874252319336,110.36168261279563,108.0388977666363,108.0388977666363,1694800
2021-10-21,109.2960205078125,110.27009230135457,109.15449001168129,110.0203273714169,978600
2021-10-22,110.76129150390625,110.77794588728858,109.24607290899623,109.24607290899623,2155000
2021-10-25,108.32196044921875,108.70493507708862,104.29245683028931,106.71514896528605,5884900
2021-10-26,110.9527587890625,111.55218941266466,107.14803976713124,107.45608862042944,2892700
2021-10-27,107.61428833007812,111.46063793410818,107.38117777269117,111.23584821678052,2704400
2021-10-28,108.28031158447266,108.75486618873545,107.31456069772713,107.61427605211122,1965400
2021-10-29,107.8057632446289,108.60499567286818,107.44776392714455,108.13877463913354,1751300
2021-11-01,108.46347045898438,108.84644501446462,107.83074369728986,107.89734852013733,1249100
2021-11-02,109.53746032714844,110.01200224231258,108.15543877847473,108.82147433114882,1204000
2021-11-03,109.9870376586914,110.10359293891483,108.87975614478248,109.43755732182122,1093500
2021-11-04,109.27104949951172,110.0369859982415,108.9130628255329,109.43755522470123,1147400
2021-11-05,110.0869369506836,110.47823239363969,109.53746932539369,110.17019616544674,1069400
2021-11-08,110.34500885009766,110.6031073019657,109.02960488803991,110.06194788122806,1056700
2021-11-09,110.2784194946289,111.14425680450839,109.92042015149889,110.43659166102869,1102500
2021-11-10,112.15162658691406,112.53458841106921,110.4449146479033,110.91945650889033,1654500
2021-11-11,111.57717895507812,112.07669606983187,111.01104431407202,111.91851120391,1345600
2021-11-12,111.48558044433594,112.3430967510087,111.4189756326876,112.10165272083741,1232300
2021-11-15,112.20989990234375,112.22655428304408,111.24414907884962,111.46893875580798,1281200
2021-11-16,111.42730712890625,113.35047519877551,111.36903585287057,112.32645311681333,1042800
2021-11-17,111.90187072753906,112.17661086021077,110.51984922509511,111.3107608596264,1429900
2021-11-18,110.7696304321289,111.71872707390115,110.24512531045349,111.64380140039694,1014200
2021-11-19,111.92684936523438,112.81766191026941,111.39402346536694,111.7769853321243,1739100
2021-11-22,112.7593994140625,113.86668090391782,111.62714270067131,111.97680853374577,1235600
2021-11-23,113.05076599121094,113.71680150390114,112.42636007998341,112.7593841881139,1452100
2021-11-24,112.58454132080078,113.22560159270034,111.78530889414584,112.85096059873268,1017100
2021-11-26,112.61785125732422,114.43278496878246,112.36808635754974,112.93420827370609,1184800
2021-11-29,112.42638397216797,113.60860392780606,112.40140874669694,112.74275376623225,1025000
2021-11-30,108.48846435546875,112.15165402125766,108.38022991176308,111.94351867786874,2652700
2021-12-01,109.69562530517578,111.4106708695391,108.8547632559867,109.10452815981209,1850800
2021-12-02,110.55313873291016,111.43564306293352,110.01199204229513,110.01199204229513,1493700
2021-12-03,112.7177505493164,112.96751544557547,110.98606335977595,111.36070435237939,1749700
2021-12-06,113.57527923583984,115.22370740369927,113.18398382021878,113.25890948612792,1732100
2021-12-07,113.95824432373047,114.68255110768905,113.20062877753777,113.24225837854507,2339800
2021-12-08,113.96656036376953,114.6908671172301,112.80932864448917,114.03316518186259,1464400
2021-12-09,113.84903717041016,114.6801792077441,113.46284646743847,113.64754469795712,935000
2021-12-10,114.2352066040039,114.72212423716346,114.04210488334495,114.59619947173441,1213800
2021-12-13,116.93009948730469,117.29949588089468,113.87420133612962,114.18482429880717,2144200
2021-12-14,115.93106842041016,117.2071617217584,115.30982241587084,117.08962765520346,2681100
2021-12-15,116.10737609863281,117.00566943501765,115.6540212624926,116.0486026601414,2440900
2021-12-16,119.06254577636719,119.11291569385145,115.97305846471092,116.25849653729087,2471700
2021-12-17,117.00570678710938,119.67542831260816,116.84619347199933,118.60921784602247,3237600
2021-12-20,118.6259536743164,118.86102176705784,116.19130155627965,116.40958822114692,2209400
2021-12-21,116.93852233886719,118.62599152695194,116.24172136248646,118.5168481596915,1496700
2021-12-22,116.8797378540039,117.6521063633392,116.15773925458696,117.3330798535207,980600
2021-12-23,116.60270690917969,117.23235649205961,116.1409613196837,116.87975426287728,1115600
2021-12-27,117.3666763305664,117.37506704604058,116.23330203917281,117.06444404021163,825200
2021-12-28,117.35829162597656,118.02152975212898,116.91334023968656,117.47582571272761,1187900
2021-12-29,118.43290710449219,118.92822841908459,117.43386094811626,117.84522385232644,1239400
2021-12-30,118.81067657470703,119.17166950284023,118.40769163740347,118.95339560282385,778300
2021-12-31,119.98603820800781,120.28827055856723,118.92823138617742,118.98699202670707,1230600
2022-01-03,119.57463836669922,119.9272533797802,117.20716277335072,119.11290562196729,1994200
2022-01-04,120.22107696533203,121.6566834816741,119.30598942048492,119.44031772346763,2027100
2022-01-05,120.94307708740234,122.00089647375131,120.07835944284064,120.07835944284064,1935600
2022-01-06,120.15391540527344,121.96730910389441,120.02799062491879,120.6996193440657,1692700
2022-01-07,120.67445373535156,121.16138431454482,119.46552440911374,120.42259132400962,1305300
2022-01-10,121.38803100585938,122.39546769200298,120.51492262726892,120.51492262726892,2706400
2022-01-11,120.17071533203125,121.01863878379476,118.51683481710658,120.33861931719939,2442000
2022-01-12,120.12874603271484,120.7919841226264,119.06254859339512,119.26402826809921,1293900
2022-01-13,119.9608383178711,120.46456310953617,118.99538074580889,120.01120823498688,1303700
2022-01-14,120.22107696533203,120.66602825999169,119.08771553582706,120.05317299172967,1367800
2022-01-18,118.27338409423828,119.6502173637115,117.60175529712245,119.62503240471686,2214300
2022-01-19,119.7845230102539,120.63245926075545,118.19780667299455,118.44127833689701,1712200
2022-01-20,118.85265350341797,120.16232249900615,118.68473671095573,119.38155040686537,2151600
2022-01-21,120.32185363769531,121.28731128649389,119.64182127182114,120.1455461035232,2579700
2022-01-24,119.04574584960938,121.37125514103975,116.51874408760911,120.73320205602825,2762000
2022-01-25,117.22395324707031,118.94498500812853,115.947859975285,118.94498500812853,2483200
2022-01-26,113.20259857177734,113.9833707294828,109.34914613187875,109.51705012818789,5636700
2022-01-27,115.41896057128906,116.64468404072832,113.26975874949454,113.29494370754266,2829300
2022-01-28,116.62789916992188,116.73704253706916,113.87423251320277,114.99920343059016,1965900
2022-01-31,115.56169128417969,116.09060107715689,114.82291108967308,115.70442314121689,2283100
2022-02-01,115.23424530029297,116.174530565988,113.74828175415476,115.79673063062093,1552300
2022-02-02,113.85743713378906,115.04957220289214,113.60558753558395,113.70632737486599,3039600
2022-02-03,114.57941436767578,115.49451470700215,113.5467927780802,114.05890821540434,1990700
2022-02-04,111.37240600585938,114.025332292013,111.31363257060353,113.87420975153499,2209800
2022-02-07,111.884521484375,112.54774665103842,110.72596231119515,112.11118607980008,1888000
2022-02-08,111.8509521484375,112.74925839971459,111.36402158376215,111.98528047184877,1595500
2022-02-09,110.72598266601562,112.55617086748705,110.71759194954134,112.32108989341148,1900400
2022-02-10,109.93681335449219,110.44892885513516,109.29036953657321,110.10471734596047,2103800
2022-02-11,111.09537506103516,111.48155296868771,109.99558916148672,110.44054051305588,1472700
2022-02-14,111.12895202636719,111.48155426320012,109.01333860536955,111.09537635106332,1583300
2022-02-15,110.39856719970703,111.88454389641461,109.88645166074308,111.39761331754279,1685900
2022-02-16,109.99559020996094,110.97784204129265,108.75307245198672,110.26423404259467,2003400
2022-02-17,110.5077133178711,110.89389125573335,109.34076316695347,109.90324864010394,1566600
2022-02-18,111.7837905883789,111.8929339549725,110.56647055348574,110.72598383996737,1327100
2022-02-22,111.53192901611328,112.03564097117498,110.72597195366048,111.96847681511618,1555300
2022-02-23,110.7679443359375,112.0524283171658,110.60004036124957,112.01883983607694,1411800
2022-02-24,107.93872833251953,110.60004552689072,106.59547085177415,110.26422475157801,2213200
2022-02-25,110.6588134765625,111.05339490724968,108.33330409341214,108.56838505680868,1736600
2022-02-28,109.26518249511719,109.58420904000177,108.12341744054696,109.56741479809911,2039400
2022-03-01,108.02265930175781,109.559005514012,107.07398975909085,108.89578038917325,1847000
2022-03-02,108.98814392089844,109.24839701460505,107.5105581343019,108.03106432171512,1993500
2022-03-03,109.7420654296875,110.5383433686981,108.7763696777652,109.15756298825416,1622300
2022-03-04,109.38626861572266,109.71663782801198,108.20032470507859,108.68317251249178,1534800
2022-03-07,108.37823486328125,109.35239701918401,107.03981211619023,108.92884600779132,1616600
2022-03-08,104.35449981689453,108.1241012173117,104.29520293406354,107.59042927183285,1989700
2022-03-09,104.66791534423828,106.43836178838933,104.08341939086665,106.26047115363492,1782300
2022-03-10,101.47434997558594,104.47309184945425,100.4324116655542,104.19354663665605,2909900
2022-03-11,99.55990600585938,102.2536908673434,99.46672426042471,101.05080746993804,2513400
2022-03-14,100.90680694580078,102.69419293753236,99.38202054336939,99.78015957416406,2295800
2022-03-15,102.54170227050781,102.91442276514988,101.3981093713744,101.48282474381061,2267200
2022-03-16,102.8551254272461,103.26173723936462,101.28798798724071,103.05843456474311,1916800
2022-03-17,102.78734588623047,103.24478170754553,101.91483192558084,102.96524298024873,1764800
2022-03-18,102.37227630615234,103.2871480252741,101.72847697089531,102.8466578250722,4134000
2022-03-21,102.2706298828125,103.71070073397928,101.7115394465327,102.7619441434176,2515200
2022-03-22,103.67680358886719,104.02411847863935,102.20284805600737,102.9398225909999,2114100
2022-03-23,102.1689682006836,104.39684403512982,101.87248380642271,104.36295918108927,1964600
2022-03-24,101.72847747802734,102.58405231940871,101.60141734657876,102.11815009072119,2818200
2022-03-25,101.8894271850586,102.74500201180129,101.15245258376446,102.35533586865,1860000
2022-03-28,103.71070098876953,103.73611301541276,102.25368447438568,102.3722782406378,1499600
2022-03-29,105.09148406982422,105.70139861363226,103.92248550277621,103.92248550277621,1585200
2022-03-30,104.91358184814453,105.20159989004964,104.1511887523668,104.19354643769489,1247200
2022-03-31,104.3290786743164,105.39642247201179,103.60903685058744,104.62556306256512,1815600
2022-04-01,105.91315460205078,105.9555122842319,103.6852788248469,104.57473198477625,1529000
2022-04-04,105.90469360351562,105.93857846047078,103.89706591620924,105.17619179904466,1943300
2022-04-05,105.99784851074219,106.91272002830175,105.44723749751789,105.56583123540072,1391900
2022-04-06,106.7094497680664,106.7348617963387,105.3710269341332,105.67598419915281,1529000
2022-04-07,107.31934356689453,107.83607625153246,105.9893938202546,106.98897433742106,1806300
2022-04-08,106.80261993408203,108.16645464842024,106.58237160814147,107.78525487703752,1610700
2022-04-11,107.18379974365234,107.7428900861173,106.05715269319981,107.20074540044642,1426400
2022-04-12,106.68402862548828,107.52265780120788,106.04022929179551,106.93815534937659,1606800
2022-04-13,107.06523132324219,107.17535226695446,106.33672301775864,106.62474108551714,1444700
2022-04-14,107.09062957763672,107.87843466884999,106.76873315542731,107.70054403055993,1255500
2022-04-18,105.85386657714844,107.37865278293602,105.61667904799825,107.10758039778216,1623500
2022-04-19,107.47183990478516,107.59890004256937,104.91358808280013,105.64209636618322,2055200
2022-04-20,108.09021759033203,108.63236883464982,107.5819576655894,107.5819576655894,1174200
2022-04-21,108.5137710571289,109.7928904201671,108.03938954374273,108.28504989857879,2369100
2022-04-22,117.33208465576172,119.78020873697807,116.22238318626827,117.5099817498846,6935300
2022-04-25,121.5422134399414,122.43167328681568,117.1711761487575,117.45070848492223,4790200
2022-04-26,117.89962005615234,122.31302603675081,117.86574167213173,121.82170545109368,3631100
2022-04-27,119.0008773803711,119.94964034641524,117.34056480985609,117.89964226888672,2652300
2022-04-28,120.280029296875,120.61886495943173,117.9843769669343,119.16184834408416,2122800
2022-04-29,117.60316467285156,120.04282241271231,117.45915889317227,119.348192612877,2926800
2022-05-02,115.22281646728516,118.44180661913639,113.90133942907532,118.37403690874734,2241900
2022-05-03,116.30712890625,117.51001241980609,115.23977191443379,115.68026865590957,2087500
2022-05-04,117.86576843261719,118.34014347109338,115.23128077002585,115.55318365717056,2008900
2022-05-05,115.78189086914062,117.46762844000119,114.8500864590885,117.46762844000119,2130600
2022-05-06,116.56124877929688,116.73913297370943,114.85009899664038,115.9598006285767,2051900
2022-05-09,118.88229370117188,120.48331599273764,116.05297607281771,116.56124245219614,3018700
2022-05-10,117.7048110961914,119.55996639901548,116.9254788683189,118.94158560665736,2040400
2022-05-11,117.67093658447266,119.2041890668022,117.07796779652064,117.90812409965346,1559300
2022-05-12,118.26390075683594,119.1110026853497,116.94242381647442,117.6793983580415,1323200
2022-05-13,117.8826904296875,118.73825860051132,116.48496469428491,118.73825860051132,1417800
2022-05-16,117.6878890991211,118.12838581239214,116.45112726575744,117.56082895382767,1363200
2022-05-17,117.45915985107422,118.03518297448898,115.72259826307385,117.40833580203763,1819400
2022-05-18,112.24946594238281,116.84923589171275,111.90216399367658,116.84075660039743,2169900
2022-05-19,109.31851959228516,111.8767713429294,107.70055161227745,111.05508133950147,2655800
2022-05-20,108.71707153320312,109.61499761775168,106.277420011078,109.34393168928004,2110600
2022-05-23,109.62347412109375,110.1740852568153,107.9546821287827,109.18297745706599,1521300
2022-05-24,111.94451141357422,112.11394213492865,109.32696963308912,109.67428451581672,1232000
2022-05-25,111.28378295898438,111.92758873616413,110.4451602713956,111.92758873616413,1426400
2022-05-26,112.16476440429688,113.520119673418,111.95298893170772,112.21558844959841,1250800
2022-05-27,113.02882385253906,113.06271517401697,111.82594045511098,112.63069776831277,1188300
2022-05-31,112.6815185546875,113.19825132333868,110.80095096554724,111.81747084260242,2843100
2022-06-01,111.3092041015625,113.69803808481709,110.69082322481812,113.02035386026427,1577500
2022-06-02,111.63956451416016,111.83440727654951,108.39516883506812,111.39391062672419,1518900
2022-06-03,111.34307861328125,112.29182862897825,110.87716997137663,111.33459932158783,994100
2022-06-06,111.7158203125,112.69844884777392,111.28379000294085,111.47015348436808,1058400
2022-06-07,111.90217590332031,112.04618168776861,110.20797195581055,110.47057149955451,1229500
2022-06-08,110.80940246582031,111.63955874603137,110.51292454290554,111.57180196563641,1074300
2022-06-09,108.93765258789062,111.66408087193444,108.64706414285433,111.12564064528453,1493300
2022-06-10,109.19407653808594,110.14276671100968,107.20266769322089,108.08298832299633,1776300
2022-06-13,108.46759033203125,109.57012330227573,107.92058838460396,107.93768565958285,1713000
2022-06-14,105.3907241821289,108.91201265582558,104.98902302247355,108.41629605366793,2224800
2022-06-15,104.62152099609375,106.40780144054133,103.35659004560439,105.90354270019665,1784600
2022-06-16,103.97196960449219,105.5189404946346,103.10019112621409,103.73265991106686,1899000
2022-06-17,104.09161376953125,104.29673541131807,102.45916971008357,102.57028242827181,3203100
2022-06-21,106.90351104736328,107.38213036552162,104.66424427039547,106.10010874556964,1911800
2022-06-22,109.03167724609375,109.34791162833102,106.50182175029532,107.07445657264127,1704600
2022-06-23,112.88629913330078,113.00595398459726,109.53595025559878,109.69834177694415,2122000
2022-06-24,114.92041778564453,115.20245105096421,112.91191213541406,113.0059275709865,2431600
2022-06-27,114.17682647705078,115.34774826204726,113.67256783987672,114.61272211375761,1305800
2022-06-28,113.2794418334961,114.43326668353902,113.04868729660775,113.99738396134963,1162600
2022-06-29,114.7409439086914,114.89478025517775,113.50165885464276,113.7324264157716,1230400
2022-06-30,115.5101547241211,116.23663893401857,113.74951360336212,114.09139389565492,1715400
2022-07-01,116.88619232177734,117.13405716470115,115.51871027218978,115.9204114661148,1612900
2022-07-05,116.31353759765625,117.41608342342384,115.21100481328614,116.3990109167412,1359400
2022-07-06,117.07421875,118.12548594061016,116.87764573965306,117.15114996396116,1296800
2022-07-07,115.980224609375,116.46739910442744,114.86913655243679,116.24517366820051,1240400
2022-07-08,114.69821166992188,116.17680645872701,114.60419621852965,115.50161406520091,1309700
2022-07-11,115.14263916015625,115.86912331376527,114.75803527235091,115.03152644359521,836100
2022-07-12,115.62124633789062,117.18531415587131,115.17680855976016,115.59560695082514,1240700
2022-07-13,116.27938079833984,117.06568594366108,114.9802617123568,115.27940535130956,1192800
2022-07-14,115.4930648803711,115.70673516214998,114.19394591556373,114.52727103348283,1475200
2022-07-15,115.10844421386719,116.07423802949167,114.5785461054566,116.06569591340067,1050500
2022-07-18,112.87774658203125,114.7665846344315,112.75807870039556,114.57855373671751,1631200
2022-07-19,113.02303314208984,113.58711275554481,112.29654899192403,113.58711275554481,1858000
2022-07-20,112.26238250732422,113.29653947153115,111.37350674291129,113.29653947153115,1341500
2022-07-21,111.57862854003906,111.79229883098459,110.62137676845134,111.31367946589053,1487500
2022-07-22,113.15977478027344,113.41618172389347,111.45041254467174,111.68972221434406,1256000
2022-07-25,114.03155517578125,114.305059398155,112.76663075080046,112.97174587618166,1433100
2022-07-26,114.50163269042969,114.51872996472012,110.97179542990423,111.06581087640295,1757800
2022-07-27,112.86064910888672,114.73240292467632,111.937591896659,114.73240292467632,1650600
2022-07-28,113.89480590820312,114.45889859988333,112.42475327973925,112.90338568084331,1081100
2022-07-29,112.63842010498047,113.14269188189246,111.58716596928083,113.14269188189246,2902500
2022-08-01,115.69815826416016,116.40754503133687,113.04009993663641,113.04009993663641,2070300
2022-08-02,113.67259979248047,116.43321642156295,113.21961979902545,116.23664339682213,1712500
2022-08-03,115.16829681396484,115.45034318745692,112.88629947360242,113.25380614604921,1318900
2022-08-04,113.46746063232422,115.2708383145741,112.7409895062134,114.93751319991175,1211700
2022-08-05,113.99738311767578,114.0913985717346,112.75808493924583,113.4589297861207,781400
2022-08-08,114.77511596679688,115.43322404695984,114.15975759011516,114.32213603979332,889200
2022-08-09,114.88623809814453,115.5956250144023,114.45889752507834,114.95461415480304,754200
2022-08-10,115.94603729248047,116.01441334316993,115.10844045258315,115.4246813171967,1178300
2022-08-11,115.06571960449219,116.7238030098162,114.81785478459611,116.18534974853715,921300
2022-08-12,115.79219818115234,115.87767151243952,114.85205674399003,115.38195488205241,690600
2022-08-15,116.62126922607422,117.25373812880197,116.00589760217765,116.3392228116714,976000
2022-08-16,117.42463684082031,117.83488012083932,116.50157967972848,116.52721906964224,1043100
2022-08-17,116.94602966308594,117.36482814420701,116.8092775417321,117.17679723769552,882400
2022-08-18,117.17679595947266,117.22807474407095,116.01442902344495,116.56996657845968,997300
2022-08-19,117.04859161376953,117.75797859826517,116.77510040222695,117.12550979438457,1147900
2022-08-22,116.41612243652344,117.09985690729263,115.88621126785851,117.05713328391886,1179400
2022-08-23,114.73240661621094,115.8947735458897,114.64693328141402,115.80930021109279,1063500
2022-08-24,114.2623062133789,114.9460536290591,113.98025991535845,114.65545217445188,955300
2022-08-25,113.57857513427734,113.90335813775498,112.74099127632876,113.86062147286596,1425000
2022-08-26,110.69828796386719,113.74095027001465,110.55299375726995,113.59565606341741,1434400
2022-08-29,110.74959564208984,111.63845838543095,109.81799622885526,110.46754927047374,813300
2022-08-30,110.10856628417969,111.21965430839492,109.82651995978209,111.21965430839492,1279600
2022-08-31,108.98893737792969,110.83504527114955,108.8863798131784,110.44189924533667,1828100
2022-09-01,109.84362030029297,110.27096085681609,108.10007004719473,108.97184191339414,1410000
2022-09-02,108.10008239746094,110.90342920451927,107.87786345688492,110.10858193844764,1513100
2022-09-06,107.44195556640625,108.66414974640462,106.77530538107968,107.66417446841477,1662400
2022-09-07,108.92057037353516,109.24534687062987,107.6812787648188,108.04879192868643,1294400
2022-09-08,108.2477798461914,108.92055383935178,106.81597338435964,108.42028363601794,1291100
2022-09-09,109.40357971191406,110.4817449483399,107.95453195153219,108.46342278443797,1395300
2022-09-12,109.46395874023438,110.2143575020654,109.14481947447986,109.40357517212577,1343000
2022-09-13,106.74698638916016,109.36045788940093,106.53997392414819,108.9636938690256,1139200
2022-09-14,105.06504821777344,106.8849917389075,104.38364697037551,106.62623601977576,2091200
2022-09-15,104.72865295410156,105.5998122754928,104.38363877508145,105.54806245184912,1462200
2022-09-16,105.24617004394531,105.50493232117572,104.71140432254633,104.97878718324583,2236500
2022-09-19,105.93621063232422,105.95345838185268,104.92704947963902,105.03054913800746,1154500
2022-09-20,104.84942626953125,105.49632550679263,104.1249022824862,105.49632550679263,1223400
2022-09-21,104.13351440429688,105.97070560368877,104.13351440429688,104.81490904484531,1234200
2022-09-22,104.11626434326172,104.84079483593487,103.44349025902149,103.76262955206306,1252700
2022-09-23,103.7540054321289,104.21977363810242,102.71034219638409,103.89200717060318,1365700
2022-09-26,102.4515609741211,104.16799799696682,101.80466190424181,103.91786948087275,1854600
2022-09-27,101.08015441894531,103.56424487919749,100.98527534693511,102.78796455393159,2040300
2022-09-28,101.07152557373047,101.88230796448426,100.640259464708,101.88230796448426,2026000
2022-09-29,99.1739501953125,101.01114131863218,99.07907113170181,100.64025222831717,2010400
2022-09-30,97.06936645507812,100.01922475289555,96.93135815593917,99.60521301667445,2293700
2022-10-03,98.39767456054688,98.69955951321595,96.51735410886727,97.46613820894082,2103900
2022-10-04,100.25212860107422,100.70064248584741,98.39768290512939,98.77719262898395,1713800
2022-10-05,98.82894897460938,99.95886414135914,98.59606157681274,99.92436206092265,1388500
2022-10-06,96.76748657226562,98.86344001539447,96.58635560564935,98.86344001539447,1535900
2022-10-07,94.52490234375,97.25050730358434,94.45590476776069,96.90549310124348,2047600
2022-10-10,95.01654815673828,95.3011787750311,93.79174745924871,94.57665490214274,1479700
2022-10-11,96.06021118164062,96.67260823929722,95.18042467358309,95.42193263090138,1569600
2022-10-12,97.34539031982422,98.30280164434626,96.67261621731657,97.12113009212206,2493800
2022-10-13,98.82894897460938,99.22571302873068,96.11197101077543,96.30172916287671,1827000
2022-10-14,97.64727783203125,99.31196538206632,97.59552800144537,99.19121139029997,1369200
2022-10-17,98.4839096069336,99.3723165644078,98.14752263430933,98.23377452308013,1730500
2022-10-18,99.60521697998047,100.36424291365282,99.03594259427757,99.33782753490873,1410100
2022-10-19,99.13947296142578,100.45051927163932,98.57019843711481,99.90712624619682,1192300
2022-10-20,96.87960052490234,99.21706161322052,96.7157173280344,98.94105161778879,1975600
2022-10-21,98.29415893554688,98.47528988984054,96.47421564830394,97.12974189760321,1678200
2022-10-24,99.93297576904297,100.19173804717188,98.32866543807908,98.92381472941675,2626600
2022-10-25,103.06397247314453,103.06397247314453,98.65643233038324,99.19983183712824,2773500
2022-10-26,103.68500518798828,104.33190440172463,102.20144860492377,103.13298505204787,2201300
2022-10-27,104.62518310546875,105.7550984474915,104.11628556583865,104.19391690401274,1899800
2022-10-28,107.19550323486328,107.38526137613455,104.77178980276777,104.77178980276777,1766900
2022-10-31,107.35076904296875,107.77340802651374,106.84187814572468,107.14376313397109,2920000
2022-11-01,107.25586700439453,108.58416724894035,106.63484282973957,107.35074606333336,1883300
2022-11-02,105.46180725097656,107.95453131709408,105.28067628199332,106.95399082488377,1779900
2022-11-03,105.24617004394531,105.42730758636544,104.15938427301302,104.59927093146739,1837500
2022-11-04,105.67744445800781,106.7642368952977,104.78041674217967,106.06558790448207,1929600
2022-11-07,107.2300033569336,107.44563640797155,106.17771301497258,106.35884398817265,1212000
2022-11-08,107.45426940917969,108.13567067714318,106.70386398179232,107.58365056294977,1290700
2022-11-09,106.80736541748047,107.99765750131672,106.68661143421876,107.49738723889045,941200
2022-11-10,110.21435546875,110.43860908645297,108.14427702278263,108.73079913946341,1899100
2022-11-11,109.92971801757812,110.42136765209925,107.14374290554618,110.24885727667133,1633000
2022-11-14,110.02460479736328,112.47419307490182,109.78309683541987,110.06773403939536,1511400
2022-11-15,110.5248794555664,111.67204890111955,109.50709116066791,111.00789539870513,1317400
2022-11-16,111.2752685546875,112.06879655777401,110.73188224676731,110.73188224676731,1033500
2022-11-17,111.15451049804688,111.22351464724193,110.14534949331133,110.69736952567597,1168400
2022-11-18,113.33673095703125,113.5696183467313,112.1809409152862,112.49145304782043,1350500
2022-11-21,115.13944244384766,115.30331252683405,113.50925690943716,113.85426456789074,1375400
2022-11-22,116.42459106445312,116.6229829437775,115.17392202394907,115.57931320525128,1789400
2022-11-23,115.57930755615234,116.87310577506449,115.49304907707976,116.66609332200795,1304800
2022-11-25,116.46772766113281,116.46772766113281,115.57932050418303,115.76907865044392,540500
2022-11-28,114.98417663574219,116.45911263181546,114.98417663574219,116.3642335541593,1220600
2022-11-29,114.85479736328125,114.88929286229259,113.46611991681687,114.39765632449462,1421100
2022-11-30,116.9852294921875,117.01110440153049,114.28549988704694,114.58739137764167,1798300
2022-12-01,117.8219223022461,118.51193764173651,117.14914813340367,117.30439763642931,1447300
2022-12-02,118.96902465820312,119.16741648128145,117.0110866223752,117.42509827015117,1932700
2022-12-05,118.31354522705078,118.5895618599322,117.0628761171508,117.47688790527548,1234400
2022-12-06,117.31298828125,118.29627436638941,116.57121013553461,117.1318639072798,1476100
2022-12-07,117.90814971923828,118.88281532187595,117.5458877727032,117.9340246324767,1288900
2022-12-08,118.96945190429688,118.99554826634791,117.43840781067944,117.6471919809239,1193200
2022-12-09,118.4822998046875,119.43921064069326,118.19522655388577,118.77806741805801,2315300
2022-12-12,120.01335144042969,120.06554416103468,117.16002106694847,118.76067305056851,1764800
2022-12-13,120.66575622558594,121.55305879727705,119.64794533799159,121.09200551772226,1618500
2022-12-14,121.00505065917969,122.14463595023334,119.88285409210779,120.71797742745979,1644700
2022-12-15,118.67366790771484,120.43089792838468,117.88204297118442,120.0742299977939,1392800
2022-12-16,117.71678924560547,119.04775683428582,116.7511840073632,118.46490267233355,3718300
2022-12-19,118.01254272460938,119.09993528264867,117.00343924502852,117.70806749882439,1305000
2022-12-20,117.76895904541016,118.19520840102741,116.68156656869846,117.93424482568376,1211700
2022-12-21,119.14344024658203,119.22172932938183,117.91685818737582,118.1169347124761,1195100
2022-12-22,119.56098937988281,119.62187646110273,118.15173286386893,118.91724820309578,1174800
2022-12-23,119.30872344970703,120.04815580587214,119.00426145363193,119.54360399295805,888400
2022-12-27,120.37870788574219,120.63967147603586,119.18691663678406,119.72627236233862,907000
2022-12-28,118.76068115234375,120.82237339990027,118.53449498251139,120.70058595223526,778600
2022-12-29,119.38702392578125,119.80457900530821,118.88247212084438,119.10864502353886,742000
2022-12-30,118.09083557128906,119.4044010447352,117.2992105780557,119.4044010447352,1114000
2023-01-03,119.27391815185547,119.30870887401719,117.2905151427561,118.3605057275461,1603300
2023-01-04,119.01295471191406,119.63929397221091,118.2822299995133,119.00426034885098,1551800
2023-01-05,117.90813446044922,119.12602199108649,117.71676559766628,118.76935407522483,1207200
2023-01-06,120.4395980834961,120.63098023722246,118.89984649172857,119.17822536036147,1136700
2023-01-09,119.19562530517578,121.0920315381938,119.16082131027858,120.23951949689986,2025800
2023-01-10,118.1865234375,119.38700907487424,117.69937369301044,119.23041764338261,1246500
2023-01-11,118.5779800415039,119.57838914651428,117.77766072179645,119.0390334183589,1401900
2023-01-12,118.51708221435547,119.04773025878373,117.74285932400934,118.60406564570695,1579200
2023-01-13,119.03034973144531,119.24782825979908,118.04734253565877,118.04734253565877,1479400
2023-01-17,119.05644989013672,120.3265303767186,118.68237990704291,119.67409477084846,1534400
2023-01-18,115.55937957763672,118.65627148150718,115.45499413893751,118.44750060410874,1999900
2023-01-19,114.96783447265625,116.01172859107594,114.34149534683765,114.8547414079342,2109500
2023-01-20,117.55147552490234,117.80374472822837,114.4371820118718,115.0722154744511,2327200
2023-01-23,116.76858520507812,117.76028691185685,116.42931918101799,117.50801762169436,1744000
2023-01-24,117.11653137207031,117.20351481170943,114.94174627356992,116.394501126508,1952300
2023-01-25,114.88084411621094,115.53327963552049,112.24500568010716,112.71476668735741,3729600
2023-01-26,113.3237075805664,114.2197179946695,111.83614870709168,114.08052856024852,2775300
2023-01-27,112.1493148803711,112.89744147529422,111.31419821004425,112.58427189430698,2374000
2023-01-30,112.21022033691406,113.18451984481305,111.83615038552304,112.3928948577275,1417300
2023-01-31,113.09752655029297,113.16712127065351,111.80136304585528,112.56687842215,2930600
2023-02-01,113.09752655029297,113.89784592368578,111.87965212857253,112.4972969756251,1425700
2023-02-02,113.24540710449219,113.87174629593252,111.32290444579961,111.92314727708286,2047700
2023-02-03,114.18489837646484,114.28058944030751,112.08841588036617,113.48027021263847,1766200
2023-02-06,113.4280776977539,114.48067940185535,112.99312072931804,114.17620421441694,1392600
2023-02-07,113.3237075805664,113.57597681584876,111.74045763015663,112.28850773204233,1635700
2023-02-08,113.08882904052734,113.5237860752986,112.74086872224446,112.89744688332117,1353400
2023-02-09,111.56645965576172,113.88912821713868,111.53166893963042,113.28888549166867,1455500
2023-02-10,112.15802764892578,112.65388509763117,111.4360105682726,111.61868511075797,1735700
2023-02-13,113.17581939697266,113.33239754925027,112.43638716988063,112.50598188439331,1923100
2023-02-14,111.85355377197266,113.71516936843642,111.50558017637847,113.40199976931936,1809400
2023-02-15,111.14891052246094,111.66216324133572,110.2442057894143,111.5316814489175,1260600
2023-02-16,110.01802825927734,110.40079255567603,108.92193472490122,109.7657523945525,1741800
2023-02-17,110.67916870117188,110.8096505005519,109.5308824082046,109.99193579779424,2797200
2023-02-21,112.41899871826172,113.0627399496931,109.97454214949506,110.35730648851718,1936100
2023-02-22,111.81005859375,113.27152118914628,111.65348042665529,112.57558725199738,1257600
2023-02-23,110.67047119140625,112.1841264811121,110.35730158918558,111.58388363736951,1220700
2023-02-24,109.78314971923828,110.39209353230636,109.34819269715426,109.91363815324696,1169000
2023-02-27,109.82665252685547,110.67047024580032,109.44388820809672,110.20071584648305,1052200
2023-02-28,108.78275299072266,109.41778652111206,108.46958340642306,109.36559380270127,2183600
2023-03-01,108.49568176269531,108.90454242955217,107.60836571187458,108.49568176269531,1338700
2023-03-02,110.19202423095703,110.40080840637815,108.28691674789694,108.6261827368084,1763000
2023-03-03,110.03541564941406,110.5921600564397,109.44387388733473,110.5921600564397,1055000
2023-03-06,109.76576232910156,110.21811474467226,109.37430363556764,109.69616760765439,1165300
2023-03-07,107.52137756347656,109.93104325043913,107.42568648496656,109.93104325043913,1464600
2023-03-08,107.69536590576172,107.94763514881843,107.17341214751511,107.59967482587768,1035400
2023-03-09,107.68659210205078,108.78444904241033,107.19475433702154,108.30138930833733,1363100
2023-03-10,107.44943237304688,108.22232781177617,107.12447106429553,108.01154119247991,1347400
2023-03-13,108.099365234375,110.46194832940434,107.7304869861856,107.78318196427391,1805000
2023-03-14,108.59999084472656,108.80199273390438,107.57239853685898,108.50337891484645,1414900
2023-03-15,110.50587463378906,110.620049329575,108.0905896554072,108.0905896554072,1936800
2023-03-16,111.46320343017578,111.61251034012086,110.32142972883916,110.7869199191302,1839200
2023-03-17,110.11064147949219,111.8584275249739,109.6363665659914,111.4105001009811,5456000
2023-03-20,112.84210205078125,113.41299558963888,111.28753987403587,111.35780431273703,1559100
2023-03-21,112.4381103515625,113.21099245710904,111.69156233658832,112.79819721140419,1528100
2023-03-22,111.90235137939453,113.87849362385563,111.86721915762088,112.68402488669625,1429200
2023-03-23,111.86721801757812,112.7718442406893,111.55981275538804,111.55981275538804,1385000
2023-03-24,114.59867858886719,114.68651249206292,112.36783950435931,112.54349390917874,1569800
2023-03-27,114.45816802978516,115.77559622496277,114.07172028161477,115.05539571217749,1251000
2023-03-28,115.55601501464844,115.7667949309136,114.40544989822463,114.90607900249738,1557500
2023-03-29,116.35526275634766,116.80319695170832,115.88099446890094,115.94246748691553,1349200
2023-03-30,116.82073211669922,116.88221852528896,116.18836557883628,116.21472646935416,1280900
2023-03-31,117.88346862792969,117.93616360820025,117.11936461086309,117.11936461086309,1660400
2023-04-03,118.57731628417969,119.01645901845399,117.12815062170358,117.830781676857,1905300
2023-04-04,118.0942611694336,119.96499996452295,117.7956339472561,119.05158904220772,1642300
2023-04-05,119.14820098876953,120.14065438110255,118.49826496597602,118.90228214805236,1421100
2023-04-06,119.8771743774414,120.41292898652978,119.20089089347746,119.62246411653305,1465700
2023-04-10,119.06915283203125,119.47315659324032,118.34895240320569,119.08670889012134,1015200
2023-04-11,119.43804931640625,119.64882925824674,118.82323874850987,119.218477942607,1317600
2023-04-12,120.08796691894531,120.58859606275617,118.60366235068551,118.92863708321225,1119100
2023-04-13,120.7291030883789,120.9925779568035,119.1921038152416,119.46437011366042,1527100
2023-04-14,120.61492156982422,121.1067591924012,120.1582094624727,120.1582094624727,1183500
2023-04-17,121.7567138671875,121.92359024371164,120.83451148220873,121.00138785873287,1402600
2023-04-18,121.84453582763672,122.1255936023191,121.25608618866436,121.54592199321593,1730400
2023-04-19,121.5547103881836,122.43299590659987,121.37905596481504,122.43299590659987,946600
2023-04-20,122.20465087890625,122.4681392241951,121.52836725303212,121.92360647175236,1564500
2023-04-21,124.3388671875,124.54086907166095,122.59985249284775,122.59985249284775,2005800
2023-04-24,125.09416198730469,125.15564838768704,124.08413930831252,124.26858510789016,1939700
2023-04-25,127.06156158447266,129.87207250211557,126.22719304039364,127.22843797360309,4344000
2023-04-26,126.13058471679688,127.9661982467303,125.63874696730022,125.93736082926982,2559300
2023-04-27,128.5634307861328,128.5985563080766,126.34136962954567,126.41162067343328,1636400
2023-04-28,127.25476837158203,129.18699353029612,126.29744052225874,128.7302947811117,2165700
2023-05-01,128.09796142578125,128.6249247502055,127.20210635221274,127.45680328211489,1606600
2023-05-02,128.12428283691406,128.5370780612043,127.21085848469102,128.0452269630069,1398500
2023-05-03,127.86079406738281,129.12552722648007,127.60608378867936,128.22967233852418,1674500
2023-05-04,126.83322143554688,128.36142973895875,126.46434310708284,127.70271556636422,2222000
2023-05-05,127.50949096679688,128.0979540844533,126.31503547259321,126.59607988253111,1636600
2023-05-08,127.1230239868164,127.72025158080237,126.75414575495965,127.34259532017666,1421800
2023-05-09,126.40284729003906,127.93984691185604,126.17449788507831,127.53584308757368,1372300
2023-05-10,125.95491790771484,126.70145248923603,125.20836992462144,126.29744869254745,1678800
2023-05-11,126.19205474853516,126.64876696293469,125.48064563473534,126.36772257054722,1618300
2023-05-12,127.04398345947266,127.09669184316186,125.88465364818283,126.3677133202087,1094400
2023-05-15,126.34137725830078,127.60609714823417,125.91979056008284,127.36017827506045,1720600
2023-05-16,127.05277252197266,127.2986913683148,125.70899689675596,126.52579590748407,1617100
2023-05-17,127.21965026855469,127.42165216560585,126.03395957395483,127.18451134637145,1403700
2023-05-18,126.29743957519531,126.70144334271906,125.12931841853533,126.6926653135368,1273900
2023-05-19,127.37776184082031,127.59733324486248,125.99006895908478,126.53461515418034,1745600
2023-05-22,123.57476043701172,127.1757361514505,123.40788405685187,126.78051037829806,1751800
2023-05-23,121.70402526855469,123.36398428794867,121.4932319290098,123.19710790267224,1825100
2023-05-24,120.89599609375,122.07290887210868,120.79938415078563,122.06411743992882,1081900
2023-05-25,120.36022186279297,120.80815598093503,119.7805637006341,120.21970638802277,1268000
2023-05-26,119.71031951904297,120.51834059237747,119.04281394425576,120.14946228074042,1257600
2023-05-30,117.31259155273438,118.56853328739437,116.90857435743374,118.34896192945476,1941100
2023-05-31,117.93618774414062,118.59490193547366,116.62753739279216,117.76053330676672,5126100
2023-06-01,117.62877655029297,118.57732654660765,117.12816075871163,118.5334229906387,1546500
2023-06-02,119.52586364746094,119.56100257033366,117.23353808740937,117.43555338999644,1869500
2023-06-05,119.99134063720703,121.66009084883359,119.08670779575138,119.08670779575138,1568500
2023-06-06,119.11307525634766,120.43929493874253,118.48070862403678,120.19337607079643,1520600
2023-06-07,118.56855773925781,118.9550055531785,117.09304434236968,117.76931461515595,1893200
2023-06-08,119.36595153808594,119.52543043372013,118.54193668474511,118.68370471624901,1419100
2023-06-09,119.1710433959961,119.39255091160204,118.61284013035046,118.78118800537031,1033200
2023-06-12,119.31278991699219,119.54315282453767,118.40018019898439,119.54315282453767,1762100
2023-06-13,119.13558959960938,119.37480794501423,118.40903857202622,118.86090896642354,1362300
2023-06-14,119.72037506103516,120.08365062333488,118.94067781677064,119.27736003961955,1335100
2023-06-15,120.78361511230469,121.10257293076916,119.56974482869872,120.44691938871028,1493100
2023-06-16,121.98859405517578,122.1569419047343,121.35066494487877,121.77595552499137,2594500
2023-06-20,120.84561920166016,122.75057810526847,120.81903938586979,122.22782370173326,1585100
2023-06-21,122.4050521850586,122.6797328710253,120.71274497904844,120.92538354915644,1359800
2023-06-22,121.82026672363281,123.3353704172108,121.69622306731799,123.11386292238113,1288300
2023-06-23,121.35952758789062,122.99868846075653,121.16459991047702,122.27213738680679,3228900
2023-06-26,120.84561920166016,121.86454819294023,119.52542976518339,121.3329383573894,1674000
2023-06-27,122.5113754272461,122.55567963247587,120.57096750799109,120.83677921962449,1292600
2023-06-28,121.35066986083984,122.05062758395871,120.03933577944238,122.04177215142356,1254600
2023-06-29,121.52787017822266,122.0151893506274,120.36717311651391,120.94308717133697,1232500
2023-06-30,122.32530212402344,122.58225840030514,121.52788051570779,121.87343168194393,1593700
2023-07-03,121.81139373779297,122.21010451133539,120.6063924650297,121.2443351105952,1012100
2023-07-05,121.95317077636719,122.25441773685819,121.16460460346715,121.90001113860349,1847300
2023-07-06,122.15694427490234,122.17466865934287,120.79246410735067,121.36837816409941,1672800
2023-07-07,119.93302917480469,121.47472634261636,119.66721745349291,121.43042213577344,1610100
2023-07-10,119.77351379394531,121.27090646811904,119.47226687670437,120.38487657994459,1717200
2023-07-11,119.80011749267578,120.05706023378752,118.80775473864563,119.92416114696151,1305500
2023-07-12,119.31278991699219,119.84439974665331,118.92293459672801,119.71150066917387,1800900
2023-07-13,119.41911315917969,119.77351972409937,118.71915546155299,119.77351972409937,1097300
2023-07-14,119.72923278808594,119.97732009523794,118.90521789524625,119.49000091342354,1319300
2023-07-17,119.20645141601562,119.94185782218662,118.82546506569118,119.7026394942008,1059100
2023-07-18,118.639404296875,120.05705761760038,118.50650521294502,119.03812858815304,1363600
2023-07-19,119.92416381835938,120.13680236201768,118.72801793130287,118.78117756721744,1685200
2023-07-20,119.49885559082031,119.55201522491066,115.91044509228028,117.83312847043142,2282500
2023-07-21,121.5190200805664,121.87344022446209,119.72038009950239,119.85329272336806,2080700
2023-07-24,121.5367431640625,122.41391780108113,121.0051332335403,121.71394647423655,2589800
2023-07-25,117.7710952758789,121.19117130588953,116.26484711669927,121.19117130588953,3840500
2023-07-26,116.85850524902344,118.29386963435459,116.50409862935395,117.70023111054793,2739400
2023-07-27,115.46743774414062,117.17746917916806,115.18390165059998,117.17746917916806,3376800
2023-07-28,115.5560302734375,116.9116550835968,115.37882697846634,115.96361001964146,1816000
2023-07-31,114.386474609375,115.7332304304359,113.84599578653332,115.3167952626852,3115200
2023-08-01,114.29785919189453,115.2547731237773,113.89914843354595,114.31558357574707,2011400
2023-08-02,114.71429443359375,115.51171595098256,114.08520724384739,114.26242404303923,1443900
2023-08-03,113.99662017822266,115.44083984848034,113.79282354913094,114.86492577086001,1215500
2023-08-04,113.2080307006836,114.32443020188877,113.13715345034822,113.98773453334285,1355400
2023-08-07,113.92575073242188,114.50166488372025,113.35869201492558,113.35869201492558,1116600
2023-08-08,113.00426483154297,114.38647620159594,112.97768501363524,114.38647620159594,1177100
2023-08-09,113.24348449707031,114.12951443729588,112.90679555333851,112.96881737875943,1191100
2023-08-10,113.21691131591797,114.42191264603784,112.90680217063839,113.10172985049195,1498500
2023-08-11,113.37639617919922,113.81941793200052,113.15488868273472,113.7928245942597,918700
2023-08-14,112.90680694580078,114.43964187139996,112.81820529481257,113.99662685658632,1324100
2023-08-15,112.0827865600586,113.14601977604714,111.90558327735114,112.72959138569743,1179200
2023-08-16,111.94988250732422,112.95995610661835,111.84356323994928,112.48149912381503,1268600
2023-08-17,112.384033203125,113.08399765979853,111.84356116429801,111.98532243812438,1711100
2023-08-18,113.62450408935547,114.10295439129102,111.94103879938643,112.25115474009677,2220600
2023-08-21,112.26000213623047,113.96117817205476,111.93217535133456,113.17261874574201,1203300
2023-08-22,113.36754608154297,113.68651745127207,111.91445729049845,112.18026901856372,1336600
2023-08-23,114.04092407226562,114.51051887760624,113.4738654288499,113.91688041651045,1597500
2023-08-24,113.8902816772461,115.55602227816156,113.88142624502092,114.29786139524978,1397000
2023-08-25,114.48394775390625,114.90923838882875,113.46500509306118,114.47507880084305,1165800
2023-08-28,114.73201751708984,115.17503247056109,114.1649589174364,114.52822090427779,1486800
2023-08-29,114.749755859375,115.00671216497628,113.64221821048221,115.00671216497628,1235300
2023-08-30,114.70545196533203,115.35225009230263,114.42191587037526,114.79404685519718,930300
2023-08-31,114.14724731445312,114.94466891208859,114.12066749584827,114.6788572062951,1795500
2023-09-01,112.93338012695312,114.39533094188009,112.10050978489984,114.26243185314586,2271700
2023-09-05,112.54352569580078,113.03084489139339,112.08279307804513,112.392902220753,2198100
2023-09-06,112.16252136230469,113.35866713057413,112.16252136230469,112.48149266586032,2136000
2023-09-07,113.70085144042969,114.4074020474837,112.10887959160202,112.5650085806576,1723800
2023-09-08,114.01388549804688,114.39846350453757,113.42360012011716,113.88866786533791,1261300
2023-09-11,114.52367401123047,115.08711582780704,114.28219114872357,114.50578285368616,1311900
2023-09-12,111.6438217163086,114.5684052991903,111.47388982186921,114.51473182177061,1788100
2023-09-13,111.78690338134766,112.50239954408146,111.56331168342798,112.12676712921092,1356400
2023-09-14,112.5828857421875,112.80647743308089,111.66168906746304,112.01943713758784,982100
2023-09-15,111.80477142333984,113.43251837472874,111.59011852481167,112.43082531869108,2274300
2023-09-18,111.90318298339844,112.49346155753493,111.38444857158201,112.14465903111847,1378100
2023-09-19,111.23239135742188,111.74218011458294,110.76731684214856,111.56330267660222,942900
2023-09-20,111.73323059082031,112.54710072859095,111.13400654756948,111.70640068193987,1212200
2023-09-21,112.03732299804688,113.03901624335802,111.88528228380089,112.33246567168457,1675800
2023-09-22,110.87464141845703,112.3950620863028,110.67787965176433,111.86738900606005,1439800
2023-09-25,110.43641662597656,111.241341295647,110.01606313380626,110.86570887333717,1142900
2023-09-26,110.48113250732422,111.16979878189412,109.89979270792138,109.89979270792138,1375400
2023-09-27,108.80866241455078,110.8388719409582,108.20049274974329,110.52584494219187,1466900
2023-09-28,108.75499725341797,109.35422134830108,108.17365749150406,109.22007179233987,1319100
2023-09-29,108.08422088623047,109.34528128498967,107.64598308722223,109.33633570687367,1710200
2023-10-02,106.43858337402344,107.86062315838743,105.68731179431163,107.55654175423781,1742300
2023-10-03,107.81592559814453,108.53141497809372,106.43859984180853,106.51014400336919,1720200
2023-10-04,108.23625946044922,108.32570159289011,106.59957351832186,107.92323246733616,1564000
2023-10-05,105.97352600097656,107.93219158331034,105.80360093967373,107.619164550934,1598500
2023-10-06,106.25971984863281,106.61746794182636,104.03274837430584,105.78570652512921,1260000
2023-10-09,106.0450668334961,106.62640659423754,104.94499271249445,106.2328830349399,1188200
2023-10-10,107.06463623046875,107.44921418222489,106.21499059968203,106.93047986153496,1212400
2023-10-11,106.74267578125,107.58338275334408,106.1076761746494,107.46711752626864,1068300
2023-10-12,107.10043334960938,107.6728276040965,105.8572639384441,107.30614073332087,2032600
2023-10-13,107.69070434570312,108.21837745637858,107.2792896333581,107.38661610051031,1370800
2023-10-16,108.84443664550781,109.34528669262055,107.90535560119112,108.31676350967422,1408600
2023-10-17,108.90703582763672,109.10379760381932,108.14682545704858,108.60295440879217,1392100
2023-10-18,110.39167785644531,110.73153473307121,109.5420322531425,109.81928373608794,2036600
2023-10-19,109.88189697265625,111.08929069322993,109.3363327215825,110.45429113386861,1696700
2023-10-20,110.08760070800781,110.85675666395679,109.6940839753777,110.53478408595598,2082700
2023-10-23,108.94281768798828,110.29331346610944,108.82655246047902,110.16810266002956,2921900
2023-10-24,107.77120208740234,110.43641822019262,105.87514196767006,109.55993573200654,3814700
2023-10-25,106.23287963867188,108.60295284993764,105.9556281344724,108.16471506057921,3675900
2023-10-26,107.4760513305664,109.22900935187296,105.93773941992599,106.03612030887231,3365100
2023-10-27,104.51570129394531,107.18091044754784,104.30999393450391,106.88577459927374,2507300
2023-10-30,106.89470672607422,107.00203318827718,105.05231347752085,105.26695957845024,2026100
2023-10-31,107.00203704833984,107.66386653044205,106.2149967675555,107.2524586457041,2835700
2023-11-01,106.84999084472656,107.32400410443158,106.33125652058747,107.32400410443158,1973700
2023-11-02,108.26309967041016,108.34358940401933,106.7605632317469,107.52971919579339,2037600
2023-11-03,106.77845764160156,108.96965369401241,106.54592035010194,108.47775602075566,2482000
2023-11-06,108.03056335449219,108.22732513635404,106.77844850730698,106.77844850730698,1603300
2023-11-07,107.69070434570312,108.63873092337865,107.4939425676625,107.82485390029733,1484700
2023-11-08,107.91429138183594,108.41513455999822,107.16301979111599,108.0931619959006,1252500
2023-11-09,107.43133544921875,108.21837572531487,106.42964224225182,108.01266837243286,2289100
2023-11-10,108.07527160644531,108.32570002077803,106.93942886978316,107.98583629877908,1319000
2023-11-13,108.4151382446289,108.65661426417073,107.97690044884283,108.03056027019062,1097900
2023-11-14,108.34358978271484,109.1306300824887,108.14682800190215,108.56718147482437,1236700
2023-11-15,108.71029663085938,109.17536440457822,108.1915622045546,108.39726276512106,1966100
2023-11-16,108.85337829589844,109.94450684242389,108.02161693038943,108.93387485306481,2568700
2023-11-17,108.39724731445312,109.55098124017265,108.28992767153387,109.34528070892621,1934100
2023-11-20,107.80695343017578,108.38829309914657,107.54758629098956,107.95004854148236,1733200
2023-11-21,108.71029663085938,108.8802216975278,107.6549434430397,108.02163031440841,1500800
2023-11-22,109.39893341064453,109.62252508347723,108.87126033802801,109.18428731529852,1427200
2023-11-24,109.49732208251953,109.73879810402855,108.85337692719305,109.5152064152889,666500
2023-11-27,109.47048950195312,109.63147578685874,108.75499338604443,109.63147578685874,1387400
2023-11-28,109.10379791259766,110.0249945732626,108.95175720274509,109.434716066521,1802400
2023-11-29,108.90703582763672,109.53309664489743,108.54034900941377,108.85337600630575,1657500
2023-11-30,110.65999603271484,110.71365585180338,108.15576651527707,108.79076606057185,2741400
2023-12-01,110.937255859375,110.95514019258859,110.1054944836649,110.66894309683227,1802300
2023-12-04,111.05352783203125,111.67958870818072,110.54373901100473,110.70472531361719,1693500
2023-12-05,108.62084197998047,111.33077903709754,108.19154974957962,111.09824176526885,2001900
2023-12-06,109.51521301269531,109.53310417001931,108.3614858339556,108.91598888840909,2415600
2023-12-07,109.7138900756836,110.54471908879488,109.04562070611055,109.7138900756836,2007000
2023-12-08,108.31413269042969,109.6687366234671,107.99805292749012,109.56036582847022,1795500
2023-12-11,109.2442855834961,109.28943491096082,107.99804563968111,108.64825658604173,1337300
2023-12-12,109.96674346923828,110.02093231128671,109.14495400511517,109.47909211990518,1650700
2023-12-13,111.6374282836914,111.67355188213219,109.09077315752758,109.4158786536227,2310700
2023-12-14,109.12687683105469,111.54710251851941,108.95529837129565,111.54710251851941,2112100
2023-12-15,107.86260223388672,108.2780132960287,106.77891491145913,107.98903138802245,5048900
2023-12-18,108.90111541748047,109.34362430202127,107.9258058828848,108.16963154406585,1710100
2023-12-19,109.06367492675781,109.28041651667807,108.38637296046879,108.8198492504374,1277800
2023-12-20,107.28462982177734,108.74759759952082,107.24850622493692,108.54892126183427,1801100
2023-12-21,107.85355377197266,108.01610650197048,106.61634649977412,107.77227396203816,1369500
2023-12-22,108.55795288085938,109.00948750238688,108.0341710663183,108.12448350252103,1134000
2023-12-26,108.4495849609375,108.7295411188049,108.07933014422112,108.56698837515896,792600
2023-12-27,108.64826202392578,108.71147659743745,107.97096006921285,108.07029824042715,941800
2023-12-28,109.10882568359375,109.17204025502043,108.44958210453986,108.6753494153311,1129700
2023-12-29,109.73194885253906,109.82225440150356,109.05464690049783,109.10882885190216,1765800
2024-01-02,110.49955749511719,111.33037957796846,109.4519938246659,109.4519938246659,2347700
2024-01-03,109.93965148925781,111.32134637611922,109.54230569380462,110.92400058066602,1742500
2024-01-04,110.653076171875,111.23103995150647,109.84031245368334,110.06607977041037,2018600
2024-01-05,110.40022277832031,111.0955831131513,109.69582982125533,110.64404845966125,1394100
2024-01-08,111.26716613769531,111.32134809021143,110.28282392100228,111.03236619367229,1535700
2024-01-09,111.65547180175781,111.66450442263579,110.67112971206063,111.34843159061701,1403200
2024-01-10,111.32134246826172,111.91737147532601,110.58082596516071,111.691604164748,1899500
2024-01-11,111.81803131103516,111.99864240032424,110.8788384890148,111.57420565150775,1608400
2024-01-12,112.13411712646484,112.55856081422425,111.71870606117561,112.27861152649878,1201800
2024-01-16,111.14073181152344,112.18829544385116,110.2828187839118,112.06185941074992,2725600
2024-01-17,111.36650848388672,112.27861042802883,110.81563564642316,110.86981760096968,1822200
2024-01-18,111.1136474609375,111.38456411692202,110.3189489575621,110.50859268371286,1348000
2024-01-19,110.86981201171875,111.59227018865477,110.57180438686406,111.23104110018676,1806000
2024-01-22,110.48149108886719,111.07752011368883,110.11123627122153,110.72532364988395,1925000
2024-01-23,112.8385009765625,113.33519182417088,111.30328599465386,111.7096644046086,3656800
2024-01-24,106.59831237792969,109.28945532087522,106.35447978257277,108.1064366163495,6020600
2024-01-25,108.8108139038086,108.89209372046145,106.4899261663672,106.6976351290385,2769500
2024-01-26,109.4249038696289,109.47006008993483,108.31413250477044,108.79275812457709,2579700
2024-01-29,109.51522064208984,109.78614421194249,108.79276927227046,109.55134424406171,1823100
2024-01-30,109.90353393554688,110.02996308967188,108.29607164178128,109.58746105023434,1949800
2024-01-31,109.2442855834961,110.49051863743966,108.49473647089309,110.34603114373253,2586300
2024-02-01,111.4658432006836,111.51099942131887,108.05224237276387,109.00046099725716,1939700
2024-02-02,110.40924835205078,111.85415777300186,110.20153939316177,111.57420851046898,2485800
2024-02-05,109.2533187866211,110.58082477099188,109.16300635146794,110.26475191757027,2232500
2024-02-06,109.56940460205078,109.97578304882846,108.90112833019236,109.20817548831937,1741500
2024-02-07,109.3345947265625,110.19250776521241,108.9462746702546,110.19250776521241,1903500
2024-02-08,108.61214447021484,109.2713881076976,108.09739523158339,109.17204993095537,1985800
2024-02-09,108.19672393798828,108.79275294627188,107.56457822302526,108.44055649223941,1612700
2024-02-12,108.43152618408203,108.44055880588039,107.30268960479832,107.91677697952353,1651100
2024-02-13,107.05885314941406,109.08172616652908,106.6524678878908,108.74758809237052,1789200
2024-02-14,106.92340850830078,107.11305223808174,106.2641648753623,106.53508842640488,1590600
2024-02-15,107.27560424804688,107.31172784726061,106.60733488727307,107.14917509573486,1591000
2024-02-16,106.82406616210938,107.55555007554814,106.4989606694984,107.55555007554814,1731300
2024-02-20,107.60071563720703,108.80179953974645,107.15821357990868,107.28464273913677,2293200
2024-02-21,108.77468872070312,108.80178658577353,107.83550276107766,107.98902288045187,1301100
2024-02-22,109.31654357910156,109.50618730888743,107.12208486319061,108.15158333338368,1679800
2024-02-23,109.8493423461914,110.76144421227056,109.22622236274793,109.59648406011914,1488300
2024-02-26,109.47908782958984,110.246695311455,109.33459344295228,109.69582251967459,1413500
2024-02-27,109.44297790527344,109.72292720201735,108.8108252195688,109.2623598994125,1162600
2024-02-28,109.47908782958984,109.80418641978117,108.84693522285792,109.3526517963462,1080400
2024-02-29,109.4249038696289,110.03899126048147,108.85597269908227,109.45199484586371,3266000
2024-03-01,110.98722076416016,111.140740894933,109.27138767883217,109.93063131372755,2340800
2024-03-04,111.52001190185547,112.77527751978973,111.0594515774884,111.14072449712808,3453100
2024-03-05,111.6374282836914,112.34182122860686,111.068490220589,111.78191578758262,2359100
2024-03-06,112.71208190917969,112.86560893299459,111.30329594618186,111.59227785884481,2563600
2024-03-07,114.81875610351562,114.9555550582917,112.59351351561764,113.08598557808115,2629200
2024-03-08,114.59076690673828,115.03763702460652,113.85205529063936,114.6454837087144,2004100
2024-03-11,115.62130737304688,115.68514596201373,114.75492552879886,115.01940167105711,1261000
2024-03-12,115.55746459960938,116.36000782582948,115.1926696939151,115.44802404053586,1888400
2024-03-13,116.64273071289062,116.68832572866877,115.40243217442261,115.80370727742235,1829600
2024-03-14,113.82469940185547,116.60625286177036,113.51462823996827,116.25970151179916,2560200
2024-03-15,113.51463317871094,114.40837347305744,112.5296889312442,112.5296889312442,6511100
2024-03-18,113.29574584960938,114.34452160992512,113.25014387834177,113.45078141930496,2156000
2024-03-19,114.04356384277344,114.32627656170042,113.27749392087495,113.79732434870901,1668500
2024-03-20,113.46903228759766,114.19862217223037,113.24103631838554,113.9250242260219,1326900
2024-03-21,113.82469940185547,113.95237658120719,112.19224751399052,113.11335312892889,1799900
2024-03-22,113.93412780761719,114.52691862442443,113.76997045769956,114.2168405377428,1440400
2024-03-25,114.1621322631836,115.43891097365176,113.95237292789668,114.15301047698394,2332000
2024-03-26,114.99203491210938,115.42066841476247,114.20773523915695,114.39925100372623,2045500
2024-03-27,116.06816864013672,117.91037275111417,115.1835502484854,117.91037275111417,2416400
2024-03-28,117.96510314941406,118.53052861907061,117.08959263003423,117.54558450318115,3204100
2024-04-01,117.46350860595703,118.15661123933452,117.07134836118799,117.28111464093848,2093400
2024-04-02,116.45121765136719,118.24782691238454,116.42385924968826,117.18992232823616,2287100
2024-04-03,114.96466827392578,116.54240320883409,114.80051092207339,116.32352905899214,2100900
2024-04-04,115.3659439086914,116.09553368889596,114.97379061946114,115.56658144614185,2009200
2024-04-05,115.19266510009766,115.35682245321937,114.21684276706408,114.9737909485633,1558500
2024-04-08,114.95555877685547,115.93138114759414,114.63635888609126,114.99203200528396,1343600
2024-04-09,116.67920684814453,116.77039687653394,115.01939664958518,115.10147184986607,1884900
2024-04-10,115.96786499023438,116.27793614684148,115.3294721464623,116.02258179248638,1690700
2024-04-11,114.98291778564453,116.7065665902033,114.87347722612755,116.7065665902033,1988700
2024-04-12,112.98567199707031,115.1197176990805,112.9400700240895,114.78228118952131,2661600
2024-04-15,114.36277770996094,114.52693508347018,113.72438483169847,113.97974615773427,2340800
2024-04-16,114.25332641601562,115.11059339251872,113.90677508575548,114.71844009027625,2296000
2024-04-17,114.87346649169922,115.09234063239622,114.04356493936955,114.53603001646692,2290800
2024-04-18,114.55429077148438,115.42979442349197,113.93414148157676,115.16531827477856,2350800
2024-04-19,115.66691589355469,115.74899110206401,113.50551161697383,113.89766495936063,4795600
2024-04-22,117.58206939697266,117.68238817564965,115.67602651787897,116.28706097651637,2705600
2024-04-23,124.0662612915039,127.44972707415621,123.09956075810824,126.72926604583391,5773600
2024-04-24,125.65312957763672,126.05440468486806,122.62535053212807,123.71972833272434,3551300
2024-04-25,124.42192840576172,127.08493303197191,123.85650296983175,125.8355059113534,3024200
2024-04-26,123.3366928100586,124.67731009506333,123.32756406606387,124.25779142858657,2123900
2024-04-29,123.9659423828125,123.98418595392206,122.54324998315039,123.33668529509075,2148100
2024-04-30,124.51315307617188,125.04210537544871,122.36087064825229,123.53733759954171,2875700
2024-05-01,124.45845031738281,125.49811145997305,123.33671395937587,123.33671395937587,2105600
2024-05-02,124.48580932617188,124.91444289645406,123.82917976811284,123.92949855936548,1687200
2024-05-03,124.11187744140625,124.63171490975692,122.92629566629456,123.83827950626217,1907300
2024-05-06,124.00243377685547,124.4037088604202,122.90805604080398,124.04803574830927,1796200
2024-05-07,124.01155853271484,125.28834425679592,123.70148736723463,124.87794039662438,2614100
2024-05-08,123.9659423828125,124.65905892730144,123.55555248533572,124.51313818995983,2180700
2024-05-09,124.63169860839844,124.80497774185106,123.52819218343376,124.14834834969753,1164700
2024-05-10,124.64083099365234,125.03299128498749,124.01155991121469,124.70467654266216,1048900
2024-05-13,124.2942886352539,125.37043695161232,123.93861544505302,124.66820540119537,1194200
2024-05-14,123.2090072631836,124.79585004438017,122.6070946627041,124.28514138304024,1454900
2024-05-15,122.30612182617188,123.5646636541476,122.22404664150358,123.16338864141531,2166700
2024-05-16,122.8168716430664,123.1269428330685,122.07816690156781,122.43384007028084,1631800
2024-05-17,122.47030639648438,122.87158152127648,121.84104922253603,122.87158152127648,1418800
2024-05-20,121.8592758178711,122.4703033186233,121.65863826051736,122.45207366124131,1796400
2024-05-21,121.96871185302734,122.72566003615397,121.60391000321276,122.20582261858107,1384900
2024-05-22,122.08726501464844,122.12375215892936,121.17528122838046,121.45799397560062,1518500
2024-05-23,120.23593139648438,121.55830501933508,119.9897058092016,121.54919019172853,1568900
2024-05-24,120.32713317871094,120.94727542325587,119.83465418143858,120.58248750479027,1413900
2024-05-28,117.78270721435547,119.85291442484053,117.53648159723392,119.66140561152376,2189600
2024-05-29,116.87983703613281,117.78269201393212,116.68831433176395,117.5546960836568,1608500
2024-05-30,118.25692749023438,118.81323811694817,116.87983708052451,116.87983708052451,2681000
2024-05-31,121.56745910644531,121.89577387370167,117.95599666662544,118.25695302959129,4228800
2024-06-03,123.01749420166016,123.56469004786206,121.97783322649126,122.77125467929244,2184300
2024-06-04,125.2974624633789,126.43744229287896,123.40966310192691,123.7926946547466,3553400
2024-06-05,124.79586791992188,125.48898455882174,123.54645448619667,125.08770943435746,1593400
2024-06-06,124.9417724609375,125.18801196731192,123.94771352347776,124.86881209179813,1791200
2024-06-07,123.74553680419922,125.40186005647125,123.67192087734242,124.92336355230324,2185200
2024-06-10,124.65653228759766,125.2914574432825,122.7793610411552,123.25785759977049,1938800
2024-06-11,124.82213592529297,124.87735839772694,123.69032095442337,124.4908712946968,1910800
2024-06-12,124.39886474609375,124.92335889930945,123.35905912407415,124.92335889930945,1908700
2024-06-13,128.30039978027344,128.4108306776728,127.10417972498588,127.72989396677933,3493800
2024-06-14,128.35565185546875,128.76972920402423,127.38025124759517,127.76673841643779,1736300
2024-06-17,129.23899841308594,129.809518325781,127.17780866131683,127.47225832265435,2006600
2024-06-18,130.3616485595703,130.48127622289547,128.92617276289056,129.12861309737673,1433100
2024-06-20,128.9353485107422,130.84932060848402,128.5304679076502,129.74510971692615,1752900
2024-06-21,128.3372344970703,129.79111750935328,128.23601434935432,129.37704019262526,3481100
2024-06-24,128.54888916015625,129.80033204875275,128.29124039257505,128.78814447348506,1468500
2024-06-25,127.37105560302734,128.7237185830555,127.1594185636663,128.64090592080169,1617300
2024-06-26,128.06118774414062,128.33724398931162,126.0644029013299,126.77294398774785,1818400
2024-06-27,128.226806640625,128.5856754898252,127.44464974428526,128.08877151967005,1421900
2024-06-28,127.16860961914062,128.5212725388458,127.04899601482074,127.96917410763768,4428300
2024-07-01,126.8189468383789,129.03656528968833,126.80973607167451,128.0335745751124,2052800
2024-07-02,126.97538757324219,127.74833384701454,126.04599865855484,126.98458430002367,1726800
2024-07-03,126.54287719726562,127.02135962786997,125.88954466664615,126.65329405958948,736900
2024-07-05,127.25141143798828,127.51827092502309,125.7607275476635,126.56127792716352,1221400
2024-07-08,128.1623992919922,128.3648395888015,127.26982544900655,127.42625403457683,1348600
2024-07-09,128.30039978027344,128.84331542041855,127.48144199863161,127.98754265937671,1875300
2024-07-10,129.5518798828125,129.57028737785186,128.33725198550687,128.66851669219108,1298500
2024-07-11,129.76353454589844,130.41685320932947,129.25743372442042,129.80033549618543,1396800
2024-07-12,130.23281860351562,131.04257990685772,129.183816024552,129.93836888281257,1478800
2024-07-15,129.75430297851562,130.858527881393,129.71750203412773,130.24199622627188,1863300
2024-07-16,131.0885772705078,131.26339931385462,129.70831013138925,129.79112278994353,1917000
2024-07-17,132.091552734375,133.36138880765503,131.03333962570622,131.337000046065,2296300
2024-07-18,132.5608673095703,133.99634303407802,131.1253915850626,131.32783190937062,2316500
2024-07-19,132.16517639160156,133.63745283126866,131.89831689712517,133.49943174157576,4086100
2024-07-22,132.6344757080078,132.85532351491534,131.3922296104595,132.04556226372512,2620400
2024-07-23,125.0338134765625,129.42305321154092,124.78536144073963,128.6961186395908,5074500
2024-07-24,129.29421997070312,129.34944245106112,123.92038322841647,124.01240665487623,3581800
2024-07-25,129.80955505371094,131.493468928856,129.34025515074381,129.7451358353405,2704900
2024-07-26,130.49044799804688,131.13456982969453,129.78190696283303,130.370820357597,2064500
2024-07-29,129.6070556640625,130.3339899869109,128.65006283813585,130.10394552463234,3083100
2024-07-30,125.4938735961914,126.94775644535618,124.60129985942062,126.27601643096908,3517800
2024-07-31,124.27006530761719,125.3006603702753,123.34067636500868,125.17183598744303,3375600
2024-08-01,127.42626190185547,127.72992236581737,124.72093598728928,125.2546409808462,2497300
2024-08-02,128.9169464111328,130.83090433968937,126.51528121370872,128.93533986218267,2401700
2024-08-05,126.66253662109375,129.8463596980058,125.93560194639653,128.95378562907987,2547200
2024-08-06,127.97837829589844,129.5702825578658,127.71151877057187,127.77593798041077,2077300
2024-08-07,128.84335327148438,130.30643321443722,128.11640464318128,128.1440088654404,2392200
2024-08-08,129.97515869140625,130.01195963803778,128.04277903436295,128.04277903436295,2144200
2024-08-09,129.11940002441406,129.68069519620983,128.51207909783676,129.4966623811026,1485200
2024-08-12,127.26063537597656,128.39245051944968,126.72693038746962,128.39245051944968,2394100
2024-08-13,127.38945007324219,127.83113160091037,126.89254606891319,127.42625101688012,1777100
2024-08-14,129.57948303222656,129.78190929083016,126.54289258192905,126.9845741257241,2167100
2024-08-15,130.4628448486328,130.5824724900629,128.87094072863022,130.2512078252436,1875600
2024-08-16,131.0885772705078,131.2818068071345,130.09478324544602,130.6376849503732,1552600
2024-08-19,132.0087432861328,132.19277607968462,131.33700323050564,131.33700323050564,1311700
2024-08-20,132.72650146484375,132.84611507664565,131.7971125468498,131.7971125468498,1092500
2024-08-21,133.03933715820312,134.05152453549698,132.3676111484497,132.94731374172096,1447300
2024-08-22,133.0577392578125,133.6558493183036,132.4320109408543,133.6558493183036,1420900
2024-08-23,132.1467742919922,133.14056830074338,131.22659621434886,133.04854487665776,1252000
2024-08-26,132.6344757080078,132.70809164364366,131.75109852118172,132.01795804296216,1148400
2024-08-27,132.08236694335938,133.34302057063962,131.55787269323903,132.55166679119827,1265100
2024-08-28,132.3768310546875,133.6466814123384,131.7787208652225,132.60687559537473,1467100
2024-08-29,131.78790283203125,132.61605746943087,131.29099881694916,132.5332448138515,1879200
2024-08-30,133.1129608154297,133.1589725263435,131.98113169832226,132.02714340923606,2421700
2024-09-03,135.5882568359375,136.2047745152564,133.42583255408402,133.42583255408402,1904100
2024-09-04,136.5084228515625,136.9869053405147,135.67105743469142,135.95631039101377,1853600
2024-09-05,136.2323760986328,137.39179549747928,135.5698467162051,136.97771814366297,1788200
2024-09-06,136.30657958984375,137.44779874682217,136.1766848415492,136.2323519968946,2160600
2024-09-09,136.55709838867188,136.95606997958902,135.81485068388486,136.10247379310994,1836500
2024-09-10,135.69422912597656,137.61483116457478,135.45300003755202,136.55709845406506,1498600
2024-09-11,132.86434936523438,135.26740932072136,132.11281444272396,135.26740932072136,2350400
2024-09-12,132.10354614257812,133.36538697150198,131.45405821084196,133.0592034441749,1977100
2024-09-13,133.1612548828125,133.3189832052111,131.28704713628196,131.5375634871341,1960400
2024-09-16,133.79214477539062,134.36740496776548,133.35606660135645,133.70864405886397,1650900
2024-09-17,131.43551635742188,133.56022652427896,131.20356041897836,133.24476984578786,1851200
2024-09-18,130.95306396484375,132.10357069125217,130.21080201740185,131.28708113331916,1717300
2024-09-19,129.98812866210938,131.29634954717815,129.86750702972168,130.68399655825027,1553500
2024-09-20,130.59120178222656,130.94377936183295,129.19946606163447,129.69121155031291,5576100
2024-09-23,131.0180206298828,131.52831245467803,129.96030193822054,130.33142583942967,1776900
2024-09-24,130.8695526123047,131.7045883871249,130.25718549345365,130.46130786640398,1858500
2024-09-25,131.0087127685547,132.2612805141199,130.72108966663885,131.7509746119464,1683100
2024-09-26,131.91796875,132.39116790452053,130.23861009426687,130.2757309709768,1478700
2024-09-27,132.25198364257812,133.04063944861974,131.732404637054,131.95508742119267,1689400
2024-09-30,132.01077270507812,133.14271890431857,131.32417797780292,132.96643011235142,1962200
2024-10-01,132.13137817382812,132.79941237881323,131.24994847925416,132.07571101632377,1849600
2024-10-02,131.52830505371094,131.99221698285314,130.66543566109132,131.81594234205267,1587600
2024-10-03,129.93243408203125,131.23139585011796,129.8025393209693,131.20356226970947,1436000
2024-10-04,130.72109985351562,131.00872297784545,128.55926861399792,129.0788476976219,1593000
2024-10-07,130.61903381347656,132.3633470929685,130.42419874308854,131.5561307575293,2037100
2024-10-08,131.76025390625,132.00149715716222,130.3685181939452,130.9994457454066,1527300
2024-10-09,131.91796875,132.40044104496485,131.26849498223945,131.61179938320785,1249400
2024-10-10,130.87881469726562,132.51179354291554,130.47056998585313,131.96436677581238,1296500
2024-10-11,131.98294067382812,132.12210858624383,130.91594892539254,131.53758919662968,1384400
2024-10-14,133.17982482910156,133.39323450097527,131.88087714471698,131.9643778906843,1366600
2024-10-15,134.74783325195312,135.95400690477018,133.54165959913607,133.6066140543296,1964000
2024-10-16,135.40660095214844,135.8426792492166,133.30043706603917,134.01486532085866,1819300
2024-10-17,135.54574584960938,136.0653247985881,134.9241057386909,135.32307724716964,2537200
2024-10-18,134.9148406982422,135.17463018832652,132.79011660598735,134.39526171807353,3915400
2024-10-21,133.80148315429688,135.58290324096353,133.60663391721485,134.91486893878,2508300
2024-10-22,127.80773162841797,129.39431659516012,126.8706346638019,127.1582577837599,4180200
2024-10-23,127.0097885131836,128.5406919887838,126.46237591596571,127.05618253069466,2640900
2024-10-24,127.12113189697266,127.85412061651995,126.33249017289526,127.14896547797142,1835300
2024-10-25,125.73868560791016,127.32525638110762,125.56239682033984,126.78711687706527,2273900
2024-10-28,125.8314437866211,126.87061594219703,125.44175953732983,126.46237125509212,2036400
2024-10-29,124.80157470703125,126.04486936334625,124.70880082116564,125.03353065789685,1608800
2024-10-30,124.70880126953125,125.07065198788382,123.90158493053879,124.56034606265128,1636300
2024-10-31,124.49540710449219,125.33973027161764,124.20778395376075,124.6624227723982,3322500
2024-11-01,124.89434814453125,125.710837526483,124.45826987530393,124.90362128479305,1678200
2024-11-04,124.08716583251953,126.1283754551819,123.9758173443053,125.30261280139024,1537700
2024-11-05,125.09848022460938,125.1263138050267,123.86447291539514,124.2263236182875,1414800
2024-11-06,122.13872528076172,126.42526673497717,121.40575070315617,126.32320554999738,2235400
2024-11-07,122.70470428466797,124.19850125095397,122.56553637001679,122.72326472577761,1879900
2024-11-08,123.9665298461914,124.69023122716578,122.65829498155824,122.97375165378467,1703500
2024-11-11,123.64179229736328,124.87579962836269,123.46551767076399,123.69747361664807,1569800
2024-11-12,122.60263061523438,124.5510661668334,122.49129629484597,124.32838336858958,2525000
2024-11-13,122.64903259277344,123.87375266891421,122.43563707902692,123.87375266891421,1494800
2024-11-14,122.17582702636719,123.17787839512738,121.39645845870945,122.20367476428876,1543400
2024-11-15,124.40263366699219,125.46035237607846,122.0088462395928,122.07380070998254,3199100
2024-11-18,126.19331359863281,126.48095087724191,123.80881372540867,124.0871637049693,2038300
2024-11-19,125.82218170166016,126.78711219076393,125.15414745633171,125.92424288240387,1771300
2024-11-20,126.5273208618164,126.65721562113853,124.93146287159206,125.54382994731077,1883400
2024-11-21,127.13967895507812,128.0303959256911,126.23041570406299,126.64793353256727,1618500
2024-11-22,128.42938232421875,129.06030993704707,127.56651289424768,127.81701515345074,1977600
2024-11-25,129.09742736816406,129.66340055944508,127.91908695533895,129.04176019483648,4025000
2024-11-26,129.6448211669922,130.1458539686503,128.80051223247722,129.01390775153325,2305200
2024-11-27,129.15306091308594,130.4520226348821,128.9489385590532,129.7654279751841,1466800
2024-11-29,129.29225158691406,129.70976946346337,128.04895694106673,128.05824423980252,1213100
2024-12-02,129.48709106445312,130.26645968154259,128.38297844484234,129.67265299840756,2397100
2024-12-03,126.93556213378906,129.66336616298497,126.65721218352012,129.23656101824372,2187700
2024-12-04,126.91700744628906,126.91700744628906,125.58095310789534,126.23042691630907,2068200
2024-12-05,128.17886352539062,128.33660604376797,126.74074783549902,127.19537247650905,2201700
2024-12-06,126.11945343017578,128.96517619620303,125.90415664127688,128.35670887647208,2207200
2024-12-09,124.45320892333984,126.45644169693232,123.18012547857795,125.90415181961781,3423800
2024-12-10,124.56555938720703,125.4080350540754,123.54520997106752,123.76987681458202,2662500
2024-12-11,122.26275634765625,125.34248719252389,122.05681533611565,124.63106369676842,2094200
2024-12-12,122.52485656738281,123.47030261109106,121.79470728934987,122.62782706985433,1763100
2024-12-13,122.94610595703125,123.5920105987026,121.71982985582007,122.19723080315713,1621600
2024-12-16,122.96482849121094,124.53745341724685,122.91802111716353,123.77922252193632,2792400
2024-12-17,122.7588882446289,123.5545707576255,121.69174581421767,121.88833107301154,3378700
2024-12-18,122.03810119628906,123.57328888495825,121.69175231813752,121.98193805751919,3048400
2024-12-19,123.049072265625,123.8728363351056,122.01938146237926,122.38445612342544,3447600
2024-12-20,122.9273910522461,123.85411135297271,122.67464265950014,123.18012516138691,5579500
2024-12-23,123.03971862792969,123.11460757041183,121.80407250238216,122.5248660756182,1705200
2024-12-24,123.732421875,124.16302974260034,122.58103468558161,122.74953838459251,619600
2024-12-26,124.62169647216797,124.6965854043489,123.30180582423542,123.30180582423542,1017500
2024-12-27,123.37670135498047,124.87443722789249,122.92738202146727,123.85410225411299,1525000
2024-12-30,122.27212524414062,123.36734931393445,121.42964958540881,123.36734931393445,1415200
2024-12-31,122.665283203125,123.18013579441855,121.80408172478231,122.7682537213837,942300
2025-01-02,122.28148651123047,123.50776257953981,122.00065655061184,123.0677989740785,1390200
2025-01-03,121.46708679199219,122.90867402615764,121.2892416118345,122.28149516377361,1563000
2025-01-06,118.05972290039062,121.42029112397857,117.83505606404069,121.42029112397857,2412000
2025-01-07,119.16429901123047,119.66042573155774,118.54647598016477,118.62136491880345,1891300
2025-01-08,118.66816711425781,118.78050052407609,117.97546227488445,118.55584084624194,1820200
2025-01-10,116.50580596923828,117.94738598833425,116.16881286649883,117.22659954968762,2280000
2025-01-13,117.41381072998047,117.44189229727637,116.3560312249545,117.26403284866575,2337100
2025-01-14,118.11587524414062,118.84602454104336,117.17042203419624,117.50741511612092,1779000
2025-01-15,117.53550720214844,119.09878358280307,117.48870696768275,118.60264967648578,1484800
2025-01-16,118.55584716796875,118.72434372077966,117.0300152892358,117.32956392292157,2090400
2025-01-17,119.08942413330078,119.71660299939467,118.09717057549237,118.66817916007416,2056600
2025-01-21,118.43414306640625,120.17527875891068,118.19076472751838,119.62298176139865,1836500
2025-01-22,118.05972290039062,120.45610487856372,117.91930791312264,120.45610487856372,2125900
2025-01-23,118.91156768798828,119.4264202877378,117.7040101609603,117.94739567555128,2216900
2025-01-24,120.203369140625,120.27825808506812,118.71498172248,119.02389326195575,1785500
2025-01-27,123.01164245605469,123.62946554593026,121.52326215339563,121.99130735173665,3127600
2025-01-28,121.16754150390625,124.85573989961232,120.96160047688468,123.18950015996933,3388800
2025-01-29,121.3828353881836,122.67464465702521,121.21434597934618,121.48580589923046,1881100
2025-01-30,122.48743438720703,123.03035424889696,121.63558869629769,122.62784223357409,1871500
2025-01-31,121.66366577148438,122.70272664703697,120.68076803240402,120.83054591873358,5058300
2025-02-03,122.11298370361328,122.9180219786132,120.95224080729147,121.30794542861335,2601800
2025-02-04,121.03648376464844,122.52486397651829,120.47482384745734,121.81344046053394,2136200
2025-02-05,120.98967742919922,121.57004887396667,120.14720182978806,121.336026287063,2517200
2025-02-06,120.4654769897461,121.972583119207,120.01615759294711,121.87896836488775,2090300
2025-02-07,121.97257232666016,122.03809122200143,120.22207370430169,120.31568845033759,2248500
2025-02-10,123.03035736083984,123.14269792438098,121.44837654520106,121.81345123859559,1555700
2025-02-11,124.67788696289062,124.76213167373173,122.25341617130935,123.03035866054142,1512800
2025-02-12,125.32376861572266,125.37993174596225,123.39542496494273,124.06004105091641,1871800
2025-02-13,126.70918273925781,126.91512374658078,124.97740998229776,125.32377310385237,1872600
2025-02-14,124.19110107421875,126.39091904026026,124.14429370148504,126.3347559064217,1976400
2025-02-18,126.97130584716797,127.15852107717406,123.133329355814,123.58266304815638,2695400
2025-02-19,129.1149444580078,129.189833405457,126.5687916627662,127.13980738891088,1845200
2025-02-20,130.0885009765625,130.81865044098635,127.79508205453332,128.03846044813866,2132800
2025-02-21,131.2960205078125,131.6143020657686,129.4332099498803,130.11655187036578,2316600
2025-02-24,131.090087890625,133.37415065720725,130.67822012994762,130.67822012994762,2269700
2025-02-25,132.26956176757812,133.76729767198998,131.3147456656277,131.6517387437511,2693300
2025-02-26,130.26632690429688,132.51293786477703,129.80763752460703,131.5581217789511,1808800
2025-02-27,131.23049926757812,131.82024071755814,129.5455338987811,129.93869010423302,1711500
2025-02-28,132.93418884277344,133.88900502347,131.21178598302689,132.23212106241533,2683900
2025-03-03,134.18856811523438,134.41322067568956,132.17596513164992,132.17596513164992,1946800
2025-03-04,132.11981201171875,136.91259077967263,132.08237467667237,135.07786140664354,2530000
2025-03-05,132.57847595214844,133.7298630407792,131.50196351918393,131.73598609805387,2060700
2025-03-06,133.30862426757812,133.8515583605652,131.59557728891312,132.84993487429475,1991700
2025-03-07,136.7464141845703,138.69198624765247,132.47752601250022,132.8552988806283,2966800
2025-03-10,139.21142578125,142.09199084945857,137.49254042961994,137.61532310156198,3193800
2025-03-11,136.0852813720703,139.12640000122366,135.91528793358646,139.12640000122366,2507300
2025-03-12,132.19419860839844,135.3864328934531,131.87309020641757,133.64864010691383,2099400
2025-03-13,132.35475158691406,133.9130827788667,131.8825282667936,131.93919275943014,1805000
2025-03-14,131.88250732421875,132.4775132246411,131.11750797288133,131.40084480218292,1324100
2025-03-17,132.1375274658203,132.64752228970764,131.12696268494844,131.9580803057693,1469900
2025-03-18,131.7786102294922,133.1669476450635,131.0891683654474,132.11861152332818,1661900
2025-03-19,131.8919677734375,132.1469724018552,130.72086316062388,131.6275238666014,1716800
2025-03-20,131.35362243652344,131.9391746615979,129.42694348448796,131.599173341304,1665400
2025-03-21,130.96640014648438,132.49639893176195,129.8047349358518,131.35362668706543,7442700
2025-03-24,130.16363525390625,131.46696174156924,129.4836325598598,130.6264048574162,1979700
2025-03-25,129.37974548339844,130.10695899255367,128.43529887930035,130.09751971451286,1801000
2025-03-26,131.8541717529297,132.15638712840624,129.61583823907628,129.64417048018004,2209900
2025-03-27,132.7514190673828,133.20474942512226,131.74086864376446,132.8269765288581,1052600
2025-03-28,132.89308166503906,134.67808508520216,132.24141123351572,134.1964081169749,1227300
2025-03-31,134.31918334960938,134.8102995682548,133.2330756312364,133.42196205037388,1974100
2025-04-01,135.08419799804688,135.53752833748953,134.1303121062565,134.9236438030591,1725400
2025-04-02,134.96142578125,135.76421122948685,133.69587067958653,135.02754396666109,1845500
2025-04-03,137.1525115966797,138.94695404765554,136.41584453481727,136.94473222937398,2384900
2025-04-04,130.24862670898438,138.83364235948602,130.00306138374114,137.7192023517566,2554900
2025-04-07,127.06582641601562,130.42806807846546,125.99861166513709,127.66083232560004,2827200
2025-04-08,125.8758316040039,129.0869440221336,124.89361355963457,129.00194729361428,2543100
2025-04-09,127.64195251464844,130.00306901999608,124.21362114843949,124.52529025647875,2436400
2025-04-10,129.8519744873047,131.12696881215578,127.3114107049457,127.84029852068649,2281800
2025-04-11,131.99583435058594,132.902509308797,128.41638854600163,129.11528412652078,1721600
2025-04-14,134.64028930664062,134.9236261358584,130.9380607952283,132.0619544240893,1676800
2025-04-15,133.61085510253906,135.11252166422977,133.51640468272637,134.3286292953389,1855700
2025-04-16,131.93917846679688,134.71585359409292,131.6369630684363,134.25306960250674,2004900
2025-04-17,134.8764190673828,135.47142504764588,132.43030578803067,132.6286315073772,2108300
2025-04-21,132.2886199951172,135.52806437254318,130.9758256066,135.48083916824035,2615600
2025-04-22,130.25807189941406,130.6925236714894,125.61139640823235,125.68695386472855,3834600
2025-04-23,125.98914337158203,128.98305112652977,123.83580674313534,127.99137952921946,4583400
2025-04-24,124.98806762695312,125.91363573050359,124.3363971252474,125.6208451603321,2709000
2025-04-25,124.29861450195312,125.82861334423333,122.62694002653998,125.57362314459402,2627000
2025-04-28,123.62804412841797,124.66694106843235,123.40138618594959,124.41193647204514,1746400
2025-04-29,123.29749298095703,123.78860919417076,121.10637019208798,122.90082718182244,1964200
2025-04-30,124.45915985107422,124.66693923602305,121.98471460809625,124.28916639672155,2928800
2025-05-01,122.65526580810547,123.72249499480681,121.36137867811203,123.1086105169103,1965600
2025-05-02,123.10861206054688,124.28917023369708,122.07915438111591,123.12749061531771,2258400
2025-05-05,123.62804412841797,124.24194301519384,123.00472037551963,123.94916689876533,1459500
2025-05-06,125.39417266845703,125.9513926751341,122.55137932554223,123.29750017139384,3014000
2025-05-07,126.16862487792969,126.96195660754586,124.95029503681286,125.13918148513402,2953500
2025-05-08,126.12137603759766,127.38694526761446,125.67749945219191,126.32915541516267,2165900
2025-05-09,125.65860748291016,127.01861272461397,125.46026738053266,125.78137572618226,1864200
2025-05-12,129.07749938964844,129.19082835630564,124.67637531040367,125.04470886314932,3112800
2025-05-13,126.58415985107422,128.59583545373903,125.35637655174307,128.3408308704595,3058800
2025-05-14,126.09306335449219,126.70696230565045,125.21473491309227,126.16862081360912,2139300
2025-05-15,129.71974182128906,129.83307079784294,126.22527799236153,126.99029181743295,2625800
2025-05-16,131.34417724609375,131.60862110429332,129.4269376574827,130.01250426730414,2310000
2025-05-19,132.96861267089844,135.30139661346766,131.8919442674903,133.26140318303243,3259500
2025-05-20,133.76199340820312,133.85642943342435,132.55310276091066,132.94031496321023,2421600
2025-05-21,133.2330780029297,134.46084695473385,132.84585146958332,133.04417716931957,2475800
2025-05-22,131.98641967773438,132.6758616989002,130.6453071606107,132.6758616989002,2743800
2025-05-23,133.68641662597656,133.7808526375534,130.39029286527642,132.3075182747317,2582900
2025-05-27,134.91419982910156,135.1314185075702,133.30862911288386,133.77141312546686,2594100
2025-05-28,134.75363159179688,135.8775253317341,134.39475168968815,135.02752917118406,1748600
2025-05-29,135.8491973876953,136.29308844880026,133.71475322980578,134.31919848582567,1716200
2025-05-30,135.7736358642578,136.2175269120727,135.1125261370158,135.1125261370158,3382800
2025-06-02,133.8091583251953,135.6225080853561,133.29916361278705,135.6225080853561,2048300
2025-06-03,131.7502899169922,133.1858526666108,131.71251839697263,133.11029521546138,1937300
2025-06-04,130.73973083496094,132.59085243984234,130.59806961491606,131.69363108696606,2047300
2025-06-05,127.78362274169922,129.27585003923633,125.81917216308497,129.1530673746008,3515400
2025-06-06,127.31649017333984,128.44140610353637,127.0304899133751,127.89801870152309,2576800
2025-06-09,126.49663543701172,127.98381939074781,126.44896630073494,127.31649512260701,2008100
2025-06-10,126.83028411865234,127.5357494800757,126.01042447300043,126.32502330120636,1891800
2025-06-11,126.649169921875,127.38321933813563,126.20110622801309,126.80169079162833,1680000
2025-06-12,127.64060974121094,127.66920831092041,126.33455990255649,127.02095466873698,1551700
2025-06-13,124.73297882080078,127.74548784626454,124.47559166957208,127.51668472081658,1837800
2025-06-16,124.57091522216797,125.67677517376299,124.3230560798772,124.9713097812121,1989200
2025-06-17,122.912109375,124.25630028620364,122.77864453927187,124.21817371024251,2883000
2025-06-18,121.9874038696289,123.14092565812162,121.7967418762523,122.83586937803459,3088900
2025-06-20,122.30199432373047,122.81679770242033,121.77767021004901,121.9874027648371,5306900
2025-06-23,124.05611419677734,124.38976902327433,122.15899332189154,122.32105673131748,3205900
2025-06-24,123.88451385498047,124.24678181400547,123.40785161271693,123.874985846903,2760900
2025-06-25,122.16853332519531,123.69385839962146,121.79674461174741,123.61759069124236,1820300
2025-06-26,120.91967010498047,122.55938932756338,120.40488130094943,122.33060076869481,2369300
2025-06-27,121.92066955566406,122.53079665296288,120.95780977546582,120.95780977546582,1950900
2025-06-30,122.90259552001953,123.25532093793714,121.72047515032452,121.90160913679391,2172600
2025-07-01,125.467041015625,126.30597125051402,123.26486369561913,123.59851855062067,2829800
2025-07-02,126.18203735351562,126.29643164400649,124.79971967263107,125.58143823528226,2137900
2025-07-03,125.9532241821289,126.53475269004853,125.3144985335249,126.53475269004853,1016000
2025-07-07,125.50516510009766,126.75403241913567,125.07617198272551,126.05809505786213,2158100
2025-07-08,125.26683044433594,125.91509865283926,124.28490739686838,125.12383759143371,1620500
2025-07-09,125.3526382446289,125.93416674599001,124.18958124190671,125.39076482246284,1448400
2025-07-10,125.7911605834961,126.87794989463646,124.38024444456825,125.29542778733015,1959200
2025-07-11,123.34113311767578,125.7911696108777,123.1790696921516,125.7911696108777,1847100
2025-07-14,121.5107421875,123.33158823471007,119.30856487844466,123.20766593904699,3283800
2025-07-15,120.83387756347656,121.93020216762538,120.30954619136104,121.49167378062356,2226500
2025-07-16,121.67279815673828,121.7300025701487,120.43348072326826,120.96734009317606,2022200
2025-07-17,121.93973541259766,122.49266534608793,120.37627660365898,121.0722066610917,1942700
2025-07-18,121.57747650146484,122.58799817875716,121.15801137959001,122.3878081729574,3787100
2025-07-21,120.7957534790039,121.89207817180055,120.63369005025974,121.33914818436723,2115100
2025-07-22,122.87399291992188,123.1123240423941,120.6241465419209,120.85294238297341,2040700
2025-07-23,121.76813507080078,123.29345273454041,121.51073339652977,122.82631851776364,1947500
2025-07-24,121.7872085571289,122.10180739722982,121.2438138666314,121.7872085571289,1573400
2025-07-25,121.43447875976562,122.30200031957801,120.73855591016623,121.95881017244116,1549400
2025-07-28,120.93875122070312,121.56794163236262,120.46208895269571,120.91015264834891,1911800
2025-07-29,121.95880126953125,122.56893562941843,120.61461025877307,120.94827964609392,1995900
2025-07-30,119.44203186035156,122.616597034133,119.07023587357274,122.1113361943202,2123300
2025-07-31,118.80330657958984,120.04262411538828,118.56497544501833,119.26089828492529,4597500
2025-08-01,124.54231262207031,128.2126177811418,122.483128202229,126.49663076460736,5425900
2025-08-04,126.92560577392578,127.56433135489809,125.06662616563693,125.22868956260822,3226000
2025-08-05,127.94569396972656,128.17448255140462,126.02950231870382,126.8589045670213,2860300
2025-08-06,130.30038452148438,130.51011707334962,127.87894671346393,128.33653839636202,3327300
2025-08-07,130.3861846923828,131.04398086810104,129.34705002160814,130.71031150324868,2473200
2025-08-08,129.80467224121094,130.88191907462263,129.3184674183097,130.17646822818236,1654000
2025-08-11,127.88848876953125,129.99534252775865,127.58343246294936,129.9667439535972,2544700
2025-08-12,127.40228271484375,128.18401576950922,125.47656319538382,127.8884729620727,3181100
2025-08-13,128.51766967773438,128.7941419205574,126.91609154794303,127.47854949495948,1849500
2025-08-14,127.16395568847656,128.03148448294635,126.78263170346314,127.68828707780324,1527500
2025-08-15,126.7349624633789,127.75501212305988,126.3631664869976,127.6501458452817,2123800
2025-08-18,125.20011138916016,126.73496445351888,124.49464600515813,126.73496445351888,2566400
2025-08-19,126.74449157714844,127.2020832720909,124.98084994932253,125.21918107848097,2288400
2025-08-20,127.0400161743164,129.8141939286366,126.94469245335758,127.49762240259707,1678900
2025-08-21,126.76355743408203,126.84935314621502,126.05809208119736,126.3059657561289,1512700
2025-08-22,127.25929260253906,128.1077508247477,126.48708753925884,127.56434887798504,1842600
2025-08-25,124.64718627929688,127.68829395459613,124.52324943153285,127.26882882054404,1721500
2025-08-26,123.75104522705078,125.10476420811895,123.35065070137513,124.31350316455394,3165300
2025-08-27,124.13239288330078,124.26585773502643,123.55086434080091,123.55086434080091,1411900
2025-08-28,122.71192932128906,124.26585289242148,122.04460508866626,124.13238804589692,1757400
2025-08-29,123.11231994628906,123.76058814206502,122.54986200714684,122.6737842950368,1785600
2025-09-02,122.82632446289062,123.9703109477453,122.0636619574617,123.31252926522247,2027300
2025-09-03,122.02554321289062,123.28393860963115,121.16754965751716,122.82633234904642,2562900
2025-09-04,123.14092254638672,123.36972566060344,121.87299922993479,122.50219688409781,2049200
2025-09-05,125.04710388183594,125.73063828573883,123.22757234650197,123.39123220324011,2187000
2025-09-08,124.94120025634766,125.27815651371868,123.00614029502394,124.42134041712437,2916800
2025-09-09,126.08683013916016,126.62594838296141,124.56573812850922,125.10485637231048,2325500
2025-09-10,123.23719787597656,125.95206246108434,122.27448978333469,125.38406387848268,2279100
2025-09-11,124.64276885986328,125.17226528842674,123.1024256289549,123.46825485100318,1745000
2025-09-12,123.21794128417969,125.02784358164388,123.17943178700781,124.094008473799,1442300
2025-09-15,120.79190826416016,123.01577859550154,120.38756953935916,122.669200447119,3077600
2025-09-16,120.37793731689453,121.35990381612257,119.83881903064665,120.72451545660697,2084500
2025-09-17,120.90742492675781,122.24560610522082,120.6474949975921,120.6474949975921,2304400
2025-09-18,120.83041381835938,121.70648102682499,119.74254069842429,120.06986775895894,1821900
2025-09-19,119.97360229492188,121.83164341142785,119.60776572233421,121.41767547319276,6928100
2025-09-22,119.44409942626953,120.46457540024953,119.18416949994965,119.79067755798644,2683800
2025-09-23,119.20342254638672,119.79067953789462,118.00965748681763,119.49224010923628,2452100
2025-09-24,119.30931854248047,119.90620472828708,118.42362214671752,118.55840171368425,1459900
2025-09-25,117.18171691894531,119.85806449307901,116.50781174776594,119.6847754313398,4024700
2025-09-26,117.6727066040039,118.32735336996952,116.96029191946724,117.2779897643334,2292600
2025-09-29,118.08667755126953,118.24070819989666,116.84477377167771,118.01928042038391,2851200
2025-09-30,119.70402526855469,120.06023259870396,117.62456389413543,117.94226172819272,2044300
2025-10-01,118.63542175292969,120.64749340961508,118.4525034768908,120.16613571051114,1921500
2025-10-02,118.04816436767578,118.64504321175937,117.52829717303372,118.63542134616391,1695900
2025-10-03,118.00965881347656,118.77982674817402,117.22023245707356,117.76897995670814,1898200
2025-10-06,116.04571533203125,117.63419721286137,115.9590671265642,117.45127893626974,2143300
2025-10-07,117.76898193359375,118.20220094507465,115.16964582990053,116.04572040881267,2254600
2025-10-08,115.16963958740234,117.62456677255977,115.08299872777671,117.62456677255977,1802600
2025-10-09,115.09263610839844,115.80504349176711,114.90971782073424,115.1600258967585,1851300
2025-10-10,115.11187744140625,116.21900159497547,114.91933730380093,115.71838548530492,1855200
2025-10-13,114.82305908203125,115.05411605945417,113.77370285307651,115.05411605945417,1968400
2025-10-14,115.68951416015625,116.11311130962119,114.64977970870741,115.1407666460476,1708600
2025-10-15,115.44883728027344,116.70037032795415,115.17927812414186,115.718396436405,2704800
2025-10-16,115.23703002929688,116.82551190259474,114.92896139619766,115.9975760739652,2337200
2025-10-17,116.91216278076172,116.96029414472846,115.41032173324595,115.63174951128735,2076700
2025-10-20,116.19974517822266,117.3453788480575,116.12273352881365,116.98917150791556,1547700
2025-10-21,115.57398986816406,116.51744687279746,115.47771244958301,116.29602643790702,1876200
2025-10-22,115.72801971435547,117.44165198613715,115.08300214597666,115.64137885215642,1924100
2025-10-23,114.33208465576172,115.88205706033771,113.10943196646974,115.86279863888824,2687900
2025-10-24,114.4957504272461,115.4488366800234,113.78334304046865,114.51500150475421,2423700
2025-10-27,116.12273406982422,116.32490342221892,114.04326528244616,114.4187237004557,3924400
2025-10-28,116.16124725341797,117.44165319255,115.12151282673418,115.65100190601764,3297100
2025-10-29,112.3681411743164,115.64137495993332,111.9252929775764,115.28516762247622,4365200
2025-10-30,115.72801971435547,118.50063747876152,115.00598314962033,116.19974821340041,4659700
2025-10-31,115.24665832519531,115.61248752880486,113.74482466887284,114.70754005778427,4396700
2025-11-03,98.45690155029297,102.44255009699282,98.38951176552635,100.7866784199438,36751500
2025-11-04,96.8876724243164,98.91900240435093,95.88644757698232,98.37025494758406,15963800
2025-11-05,96.3196792602539,97.64822387569473,95.52062371088772,96.81065882871546,12418400
2025-11-06,97.01283264160156,97.95629701414849,95.88645732815472,96.38707347519953,9007400
2025-11-07,99.97799682617188,100.68078232809741,96.75290157596038,97.02246072356932,10218700
2025-11-10,99.24632263183594,99.99724678007392,97.82150801657832,99.93947886409543,7028800
2025-11-11,99.18856811523438,99.90097546634833,98.77460019264065,99.5255170417791,4520900
2025-11-12,100.23793029785156,101.36430555537818,99.61216381758045,99.92023245241514,6539800
2025-11-13,100.55561828613281,101.75901250853717,100.41121685539265,101.10436575775178,5312400
2025-11-14,100.14165496826172,101.90342595336952,99.79508417367019,101.09474852442968,5752400
2025-11-17,99.79508209228516,101.93230411488064,98.67832870044758,100.016502521571,9323800
2025-11-18,99.4003677368164,100.70966130380178,98.19697345428835,100.45935323645392,6676300
2025-11-19,98.55317687988281,99.4870046361762,97.9659199058097,99.30409370707518,5856900
2025-11-20,99.891357421875,100.33420564869427,98.4184039545349,98.78423318235882,5332000
2025-11-21,101.25840759277344,101.8552937939513,99.73731547505083,100.31494325477433,5876200
2025-11-24,101.1139907836914,101.59534845273302,99.8817163261345,101.2102608485127,6826000
2025-11-25,102.05746459960938,102.32702374431445,101.1332586699338,101.40281781463887,4303900
2025-11-26,104.25245666503906,105.7061590469818,102.17298777339096,102.43292505731496,7267300
2025-11-28,105.05150604248047,105.27292646910405,103.64594245391743,104.3776008622529,2756400
2025-12-01,104.49313354492188,105.92757747754806,104.26208389854419,104.93598176086903,5934900
2025-12-02,102.96240997314453,104.63754007183339,102.3847821971885,104.32947143499446,7354300
2025-12-03,102.17298889160156,103.49191171295763,101.38356251000714,103.3860124250053,6852000
2025-12-04,101.02735137939453,103.00091344384067,100.9695834637242,102.29813535011304,5654100
2025-12-05,100.32577514648438,101.95304653617414,100.2770588532931,100.87144520908764,5449000
2025-12-08,99.24417877197266,100.16987759916633,99.03955248828498,100.11140763654313,5917400
2025-12-09,100.257568359375,100.31603088603252,99.11750448437046,99.42931701687249,4269300
2025-12-10,100.50117492675781,101.46584381441153,100.16987735422522,100.51092115953742,7243100
2025-12-11,100.80323791503906,101.71919047702124,99.97498657678995,100.65708159914585,5513300
2025-12-12,100.51091766357422,101.48533275011552,100.39398517687829,100.87144648770833,4961600
2025-12-15,100.16986846923828,100.9006797447409,99.47802725300268,100.57912099931254,7624200
2025-12-16,99.9165267944336,100.63759189803216,99.3123867467607,100.3647568552758,5696400
2025-12-17,100.3062973022461,101.14429492082142,99.57548594424651,99.60471720909489,6576200
2025-12-18,98.91287231445312,100.04318988961397,98.66926855562917,100.03345109188267,7977900
2025-12-19,98.07488250732422,99.02980515391117,97.65588371180621,98.94211136224796,7700200
2025-12-22,97.22714233398438,98.01641622537588,97.05174730987542,97.70460367520413,4804300
2025-12-23,97.54869842529297,97.99692848915828,97.05174463166512,97.1491846569928,3689200
2025-12-24,98.49388122558594,98.54259752062818,97.49997364899849,97.5292049128633,1200100
2025-12-26,98.41592407226562,99.14673538963393,98.12359657163944,98.58157285332847,2673500
2025-12-29,98.44515991210938,98.92262124674485,98.18207109667279,98.41592864752725,3202600
2025-12-30,98.97134399414062,99.12725398262668,97.94820513874379,98.2210476185944,3115500
2025-12-31,98.30873107910156,99.05903480998738,98.28924604968742,98.72772983637378,2808100
2026-01-02,98.80569458007812,99.37085713345786,97.69486193885442,98.60106829713664,4347900
2026-01-05,95.5608901977539,98.63029930220972,95.15163763294576,98.63029930220972,9673200
2026-01-06,95.14188385009766,96.01885887237688,95.07367509470909,95.59986010807663,5526500
2026-01-07,95.06393432617188,95.61935063316966,93.7971991626983,95.03470306278207,5871000
2026-01-08,96.34042358398438,97.04199621104513,94.81059217481796,94.99572598850747,5797700
2026-01-09,95.41472625732422,96.55479015743663,95.1808687113467,96.17476885739916,7054600
2026-01-12,95.75576782226562,97.28559921937723,95.2783065087485,95.37574653111159,7202200
2026-01-13,96.2040023803711,96.88608995036219,95.30753487298672,95.98962987717476,6483900
2026-01-14,96.6132583618164,96.98353342239388,95.93116333334565,96.0578420538516,5552300
2026-01-15,97.84102630615234,98.58157644880637,96.1260536039375,96.4865824424356,5939100
2026-01-16,96.7789077758789,97.6948603520517,96.03835021569243,97.5389503670873,6728900
2026-01-20,98.88365173339844,98.94211426288783,95.77526505612154,96.57428517399929,9043800
2026-01-21,97.46099853515625,99.18571748731884,96.89584340682605,98.83492744397044,6802300
2026-01-22,99.57548522949219,99.83857404543666,96.7789111099765,97.1004698893956,6491800
2026-01-23,99.61446380615234,99.88729885799766,98.86415997938015,99.57548630814622,4246600
2026-01-26,98.55233764648438,100.33551897371548,97.65587758392553,99.68266267386481,8808700
2026-01-27,98.06513214111328,100.4621923234352,97.58767083794514,99.87754476773179,9529400
2026-01-28,96.99327850341797,98.70825113548456,95.8726996682461,98.26001365405811,6778900
2026-01-29,96.13579559326172,97.3538144462017,95.52190933349382,97.14918073681433,8043900
2026-01-30,97.4317626953125,97.82153021786306,95.63884249945598,96.6035113562658,10270500
2026-02-02,96.95429992675781,98.07487874943412,96.1065561355094,97.8702524758632,6355500
2026-02-03,98.19181060791016,98.94211443055069,96.23324152472111,96.53530783985823,5877500
2026-02-04,100.56938171386719,101.3099392724363,98.63029774384003,98.6497827748194,8049900
2026-02-05,101.59252166748047,102.11870672010964,99.53650518624688,101.30994039287235,7461100
2026-02-06,101.66072845458984,102.35256227863658,101.00787212637356,101.33916968963656,5233200
2026-02-09,102.02125549316406,102.29409795919537,100.96889286097435,101.53404795511801,3899500
2026-02-10,103.17107391357422,104.15523530149433,102.11871119638388,102.40128504918103,6336000
2026-02-11,104.84706115722656,105.07117989675037,101.84586092558689,102.88848476417765,5644900
2026-02-12,105.49018096923828,107.94570375395458,104.53525089872807,104.70089968177459,6670600
2026-02-13,106.61076354980469,107.00052365666984,105.20760337565811,105.90918346273139,5233700
2026-02-17,104.76910400390625,107.30258910783817,104.46703771418078,106.90307536473307,4213900
2026-02-18,107.08821868896484,107.86774629179237,104.53524850519649,104.76910604262505,5742700
2026-02-19,105.89942932128906,107.50721566173048,105.04194674234554,106.76665813243562,4063100
2026-02-20,106.23072814941406,106.80563690914325,105.61684932879884,105.9968706131126,4872800
2026-02-23,107.6826171875,107.97493726351017,105.37325067261287,105.850712000701,5238300
2026-02-24,108.26725769042969,108.55958518151199,107.11744762460785,107.62414018372736,3907300
2026-02-25,106.4158706665039,108.26726081703123,105.43170934791569,107.95544828683063,5370000
2026-02-26,107.55593872070312,107.77031123747443,106.52306106811129,106.97129113308883,5375200
2026-02-27,108.58881378173828,108.95908881839463,107.19539998557288,107.67286127071863,4413000
2026-03-02,106.93230438232422,107.94569691578427,106.6010068372183,107.84825689864705,3075100
2026-03-03,101.96279907226562,106.35741341013083,101.53405403417219,106.2599733835271,6364400
2026-03-04,102.05049896240234,102.79104910224112,100.77401009777472,102.29410274281712,5415800
2026-03-05,102.22589111328125,102.35256239923156,100.37450094723825,101.495079792543,6272000
2026-03-06,103.16301727294922,103.39976333655633,100.31217531719221,101.60442334165724,5063200
2026-03-09,101.45645904541016,102.17657141084086,100.53905953861262,102.15683818109098,5291500
2026-03-10,100.33190155029297,101.63401619604699,99.65124814705051,101.48604708325232,4168800
2026-03-11,98.68453216552734,100.33190308227506,97.96441981947602,100.33190308227506,4245200
2026-03-12,96.49461364746094,99.31586344084013,96.40583669099462,98.15185123569752,5602600
2026-03-13,97.50078582763672,98.42805191538213,97.34295762552233,97.54024475967074,3651100
2026-03-16,98.90155029296875,99.01006047315167,97.6388945883184,98.20117119198368,3407100
2026-03-17,99.11857604980469,100.32203965968175,98.90155567762326,99.42437337823011,3465000
2026-03-18,97.38241577148438,98.09266149032035,96.49460862293938,98.09266149032035,4352500
2026-03-19,97.24431610107422,97.90523629297803,96.22827303942647,97.1358059172068,5110000
2026-03-20,96.86946105957031,98.25049362076219,96.47488677867719,97.58957342164203,13109700
2026-03-23,98.10252380371094,99.27640260126674,97.22458324073924,98.33927740178699,5634500
2026-03-24,97.57970428466797,98.81276769564292,96.49460998821438,97.24431464937325,5254100
2026-03-25,98.01374816894531,98.349137815037,96.72150008097012,98.349137815037,3455400
2026-03-26,97.51065063476562,99.45395972679697,97.23444564166867,97.81645547085577,2999200
2026-03-27,97.32323455810547,98.36886994424785,97.0766218707306,97.51065508281543,3251900
2026-03-30,95.04452514648438,97.75726462019631,94.82750478442395,97.62902873626138,6363600
2026-03-31,95.16290283203125,95.35033087847675,93.25905262799687,95.03465942087516,5900300
2026-04-01,96.24800109863281,96.69190093366676,94.55130457411016,94.87683513368017,4287500
2026-04-02,94.82750701904297,96.08030367463344,94.38360719602007,95.85341669276319,4644200
2026-04-06,95.67585754394531,95.89287791630423,94.25537356072503,94.82750928437247,3897600
2026-04-07,91.78924560546875,95.3306001973443,91.16777681423233,95.14317214588925,7849100
2026-04-08,95.68572235107422,95.76464021699047,93.26892103405895,93.68322854108638,7469500
2026-04-09,96.6327133178711,97.47119493932908,94.41319915905896,94.87683220972988,7145100
2026-04-10,95.96192932128906,97.3330952840755,95.6265396733083,96.63271614327266,3259000
2026-04-13,95.2911376953125,95.88300661992504,94.15671786629248,95.26154537798513,4792800
2026-04-14,95.84355926513672,96.41569498503202,94.31455757974231,94.61049581756768,3578300
2026-04-15,95.498291015625,96.17894441519795,94.57103246408603,96.17894441519795,3043800
2026-04-16,96.642578125,97.05688562065079,95.18262774972644,95.18262774972644,4022500
2026-04-17,97.50078582763672,98.67466459607851,96.52420171936508,96.64257851546718,4075200
2026-04-20,97.2048568725586,98.0433384967841,96.77081613840906,97.27390812335312,3698700
2026-04-21,95.2911376953125,97.20485449338068,94.86696358623621,97.03715967784443,4557800
2026-04-22,95.4391098022461,96.2282734105029,94.7091383565228,95.2911406849452,3876700
2026-04-23,96.60311889648438,96.72149569174469,95.14316852569391,95.18262745744734,3292400
2026-04-24,96.52420043945312,97.86577400673399,96.12961865036671,97.25417185734894,3386700
2026-04-27,96.91878509521484,97.80659226541356,96.08030347236901,96.32691615708966,7024600
2026-04-28,97.10620880126953,99.07911019080514,96.1789427398609,98.14197751516281,6637600
2026-04-29,94.79791259765625,97.38241619099384,93.66349276551861,97.02729333004602,5381300
2026-04-30,97.09634399414062,97.42187453571778,95.02479900177806,95.07411702182142,5903200
2026-05-01,96.34664154052734,97.81645855531806,95.54761885301235,97.69808175767731,4872400
2026-05-04,94.35401153564453,95.77449543461302,93.91997081667053,95.39964687569469,4366800
2026-05-05,95.88301086425781,96.35651054052067,93.38729164555193,94.3540167018285,4259900
2026-05-06,97.84605407714844,98.42805641772371,96.24800112376909,96.62284970620628,3872900
2026-05-07,98.21102905273438,99.12842850261801,96.62284282738719,97.96441637831427,4621200
2026-05-08,96.97796630859375,98.74371397199798,96.87932274339127,98.45764236469569,3181500
2026-05-11,94.4526596069336,97.047022378153,94.00875977845863,96.93851219323298,5169000
2026-05-12,96.02111053466797,96.44528465000182,94.0284833696715,94.9458828504623,5347800
2026-05-13,95.72518157958984,96.87932714959629,95.1037203171299,95.83369176405424,4302600
2026-05-14,95.36019134521484,96.52420352086752,95.02480170569856,96.32691638303699,3366300
2026-05-15,94.6104965209961,96.67217500816953,94.20604809469582,96.29732642668947,4829200
2026-05-18,95.2319564819336,96.64258135804904,94.6006286028631,94.69927217283873,4677200
2026-05-19,95.16290283203125,96.59325337568502,94.20604442273631,95.47856676361107,4769100
2026-05-20,96.228271484375,96.48474325480622,94.40333161756232,94.96560823123349,3073000
2026-05-21,97.39228057861328,97.707944500458,94.482246508274,95.80409435513853,3391500
2026-05-22,97.79672241210938,98.43791687635368,97.46133278448653,97.55997634990374,2265500
2026-05-26,97.43173217773438,98.44778271903017,97.37254754415228,97.8460471908737,3850500
2026-05-27,98.8226318359375,100.57851288503932,98.23076291869285,98.23076291869285,5012400
2026-05-28,98.78317260742188,99.43423368264713,98.1321190582182,98.83249815288617,3231300
2026-05-29,96.277587890625,99.17775538935909,95.82382146667709,98.89168378003987,8724900
2026-06-01,96.62284851074219,97.18512514045227,95.85341812545704,96.2677256366072,4636400
2026-06-02,96.16908264160156,97.42187932341247,95.05439599035566,97.01743089866378,4639800
2026-06-03,93.47607421875,96.59325464325393,93.17026937169089,96.04084463724556,6698100
2026-06-04,93.19000244140625,95.29113980439286,92.05558258727811,94.37374031683102,6081100
2026-06-05,99.04000091552734,99.62000274658203,93.94999694824219,94.0,6361000
2026-06-08,97.75,99.23999786376953,97.38999938964844,97.80000305175781,3816500
2026-06-09,100.5199966430664,100.5999984741211,97.25,98.41000366210938,3724500
2026-06-10,101.58000183105469,102.08000183105469,100.22000122070312,100.80000305175781,3393900
2026-06-11,101.54000091552734,102.5999984741211,101.23999786376953,101.55999755859375,3247500
2026-06-12,102.29000091552734,103.22000122070312,101.0999984741211,102.0,3489400
2026-06-15,103.13999938964844,104.06999969482422,102.20999908447266,102.5,4456800
2026-06-16,104.27999877929688,104.94000244140625,103.4800033569336,103.7699966430664,3039400
2026-06-17,101.47000122070312,105.01000213623047,101.19999694824219,104.12000274658203,4038200
2026-06-18,102.55999755859375,103.22000122070312,101.63999938964844,102.19000244140625,8851300
2026-06-22,100.5,103.18000030517578,100.41000366210938,102.0,3600500
2026-06-23,103.94999694824219,104.19999694824219,101.26000213623047,101.91999816894531,4012400
2026-06-24,106.7300033569336,107.69999694824219,104.44000244140625,104.80999755859375,8327800
2026-06-25,108.0999984741211,109.12999725341797,106.58000183105469,106.58000183105469,4947600
2026-06-26,109.37000274658203,109.91000366210938,108.41000366210938,108.94999694824219,12507600
2026-06-29,109.91000366210938,110.16000366210938,108.06999969482422,109.0199966430664,4445400
2026-06-30,109.7699966430664,110.16999816894531,108.45999908447266,109.5999984741211,4281300
2026-07-01,111.44000244140625,111.75,109.44000244140625,110.05000305175781,4782100
2026-07-02,114.72000122070312,115.0199966430664,111.94999694824219,112.0,4662600
2026-07-06,113.01000213623047,114.62000274658203,111.0999984741211,114.48999786376953,3755500
2026-07-07,114.73999786376953,116.81999969482422,114.5,114.93000030517578,3325600
2026-07-08,110.9800033569336,113.88999938964844,110.95999908447266,113.88999938964844,3999800
2026-07-09,109.93000030517578,110.9000015258789,109.41999816894531,110.66000366210938,4158500
2026-07-10,112.41000366210938,113.12000274658203,110.12999725341797,110.63999938964844,3342900
2026-07-13,110.18000030517578,114.91000366210938,108.75,113.01000213623047,7140600
2026-07-14,106.81999969482422,110.22000122070312,106.55000305175781,109.80000305175781,4164300
2026-07-15,106.52999877929688,108.81999969482422,105.98999786376953,106.80999755859375,4027000
2026-07-16,108.98999786376953,109.37999725341797,106.7300033569336,106.7300033569336,3333500
2026-07-17,108.3499984741211,111.18000030517578,107.73999786376953,110.26000213623047,3436700
2026-07-20,108.4800033569336,108.79000091552734,107.62999725341797,108.0,2513900
2026-07-21,108.05000305175781,108.43000030517578,106.97000122070312,108.16999816894531,2319700
2026-07-22,108.87999725341797,109.5999984741211,108.4800033569336,109.0,2291700
2026-07-23,107.30999755859375,107.83000183105469,106.5199966430664,107.2300033569336,2763100
