Date,Close,High,Low,Open,Volume
2018-06-01,59.55866622924805,59.79382032661636,59.08025375239433,59.46136535204385,7209300
2018-06-04,60.150611877441406,60.507398288458816,59.55867134884211,59.63165319949359,8743800
2018-06-05,59.98030471801758,60.312759585796215,59.6802793412398,60.231673485348225,6910100
2018-06-06,60.28845977783203,60.34522069071005,59.77761156192986,60.061416126319955,7002900
2018-06-07,61.4317741394043,61.942622184403355,60.08572124650821,60.1505926070878,13476100
2018-06-08,62.58322525024414,62.60755046862384,61.415565276221244,61.50476186792992,13625300
2018-06-11,62.867042541503906,62.99678531450796,62.33997335250782,62.41295520894158,9049400
2018-06-12,62.63188552856445,63.15895469335188,62.526474170197226,63.102193779388664,8786000
2018-06-13,62.00751876831055,62.76163162900328,61.788579383912925,62.76163162900328,8022400
2018-06-14,61.61827850341797,62.080476173241664,61.38312443470427,62.080476173241664,8895200
2018-06-15,62.74538803100586,62.85080554338029,61.56151348549334,61.7561275761198,14943500
2018-06-18,61.496646881103516,62.51834928330272,61.13175625926948,62.323741364089514,7384900
2018-06-19,61.89397048950195,62.17777495313303,61.27770494956495,61.29391969614102,8514000
2018-06-20,61.50474166870117,61.91017833914281,61.25337291269861,61.91017833914281,6603500
2018-06-21,61.983184814453125,62.47781824408093,61.24528681119769,61.24528681119769,8691200
2018-06-22,62.78595733642578,62.94812961861948,62.25077766952975,62.266998609634726,11446400
2018-06-25,63.07786178588867,63.19949407031732,62.583228365960494,62.664314493421266,11300500
2018-06-26,63.24815368652344,63.49952257406683,62.72919497170593,63.077870938206054,9558500
2018-06-27,62.99675750732422,63.82384566747715,62.89134000417143,63.33732285641818,7873300
2018-06-28,63.28868865966797,63.507621815517474,62.97244844206602,63.1346206918453,5714400
2018-06-29,63.29681396484375,63.68603615465384,62.672443790694764,63.191402586123665,7679900
2018-07-02,63.35356140136719,63.49951891816103,62.77784180359023,62.84271318582649,6092800
2018-07-03,63.16706085205078,63.86441271113683,63.06975378340788,63.68601951186246,5897200
2018-07-05,64.22930908203125,64.26174477445223,63.34545966284367,63.36167441581628,7956100
2018-07-06,64.31037139892578,64.56174637545874,63.97791650108648,64.36713229301901,7244000
2018-07-09,63.13462829589844,63.92117679365837,63.06975691358358,63.62115129030881,9095900
2018-07-10,64.72394561767578,64.82125269952799,63.24004509842896,63.30491648633043,12773500
2018-07-11,64.18875885009766,64.74014697372463,64.08334131995444,64.56986425557957,7851600
2018-07-12,63.969825744628906,64.48067394886948,63.71034640789912,64.33471643530427,8556800
2018-07-13,64.31037139892578,64.44011412055228,63.97791650108648,64.12387396967955,6021300
2018-07-16,64.48876190185547,64.5698480063082,63.9211529842131,64.22928265572278,6931200
2018-07-17,64.89421081542969,65.27532238315482,64.50499496626635,64.59419155388177,8983400
2018-07-18,64.6428451538086,65.04017149034063,64.32660494094999,64.6428451538086,9105100
2018-07-19,64.4194564819336,64.79584273546352,63.73213783963847,64.16580012647472,8010600
2018-07-20,64.37855529785156,64.68948150651086,64.08399099801825,64.08399099801825,8234700
2018-07-23,64.23944091796875,64.59128117331757,64.01851462786043,64.22307277067675,5881600
2018-07-24,64.6322021484375,64.64857029904509,63.44576717682204,63.44576717682204,8297100
2018-07-25,65.02497863769531,65.13134668219787,64.41130387704152,64.41130387704152,6208400
2018-07-26,65.53226470947266,66.08866328655961,65.0249643474312,65.09860230606775,9771100
2018-07-27,65.93318939208984,66.13774755755851,65.01676656344708,65.18859467332639,7492900
2018-07-30,65.62227630615234,65.86774867403591,65.32771196174072,65.51590827613434,7090700
2018-07-31,66.17866516113281,66.26049343342977,64.99223012427542,65.7777328458847,9878200
2018-08-01,65.99048614501953,66.12958424297635,65.54863961978457,65.80228982695543,7556700
2018-08-02,67.09508514404297,67.27509734690723,65.94137397620588,66.11320834630027,9261700
2018-08-03,67.36510467529297,67.99514115417261,67.02962624700471,67.20963845314763,7102800
2018-08-06,67.52059173583984,67.85607029868116,67.21784948828584,67.25875739714886,5669200
2018-08-07,67.6187744140625,67.65150448307722,66.87418563250033,67.43058432050582,6418000
2018-08-08,67.38145446777344,67.74966288939044,67.17689631441492,67.17689631441492,4891300
2018-08-09,66.6041488647461,67.45511169642654,66.5223268361004,67.45511169642654,5167400
2018-08-10,66.62869262695312,66.8987109308371,66.27685229715232,66.52232461752327,5566000
2018-08-13,66.70233917236328,67.16055381325721,66.39959701319934,66.84962133503969,5068100
2018-08-14,66.53050994873047,66.86598840820683,66.46505606619215,66.59597007388993,6226900
2018-08-15,67.340576171875,67.3978522302775,66.12140454747268,66.52234319891235,8753500
2018-08-16,68.47791290283203,68.73156310235659,67.3487475137298,67.47148369636547,12368000
2018-08-17,68.47791290283203,68.8952071841231,68.40426869620201,68.51064296770964,8409300
2018-08-20,68.4369888305664,68.69063899328519,68.16697051647311,68.64154702440301,6795800
2018-08-21,68.64973449707031,68.73155653012961,67.98696167126181,68.37971616961578,8534500
2018-08-22,68.23241424560547,68.60880048273302,67.9623959963773,68.57607043046724,5132600
2018-08-23,68.10968780517578,68.40425207487755,67.78239347854938,67.92149778113414,4323200
2018-08-24,68.2078857421875,68.36335196962614,67.93786742377957,68.09333365121822,5356000
2018-08-27,68.27336120605469,68.58428748818335,67.92969861329733,68.32245318675338,3941500
2018-08-28,68.30607604980469,68.61700226263322,68.1751558069585,68.50245017145319,5405200
2018-08-29,68.31427764892578,68.5352040749318,68.15063353105855,68.33064580628627,4520400
2018-08-30,68.2488021850586,68.51881426997055,68.0687899667033,68.2324340328694,4549700
2018-08-31,67.87239074707031,68.34696714682501,67.41418249495915,68.19968503112939,6674900
2018-09-04,67.66785430908203,67.88059659836537,67.1523698600791,67.48784832558825,5800700
2018-09-05,68.15061950683594,68.2979016796575,67.18510442781049,67.18510442781049,7651900
2018-09-06,67.626953125,68.16698361432935,67.49603285933115,67.83969543540096,7541100
2018-09-07,67.02144622802734,67.25872822734472,66.48140962721314,67.17690620248145,11110900
2018-09-10,67.406005859375,67.9951343871677,67.37327580309541,67.56965614077293,6783000
2018-09-11,67.10327911376953,67.43875134279229,66.79234662929521,67.2014630624487,5210300
2018-09-12,68.00332641601562,68.0606024605493,66.84961520703918,67.01326550757875,5925200
2018-09-13,68.2815170288086,68.31424708626375,67.626934607566,68.13423489157049,5328400
2018-09-14,68.41244506835938,68.4615370388362,67.88877657453705,68.29789297549955,5004100
2018-09-17,68.93610382080078,68.952465727774,68.1915090798099,68.32242930607555,7098800
2018-09-18,68.7315444946289,68.96883271878427,68.38788827038454,68.96883271878427,6022800
2018-09-19,68.7315444946289,68.96883271878427,68.54334823318848,68.66608438259573,6157600
2018-09-20,69.84435272216797,70.07345690870912,68.9197519000209,68.96884387067375,10053000
2018-09-21,70.22074890136719,70.59713529522034,69.97527652846995,70.21256482423814,17402500
2018-09-24,68.95246124267578,70.13071823194542,68.91973743085791,70.06525812307055,6389400
2018-09-25,68.01151275634766,69.06703382014713,67.9787826951499,68.9606595605992,5657200
2018-09-26,68.12603759765625,68.72334380837533,67.93784138170604,68.11785352497536,6581000
2018-09-27,67.79877471923828,68.42881126948309,67.75786057952756,67.94605688252712,6277600
2018-09-28,68.10151672363281,68.15060869257611,67.74149230439349,67.93786642278735,5125800
2018-10-01,68.46153259277344,68.50244672726097,68.05241621837997,68.1669683038005,4899900
2018-10-02,69.02611541748047,69.09157553583084,68.21606674141124,68.30607284348788,7390900
2018-10-03,67.93785858154297,69.15702352967996,67.79057644909139,69.09156965951699,7958700
2018-10-04,67.02962493896484,67.50420142905864,66.35867433810205,67.50420142905864,7029900
2018-10-05,67.21781921386719,67.46328528435838,67.07872114966015,67.07872114966015,5454600
2018-10-08,67.42239379882812,67.7005899949316,66.8905411527589,67.07873747095142,7192300
2018-10-09,67.25875091552734,67.6842355765363,67.14419879355319,67.41421718504475,6268100
2018-10-10,66.63690185546875,67.65150909358188,66.63690185546875,66.9396440898979,9295800
2018-10-11,64.53402709960938,67.07054768501469,64.3703767841057,66.80052934639954,12560300
2018-10-12,64.68949890136719,64.95133321133447,64.22310634165602,64.94315537603282,9878700
2018-10-15,65.56501770019531,65.90049627606909,64.5749563734768,64.64860060048801,9691500
2018-10-16,66.2850341796875,66.35048805268337,65.37679536402993,65.384979439137,9462600
2018-10-17,66.98053741455078,67.24237166048295,65.76955012547647,66.08048258432275,10375300
2018-10-18,66.23514556884766,67.14315355736505,66.0370362235561,66.62311416430626,9869500
2018-10-19,72.06291961669922,72.44263182619886,70.04878795973511,70.04878795973511,30276400
2018-10-22,71.4850845336914,72.01338027591595,70.35420441257733,71.59239873925021,14124100
2018-10-23,71.94734954833984,72.06291385077652,70.99806595165383,70.99806595165383,16269500
2018-10-24,73.84591674804688,74.869489070345,71.99688145342839,72.04640721647715,26703500
2018-10-25,73.46619415283203,73.7385984066641,72.07115991149371,72.73153271512626,14647000
2018-10-26,72.5251693725586,73.60652373352654,72.13720081007276,73.21030507661733,14335900
2018-10-29,72.83885955810547,73.81290623294691,72.17849288055173,72.88013523073283,12878900
2018-10-30,73.62303924560547,73.82114858139984,72.81408281962322,73.34237858026304,13844000
2018-10-31,73.2020492553711,73.73034500055861,72.03814355883537,73.27633789245276,13362400
2018-11-01,73.95323181152344,74.15134747842289,72.7893321829598,73.30937163855845,9732400
2018-11-02,74.13481903076172,74.25038332981687,73.44968962858673,74.19260118028929,11336000
2018-11-05,75.2822265625,75.48034222606604,74.14308983701964,74.20087199778061,12270100
2018-11-06,75.5381088256836,75.55461531202211,74.64660741663874,75.00155670184465,8857800
2018-11-07,75.35649871826172,75.62890294993554,74.80344016143157,75.60413377614414,9019800
2018-11-08,75.41429138183594,75.55461856398973,74.844719963023,75.07584856840153,6614400
2018-11-09,76.2810287475586,76.49564456472355,75.25745022875411,75.40603380098173,10713500
2018-11-12,76.5203857421875,77.13948273459285,75.7361987375862,76.11591080386117,12522100
2018-11-13,77.1560287475586,77.23857378921085,75.60415425425107,75.91783422942582,13438700
2018-11-14,77.17253112792969,77.51097396780233,76.75979964386022,77.11474897207127,11623000
2018-11-15,77.45317840576172,77.51096055161877,76.53691416589884,77.04044699313093,12506000
2018-11-16,77.44490814208984,78.26211442934083,77.32108748092323,77.44490814208984,13013500
2018-11-19,77.00741577148438,77.75033345846225,76.69374221377397,77.36236498316377,9458300
2018-11-20,76.0251235961914,77.42015776138606,75.82701428502754,76.96615069644655,12074000
2018-11-21,75.45558166503906,76.24802545034453,75.31524815791461,75.66194743093476,8911800
2018-11-23,75.5628662109375,75.93432195547842,74.81169203261422,75.32348124084925,4399600
2018-11-26,75.89305877685547,76.27277094379208,75.24094234957893,75.24094234957893,8171400
2018-11-27,76.53692626953125,76.65249057952082,75.81877123078249,75.8848097787144,9023400
2018-11-28,76.77630615234375,76.94965260574529,76.11593331271513,76.46262621951819,8093700
2018-11-29,76.61947631835938,77.01570133409118,76.48740551163743,76.65249559448561,6126900
2018-11-30,78.0145034790039,78.13006778567954,76.5616869550757,76.91663626780297,16291800
2018-12-03,77.0322036743164,78.14657741797899,76.15721494633851,78.14657741797899,13934700
2018-12-04,77.02393341064453,78.30340329563644,76.90836912012956,77.17251696956113,11123600
2018-12-06,77.22206115722656,77.28809340662592,75.18316667191016,76.52041261453881,14199200
2018-12-07,76.31404876708984,77.41191602448141,76.05815726265371,77.25507604548758,7996800
2018-12-10,76.79279327392578,77.098216737345,75.42252847925208,76.97439607391664,9307600
2018-12-11,77.51921844482422,78.02274498402822,77.0982306324073,77.36237848969637,8743800
2018-12-12,77.6182632446289,78.04750741172647,76.85058261672474,77.76684679511942,9644000
2018-12-13,79.64891052246094,79.89655190244791,78.25388255536129,78.31166470432065,18541300
2018-12-14,79.77273559570312,79.9873577169658,79.26094632124048,79.61589562657474,12657300
2018-12-17,76.57818603515625,79.65716524519125,76.27276881039234,79.24443381905036,12427600
2018-12-18,76.34705352783203,77.02393278007034,75.8270142247721,76.87534922237015,12250600
2018-12-19,75.74446868896484,77.05695152491906,75.35650016328336,76.3965850601216,10825600
2018-12-20,75.10062408447266,76.13245280113357,74.39897551891707,75.53811845269165,14439200
2018-12-21,75.09237670898438,76.9083929492746,74.58884373096342,74.79520949907747,24030000
2018-12-24,72.11243438720703,74.83646428515634,71.71620945198866,74.6631115462734,7396300
2018-12-26,74.36595153808594,74.36595153808594,71.60065201199004,72.1619670502427,8630900
2018-12-27,75.95909881591797,75.98386799485787,72.80583056030787,73.96973635696214,11360100
2018-12-28,75.26570892333984,76.99917978716572,74.98504825708832,76.40484548007518,9611800
2018-12-31,75.87654113769531,76.09116323493818,75.24093753535261,75.63715616342087,7239500
2019-01-02,75.34827423095703,75.43907567996212,74.2339002541848,75.14190844645165,9843900
2019-01-03,74.8199691772461,76.35533093004037,74.60534702422561,75.06761060748381,9820200
2019-01-04,76.34705352783203,76.34705352783203,74.59707640134256,74.98503863187723,10565700
2019-01-07,76.04164123535156,76.35531485620804,75.44730696612301,75.86829478979021,9012500
2019-01-08,76.32231140136719,76.84235084581324,75.79401556319823,76.52042076623476,9551300
2019-01-09,75.07585906982422,76.73504150163409,74.9602947509701,76.51216925749631,15015600
2019-01-10,75.2574691772461,75.56289279088699,74.79521185738626,75.02634051731619,11102300
2019-01-11,75.75271606445312,75.92606878919044,75.20791390798829,75.67017104653799,7166600
2019-01-14,75.24095153808594,75.86830516335958,74.99331012611977,75.52986232019133,7952000
2019-01-15,75.95083618164062,76.44611261636707,75.23268125772925,75.24093764934614,7834500
2019-01-16,75.42255401611328,76.06641412660476,75.10887405618371,75.72797128516132,7964500
2019-01-17,75.4117431640625,76.17717416687685,75.17046475821127,75.46998234150284,8044500
2019-01-18,76.06067657470703,76.41011155096992,75.74452202679194,76.01908079996679,9100300
2019-01-22,75.24533081054688,76.33523789807992,74.11382159929107,76.03572038053616,13518500
2019-01-23,78.90608215332031,80.21231508973625,77.89937305534983,78.3569709851511,22869000
2019-01-24,78.45683288574219,78.67314619341877,77.53332143748035,78.4485111900334,12146400
2019-01-25,77.87442016601562,78.94769019751136,77.42514389602256,78.55665309135485,10618000
2019-01-28,77.80785369873047,78.1822537371966,77.35026211517275,77.64145791336263,9765600
2019-01-29,77.82450866699219,78.30706540299809,77.45843026759552,78.0325066034506,9769800
2019-01-30,78.63986206054688,78.75634675221085,77.84947239041365,77.88275282408998,7750200
2019-01-31,80.26225280761719,80.54512698280259,78.27379284291631,78.56498871372301,16044400
2019-02-01,81.09424591064453,81.21072426079643,79.86289519070364,80.16241276183537,12720800
2019-02-04,81.56015014648438,81.71823061003903,80.47024298642228,80.8779171661443,11887500
2019-02-05,81.06926727294922,81.55181759902729,80.87790640318593,81.5268588654913,9772300
2019-02-06,81.46863555908203,81.80143354870904,80.8030459274217,80.91120257632316,8693900
2019-02-07,80.8196792602539,81.20239470909765,80.15408331155575,81.13583384470915,8732500
2019-02-08,81.29390716552734,81.30222885974284,80.45359378236253,80.71151552229996,7483200
2019-02-11,81.75982666015625,81.85966795551039,81.06095663545733,81.11087410933773,8494100
2019-02-12,82.58348846435547,82.65004296856503,81.51854022589609,81.85133178972049,11238800
2019-02-13,82.56685638427734,82.94957181315804,82.37550184363353,82.60845850924846,11587200
2019-02-14,81.91792297363281,82.21744057005225,81.40208570255612,82.11759925538092,7930100
2019-02-15,81.93453979492188,82.53356844589936,81.74317892409272,82.32557053515103,12069100
2019-02-19,83.19084167480469,83.19916336846741,81.92621718454464,82.0010933847319,10098200
2019-02-20,82.6001205444336,83.38219463717027,82.31724646264736,83.01611632183109,8947400
2019-02-21,83.01614379882812,83.08270466866432,82.0260714896948,82.45038910040822,7444800
2019-02-22,83.40718841552734,83.53198847070539,82.6999965663111,82.94127498029678,7925400
2019-02-25,82.84143829345703,83.57358892508174,82.64176200257664,83.49871269634964,7436100
2019-02-26,83.0577392578125,83.34893510546337,82.89133709658815,83.06605460517866,7115300
2019-02-27,82.29231262207031,82.89134139073016,82.21743005874174,82.65006300515059,6013600
2019-02-28,81.99279022216797,82.5335797863463,81.60175308061623,82.29230776260788,10575400
2019-03-01,81.9012451171875,82.18411917974251,81.39372979545867,82.042682148465,7733200
2019-03-04,82.25901794433594,82.26733329069302,81.43534162831612,82.00941790658582,6895300
2019-03-05,82.44206237792969,82.93294082854831,82.29230995132016,82.29230995132016,6274600
2019-03-06,82.3089599609375,82.45039706230199,81.86800526398083,82.25072078110539,4622300
2019-03-07,81.99279022216797,82.86637775878991,81.74319015593693,82.34222523681674,8408600
2019-03-08,81.8763198852539,82.5169508080485,81.32720222492084,82.21743323833846,5144500
2019-03-11,82.84974670410156,82.9329446163268,81.95951571334447,82.19247240661267,7544400
2019-03-12,83.24077606201172,83.63180684753263,82.97453895932023,83.01613473773229,7597500
2019-03-13,84.18092346191406,84.52203677033032,83.16589253610175,83.19085127237695,9883300
2019-03-14,84.29740905761719,84.68012452452122,83.7982152463334,83.98125445824265,8590200
2019-03-15,85.22924041748047,85.60363418138928,84.63852701232096,84.66348575023575,30802700
2019-03-18,84.45550537109375,85.10445808223592,84.19758354794105,84.91309713909648,8442800
2019-03-19,84.77996826171875,84.97964452245064,84.27245274051337,84.78828995729747,7334100
2019-03-20,84.63018798828125,85.12105999367716,84.07275513034588,84.63850968174675,7513800
2019-03-21,85.27083587646484,85.62027724873421,84.26412658294056,84.26412658294056,8221000
2019-03-22,84.58028411865234,85.81995004540839,82.37550471771237,85.26251709786766,11035900
2019-03-25,84.82987976074219,85.14603434691624,84.24748806316012,84.58028603931848,6955500
2019-03-26,85.71177673339844,86.09449847713384,85.1959459744023,85.22922640201375,6909400
2019-03-27,85.61194610595703,85.71178104622233,84.89643274528919,85.4954677772523,6037100
2019-03-28,86.15274810791016,86.26090475009626,85.7866697072906,85.95306551797587,6793700
2019-03-29,86.56874084472656,86.65193874705388,85.78666659814505,86.4106603869895,7535400
2019-04-01,86.22762298583984,86.71850141068376,85.81162711796235,86.71850141068376,6626500
2019-04-02,86.31913757324219,86.54377253591363,85.91146342371624,86.2026592448062,6088800
2019-04-03,86.26923370361328,86.43562952829912,85.48715936288339,86.1777140957579,5226500
2019-04-04,86.05290985107422,86.25258610046485,85.52043562097018,86.09451197901096,4786100
2019-04-05,86.23596954345703,86.26924998419359,85.83661060221333,86.20268910272047,4281800
2019-04-08,87.33418273925781,87.47561982584786,86.11115374294589,86.46891048099907,8468600
2019-04-09,87.0762710571289,87.1594689735553,86.64363173556096,86.98475144478161,5820300
2019-04-10,87.06793212890625,87.35912795256289,86.72681248719928,87.07625382318012,5394300
2019-04-11,87.1511459350586,87.40074602808684,86.834991318471,87.00970884455315,5078400
2019-04-12,87.40906524658203,87.40906524658203,86.66859297809744,87.15114979393518,6707900
2019-04-15,87.96648406982422,88.008079845718,87.18440985094416,87.34249030308192,5639200
2019-04-16,88.5405502319336,88.60711108762821,87.89991945175251,88.17447822079836,8136100
2019-04-17,88.6880111694336,89.24100515149146,88.26907865905139,89.03991294397798,6778100
2019-04-18,88.85558319091797,89.4085707505878,88.67125187356054,88.83044187203994,7248900
2019-04-22,88.82208251953125,89.81913765829533,88.59585535901924,88.9226222420668,9057200
2019-04-23,86.4341812133789,87.23015063429393,85.57117464669268,87.1463653887878,15979800
2019-04-24,86.87825012207031,87.68259999779632,86.12417011595075,86.56823767721988,10094800
2019-04-25,86.53471374511719,86.77769541153458,85.9565847321791,86.38389775880307,6085300
2019-04-26,88.69639587402344,88.71315036258704,87.06256156193942,87.09607053906663,7747400
2019-04-29,87.79151153564453,88.60424177375343,87.74124167098755,88.45342578737854,4787600
2019-04-30,89.21587371826172,89.3331743143712,87.6909595764353,87.85853003019085,8251300
2019-05-01,87.91718292236328,89.14046516960191,87.81663681170137,88.93937934068133,6733800
2019-05-02,88.44503021240234,88.61260705325893,88.01772365112446,88.14339829126334,6270300
2019-05-03,88.8807373046875,89.15723434041296,88.46180472658365,88.80532611657881,4793400
2019-05-06,88.54559326171875,88.66289387656454,88.00936005316545,88.07639080233562,4890400
2019-05-07,87.7244873046875,88.46181280058518,87.22176944356008,88.00098436564913,6021700
2019-05-08,88.03449249267578,88.62099555029364,87.27203851777256,87.96746174540405,5392600
2019-05-09,87.33905029296875,88.00934488433394,86.9536331402748,87.69933251715702,6901700
2019-05-10,88.82208251953125,88.93938312409173,87.0709411073295,87.12121736100079,5815800
2019-05-13,88.9058609008789,89.3080325448346,87.85014914878994,88.09313078019788,7575500
2019-05-14,88.47856140136719,89.23264133905123,88.45342646884505,88.62099694726194,7004000
2019-05-15,89.40023040771484,89.65159257001345,88.39479454333103,88.48696024334683,5535600
2019-05-16,90.58160400390625,91.0591868949193,89.30804536626881,89.43372642019939,9284200
2019-05-17,90.02861022949219,90.48943863133557,89.86942019354954,89.8777942427438,6370200
2019-05-20,89.92805480957031,90.59834299518809,89.76885840899978,90.02022047385822,6565300
2019-05-21,89.12372589111328,90.10402666585908,89.05669513923212,90.04537635606414,5226400
2019-05-22,89.41695404052734,89.69345102537729,88.76342036172032,88.88909499810423,4889700
2019-05-23,89.45047760009766,89.67669835871,88.72153268029656,89.38344685961872,6175600
2019-05-24,89.39183807373047,90.02023695854741,89.26615701828626,89.77725528932972,4372100
2019-05-28,87.52340698242188,89.8610518967547,87.48989160390327,89.40022343262993,7615500
2019-05-29,87.29717254638672,87.8166448513564,86.88661401789953,87.10446074807601,7137300
2019-05-30,88.2523422241211,88.28585759889589,87.44799240673844,87.44799240673844,4729200
2019-05-31,86.22471618652344,87.89206624880404,85.80578356035412,87.88368580640739,10282300
2019-06-03,86.97040557861328,87.10446067925947,85.79739308404088,86.42579194980425,8532900
2019-06-04,87.70770263671875,88.05960437919515,87.01227319868046,87.14633465813941,6906400
2019-06-05,89.42533874511719,89.44209323329984,87.88366374379109,88.17691523000984,6481700
2019-06-06,89.9699478149414,90.22130988982835,89.09019333764331,89.52588035605716,6681600
2019-06-07,91.13459777832031,91.64569607734249,90.27159761871366,90.27159761871366,8063400
2019-06-10,91.09270477294922,91.34406049531624,90.03699284027614,90.75755741738905,4767000
2019-06-11,91.64567565917969,91.83000699053335,91.21836909184486,91.27701938887532,8074400
2019-06-12,91.89704895019531,92.7181596012976,91.81326371454905,91.83001820471682,7687800
2019-06-13,92.9276351928711,92.96114417656239,92.04787414947221,92.14842027775917,8611400
2019-06-14,93.17059326171875,93.63142160735156,92.70977130848914,92.97788787529281,6438100
2019-06-17,92.9946517944336,93.17898315137937,92.36625292797508,93.13709372905778,6020000
2019-06-18,91.83002471923828,93.47223974553965,91.68758916929474,93.38007406206931,7731200
2019-06-19,92.51705932617188,92.77680184423143,91.54513917079747,91.74622499735715,7028000
2019-06-20,93.6230697631836,93.85767103174346,92.58411854853054,92.81871981709041,7044200
2019-06-21,93.17059326171875,94.23468548076062,93.01977729336649,93.52250144947615,13799400
2019-06-24,94.11738586425781,94.25982139352013,93.33817108504192,93.69007288406762,5518100
2019-06-25,93.60631561279297,94.36876973841028,93.26278775942325,93.9330825798297,6805600
2019-06-26,91.9389419555664,93.37169053628054,91.88029165316536,93.32979472353541,7170300
2019-06-27,91.98084259033203,92.39139475719436,91.5702904234697,92.09814320943556,5613300
2019-06-28,91.87191009521484,93.8073764433225,91.34405098761934,93.7235912112544,12152000
2019-07-01,92.57572174072266,92.7516726610396,91.83840268524158,92.09813884488982,6775900
2019-07-02,93.40519714355469,93.42195163163849,92.40813570389024,92.67625226005173,6578200
2019-07-03,95.5836410522461,95.74283105594202,93.70681884347077,93.8073649450703,6223300
2019-07-05,94.80445098876953,95.05580671950534,94.03361651999946,94.65363499336631,8694800
2019-07-08,95.55852508544922,95.70934107157176,94.93012620867268,94.96363519011862,5317800
2019-07-09,94.60336303710938,95.44122823920623,94.10901924382205,95.43284779731208,7537700
2019-07-10,95.30716705322266,95.93556595687028,95.01391551000128,95.06418537672374,5600700
2019-07-11,95.83501434326172,95.85177522614558,95.04742544262427,95.23175679992363,4625300
2019-07-12,96.34611511230469,96.53044647440996,95.57528068204994,95.57528068204994,7058600
2019-07-15,96.75666046142578,97.09180137330434,96.17853152134994,96.41313271662618,6240700
2019-07-16,97.10018920898438,97.62804193855726,96.7315265069568,96.95775367134777,7644300
2019-07-17,97.14208221435547,97.43533372230806,96.96613130958391,96.96613130958391,7861700
2019-07-18,97.34954071044922,97.62782192397425,96.80140012947928,96.9194603858357,5828700
2019-07-19,96.98692321777344,97.77961257491037,96.98692321777344,97.40013410645768,6547000
2019-07-22,97.2314682006836,97.35795672098112,96.62429756805297,97.01221070916684,4018800
2019-07-23,96.00869750976562,97.86394192650081,96.0002627966811,97.57721958583588,8194600
2019-07-24,94.9545669555664,96.03397842482786,94.68471408825104,96.00868072379828,9635900
2019-07-25,95.09793090820312,95.27502769422868,93.92575683837833,94.01009109221917,7809400
2019-07-26,96.75078582763672,96.87727433918208,95.19069222470871,95.46897981770886,5559600
2019-07-29,97.82177734375,97.99886772033341,96.65803782600139,96.75080037094524,7768700
2019-07-30,101.54071044921875,102.6791524390744,100.18301091573541,101.0431652271946,18788800
2019-07-31,99.54210662841797,101.76839516370359,98.72411303139974,100.9082408616259,12641800
2019-08-01,98.43738555908203,100.49501173200109,98.43738555908203,99.98060358032099,11308600
2019-08-02,98.19284057617188,98.73254649096882,97.56037210410028,98.25187070954648,12266100
2019-08-05,95.35936737060547,98.07476597660816,95.1485445773916,97.89766916856358,12974800
2019-08-06,96.3713150024414,96.97848568133271,95.44369599138018,95.84004387531208,9490600
2019-08-07,97.4169921875,98.02416285344925,95.02204837603456,95.92436966187555,9507600
2019-08-08,99.03612518310547,99.0782858847814,97.2652084338758,97.4170011142726,7416600
2019-08-09,98.47956085205078,99.54210973324345,97.69529965489944,99.18792891744665,6939500
2019-08-12,97.84707641601562,99.23007346237759,97.47602623105956,98.47954481284462,4996200
2019-08-13,98.87589263916016,99.56739116188582,98.10849456328836,98.25185895616414,6722000
2019-08-14,97.6446762084961,99.4577533410835,97.53505068282352,98.20967969540925,10148300
2019-08-15,98.99395751953125,99.58425881025771,98.1928334201451,98.49641877931916,7758000
2019-08-16,100.5034408569336,100.80702618969313,99.17103927802242,99.55895244014827,8302400
2019-08-19,101.3973159790039,101.57440633081596,100.4443993905485,101.16963022204563,5867100
2019-08-20,100.26730346679688,101.41417976758035,100.17454093998352,101.23708942560935,6744300
2019-08-21,100.52032470703125,100.89980966862345,100.08181604305622,100.5793548432164,4037400
2019-08-22,100.7058334350586,101.01785349484028,100.098662742403,100.41911751563859,4558400
2019-08-23,98.93489837646484,101.28768100317771,98.18436991244313,100.4696877160575,7336800
2019-08-26,100.62152099609375,100.85764153851714,98.85061049411604,99.29755386853208,5661500
2019-08-27,101.65876770019531,102.08041334568131,101.00942980321777,101.18652020226565,6996300
2019-08-28,102.37556457519531,102.40086228465564,100.88293537901636,101.5828686984946,4600300
2019-08-29,102.1900405883789,102.88153920106677,101.46480955143771,102.7044487990884,5011500
2019-08-30,101.38890075683594,102.88152330506148,100.78173008169297,102.84779088602009,6007100
2019-09-03,102.34181213378906,102.49360479466314,100.88291564684376,101.01784531597659,4959300
2019-09-04,103.90190124511719,103.96093136793885,102.42614174077458,102.75502477275258,5586900
2019-09-05,103.5224380493164,104.08744165579097,103.03332756887492,103.92721425576316,7491900
2019-09-06,103.61518859863281,104.04526246392815,103.33690096781743,103.72481413480203,5306900
2019-09-09,103.02490234375,103.53931058024838,102.6960192330448,103.48028044329622,7662400
2019-09-10,101.09375,102.19003116887444,100.84076649212231,102.06353619803485,9582200
2019-09-11,102.26591491699219,102.32494504013286,100.65523216626767,101.07687774121557,7565500
2019-09-12,103.53084564208984,103.90189578535744,102.56106602295034,103.42965482759905,6194300
2019-09-13,102.98273468017578,103.37064790162957,102.4598917640588,102.72974471958325,6777400
2019-09-16,100.98412322998047,102.84779604738782,100.36851781073302,102.72130107808476,9626700
2019-09-17,102.17316436767578,102.87309117047566,100.72270248154378,100.88292343375518,6377100
2019-09-18,102.38400268554688,102.84780905324122,101.84429031934987,102.26593598114594,5684200
2019-09-19,102.79718780517578,103.07547541615483,102.24061258321765,102.36710753673546,4525800
2019-09-20,103.08393096923828,103.38751636448445,102.67072001663188,102.99116840770182,15362000
2019-09-23,103.91033935546875,104.37414564028902,102.85622538933033,103.0501787561712,6060400
2019-09-24,104.23922729492188,105.1837157691184,104.02840449179062,104.31512041582448,7633200
2019-09-25,103.7416763305664,104.42474654948512,103.68264620634389,104.19705433191189,5812600
2019-09-26,104.82952880859375,105.41140180537586,104.17176269073643,104.26452523902927,6984800
2019-09-27,105.04878997802734,105.31020820477691,104.33199370759033,104.91386672460231,5589800
2019-09-30,104.88855743408203,105.71498564327302,104.6777346334906,105.04878482134794,5206900
2019-10-01,104.4416275024414,105.10782840968918,103.89348686394112,104.8717078721942,5415700
2019-10-02,102.10569763183594,104.27295570736669,101.3720319889718,103.89347081603651,6755100
2019-10-03,102.66226959228516,103.33690513044344,101.90330622030743,102.60323946523141,5171000
2019-10-04,104.568115234375,104.61871065067187,102.8730980166114,103.04176012727042,4377900
2019-10-07,103.58988952636719,104.47534787362041,103.45496627785131,104.17176252220796,4749700
2019-10-08,101.9792251586914,103.66580789087266,101.93705801686586,103.4381220529013,5545300
2019-10-09,102.86466979980469,103.21041586771578,102.40085703745869,102.72130539720577,3775600
2019-10-10,102.8309326171875,103.04175542053007,101.8695811486495,102.31652446232752,3943400
2019-10-11,102.1141128540039,102.9321062235223,101.88642709536079,102.91524323294884,6292200
2019-10-14,101.23712158203125,102.56108864532358,100.84077364771665,102.56108864532358,7360200
2019-10-15,98.83373260498047,101.66719173913651,98.41208697708583,101.35517809212757,11113900
2019-10-16,99.1120376586914,99.31442579413756,98.25188325769311,99.23009794051856,7973100
2019-10-17,98.9813232421875,99.83848992550917,98.91343391595507,99.55842460201299,5956900
2019-10-18,99.6942138671875,99.9318426906803,98.59092978679968,98.91343159716833,9016700
2019-10-21,101.0605697631836,101.09451765747384,99.59235409089987,99.65176128718309,6731600
2019-10-22,103.69148254394531,105.4227865118098,103.19924772981824,105.23607630818233,14410500
2019-10-23,104.38739013671875,105.00692790274591,103.4029205852014,103.53022357546989,8249300
2019-10-24,105.90653228759766,106.73823313220763,104.67594525745092,105.032394951469,6725600
2019-10-25,104.59956359863281,105.93198780089325,104.53166780459296,105.93198780089325,6093300
2019-10-28,104.79476928710938,105.337922725389,104.04792845330009,104.79476928710938,5459500
2019-10-29,104.8965835571289,105.71131353627399,104.47224462164303,104.55711111376054,5659800
2019-10-30,106.03384399414062,106.22903633139572,104.81174545692586,105.22759591337808,4734500
2019-10-31,105.66889953613281,106.4666524527722,104.69291854167794,105.90652834002111,6399500
2019-11-01,105.12574005126953,106.20355819936566,104.59955739103661,105.94047010669865,6010200
2019-11-04,101.05208587646484,105.16817274606876,100.68715408947486,105.16817274606876,10351400
2019-11-05,100.90779876708984,101.49338208708384,100.34766827199327,100.84839157593399,9239600
2019-11-06,102.11294555664062,102.13840486286466,100.70414332141138,101.07755727086379,6756300
2019-11-07,101.51886749267578,102.12991023062389,100.8314338907725,102.12991023062389,8909700
2019-11-08,101.58674621582031,102.3420690598764,101.12846582889314,101.71404920103288,4249900
2019-11-11,101.27275085449219,101.84136358050748,101.06906346540352,101.40005385394772,3850400
2019-11-12,101.22183227539062,101.50189759721296,100.6107894935509,101.40854248993885,4759600
2019-11-13,102.39300537109375,102.73247787726673,101.73103754525116,101.75649685010671,7262800
2019-11-14,102.26570129394531,102.83431401272416,101.93471738451288,102.36754498719354,5188300
2019-11-15,102.29964447021484,102.68154697119556,101.81589828068634,102.68154697119556,7108600
2019-11-18,103.44535064697266,104.01396329662751,101.98562359569853,102.05351938294352,7493700
2019-11-19,103.0464859008789,104.20068855145696,102.80036849267775,103.47931351357057,5989000
2019-11-20,103.78484344482422,103.86122136426701,102.63064073508917,103.04649118237755,6480000
2019-11-21,102.12989807128906,103.99699338546486,102.07897946791384,103.35199635148423,7094200
2019-11-22,102.08749389648438,102.35907064138095,101.32368227805642,102.03657528022264,4414900
2019-11-25,102.27418518066406,102.62213978550933,101.85832830854525,102.21477798106125,5134300
2019-11-26,103.7593765258789,103.83575443971812,102.1893234840448,102.46090019141666,8235200
2019-11-27,103.33502960205078,103.91213087038128,102.6560846481682,103.89515368533979,3751400
2019-11-29,103.58963012695312,104.07337630703127,103.29259413478216,103.53022292851892,2927300
2019-12-02,104.1497573852539,104.20067598946748,102.65608240430053,103.48778963088219,6146200
2019-12-03,104.34495544433594,104.3534440371397,103.36898094357662,103.80180205308062,6396200
2019-12-04,105.68588256835938,105.72831906324365,104.1243179750989,104.17523658903998,6857300
2019-12-05,105.76223754882812,105.77071966552583,104.94750757786895,105.46519511705387,7029200
2019-12-06,105.3973159790039,106.46664552693956,105.14271000574368,105.85560284593299,7150900
2019-12-09,105.97443389892578,106.20357413096086,105.38884395331408,105.49916977245692,7452800
2019-12-10,105.46521759033203,105.974429596224,105.33792106375867,105.89804520538036,4740100
2019-12-11,105.79621124267578,106.31389890811819,105.29548781476616,105.46522083869156,4823300
2019-12-12,105.7198257446289,106.72975470866002,105.13423581087643,105.89804736035796,5897800
2019-12-13,106.48362731933594,106.71276752526599,105.05784805216247,105.41429125023105,5471600
2019-12-16,106.56000518798828,107.23046156974972,106.38178358902373,106.48362727767454,8281900
2019-12-17,106.34783935546875,106.91645854306199,105.49916134551394,106.58546816227219,8832200
2019-12-18,105.24456024169922,106.8231018344225,104.97298354160164,106.34783775307726,8607600
2019-12-19,106.016845703125,106.25447448808251,105.15119706150855,105.37185513678286,6629100
2019-12-20,106.39026641845703,107.4426252445774,106.11020114601328,107.06072276389868,16250500
2019-12-23,105.99988555908203,106.78066778031013,105.8216639525995,106.52606178539254,6619500
2019-12-24,106.27145385742188,106.34783176491466,105.72830048781022,105.90652208019227,2022100
2019-12-26,106.27145385742188,106.72125213460977,105.97441787011846,106.1696101725326,4760400
2019-12-27,107.00979614257812,107.18802420421815,106.4157241867737,106.5599978796264,5192000
2019-12-30,105.63494873046875,106.91645428746453,105.35488344435525,106.72974409672221,3884300
2019-12-31,105.99988555908203,106.07626347261765,105.19363755844265,105.60100585533088,4798900
2020-01-02,104.7353515625,105.85560622579561,104.33647187994262,105.66040744341043,8130800
2020-01-03,104.03096008300781,104.83720166503824,103.4199108324627,103.67451684515646,7970500
2020-01-06,104.17522430419922,104.54864469546514,103.86121111382568,104.02246200549038,6674400
2020-01-07,103.53022766113281,104.56561585965795,103.4283904448184,104.28555056499474,7583400
2020-01-08,103.97154235839844,104.75232455515147,103.53871477056609,103.69996566061914,5385100
2020-01-09,105.1087875366211,105.1342468451259,103.9715619240699,103.9715619240699,5944000
2020-01-10,105.21060943603516,105.50764543185164,104.64199674762943,105.15120223687185,3927100
2020-01-13,105.98292541503906,105.99990260404321,105.07484005033054,105.23609097136772,8409200
2020-01-14,105.8216781616211,106.2544993462381,105.64345653120816,105.78773025941382,7829700
2020-01-15,106.89949035644531,107.03528195742163,106.09324876907309,106.13567878820325,4843700
2020-01-16,106.99282836914062,107.59538893367711,106.5854601061968,107.02677626396084,6233700
2020-01-17,107.28138732910156,107.78210423294078,106.83158255756058,107.23046224700495,11315200
2020-01-21,107.00979614257812,107.45960088042857,105.9489487394283,107.28137929368724,8553100
2020-01-22,107.19651794433594,107.51053114067881,106.78915612330134,107.21349513057037,7396700
2020-01-23,106.70648193359375,108.03828982425246,105.56250003532975,106.11741944699021,11096500
2020-01-24,106.83455657958984,108.24319636089626,106.5186777274473,106.90285576600482,9508600
2020-01-27,107.30409240722656,107.90169393288467,106.50159334702727,106.50159334702727,9338400
2020-01-28,107.59437561035156,108.40541385797384,107.32972438381273,107.50900487727802,6200200
2020-01-29,106.76624298095703,107.62850218128641,106.74063241785078,107.49191034026371,5271000
2020-01-30,107.52605438232422,107.61996412347024,106.2198635452163,106.53574235755909,5894400
2020-01-31,106.39059448242188,108.37975723953808,106.25399614863916,107.56018677694291,6612900
2020-02-03,106.80894470214844,107.52606661059755,106.27963578398204,106.42477318167481,6052300
2020-02-04,107.27848052978516,108.72126319930774,107.02236187142974,107.32116263059902,6512200
2020-02-05,108.26023864746094,108.47366866230941,107.05649675066648,107.49189580470016,6125400
2020-02-06,108.54197692871094,109.35300844777231,108.08096727639042,108.33708592102438,9102700
2020-02-07,107.63702392578125,108.65294634164302,107.61141336678673,108.58465368877998,5915100
2020-02-10,107.71385192871094,108.27731026083886,107.36383011211338,107.96143151282472,5216100
2020-02-11,105.9979019165039,107.7992455250999,105.88691412324863,107.7992455250999,6105700
2020-02-12,105.3917465209961,105.83568463219763,104.87951575015155,105.58810501505978,6031700
2020-02-13,106.68087768554688,106.9540678948384,105.45151848705088,105.63080546463851,7159000
2020-02-14,107.68824005126953,107.69677907499415,106.53571935637939,106.96257935547698,5889100
2020-02-18,106.60404968261719,107.72242112290498,106.56990009110255,107.42362033886266,6767600
2020-02-19,107.09066772460938,107.96999851928118,106.41622796137361,106.58696940200889,4734000
2020-02-20,108.06391906738281,108.21758898466234,106.8260207022508,107.11628899638728,6094600
2020-02-21,108.16633605957031,109.33594147632115,107.55166304746254,107.67971585413025,8723900
2020-02-24,105.26371765136719,108.0724517614629,105.12711927428202,106.93700869044577,7533900
2020-02-25,103.66724395751953,105.82715501744248,103.19769524302836,105.02465594662783,8903200
2020-02-26,102.58302307128906,104.48681548303273,102.3183653783595,103.6587058411391,6894200
2020-02-27,96.89723205566406,102.37811357437096,96.83747190876356,101.69514139741761,13298900
2020-02-28,96.66674041748047,96.66674041748047,91.06633151662038,93.44821163911443,22784300
2020-03-02,102.07079315185547,102.26715167936628,96.08621876314963,96.6325992135683,12399800
2020-03-03,100.88409423828125,104.01724518071308,100.00476365077171,102.2159019122749,12510900
2020-03-04,106.28816223144531,106.4503711496506,102.10493205379916,102.3439726616587,9459300
2020-03-05,103.83799743652344,104.9222258617976,102.68547633761207,103.5562746885186,9363500
2020-03-06,103.86359405517578,104.67462557264905,100.35480380274684,100.76458581731752,9817400
2020-03-09,99.08275604248047,102.47202599521063,98.28026355067482,98.40831635927253,13116500
2020-03-10,102.91596984863281,103.1464714303302,97.69973905086097,101.5585513814921,11419100
2020-03-11,95.26664733886719,101.11463673889128,94.489765234974,100.39750828346689,16456000
2020-03-12,86.94285583496094,95.25809467898297,86.22573404457113,87.93317432268144,20988000
2020-03-13,97.38386535644531,97.8619465959643,89.99065162896673,90.92120354351167,17378700
2020-03-16,92.62863159179688,98.98884378238431,86.22573079052059,86.86602087064821,17367400
2020-03-17,100.9438705444336,102.19030120445272,94.56657986604404,95.14710983911564,19451400
2020-03-18,100.26942443847656,103.72699349361059,95.69348412213347,96.48744408595259,23139200
2020-03-19,94.61781311035156,100.73898549637185,93.72994330403358,99.5523149171027,16428100
2020-03-20,87.4465560913086,93.65309877741076,86.72942777125321,93.21770618622247,19922900
2020-03-23,83.40846252441406,88.5734724382062,80.53996207667113,85.53423055255622,17776800
2020-03-24,88.1636734008789,88.78689195064497,82.01689117887359,86.42209009822588,14625500
2020-03-25,86.15744018554688,89.38450146812355,84.17680960128264,85.80741829389162,13789100
2020-03-26,91.67247772216797,92.46643781192876,87.53193582941557,88.68445685948933,15796000
2020-03-27,94.05433654785156,97.57166550623879,90.91264649655079,90.91264649655079,16073100
2020-03-30,98.1778335571289,98.85227336925607,94.07997355113596,97.23874253882147,14571600
2020-03-31,93.90922546386719,97.57168603856222,93.0128166154556,96.89724627408114,21691000
2020-04-01,93.33723449707031,95.77033585479639,91.34806479395611,92.15909640874197,11095800
2020-04-02,97.66558837890625,98.1692801508723,91.77491792565569,91.93712684161599,9168800
2020-04-03,98.24612426757812,98.94617458592403,96.47892367654833,97.10213578830945,7768700
2020-04-06,100.57676696777344,101.59269601217284,97.81925458064325,99.8852557430607,16848400
2020-04-07,96.2740249633789,102.49764605956422,96.04352337316536,99.63768466623695,14438400
2020-04-08,98.26319885253906,100.14138729871371,95.49714708372893,97.65705826046648,12564500
2020-04-09,97.88755798339844,101.30243866914698,97.4948409727735,98.39978878358711,12747300
2020-04-13,98.98883819580078,99.67181684807233,96.606964963914,96.99113638496227,7926700
2020-04-14,103.2659912109375,103.70139032234752,99.24496998291144,101.38780943811348,10474200
2020-04-15,103.48795318603516,105.36613483012364,102.09638523267088,103.18061342414903,14192900
2020-04-16,103.72700500488281,104.58072521068432,102.36105397827406,104.45266587714045,12020200
2020-04-17,106.45037841796875,106.70649058100472,102.90743813233878,104.53804039778389,15899800
2020-04-20,102.9586410522461,105.20392904661743,102.90741993137195,103.70137987175801,10832000
2020-04-21,102.17323303222656,102.70254189707963,101.1060827902094,102.01956313684137,9465400
2020-04-22,101.93418884277344,102.68546024197511,101.40487999649648,102.43788061291175,10259400
2020-04-23,102.6139907836914,102.84602958343329,101.45378367137043,101.96943054831245,17277000
2020-04-24,102.0811538696289,102.92338214459103,101.94365109305082,102.35616597959095,12751100
2020-04-27,100.93811798095703,102.43350226635557,100.4654444664915,102.43350226635557,10635700
2020-04-28,100.45687103271484,101.33347671486442,99.83809209397548,100.63734713037941,9958000
2020-04-29,100.62016296386719,101.4537953466471,98.90133547172107,100.99830055351089,8707900
2020-04-30,101.29907989501953,101.65143604931534,99.39977669141112,99.62321949879667,10026400
2020-05-01,100.39669036865234,101.72878399015823,99.96698359485109,101.06703188669348,7366400
2020-05-04,99.49430847167969,100.7232701681753,98.8325628920922,100.62873414869061,5636000
2020-05-05,99.70057678222656,100.77484381681755,99.01304325736606,99.52010070723195,5425200
2020-05-06,97.19967651367188,99.81229463548497,97.01920044511047,99.29664778862308,7892200
2020-05-07,96.40043640136719,98.09348249646452,96.09964290760009,98.02472782451592,8762800
2020-05-08,99.64900207519531,99.94980207393208,97.44890540643321,97.56062681149197,9279900
2020-05-11,99.0989761352539,99.70056956516045,98.76380536926811,99.47712020223486,6947500
2020-05-12,98.44583892822266,99.60604607615805,98.09347617479904,99.00445257058735,6734400
2020-05-13,97.90441131591797,99.13337322173007,97.74112716456555,98.2138007856893,9312600
2020-05-14,97.80988311767578,98.35990742871813,95.60978587350637,97.57784427515763,9310000
2020-05-15,98.49740600585938,98.65210073621152,96.29730900245667,97.91300441972975,10694800
2020-05-18,99.87244415283203,100.54278564786964,98.58332387566593,99.7177494572999,10020800
2020-05-19,96.63248443603516,99.38260582150482,96.54653781533388,98.90992563487414,8047600
2020-05-20,97.35437774658203,97.77548860144157,96.36605073240464,97.11374297237658,6593800
2020-05-21,95.92774200439453,97.28561041879874,95.7644513330907,96.94185024713488,6552700
2020-05-22,96.76995086669922,97.6293642963445,96.04804673306315,96.5035348016865,5571900
2020-05-26,96.28012084960938,98.1020803503368,95.97932735007589,98.1020803503368,10432400
2020-05-27,97.87863159179688,97.94738626552095,96.09964538922739,96.68404700226891,8279700
2020-05-28,99.74353790283203,100.5427927937527,98.74662156050819,99.28804975494918,6586700
2020-05-29,99.62322998046875,100.31076353179084,98.5059961555777,99.80370606240947,7868000
2020-06-01,100.7662353515625,100.98108873184302,99.05600428043493,99.69196845015992,5105600
2020-06-02,101.4623794555664,101.53113412528916,100.39670830208841,100.61156172736739,6327900
2020-06-03,101.86629486083984,102.43351099469685,101.36783338989986,101.49674674366786,6171000
2020-06-04,99.7349624633789,102.12413149922766,99.3224410025676,101.41081655491132,6895800
2020-06-05,101.69441986083984,102.12412669041478,99.73495776706703,99.90683787617466,7337800
2020-06-08,102.31320190429688,102.37336060002305,100.4138918889293,100.92954534578907,6926700
2020-06-09,101.7030029296875,102.92337523269465,101.53971880326687,102.61398581016388,5563200
2020-06-10,102.46790313720703,103.03511279624486,101.50535738765598,102.27023509195043,6678200
2020-06-11,99.91543579101562,102.76009295992367,99.69198639938719,102.10693673036684,8937500
2020-06-12,99.36540222167969,101.45377751995596,99.05601280291243,100.19902790117466,7998500
2020-06-15,100.28497314453125,100.79202401146772,97.76689108291191,98.44582860061054,8786000
2020-06-16,101.52253723144531,102.24444814337332,100.49124342218371,101.86630402013455,8165200
2020-06-17,101.35063934326172,102.36474758582365,100.92952854328409,101.74596878604959,6320800
2020-06-18,102.5108413696289,103.09524281269191,100.86936499194609,100.94670905978451,6274400
2020-06-19,102.20145416259766,104.69375468044255,102.12411009311101,103.55073312590469,17506200
2020-06-22,101.19596099853516,102.33898276858518,100.8435982418466,102.0811560414079,5695600
2020-06-23,101.17877197265625,102.43351511574684,101.11001730697313,101.98661634561245,5340400
2020-06-24,100.05292510986328,101.3764227794542,99.93260773597366,100.74045858077977,6547800
2020-06-25,101.31626892089844,101.43658630052197,99.7177590981224,100.54279536845755,5489300
2020-06-26,99.03023529052734,101.81473361077838,98.8669446029453,101.05844542139258,23201700
2020-06-29,101.11861419677734,101.45378499901605,99.99277784562123,100.130287178235,6866900
2020-06-30,102.76008605957031,103.12103820555875,101.23892684044449,101.38502558189616,7818000
2020-07-01,103.11245727539062,103.46481347828738,102.1842889177796,102.82884918443068,6501200
2020-07-02,103.88591003417969,105.33832106639875,103.58511659588719,103.9890420230822,6150900
2020-07-06,104.5304946899414,105.20084293957557,103.88593436117553,104.65081209343316,6023300
2020-07-07,105.03753662109375,105.92273162534441,103.89451490091507,104.24687764222963,6866300
2020-07-08,105.61334228515625,105.91413574947575,104.84846466582705,104.97737802390849,6494100
2020-07-09,105.260986328125,106.55010679811762,104.68517420168925,105.55318382072322,5341000
2020-07-10,106.4727554321289,106.99699827755133,105.25238963584964,105.33832968856686,6752600
2020-07-13,106.61026763916016,107.93375891169667,106.00007816774676,106.5672943332389,7681500
2020-07-14,107.50403594970703,107.99390795920718,106.1375715762748,106.55868237253439,6272100
2020-07-15,106.99699401855469,109.05958798569515,106.79073658888228,108.2689290412797,8145000
2020-07-16,107.22045135498047,107.873601023584,106.48995104650186,107.49546346723615,3959300
2020-07-17,107.96814727783203,108.3462914268009,107.2806202104782,107.50406306504475,4868600
2020-07-20,107.63298034667969,108.14862730511672,107.2462467670536,107.83064840176407,4242100
2020-07-21,107.48685455322266,108.83613359102502,107.35794120682264,107.84780667769854,5162300
2020-07-22,108.40641021728516,108.6298595463953,106.74774202468375,107.8563861431711,5929200
2020-07-23,109.1078109741211,109.98994158362862,108.62349789214626,109.07321671125283,6664800
2020-07-24,108.93486785888672,110.50022071934592,108.38137270607741,109.82564891424599,6014200
2020-07-27,109.24620056152344,109.52294811476006,108.57162881289557,108.71864950720017,6464600
2020-07-28,110.5953598022461,111.09697347400721,109.22027205709394,109.28946060479775,7644400
2020-07-29,110.96720123291016,111.77150627216899,110.14560896003913,110.31857367069172,6702000
2020-07-30,113.65687561035156,114.18442670195817,112.12611044349875,112.99960424882742,10400700
2020-07-31,113.39739990234375,113.4752452455762,111.79745969911511,112.99958235410075,8487000
2020-08-03,113.54443359375,114.08928507701836,112.83527418037667,112.83527418037667,7769400
2020-08-04,115.70651245117188,115.82758907823224,113.03416984196365,113.09471475367513,7773700
2020-08-05,115.40383911132812,116.45028438001158,115.12708496652209,115.53355936897849,5680000
2020-08-06,114.77251434326172,115.34329668561956,114.26225052729633,114.89359098513935,3974100
2020-08-07,115.49897003173828,115.57680218520494,114.54764416815563,114.92817451358869,4934900
2020-08-10,115.97467041015625,116.26871188243693,115.18766541402148,115.6287276224425,5812700
2020-08-11,115.22218322753906,116.52809501519705,114.84165298997938,116.1216207338365,5329900
2020-08-12,117.15081024169922,117.59187230233272,115.62868887851488,115.68923379471589,5920400
2020-08-13,117.42755889892578,117.50539105655834,116.69244221986858,116.82217567895398,4989500
2020-08-14,116.83946990966797,117.30647602703405,116.36380697767044,117.28053197586726,5845200
2020-08-17,117.1854019165039,117.35836666013368,116.4589420754404,116.7010953557949,5603800
2020-08-18,118.05888366699219,118.93237740533144,117.11621458757885,117.45350045986271,8670700
2020-08-19,117.4189224243164,117.89458541050803,117.18541274084683,117.22000041422201,6827700
2020-08-20,118.35293579101562,118.46535561519822,116.91730336082142,116.9605478453673,4352200
2020-08-21,118.8631591796875,119.43395457371355,117.5399600730386,118.13669951257847,5706600
2020-08-24,119.7885513305664,120.02206098282159,118.65561713076914,118.90642721558193,7420500
2020-08-25,120.26421356201172,120.34204571352831,119.17452385168917,120.21232546100066,4718300
2020-08-26,119.68477630615234,120.48908147345419,119.56369966978433,119.84045380797616,4746200
2020-08-27,119.52909088134766,120.80904555342332,119.50313363866032,120.07392905055562,6156100
2020-08-28,120.01341247558594,120.1344891058296,118.43940308605536,119.62423853525723,4166300
2020-08-31,119.63290405273438,119.97883357493765,119.1918419324704,119.5118274003267,5596800
2020-09-01,119.50318908691406,119.53778996231075,118.5432325347183,119.22644806557763,5671800
2020-09-02,121.51820373535156,122.3225087534057,119.0101825061064,119.44260086951842,8384800
2020-09-03,119.57235717773438,122.54739852706533,118.56049948561284,121.71716240877517,7277900
2020-09-04,119.3128890991211,120.37663465356016,117.72157937969591,119.1831556630818,7437700
2020-09-08,117.56593322753906,119.90099027646342,116.7875720803215,119.79721406871342,6847500
2020-09-09,119.4771957397461,120.69661876525727,117.85131156875985,117.98103180706445,6002900
2020-09-10,118.22319030761719,119.97016437386951,118.05886920088163,119.451257004848,5242500
2020-09-11,119.46855163574219,119.91827045396857,118.62101529076172,119.07937772605253,4398000
2020-09-14,119.89232635498047,120.7139186520533,119.63287268317801,119.72800525629351,4767400
2020-09-15,119.89232635498047,120.87823975074025,119.68476077826611,120.03069020976143,4046500
2020-09-16,119.08804321289062,121.2241914963038,119.00156743727993,120.70529725354653,6049900
2020-09-17,118.93236541748047,119.24370720638865,117.7821308416909,118.53453466640114,4648500
2020-09-18,118.8026351928711,119.28694172287976,117.84266575075992,118.40481762737679,10192800
2020-09-21,118.23184204101562,118.88911324335221,116.49351166694383,118.48263890090293,7092600
2020-09-22,119.3128890991211,120.23825760032977,117.82536876779976,118.04157796483643,4722800
2020-09-23,117.88591766357422,119.71072408039683,117.69565248674047,119.71072408039683,6373700
2020-09-24,118.41345977783203,118.6123685581142,117.36701458053791,118.19725056558876,5708200
2020-09-25,119.01885986328125,119.338858516448,117.52269559671,117.52269559671,4969900
2020-09-28,119.35613250732422,121.02527454013077,119.1572237208239,119.8317954284019,5810800
2020-09-29,118.70753479003906,119.71074898636166,118.18864045137919,119.68480492924702,4492100
2020-09-30,120.20367431640625,120.94743450917561,119.18316000708894,119.48585817251794,8727800
2020-10-01,120.4198989868164,121.0685266848708,119.52911800386418,120.7139403761403,5713400
2020-10-02,119.45126342773438,120.31610029169738,118.43940588046125,119.28694231216328,6077900
2020-10-05,120.54960632324219,120.7744591504358,119.60693733693148,119.97016722533479,6333900
2020-10-06,120.73988342285156,121.74309742128186,120.04801124474915,120.57556229596126,6042900
2020-10-07,121.68254089355469,122.279280425283,120.53230631142213,121.14634627495265,4640900
2020-10-08,122.5041275024414,122.74628075085297,121.38849383628543,121.56145855709907,4569800
2020-10-09,123.60249328613281,124.22517693564396,122.54739116870361,122.6684678118661,6551700
2020-10-12,124.96025848388672,125.68671813865707,123.95704475318823,123.95704475318823,5791500
2020-10-13,124.71814727783203,125.26298560426216,124.0695195397863,124.38086138190286,4509400
2020-10-14,124.57112121582031,125.48785956155328,123.74088504884736,124.69219787335244,3860700
2020-10-15,124.38951110839844,124.87381773183292,123.57656219204809,123.72358290299314,4997100
2020-10-16,124.87377166748047,126.15372629959337,124.46729735924852,124.89971571299648,6806100
2020-10-19,122.7289810180664,125.73860908209647,122.05440943813487,124.94296089028903,6427600
2020-10-20,123.22193908691406,125.99807092033379,122.72033217759615,125.92888239528699,7582100
2020-10-21,123.88784790039062,124.83051666493216,123.2132763811444,123.23057680881628,5649700
2020-10-22,123.0103988647461,124.14093189671661,122.68863677266279,123.04519184583495,4502900
2020-10-23,123.81922149658203,124.25404105428079,123.2800362216805,123.2800362216805,4278100
2020-10-26,122.87998962402344,123.53221885422565,121.75814791707855,123.0539147648165,5315500
2020-10-27,123.8017578125,124.65399996758507,123.18430853701129,123.43651117460641,6806700
2020-10-28,119.71446990966797,122.56688386231966,119.41009104846752,122.1407561105658,8192200
2020-10-29,119.63623046875,120.95807204953185,118.09696589219334,119.44490884817745,5476900
2020-10-30,119.22748565673828,120.00146366359333,117.12294806812241,119.2970450839664,6422000
2020-11-02,120.4449691772461,121.74942732718016,119.52315420776753,120.4536607878439,6682800
2020-11-03,122.81040954589844,124.06269171589936,121.15810090303641,121.15810090303641,6244200
2020-11-04,122.30602264404297,124.35837111775079,121.98426047554675,122.14949400087316,5820600
2020-11-05,123.81922149658203,124.81930117143324,123.2974327194876,123.87139772036352,5673100
2020-11-06,124.55838775634766,125.28889458662148,123.81920258295567,124.07139204925699,4702300
2020-11-09,120.00145721435547,127.76732496816433,119.66229862889661,127.09769940777424,12664700
2020-11-10,121.97553253173828,122.28860302852375,119.27095535023001,120.09712282066037,7854000
2020-11-11,123.54959106445312,124.35834878150943,122.31469228738585,123.35826946629537,5554300
2020-11-12,123.61915588378906,123.96701938181144,122.67995761321774,123.74090479068799,5631700
2020-11-13,125.47146606445312,125.64539114427483,123.38433856732672,123.67132092036738,6466800
2020-11-16,123.86266326904297,125.90632001023612,122.84518733926915,125.90632001023612,7976600
2020-11-17,123.38438415527344,124.76710696474763,123.27132684028217,123.39307576810434,6396800
2020-11-18,121.48854064941406,123.57568178176089,121.45376093521085,123.4800209806579,6097100
2020-11-19,121.34070587158203,121.85378960072715,120.40149433521512,121.63637989146544,5284100
2020-11-20,121.14071655273438,122.05384016569825,120.55806000932498,121.34072980921505,4726900
2020-11-23,120.67107391357422,121.70594619844731,119.88840430919426,121.15808278323529,4770600
2020-11-24,120.27976989746094,121.61031652724641,120.07106502667939,120.73198590021809,7101800
2020-11-25,120.60152435302734,121.2189738519861,120.04495595056818,120.149321648905,8411300
2020-11-27,120.54063415527344,120.78413195680672,119.60142266237294,120.52323766383965,4252200
2020-11-30,120.76673889160156,121.05372129504372,118.91441722521718,120.0101573632038,11640400
2020-12-01,121.20157623291016,121.34941326207526,120.14932053425342,121.01895948438039,7169700
2020-12-02,120.3232192993164,121.69725013172948,119.56663782480857,121.20154966937304,6963000
2020-12-03,119.43619537353516,120.31453909650702,117.87084280403465,120.08842450502405,8742500
2020-12-04,119.54926300048828,119.88842164738651,118.15783542521326,119.32316165910173,6617200
2020-12-07,119.73186492919922,119.78405440426566,118.75787370878825,118.80135830319271,6918000
2020-12-08,120.05366516113281,120.68849790800479,118.64484097471006,119.15793806346863,6493500
2020-12-09,118.62744140625,120.0449437405773,118.48829600237859,119.86232700892764,6773400
2020-12-10,117.84474182128906,119.07093563919206,117.43601054865472,118.72308544826821,6800500
2020-12-11,118.71440124511719,118.96660395665303,116.7055375129279,116.93165211908233,6548000
2020-12-14,118.14047241210938,119.94930999192562,118.07089969447966,119.15794852687067,6485300
2020-12-15,118.83614349365234,119.6101215390348,118.47960165022853,118.61004216981824,5397000
2020-12-16,119.3753433227539,120.24498227960723,118.88834763005804,118.88834763005804,5382500
2020-12-17,120.22760009765625,120.98418183390314,119.96670572561419,120.01888194609481,7405300
2020-12-18,120.9145736694336,121.81031384709881,119.53185115349989,120.23625646276291,19988800
2020-12-21,119.59273529052734,120.38409653874342,118.46220216068738,119.97537849782414,6732400
2020-12-22,118.74919891357422,120.07105380677059,118.60136188737232,119.3927232312016,5023100
2020-12-23,118.56657409667969,119.6188430900106,118.38395734380487,119.47969766996661,6004200
2020-12-24,119.76667022705078,120.12322536033926,118.44481538512554,118.44481538512554,2588200
2020-12-28,120.60152435302734,121.2189738519861,119.96669162904362,120.1406167667551,3714700
2020-12-29,120.37540435791016,121.6972590851434,120.18408275516711,121.0711180706453,5139300
2020-12-30,119.81014251708984,120.81022184030083,119.61882091740225,120.53194432143214,3261400
2020-12-31,121.00155639648438,121.13199692404078,119.47968831668905,120.27975451485364,4076400
2021-01-04,119.85363006591797,121.62768744263785,118.57525992269103,121.45376233035324,8330900
2021-01-05,120.6189193725586,120.81024100259265,118.50570309941519,120.0014831507883,6856400
2021-01-06,121.88856506347656,122.6538381067161,120.53193079584403,120.67976778453388,10578000
2021-01-07,120.7493667602539,121.86250349241054,120.04494810366597,121.53203646361396,7355400
2021-01-08,120.69715881347656,120.93196499641476,119.14051125686187,120.41888130783107,7448500
2021-01-11,119.87971496582031,121.26243748554145,119.66230526386535,120.66238458500413,7239900
2021-01-12,119.18402862548828,120.22759278050536,118.47962315259271,119.87974248537905,6333500
2021-01-13,119.36664581298828,120.07106455804148,119.22751365622305,119.22751365622305,6078800
2021-01-14,118.09696960449219,119.70579366670515,117.6447536444114,119.51447204011855,6172800
2021-01-15,117.20991516113281,118.44480065169873,117.10556275252115,117.618646454375,7757600
2021-01-19,116.18376159667969,118.58396016809229,116.14896860990818,118.00999531309043,9184900
2021-01-20,114.7314453125,116.35767895985886,114.14878888449024,115.25323392217454,12506600
2021-01-21,114.61859130859375,115.47598756406809,114.1811491434366,114.30363241569358,8761600
2021-01-22,113.7349624633789,115.02104349151575,113.72621842599563,114.62734821446222,7202800
2021-01-25,115.69470977783203,116.35961706948875,113.64747027912668,113.69121716600522,9640000
2021-01-26,116.4383544921875,116.77081481581203,114.98604327282058,115.70345484492076,5996700
2021-01-27,112.31765747070312,116.44711268339107,111.72272916904005,115.82593891912126,10826700
2021-01-28,114.04991149902344,115.17850630900305,111.4952510879596,111.84519944850426,8242000
2021-01-29,112.16893768310547,113.98868553419831,112.04645439794197,113.90120510175402,8344100
2021-02-01,112.83384704589844,113.43751944411527,112.16018229067474,112.86009251106638,6534200
2021-02-02,112.67635345458984,114.36488725024479,112.58887302637365,113.38502101629552,6825600
2021-02-03,112.81633758544922,113.03505867939141,111.76647900446191,112.81633758544922,7309400
2021-02-04,112.8863296508789,113.26253687333597,112.49263435271769,113.19254452149103,6613700
2021-02-05,113.35877227783203,113.82245991797785,112.88632725034425,112.96506363836694,5063700
2021-02-08,113.0088119506836,113.82246135286937,112.0814366587011,113.6737192629392,7011200
2021-02-09,112.5713882446289,113.68249530969486,112.18643692446885,113.26255448301033,5917800
2021-02-10,112.17768096923828,113.00007445682584,111.95020915195778,112.64136864208203,8594100
2021-02-11,112.27391052246094,113.14879487468178,112.16892867209069,112.45762876060888,6139200
2021-02-12,111.65275573730469,112.0989486750616,110.7428751097472,111.98520942484278,8407300
2021-02-16,111.91521453857422,112.13393564579071,111.10157175273532,111.95896142995291,8246000
2021-02-17,112.38765716552734,113.28878703971745,111.2065578723346,111.27655022708525,8845200
2021-02-18,113.32376861572266,113.60373801514257,111.62649084334767,111.81896646802993,6936400
2021-02-19,111.21530151367188,113.24503294851044,111.12780773837775,113.16629656055122,8277900
2021-02-22,110.74285125732422,111.32027139813695,110.5678704003831,110.9265761509845,6975500
2021-02-23,111.56525421142578,113.67372211541219,111.27654743628713,111.7927260212413,10145300
2021-02-24,111.68775177001953,112.19518635152284,111.03158843440482,111.41653305240852,7263000
2021-02-25,110.74285125732422,112.85132552831374,110.48913402088748,111.53899246318547,7790800
2021-02-26,108.07447814941406,111.04908669994987,106.57842649785903,110.70788228862182,17718800
2021-03-01,108.73938751220703,109.78924616702398,108.48567022441125,108.62565493830073,7740200
2021-03-02,108.39815521240234,109.23804325502434,107.98695856474811,108.37190975401367,10206500
2021-03-03,107.75074005126953,108.66061373507195,107.42703049800747,108.28441326635422,7537000
2021-03-04,106.86712646484375,109.15931922807044,106.33344646848074,107.69826394123179,10228100
2021-03-05,110.21792602539062,110.52413419257398,107.21707263731898,107.40079753762899,10490900
2021-03-08,111.38152313232422,112.7725860282886,109.64050516557177,110.02545641092242,9224700
2021-03-09,110.39291381835938,112.79009520452229,110.28792528745625,111.6789949538601,8859700
2021-03-10,111.40776062011719,112.35263724116062,109.7717312941573,110.36665286946199,9070900
2021-03-11,111.03157043457031,111.85395714299628,110.86534028054788,111.22403937495083,6941500
2021-03-12,112.107666015625,112.70259424084662,111.67897460684166,111.67897460684166,6521900
2021-03-15,112.47513580322266,112.89507657535371,111.27654845271196,112.32640705787783,7172600
2021-03-16,112.8075942993164,113.71746818232177,112.43138707339722,112.43138707339722,6485200
2021-03-17,112.35264587402344,113.59498004075803,112.29141091176415,112.95631820743634,6192900
2021-03-18,112.59761047363281,112.89506794157406,111.14530595839207,112.16892569621027,6871300
2021-03-19,111.99394989013672,113.50750954974495,111.89771874470915,112.94758405447296,20262100
2021-03-22,113.8924560546875,114.51362991401508,111.99395832077776,111.99395832077776,8077600
2021-03-23,116.00968933105469,116.61334841863679,113.72624026601939,114.09369015181292,9503800
2021-03-24,115.97467041015625,116.48210494872527,114.27739258969206,114.55736199704438,8318000
2021-03-25,116.77957916259766,116.90206245844325,115.52850073715179,116.43837474205078,7517300
2021-03-26,118.50308990478516,118.64307461341005,115.90468215577064,116.55210142090333,10821200
2021-03-29,120.35785675048828,120.38410221526313,118.10939737047943,118.10939737047943,11176000
2021-03-30,118.50308990478516,119.85916340152606,118.23187787537229,119.51795901780075,8090600
2021-03-31,118.48558044433594,119.64043418766633,118.33685170763593,118.70430153060224,9202600
2021-04-01,117.4794692993164,118.52932784803444,116.64833183781779,118.1531339858614,9117800
2021-04-05,119.37796783447266,120.0778779899595,117.87316567256248,118.07439868642521,8279100
2021-04-06,119.42168426513672,119.87662775262648,118.66928337607277,118.98424219823146,6180600
2021-04-07,119.63170623779297,120.14788486687334,119.2030080451778,119.9641532558447,10244500
2021-04-08,120.08663940429688,120.41035574098618,119.50046840228894,119.77168045623672,6190300
2021-04-09,119.30799102783203,120.09539506146902,118.59933674233307,119.4304743197741,5855400
2021-04-12,119.78917694091797,119.89415880271352,118.73057423534017,119.4217270749563,6440900
2021-04-13,118.20565032958984,119.32550146899007,117.96942776668676,119.00179846219302,9161200
2021-04-14,118.63432312011719,118.80053993277781,117.7419373458079,118.56433077020316,7584000
2021-04-15,120.06913757324219,120.52406784080365,118.87053689030871,118.9580306685116,7945300
2021-04-16,120.07791137695312,120.64658102720895,119.75420834677793,120.39287036701101,7708500
2021-04-19,119.51793670654297,119.92913336781974,118.4505768644638,119.80665010805693,9149400
2021-04-20,120.51532745361328,121.25022715394522,116.82331417617092,117.96941061709549,10040500
2021-04-21,119.72795867919922,121.23276120675443,119.50923753681828,120.63783275764513,8465900
2021-04-22,118.53929901123047,119.56064794685916,118.0374178094659,119.19084710954868,7338300
2021-04-23,117.93174743652344,118.93549626172317,117.32421277796537,118.80341591611759,6708300
2021-04-26,115.5720443725586,117.77324902761707,115.49280422939738,117.5355285981334,9910600
2021-04-27,115.50157928466797,116.12672718322794,114.71795113398761,115.55441947045887,8296800
2021-04-28,115.69532775878906,116.0915554011507,115.23748679865074,115.96828846033054,6262800
2021-04-29,116.67263793945312,117.09527887475203,115.61606247137787,115.61606247137787,6786800
2021-04-30,117.47388458251953,117.69400504083674,116.45252243150689,116.88396336643979,9188600
2021-05-03,118.86503601074219,119.46375715069611,118.01096764015449,118.01096764015449,8070300
2021-05-04,118.46001434326172,119.59584337819692,118.16946717487785,118.84742848122144,9624000
2021-05-05,117.50911712646484,118.83863992309202,117.42986354692884,118.31034542325902,8295900
2021-05-06,118.9883041381836,119.19081118052858,117.91411531952434,117.9933554532569,9771100
2021-05-07,118.9970932006836,119.7719213752028,118.65370588426424,118.93546646957456,6299100
2021-05-10,121.2159652709961,121.8763268251648,119.47261452981598,119.64870825724293,8852700
2021-05-11,120.61720275878906,122.2020592000036,120.15934847561665,121.93792541652493,10973700
2021-05-12,119.34052276611328,120.62603238029128,119.29650941477556,120.17699140295286,8853700
2021-05-13,121.25996398925781,121.97315215303848,119.20843962370239,119.64868055789658,8753600
2021-05-14,121.51529693603516,122.47503237626586,121.21593632738086,121.21593632738086,5989500
2021-05-17,121.2687759399414,122.44863197069404,121.16312240453519,121.48009644584226,7690700
2021-05-18,120.02729034423828,121.35681308009866,119.87759660922725,120.15055726388701,9239100
2021-05-19,120.2738265991211,120.47633366366404,119.38453132835701,119.79835887443622,9806800
2021-05-20,121.50650024414062,122.13164829451631,120.37948450508891,120.44111125085138,8768200
2021-05-21,121.50650024414062,122.33415536643209,121.31279315445167,121.68259393428858,10161000
2021-05-24,121.47128295898438,122.21088449478343,121.26876245851872,121.50649632184232,6981300
2021-05-25,121.8851089477539,121.92913573193135,120.4059057320273,121.5505349451995,8142400
2021-05-26,121.61212921142578,122.26369051198533,121.39200878442273,122.20205034358384,8122900
2021-05-27,118.84742736816406,121.75301994056396,118.56568018370491,121.61213963079148,33095700
2021-05-28,118.73297882080078,119.85999447578149,118.548071727132,118.99711261877566,10477100
2021-06-01,116.99844360351562,119.7455429363568,116.64624276912055,119.56063581891337,9993900
2021-06-02,117.50911712646484,117.6587974332305,116.68146201310051,117.10408955191458,8254100
2021-06-03,119.61348724365234,119.66631401499629,117.28020184027643,117.3066152259484,11249800
2021-06-04,119.70149230957031,120.29141347520275,119.21722465566744,119.48137187007677,6894400
2021-06-07,120.11534118652344,120.48514197847263,119.463779733039,120.06251442125753,8418000
2021-06-08,118.7241439819336,120.40586717938946,118.64490385683898,120.3442270142599,6911500
2021-06-09,118.68013763427734,120.13294068642956,118.63612429170695,119.34931241045155,6200700
2021-06-10,119.56063079833984,120.05371194578757,118.53046859178284,118.88266941138835,6515500
2021-06-11,118.74178314208984,119.63106497630785,117.89651465241866,119.52541145325652,10641400
2021-06-14,118.78582000732422,118.89147353934614,117.949364863612,118.84744675597433,6302000
2021-06-15,118.55689239501953,119.42857438569057,118.46885225869508,119.04116016761455,5543400
2021-06-16,116.9103775024414,119.37572933854969,116.79591056414874,119.02352854191327,8936400
2021-06-17,117.97576904296875,118.12544934668544,116.79591314205345,116.9456068808571,7875600
2021-06-18,116.25003814697266,117.41228084343155,116.17079799087479,117.40346742491676,13997600
2021-06-21,117.16572570800781,117.33300597329199,116.5757910482513,116.83113830726593,8014800
2021-06-22,117.2097396850586,118.00218141186986,116.99843263931173,117.1392995247807,6550900
2021-06-23,117.04244995117188,117.42106414611362,116.50536890163526,117.0600633506101,5796000
2021-06-24,117.12167358398438,117.37700735265895,116.83991300536597,117.06003341925516,6056700
2021-06-25,118.79460906982422,119.34050351520705,117.06005875810942,117.33300598080083,24504900
2021-06-28,119.14680480957031,119.88640630450384,118.6537237111951,118.77699062701735,6065400
2021-06-29,118.33675384521484,119.59584986184329,117.82608620122231,119.31408922438443,5792300
2021-06-30,118.80342864990234,119.1204027042076,118.23992071281396,118.49526801396794,5776600
2021-07-01,119.07637023925781,119.86879853028049,118.79460959839572,119.243650505297,5922300
2021-07-02,119.65746307373047,120.30902439786183,119.23483560041872,119.39332929983884,5572000
2021-07-06,119.72794342041016,120.0097041206013,119.18204885765189,119.32292920774746,6534400
2021-07-07,120.62603759765625,121.14551876872832,119.77196895737663,119.77196895737663,5532700
2021-07-08,120.60839080810547,120.97819154455462,119.64866888957656,120.6172042243856,7585200
2021-07-09,120.65242767333984,121.19832212492463,120.48513397105755,120.83733477456944,5948700
2021-07-12,120.7492904663086,121.03985111331005,120.12414238910763,120.53796996801081,6807300
2021-07-13,120.5995864868164,121.12788091135214,120.08890545912128,120.08890545912128,5603800
2021-07-14,121.48887634277344,121.70899679520241,120.07130009172742,120.63480791254213,5903600
2021-07-15,122.52784729003906,122.61588740667204,121.24233798440903,121.51528518561699,7357100
2021-07-16,123.71648406982422,123.95421790071603,122.48381501165389,122.65110869135238,9346300
2021-07-19,123.65487670898438,124.91395934174248,122.21968695310755,123.54922318318292,9544100
2021-07-20,122.9945068359375,125.01080428001303,122.9504800581885,123.65486819691354,8136300
2021-07-21,122.56307983398438,123.44356174864674,122.37818615555445,123.22344126998115,6954700
2021-07-22,122.09349822998047,122.56308751582155,121.12774015303071,121.64161960126069,6013800
2021-07-23,123.85663604736328,124.0249818829997,121.4555312368348,121.80993356058788,7906000
2021-07-26,124.29080200195312,124.76926005527721,123.35162358860705,123.70602594548293,5925800
2021-07-27,124.79586029052734,125.47808561684232,124.04273825755796,124.17563578357111,7075400
2021-07-28,122.94405364990234,124.63635403907767,122.89976349320096,124.63635403907767,8520000
2021-07-29,123.58203887939453,124.20225004029896,122.91752402422776,123.8301233437563,5430500
2021-07-30,126.01856231689453,128.06526540368338,125.41607548597227,125.81478159697507,14394300
2021-08-02,125.70848083496094,126.19578085999957,124.75157792540017,125.61101812603565,7009500
2021-08-03,127.54249572753906,127.77286943455115,125.38947497700569,125.69071834200822,8455700
2021-08-04,126.19575500488281,127.66655066747632,126.12488533980961,126.73622745826549,6628000
2021-08-05,126.25777435302734,127.18809749954544,125.3451753813757,127.01089630963345,5363300
2021-08-06,125.29204559326172,126.80713166783443,125.12369969173425,126.7273931417174,6030100
2021-08-09,125.97422790527344,126.33749909273469,125.54894239191398,125.77044723506118,4743800
2021-08-10,126.05398559570312,126.26662160215942,125.51351321332119,125.73501806643537,5253500
2021-08-11,126.36408996582031,126.91343121958538,126.23119245580355,126.47042149341763,4205000
2021-08-12,126.65646362304688,126.83366478947242,126.12486012377023,126.83366478947242,4956100
2021-08-13,127.2678451538086,127.57795739813047,126.42612930154446,126.65648951302761,4888800
2021-08-16,128.15383911132812,128.19814278304472,127.03745958981544,127.29439925443971,6040800
2021-08-17,128.36651611328125,129.0044512677819,127.48935189594653,127.94121699722392,7577000
2021-08-18,126.96660614013672,128.36651867267003,126.86027459920966,128.20702812107223,7162000
2021-08-19,128.46397399902344,128.72091370906028,126.842556668614,126.842556668614,5787200
2021-08-20,128.55259704589844,129.34115405049113,128.2779330977217,128.69436344482446,5273800
2021-08-23,127.8969497680664,128.7741006230926,127.79061821019371,127.84377722933617,4522200
2021-08-24,126.86027526855469,127.71971533116091,126.68307405885545,127.59567313241288,4560400
2021-08-25,126.40839385986328,126.81596875725583,126.03626731159213,126.76280975315767,3861500
2021-08-26,126.1868896484375,126.44384286235167,125.3451738668379,126.3109318318355,4749400
2021-08-27,126.08943176269531,126.49700667769493,125.49580032531455,126.24005345400823,4741200
2021-08-30,126.63877868652344,126.6919512205495,125.85909060876686,126.34640410710634,3845800
2021-08-31,126.16032409667969,127.17038585020562,125.85908069220024,126.73623140051309,9642400
2021-09-01,127.44503021240234,127.75514241744085,126.01853840447541,126.1071457543674,6214200
2021-09-02,127.54249572753906,128.23358980940782,127.21467286089417,127.56021990182855,5392500
2021-09-03,127.6311264038086,127.91464564633439,127.16153709619853,127.3741731481963,5466400
2021-09-07,127.15264129638672,128.02980538371267,126.95771594364761,127.87032837851706,6520600
2021-09-08,128.11842346191406,128.41966684334372,126.70964220012814,126.77167005373192,6897800
2021-09-09,127.57794952392578,128.3665063186839,127.27669262647528,128.09184244359508,6354700
2021-09-10,127.70195770263672,127.99434567490802,126.9842842795984,127.6399298662849,5750000
2021-09-13,129.07528686523438,130.44861950256427,128.3399027336062,128.3399027336062,9952500
2021-09-14,128.85377502441406,129.67777996979834,128.42848956334083,129.47399932463966,5831800
2021-09-15,128.5791473388672,129.15506813379298,128.24246911740573,128.78294156086093,6237100
2021-09-16,127.68428039550781,128.64118315062544,126.54132110220897,128.33107089420915,6142100
2021-09-17,127.8880386352539,129.6069184570204,127.79057595918725,127.91461813603725,18737400
2021-09-20,126.60333251953125,128.3399367801246,125.7881961587092,127.78174013929362,10238700
2021-09-21,126.79825592041016,128.05640203503899,126.59447521328472,126.68306905484201,6651300
2021-09-22,127.23243713378906,127.8969519234441,126.57677767427772,127.42736255365492,6332500
2021-09-23,127.755126953125,128.19813660979327,127.1349161377058,127.63994011612508,5171200
2021-09-24,127.18809509277344,127.98550719208004,126.78052019606264,127.40959995586793,5009400
2021-09-27,125.51351928710938,126.8514037976113,125.38947710414618,126.83367962302113,5749700
2021-09-28,124.56550598144531,125.25660026367653,123.65290677491978,124.97308099076541,7015300
2021-09-29,125.83250427246094,126.41726691914593,124.20221797380414,124.28197001072168,5460000
2021-09-30,123.86550903320312,126.47040811055737,123.6262800209038,126.38180076686652,6934900
2021-10-01,123.67060852050781,124.2465158113684,122.55422877162727,123.98070724651535,5587200
2021-10-04,122.97062683105469,124.39711860878066,121.91627509932954,123.50224387998459,5816000
2021-10-05,123.44910430908203,124.50346972634048,122.90863184811698,122.97951503376973,6902700
2021-10-06,125.09708404541016,125.15909837461312,122.8200076471111,123.1478440257557,5332900
2021-10-07,126.09832000732422,126.72738637253985,125.59328232971849,125.59328232971849,5334600
2021-10-08,125.57554626464844,126.36410311852119,124.96419061577012,126.07171504646698,6131800
2021-10-11,126.09832000732422,126.49702613619966,125.61100650777131,126.14261017307635,5995600
2021-10-12,125.9122314453125,126.73622308933818,125.54896020630596,126.34638586653381,6734800
2021-10-13,126.20463562011719,126.48815486560088,124.95534472325171,126.16918726469025,5689800
2021-10-14,127.6311264038086,127.86148663333493,126.5324572300039,126.55018140753245,6777800
2021-10-15,127.95893096923828,128.3576370291091,127.303271690626,128.04753832458036,6923700
2021-10-18,126.11599731445312,127.32098423124073,125.90336131239728,127.18808672995583,9119000
2021-10-19,124.62752532958984,124.76929171614749,122.97952826472068,123.2276126814032,9555300
2021-10-20,125.11482238769531,125.77933702780089,123.90983529952047,124.17563033989472,7352700
2021-10-21,124.21439361572266,125.84586253679358,124.08065862674526,125.57840616223508,6545500
2021-10-22,125.55164337158203,125.71210901061748,124.20546507611665,124.26786384572124,5265000
2021-10-25,125.56948852539062,125.63188730051301,123.96476397616159,125.17722101297959,5382100
2021-10-26,127.35250854492188,127.64669556605308,125.91717352408507,126.25593887076178,6234900
2021-10-27,126.44315338134766,128.0924424817771,126.31834224075627,127.61103196903723,9643500
2021-10-28,127.2009506225586,127.37926394030808,126.33619632777548,126.49666198967454,4538500
2021-10-29,127.4773178100586,127.91415002512018,126.61255000015997,126.7373611478054,6239500
2021-11-01,127.1653060913086,128.19946356039426,127.03158469590842,127.80719599602402,5038900
2021-11-02,128.43125915527344,128.89484935803682,126.84436835703525,127.23663594372749,9954300
2021-11-03,129.3138427734375,129.36733132700903,127.94983024377937,128.49365321074998,7620100
2021-11-04,129.5545196533203,129.61691841439426,126.8978043186314,127.34356028175998,6402500
2021-11-05,130.1964111328125,130.49061173570075,129.09094491960164,129.66151207579261,6062700
2021-11-08,129.2246856689453,130.24993282131115,128.39558588465786,129.71502008065104,5854400
2021-11-09,129.616943359375,130.00921085896343,128.89482073667585,129.29599846002037,4873100
2021-11-10,130.89183044433594,131.3286627252087,129.79526062118097,129.9289956159885,7334900
2021-11-11,130.51736450195312,131.02553292275542,130.34798863174728,130.92746604874418,4096300
2021-11-12,130.6600341796875,131.12362436217344,130.14295543833728,130.82051345967773,5687400
2021-11-15,131.4088592529297,131.72089388453796,130.57975964846284,131.07900417632155,5510200
2021-11-16,131.22169494628906,132.46980669956028,131.061215661784,131.39999468198525,7603900
2021-11-17,131.1414337158203,131.74765540663014,130.53519842161558,131.02553279117936,4900200
2021-11-18,131.1592559814453,132.01511358413023,130.61543305555267,131.08793338093864,5509300
2021-11-19,130.89183044433594,132.14885233378683,130.8650725626569,131.899230000889,6274300
2021-11-22,131.76547241210938,132.78179551782637,130.90070470948956,131.02551584165153,6625400
2021-11-23,133.22756958007812,133.28105812920552,131.6495893638453,131.79223456378165,7912800
2021-11-24,132.53221130371094,132.72834508247482,131.65851952434565,132.63027819309286,5665200
2021-11-26,131.47129821777344,133.4772005609034,131.32865300855806,132.46087725118673,6299800
2021-11-29,132.85313415527344,133.42370134313097,130.86505241966492,131.7565645009045,7113300
2021-11-30,128.8948211669922,132.42520146828417,128.48471961512743,131.77440144364613,11696400
2021-12-01,130.51736450195312,131.8278883621965,129.13553164551516,129.13553164551516,8313500
2021-12-02,131.2840576171875,132.35388294386104,130.99878083923025,131.06117960802953,9468800
2021-12-03,133.61984252929688,133.72681963191584,131.64068451047288,131.9616294217253,11200800
2021-12-06,135.64358520507812,135.85755304515465,133.896228789678,133.896228789678,11935100
2021-12-07,135.28695678710938,136.02691343851706,134.8590348019392,135.46525648064738,7913400
2021-12-08,135.89317321777344,136.09823078064798,133.9764277803217,135.21562896713712,8329300
2021-12-09,136.68667602539062,137.46228739407007,135.15327374006222,135.78623987210682,8334300
2021-12-10,138.59446716308594,138.89757799064483,136.78468521408638,137.1591322403581,7172300
2021-12-13,140.5647430419922,141.15314442620334,138.1041739853794,138.45186323906813,8944000
2021-12-14,141.08181762695312,141.42059664480024,139.66431637343143,140.7697828891047,8677500
2021-12-15,141.6256103515625,142.32098868951394,140.53796451971127,140.53796451971127,9152600
2021-12-16,143.6315460205078,143.81876958746926,141.2333757766099,141.5097424108022,10852900
2021-12-17,140.37745666503906,144.17529210755464,140.24372173047868,143.2302917582473,24349400
2021-12-20,140.73410034179688,141.26901304198296,139.5840557208104,139.6107999954802,9202600
2021-12-21,140.64495849609375,140.99264770679684,139.7801905816841,140.54689161084949,6946000
2021-12-22,142.0357208251953,142.2675090846189,140.20811821557623,140.6538742860494,6626300
2021-12-23,142.73109436035156,143.46212721733917,142.1426931024915,142.19618165258876,5640900
2021-12-27,144.39820861816406,144.4160426682122,143.18575167938326,143.23924022613332,4548600
2021-12-28,145.173828125,145.65525228030305,144.3714726706885,144.38930672176514,5929400
2021-12-29,146.37734985351562,147.08163831144083,145.38777104077988,145.50367194784576,5346100
2021-12-30,145.11141967773438,146.73396452927,144.9687744854208,146.5645750638219,5911500
2021-12-31,145.83358764648438,145.96730905377464,144.8350981963211,145.19169768469413,5327000
2022-01-03,145.22732543945312,145.262993543759,142.53496851038656,144.14860334363001,9317300
2022-01-04,145.7354736328125,146.55566307363563,144.58541548831695,144.68348235642594,9253800
2022-01-05,146.39523315429688,147.38481229996356,145.67309680200165,145.70876491004947,9330200
2022-01-06,145.16493225097656,147.27781179868197,144.96879847993088,146.51111076733878,7556000
2022-01-07,145.08465576171875,145.78894419789842,144.38035372214668,145.4323448687884,6098500
2022-01-10,143.1055145263672,145.42343763685312,142.79347987524696,144.8796147557025,8055000
2022-01-11,141.4473114013672,142.83806808460605,139.88716524456038,142.83806808460605,11957900
2022-01-12,141.7593536376953,142.07138835700655,140.70737574451468,141.0907194706543,7127500
2022-01-13,141.11744689941406,142.15160421910602,140.66278061733698,142.02679306696356,6551000
2022-01-14,142.4725341796875,143.0787694289247,140.46663212849222,140.92131196626858,10708000
2022-01-18,139.72665405273438,141.3313781678556,139.11150867498858,141.3313781678556,10988400
2022-01-19,144.42495727539062,146.3773709113974,139.94065259146953,140.5112197797797,14088300
2022-01-20,145.20474243164062,147.2931826522798,143.51964598238743,143.51964598238743,10799100
2022-01-21,145.760498046875,148.20747734209556,145.29441847555844,146.10110622939942,10900400
2022-01-24,144.57733154296875,147.10496278958036,142.2648097013531,146.48649589652865,14838100
2022-01-25,142.9998321533203,144.57737453556922,141.5208998468102,143.81549202806508,9369600
2022-01-26,141.75393676757812,143.02673159155975,140.16744975900085,141.02791497096683,10707100
2022-01-27,142.63230895996094,144.62215305150107,142.1393271036164,142.27377048405384,9083000
2022-01-28,143.86026000976562,144.26360379778882,141.00995114268127,142.16620515859353,9494200
2022-01-31,143.8154754638672,143.9947378929718,142.3992790233013,142.8295252653684,8950100
2022-02-01,143.1790771484375,144.57734310006117,141.37745367651488,144.1202082242144,6284100
2022-02-02,145.74256896972656,145.95767839145188,142.937065062067,143.53760165912553,7558800
2022-02-03,147.12290954589844,147.8758199010703,144.8641648035372,145.1868426238745,10474500
2022-02-04,144.7835235595703,147.43665427852258,144.67596882665603,146.21765049038473,8959900
2022-02-07,143.69895935058594,145.43781992044478,143.11633937233051,145.08825340423007,6430500
2022-02-08,143.37628173828125,144.5504663541482,143.098409250272,144.41600927733475,5048700
2022-02-09,143.05360412597656,143.98577694651908,142.75781496873853,143.73480681495585,8077400
2022-02-10,140.87550354003906,142.9639439868361,140.40941036335556,142.59644718066556,7033000
2022-02-11,140.08676147460938,142.1393553359449,139.45037777834514,141.62844303511434,9341400
2022-02-14,140.49012756347656,140.77694474170792,137.46054162172913,139.95232654862684,9472200
2022-02-15,140.56179809570312,142.80261227008805,139.9254008523663,141.41330474660055,6659200
2022-02-16,141.62843322753906,142.31860791571322,140.06883510531338,140.5707753596778,9315700
2022-02-17,143.2507781982422,143.75271839584792,141.03685265199607,141.96006701763048,7925500
2022-02-18,143.32249450683594,144.36223575034222,142.35447464767822,142.96396964617358,8063200
2022-02-22,141.5567169189453,144.2008887815721,140.41839308157526,143.5107141353483,8179500
2022-02-23,139.7909698486328,142.15726927920304,139.46829203188025,141.88836881910166,6273000
2022-02-24,136.02638244628906,139.80887797046566,134.9507943484744,139.5041305168397,13145100
2022-02-25,141.8345947265625,142.46202003000798,136.46559844218413,136.53730614498446,8888800
2022-02-28,139.7282257080078,140.89345196080345,137.87283844991182,140.08675055032367,8669200
2022-03-01,137.41574096679688,139.28905908017933,136.54630362673905,138.31206699350807,8311900
2022-03-02,137.84593200683594,139.0021998911884,136.7793158456735,137.10199366492932,6111300
2022-03-03,138.35684204101562,139.70133065361549,137.82801313583593,137.82801313583593,7451200
2022-03-04,139.0559844970703,139.24421893346766,136.73450395029894,137.2454025459266,8639100
2022-03-07,136.99441528320312,138.50024955552797,135.47066434439253,138.47336087895474,8374500
2022-03-08,131.57167053222656,137.0930412616912,131.3834497555673,136.40286650129622,9517200
2022-03-09,133.34640502929688,134.87015629029509,132.4859261664763,133.40018239381425,7044100
2022-03-10,129.91343688964844,132.9071611627636,129.01711127421203,132.47692869687032,9221000
2022-03-11,128.3717498779297,131.00694925533443,128.20144583047465,130.32573306551436,7086100
2022-03-14,130.0120086669922,130.89936210528114,128.48825814428548,129.4742079287,7964600
2022-03-15,134.69091796875,134.93291615241284,131.66133157451907,131.76888632281364,9868400
2022-03-16,134.2337188720703,136.05325877221597,132.69203772364492,135.01353145559236,6908900
2022-03-17,134.65501403808594,134.87013714246143,133.10437431497704,134.43990461055603,6003800
2022-03-18,134.5832977294922,135.22865332450002,132.87132604522324,135.22865332450002,15570300
2022-03-21,135.09420776367188,135.7216330051386,133.76764958502156,134.84323766708516,6937500
2022-03-22,136.13392639160156,137.67560740322207,134.914923119084,137.52322002692043,7292100
2022-03-23,135.18386840820312,137.14681048971457,135.0673416735719,136.42078875483617,5531900
2022-03-24,135.4169158935547,135.84714848739665,134.5922977233378,135.24661178767937,4203100
2022-03-25,136.9854736328125,137.96246547220957,135.80231701211983,135.90988540835772,5047700
2022-03-28,137.9266357421875,137.94455241310044,136.8062283519679,137.71151259960004,4234000
2022-03-29,139.34278869628906,140.24807266047597,138.05207759858322,139.26210899504966,5643400
2022-03-30,138.38375854492188,138.41960556398723,136.18776277148012,136.68970309948415,5779300
2022-03-31,136.9585723876953,138.3389079750182,136.6000338945403,138.12379855597024,7538600
2022-04-01,139.01116943359375,139.34281929033244,136.295303267895,137.60394499507254,5742600
2022-04-04,138.10586547851562,138.3478772469994,135.57822043997248,137.86385371003186,5992000
2022-04-05,138.58987426757812,141.05476992319487,137.62184087796908,137.68459024136115,7653000
2022-04-06,140.57073974609375,140.9830418462166,137.9803594149995,138.4105918559059,8884700
2022-04-07,142.3903045654297,142.86535610334633,140.6962495000479,141.50293717809825,6889700
2022-04-08,143.50177001953125,143.8871835593043,142.44409843431941,143.14323148350746,6045400
2022-04-11,142.95497131347656,144.4966524012943,142.18413076956767,143.36727342019356,6158400
2022-04-12,142.52476501464844,143.97682215654984,142.24690619620927,142.7936654984707,7221500
2022-04-13,142.92813110351562,143.77963795570045,142.2558866922885,142.58752289190267,5247700
2022-04-14,142.13037109375,143.68101070646682,142.0228027107974,143.39417992105268,7806500
2022-04-18,140.77691650390625,142.49786025864196,140.30186496271153,142.04969739511145,6034500
2022-04-19,142.88330078125,143.43901840735194,140.09572696260415,140.51700118782546,7897000
2022-04-20,146.6837158203125,147.42766789643525,143.4121320291365,143.86029494172755,10196100
2022-04-21,146.56924438476562,148.63333997750192,146.40699343553618,147.65988929643362,9365700
2022-04-22,145.34341430664062,147.38949288927714,145.0369570750079,147.13711472751154,9394600
2022-04-25,146.51515197753906,147.1821453925858,144.03642752122553,145.74899528052092,6986800
2022-04-26,144.0273895263672,147.4976088895847,143.99134140794732,146.63230275818958,7769500
2022-04-27,143.6398468017578,145.5236743158206,143.41450818753276,144.40600359155397,6754900
2022-04-28,147.2903289794922,147.5607380560358,143.55872223320577,144.70343244330317,9306800
2022-04-29,144.71243286132812,146.87567763872391,144.39695336090276,146.44303143395973,10637000
2022-05-02,142.75650024414062,146.01939845034372,140.78253210155466,145.65886222720508,10351600
2022-05-03,140.80056762695312,143.30633159407347,139.7189314151401,142.61228490066114,10344000
2022-05-04,141.83714294433594,142.00840249782465,139.84514347199925,140.45807167640208,7771000
2022-05-05,139.22323608398438,141.77405747165216,138.0334414229448,140.88172522945206,8217100
2022-05-06,140.6112823486328,140.8276123496874,138.69139313080515,139.50262031957763,7304800
2022-05-09,140.25978088378906,141.29633310604942,137.68190634255134,138.77255139035836,8540800
2022-05-10,139.5206298828125,141.17010994760892,138.75448695888554,140.20566797194192,7447400
2022-05-11,137.55567932128906,140.52112889619576,137.32133215619774,138.83560076800327,7692200
2022-05-12,136.99684143066406,138.4570309573877,135.0949833571874,138.37591237336412,9600800
2022-05-13,138.46607971191406,138.56522926122682,135.58174794133188,137.52867704406688,5675500
2022-05-16,139.81808471679688,140.52114002130702,137.03290302942384,138.33085551577372,5971000
2022-05-17,139.4214630126953,141.2872728346191,137.97029593374188,139.8270834112518,6509100
2022-05-18,130.73245239257812,139.49361935109084,130.28177513649652,139.41250074585497,9670700
2022-05-19,127.72191619873047,129.27224687271487,126.73043460723224,129.26323827996936,9694100
2022-05-20,127.80303192138672,128.39792911505944,125.45049643147762,128.12752004942854,7786900
2022-05-23,130.74143981933594,131.2642269471851,128.06441653294996,128.74944082793783,7134500
2022-05-24,133.06692504882812,133.34634265046986,130.53412194546442,130.59720958765436,7207400
2022-05-25,130.8856658935547,132.62527311660972,129.344343966148,132.59823358749514,8217800
2022-05-26,132.03036499023438,132.84159205694135,130.73241268636252,132.03036499023438,5702600
2022-05-27,134.0493927001953,134.0493927001953,132.16556579365766,132.47202290931418,6028800
2022-05-31,133.2923126220703,134.29281670294938,131.74198172640945,132.76050299535575,12416700
2022-06-01,131.2732391357422,133.5085939391012,130.43498624207322,133.40043582471168,7036000
2022-06-02,132.68838500976562,132.73344172613488,128.5601802778303,131.5707006215638,6479800
2022-06-03,131.4986114501953,132.6884060280625,130.8045646131061,131.92224917835298,4720700
2022-06-06,130.98480224609375,133.07593689092505,130.32680376094137,132.83256739979234,4751100
2022-06-07,132.44503784179688,132.66135412834473,129.28127461524693,129.49760465537355,4918600
2022-06-08,130.7955780029297,131.98535902719385,130.68741984260956,131.86819227137403,4369600
2022-06-09,128.43399047851562,132.39994424664647,128.29877906945293,131.06594361606813,4625700
2022-06-10,127.9472427368164,129.0288651681023,125.69385694098105,126.99180935995429,6630800
2022-06-13,124.52210998535156,126.63128982090825,124.05341558062982,125.7389439768813,8549500
2022-06-14,120.63726806640625,124.00833843097509,119.4655046105397,123.94523702205791,9980200
2022-06-15,119.4384536743164,121.59268990717237,116.7253821750483,121.17807463001985,12178100
2022-06-16,120.16857147216797,121.74594162310774,117.71688648013549,118.1044622583641,9683300
2022-06-17,119.30325317382812,121.01582080616218,118.46498654070578,119.48352127929884,17113300
2022-06-21,122.91766357421875,123.48552110159577,120.26768011789017,121.34029377912536,9017000
2022-06-22,124.83756256103516,125.9101763099654,122.28672840484647,122.29573699598292,8374500
2022-06-23,128.2627410888672,128.4249782882805,125.19812770425611,125.3333391240113,6418300
2022-06-24,130.1105194091797,130.91272431368083,129.0018435411968,129.9753079905202,19440600
2022-06-27,129.1190185546875,130.48005875535503,128.63229322741637,129.9031924861264,5618500
2022-06-28,127.01881408691406,129.8761048427257,126.71235700350573,129.38035735275835,6077300
2022-06-29,128.1725616455078,128.76745870516643,127.22613700579151,127.63175738965086,5174600
2022-06-30,129.60574340820312,130.19163202163193,127.2982783397231,127.71290741620467,7410100
2022-07-01,131.69688415527344,131.82307321367682,129.25420782397995,130.01135592797615,5937200
2022-07-05,130.42601013183594,131.68791484587453,128.47908086120265,130.31785197910517,5760900
2022-07-06,131.642822265625,132.94077489482783,130.6693577937229,131.15608315288512,5485200
2022-07-07,131.59774780273438,131.76900734633767,130.33585709235822,130.95778010088682,6623400
2022-07-08,130.71441650390625,132.32783479827594,130.3088097821777,131.58873135590466,4294200
2022-07-11,131.6337890625,132.1205281350972,130.40794654197117,130.83158420555236,5482900
2022-07-12,130.47105407714844,132.426991544836,130.12853499172522,131.47155804715774,5204400
2022-07-13,131.32733154296875,132.4630468738098,129.98432230752545,130.1645904343581,5075600
2022-07-14,130.9397735595703,131.17412078095526,129.31733269034825,129.57871944675537,4867000
2022-07-15,130.75953674316406,131.32738086828496,129.8852215583859,131.0028926166809,6264600
2022-07-18,129.173095703125,130.7775054204272,129.04690663840157,130.64230776307227,6047500
2022-07-19,129.83108520507812,130.70540009680383,129.47054893684313,130.30881570317615,5943600
2022-07-20,127.58670806884766,129.99332247775743,126.76647232828977,129.7950234250165,8635300
2022-07-21,127.70738220214844,128.24263037671716,126.0562607706619,127.55315885572341,8310200
2022-07-22,129.7485809326172,129.88465626918568,127.61664170729546,127.69828690923654,5292700
2022-07-25,130.62860107421875,131.01869302203892,129.30407418127066,129.54902368505626,5262100
2022-07-26,130.8826141357422,131.08220056414694,128.56016897924872,129.44922698759214,5375700
2022-07-27,132.12548828125,132.64260237320215,130.21128296619386,130.52881062015035,5500000
2022-07-28,134.32089233398438,134.81985830667588,131.61742284948636,132.5790588098396,7115700
2022-07-29,126.01996612548828,129.27683175765733,125.4030589581106,128.3061148676048,18694700
2022-08-01,129.6397247314453,130.5832266715482,125.43937059565263,125.5028678138699,12590000
2022-08-02,128.77786254882812,130.38362071586016,128.61457214685646,129.8302246155193,7495000
2022-08-03,131.43597412109375,131.7897838115789,127.83436616886384,128.5147704846323,6811000
2022-08-04,131.2273406982422,132.8693951654194,130.64672941932182,131.40879297023247,6124700
2022-08-05,131.29083251953125,131.3996927924786,129.521783869823,130.41084173223945,4580300
2022-08-08,131.78982543945312,132.87846991997577,131.2999264253553,131.57209100620236,4486800
2022-08-09,131.4813232421875,132.39760991287673,131.08216433855375,132.06194821371562,3977300
2022-08-10,132.7241973876953,132.90563576009262,131.898636873998,132.35223972642152,4641300
2022-08-11,131.7807159423828,133.62234269864237,131.48133635265938,133.18688776943674,5954300
2022-08-12,133.05987548828125,133.11430562243103,131.50856129356345,132.37040405094692,5038700
2022-08-15,134.77450561523438,134.96502494414165,133.13246515930317,133.24132543704252,6008000
2022-08-16,136.0173797607422,136.62521992146318,134.59307363510467,134.59307363510467,7093000
2022-08-17,135.39141845703125,135.8540884995419,135.06482376735786,135.26441018009515,4834600
2022-08-18,135.87222290039062,136.0718092931596,134.73821559732266,135.05572933646414,3829000
2022-08-19,135.83592224121094,136.6524157770457,134.91964935528722,135.364185186226,6502500
2022-08-22,135.47305297851562,136.19882043639308,135.02851712288575,135.15552538979958,6380700
2022-08-23,132.86032104492188,134.66566603783696,132.29785773299074,134.65658511805384,5268200
2022-08-24,132.28878784179688,133.59515287627806,131.65373255657303,133.00547450327332,5903200
2022-08-25,132.17990112304688,132.25247925853049,131.08218970065903,131.75351322887062,5097600
2022-08-26,129.08631896972656,132.93287689613916,128.8413833482378,132.45205888569546,6086600
2022-08-29,128.5419921875,129.44919798870433,127.93416596183653,128.18818247874478,5272100
2022-08-30,127.17208862304688,129.1951673047501,126.927153050441,129.1951673047501,5203700
2022-08-31,125.13996887207031,127.80715610920024,125.06739074773583,127.37168736319329,8406900
2022-09-01,126.68221282958984,126.79107309198244,124.0694557892761,125.04017260514819,7446500
2022-09-02,124.43236541748047,128.0521081238091,123.87896926098036,127.38985168828063,7077800
2022-09-06,123.04432678222656,125.1399699602338,122.73586629040729,123.27112823167084,8217200
2022-09-07,124.90409088134766,124.9766690082238,123.39813973797013,123.40720681275629,6609400
2022-09-08,125.06739807128906,125.63894218210238,123.43442478529572,124.2962675675842,7380500
2022-09-09,126.9725341796875,127.99766735542629,124.55936334728133,125.14904160020309,6434300
2022-09-12,128.0067596435547,128.641801013001,126.2014148963268,126.47357943833624,5818700
2022-09-13,125.35771942138672,128.3061389445766,125.06742069739326,127.71646057708465,6350200
2022-09-14,125.65705871582031,126.70035359473819,124.89500923681187,125.79314787891082,6137800
2022-09-15,124.68638610839844,126.00183194754997,123.96061859073635,125.90203874083564,5320700
2022-09-16,125.44841003417969,126.15602941192908,124.38698096755557,124.68636052627436,9321500
2022-09-19,125.18535614013672,125.61174405127377,124.49587074704816,125.37586164085317,6056000
2022-09-20,124.74079132080078,125.16717913310805,123.86080063096331,124.65914612513204,5589800
2022-09-21,123.135009765625,125.37580866053483,123.11687562084369,125.26694842041245,6413900
2022-09-22,123.57051849365234,124.35071610093418,122.69052768626949,123.14413062439002,5061600
2022-09-23,122.99895477294922,123.83358238502365,121.52020500046751,123.08966704040851,6523600
2022-09-26,123.11688995361328,124.1238888205519,122.4637007511201,122.99894878451138,7396400
2022-09-27,119.73302459716797,124.23277171869071,119.48808898373095,123.34371385879513,7722200
2022-09-28,119.73302459716797,120.67652643624564,119.01633806419211,120.67652643624564,10455100
2022-09-29,116.75739288330078,119.63323383456157,116.35822008501749,119.63323383456157,7128500
2022-09-30,114.53475189208984,117.06585041730028,114.49846282329474,117.02956826993734,9431900
2022-10-03,116.58501434326172,117.1202762948754,114.9248329615149,115.4419399993897,8477700
2022-10-04,118.0274887084961,118.72602725848289,116.75739219032721,117.12028284245957,7211600
2022-10-05,117.21099090576172,118.01840354376671,116.20399187698135,117.21099090576172,5071100
2022-10-06,114.74339294433594,117.083978654472,114.62545176029644,116.92975532919218,5530800
2022-10-07,112.73847198486328,114.83412228023518,112.27580196816972,114.76154414848385,6095400
2022-10-10,112.27579498291016,112.72032389972524,110.8424081164422,111.92198526442431,6923300
2022-10-11,112.70218658447266,114.0357733793602,112.13064246523231,112.21229459145154,5516200
2022-10-12,112.88361358642578,114.13555505008488,112.86547251656002,113.255564350835,6823500
2022-10-13,114.58917236328125,114.9883451649051,111.51374498714151,112.04900005490363,6910500
2022-10-14,113.47332000732422,115.23329481459432,113.19208146090944,114.9883522575822,5516800
2022-10-17,115.52359771728516,116.37637349094025,114.18093684113866,114.3170191124671,6664600
2022-10-18,116.45801544189453,118.00027652616988,115.81390701325729,117.32893918545163,7114200
2022-10-19,117.53759765625,120.65838825916481,117.4922345913392,119.4245876450558,9993700
2022-10-20,116.023681640625,118.5636185171255,115.74045415300635,117.51291926238274,8168000
2022-10-21,117.47638702392578,117.81443095738902,115.55773536750684,115.61255179551647,6394600
2022-10-24,118.19815826416016,119.17576435386631,117.2662511186394,118.30780505977278,6946000
2022-10-25,119.55948638916016,119.85184529801647,117.37587720251791,118.40829965992403,6776000
2022-10-26,120.4000244140625,121.12181109623732,119.13919103174914,119.36760206819122,6612800
2022-10-27,120.49140930175781,121.62431926026913,120.14422002228883,120.60104215165116,6676700
2022-10-28,123.54298400878906,123.80793472309121,121.44159931955438,121.6700103957515,6996400
2022-10-31,123.04048156738281,123.95412590717874,122.66588404220099,123.52471195218615,8346300
2022-11-01,123.23233032226562,124.51142658601957,122.28213257681668,123.06786712200945,6428300
2022-11-02,121.45988464355469,124.7489960072397,121.34110641443239,123.08617050506095,7318100
2022-11-03,120.62843322753906,121.1857567038314,119.65084125895592,120.354337200639,5204000
2022-11-04,122.83033752441406,123.34197608351701,121.07614220415888,121.80706040620817,5555400
2022-11-07,124.71244812011719,125.34286492360899,123.39679808519617,123.66176274170137,6746800
2022-11-08,124.99567413330078,125.6443677187311,124.07289841145472,125.00481949858504,5266200
2022-11-09,124.69413757324219,126.05547224327249,124.56622796231399,125.05045819947803,5690700
2022-11-10,128.98828125,129.39943229220032,126.26562544203193,127.41682605442624,8068700
2022-11-11,128.7964324951172,129.3994410528054,127.09705361324457,129.0065667714855,7175200
2022-11-14,128.80555725097656,131.16276099355423,128.14773230229886,128.37614335555907,8516200
2022-11-15,128.35791015625,130.83387873845672,127.63612325421528,129.81973287009586,7732400
2022-11-16,129.4999237060547,130.5688856627547,128.80554524655165,129.28064409656378,6193700
2022-11-17,128.705078125,129.4542732012038,127.78230232877738,128.92435779291236,5186300
2022-11-18,130.2582550048828,130.43183568531816,129.0705148048146,129.66437793429694,5671400
2022-11-21,131.91197204589844,132.65202171824185,130.495820554558,130.70595484570472,6377200
2022-11-22,133.04486083984375,133.2001786772888,132.332219495753,132.87126621531584,5372900
2022-11-23,133.80320739746094,133.9676706238481,132.9992098786871,133.3007002350361,4296000
2022-11-25,134.0498809814453,134.4884263032343,133.75750813951637,134.113828827427,2411100
2022-11-28,133.9402618408203,134.61634971002442,133.51997932282094,133.7483904010344,6628200
2022-11-29,132.91696166992188,133.44687700818707,132.04900242009802,133.16364952108609,5634200
2022-11-30,136.27919006347656,136.27919006347656,132.59720457061292,133.0722895792298,12396800
2022-12-01,136.36138916015625,137.3755347226096,135.74011783092166,136.61720840644148,6927400
2022-12-02,137.60398864746094,137.7501751026447,135.29246934666008,135.6487901179782,4938300
2022-12-05,136.21522521972656,136.74514058618692,135.46604414376924,135.86804986598784,5402500
2022-12-06,136.38882446289062,137.11974271508925,135.4751801329189,136.79083019865516,6866700
2022-12-07,137.2659149169922,137.43949561115448,136.14212247008652,136.14212247008652,6175500
2022-12-08,138.25265502929688,138.3074714538896,136.14212509474163,136.5532761613971,5187100
2022-12-09,137.88719177246094,138.82824425675346,137.2476435706755,137.6861889174562,5868200
2022-12-12,139.3033447265625,139.38556936603868,137.99682615453983,138.16128937459757,6142400
2022-12-13,139.09323120117188,140.9113746705008,137.76843564231876,140.1621934971918,7680600
2022-12-14,139.6414031982422,141.10323977750207,139.02926313874534,139.59571819118278,7385600
2022-12-15,138.06077575683594,138.8739185379998,136.80908766274544,138.61809927703393,7117200
2022-12-16,137.44866943359375,138.0242698821046,136.15129602391377,137.37557620671083,19966400
2022-12-19,137.412109375,138.30749090629652,136.352292487903,137.24766007809262,5881800
2022-12-20,137.46693420410156,137.86892600514213,136.37969520359687,136.425380209042,5646100
2022-12-21,138.72775268554688,139.449539518283,137.70447548998865,137.73188370479068,5024700
2022-12-22,139.04751586914062,139.24851871253517,137.85064417326672,138.07905522793286,5904900
2022-12-23,139.44039916992188,139.71449526891064,138.57243980737974,139.1571716460393,3401800
2022-12-27,140.65553283691406,140.99359069738722,139.47693786053316,139.51347749731406,4215100
2022-12-28,138.83740234375,141.29509394859298,138.78257197191112,140.95704999833896,4197500
2022-12-29,139.41294860839844,140.00682563267242,139.00181155534875,139.61395142386317,3809100
2022-12-30,138.47193908691406,139.49521632459593,137.4486618492322,139.26680523110574,4532000
2023-01-03,138.48106384277344,138.6089734784468,136.24262430683197,137.91459493527293,6447300
2023-01-04,139.08407592773438,140.1439067228822,138.1704315749048,138.8648102053634,7313400
2023-01-05,137.3572998046875,139.31249832075733,137.1654422820442,139.06582436307312,5373800
2023-01-06,140.62814331054688,141.12151908983216,138.6455366504876,138.7369066662388,7882200
2023-01-09,138.9104766845703,141.43214393744572,138.87393704575018,140.1895871009711,5727000
2023-01-10,138.77342224121094,139.5134718406893,137.9054630065277,138.96529366457054,4716400
2023-01-11,137.649658203125,139.38557685493686,136.45278636053717,139.16631113788634,8691300
2023-01-12,136.873046875,138.6272422134999,136.60809616881787,138.5998340004847,7801600
2023-01-13,137.8506317138672,138.0059495440695,136.51670514109568,136.6902997575286,5535800
2023-01-17,137.44866943359375,138.99273074136516,137.4121158495985,137.76843661746057,9611800
2023-01-18,133.7666473388672,136.98266480523645,133.4285895133295,136.7359909149703,10461200
2023-01-19,130.93771362304688,134.43135017518006,130.7722324424634,131.75595886040625,12683700
2023-01-20,131.44338989257812,131.60887109323926,128.8507388535325,130.84580018540942,8603300
2023-01-23,129.67819213867188,132.11453676993366,129.34721569550172,131.80195180376924,7473100
2023-01-24,130.38609313964844,130.90094217407176,128.53813582066988,129.3471923196688,6822500
2023-01-25,130.29417419433594,130.32175439573064,127.54523055044167,129.071400494353,6902600
2023-01-26,129.77011108398438,130.31255439785454,129.39317702133724,130.30335164579466,5398600
2023-01-27,129.2368621826172,129.96316401178092,128.0600464380581,129.69655079131354,6870800
2023-01-30,129.64138793945312,130.66189730294113,128.97024643888773,129.59543029735008,6369300
2023-01-31,130.90097045898438,130.98371106555572,129.41156939776445,129.84367793686434,9373400
2023-02-01,131.64564514160156,132.48228189791863,129.95399418252768,130.6251357207913,7207900
2023-02-02,130.70787048339844,131.2043420868214,129.82527612177785,130.70787048339844,6444300
2023-02-03,131.1124267578125,131.82035136579339,129.78852090393198,131.2687192504807,5993100
2023-02-06,129.9999542236328,131.13998721024237,129.6413976112566,130.56077497925565,6108100
2023-02-07,128.73123168945312,129.43914221004167,127.59119862584828,128.68526001223128,6278300
2023-02-08,127.39812469482422,128.28990780802724,127.25102095361314,127.8486106129789,7123800
2023-02-09,126.00068664550781,128.09686618104445,125.95471496571533,127.68314912008614,6547400
2023-02-10,127.11311340332031,127.1498963550765,124.87903307033905,125.90873126214088,8108900
2023-02-13,128.77720642089844,129.1265603131803,127.55443272644538,127.7383054111074,5081600
2023-02-14,128.05088806152344,128.93349657195654,127.44409558738734,128.8415532169954,5253500
2023-02-15,127.75667572021484,128.08765210920185,126.93843048474483,127.89457670371598,5530300
2023-02-16,126.08340454101562,127.05794225129327,125.5409752914965,126.31324886998996,7595700
2023-02-17,128.7220458984375,128.74962610268759,125.57777635663665,125.57777635663665,8034700
2023-02-21,128.6300811767578,129.53106700112144,127.67392093048335,127.67392093048335,6899500
2023-02-22,129.1725311279297,130.1654604527705,128.60252160071212,128.69445092813527,6126300
2023-02-23,128.7587890625,129.76090691677445,127.88538346447564,128.92427023685704,5835400
2023-02-24,128.03248596191406,128.18877842951122,126.94762741203304,127.7290897500189,5260700
2023-02-27,127.92216491699219,129.14493848547286,127.3613441679685,128.35427339715397,5820900
2023-02-28,126.46955871582031,127.41651635908447,126.2121341542681,127.28780407830837,6709900
2023-03-01,126.56150817871094,127.17748941133408,125.5042156519144,126.92006483735985,7101800
2023-03-02,128.64845275878906,129.108141387005,126.67179726889403,126.87406138759573,5924600
2023-03-03,129.58624267578125,129.85286997974703,128.6852567451697,129.80689830369232,5259400
2023-03-06,129.03463745117188,129.76093950198776,128.65768931014424,129.38399136096015,4943100
2023-03-07,126.46955871582031,129.28285144463123,126.26729455623122,129.10816748602372,5606800
2023-03-08,126.4879379272461,126.58906999723395,125.58695204918116,126.13857004390893,5518800
2023-03-09,125.55939483642578,127.38894712579008,125.1272862790632,127.0119989751397,4467200
2023-03-10,126.12939453125,126.86489929650767,125.35712084059341,125.90873889309674,5928000
2023-03-13,127.00276184082031,129.92638853946366,125.9914413412872,125.9914413412872,8337100
2023-03-14,128.574951171875,128.8139842756465,126.32246503571872,127.14071046348327,9219700
2023-03-15,130.39529418945312,130.68948765325706,127.61877060151699,127.61877060151699,8823500
2023-03-16,131.36984252929688,131.58129541360142,130.1930405222132,130.49643676243443,7063400
2023-03-17,131.40658569335938,131.82950540764514,130.1194631343744,131.01126020330818,16018800
2023-03-20,133.42926025390625,133.67748207681603,131.68243459736135,131.9306704488584,8379200
2023-03-21,132.46392822265625,133.52120686663505,131.3238949317434,133.22701332521214,7753200
2023-03-22,132.3811492919922,133.99924837299818,132.23404554955937,132.42710693649056,5729100
2023-03-23,132.197265625,133.42003920835916,131.64564762113065,132.6109966636337,5788400
2023-03-24,134.89105224609375,134.92782116924226,132.6661606380872,132.6661606380872,6144800
2023-03-27,134.18312072753906,135.53460654728312,134.10956885649213,135.04733767660912,5917200
2023-03-28,134.56007385253906,134.982993619774,134.04522476448648,134.7347577992538,4213800
2023-03-29,134.97378540039062,135.41508259676246,134.46812505632658,135.2220212108557,4987700
2023-03-30,135.56219482421875,135.6449354233581,134.50491642565356,135.07492592450583,4117700
2023-03-31,136.7022247314453,136.7022247314453,135.67252655608735,135.82881902709093,7685900
2023-04-03,137.45611572265625,137.97097887201463,135.23122400584228,136.46318640605898,5721700
2023-04-04,138.11807250976562,139.4787612572755,137.98017150157932,137.98017150157932,6714300
2023-04-05,139.06503295898438,140.06716507668114,138.9639008747613,139.1293961164841,6094800
2023-04-06,139.9476318359375,140.62797617625677,139.2121270950546,139.62584412786808,5399700
2023-04-10,138.78921508789062,139.44196516994498,137.45610666757125,139.42357369439,4891800
2023-04-11,138.51341247558594,139.2305257771992,138.38470019141397,139.06503053835706,6311800
2023-04-12,138.890380859375,140.12234347734437,137.84227692722297,138.191644904607,6137900
2023-04-13,139.53390502929688,139.62583434760163,137.74112199362548,138.73403719139338,5489500
2023-04-14,138.82598876953125,139.36841807402178,138.37548878879613,139.14777647414004,4478800
2023-04-17,138.87196350097656,139.2581003378508,138.219199353598,138.98228430334456,4296400
2023-04-18,139.01907348632812,139.36842738567765,137.99856393293373,138.8076065675314,4158400
2023-04-19,139.04664611816406,139.6534245539313,138.5593772076159,138.98228296501168,3837600
2023-04-20,139.556396484375,140.0282094954531,139.11232223303625,139.11232223303625,5370900
2023-04-21,144.3855743408203,146.27284023719344,142.9331081488011,143.34016909730113,14876900
2023-04-24,144.6446075439453,145.47722192748898,143.59920232222157,143.59920232222157,8109800
2023-04-25,144.68162536621094,146.11558509334264,144.126539627832,144.79263686732003,8341800
2023-04-26,143.0071563720703,144.32084441573045,142.78511922182767,143.67325370637948,4843700
2023-04-27,144.755615234375,144.88513333767207,143.4049143430645,143.6732109175892,4805600
2023-04-28,144.67237854003906,145.58825165339374,144.09878618160903,144.57985954520356,5754700
2023-05-01,144.84817504882812,145.61602351714146,144.13581822166896,144.34859499783704,3844600
2023-05-02,144.7186279296875,145.18119468384452,144.01553154527895,144.86665267895785,5262900
2023-05-03,144.53363037109375,145.7733202264609,143.79352060638402,144.91293856651518,5775000
2023-05-04,143.8675079345703,144.87591419509008,143.47895355197346,144.41334743727234,4892600
2023-05-05,144.34860229492188,144.60763858763477,143.10892659173592,143.76576357810822,3989200
2023-05-08,143.67324829101562,144.07104895590194,143.2754335097111,143.71950779345823,4950700
2023-05-09,142.20228576660156,144.3023287846863,142.08201388650744,144.18207102101002,4472100
2023-05-10,142.49830627441406,142.76660288406143,141.02734745517407,141.9617271715357,4754900
2023-05-11,142.83135986328125,143.29392661121807,141.90622636740756,143.21991423757817,3495300
2023-05-12,144.2838134765625,144.3670720958931,142.83134724052283,143.1181363402719,5252900
2023-05-15,144.330078125,145.01468202476246,143.0626496956895,144.88516389414983,5414900
2023-05-16,144.08030700683594,145.17195784153327,143.33093695873285,144.20056477154895,5591500
2023-05-17,143.46969604492188,144.83888958806568,142.37803124156554,144.56134673186216,4286900
2023-05-18,141.11061096191406,142.1467559597867,140.2502435868413,141.83221395920634,6997600
2023-05-19,141.70266723632812,141.8414457025175,140.4722382414686,141.0550767433531,4754100
2023-05-22,137.992919921875,141.17538150523183,137.68762416477676,141.08286250620182,7876200
2023-05-23,136.50344848632812,137.7338777149091,136.05938836628326,137.65060497281212,6116000
2023-05-24,135.37481689453125,137.10481240751702,135.15277972317742,136.54048028219364,5755400
2023-05-25,134.50514221191406,135.26375836310655,133.54300970322728,134.59766119693296,6510300
2023-05-26,134.514404296875,135.0787362925186,133.89456655025282,134.44965229287226,4716400
2023-05-30,132.46060180664062,133.25621714557417,131.6927534585639,133.08969989893092,5561000
2023-05-31,131.83154296875,133.20073679575793,131.27645714126135,132.44213455570372,19854800
2023-06-01,133.18223571777344,133.33024636135076,131.78527498449614,132.52538466805512,6091100
2023-06-02,135.55055236816406,135.6985629865793,133.58001367042266,133.691025163338,6124400
2023-06-05,135.0139923095703,136.78100077492115,134.81970805318622,135.11575756454909,4753700
2023-06-06,133.6725311279297,135.35626658899758,132.80290346627697,135.1342436057096,4635900
2023-06-07,133.9593505859375,134.2553860028863,132.72892118116388,133.22848712319816,6194400
2023-06-08,135.4765625,135.67083264486524,134.07035551840207,134.45890992455057,4863700
2023-06-09,135.58755493164062,135.79108541808995,133.8945590396754,134.7734329858433,5569500
2023-06-12,134.52365112304688,136.00385609364994,133.72803583414714,135.99460984155667,5354000
2023-06-13,134.19985961914062,134.77343785636282,133.47825663798477,133.69103338462904,5321200
2023-06-14,135.45803833007812,135.89285218177432,133.98707952953123,134.43113963383635,5693300
2023-06-15,137.3360595703125,137.8171329230079,135.56905127047114,136.15188986861332,5863000
2023-06-16,138.34446716308594,138.8532934473557,137.75238224586786,137.77088886977347,11244900
2023-06-20,137.06777954101562,139.0290579978749,137.02152004381455,138.53873838366007,5340700
2023-06-21,138.251953125,138.3999778736107,136.79948674753922,137.16028824951724,4649700
2023-06-22,138.7237548828125,139.78766679622325,138.2889410417829,139.09381672433548,6666800
2023-06-23,137.34532165527344,139.26034060443902,136.8827549186304,139.00130436123223,13843300
2023-06-26,137.48410034179688,137.81714899150688,135.73559845992378,137.01228730321517,4353100
2023-06-27,138.78851318359375,138.92727754359117,137.2805412616847,137.3268007538222,5445400
2023-06-28,138.7607879638672,139.04757710929,136.88276796343615,138.1501964253696,6733300
2023-06-29,138.19644165039062,138.49247701893566,136.0871384774978,137.36381306124886,7343000
2023-06-30,140.37977600097656,140.68507177958688,138.57575420769575,138.61276745648274,7058300
2023-07-03,141.08287048339844,141.1106233613932,139.20485045152304,140.13923028232225,3996100
2023-07-05,140.8423309326172,141.0458614345472,140.10222129981875,140.2779989257053,8279800
2023-07-06,140.61102294921875,140.7960467959369,139.47309876489365,139.88015969752234,7958300
2023-07-07,137.65985107421875,140.54626272996938,137.61359158149656,140.35199262351745,9169500
2023-07-10,137.71539306640625,139.06609438076478,137.60438154778626,137.7894054509592,5529200
2023-07-11,136.99375915527344,137.89113970609847,135.95761423737886,137.59509023446245,5150300
2023-07-12,137.70614624023438,138.21495844274264,136.58672833859464,136.94752988903045,6764600
2023-07-13,137.7986297607422,138.32596262304648,137.10477964702605,137.84488925827327,5561400
2023-07-14,138.81629943847656,139.35287862019626,137.5951163111658,138.09469636012693,6128900
2023-07-17,137.8356475830078,138.91805210238283,137.81714096009742,138.44622497487927,4625300
2023-07-18,138.09466552734375,139.21406902769445,137.2712973722206,137.51182697249394,5351200
2023-07-19,139.0382843017578,139.52861796203695,137.7153503934026,138.35369466050557,6203600
2023-07-20,140.1657257080078,140.34261087350893,137.91279793793223,139.2254586031504,6445400
2023-07-21,142.37208557128906,143.06100292198389,140.29604321367322,140.714973489553,9938400
2023-07-24,142.8282470703125,143.32165599678777,141.78557374724906,142.28828718362362,5549500
2023-07-25,143.1633758544922,143.23785454027217,141.92519433844396,142.88408433415646,5883800
2023-07-26,143.3123779296875,144.15023854669298,142.33486440627362,142.54898181633303,7013800
2023-07-27,141.6086883544922,143.92678979731375,141.43180322922936,143.5171640767806,7191600
2023-07-28,145.61183166503906,146.60795404127055,143.92679200232385,143.9826474731871,9397300
2023-07-31,145.50942993164062,146.79414841905316,144.35503141021093,145.6025176509654,7955200
2023-08-01,145.46287536621094,146.31935907172414,145.10910510760547,145.1184238230586,5718800
2023-08-02,145.77940368652344,146.84070028983484,145.2022115249174,145.2022115249174,5636000
2023-08-03,146.1610870361328,146.81275783152805,145.42563303962058,145.9376509611296,5792700
2023-08-04,144.55984497070312,146.84070008276413,144.4388153091076,146.56140851273722,4785900
2023-08-07,146.08663940429688,146.3007568100169,144.7553697967563,144.92293623461694,4107400
2023-08-08,146.24488830566406,146.7476159851933,145.72355160493723,146.4217734445592,4625500
2023-08-09,146.05870056152344,147.17585267842003,145.94698961144175,146.44970309216924,4293200
2023-08-10,145.33255004882812,147.4458388083479,145.04395395938351,146.31936798255214,4307800
2023-08-11,146.17971801757812,146.58934374080894,145.0346240534487,145.63043941305025,3862300
2023-08-14,145.03463745117188,146.6545172684885,144.7646645842991,146.28213796134813,4297600
2023-08-15,144.10366821289062,145.2022112664947,143.79646311186983,145.03463064239673,6921100
2023-08-16,142.63275146484375,144.97876641772126,142.31621346184667,144.07573177918405,6356800
2023-08-17,141.6086883544922,142.95858096598838,141.31077357397405,142.63275265582507,6419500
2023-08-18,142.00901794433594,142.33486051167853,140.7336038251325,141.15253412217237,5448200
2023-08-21,141.29214477539062,142.23241153473015,140.81734493607465,141.5900453088485,4504700
2023-08-22,141.34800720214844,141.6459077502846,140.51013261196601,140.9663092512439,4195600
2023-08-23,142.6699981689453,142.8841155590064,141.94384858059905,141.94384858059905,4522500
2023-08-24,142.00901794433594,144.0012771884766,141.9531624654454,142.01833666105827,4088900
2023-08-25,142.93997192382812,143.4426996144951,141.93454495321419,142.80963774575892,3541500
2023-08-28,143.1633758544922,143.71264018109318,142.48377737911545,143.0982158827827,3614700
2023-08-29,143.24717712402344,143.4054390242667,141.5342097510107,143.3216558192012,4034600
2023-08-30,143.40545654296875,144.17815711880428,143.09825142019974,143.4613262251962,3712200
2023-08-31,143.68475341796875,144.44814951086067,143.20996764177363,143.47994052501537,5451400
2023-09-01,143.843017578125,144.5598627145989,142.95860600228278,144.20609240211755,4126300
2023-09-05,141.91592407226562,144.15954707966657,141.8786776177101,143.18203362530812,5097000
2023-09-06,141.63661193847656,141.92520799529638,141.07802884405504,141.77625060940287,3877400
2023-09-07,142.98654174804688,143.5451249879389,141.85076624419852,141.96249141539406,4824800
2023-09-08,142.37208557128906,142.8655087557414,141.83213983237923,142.8282623014551,3384700
2023-09-11,144.06646728515625,144.39230988846313,142.5117613945415,142.74450205251432,4288500
2023-09-12,141.53421020507812,144.43880829953636,141.1059754631304,144.2898651140616,4537800
2023-09-13,142.5210418701172,142.98652310755728,141.1897723496114,141.4876729547858,4040600
2023-09-14,144.08506774902344,144.2247064395984,142.78171174709613,143.22858396765645,4606800
2023-09-15,142.8748016357422,144.59708776959445,142.65136554429398,143.396138310429,10262400
2023-09-18,143.4147491455078,143.8150561270718,142.91202153452306,143.78712839372352,3536500
2023-09-19,142.99586486816406,143.4240997206193,141.26427381761886,143.1355035797555,4704200
2023-09-20,142.8748016357422,144.09436011517576,142.77239520283163,143.15409319871267,5446400
2023-09-21,141.63661193847656,143.09822965250996,141.57145196049703,142.85617034909347,5096400
2023-09-22,141.11529541015625,142.75378427248796,140.92910575392585,141.91592371677112,6327000
2023-09-25,140.2587890625,140.83598116556414,139.66297373520086,140.74287924974698,5527000
2023-09-26,139.01132202148438,139.9795167342323,138.5178988463549,139.62574645199754,6366500
2023-09-27,137.16802978515625,139.36510214880232,136.50705427627932,139.10443375018008,5403700
2023-09-28,136.237060546875,137.7638386098489,135.6226218347929,137.61489539312487,6237100
2023-09-29,135.7901611328125,136.6373402318952,134.82196659483031,136.4232086758475,6683300
2023-10-02,135.16644287109375,135.54814089189108,133.96549333353332,134.78474485029642,5153800
2023-10-03,135.4457244873047,136.376686885912,134.9988523081148,135.1478097011781,4670600
2023-10-04,135.89259338378906,136.20911721547068,134.92438445641469,135.53882309816842,4727800
2023-10-05,133.87240600585938,136.0043038114632,133.7699995659612,135.6226057895373,5205700
2023-10-06,134.1423797607422,134.57993326090138,131.68463939225816,133.68621723892178,7406700
2023-10-09,133.4627685546875,134.03065617976392,131.82427986521128,133.4627685546875,5062200
2023-10-10,134.78472900390625,135.19435471412888,133.79791117765626,134.03995627671588,5988900
2023-10-11,133.12762451171875,135.51088600634384,132.71799877882526,135.11988349913432,5469100
2023-10-12,133.4255828857422,133.99345650369335,131.88018137241153,132.93215957876967,5965600
2023-10-13,134.7009735107422,135.01749736816973,133.30452968700297,133.30452968700297,7078900
2023-10-16,135.98568725585938,136.90733095852082,135.41779961249787,135.7901788976638,6509800
2023-10-17,136.1625518798828,136.68390274248472,135.21298048505744,136.02291320574923,6160100
2023-10-18,139.6722869873047,140.8546132064711,138.49927948351802,139.70021472272634,10508500
2023-10-19,138.88629150390625,140.78807229455717,137.88386756365156,140.16039228781707,8146000
2023-10-20,138.69894409179688,140.41336027836462,138.57715051124174,139.63578260063034,7284200
2023-10-23,138.79258728027344,140.05732469283126,138.2398561186445,138.52091046532598,5981800
2023-10-24,140.43206787109375,140.59134297579507,138.7176662100966,138.76449669322363,6322000
2023-10-25,141.08786010742188,141.64059129872732,139.70132906802084,140.18848900875685,6172900
2023-10-26,140.33839416503906,141.8186005417467,140.2821861486483,141.50944215657807,7582100
2023-10-27,137.8651123046875,140.47888458078225,137.04069011809813,139.57015038738706,8131800
2023-10-30,139.8324737548828,140.10416485590736,138.22111080162128,138.55837314753688,5412800
2023-10-31,140.55386352539062,140.7693323540447,139.25165872566637,140.01987307263582,6762100
2023-11-01,140.160400390625,141.16281009381058,139.7856707304663,141.16281009381058,5896900
2023-11-02,141.87478637695312,142.07151440356367,139.50458675624475,140.09478513109357,5859200
2023-11-03,140.59132385253906,142.6710916281563,140.16973520158604,142.2026725004461,6587700
2023-11-06,141.40638732910156,141.696804939626,140.6194465209026,140.8630193534349,6480800
2023-11-07,141.07846069335938,141.69677733434958,140.63814559704966,141.38761901385448,6003800
2023-11-08,140.53514099121094,141.64998111524875,140.06672173203683,141.42514901965885,4832600
2023-11-09,140.85365295410156,140.85365295410156,139.70133148044155,140.2821809834713,6581500
2023-11-10,141.84669494628906,141.87479895258167,140.45080068867583,141.31269023669245,5387200
2023-11-13,142.83038330078125,143.24258017322785,141.88416740409372,141.88416740409372,6297500
2023-11-14,142.5118408203125,143.80468227773645,142.09962967185743,142.9146887317639,7982600
2023-11-15,141.85606384277344,142.76479820253815,140.88175823071612,142.45563982596695,7672600
2023-11-16,143.177001953125,143.23320996504046,141.75300370618737,142.39006119627194,7590500
2023-11-17,141.52818298339844,143.1863766476639,141.35954463913956,143.07396061483763,8495600
2023-11-20,140.77870178222656,141.49069377658358,140.20722982128913,140.72249376885873,6856500
2023-11-21,140.160400390625,140.53513005078366,139.42966754680143,140.38524676373234,7310400
2023-11-22,141.48133850097656,141.912276157726,140.61944889245822,140.61944889245822,4372700
2023-11-24,141.818603515625,142.1558659160613,141.4907043531104,141.63122439703395,2132500
2023-11-27,141.68743896484375,142.06216859150328,141.21901978400984,141.94975256250922,6021300
2023-11-28,142.6710968017578,143.12078947307901,141.6031017236512,141.6031017236512,6110400
2023-11-29,141.5843963623047,142.82101565528896,141.45323955403333,142.67111807583026,5342700
2023-11-30,143.82342529296875,143.92647808169198,140.60069913109896,141.36889913292967,9771300
2023-12-01,143.01773071289062,143.79530817599434,142.6148828318772,143.64541062515133,5685400
2023-12-04,142.45562744140625,142.89594257930233,142.08089784512003,142.1839506283514,6578300
2023-12-05,137.49037170410156,142.9708809964766,136.94700382235192,142.53056589049012,11895800
2023-12-06,137.38734436035156,137.86514108870685,136.44114273138538,137.72460675300613,7610000
2023-12-07,137.24681091308594,137.80891961094196,136.79713253181194,137.31239645567695,6119600
2023-12-08,135.98207092285156,137.00323551450933,135.39187252576647,136.70344040264195,6385300
2023-12-11,136.6098175048828,136.65664800091858,135.51370371519087,135.65423808836783,8471200
2023-12-12,136.72219848632812,136.99387533272446,135.91651688991965,136.64724969886925,6069200
2023-12-13,139.19544982910156,139.26102108305153,136.26314109130945,136.64724826236593,9055500
2023-12-14,135.52305603027344,139.16735709411435,135.2607424031862,139.08304506291213,10565200
2023-12-15,134.8672332763672,135.13891006398495,133.4994432174548,134.13648633049863,14550000
2023-12-18,136.93765258789062,138.17428600542968,135.0452352193921,135.0639759879961,8421800
2023-12-19,136.93765258789062,137.09691338347952,136.2069198575332,136.46923343791698,5233600
2023-12-20,134.82041931152344,136.84399371239525,134.75483376106922,136.3755745063612,7663800
2023-12-21,135.14828491210938,135.64480805611996,134.08966737800148,135.39187201333414,6104700
2023-12-22,136.1038818359375,136.4317809944935,135.17640667217992,135.37314902631744,4413800
2023-12-26,136.72219848632812,136.9376673158852,135.81346409404114,135.9258801277197,3634900
2023-12-27,136.83460998535156,137.0688195777666,136.1788259855933,136.45050282298635,4569400
2023-12-28,136.5254669189453,136.78778054826643,135.87904608418233,136.77841730972662,5023000
2023-12-29,137.28428649902344,137.67777118844836,136.52544971731044,136.77840007622106,5300900
2024-01-02,139.34535217285156,139.97303220081244,137.06882737172074,137.11567215187122,7238400
2024-01-03,138.50222778320312,139.77632896682127,137.883910820192,138.97064712578296,7697500
2024-01-04,139.26100158691406,139.84185102854204,138.43659363898684,138.6989072081024,7067400
2024-01-05,138.10873413085938,139.46714713793213,137.29368918562002,139.32662707669138,5294200
2024-01-08,139.2985076904297,139.5139765255586,138.32418772328865,138.56777486258386,8255300
2024-01-09,139.86996459960938,139.96363985497652,138.69891669488226,139.18607662585387,9786800
2024-01-10,140.4695587158203,140.5257667353112,139.8325011398764,139.91682746413295,8591100
2024-01-11,141.00355529785156,141.27524646384177,139.86061120200915,140.57261759975935,6659400
2024-01-12,141.08786010742188,141.74364408820958,140.42269859439665,141.4157449503064,5684700
2024-01-16,140.3290252685547,141.93102530938037,139.47651314246295,140.6662876826748,8120100
2024-01-17,140.4695587158203,141.08787552026052,139.59829152865086,139.7388258723983,6541400
2024-01-18,139.6597137451172,139.90482484643766,138.5095515880084,139.74455823573214,6526200
2024-01-19,139.1223602294922,140.11224145684096,138.8772347264691,139.7634267152152,7848100
2024-01-22,139.39578247070312,139.72575254014507,137.90622754958952,138.55673093001346,11084100
2024-01-23,145.16539001464844,147.44685506060992,144.13779066476656,144.34519788579013,19101600
2024-01-24,143.411865234375,145.40107857180033,143.3835837392934,145.11824923568676,11592700
2024-01-25,146.71151733398438,146.74923558688235,143.35531209099318,143.67584531413308,10352500
2024-01-26,147.20176696777344,147.2206260958935,146.4475600812697,146.8906560876419,8356600
2024-01-29,147.22059631347656,148.32361772791316,146.5040934428601,147.71081846302818,8987400
2024-01-30,148.47445678710938,148.87983444113345,146.90005801689418,147.39028014939356,7794700
2024-01-31,148.14451599121094,149.42666333084975,147.72970150113673,148.94586347297243,8870000
2024-02-01,150.06773376464844,150.18087414647852,147.65428327000188,147.79570515096458,7601100
2024-02-02,149.04013061523438,150.46369983474412,148.51219013063445,149.86975959691955,7937700
2024-02-05,149.1532745361328,149.89804465488623,148.54047515636387,149.1155562804518,6931900
2024-02-06,149.8603515625,149.96405519513164,148.83273760813188,149.24755213865836,6185400
2024-02-07,150.0111541748047,150.68051647927584,149.65291709698033,149.99230943433366,7209300
2024-02-08,149.5586395263672,149.9923131179183,148.73844735149484,149.7094837656283,6121600
2024-02-09,148.40847778320312,149.27581058338507,147.9748185757614,149.2003884635477,5978000
2024-02-12,148.1162109375,148.58758834938368,146.58895272629195,148.35189964344184,5482000
2024-02-13,147.32432556152344,149.86976114444195,146.57954106746575,148.71959891170184,6046800
2024-02-14,146.72097778320312,147.2206368250498,146.04219297441122,147.2206368250498,5727300
2024-02-15,148.02195739746094,148.4084904000012,147.21118752190563,147.35260940311042,6249200
2024-02-16,148.49334716796875,149.37953924300191,147.70143635486286,148.05025113045218,6617600
2024-02-20,149.4360809326172,150.64280610961168,149.0778438360493,149.61520667355055,6622100
2024-02-21,151.2178955078125,151.2178955078125,150.07717001914799,150.07717001914799,7121000
2024-02-22,151.36874389648438,151.86840290687744,149.54923361058138,150.3317220043837,6619500
2024-02-23,151.81182861328125,152.48119095804296,150.9916364091822,151.40645088928252,5486500
2024-02-26,151.0482177734375,151.9438322087696,150.90681026770636,151.81184707498699,4531900
2024-02-27,150.1808624267578,150.65223988924902,149.86032920473545,150.2845660439178,3868200
2024-02-28,150.88790893554688,150.95389429133192,149.55862121226988,149.96401325747982,3802900
2024-02-29,149.8415069580078,150.944528765482,149.12500383208118,150.77482535686178,8348100
2024-03-01,149.75662231445312,149.9263112922979,148.5876010543179,149.00241551389163,4819800
2024-03-04,150.4259796142578,150.61452772982258,148.64417330936732,148.7101730617295,3841600
2024-03-05,150.19970703125,150.8313510436826,149.69061136521367,150.33169213257477,4481600
2024-03-06,150.43540954589844,150.83136488621147,149.81318784599287,150.5390987772509,5405700
2024-03-07,151.42527770996094,151.69868466916932,150.34111539870662,150.79363369376176,4783900
2024-03-08,151.17074584960938,152.01921945991788,149.2286587762701,150.69936842492746,5080200
2024-03-11,152.3020477294922,153.31078793092098,151.61384072214005,152.10406288297588,5170900
2024-03-12,152.66030883789062,153.2165452155912,152.0003832210335,152.55661959873407,4229100
2024-03-13,153.0091552734375,153.41453306060902,152.09468167760733,153.0845774075092,5410500
2024-03-14,152.2549285888672,153.31080955844777,151.90611385112345,152.95257244965396,5848100
2024-03-15,152.1417999267578,152.2549259185719,151.12362284453394,151.5007190741136,10956900
2024-03-18,151.98153686523438,153.40509170829267,151.78355198962922,152.23607035277035,6086300
2024-03-19,152.5660400390625,152.88657327957935,151.94381830020083,152.5377585405051,6148100
2024-03-20,152.71688842773438,153.1034070469289,152.2266517972855,152.7357331704172,4870300
2024-03-21,152.5943145751953,153.15997329113284,151.89667074357885,152.81114418267526,5211500
2024-03-22,152.40577697753906,153.11284322858322,152.2266512256266,152.914858348759,6393200
2024-03-25,151.01991271972656,152.40576360096168,150.58623912761757,151.94380851211716,7145600
2024-03-26,151.35931396484375,151.91553594707634,150.97278097300108,151.18018821812157,5842700
2024-03-27,153.3013916015625,153.42395435523906,152.1040887199598,152.12294784790228,6599700
2024-03-28,152.9619903564453,153.80104168499167,152.44347225783827,153.49936758190142,7191500
2024-04-01,151.38760375976562,152.79231392682811,150.65225599051146,152.5189069135951,5971900
2024-04-02,151.37818908691406,151.51017422181826,150.50141938802847,150.50141938802847,6771200
2024-04-03,147.21119689941406,151.6704386916766,146.76810087028608,151.4347499266213,9601800
2024-04-04,146.55125427246094,148.08794944606035,146.51355040394822,147.89940133289883,6801700
2024-04-05,147.16404724121094,148.06908389926585,145.83475936531335,146.4004036802731,5121200
2024-04-08,147.1074676513672,147.72968933523703,146.72094907680994,147.04148228899814,5476800
2024-04-09,147.69198608398438,147.7768305725114,146.78693505046843,147.3243122484025,4608100
2024-04-10,148.23880004882812,148.55933329348062,146.73980867944812,146.73980867944812,7784900
2024-04-11,146.91891479492188,148.57817256488127,146.8529294346881,148.53103194454422,8209800
2024-04-12,146.43812561035156,147.0414881926415,145.88190365181683,146.3344219922096,6770500
2024-04-15,146.55125427246094,147.84283833748026,146.43812828162382,147.46572772585827,5754000
2024-04-16,147.02264404296875,147.955976701323,146.75867378540795,146.92837717115427,6103300
2024-04-17,147.97482299804688,148.12565285693074,146.8246608104264,147.35260127976716,6621900
2024-04-18,149.243408203125,149.56602560844684,147.98146060708035,148.3420108581565,7819300
2024-04-19,150.04994201660156,150.08788934358046,145.66629460211735,147.05159644873888,12034200
2024-04-22,152.3271484375,153.0387802184015,149.20546339568045,150.32509044810303,8926300
2024-04-23,153.23806762695312,153.80737893263185,152.21331596364422,153.408852331744,7707300
2024-04-24,154.2817840576172,154.52847787590827,151.26445761821628,152.9533959760382,7217600
2024-04-25,154.2343292236328,155.91378426245586,153.78837215412508,154.63284127928506,7094600
2024-04-26,153.03880310058594,154.9649667288212,152.27974067001205,154.1869089158388,5659800
2024-04-29,153.38986206054688,153.51320172432625,152.20380908991575,152.92492408391263,4621000
2024-04-30,154.85107421875,154.9934092633034,153.33293509081454,153.5606479970027,8106100
2024-05-01,155.0408477783203,155.83788642555152,153.92122065678424,154.92699131936723,7543000
2024-05-02,155.45831298828125,156.07506914651108,154.31970516763596,155.17365741357395,5647500
2024-05-03,156.046630859375,156.28384146452058,153.86429039639833,155.17368309163527,5581500
2024-05-06,156.0276336669922,156.54000215021077,154.90799219894438,156.35023658154407,5472400
2024-05-07,157.28009033203125,157.54576501084438,156.16994660737976,156.5399945155969,6433000
2024-05-08,156.62542724609375,157.85891082550935,156.4925754065154,157.48886285604738,4579400
2024-05-09,157.5457763671875,157.8209487546261,156.6064317130248,156.6064317130248,4671100
2024-05-10,158.3143768310547,158.79828129364668,157.22319926972952,157.59324726540282,4879400
2024-05-13,157.38446044921875,159.07339850749736,156.90055611056044,158.31433628486093,5725500
2024-05-14,157.28009033203125,157.57424359903106,155.562688130352,157.06186066261705,6009800
2024-05-15,157.99176025390625,158.15306174233137,156.67286975143017,156.85315214384283,5102700
2024-05-16,159.27268981933594,159.72813012881383,158.06765588736044,158.3902588366495,6793600
2024-05-17,159.06394958496094,159.40553345005281,158.34283452673895,159.09241370053635,4700800
2024-05-20,158.75082397460938,159.29167110694885,158.25742185920632,158.97855136899227,3804600
2024-05-21,159.7376251220703,159.91789301785076,158.73184000826657,159.17779709812513,5147100
2024-05-22,159.22523498535156,159.81351261874752,159.05445030914711,159.41500056275166,4536700
2024-05-23,157.02391052246094,159.5098726059387,156.8626090759482,158.73181500468252,4729800
2024-05-24,156.8721160888672,157.80197758910595,156.70131692781905,157.36551819188995,3820100
2024-05-28,154.76568603515625,156.33127021998655,153.9591641955854,156.07509319364527,6466200
2024-05-29,153.38037109375,154.41462033289494,153.16214139148036,154.32921351184478,4360400
2024-05-30,154.26280212402344,154.37665858121417,153.21906967248748,153.38037114623643,4748200
2024-05-31,156.12252807617188,156.34077226078415,153.68401054388508,154.1299676471375,10341400
2024-06-03,156.22689819335938,157.73556864005803,155.25908935215503,155.5437304947526,5828400
2024-06-04,158.46615600585938,158.5705292437137,155.9896768878481,156.35972482602517,6277000
2024-06-05,157.55528259277344,158.46616318423202,156.5400142805466,158.46616318423202,5243300
2024-06-06,159.8514862060547,159.9558594530474,156.6349109300623,157.34654275641626,6302000
2024-06-07,158.51361083984375,160.32590331932911,158.30486435120218,159.78505619561608,4558200
2024-06-10,158.78875732421875,159.13982432590078,157.58372360527295,158.24791028879997,4110600
2024-06-11,158.91212463378906,158.93110553610344,157.52682280675126,158.4282202111695,3947700
2024-06-12,156.7297821044922,159.06394080007206,155.8189015000119,158.93110344199425,5474500
2024-06-13,157.89686584472656,158.45667938094851,156.0561092887016,156.0561092887016,4902200
2024-06-14,158.2574005126953,158.39023785528767,156.79618974417946,157.49833825684445,3695000
2024-06-17,158.93109130859375,160.07919690576173,156.93851661136122,157.3655072451861,6759400
2024-06-18,159.93687438964844,160.02226673182463,158.39975431773223,158.48514665990842,5112600
2024-06-20,159.09242248535156,160.1456382543594,158.323862366003,159.756609349098,8483600
2024-06-21,159.65220642089844,160.240498515039,158.62745495949574,158.91211055624956,14682000
2024-06-24,159.83248901367188,160.74338402897052,158.9121107871355,160.12662782207698,7565200
2024-06-25,158.3143768310547,160.2689900634925,157.41296487398986,160.00331532189054,7968200
2024-06-26,158.88368225097656,159.22526614842468,157.18526045528543,157.5553084710052,5164000
2024-06-27,158.0961151123047,159.50041228022528,157.03341626366077,158.921617840549,5007000
2024-06-28,156.4831085205078,158.6844301425963,156.16050553463938,157.50786019166748,9253100
2024-07-01,154.39564514160156,157.7071105153877,153.90224301204958,157.11881834924182,7638600
2024-07-02,155.51527404785156,155.64811141367514,153.4373212135086,154.26280952411315,5449200
2024-07-03,155.4488525390625,155.80941728503228,154.64233070566254,154.86057488253167,2980500
2024-07-05,156.75827026367188,157.15678236222655,155.13574327552556,155.61964772130187,6509200
2024-07-08,158.001220703125,158.14354125401672,157.14725396322197,157.46037365336798,5144500
2024-07-09,157.18524169921875,158.22895969374406,156.69183957773797,158.10562002201382,4393100
2024-07-10,158.26693725585938,158.38079372669546,157.07138639932813,157.41297029002448,5037100
2024-07-11,157.07138061523438,158.1056299405993,156.3502655295138,157.79251017914248,5831500
2024-07-12,158.0866241455078,159.06393060548342,157.5268106350723,157.71657620899458,4684600
2024-07-15,156.1604766845703,158.09610872036794,156.04662023487202,157.9537881582451,5752500
2024-07-16,158.40924072265625,158.5231116593726,156.18895291220502,156.47360853671617,6378300
2024-07-17,160.7718505859375,161.464501449637,158.76979264226517,159.16830469308618,7982300
2024-07-18,159.82301330566406,162.1761383615625,159.67119504962267,160.1645971426643,5926300
2024-07-19,160.32606506347656,161.35696522143925,159.53378760307388,160.3356053104949,6597100
2024-07-22,160.60289001464844,161.03243420713264,160.0778850837172,160.29742730382893,6383000
2024-07-23,159.04696655273438,160.76515784764106,158.76061347463607,160.4692499567639,4863400
2024-07-24,160.36424255371094,160.63151512607942,158.0542355695188,158.76060711949998,5907000
2024-07-25,159.31423950195312,162.35925347167932,159.28560419407748,160.66971204596277,7338300
2024-07-26,161.42381286621094,161.6242746032909,159.43834881839757,159.6483508038091,5581600
2024-07-29,162.20652770996094,162.7888032656062,160.4692558561553,161.17562746038095,6797800
2024-07-30,154.35060119628906,154.99970221978984,150.85694766327123,154.43650712777358,15746300
2024-07-31,153.4532928466797,155.45785158389023,151.97375354069212,153.5010232099965,9660900
2024-08-01,158.15924072265625,158.75105649633764,153.37694046996265,153.56786193977499,12532700
2024-08-02,162.34970092773438,162.60743324435785,157.64376663133254,159.8296920687001,11899000
2024-08-05,160.42152404785156,163.11335957890677,159.09470134314907,163.11335957890677,10338800
2024-08-06,160.45016479492188,162.58836015663292,160.22108231831072,160.26879812409518,7454900
2024-08-07,162.29241943359375,163.9151497643013,160.37376668832223,160.90832634461557,8385500
2024-08-08,163.10379028320312,163.76243145318057,161.31878823404182,161.7196970841884,6386900
2024-08-09,162.78880310058594,163.4760796431185,161.9392549529087,162.3878942116526,5377300
2024-08-12,159.2283172607422,161.9392329404223,158.6460417848362,161.7005956890717,7208100
2024-08-13,159.68650817871094,160.17333752821304,158.89424526473243,159.73423854546292,3770000
2024-08-14,161.1278839111328,161.76743003219175,158.2833317964308,158.9324181645756,5476600
2024-08-15,160.28787231445312,161.96787337366007,159.1710516906024,161.7578859858638,9491400
2024-08-16,160.25924682617188,160.69834581817463,159.2187918092639,160.19243596352163,5640800
2024-08-19,160.76515197753906,161.5478892031296,160.52651471099506,160.5360549581622,3885300
2024-08-20,162.6647186279297,162.80789516946604,160.46925274436927,161.0992586576565,4513600
2024-08-21,162.42608642578125,164.07745237259607,161.89154123365142,162.45472173498362,4082000
2024-08-22,162.41653442382812,163.45700408215913,161.45244501171098,163.11336580051844,4097300
2024-08-23,161.4810791015625,162.37835763936087,160.60289562517335,162.32108702039744,4771300
2024-08-26,162.60745239257812,163.19926820055898,161.0324375669232,161.0324375669232,6472400
2024-08-27,161.55743408203125,163.3233557311898,161.39516248396066,163.06562339765964,4456400
2024-08-28,161.37608337402344,163.41881805349468,160.91790384211097,161.71972166427395,5644800
2024-08-29,162.30198669433594,162.8460866873678,161.26153164287862,162.0347141043334,4413200
2024-08-30,163.74331665039062,164.06787435540966,161.97740987328646,162.42604903453028,7301600
2024-09-03,166.58792114257812,167.04610065467128,163.21836382030787,163.25653937745562,10101400
2024-09-04,167.90518188476562,168.0006426214514,165.73836590158092,165.73836590158092,7517500
2024-09-05,167.49473571777344,168.5256505180742,166.73109350659544,167.99110533982872,6061900
2024-09-06,167.6092987060547,168.9933922004991,167.37066139441717,167.7715703301363,5785700
2024-09-09,168.05792236328125,168.80246954101764,166.72155936869393,167.56155272303556,6450200
2024-09-10,169.7092742919922,169.85246539295386,167.9147319284295,167.9147319284295,6396300
2024-09-11,166.01516723632812,168.9551800264274,165.73835442353138,168.57336623665344,6828200
2024-09-12,165.58563232421875,166.67381770760383,164.60244792367186,165.9960814428732,4838900
2024-09-13,166.16790771484375,166.60699214069996,164.94608604207207,165.49017145067882,3918000
2024-09-16,169.18429565429688,169.2511065204902,166.39701389953578,166.7692874833674,6892300
2024-09-17,167.88609313964844,168.92654811818286,167.38972355074856,168.602004933821,4757100
2024-09-18,166.01516723632812,167.90517025665537,164.7265347718942,167.0938123120701,5102900
2024-09-19,163.74331665039062,165.2896958176556,162.636050963847,165.0224232831181,8692000
2024-09-20,166.30154418945312,166.60699232535296,163.7051694906199,163.71470973805754,28647500
2024-09-23,165.8719940185547,167.22745193415872,164.74561855528427,166.10107647088833,10265000
2024-09-24,165.36610412597656,166.56883084156658,164.77427373379285,165.0224658407702,5422400
2024-09-25,164.43060302734375,166.74060982482425,164.23969614326285,166.1583489262191,8916500
2024-09-26,165.33746337890625,166.6738263522826,163.57154163919952,163.70517793653715,4957200
2024-09-27,165.6619873046875,166.52107560680193,164.7360735790523,165.14652267120897,4599500
2024-09-30,165.32789611816406,166.09153828771187,164.860176395329,165.8338059603711,6296600
2024-10-01,165.17515563964844,166.09152910549756,164.3733379603193,165.36607709542767,7130600
2024-10-02,164.10606384277344,164.6119736522094,163.3042461710555,164.19196975790135,6212700
2024-10-03,162.38787841796875,163.58106472086416,162.05379499231555,163.58106472086416,4794300
2024-10-04,161.20425415039062,162.35925038679864,160.6124238132577,161.17561884305906,6002800
2024-10-07,159.5242462158203,161.87244348832706,159.28560893291476,161.4715346008774,6325300
2024-10-08,160.51699829101562,160.92744745907234,158.7129008707527,159.26654115914886,7473000
2024-10-09,161.57652282714844,162.09197290879968,160.3642414474566,160.7269747497099,8758800
2024-10-10,161.2710723876953,162.0728901601742,160.717432145194,161.12789584448973,6932300
2024-10-11,163.31381225585938,163.61927497832474,161.29017269795133,161.75790702975232,7036500
2024-10-14,164.6692657470703,164.98426870890052,162.97972426806817,163.24699686017917,5909000
2024-10-15,165.68109130859375,166.96018358400357,164.96517949642603,165.03199035829152,7172200
2024-10-16,164.54518127441406,164.74562843222333,163.12289784810122,164.06790671642148,6117000
2024-10-17,164.44972229003906,165.78608524056094,163.95335266616075,164.3542615513173,7045600
2024-10-18,164.45645141601562,165.34940917990053,161.7488037548344,163.5154973005173,8372500
2024-10-21,162.78573608398438,164.64845130124914,161.73916381066292,164.16837066384682,5522500
2024-10-22,162.9393768310547,163.92834184138738,161.85440447704755,161.85440447704755,7511400
2024-10-23,162.8241424560547,163.39063406315444,162.00799955363138,162.79533879134775,4837800
2024-10-24,162.86257934570312,163.18904537115282,162.20006560559474,162.67054998719803,5861200
2024-10-25,161.51834106445312,162.65132440815398,161.3455044055585,162.19045106926714,4877900
2024-10-28,162.55532836914062,162.90098706006754,161.671981636972,162.53612103883904,5753800
2024-10-29,160.5101776123047,162.13285270356837,160.18372625631912,162.13285270356837,5681000
2024-10-30,159.5404510498047,160.65424199463817,159.3484216647065,160.43339428341747,5518100
2024-10-31,158.59945678710938,160.3853576195696,158.51304577527273,159.1563521704465,6056500
2024-11-01,158.5226593017578,159.72286109946674,158.41704095752337,158.72428499926843,5454800
2024-11-04,158.50343322753906,159.6460275479891,158.02335256522554,159.1179358892644,5130200
2024-11-05,159.15634155273438,159.6940442203923,157.78331784214802,157.78331784214802,4397400
2024-11-06,154.6339874267578,159.4251831581482,153.44338208552463,159.01232081253875,11473700
2024-11-07,156.8999786376953,157.41845934976925,155.04685950839882,155.5077475312427,9056700
2024-11-08,161.02867126464844,161.06707127339962,157.39924777441394,157.485673433179,7506200
2024-11-11,159.41558837890625,161.80639542388562,159.17554804048703,160.34694606404483,6364400
2024-11-12,159.233154296875,160.4045523124827,158.97392128178927,159.52120563120303,6507500
2024-11-13,159.94369506835938,160.15493175807015,159.07954097838774,159.4444070153247,5412300
2024-11-14,160.4237518310547,161.34549847494756,159.87645285738807,160.06849683818962,7444300
2024-11-15,162.78573608398438,163.77471567585965,160.23171822768677,161.24948683483595,9939400
2024-11-18,163.9475555419922,164.6196655774309,162.10404745154602,162.3728914657215,6681000
2024-11-19,163.9571533203125,164.35082300555993,162.90098458418296,163.88994964162885,5683700
2024-11-20,164.0819549560547,164.25479159902613,162.75692774656608,163.23700837018973,7081100
2024-11-21,165.8678741455078,166.59759150128866,163.43866708841546,164.82130178433673,6240400
2024-11-22,169.25723266601562,170.33260863292804,166.95285140808937,167.21208441024945,10609800
2024-11-25,170.32301330566406,171.69605159026332,169.85252899189672,170.40942430689722,19357000
2024-11-26,172.16653442382812,172.310567421134,170.14059332928494,170.14059332928494,6276700
2024-11-27,172.21453857421875,173.2419035898242,171.60963224157015,172.82904124594614,5522900
2024-11-29,172.11851501464844,172.47378466992373,171.1775610120068,171.58082701313893,3823700
2024-12-02,172.54100036621094,172.98268105588105,170.91832525873411,171.98410499701828,5728200
2024-12-03,168.43150329589844,172.46417806054708,168.22026662552594,171.648049698562,8127300
2024-12-04,168.1338653564453,168.17226536650972,166.54960488780557,167.23131128547706,6823500
2024-12-05,169.01719665527344,169.4300736429721,167.50014000557204,167.89380966454308,5022200
2024-12-06,166.895263671875,169.69893323690107,166.82804534060054,168.3835021398046,5741200
2024-12-09,163.98594665527344,166.83762696963683,163.64028799138396,166.72241229864005,7164300
2024-12-10,165.41661071777344,166.04070978966527,163.16022548696304,163.63070986406203,6219900
2024-12-11,163.8323516845703,166.48239199255704,163.6115040040624,166.11752595597954,5237500
2024-12-12,164.04354858398438,164.97490612972848,163.24661302160038,164.60042919297814,4072800
2024-12-13,164.24520874023438,164.94612246851887,163.34265466909793,163.9667683772393,3884500
2024-12-16,164.322021484375,165.89668559505205,164.28362147475374,164.61966917436575,5943600
2024-12-17,163.5443115234375,165.0997684791331,163.24666379990583,163.870762920156,6069200
2024-12-18,162.34408569335938,163.76512041429274,162.2864783554823,162.9969883904991,7517100
2024-12-19,162.44970703125,163.32345740759524,160.68301359951238,162.27687036352563,8585200
2024-12-20,161.3647003173828,163.10258986790387,160.82701235157498,162.14242860013326,21999300
2024-12-23,161.41273498535156,161.9600193697839,159.73245252030605,161.3647239847416,6983900
2024-12-24,162.20965576171875,162.44008510196718,160.75020645291607,160.94223578675613,2460800
2024-12-26,163.3810577392578,163.5154797413226,161.374324047398,161.60475339328082,3629400
2024-12-27,162.77615356445312,163.9571479304719,162.51690589599548,162.6705352292222,4367900
2024-12-30,160.43336486816406,162.2480693287884,160.06851349864348,161.95042163882414,4354500
2024-12-31,160.97105407714844,161.38393110076504,159.95328532953133,160.69261371542126,3957600
2025-01-02,159.36758422851562,161.98883538532738,159.3003805493385,161.39352535785758,5401700
2025-01-03,158.55145263671875,159.86686903296632,157.7065059379262,159.62682868907297,5256600
2025-01-06,154.201904296875,156.98636609196964,154.04827497897924,156.32385247808,8731700
2025-01-07,154.8740234375,156.13183241923707,154.3363354438627,155.02765276451038,8447400
2025-01-08,155.64215087890625,155.93018754501998,154.17310527813189,154.57637126158968,4974800
2025-01-10,152.24319458007812,154.7876311698693,151.19662213358365,153.76984774341236,8501500
2025-01-13,152.51202392578125,153.7122256023268,152.09916158148127,153.00171558638743,6772200
2025-01-14,153.3761749267578,153.69302992128303,152.00313661714856,152.5216319357895,5982200
2025-01-15,153.28976440429688,154.7300065301784,152.9921167090921,154.19231848066005,8059200
2025-01-16,154.1058807373047,154.18269539546841,152.80006085031715,153.2609341484016,5774400
2025-01-17,154.7108154296875,155.3061108261735,153.24176961836514,153.37619163211684,7262700
2025-01-21,155.27728271484375,155.88218900696467,154.5475654194633,154.5475654194633,13914700
2025-01-22,158.17698669433594,161.44152943679293,157.88893535802512,160.44296807526828,14356700
2025-01-23,159.5308074951172,159.8476625087612,156.8135636813428,157.3512517102296,7614300
2025-01-24,158.5425567626953,160.27173382693024,157.65382372430204,160.27173382693024,6199800
2025-01-27,163.89430236816406,164.1647857090002,160.46494211227576,161.05421254914805,9170800
2025-01-28,160.54222106933594,163.82666997567875,160.46493801103847,163.16978609050466,6716300
2025-01-29,160.58087158203125,161.6048464133415,160.2427747503136,161.05422483472123,4850300
2025-01-30,161.72076416015625,161.90430958363365,160.29104967214096,161.78837762445843,4136500
2025-01-31,160.34902954101562,160.95760970542335,159.59553810680646,160.35868439624093,5464700
2025-02-03,163.02487182617188,163.6238118318874,159.61483617036896,159.84668534099134,8668600
2025-02-04,162.4163055419922,163.5368731115355,160.62916970759682,163.5368731115355,6410900
2025-02-05,163.26638793945312,163.39197475870145,160.94795502251762,162.3776548299533,7536800
2025-02-06,163.1408233642578,164.1551285994229,162.31970368411328,163.6141618766048,4957900
2025-02-07,162.26174926757812,163.3726620492326,162.16514174733075,163.34368274120598,4535600
2025-02-10,161.83668518066406,162.75439757937187,160.74508220922692,161.99125130303753,7062900
2025-02-11,163.672119140625,163.80737556045113,160.84169872486484,161.99126037148656,5438100
2025-02-12,163.8170166015625,164.3000246651099,162.26173004733045,162.6288208925021,6037400
2025-02-13,165.20809936523438,165.55586579676688,163.39198414053826,163.86533739853016,6328300
2025-02-14,157.35435485839844,164.222729609929,156.7844089227028,164.01985975235442,13179500
2025-02-18,159.80804443359375,160.12683153155194,156.6878163999837,157.7987438153355,7075300
2025-02-19,160.83203125,161.19910735708874,159.62451108404773,160.45528554783235,7910700
2025-02-20,161.52757263183594,162.07819419185904,157.26743772222494,157.60553454252343,6162600
2025-02-21,164.44493103027344,164.75406328475907,160.28140363174143,161.7497523600738,9813700
2025-02-24,164.744384765625,167.10146648757427,164.019872666185,164.43526726812019,8564100
2025-02-25,166.78269958496094,168.03852365739533,164.99557836747653,165.45926203998343,7314900
2025-02-26,165.47857666015625,166.78268967539125,164.85065729112844,166.42526840117856,5519000
2025-02-27,166.1258087158203,167.2077421535119,164.83135053283394,165.04387527812872,5467000
2025-02-28,167.93223571777344,168.7147064023459,166.00987310758572,167.68107683761312,10240100
2025-03-03,169.62277221679688,170.2989805736537,167.61345685625332,167.68108506205735,7615300
2025-03-04,167.29466247558594,173.87324455158458,167.0338487394466,170.74334705578843,12117600
2025-03-05,168.67608642578125,169.89326151076014,167.1401242313523,167.48789064709445,6989100
2025-03-06,168.72438049316406,169.8642724491543,166.96622406448395,168.94656007538927,6702500
2025-03-07,169.9705352783203,172.81062506151244,168.1351105257641,168.17374468529488,9566700
2025-03-10,170.27000427246094,173.8732551879929,169.85462439600485,170.75301235591422,11047000
2025-03-11,167.23672485351562,170.00920145420537,166.4639236624786,169.85463531990283,11032300
2025-03-12,162.64813232421875,165.9905546450608,162.06853148596676,163.93293555568687,10158800
2025-03-13,162.86065673828125,163.53686508505072,161.5951779592763,162.000902967338,6609000
2025-03-14,162.26174926757812,162.86067462044525,160.95762144542894,162.08785867918047,6790500
2025-03-17,163.9908905029297,165.27569370570313,162.4162942576207,162.64812869164913,9931700
2025-03-18,162.01060485839844,164.4739347026649,161.88501801887887,164.29040398214167,6099900
2025-03-19,162.8413543701172,163.01523020702422,161.43096426306616,162.1651312526243,7569200
2025-03-20,161.85601806640625,163.45960850407204,160.3876693078064,163.15047624321417,8789200
2025-03-21,161.02525329589844,162.4259739297052,158.5425844237799,161.4599576663573,16027300
2025-03-24,160.02059936523438,161.19914046850317,159.74046111489514,160.77409092434203,6102100
2025-03-25,157.31573486328125,159.75008493190325,156.68781552587143,159.68247146678203,8366700
2025-03-26,160.91896057128906,161.15080973725637,157.45096637752027,157.79873275635342,7756000
2025-03-27,162.9766082763672,163.2857258119235,160.95762310814993,162.16514342252566,6211700
2025-03-28,162.3197021484375,163.94261704177538,161.92363196575081,163.62382992450833,5479100
2025-03-31,164.62847900390625,165.32401184699316,162.38732908525535,162.38732908525535,11520100
2025-04-01,164.7637176513672,165.2370708870552,163.31469337829785,164.77338724693942,7021100
2025-04-02,163.73974609375,165.0728531682034,162.59018445595177,164.2903824037155,6274500
2025-04-03,166.5315399169922,168.85964260553342,164.92794941233603,168.30900627046645,9393300
2025-04-04,158.18515014648438,167.7004154559708,157.91466679415515,165.93260407023814,13454200
2025-04-07,154.78475952148438,159.10285277777945,153.7801092375778,158.09820249387286,15708000
2025-04-08,153.00729370117188,157.73111197059342,151.38439368381208,156.79407514858104,11541100
2025-04-09,156.8037567138672,159.0835407960324,151.36508078909904,152.01230987449574,10670200
2025-04-10,158.00160217285156,159.46029602114373,155.28709909760812,157.36402796393858,10581600
2025-04-11,161.23776245117188,162.31004098934048,157.09354482788368,157.81805695528848,8602800
2025-04-14,163.38232421875,164.32901596514188,160.14616406065966,161.36333916316352,9877300
2025-04-15,162.74472045898438,164.37728989513786,162.56117505630658,163.3919494251087,8765000
2025-04-16,160.73541259765625,163.91359896841104,160.1557970620864,163.53685329236126,5897500
2025-04-17,164.83135986328125,165.81668583970966,161.66282769619423,161.83670354842099,7227100
2025-04-21,161.115234375,165.19778938368975,159.68633789714104,165.13946950004112,8062400
2025-04-22,163.18569946289062,164.05081245250906,159.9390821602595,161.22217908802725,7907400
2025-04-23,161.09579467773438,161.95119255121304,158.54906079529954,161.7470581197266,9309200
2025-04-24,155.0691680908203,156.45918966967002,152.20165993476974,156.012045815966,20077700
2025-04-25,156.51751708984375,157.2757053213015,153.35839451473032,155.40939468755022,12892800
2025-04-28,157.3242950439453,158.01443344953765,155.90511358978043,156.53693211119506,8127000
2025-04-29,157.72283935546875,157.8492090087501,154.74840622529953,156.77996155510544,8266200
2025-04-30,158.024169921875,158.59766858307745,155.4774211601265,157.90751531652774,12475500
2025-05-01,155.506591796875,156.8382935719976,154.60260382794732,156.16758516557064,6792800
2025-05-02,156.031494140625,157.2854162345033,155.42882068702784,156.43001832108675,5750200
2025-05-05,154.38876342773438,156.41060380374557,153.60141519371626,156.3911588950198,7576200
2025-05-06,154.7969970703125,155.2441409192219,153.24173088432573,153.62082497774384,7703800
2025-05-07,154.83587646484375,155.5746345987022,154.1068482004001,154.57343696876902,6430000
2025-05-08,154.21377563476562,155.52603246654945,153.59167209818418,153.95133613410349,7230800
2025-05-09,153.25144958496094,154.6803460249688,153.00844018811765,153.60138370969995,6453200
2025-05-12,156.40084838867188,156.54666293212006,152.30857828139708,153.02787663345322,7378400
2025-05-13,154.29153442382812,156.22589471688306,152.95984756895766,155.54547131775647,7780800
2025-05-14,153.6013946533203,154.7095169885913,153.1639806742613,153.69858951971256,5988900
2025-05-15,157.86863708496094,158.35465590623195,154.26237090499833,155.12748381357605,8727300
2025-05-16,158.7143096923828,158.86010941014717,157.32430294263656,158.1019212135369,7100800
2025-05-19,160.1626434326172,160.53200764383564,158.84067167091416,158.89899155520567,8119900
2025-05-20,161.00830078125,161.35823489599582,159.99738824538207,160.00710328141642,5576600
2025-05-21,160.80418395996094,161.71790173909997,160.01683582367406,160.21125522255974,6424200
2025-05-22,160.41537475585938,161.55265704467544,159.43362205323638,159.84187609290487,6245600
2025-05-23,161.22216796875,161.57210212199593,158.90871357606207,160.2209703587637,5349800
2025-05-27,163.06903076171875,163.2828802312059,160.64866650670484,160.64866650670484,11423800
2025-05-28,162.68023681640625,164.11884851911458,162.3886225278808,162.96212123497224,5385900
2025-05-29,163.84664916992188,164.26463303451783,161.78593428359764,162.07754851878522,4842500
2025-05-30,165.13946533203125,166.20871261232531,163.88554336888325,164.03134307432492,12587500
2025-06-02,163.08848571777344,164.31324789221412,161.58182430158382,164.2938178171488,7574400
2025-06-03,162.1844940185547,162.72883275016855,161.26104635015471,162.11644426104394,6223000
2025-06-04,161.30963134765625,163.35091617209397,161.2804714072028,162.02894448711214,4939000
2025-06-05,158.2477264404297,160.8139051467235,157.965827226536,160.8041752780339,10351800
2025-06-06,159.43362426757812,160.61951142256478,158.7143110455331,158.72402608276096,5697700
2025-06-09,158.0144500732422,159.43363167671023,157.53816108093878,158.8212431641846,6544200
2025-06-10,158.28660583496094,158.93786927430625,157.39233298546662,158.14080612171847,7680000
2025-06-11,157.5770263671875,158.21857478539167,157.16877232799877,158.0824901056621,5960100
2025-06-12,158.61708068847656,158.74345031657145,157.15902435980982,157.44092355600367,6509900
2025-06-13,155.79818725585938,158.47129068870615,155.4385380857174,158.20883638048846,7104500
2025-06-16,156.3814239501953,157.4214965367743,155.53574109765088,156.3814239501953,6332000
2025-06-17,154.08743286132812,155.88569385298769,153.8832984016304,155.58436451467347,6809700
2025-06-18,153.6013946533203,154.21376829115587,153.25146050364958,154.11657342476363,7211200
2025-06-20,154.6317596435547,154.88448410688727,153.43615742131303,153.61111708851595,16173400
2025-06-23,156.5272216796875,156.6827512634819,154.5539864356632,154.6220361906173,6588200
2025-06-24,155.8759765625,157.2173934242528,155.18582322333347,156.67303981696412,7470100
2025-06-25,154.5248260498047,155.8565128809482,154.2721016009513,155.3510639832414,5933700
2025-06-26,154.19435119628906,155.09833917362872,152.77516957202266,155.088624135807,7410400
2025-06-27,155.3899383544922,155.65239267135047,153.86383213408064,154.24292622193488,19257000
2025-06-30,154.8650360107422,155.42880476087083,153.7083089051112,154.8067012963445,11238200
2025-07-01,156.7119140625,157.98528103477406,154.92336831262065,155.40938714674772,10664900
2025-07-02,156.69247436523438,156.8382889195906,155.38994740618082,156.63415447633918,8848700
2025-07-03,156.3328094482422,157.48953656878732,155.3218820352797,157.26595724100488,6999600
2025-07-07,156.01205444335938,156.67303297516668,154.8358822731371,156.39114856180615,7225700
2025-07-08,153.4750213623047,155.31217189636223,153.03760739364665,155.05944745121067,12034800
2025-07-09,153.11538696289062,153.77636549806186,151.58928061155683,153.6791706245995,18770900
2025-07-10,154.05825805664062,155.1469355177143,152.64879154750017,153.34865986736696,7200500
2025-07-11,152.6585235595703,153.6305612583487,152.06557997003077,153.6305612583487,8053800
2025-07-14,149.4604949951172,151.44345999128683,148.58566709405898,151.22961053420744,11491700
2025-07-15,148.4106903076172,149.74239187547778,147.65250218325457,149.26608812263814,9142600
2025-07-16,149.4313507080078,149.46051065229005,148.0121839792118,148.46904288245773,8479000
2025-07-17,151.2685089111328,151.39487856407752,149.57717272984303,149.732687496407,8320000
2025-07-18,151.79405212402344,152.25403527673942,150.35538395421779,150.50218073336194,7337300
2025-07-21,151.7255401611328,152.61614712926362,151.5885248532318,151.76469592541798,6328400
2025-07-22,154.9454345703125,154.99435687922127,151.59831833558792,151.61789621928125,8187000
2025-07-23,154.90626525878906,155.49348224984857,154.31904826772953,154.84754654639278,4804800
2025-07-24,155.4249725341797,155.63050296826182,154.6811772620494,155.48369124861773,7027400
2025-07-25,154.9258575439453,155.06287286345747,153.67314178453415,153.98631325761204,5799900
2025-07-28,153.76121520996094,154.7203224175326,152.89996755133777,154.27013563856093,7885000
2025-07-29,153.27186584472656,155.26837677032339,151.53958912972797,155.26837677032339,11466100
2025-07-30,149.62136840820312,153.65354585182126,148.8090580616741,153.65354585182126,8162900
2025-07-31,147.2627410888672,148.76012802496086,146.71467984866936,148.56439400111145,11845400
2025-08-01,147.43890380859375,150.21838083204366,147.3116849008673,148.54482274633173,8594200
2025-08-04,147.54653930664062,148.23163072600374,146.82232199315573,147.04741535273502,7679400
2025-08-05,147.3018798828125,148.83842256255264,147.11594226953406,147.49762883750319,6670100
2025-08-06,149.601806640625,150.20858663061105,147.008297070314,147.64443641894132,7376200
2025-08-07,150.2183837890625,150.7272892970849,149.44521418485007,149.85626014142957,6719000
2025-08-08,150.23794555664062,150.5119761922033,149.31799409928004,149.51372813417484,5811000
2025-08-11,151.67660522460938,152.07786968010555,150.0422029792883,150.26729635992447,7331700
2025-08-12,151.78427124023438,152.22467655625786,151.02089804351374,151.7549118814028,6938000
2025-08-13,152.0974578857422,153.6633451155789,151.6472561603649,151.90172384870633,5812400
2025-08-14,150.46304321289062,151.40257248717472,150.00306005005726,151.34385377422552,6343700
2025-08-15,151.06983947753906,152.2834144325977,150.92304267930825,151.17749544075838,7121700
2025-08-18,152.40084838867188,153.57526754833222,150.88388346290026,151.12855474339406,8274500
2025-08-19,155.02371215820312,155.31732067167744,152.35190604604057,152.41062476202555,7868100
2025-08-20,156.11004638671875,157.59765183875027,155.03350179572843,155.19987646160288,7840400
2025-08-21,155.3466796875,155.66964755825543,153.82971481584852,154.56372863114285,6417500
2025-08-22,155.28794860839844,157.2551001006948,154.9356214077657,155.9828215356498,5797300
2025-08-25,152.8216552734375,155.31730498560006,152.56720255201753,155.01391502795184,4692500
2025-08-26,152.6455078125,153.35994371465452,152.02893145481193,152.59657057349244,6338000
2025-08-27,153.6144256591797,153.78080034042733,152.4693509074782,152.82167815410557,4551200
2025-08-28,152.33233642578125,153.66334881665304,151.72555641629046,153.6535673413081,5857400
2025-08-29,153.69268798828125,154.20160837682388,152.33231641651295,152.76294021192993,5318200
2025-09-02,154.62246704101562,155.4739183142355,153.6339855151813,154.00589063844964,6432800
2025-09-03,154.7986297607422,155.25861298001874,153.1642273377267,154.28970929682018,6592500
2025-09-04,155.79689025878906,156.34495154934362,154.44629998310094,155.14117300519342,6934900
2025-09-05,156.60919189453125,157.137675271058,155.0335083061997,155.1705236211177,6436200
2025-09-08,155.62071228027344,156.8538650629951,154.87691698080363,156.2079293133361,7178400
2025-09-09,156.06114196777344,156.46239153331825,154.8279891104126,155.2292536095078,4984900
2025-09-10,153.99610900878906,155.55221475950825,152.56722216836312,155.21946540404937,6205500
2025-09-11,155.2488250732422,155.95347955300494,154.03525015063974,154.35821803166013,5819500
2025-09-12,154.5343780517578,155.7381715293792,154.4169406133753,154.56373741135346,5957000
2025-09-15,153.4871826171875,155.1411627888325,152.87060623914135,154.51480493608133,5995000
2025-09-16,154.6811981201172,155.01394750250188,153.54591970939774,153.79059100824844,6559600
2025-09-17,156.91258239746094,158.22401683505996,155.0530717648413,155.0530717648413,6764200
2025-09-18,153.9667510986328,155.63051282513092,153.8101578945142,154.77904661120462,7651500
2025-09-19,152.71400451660156,154.26032864596417,152.64550433039255,154.25054717180527,17224800
2025-09-22,149.80734252929688,152.7531794439171,149.7877646449746,152.7531794439171,8712900
2025-09-23,149.2494659423828,150.02262053945424,147.75207905252998,149.93454247147426,8853400
2025-09-24,149.1711883544922,150.35540395344802,148.55461193297756,148.80907962873928,6483300
2025-09-25,148.9069366455078,150.6000726735806,148.54482792592634,149.9639183785686,7511400
2025-09-26,149.2494659423828,149.42562207834277,148.30014027580313,148.98521680489458,5721100
2025-09-29,150.25753784179688,150.44349041951216,148.5546202145397,149.17119667042698,8139700
2025-09-30,150.3749542236328,151.0894050730471,149.58222171056255,150.18901660551364,7762600
2025-10-01,149.91497802734375,150.60985102641718,148.18271613427206,150.42389846609262,7566000
2025-10-02,148.80906677246094,149.54308056949685,148.3980208381467,149.46478397245383,6892100
2025-10-03,149.02438354492188,150.15964690522725,148.76013438797045,148.76013438797045,5212600
2025-10-06,147.2040252685547,149.07331734018973,147.19422886036295,148.270788413019,6737000
2025-10-07,149.2886199951172,149.90519639268422,146.85170363054203,147.54656169532586,6844400
2025-10-08,147.47805786132812,149.53328757988405,147.4193391455907,149.53328757988405,5254700
2025-10-09,147.37039184570312,147.65420393024516,146.391706827416,147.52698503268064,6134500
2025-10-10,146.49935913085938,148.2805580543684,146.26446935623875,147.7227153732728,7374000
2025-10-13,144.3462677001953,146.24490420956874,143.83734727764255,145.824076793637,7511100
2025-10-14,145.9806671142578,146.0687451855944,143.9450003977024,144.4245614531163,8585300
2025-10-15,144.2777557373047,146.22534446356136,144.13095894563563,145.3640967963042,10003100
2025-10-16,146.4113006591797,147.19423681226363,144.76710188389367,144.85517996108314,8809700
2025-10-17,148.17291259765625,148.7894889662187,147.2235868916517,147.36061713670907,8612900
2025-10-20,148.7209930419922,149.1418204631398,148.07505729769414,148.35886940340424,5601300
2025-10-21,148.3882293701172,149.03416511706473,147.65421554864483,148.72099365201555,6013400
2025-10-22,148.95587158203125,150.18902438494732,147.57592198522028,148.0750609515624,6394400
2025-10-23,148.9656524658203,150.03241554641374,147.3703911151846,149.1026677703594,8205400
2025-10-24,150.28330993652344,155.1222454891489,149.33719555968506,154.13671657234877,11968500
2025-10-27,149.54417419433594,149.56387394676975,147.95747192063496,149.41605061362142,7775300
2025-10-28,149.1795196533203,150.95347485777054,148.44037290463098,148.9331374037572,5819300
2025-10-29,146.6171417236328,148.78530234128826,146.32148003986663,148.47979078198844,7405500
2025-10-30,147.41542053222656,148.61776704110622,147.17888817314298,147.30701174739386,6760700
2025-10-31,148.19398498535156,148.91343195389567,146.3806153070593,146.55801833970665,7930300
2025-11-03,145.8780059814453,148.04616676182263,145.631623732812,147.92790809463196,8946400
2025-11-04,145.040283203125,147.3365672939356,144.13359843971958,146.44959731872822,9295400
2025-11-05,143.6802520751953,145.28666899838325,143.54227863036783,144.74462509442617,11199900
2025-11-06,144.01535034179688,144.55737923416314,142.3695187990984,143.76896810418373,10024500
2025-11-07,144.85304260253906,145.79915702262863,143.887228430557,144.82347793672176,8500100
2025-11-10,143.3944549560547,144.49824251194846,142.0048555978814,144.26172520024414,10208100
2025-11-11,146.3904571533203,146.49886593455332,143.56199400384676,143.8478058079964,7332500
2025-11-12,145.86813354492188,146.99163593923274,145.37536907306662,146.38061280628526,7851100
2025-11-13,145.81886291503906,146.84380635611657,145.50348644825976,146.03566543847782,7566800
2025-11-14,145.53305053710938,147.21831156909852,145.47392120931636,146.942364680746,9150800
2025-11-17,143.7098388671875,145.83856997269334,142.91154778489712,145.611902524575,9902300
2025-11-18,144.8629150390625,145.25712062908306,143.40432127243187,144.21246228134717,10735200
2025-11-19,144.8629150390625,145.40494396584594,143.74926244218437,144.83335037170994,6367000
2025-11-20,146.0455322265625,146.50873201935462,144.0153450690368,144.51795940169347,9021300
2025-11-21,148.73602294921875,149.30763152794248,146.1539419884132,146.2327861066487,12018000
2025-11-24,144.85304260253906,148.23341476144415,144.41940745324712,147.92790318934624,13846900
2025-11-25,146.34120178222656,146.49887498814607,145.0895757830003,145.18813469493128,10477700
2025-11-26,146.1046600341797,146.81424204817648,145.47392213706894,145.77943369126635,9238500
2025-11-28,146.01597595214844,146.55801989379296,145.05014673322594,145.6611849210701,4707200
2025-12-01,145.306396484375,146.7354105102405,145.21770248451648,145.95684922596197,8240700
2025-12-02,143.74925231933594,144.0744786752911,140.4477243429854,143.18749360323747,16376800
2025-12-03,144.5869598388672,146.14408235686736,143.74925421056946,143.80838354188865,9125300
2025-12-04,143.25648498535156,145.28667216259026,142.40892950924456,144.54752546963573,10479300
2025-12-05,141.37411499023438,143.52257577084188,141.1770122216042,143.05937599367348,12791700
2025-12-08,136.33807373046875,140.84194832936856,136.1409709445997,140.84194832936856,17507500
2025-12-09,137.60940551757812,138.84131664614492,136.98851749662762,137.1757703942462,10375700
2025-12-10,137.79666137695312,139.23552518477814,137.5206994432833,137.6291082264464,13650400
2025-12-11,138.72305297851562,139.78742607508474,138.32884740407317,138.95958534596835,11798000
2025-12-12,140.77294921875,141.03904624136598,138.8018913522159,138.9595795906534,10268800
2025-12-15,143.02981567382812,143.21706857300535,141.12773705574003,141.19673129774333,13877700
2025-12-16,143.10865783691406,144.41939803729915,142.55674902235805,143.98577795425717,10251700
2025-12-17,145.67103576660156,146.30177371071878,144.3307157556051,144.5672481238911,9833300
2025-12-18,143.4141845703125,145.36552778348374,143.24664644454327,144.4982574496391,12239900
2025-12-19,142.36952209472656,143.9365095531047,141.85704281799417,143.40431548627296,19345600
2025-12-22,140.6251220703125,142.31036807910905,140.35902505493178,141.6303657655459,11731400
2025-12-23,141.1080322265625,141.6500761734978,140.02395937067072,140.42802986183875,9541600
2025-12-24,142.3990936279297,142.64547588312772,140.76311184429966,140.8320910560058,3259200
2025-12-26,142.6454620361328,143.5324320535533,142.2216767785809,142.2216767785809,4711500
2025-12-29,142.47793579101562,142.97070029462213,141.86689758071768,142.70460325204044,7662100
2025-12-30,141.9654541015625,142.36952459681788,141.49240439671516,142.2019714349967,6006400
2025-12-31,141.2361602783203,142.05415116269117,141.15731615281692,141.91617770255507,5293200
2026-01-02,139.73814392089844,141.2657168088333,139.19611502599955,141.03904935980404,8946100
2026-01-05,138.33868408203125,139.30451321183483,137.57983767172783,139.05813099181955,12297300
2026-01-06,137.88536071777344,139.3735040371015,137.49114011008558,138.35841040902034,10421800
2026-01-07,136.04241943359375,137.77696013475176,135.62849904935726,137.77696013475176,14369100
2026-01-08,139.48190307617188,139.72828529951533,135.82559930302205,135.89457850580993,9297100
2026-01-09,139.81698608398438,140.27033601367305,138.79204260178747,139.64944796852805,9528500
2026-01-12,141.38400268554688,141.7979230777613,139.65932686566353,140.22107059867608,12812000
2026-01-13,142.15269470214844,142.25123856988353,140.9010687818893,141.91616235122444,15549200
2026-01-14,144.23216247558594,144.77419134751472,142.28080439992226,142.58631595696656,13475000
2026-01-15,142.5370635986328,144.2321746759209,142.26111668260722,143.57185701473924,10102800
2026-01-16,142.43849182128906,142.63559459522585,141.58108648377637,141.6796303517559,11729300
2026-01-20,144.8727569580078,144.8727569580078,142.03442874422842,142.3695200191174,12901400
2026-01-21,143.94635009765625,145.23739056286485,142.872127195549,144.93187900703413,14126800
2026-01-22,147.76034545898438,148.72617463905098,145.36551737403482,145.93712595877486,18501900
2026-01-23,149.02780151367188,150.51659080010117,148.68042643368705,149.712647008589,14562600
2026-01-26,148.3727569580078,149.75236786197235,147.41000526839778,148.9980382071651,12655700
2026-01-27,147.23133850097656,148.5216256392456,146.82439910868234,146.96336732095224,9546000
2026-01-28,146.2388153076172,147.59858658033056,145.69292283643657,146.89388627303396,7465800
2026-01-29,148.77967834472656,149.0079702857208,146.01053677970796,146.1891842346614,11035600
2026-01-30,150.63571166992188,150.83421388895187,148.03528262295887,149.30571499844902,12651400
2026-02-02,152.0450897216797,152.58104720148043,150.1195864867234,151.28084031358154,10554900
2026-02-03,154.1591796875,155.36012793207712,151.0624875841251,151.44957220395347,12424700
2026-02-04,155.6975860595703,157.18637541610013,154.5958813299483,154.9631263363213,12178500
2026-02-05,157.42459106445312,158.45681171352453,154.95319521929093,157.65286786424556,13077700
2026-02-06,157.9803924560547,158.794271204482,156.82905843646145,157.05735036526295,10441700
2026-02-09,156.15415954589844,158.08958273935144,154.85395255811076,157.57346483951432,11439900
2026-02-10,157.8910675048828,158.95306264875933,155.54870509985648,156.35264888745172,9910100
2026-02-11,158.80419921875,159.93567853239364,157.00772913824767,157.45436291960067,10217300
2026-02-12,160.00515747070312,161.92072579242517,158.45680385674487,158.8240488540049,13512900
2026-02-13,158.87368774414062,161.35500342594642,158.51637768017062,160.531204802217,13998900
2026-02-17,158.35755920410156,160.95797301763113,157.69256846341835,158.75456362862204,13319100
2026-02-18,155.6876678466797,157.79181864584456,154.60581787124107,157.79181864584456,14434300
2026-02-19,157.3749542236328,158.76450001144985,155.65788811225167,155.65788811225167,10724600
2026-02-20,159.578369140625,159.85627527883125,156.9779552139456,157.94070688728465,11508100
2026-02-23,163.93556213378906,164.12414454817443,159.1019640471176,159.12181881303948,14772400
2026-02-24,164.04473876953125,165.6228518855779,162.7147572180737,163.66757394503628,9709500
2026-02-25,162.16885375976562,163.76682153324356,160.88850163692203,163.31025282164364,7878500
2026-02-26,162.5261688232422,163.27056348960818,161.64282109161113,162.99265735907807,7028600
2026-02-27,165.95037841796875,166.00000775715966,162.46661689113853,162.81399197597887,14878500
2026-03-02,162.2879638671875,165.30525218881115,162.22841471454672,164.05465940435903,9095500
2026-03-03,158.5262908935547,160.97783189673535,157.43450598109627,160.97783189673535,10161000
2026-03-04,157.11691284179688,158.4171198428621,156.13430637443312,158.24839219296612,8752700
2026-03-05,152.83912658691406,155.92588390891444,152.62076959476622,155.76707607012526,10060300
2026-03-06,152.4818115234375,153.27582040185652,150.7548104089041,152.5115860991408,8187900
2026-03-09,154.05992126464844,155.0623672959407,151.75725316200914,152.00538471730655,12494900
2026-03-10,154.84400939941406,155.97548867908492,152.45203273050996,154.32790667166816,7756800
2026-03-11,152.17413330078125,154.21873497118054,150.29824413229485,154.06984694547987,8855100
2026-03-12,149.3751983642578,151.9061432924026,149.20647072168128,151.0724248897603,8489300
2026-03-13,149.52407836914062,151.40988739234177,149.05758980488423,150.2386985039696,7298900
2026-03-16,150.98309326171875,151.49921116919685,149.52407841472717,150.7250418803543,6944000
2026-03-17,150.34786987304688,152.3130827230334,150.06996373876063,151.86643380137835,6147700
2026-03-18,145.613525390625,148.50176512112768,145.36539384075292,148.19408442244597,10059300
2026-03-19,143.7574920654297,146.27851711013417,143.7078627261721,145.12718307624942,10340300
2026-03-20,143.20169067382812,144.7301896282972,143.17191609696502,143.90639099733644,60620900
2026-03-23,142.9138641357422,145.05770938492896,142.4076660416259,145.05770938492896,10315600
2026-03-24,142.09005737304688,144.14457877437948,141.1670001126379,142.25878501317578,8567600
2026-03-25,142.84437561035156,143.0230382100302,141.16700383023758,142.6657281554216,8418100
2026-03-26,141.3555908203125,143.48953140674783,141.1769433595942,142.61610343501624,6443200
2026-03-27,141.6434326171875,143.0031887796008,140.9486521027654,141.65335242791525,11558300
2026-03-30,143.63839721679688,144.48205057019396,141.50447188020192,141.97094527513215,11616300
2026-03-31,143.36048889160156,143.83689723418516,141.21662863285317,143.73765369955214,10407500
2026-04-01,143.0131072998047,143.8865352679399,142.13969447641853,142.8443796504602,8061700
2026-04-02,142.05035400390625,143.1322191412683,141.51439648523746,143.0131056912039,5941700
2026-04-06,141.70297241210938,142.59623995058482,140.85931906874507,141.9411690118371,6823100
2026-04-07,140.24395751953125,141.70297227039742,139.68814526105808,141.454840716097,7207500
2026-04-08,143.81704711914062,144.0254842946808,140.8096938025878,142.08012618705075,10849700
2026-04-09,145.56390380859375,145.84180994767988,141.93125409014817,143.31086497516455,6794800
2026-04-10,144.0751190185547,145.79218524932554,143.67809941810964,145.79218524932554,9790300
2026-04-13,142.5069122314453,144.0056213268027,141.5640153795384,143.9162976044084,7121400
2026-04-14,143.3009490966797,143.63840439700792,141.70298118071463,142.16946974371214,6621600
2026-04-15,142.30841064453125,143.32077645892193,141.1967710080221,143.2810820748224,7698200
2026-04-16,142.04043579101562,143.2116095257885,141.59380199630985,142.12975952100697,6947100
2026-04-17,145.83187866210938,146.48694963990266,142.09006550070504,142.33819707004346,10886000
2026-04-20,143.41012573242188,145.56390591386355,142.51684300551244,144.9683840959239,8084700
2026-04-21,141.25634765625,143.5391459879603,141.25634765625,143.5391459879603,11197200
2026-04-22,141.78237915039062,142.22901292852262,141.15708277415672,141.43498890920546,7236300
2026-04-23,144.62100219726562,145.13710492750891,142.32825390720163,142.32825390720163,11288800
2026-04-24,148.17999267578125,152.4199981689453,147.6199951171875,152.00999450683594,13786200
2026-04-27,148.39999389648438,149.6999969482422,147.4199981689453,147.4199981689453,9166400
2026-04-28,149.1699981689453,151.19000244140625,148.42999267578125,150.02999877929688,7965700
2026-04-29,146.4600067138672,148.75,145.88999938964844,148.3000030517578,9002400
2026-04-30,147.08999633789062,147.72000122070312,145.9499969482422,147.08999633789062,9491700
2026-05-01,147.25999450683594,149.27999877929688,146.4600067138672,147.8699951171875,6814800
2026-05-04,143.4199981689453,146.05999755859375,143.27000427246094,146.05999755859375,9642800
2026-05-05,144.89999389648438,145.89999389648438,142.17999267578125,143.3800048828125,7664300
2026-05-06,147.89999389648438,148.9499969482422,145.94000244140625,146.39999389648438,9399500
2026-05-07,146.05999755859375,147.99000549316406,146.02000427246094,147.99000549316406,9545800
2026-05-08,146.4199981689453,147.52000427246094,146.2100067138672,146.5500030517578,5741000
2026-05-11,143.36000061035156,145.9499969482422,141.97000122070312,145.7899932861328,7489500
2026-05-12,143.91000366210938,145.86000061035156,142.86000061035156,144.35000610351562,9051200
2026-05-13,142.24000549316406,144.6699981689453,141.66000366210938,143.14999389648438,6685900
2026-05-14,142.7100067138672,144.27999877929688,142.6300048828125,143.17999267578125,9636200
2026-05-15,141.57000732421875,143.39999389648438,141.1999969482422,143.39999389648438,6989400
2026-05-18,142.38999938964844,144.42999267578125,141.6300048828125,142.10000610351562,7731200
2026-05-19,141.3000030517578,143.7100067138672,140.85000610351562,142.47000122070312,8355800
2026-05-20,142.44000244140625,143.22000122070312,140.6199951171875,141.4499969482422,8375600
2026-05-21,143.39999389648438,143.72000122070312,140.08999633789062,141.8800048828125,6297300
2026-05-22,144.44000244140625,144.63999938964844,143.52999877929688,143.8699951171875,4616700
2026-05-26,142.9600067138672,145.61000061035156,142.52999877929688,144.50999450683594,8157200
2026-05-27,147.49000549316406,148.5399932861328,143.4600067138672,143.4600067138672,10048900
2026-05-28,145.91000366210938,146.6999969482422,145.00999450683594,146.6999969482422,10196700
2026-05-29,143.55999755859375,145.63999938964844,143.1999969482422,145.52000427246094,12355800
2026-06-01,140.27999877929688,141.82000732421875,138.86000061035156,141.52000427246094,11093800
2026-06-02,140.82000732421875,141.1199951171875,139.02999877929688,140.1199951171875,9599500
2026-06-03,140.19000244140625,142.4499969482422,140.0,140.92999267578125,9351000
2026-06-04,140.77999877929688,143.13999938964844,139.88999938964844,142.6999969482422,8194000
2026-06-05,146.5399932861328,148.22999572753906,141.8000030517578,142.22000122070312,10963200
2026-06-08,145.10000610351562,146.5500030517578,145.02000427246094,145.7899932861328,7200700
2026-06-09,148.6699981689453,149.47999572753906,144.52999877929688,144.6699981689453,8259300
2026-06-10,149.0500030517578,150.42999267578125,148.3800048828125,149.91000366210938,7345900
2026-06-11,148.33999633789062,149.6199951171875,147.77000427246094,148.6999969482422,6684700
2026-06-12,149.61000061035156,150.1999969482422,148.3000030517578,149.3800048828125,6832000
2026-06-15,150.4600067138672,151.5,148.75999450683594,148.75999450683594,9158900
2026-06-16,152.49000549316406,153.02000427246094,150.5500030517578,151.50999450683594,8518900
2026-06-17,150.55999755859375,152.94000244140625,149.77000427246094,152.3800048828125,7055800
2026-06-18,150.3800048828125,152.2899932861328,150.17999267578125,150.8699951171875,17076100
2026-06-22,147.67999267578125,150.88999938964844,147.57000732421875,150.11000061035156,10533000
2026-06-23,150.86000061035156,151.3699951171875,149.3699951171875,149.66000366210938,7259600
2026-06-24,152.0399932861328,153.35000610351562,150.9199981689453,151.99000549316406,8618500
2026-06-25,148.5,152.2899932861328,147.82000732421875,151.57000732421875,11197200
2026-06-26,149.02000427246094,150.8800048828125,148.4199981689453,150.33999633789062,16724600
2026-06-29,148.4499969482422,149.0500030517578,147.0399932861328,148.72999572753906,10387700
2026-06-30,146.63999938964844,147.52999877929688,144.1699981689453,147.52999877929688,9353800
2026-07-01,147.42999267578125,147.5,145.5500030517578,146.52999877929688,9571700
2026-07-02,151.41000366210938,151.6699981689453,147.74000549316406,148.5800018310547,9256000
2026-07-06,149.30999755859375,151.22000122070312,146.9600067138672,150.67999267578125,8323100
2026-07-07,152.75,153.49000549316406,150.61000061035156,152.66000366210938,8061400
2026-07-08,148.39999389648438,151.07000732421875,148.35000610351562,150.9600067138672,14272300
2026-07-09,146.85000610351562,147.66000366210938,145.60000610351562,146.77000427246094,7748000
2026-07-10,147.0399932861328,148.58999633789062,146.7100067138672,147.10000610351562,12473000
2026-07-13,148.3699951171875,150.0500030517578,147.11000061035156,148.0800018310547,7816100
2026-07-14,146.0800018310547,148.75,145.58999633789062,148.3699951171875,7668100
2026-07-15,148.0500030517578,148.58999633789062,144.66000366210938,145.27999877929688,6180000
2026-07-16,151.5,151.52000427246094,148.17999267578125,149.49000549316406,6485400
2026-07-17,149.97999572753906,154.32000732421875,149.30999755859375,152.86000061035156,8917400
2026-07-20,149.1300048828125,150.10000610351562,148.42999267578125,149.55999755859375,5788300
2026-07-21,148.10000610351562,148.41000366210938,146.8800048828125,147.86000061035156,7027600
2026-07-22,149.1300048828125,150.4600067138672,148.82000732421875,149.5,5371200
2026-07-23,146.97000122070312,147.61000061035156,145.58999633789062,146.13999938964844,6498200
