{
  "EMA Crossover": {
    "n_eval": 78,
    "wins": 60,
    "losses": 18,
    "scratches": 16,
    "timeouts": 0,
    "closed": 94,
    "win_rate": 76.92307692307693,
    "expectancy_r": 0.015265957446808521,
    "excluded_share": 0.1702127659574468,
    "avg_win_r": 0.3239166666666667,
    "runner_tp2_pct": 46.666666666666664,
    "runner_trail_pct": 0.0,
    "runner_be_pct": 53.333333333333336,
    "runner_timeout_pct": 0.0
  },
  "VWAP": {
    "n_eval": 77,
    "wins": 62,
    "losses": 15,
    "scratches": 27,
    "timeouts": 0,
    "closed": 104,
    "win_rate": 80.51948051948052,
    "expectancy_r": 0.24976923076923077,
    "excluded_share": 0.25961538461538464,
    "avg_win_r": 0.6609032258064513,
    "runner_tp2_pct": 0.0,
    "runner_trail_pct": 30.64516129032258,
    "runner_be_pct": 62.903225806451616,
    "runner_timeout_pct": 6.451612903225806
  },
  "Fibonacci": {
    "n_eval": 203,
    "wins": 167,
    "losses": 36,
    "scratches": 67,
    "timeouts": 3,
    "closed": 273,
    "win_rate": 82.26600985221675,
    "expectancy_r": 0.26768498168498167,
    "excluded_share": 0.2564102564102564,
    "avg_win_r": 0.6550179640718563,
    "runner_tp2_pct": 0.0,
    "runner_trail_pct": 32.33532934131736,
    "runner_be_pct": 60.47904191616767,
    "runner_timeout_pct": 7.18562874251497
  },
  "Support/Resistance": {
    "n_eval": 186,
    "wins": 162,
    "losses": 24,
    "scratches": 85,
    "timeouts": 0,
    "closed": 271,
    "win_rate": 87.09677419354838,
    "expectancy_r": 0.32578966789667896,
    "excluded_share": 0.31365313653136534,
    "avg_win_r": 0.6931419753086419,
    "runner_tp2_pct": 18.51851851851852,
    "runner_trail_pct": 43.82716049382716,
    "runner_be_pct": 37.03703703703704,
    "runner_timeout_pct": 0.6172839506172839
  },
  "RSI": {
    "n_eval": 30,
    "wins": 30,
    "losses": 0,
    "scratches": 0,
    "timeouts": 0,
    "closed": 30,
    "win_rate": 100.0,
    "expectancy_r": 0.30366666666666653,
    "excluded_share": 0.0,
    "avg_win_r": 0.30366666666666653,
    "runner_tp2_pct": 0.0,
    "runner_trail_pct": 33.33333333333333,
    "runner_be_pct": 66.66666666666666,
    "runner_timeout_pct": 0.0
  },
  "MACD": {
    "n_eval": 123,
    "wins": 100,
    "losses": 23,
    "scratches": 46,
    "timeouts": 0,
    "closed": 169,
    "win_rate": 81.30081300813008,
    "expectancy_r": 0.11976923076923077,
    "excluded_share": 0.27218934911242604,
    "avg_win_r": 0.4324099999999999,
    "runner_tp2_pct": 62.0,
    "runner_trail_pct": 6.0,
    "runner_be_pct": 32.0,
    "runner_timeout_pct": 0.0
  },
  "Elliott Wave": {
    "n_eval": 157,
    "wins": 118,
    "losses": 39,
    "scratches": 58,
    "timeouts": 1,
    "closed": 216,
    "win_rate": 75.15923566878982,
    "expectancy_r": 0.08108796296296296,
    "excluded_share": 0.27314814814814814,
    "avg_win_r": 0.4788474576271185,
    "runner_tp2_pct": 28.8135593220339,
    "runner_trail_pct": 14.40677966101695,
    "runner_be_pct": 50.0,
    "runner_timeout_pct": 6.779661016949152
  },
  "MA Ribbon": {
    "n_eval": 137,
    "wins": 107,
    "losses": 30,
    "scratches": 52,
    "timeouts": 0,
    "closed": 189,
    "win_rate": 78.1021897810219,
    "expectancy_r": 0.21323809523809528,
    "excluded_share": 0.2751322751322751,
    "avg_win_r": 0.6570280373831776,
    "runner_tp2_pct": 0.0,
    "runner_trail_pct": 22.429906542056074,
    "runner_be_pct": 62.616822429906534,
    "runner_timeout_pct": 14.953271028037381
  },
  "Break & Retest": {
    "n_eval": 148,
    "wins": 125,
    "losses": 23,
    "scratches": 55,
    "timeouts": 3,
    "closed": 206,
    "win_rate": 84.45945945945947,
    "expectancy_r": 0.21049029126213595,
    "excluded_share": 0.2815533980582524,
    "avg_win_r": 0.5312239999999999,
    "runner_tp2_pct": 0.0,
    "runner_trail_pct": 24.8,
    "runner_be_pct": 66.4,
    "runner_timeout_pct": 8.799999999999999
  },
  "RSI Divergence": {
    "n_eval": 1099,
    "wins": 833,
    "losses": 266,
    "scratches": 406,
    "timeouts": 0,
    "closed": 1505,
    "win_rate": 75.79617834394905,
    "expectancy_r": 0.20790830564784052,
    "excluded_share": 0.26976744186046514,
    "avg_win_r": 0.6949603841536616,
    "runner_tp2_pct": 0.0,
    "runner_trail_pct": 34.57382953181273,
    "runner_be_pct": 62.064825930372145,
    "runner_timeout_pct": 3.361344537815126
  },
  "Volume Profile": {
    "n_eval": 47,
    "wins": 39,
    "losses": 8,
    "scratches": 9,
    "timeouts": 0,
    "closed": 56,
    "win_rate": 82.97872340425532,
    "expectancy_r": 0.4792142857142857,
    "excluded_share": 0.16071428571428573,
    "avg_win_r": 0.8932307692307696,
    "runner_tp2_pct": 0.0,
    "runner_trail_pct": 30.76923076923077,
    "runner_be_pct": 64.1025641025641,
    "runner_timeout_pct": 5.128205128205128
  }
}