Datetime,Close,High,Low,Open,Volume
2023-08-25 13:30:00+00:00,106.63999938964844,107.44000244140624,106.43000030517578,106.81999969482422,0
2023-08-25 14:30:00+00:00,106.25,106.62000274658205,105.81999969482422,106.62000274658205,144221
2023-08-25 15:30:00+00:00,105.88999938964844,106.3499984741211,105.6750030517578,106.23999786376952,145271
2023-08-25 16:30:00+00:00,105.7300033569336,106.02999877929688,105.63999938964844,105.88999938964844,90939
2023-08-25 17:30:00+00:00,105.98500061035156,106.04000091552734,105.56999969482422,105.75,83356
2023-08-25 18:30:00+00:00,105.8550033569336,106.0199966430664,105.75499725341795,106.0,145332
2023-08-25 19:30:00+00:00,105.87000274658205,106.01499938964844,105.8000030517578,105.83999633789062,216425
2023-08-28 13:30:00+00:00,107.16999816894531,107.3499984741211,106.11499786376953,106.30500030517578,154316
2023-08-28 14:30:00+00:00,106.2699966430664,107.19999694824219,106.24500274658203,107.17500305175781,111542
2023-08-28 15:30:00+00:00,105.88500213623047,106.44000244140625,105.76499938964844,106.29000091552734,111867
2023-08-28 16:30:00+00:00,106.01000213623047,106.23999786376953,105.81999969482422,105.87370300292969,91941
2023-08-28 17:30:00+00:00,105.58000183105469,106.05000305175781,105.51000213623047,105.98999786376953,87933
2023-08-28 18:30:00+00:00,105.31500244140625,105.66000366210938,105.2300033569336,105.55999755859375,169378
2023-08-28 19:30:00+00:00,105.37000274658203,105.58999633789062,105.26000213623047,105.30999755859375,223897
2023-08-29 13:30:00+00:00,105.98500061035156,106.16999816894531,104.80000305175781,105.2300033569336,190111
2023-08-29 14:30:00+00:00,105.36000061035156,106.13999938964844,105.33999633789062,105.98999786376953,118511
2023-08-29 15:30:00+00:00,105.29000091552734,105.47000122070312,105.1500015258789,105.37999725341797,82282
2023-08-29 16:30:00+00:00,105.4281997680664,105.56999969482422,105.23100280761719,105.28099822998047,87361
2023-08-29 17:30:00+00:00,105.5999984741211,105.76499938964844,105.43000030517578,105.43000030517578,99996
2023-08-29 18:30:00+00:00,105.72000122070312,105.79499816894531,105.4800033569336,105.58999633789062,108563
2023-08-29 19:30:00+00:00,105.51000213623047,105.75,105.41999816894531,105.7300033569336,204190
2023-08-30 13:30:00+00:00,105.58000183105469,105.91000366210938,105.08999633789062,105.33999633789062,105208
2023-08-30 14:30:00+00:00,105.8550033569336,105.8949966430664,105.54000091552734,105.58000183105469,126653
2023-08-30 15:30:00+00:00,106.0999984741211,106.26750183105469,105.83999633789062,105.86000061035156,98752
2023-08-30 16:30:00+00:00,105.87000274658203,106.13500213623047,105.83999633789062,106.11499786376953,78260
2023-08-30 17:30:00+00:00,105.80500030517578,105.91000366210938,105.63999938964844,105.86910247802734,101312
2023-08-30 18:30:00+00:00,105.58999633789062,105.8499984741211,105.45999908447266,105.77999877929688,112558
2023-08-30 19:30:00+00:00,105.75,105.77999877929688,105.4800033569336,105.58999633789062,189592
2023-08-31 13:30:00+00:00,105.52999877929688,106.08999633789062,105.19499969482422,105.94999694824219,166541
2023-08-31 14:30:00+00:00,105.57499694824219,105.58999633789062,105.25,105.56500244140625,122235
2023-08-31 15:30:00+00:00,105.0999984741211,105.56999969482422,104.98999786376953,105.56999969482422,117746
2023-08-31 16:30:00+00:00,104.3550033569336,105.1050033569336,104.30999755859375,105.1050033569336,111294
2023-08-31 17:30:00+00:00,104.05000305175781,104.41999816894531,104.05000305175781,104.37999725341797,114132
2023-08-31 18:30:00+00:00,103.90499877929688,104.25,103.77999877929688,104.06999969482422,152977
2023-08-31 19:30:00+00:00,104.1500015258789,104.31999969482422,103.7699966430664,103.91999816894531,407891
2023-09-01 13:30:00+00:00,106.36000061035156,106.98999786376953,105.19999694824219,105.62999725341797,273505
2023-09-01 14:30:00+00:00,106.80999755859375,106.89700317382812,106.23999786376953,106.30999755859375,140950
2023-09-01 15:30:00+00:00,106.625,106.9800033569336,106.48999786376953,106.8499984741211,122815
2023-09-01 16:30:00+00:00,106.91999816894531,106.94999694824219,106.58999633789062,106.64900207519531,159144
2023-09-01 17:30:00+00:00,107.12000274658203,107.2699966430664,106.93589782714844,106.93589782714844,111760
2023-09-01 18:30:00+00:00,107.30000305175781,107.41000366210938,107.08999633789062,107.1500015258789,116631
2023-09-01 19:30:00+00:00,107.2699966430664,107.41000366210938,106.98999786376953,107.30000305175781,175270
2023-09-05 13:30:00+00:00,106.54000091552734,106.7300033569336,105.94000244140625,106.55000305175781,241724
2023-09-05 14:30:00+00:00,105.79000091552734,106.5999984741211,105.72000122070312,106.56999969482422,193861
2023-09-05 15:30:00+00:00,105.87999725341797,106.02999877929688,105.66999816894531,105.76000213623047,76614
2023-09-05 16:30:00+00:00,105.37999725341797,105.875,105.37999725341797,105.875,71137
2023-09-05 17:30:00+00:00,105.46499633789062,105.73999786376953,105.1510009765625,105.35759735107422,84940
2023-09-05 18:30:00+00:00,106.07499694824219,106.1500015258789,105.48999786376953,105.48999786376953,120756
2023-09-05 19:30:00+00:00,106.08999633789062,106.68000030517578,105.9800033569336,106.05000305175781,268299
2023-09-06 13:30:00+00:00,107.26499938964844,107.33989715576172,105.98999786376953,106.33000183105469,138169
2023-09-06 14:30:00+00:00,107.62999725341797,107.79000091552734,107.22000122070312,107.30000305175781,99101
2023-09-06 15:30:00+00:00,106.75,107.62000274658203,106.75,107.62000274658203,86710
2023-09-06 16:30:00+00:00,106.6050033569336,106.81500244140625,106.51499938964844,106.7300033569336,183610
2023-09-06 17:30:00+00:00,106.81999969482422,106.94999694824219,106.48500061035156,106.58000183105469,136765
2023-09-06 18:30:00+00:00,106.43000030517578,106.86499786376953,106.33999633789062,106.81999969482422,154918
2023-09-06 19:30:00+00:00,106.63999938964844,106.69000244140625,106.26000213623047,106.43499755859375,278608
2023-09-07 13:30:00+00:00,107.91999816894531,107.94999694824219,107.18000030517578,107.86000061035156,213764
2023-09-07 14:30:00+00:00,110.51000213623047,110.52999877929688,107.97000122070312,107.97000122070312,373996
2023-09-07 15:30:00+00:00,109.95050048828125,110.94000244140625,109.91500091552734,110.6050033569336,204355
2023-09-07 16:30:00+00:00,109.125,110.08899688720703,109.05999755859375,109.94999694824219,165964
2023-09-07 17:30:00+00:00,108.91500091552734,109.08999633789062,108.65499877929688,109.08999633789062,106516
2023-09-07 18:30:00+00:00,108.93000030517578,109.19000244140625,108.69000244140625,108.91000366210938,211045
2023-09-07 19:30:00+00:00,108.54000091552734,108.9000015258789,108.45999908447266,108.87999725341797,293850
2023-09-08 13:30:00+00:00,109.38999938964844,109.66000366210938,108.2300033569336,108.2300033569336,188274
2023-09-08 14:30:00+00:00,108.98899841308594,109.55999755859375,108.88500213623047,109.41950225830078,130121
2023-09-08 15:30:00+00:00,109.23500061035156,109.38999938964844,108.7300033569336,108.97000122070312,141173
2023-09-08 16:30:00+00:00,108.9800033569336,109.30000305175781,108.91000366210938,109.22000122070312,139552
2023-09-08 17:30:00+00:00,108.69000244140625,109.04499816894531,108.55000305175781,109.01499938964844,102015
2023-09-08 18:30:00+00:00,108.73999786376953,108.94999694824219,108.58999633789062,108.66000366210938,120741
2023-09-08 19:30:00+00:00,108.64109802246094,108.83999633789062,108.4800033569336,108.73999786376953,316130
2023-09-11 13:30:00+00:00,109.19999694824219,109.33989715576172,108.75,108.80000305175781,166427
2023-09-11 14:30:00+00:00,108.87000274658203,109.31999969482422,108.73999786376953,109.20999908447266,156624
2023-09-11 15:30:00+00:00,109.58999633789062,109.69999694824219,108.6500015258789,108.8499984741211,155062
2023-09-11 16:30:00+00:00,110.08999633789062,110.08999633789062,109.58000183105469,109.63999938964844,133470
2023-09-11 17:30:00+00:00,110.08499908447266,110.16999816894531,109.75,110.16999816894531,174180
2023-09-11 18:30:00+00:00,110.16000366210938,110.30999755859375,110.0199966430664,110.11299896240234,162802
2023-09-11 19:30:00+00:00,109.98999786376953,110.39700317382812,109.9800033569336,110.17500305175781,560598
2023-09-12 13:30:00+00:00,109.45999908447266,110.09500122070312,109.37999725341797,109.54000091552734,218669
2023-09-12 14:30:00+00:00,109.41000366210938,109.47000122070312,108.69999694824219,109.47000122070312,151341
2023-09-12 15:30:00+00:00,109.06999969482422,109.44000244140625,108.9000015258789,109.33999633789062,98253
2023-09-12 16:30:00+00:00,108.93499755859375,109.02999877929688,108.79299926757812,109.02999877929688,71702
2023-09-12 17:30:00+00:00,108.83000183105469,108.95500183105469,108.54000091552734,108.94999694824219,85568
2023-09-12 18:30:00+00:00,108.25,108.83000183105469,108.1500015258789,108.82499694824219,107213
2023-09-12 19:30:00+00:00,108.5,108.8550033569336,108.25,108.26000213623047,345599
2023-09-13 13:30:00+00:00,108.95850372314453,109.5,108.51000213623047,108.77999877929688,134835
2023-09-13 14:30:00+00:00,109.69999694824219,109.69999694824219,108.80999755859375,109.01000213623047,151255
2023-09-13 15:30:00+00:00,109.54000091552734,109.76000213623047,109.16999816894531,109.72000122070312,104811
2023-09-13 16:30:00+00:00,110.06620025634766,110.08999633789062,109.3499984741211,109.54000091552734,165600
2023-09-13 17:30:00+00:00,109.8499984741211,110.05999755859375,109.76000213623047,110.04750061035156,149052
2023-09-13 18:30:00+00:00,109.1500015258789,109.9000015258789,109.11000061035156,109.87000274658203,280147
2023-09-13 19:30:00+00:00,109.2699966430664,109.3499984741211,108.94999694824219,109.16000366210938,293797
2023-09-14 13:30:00+00:00,111.12999725341797,111.1500015258789,109.5250015258789,109.76000213623047,234360
2023-09-14 14:30:00+00:00,111.6500015258789,111.66999816894531,110.68000030517578,111.13099670410156,148951
2023-09-14 15:30:00+00:00,111.69999694824219,111.87999725341797,111.5,111.66000366210938,173277
2023-09-14 16:30:00+00:00,112.05999755859375,112.08999633789062,111.61100006103516,111.68000030517578,134703
2023-09-14 17:30:00+00:00,112.12999725341797,112.13999938964844,111.81999969482422,112.06999969482422,184697
2023-09-14 18:30:00+00:00,112.23999786376953,112.43000030517578,112.05000305175781,112.12999725341797,178629
2023-09-14 19:30:00+00:00,112.47000122070312,112.62000274658203,112.13999938964844,112.23500061035156,542022
2023-09-15 13:30:00+00:00,111.41000366210938,112.68000030517578,111.19999694824219,112.45999908447266,1052944
2023-09-15 14:30:00+00:00,110.87000274658203,111.69499969482422,110.68000030517578,111.36000061035156,240658
2023-09-15 15:30:00+00:00,110.4000015258789,110.81999969482422,110.0999984741211,110.81999969482422,176310
2023-09-15 16:30:00+00:00,110.31999969482422,110.63999938964844,110.12999725341797,110.37000274658203,160655
2023-09-15 17:30:00+00:00,110.30999755859375,110.8499984741211,110.2699966430664,110.30000305175781,138563
2023-09-15 18:30:00+00:00,110.11000061035156,110.4000015258789,110.0199966430664,110.30000305175781,131435
2023-09-15 19:30:00+00:00,109.93000030517578,110.20999908447266,109.80000305175781,110.1050033569336,344232
2023-09-18 13:30:00+00:00,111.37000274658203,111.43000030517578,110.42500305175781,110.43000030517578,120591
2023-09-18 14:30:00+00:00,111.70999908447266,112.25,111.37120056152344,111.38700103759766,95075
2023-09-18 15:30:00+00:00,111.62000274658203,111.98999786376953,111.58499908447266,111.77130126953125,59735
2023-09-18 16:30:00+00:00,111.33999633789062,111.75,111.33000183105469,111.625,61900
2023-09-18 17:30:00+00:00,111.06999969482422,111.41000366210938,111.04000091552734,111.30000305175781,68609
2023-09-18 18:30:00+00:00,111.00499725341797,111.2699966430664,110.87999725341797,111.06999969482422,91242
2023-09-18 19:30:00+00:00,110.7699966430664,111.02999877929688,110.41000366210938,111.01000213623047,295778
2023-09-19 13:30:00+00:00,111.37000274658203,111.37999725341797,110.625,111.08999633789062,216637
2023-09-19 14:30:00+00:00,110.55999755859375,111.37000274658203,110.4000015258789,111.37000274658203,133269
2023-09-19 15:30:00+00:00,110.5199966430664,110.79499816894531,110.30000305175781,110.59989929199219,76789
2023-09-19 16:30:00+00:00,110.75,110.75,110.41000366210938,110.52999877929688,93677
2023-09-19 17:30:00+00:00,110.9749984741211,111.23999786376953,110.68000030517578,110.77999877929688,173946
2023-09-19 18:30:00+00:00,110.74500274658203,111.12000274658203,110.56999969482422,110.97000122070312,108337
2023-09-19 19:30:00+00:00,110.54000091552734,110.7750015258789,110.41000366210938,110.74500274658203,182669
2023-09-20 13:30:00+00:00,110.31999969482422,111.18000030517578,110.16000366210938,110.93000030517578,84414
2023-09-20 14:30:00+00:00,110.4800033569336,110.61499786376953,110.12000274658203,110.30000305175781,53223
2023-09-20 15:30:00+00:00,110.46620178222656,110.5,110.27999877929688,110.47000122070312,35716
2023-09-20 16:30:00+00:00,110.77999877929688,110.8499984741211,110.48999786376953,110.48999786376953,39352
2023-09-20 17:30:00+00:00,110.2699966430664,110.91999816894531,110.11009979248047,110.73999786376953,52131
2023-09-20 18:30:00+00:00,110.31700134277344,110.72000122070312,110.1500015258789,110.26000213623047,74335
2023-09-20 19:30:00+00:00,110.12999725341797,110.32879638671875,109.91000366210938,110.31999969482422,324107
2023-09-21 13:30:00+00:00,110.22000122070312,110.26000213623047,109.51000213623047,109.62999725341797,244672
2023-09-21 14:30:00+00:00,110.09500122070312,110.34500122070312,109.88999938964844,110.2300033569336,114261
2023-09-21 15:30:00+00:00,110.22750091552734,110.31500244140625,109.93250274658203,110.05999755859375,103922
2023-09-21 16:30:00+00:00,110.30000305175781,110.63999938964844,110.08000183105469,110.2249984741211,90935
2023-09-21 17:30:00+00:00,110.00499725341797,110.38999938964844,109.94499969482422,110.25,53264
2023-09-21 18:30:00+00:00,109.80000305175781,110.0708999633789,109.68000030517578,110.00499725341797,115832
2023-09-21 19:30:00+00:00,109.94000244140625,110.25,109.65499877929688,109.77999877929688,379006
2023-09-22 13:30:00+00:00,109.69000244140625,109.7750015258789,108.61489868164062,109.45999908447266,124577
2023-09-22 14:30:00+00:00,109.99500274658203,110.0,109.47000122070312,109.65450286865234,83189
2023-09-22 15:30:00+00:00,110.0999984741211,110.19830322265625,109.83999633789062,109.97000122070312,91421
2023-09-22 16:30:00+00:00,110.2699966430664,110.44999694824219,110.12999725341797,110.13999938964844,58938
2023-09-22 17:30:00+00:00,110.13500213623047,110.2300033569336,110.05000305175781,110.19999694824219,73206
2023-09-22 18:30:00+00:00,110.50299835205078,110.73989868164062,110.0199966430664,110.13500213623047,103426
2023-09-22 19:30:00+00:00,110.4000015258789,110.5425033569336,110.01499938964844,110.5199966430664,334638
2023-09-25 13:30:00+00:00,110.69499969482422,110.69499969482422,109.49500274658203,109.72000122070312,152426
2023-09-25 14:30:00+00:00,111.07499694824219,111.2699966430664,110.61000061035156,110.62000274658203,302175
2023-09-25 15:30:00+00:00,111.68000030517578,111.87000274658203,110.93000030517578,111.07499694824219,209245
2023-09-25 16:30:00+00:00,111.81999969482422,111.83999633789062,111.4800033569336,111.70500183105469,183904
2023-09-25 17:30:00+00:00,111.8949966430664,112.25,111.67500305175781,111.8499984741211,200856
2023-09-25 18:30:00+00:00,112.63999938964844,112.70999908447266,111.87000274658203,111.88999938964844,346638
2023-09-25 19:30:00+00:00,112.20999908447266,112.91999816894531,112.15499877929688,112.6449966430664,477796
2023-09-26 13:30:00+00:00,109.81999969482422,111.71499633789062,109.62999725341797,111.66000366210938,259876
2023-09-26 14:30:00+00:00,109.34500122070312,110.03250122070312,109.27999877929688,109.83000183105469,254283
2023-09-26 15:30:00+00:00,109.5999984741211,109.80999755859375,109.1500015258789,109.34500122070312,127953
2023-09-26 16:30:00+00:00,109.41000366210938,109.79000091552734,109.29000091552734,109.62000274658203,129329
2023-09-26 17:30:00+00:00,108.88999938964844,109.47000122070312,108.7300033569336,109.42500305175781,307985
2023-09-26 18:30:00+00:00,108.18499755859375,108.87000274658203,108.16000366210938,108.87000274658203,227455
2023-09-26 19:30:00+00:00,108.48999786376953,108.55999755859375,107.93000030517578,108.18000030517578,533421
2023-09-27 13:30:00+00:00,110.00499725341797,110.16000366210938,108.9800033569336,108.9800033569336,286083
2023-09-27 14:30:00+00:00,110.05000305175781,110.30000305175781,109.5,110.01499938964844,281867
2023-09-27 15:30:00+00:00,110.60700225830078,110.81999969482422,109.98999786376953,110.0250015258789,132593
2023-09-27 16:30:00+00:00,110.20500183105469,110.72000122070312,110.16300201416016,110.61000061035156,204105
2023-09-27 17:30:00+00:00,110.39510345458984,110.44000244140625,109.72000122070312,110.16999816894531,263521
2023-09-27 18:30:00+00:00,110.98500061035156,110.98999786376953,110.3499984741211,110.4175033569336,483687
2023-09-27 19:30:00+00:00,110.75,111.29000091552734,110.62999725341797,110.97000122070312,898261
2023-09-28 13:30:00+00:00,109.87000274658203,110.9800033569336,109.77999877929688,110.7699966430664,234624
2023-09-28 14:30:00+00:00,109.71499633789062,109.93499755859375,109.31999969482422,109.8499984741211,236625
2023-09-28 15:30:00+00:00,110.1500015258789,110.36280059814453,109.69999694824219,109.75,73073
2023-09-28 16:30:00+00:00,109.79000091552734,110.44000244140625,109.79000091552734,110.16000366210938,74847
2023-09-28 17:30:00+00:00,109.62000274658203,109.91999816894531,108.83499908447266,109.75,143806
2023-09-28 18:30:00+00:00,109.92500305175781,110.0199966430664,109.58999633789062,109.5999984741211,187821
2023-09-28 19:30:00+00:00,109.37000274658203,110.03500366210938,109.06999969482422,109.92500305175781,323014
2023-09-29 13:30:00+00:00,109.40499877929688,110.70999908447266,109.3499984741211,110.04000091552734,228631
2023-09-29 14:30:00+00:00,110.13500213623047,110.5199966430664,109.4000015258789,109.41000366210938,293248
2023-09-29 15:30:00+00:00,109.44999694824219,110.12999725341797,109.2300033569336,110.1050033569336,94377
2023-09-29 16:30:00+00:00,108.93000030517578,109.51000213623047,108.72000122070312,109.4800033569336,115077
2023-09-29 17:30:00+00:00,109.08000183105469,109.2699966430664,108.63999938964844,108.93000030517578,140018
2023-09-29 18:30:00+00:00,109.54499816894531,109.94000244140625,109.05000305175781,109.11000061035156,140782
2023-09-29 19:30:00+00:00,109.08000183105469,109.69999694824219,108.98999786376953,109.56999969482422,364791
2023-10-02 13:30:00+00:00,104.19999694824219,108.30000305175781,104.11499786376953,108.30000305175781,348825
2023-10-02 14:30:00+00:00,103.98999786376953,105.30000305175781,103.5999984741211,104.18080139160156,456347
2023-10-02 15:30:00+00:00,103.02999877929688,104.18000030517578,102.76000213623047,104.0,186479
2023-10-02 16:30:00+00:00,103.54000091552734,104.0,102.80999755859375,103.02999877929688,247284
2023-10-02 17:30:00+00:00,103.9000015258789,104.06199645996094,103.41000366210938,103.55000305175781,295320
2023-10-02 18:30:00+00:00,104.63999938964844,104.83499908447266,103.51499938964844,103.87999725341797,231228
2023-10-02 19:30:00+00:00,104.75,105.02999877929688,104.51000213623047,104.62000274658203,597223
2023-10-03 13:30:00+00:00,103.12999725341797,104.37000274658203,102.73999786376953,103.20999908447266,369752
2023-10-03 14:30:00+00:00,103.08999633789062,103.37000274658203,102.40499877929688,103.08000183105469,363984
2023-10-03 15:30:00+00:00,103.75,103.75,102.76000213623047,103.08999633789062,317962
2023-10-03 16:30:00+00:00,104.2750015258789,104.30000305175781,103.58999633789062,103.75499725341797,222112
2023-10-03 17:30:00+00:00,104.125,104.62999725341797,103.9800033569336,104.26000213623047,164665
2023-10-03 18:30:00+00:00,104.7699966430664,104.87000274658203,104.08999633789062,104.1050033569336,293967
2023-10-03 19:30:00+00:00,104.87999725341797,104.91999816894531,104.44999694824219,104.76499938964844,465749
2023-10-04 13:30:00+00:00,104.79499816894531,105.69000244140625,104.62000274658203,104.63999938964844,300581
2023-10-04 14:30:00+00:00,104.83999633789062,105.0999984741211,104.2249984741211,104.80000305175781,160676
2023-10-04 15:30:00+00:00,105.5199966430664,105.5199966430664,104.63500213623047,104.8499984741211,105050
2023-10-04 16:30:00+00:00,105.94000244140625,105.94000244140625,105.34500122070312,105.55000305175781,136515
2023-10-04 17:30:00+00:00,106.44000244140625,106.58000183105469,105.73999786376953,105.94000244140625,249647
2023-10-04 18:30:00+00:00,105.94000244140625,106.5999984741211,105.91999816894531,106.44999694824219,388798
2023-10-04 19:30:00+00:00,106.1500015258789,106.43000030517578,105.91999816894531,105.97000122070312,379424
2023-10-05 13:30:00+00:00,106.86000061035156,107.7699966430664,106.61000061035156,106.9800033569336,216298
2023-10-05 14:30:00+00:00,107.0,107.32499694824219,106.69000244140625,106.86499786376953,128844
2023-10-05 15:30:00+00:00,107.431396484375,107.47000122070312,106.9000015258789,106.99500274658203,63848
2023-10-05 16:30:00+00:00,107.45999908447266,107.53500366210938,106.91999816894531,107.48999786376953,142422
2023-10-05 17:30:00+00:00,108.30999755859375,108.30999755859375,107.3499984741211,107.4800033569336,129136
2023-10-05 18:30:00+00:00,108.29000091552734,108.5,108.01000213623047,108.30999755859375,176237
2023-10-05 19:30:00+00:00,107.91000366210938,108.41000366210938,107.58999633789062,108.28500366210938,315578
2023-10-06 13:30:00+00:00,106.29000091552734,106.55000305175781,105.12999725341797,106.55000305175781,284938
2023-10-06 14:30:00+00:00,107.23999786376953,107.2699966430664,106.19999694824219,106.57499694824219,182288
2023-10-06 15:30:00+00:00,108.97000122070312,109.09500122070312,107.33999633789062,107.33999633789062,172908
2023-10-06 16:30:00+00:00,110.08999633789062,110.16000366210938,109.01000213623047,109.04000091552734,133258
2023-10-06 17:30:00+00:00,109.94000244140625,110.20999908447266,109.75,110.0999984741211,147428
2023-10-06 18:30:00+00:00,110.38999938964844,110.38999938964844,109.87999725341797,109.92500305175781,130281
2023-10-06 19:30:00+00:00,110.25,110.58000183105469,110.13500213623047,110.43000030517578,288545
2023-10-09 13:30:00+00:00,110.91000366210938,111.15499877929688,109.97000122070312,110.16999816894531,211692
2023-10-09 14:30:00+00:00,111.12999725341797,111.26000213623047,110.68099975585938,110.87000274658203,89720
2023-10-09 15:30:00+00:00,110.58999633789062,111.17400360107422,110.51000213623047,111.13999938964844,94397
2023-10-09 16:30:00+00:00,110.37999725341797,110.66999816894531,110.06999969482422,110.62999725341797,105855
2023-10-09 17:30:00+00:00,111.11000061035156,111.48699951171875,110.4000015258789,110.4000015258789,103379
2023-10-09 18:30:00+00:00,110.93000030517578,111.11000061035156,110.66999816894531,111.11000061035156,88377
2023-10-09 19:30:00+00:00,111.37000274658203,111.4000015258789,110.83000183105469,110.91000366210938,255213
2023-10-10 13:30:00+00:00,112.70700073242188,112.70700073242188,110.95999908447266,110.95999908447266,173660
2023-10-10 14:30:00+00:00,112.61000061035156,112.77200317382812,112.11000061035156,112.69000244140625,136717
2023-10-10 15:30:00+00:00,113.10399627685547,113.10399627685547,112.5999984741211,112.62999725341797,97213
2023-10-10 16:30:00+00:00,113.16000366210938,113.48999786376953,112.9000015258789,113.11000061035156,116415
2023-10-10 17:30:00+00:00,113.05000305175781,113.2300033569336,112.91000366210938,113.13999938964844,151281
2023-10-10 18:30:00+00:00,113.02999877929688,113.16500091552734,112.8499984741211,113.05500030517578,121746
2023-10-10 19:30:00+00:00,112.9800033569336,113.16000366210938,112.88999938964844,113.0199966430664,194417
2023-10-11 13:30:00+00:00,113.70999908447266,114.22000122070312,113.48999786376953,113.91000366210938,188410
2023-10-11 14:30:00+00:00,113.6449966430664,113.76000213623047,113.30999755859375,113.76000213623047,145526
2023-10-11 15:30:00+00:00,114.08999633789062,114.22989654541016,113.5009994506836,113.66999816894531,97516
2023-10-11 16:30:00+00:00,113.97000122070312,114.1500015258789,113.79000091552734,114.08499908447266,129697
2023-10-11 17:30:00+00:00,114.5250015258789,114.61499786376953,113.62999725341797,113.93000030517578,108564
2023-10-11 18:30:00+00:00,114.93000030517578,114.93000030517578,114.18000030517578,114.55000305175781,210095
2023-10-11 19:30:00+00:00,115.06999969482422,115.1780014038086,114.80500030517578,114.88999938964844,221502
2023-10-12 13:30:00+00:00,114.99500274658203,116.08999633789062,114.8594970703125,114.91000366210938,166185
2023-10-12 14:30:00+00:00,115.80000305175781,115.88700103759766,114.69000244140625,114.94000244140625,140272
2023-10-12 15:30:00+00:00,115.85600280761719,116.16000366210938,115.58000183105469,115.7874984741211,123041
2023-10-12 16:30:00+00:00,115.27040100097656,116.05000305175781,115.19010162353516,115.8499984741211,93615
2023-10-12 17:30:00+00:00,114.56379699707031,115.37000274658203,114.45999908447266,115.21499633789062,155014
2023-10-12 18:30:00+00:00,115.48999786376953,115.61000061035156,114.5199966430664,114.54000091552734,151659
2023-10-12 19:30:00+00:00,115.69000244140625,115.80000305175781,115.47000122070312,115.5,274356
2023-10-13 13:30:00+00:00,116.00499725341797,117.38999938964844,115.9800033569336,116.7699966430664,179103
2023-10-13 14:30:00+00:00,114.5,116.05999755859375,114.2074966430664,116.03500366210938,211667
2023-10-13 15:30:00+00:00,114.87999725341797,114.87999725341797,114.20999908447266,114.5,114668
2023-10-13 16:30:00+00:00,114.0999984741211,115.1500015258789,114.0999984741211,114.87999725341797,136481
2023-10-13 17:30:00+00:00,113.91000366210938,114.44000244140625,113.7300033569336,114.08499908447266,178593
2023-10-13 18:30:00+00:00,113.4000015258789,114.18000030517578,113.22000122070312,113.93000030517578,188832
2023-10-13 19:30:00+00:00,113.68000030517578,113.8499984741211,112.98999786376953,113.43000030517578,393675
2023-10-16 13:30:00+00:00,115.6500015258789,115.80000305175781,114.61000061035156,114.7699966430664,193335
2023-10-16 14:30:00+00:00,116.27999877929688,116.56999969482422,115.69999694824219,115.75,148980
2023-10-16 15:30:00+00:00,115.98999786376953,116.30000305175781,115.80999755859375,116.30000305175781,102418
2023-10-16 16:30:00+00:00,116.0,116.29399871826172,115.73500061035156,115.95999908447266,100376
2023-10-16 17:30:00+00:00,116.19999694824219,116.31500244140625,115.80000305175781,115.97000122070312,158113
2023-10-16 18:30:00+00:00,116.94499969482422,117.12000274658203,116.18000030517578,116.18000030517578,213627
2023-10-16 19:30:00+00:00,116.81999969482422,117.08000183105469,116.69999694824219,116.94999694824219,366875
2023-10-17 13:30:00+00:00,117.11499786376953,117.38999938964844,115.71009826660156,116.05000305175781,181311
2023-10-17 14:30:00+00:00,117.56999969482422,117.68000030517578,116.7300033569336,117.25,89325
2023-10-17 15:30:00+00:00,117.77999877929688,117.87999725341797,117.44000244140625,117.52999877929688,96482
2023-10-17 16:30:00+00:00,117.3949966430664,117.98999786376953,117.27999877929688,117.8499984741211,99064
2023-10-17 17:30:00+00:00,117.33000183105469,117.5199966430664,116.83000183105469,117.41000366210938,122192
2023-10-17 18:30:00+00:00,117.48999786376953,117.62000274658203,117.05999755859375,117.33999633789062,194263
2023-10-17 19:30:00+00:00,117.1500015258789,117.51000213623047,116.9800033569336,117.48999786376953,182594
2023-10-18 13:30:00+00:00,117.27999877929688,118.6449966430664,117.27220153808594,117.33000183105469,144252
2023-10-18 14:30:00+00:00,116.41999816894531,117.38999938964844,115.94400024414062,117.26499938964844,87843
2023-10-18 15:30:00+00:00,116.18000030517578,116.58000183105469,115.80999755859375,116.36000061035156,53664
2023-10-18 16:30:00+00:00,116.58999633789062,116.6500015258789,115.84500122070312,116.18000030517578,57157
2023-10-18 17:30:00+00:00,116.7699966430664,116.83499908447266,116.29000091552734,116.5999984741211,104894
2023-10-18 18:30:00+00:00,116.11000061035156,117.04000091552734,116.11000061035156,116.75,145290
2023-10-18 19:30:00+00:00,116.04000091552734,116.3550033569336,115.91000366210938,116.0999984741211,245840
2023-10-19 13:30:00+00:00,115.69999694824219,116.25,114.73999786376953,116.0,121729
2023-10-19 14:30:00+00:00,115.77999877929688,115.8499984741211,115.27999877929688,115.66999816894531,84284
2023-10-19 15:30:00+00:00,115.69000244140625,116.61000061035156,115.6500015258789,115.81999969482422,139197
2023-10-19 16:30:00+00:00,115.95999908447266,116.25,115.05999755859375,115.75,64570
2023-10-19 17:30:00+00:00,115.0999984741211,115.7699966430664,114.97000122070312,115.7699966430664,74191
2023-10-19 18:30:00+00:00,114.55000305175781,115.05000305175781,114.23999786376953,115.05000305175781,92068
2023-10-19 19:30:00+00:00,114.29000091552734,114.69000244140625,114.11000061035156,114.5999984741211,174396
2023-10-20 13:30:00+00:00,112.62000274658203,114.79000091552734,112.02999877929688,114.11000061035156,288023
2023-10-20 14:30:00+00:00,112.67500305175781,112.79900360107422,112.2300033569336,112.60459899902344,126781
2023-10-20 15:30:00+00:00,112.68000030517578,112.75499725341797,112.21499633789062,112.66000366210938,136098
2023-10-20 16:30:00+00:00,112.4800033569336,113.0,112.29000091552734,112.69999694824219,150773
2023-10-20 17:30:00+00:00,111.98999786376953,112.70500183105469,111.91999816894531,112.4749984741211,114805
2023-10-20 18:30:00+00:00,112.33000183105469,112.44999694824219,111.94999694824219,111.9800033569336,159107
2023-10-20 19:30:00+00:00,112.11000061035156,112.41999816894531,111.94999694824219,112.3499984741211,337126
2023-10-23 13:30:00+00:00,111.75,112.16000366210938,110.39929962158203,111.83000183105469,143330
2023-10-23 14:30:00+00:00,112.56999969482422,112.9000015258789,111.54000091552734,111.81999969482422,122328
2023-10-23 15:30:00+00:00,112.62000274658203,112.81999969482422,112.29000091552734,112.58000183105469,96486
2023-10-23 16:30:00+00:00,112.58999633789062,112.9800033569336,112.44000244140625,112.62999725341797,53575
2023-10-23 17:30:00+00:00,112.83809661865234,113.02999877929688,112.52999877929688,112.56500244140625,64451
2023-10-23 18:30:00+00:00,112.51100158691406,113.01000213623047,112.47000122070312,112.88999938964844,92002
2023-10-23 19:30:00+00:00,112.08999633789062,112.57499694824219,112.02999877929688,112.52999877929688,180795
2023-10-24 13:30:00+00:00,114.33000183105469,114.43000030517578,113.26000213623047,113.26000213623047,164113
2023-10-24 14:30:00+00:00,114.45999908447266,114.73500061035156,113.97679901123047,114.18000030517578,112010
2023-10-24 15:30:00+00:00,114.67500305175781,114.95829772949219,114.36000061035156,114.51000213623047,101707
2023-10-24 16:30:00+00:00,114.75,114.86000061035156,114.53500366210938,114.62000274658203,105882
2023-10-24 17:30:00+00:00,114.8949966430664,115.30000305175781,114.49610137939453,114.83000183105469,318126
2023-10-24 18:30:00+00:00,114.875,115.20999908447266,114.77999877929688,114.9000015258789,282319
2023-10-24 19:30:00+00:00,114.2699966430664,114.87000274658203,114.22000122070312,114.87000274658203,299113
2023-10-25 13:30:00+00:00,112.83000183105469,114.2699966430664,112.44999694824219,114.2300033569336,156763
2023-10-25 14:30:00+00:00,112.91999816894531,113.25,112.55000305175781,112.82499694824219,233986
2023-10-25 15:30:00+00:00,112.37000274658203,112.91999816894531,112.20999908447266,112.91999816894531,115889
2023-10-25 16:30:00+00:00,111.91999816894531,112.55000305175781,111.91999816894531,112.36000061035156,134792
2023-10-25 17:30:00+00:00,111.91999816894531,112.26000213623047,111.66999816894531,111.88999938964844,163116
2023-10-25 18:30:00+00:00,112.01000213623047,112.18000030517578,111.80000305175781,111.95999908447266,101507
2023-10-25 19:30:00+00:00,112.02999877929688,112.23999786376953,111.86000061035156,112.01000213623047,402965
2023-10-26 13:30:00+00:00,112.33999633789062,112.7300033569336,111.68730163574219,112.0,257057
2023-10-26 14:30:00+00:00,112.20999908447266,112.5999984741211,111.87010192871094,112.31999969482422,147398
2023-10-26 15:30:00+00:00,111.75,112.33999633789062,111.5999984741211,112.19999694824219,134273
2023-10-26 16:30:00+00:00,111.37999725341797,111.88999938964844,111.13999938964844,111.7699966430664,156703
2023-10-26 17:30:00+00:00,112.22000122070312,112.33999633789062,111.31999969482422,111.375,125657
2023-10-26 18:30:00+00:00,112.54000091552734,112.91999816894531,112.05999755859375,112.22000122070312,249939
2023-10-26 19:30:00+00:00,112.72000122070312,113.02999877929688,112.47000122070312,112.51000213623047,292564
2023-10-27 13:30:00+00:00,111.16000366210938,113.36000061035156,110.57499694824219,113.0,115126
2023-10-27 14:30:00+00:00,111.2699966430664,111.66999816894531,110.73999786376953,111.11000061035156,89243
2023-10-27 15:30:00+00:00,111.33999633789062,111.73999786376953,111.08999633789062,111.19999694824219,97555
2023-10-27 16:30:00+00:00,110.12000274658203,111.30000305175781,109.8927001953125,111.29000091552734,69765
2023-10-27 17:30:00+00:00,110.19999694824219,110.55000305175781,110.07669830322266,110.07669830322266,72021
2023-10-27 18:30:00+00:00,110.79000091552734,110.81999969482422,110.16000366210938,110.16000366210938,106035
2023-10-27 19:30:00+00:00,110.81999969482422,110.9000015258789,110.44000244140625,110.80000305175781,256382
2023-10-30 13:30:00+00:00,111.97000122070312,113.2300033569336,111.73500061035156,111.86000061035156,112179
2023-10-30 14:30:00+00:00,111.79000091552734,112.12999725341797,111.50499725341797,111.83100128173828,94526
2023-10-30 15:30:00+00:00,111.88999938964844,112.08000183105469,111.69000244140625,111.83999633789062,83967
2023-10-30 16:30:00+00:00,112.51000213623047,112.59529876708984,111.7300033569336,111.8499984741211,81856
2023-10-30 17:30:00+00:00,112.63999938964844,112.94000244140625,112.43000030517578,112.55000305175781,120112
2023-10-30 18:30:00+00:00,113.06999969482422,113.1500015258789,112.58000183105469,112.6500015258789,148803
2023-10-30 19:30:00+00:00,113.02999877929688,113.19000244140625,112.91999816894531,113.06999969482422,302047
2023-10-31 13:30:00+00:00,111.75499725341797,113.51000213623047,111.66000366210938,113.12000274658203,111032
2023-10-31 14:30:00+00:00,111.62000274658203,111.91000366210938,111.16999816894531,111.75499725341797,122856
2023-10-31 15:30:00+00:00,112.37000274658203,112.51000213623047,111.3499984741211,111.5999984741211,203826
2023-10-31 16:30:00+00:00,113.05000305175781,113.30999755859375,112.11000061035156,112.38999938964844,435799
2023-10-31 17:30:00+00:00,112.9000015258789,113.40010070800781,112.83000183105469,113.00499725341797,137955
2023-10-31 18:30:00+00:00,112.81999969482422,113.33999633789062,112.69499969482422,112.88500213623047,152986
2023-10-31 19:30:00+00:00,112.9000015258789,113.05000305175781,112.66000366210938,112.80000305175781,469254
2023-11-01 13:30:00+00:00,114.84500122070312,114.94000244140625,112.83000183105469,113.58999633789062,441957
2023-11-01 14:30:00+00:00,114.6050033569336,115.30000305175781,114.22000122070312,114.91000366210938,452482
2023-11-01 15:30:00+00:00,114.60350036621094,115.08999633789062,114.31999969482422,114.58000183105469,166793
2023-11-01 16:30:00+00:00,114.2699966430664,114.6427001953125,114.01000213623047,114.62999725341797,201132
2023-11-01 17:30:00+00:00,114.41999816894531,114.4800033569336,113.95999908447266,114.22000122070312,223407
2023-11-01 18:30:00+00:00,115.20500183105469,115.30999755859375,113.97000122070312,114.44999694824219,375084
2023-11-01 19:30:00+00:00,114.8499984741211,115.37999725341797,114.75,115.19999694824219,492585
2023-11-02 13:30:00+00:00,116.24500274658203,116.48989868164062,114.37999725341797,114.91000366210938,255017
2023-11-02 14:30:00+00:00,116.54000091552734,116.86000061035156,116.06999969482422,116.24500274658203,174175
2023-11-02 15:30:00+00:00,116.76000213623047,117.05999755859375,116.56500244140625,116.56500244140625,216164
2023-11-02 16:30:00+00:00,117.52999877929688,117.58000183105469,116.66000366210938,116.76000213623047,133066
2023-11-02 17:30:00+00:00,117.5999984741211,117.9000015258789,117.51000213623047,117.52999877929688,125826
2023-11-02 18:30:00+00:00,117.58000183105469,117.73500061035156,117.32830047607422,117.5999984741211,205884
2023-11-02 19:30:00+00:00,117.26000213623047,117.78800201416016,117.18000030517578,117.55000305175781,332076
2023-11-03 13:30:00+00:00,117.20999908447266,118.66999816894531,116.84950256347656,118.6500015258789,217684
2023-11-03 14:30:00+00:00,117.63999938964844,118.19999694824219,117.23999786376953,117.25,282640
2023-11-03 15:30:00+00:00,118.34500122070312,118.48999786376953,117.69000244140625,117.69000244140625,114750
2023-11-03 16:30:00+00:00,117.80999755859375,118.37999725341797,117.76599884033203,118.37999725341797,88004
2023-11-03 17:30:00+00:00,118.26000213623047,118.26000213623047,117.72000122070312,117.80999755859375,139811
2023-11-03 18:30:00+00:00,117.59500122070312,118.23500061035156,117.54000091552734,118.22000122070312,250331
2023-11-03 19:30:00+00:00,117.08000183105469,117.61000061035156,116.94999694824219,117.58000183105469,371704
2023-11-06 14:30:00+00:00,123.7249984741211,123.98999786376953,118.05999755859375,118.98999786376953,349318
2023-11-06 15:30:00+00:00,125.58499908447266,125.62429809570312,123.69999694824219,123.70999908447266,261762
2023-11-06 16:30:00+00:00,124.86000061035156,125.54499816894531,124.4000015258789,125.52999877929688,334943
2023-11-06 17:30:00+00:00,125.29000091552734,125.33999633789062,124.66000366210938,124.8550033569336,172475
2023-11-06 18:30:00+00:00,124.61000061035156,125.25,123.7699966430664,125.23999786376953,275797
2023-11-06 19:30:00+00:00,124.54499816894531,124.68000030517578,124.26000213623047,124.62999725341797,258719
2023-11-06 20:30:00+00:00,124.7699966430664,124.93000030517578,124.45999908447266,124.54499816894531,389284
2023-11-07 14:30:00+00:00,119.68000030517578,124.97440338134766,118.92500305175781,124.44000244140625,352700
2023-11-07 15:30:00+00:00,119.30000305175781,119.75,118.66000366210938,119.66999816894531,292378
2023-11-07 16:30:00+00:00,118.79000091552734,119.91500091552734,118.66000366210938,119.30000305175781,176620
2023-11-07 17:30:00+00:00,118.97000122070312,119.32499694824219,118.68000030517578,118.83000183105469,210572
2023-11-07 18:30:00+00:00,119.36000061035156,119.83999633789062,118.83999633789062,118.96499633789062,188968
2023-11-07 19:30:00+00:00,119.68000030517578,119.69000244140625,118.93009948730469,119.36499786376953,231424
2023-11-07 20:30:00+00:00,119.88999938964844,120.11000061035156,119.30999755859375,119.69000244140625,381651
2023-11-08 14:30:00+00:00,119.63500213623047,120.5,118.96499633789062,120.41999816894531,158856
2023-11-08 15:30:00+00:00,120.16000366210938,120.16000366210938,119.42500305175781,119.62999725341797,166106
2023-11-08 16:30:00+00:00,120.05000305175781,120.2300033569336,119.69999694824219,120.13999938964844,111126
2023-11-08 17:30:00+00:00,120.62000274658203,120.75,119.73999786376953,119.97010040283203,134298
2023-11-08 18:30:00+00:00,120.80999755859375,120.87999725341797,120.45999908447266,120.62000274658203,81767
2023-11-08 19:30:00+00:00,121.26000213623047,121.37000274658203,120.62000274658203,120.80000305175781,186316
2023-11-08 20:30:00+00:00,121.19000244140625,121.4800033569336,120.80049896240234,121.27999877929688,313122
2023-11-09 14:30:00+00:00,124.13999938964844,124.3550033569336,121.19999694824219,121.58999633789062,162743
2023-11-09 15:30:00+00:00,123.20999908447266,124.19499969482422,122.8550033569336,124.12000274658203,173836
2023-11-09 16:30:00+00:00,122.43499755859375,123.30999755859375,122.31999969482422,123.26000213623047,135104
2023-11-09 17:30:00+00:00,121.52999877929688,122.58000183105469,121.5,122.43499755859375,123937
2023-11-09 18:30:00+00:00,120.94499969482422,121.82140350341797,120.68000030517578,121.56500244140625,190272
2023-11-09 19:30:00+00:00,120.62999725341797,121.05999755859375,120.58000183105469,120.97000122070312,190095
2023-11-09 20:30:00+00:00,120.58100128173828,120.91999816894531,120.5199966430664,120.62999725341797,364616
2023-11-10 14:30:00+00:00,121.63500213623047,122.43000030517578,121.37550354003906,121.44999694824219,109967
2023-11-10 15:30:00+00:00,122.37999725341797,122.7249984741211,121.63999938964844,121.68830108642578,100211
2023-11-10 16:30:00+00:00,121.87999725341797,122.65799713134766,121.8499984741211,122.43000030517578,84344
2023-11-10 17:30:00+00:00,122.45999908447266,122.54000091552734,121.80999755859375,121.94000244140625,89377
2023-11-10 18:30:00+00:00,122.11499786376953,122.50749969482422,122.0165023803711,122.4800033569336,91922
2023-11-10 19:30:00+00:00,121.72000122070312,122.13999938964844,121.62010192871094,122.12000274658203,166548
2023-11-10 20:30:00+00:00,121.72000122070312,122.06500244140625,121.64900207519531,121.69999694824219,206772
2023-11-13 14:30:00+00:00,121.83499908447266,122.12000274658203,120.91000366210938,121.37999725341797,75860
2023-11-13 15:30:00+00:00,121.69000244140625,122.11000061035156,121.45320129394531,121.81999969482422,85164
2023-11-13 16:30:00+00:00,121.69999694824219,122.16999816894531,121.47000122070312,121.76499938964844,84336
2023-11-13 17:30:00+00:00,121.54000091552734,121.7699966430664,121.51000213623047,121.6500015258789,59752
2023-11-13 18:30:00+00:00,121.46700286865234,121.75,121.38999938964844,121.54000091552734,116001
2023-11-13 19:30:00+00:00,122.02999877929688,122.23600006103516,121.41000366210938,121.44000244140625,144607
2023-11-13 20:30:00+00:00,121.76000213623047,122.06999969482422,121.5199966430664,122.02999877929688,151058
2023-11-14 14:30:00+00:00,124.38500213623047,124.86000061035156,123.37999725341797,124.05000305175781,176414
2023-11-14 15:30:00+00:00,124.54000091552734,124.6500015258789,124.0999984741211,124.30000305175781,135584
2023-11-14 16:30:00+00:00,124.83599853515625,125.25,124.53099822998047,124.58000183105469,107549
2023-11-14 17:30:00+00:00,125.44999694824219,125.5,124.70999908447266,124.87000274658203,106474
2023-11-14 18:30:00+00:00,125.78500366210938,125.80000305175781,125.16999816894531,125.45500183105469,115224
2023-11-14 19:30:00+00:00,126.30999755859375,126.5999984741211,125.56999969482422,125.75,190384
2023-11-14 20:30:00+00:00,126.54000091552734,126.70999908447266,126.25,126.33999633789062,259578
2023-11-15 14:30:00+00:00,124.0999984741211,127.23999786376953,123.5,126.58000183105469,191088
2023-11-15 15:30:00+00:00,122.5,124.04000091552734,122.22010040283203,124.04000091552734,284743
2023-11-15 16:30:00+00:00,122.54949951171875,122.7959976196289,122.12000274658203,122.51000213623047,139923
2023-11-15 17:30:00+00:00,122.43000030517578,122.58000183105469,122.0,122.55999755859375,161202
2023-11-15 18:30:00+00:00,122.11000061035156,122.47000122070312,121.94999694824219,122.41999816894531,230672
2023-11-15 19:30:00+00:00,121.9800033569336,122.18499755859375,121.69039916992188,122.0999984741211,207178
2023-11-15 20:30:00+00:00,121.98999786376953,122.26000213623047,121.69999694824219,121.95999908447266,333265
2023-11-16 14:30:00+00:00,123.66000366210938,123.83000183105469,122.98999786376953,123.0,173261
2023-11-16 15:30:00+00:00,123.01000213623047,123.79900360107422,122.83000183105469,123.66999816894531,133185
2023-11-16 16:30:00+00:00,122.80999755859375,123.22000122070312,122.50499725341797,123.0199966430664,119580
2023-11-16 17:30:00+00:00,122.62139892578125,122.90399932861328,122.3550033569336,122.82499694824219,133254
2023-11-16 18:30:00+00:00,122.31999969482422,122.6050033569336,122.1500015258789,122.55999755859375,106754
2023-11-16 19:30:00+00:00,122.29000091552734,122.5,122.0999984741211,122.27999877929688,223534
2023-11-16 20:30:00+00:00,121.66999816894531,122.36000061035156,121.51000213623047,122.30500030517578,323379
2023-11-17 14:30:00+00:00,122.80000305175781,123.5199966430664,121.73999786376953,122.19999694824219,190384
2023-11-17 15:30:00+00:00,122.51000213623047,123.06500244140625,122.5,122.875,84247
2023-11-17 16:30:00+00:00,122.06999969482422,122.62999725341797,122.04000091552734,122.51000213623047,101003
2023-11-17 17:30:00+00:00,122.16000366210938,122.3280029296875,121.88999938964844,122.0999984741211,117041
2023-11-17 18:30:00+00:00,121.95999908447266,122.3635025024414,121.91999816894531,122.19999694824219,162892
2023-11-17 19:30:00+00:00,122.0199966430664,122.23999786376953,121.6500015258789,121.98500061035156,179834
2023-11-17 20:30:00+00:00,121.68000030517578,122.04000091552734,121.5999984741211,122.0199966430664,295241
2023-11-20 14:30:00+00:00,122.37000274658203,122.62999725341797,121.4800033569336,122.44999694824219,97174
2023-11-20 15:30:00+00:00,122.65499877929688,122.75180053710938,121.88999938964844,122.3302993774414,88154
2023-11-20 16:30:00+00:00,122.44499969482422,122.8499984741211,122.31999969482422,122.71990203857422,78064
2023-11-20 17:30:00+00:00,122.37999725341797,122.58999633789062,121.94999694824219,122.46499633789062,65749
2023-11-20 18:30:00+00:00,122.08499908447266,122.44000244140625,121.87999725341797,122.3499984741211,75770
2023-11-20 19:30:00+00:00,122.45999908447266,122.56999969482422,122.06999969482422,122.0999984741211,107103
2023-11-20 20:30:00+00:00,122.27999877929688,122.66000366210938,122.26000213623047,122.44499969482422,257415
2023-11-21 14:30:00+00:00,122.12000274658203,123.18000030517578,121.8499984741211,122.9000015258789,121141
2023-11-21 15:30:00+00:00,122.41000366210938,122.45999908447266,121.9000015258789,122.18000030517578,114091
2023-11-21 16:30:00+00:00,122.3290023803711,122.38999938964844,121.98999786376953,122.3499984741211,56222
2023-11-21 17:30:00+00:00,122.80000305175781,122.80000305175781,122.27999877929688,122.33799743652344,66205
2023-11-21 18:30:00+00:00,122.70999908447266,122.94000244140625,122.62999725341797,122.76000213623047,91111
2023-11-21 19:30:00+00:00,122.7300033569336,122.91000366210938,122.55999755859375,122.73999786376953,85809
2023-11-21 20:30:00+00:00,122.43000030517578,122.94000244140625,122.43000030517578,122.7300033569336,249995
2023-11-22 14:30:00+00:00,122.04000091552734,123.70999908447266,121.9749984741211,122.9000015258789,131568
2023-11-22 15:30:00+00:00,122.9000015258789,123.08999633789062,122.05000305175781,122.13999938964844,122641
2023-11-22 16:30:00+00:00,123.22000122070312,123.25,122.66000366210938,122.8499984741211,70690
2023-11-22 17:30:00+00:00,123.3949966430664,123.44999694824219,123.0250015258789,123.22000122070312,67945
2023-11-22 18:30:00+00:00,123.3949966430664,123.55999755859375,122.86000061035156,123.38999938964844,139426
2023-11-22 19:30:00+00:00,123.44000244140625,123.69000244140625,123.05000305175781,123.37999725341797,121360
2023-11-22 20:30:00+00:00,123.25,123.83999633789062,123.23999786376953,123.44000244140625,270879
2023-11-24 14:30:00+00:00,123.68000030517578,124.22000122070312,123.05000305175781,123.06999969482422,106730
2023-11-24 15:30:00+00:00,123.83000183105469,124.0999984741211,123.45999908447266,123.63999938964844,85999
2023-11-24 16:30:00+00:00,124.16999816894531,124.30000305175781,123.79000091552734,123.80750274658203,97005
2023-11-27 14:30:00+00:00,123.9000015258789,124.5,123.37000274658203,123.93000030517578,112385
2023-11-27 15:30:00+00:00,124.19000244140625,124.2300033569336,123.68000030517578,123.91000366210938,77230
2023-11-27 16:30:00+00:00,124.19999694824219,124.54000091552734,124.0999984741211,124.16999816894531,65052
2023-11-27 17:30:00+00:00,124.69999694824219,124.76000213623047,124.19999694824219,124.25499725341797,61382
2023-11-27 18:30:00+00:00,124.87999725341797,124.94999694824219,124.38999938964844,124.72000122070312,97172
2023-11-27 19:30:00+00:00,125.29000091552734,125.30000305175781,124.54000091552734,124.91000366210938,113448
2023-11-27 20:30:00+00:00,125.12000274658203,125.37999725341797,124.73999786376953,125.2699966430664,239876
2023-11-28 14:30:00+00:00,125.55999755859375,126.19999694824219,124.9800033569336,124.9800033569336,213286
2023-11-28 15:30:00+00:00,126.12999725341797,126.44000244140625,125.48999786376953,125.55999755859375,155431
2023-11-28 16:30:00+00:00,126.13999938964844,126.4000015258789,126.0999984741211,126.12999725341797,148953
2023-11-28 17:30:00+00:00,125.45500183105469,126.5,125.37000274658203,126.13999938964844,158900
2023-11-28 18:30:00+00:00,124.18499755859375,125.55999755859375,123.76000213623047,125.48999786376953,199519
2023-11-28 19:30:00+00:00,124.62000274658203,124.68000030517578,124.07499694824219,124.20999908447266,218055
2023-11-28 20:30:00+00:00,124.45999908447266,124.69999694824219,124.12999725341797,124.62000274658203,368459
2023-11-29 14:30:00+00:00,121.5145034790039,123.94000244140625,121.01000213623047,123.55000305175781,304276
2023-11-29 15:30:00+00:00,120.93000030517578,122.08000183105469,120.93000030517578,121.44999694824219,395789
2023-11-29 16:30:00+00:00,120.2300033569336,121.06500244140625,120.16000366210938,120.87000274658203,179052
2023-11-29 17:30:00+00:00,119.95999908447266,120.30000305175781,119.76000213623047,120.26000213623047,148059
2023-11-29 18:30:00+00:00,120.87999725341797,121.37000274658203,119.86000061035156,119.98500061035156,169943
2023-11-29 19:30:00+00:00,120.20999908447266,120.91000366210938,120.20999908447266,120.88999938964844,197903
2023-11-29 20:30:00+00:00,120.58999633789062,120.6500015258789,119.9343032836914,120.22000122070312,281030
2023-11-30 14:30:00+00:00,120.98999786376953,121.86000061035156,120.58999633789062,120.58999633789062,166179
2023-11-30 15:30:00+00:00,121.08499908447266,121.6500015258789,120.94499969482422,121.05000305175781,207700
2023-11-30 16:30:00+00:00,120.6250991821289,121.14900207519531,120.62000274658203,121.08499908447266,194069
2023-11-30 17:30:00+00:00,121.58999633789062,121.6500015258789,120.51499938964844,120.61000061035156,120636
2023-11-30 18:30:00+00:00,120.8499984741211,121.5999984741211,120.80999755859375,121.59500122070312,108969
2023-11-30 19:30:00+00:00,121.03500366210938,121.2699966430664,120.7750015258789,120.87999725341797,186581
2023-11-30 20:30:00+00:00,121.02999877929688,121.4000015258789,120.87000274658203,121.01000213623047,348966
2023-12-01 14:30:00+00:00,119.73999786376953,120.80999755859375,119.70999908447266,120.62000274658203,214435
2023-12-01 15:30:00+00:00,120.5199966430664,120.7300033569336,119.6500015258789,119.73999786376953,170246
2023-12-01 16:30:00+00:00,120.25,120.94000244140625,120.1500015258789,120.4800033569336,174447
2023-12-01 17:30:00+00:00,120.25,120.51499938964844,119.97000122070312,120.30000305175781,125690
2023-12-01 18:30:00+00:00,120.2699966430664,120.43499755859375,120.05999755859375,120.22000122070312,88895
2023-12-01 19:30:00+00:00,120.0,120.3949966430664,119.91999816894531,120.2699966430664,171408
2023-12-01 20:30:00+00:00,119.87999725341797,120.02999877929688,119.7300033569336,119.9800033569336,282508
2023-12-04 14:30:00+00:00,118.5999984741211,119.55000305175781,118.28199768066406,119.0,208656
2023-12-04 15:30:00+00:00,118.6050033569336,118.9800033569336,118.31999969482422,118.68000030517578,170567
2023-12-04 16:30:00+00:00,119.05500030517578,119.25,118.45999908447266,118.55999755859375,212578
2023-12-04 17:30:00+00:00,118.80000305175781,119.19000244140625,118.7300033569336,119.05999755859375,196465
2023-12-04 18:30:00+00:00,118.54000091552734,118.94999694824219,118.43000030517578,118.80000305175781,124391
2023-12-04 19:30:00+00:00,118.1449966430664,118.56999969482422,118.05000305175781,118.54000091552734,274287
2023-12-04 20:30:00+00:00,118.91999816894531,118.94999694824219,118.16000366210938,118.16500091552734,314396
2023-12-05 14:30:00+00:00,117.75,118.91000366210938,115.88500213623047,118.70500183105469,358585
2023-12-05 15:30:00+00:00,118.44999694824219,118.81999969482422,117.27999877929688,117.75,316823
2023-12-05 16:30:00+00:00,118.83499908447266,118.8499984741211,118.29000091552734,118.4800033569336,90280
2023-12-05 17:30:00+00:00,118.83000183105469,118.94000244140625,118.44999694824219,118.79000091552734,76370
2023-12-05 18:30:00+00:00,118.62000274658203,118.86000061035156,118.45999908447266,118.81999969482422,101738
2023-12-05 19:30:00+00:00,118.43499755859375,118.68000030517578,118.2750015258789,118.62000274658203,87137
2023-12-05 20:30:00+00:00,118.33999633789062,118.5999984741211,118.24500274658203,118.41000366210938,235009
2023-12-06 14:30:00+00:00,115.63999938964844,119.66999816894531,115.47000122070312,119.33999633789062,209892
2023-12-06 15:30:00+00:00,114.42990112304688,115.70999908447266,113.8749008178711,115.63999938964844,448673
2023-12-06 16:30:00+00:00,113.83999633789062,114.66000366210938,113.66000366210938,114.38999938964844,404161
2023-12-06 17:30:00+00:00,113.75499725341797,114.1449966430664,113.5510025024414,113.8499984741211,156679
2023-12-06 18:30:00+00:00,113.1500015258789,113.83000183105469,112.93000030517578,113.72000122070312,239242
2023-12-06 19:30:00+00:00,112.31999969482422,113.3550033569336,112.22000122070312,113.13999938964844,293057
2023-12-06 20:30:00+00:00,112.62999725341797,112.94000244140625,112.33499908447266,112.33499908447266,471384
2023-12-07 14:30:00+00:00,110.4800033569336,113.44000244140625,110.37000274658203,113.26000213623047,700708
2023-12-07 15:30:00+00:00,110.29000091552734,110.86000061035156,110.02999877929688,110.44200134277344,373285
2023-12-07 16:30:00+00:00,109.75,110.3499984741211,109.72000122070312,110.29000091552734,297030
2023-12-07 17:30:00+00:00,110.13999938964844,110.30000305175781,109.44999694824219,109.78309631347656,359369
2023-12-07 18:30:00+00:00,110.93000030517578,111.19000244140625,110.15499877929688,110.15499877929688,438223
2023-12-07 19:30:00+00:00,110.4800033569336,111.0,110.29000091552734,110.94999694824219,401062
2023-12-07 20:30:00+00:00,110.51000213623047,110.80000305175781,110.33999633789062,110.49500274658203,517000
2023-12-08 14:30:00+00:00,111.08000183105469,111.41000366210938,109.6500015258789,109.98999786376953,266843
2023-12-08 15:30:00+00:00,110.91999816894531,111.61019897460938,110.63999938964844,111.05000305175781,239273
2023-12-08 16:30:00+00:00,110.98999786376953,111.0199966430664,110.62999725341797,110.94300079345703,139269
2023-12-08 17:30:00+00:00,111.04000091552734,111.16000366210938,110.7300033569336,110.98999786376953,136758
2023-12-08 18:30:00+00:00,111.08999633789062,111.41999816894531,110.99500274658203,111.0999984741211,181937
2023-12-08 19:30:00+00:00,111.23500061035156,111.61000061035156,110.91000366210938,111.08999633789062,409876
2023-12-08 20:30:00+00:00,111.1500015258789,111.37000274658203,110.98999786376953,111.20999908447266,779842
2023-12-11 14:30:00+00:00,115.3949966430664,115.3949966430664,110.66999816894531,111.55000305175781,327254
2023-12-11 15:30:00+00:00,114.6449966430664,115.69999694824219,114.43000030517578,115.37999725341797,299780
2023-12-11 16:30:00+00:00,115.5,115.6500015258789,114.4000015258789,114.66999816894531,214435
2023-12-11 17:30:00+00:00,115.12000274658203,115.80999755859375,115.04000091552734,115.5199966430664,188717
2023-12-11 18:30:00+00:00,115.66000366210938,115.66000366210938,115.08000183105469,115.19000244140625,201353
2023-12-11 19:30:00+00:00,115.80000305175781,115.81999969482422,115.13999938964844,115.7300033569336,269013
2023-12-11 20:30:00+00:00,116.16999816894531,116.30000305175781,115.7699966430664,115.78009796142578,607638
2023-12-12 14:30:00+00:00,115.94499969482422,116.4000015258789,114.76290130615234,116.16000366210938,275628
2023-12-12 15:30:00+00:00,115.02999877929688,116.0199966430664,115.02999877929688,115.91000366210938,168500
2023-12-12 16:30:00+00:00,114.88999938964844,115.29499816894531,114.70999908447266,115.05500030517578,129598
2023-12-12 17:30:00+00:00,114.63999938964844,115.01000213623047,114.5999984741211,114.90599822998047,130478
2023-12-12 18:30:00+00:00,114.16999816894531,114.5999984741211,113.8499984741211,114.58999633789062,183931
2023-12-12 19:30:00+00:00,114.28500366210938,114.54000091552734,113.97000122070312,114.19999694824219,253996
2023-12-12 20:30:00+00:00,114.47000122070312,114.56999969482422,114.19999694824219,114.30000305175781,368722
2023-12-13 14:30:00+00:00,114.11000061035156,115.2699966430664,113.52999877929688,114.58999633789062,196389
2023-12-13 15:30:00+00:00,114.1449966430664,114.69999694824219,113.83000183105469,114.08000183105469,181316
2023-12-13 16:30:00+00:00,114.4000015258789,114.52999877929688,114.12000274658203,114.12000274658203,138545
2023-12-13 17:30:00+00:00,114.91000366210938,114.91999816894531,114.4000015258789,114.41000366210938,148252
2023-12-13 18:30:00+00:00,115.4749984741211,115.56500244140625,114.62999725341797,114.87120056152344,111251
2023-12-13 19:30:00+00:00,116.32499694824219,116.47000122070312,115.375,115.50499725341797,261203
2023-12-13 20:30:00+00:00,116.43000030517578,116.75,116.08000183105469,116.32499694824219,323583
2023-12-14 14:30:00+00:00,116.12000274658203,117.23999786376953,115.58000183105469,116.63999938964844,336226
2023-12-14 15:30:00+00:00,116.48999786376953,116.70500183105469,116.0999984741211,116.0999984741211,192833
2023-12-14 16:30:00+00:00,117.75,117.75,116.2300033569336,116.51000213623047,261369
2023-12-14 17:30:00+00:00,115.81999969482422,117.80999755859375,115.37000274658203,117.75,407006
2023-12-14 18:30:00+00:00,115.77999877929688,116.2300033569336,115.37000274658203,115.7699966430664,266472
2023-12-14 19:30:00+00:00,115.73999786376953,116.08000183105469,115.45999908447266,115.79000091552734,225610
2023-12-14 20:30:00+00:00,115.61000061035156,115.79000091552734,115.4540023803711,115.7699966430664,341271
2023-12-15 14:30:00+00:00,119.11000061035156,120.87000274658203,115.61000061035156,115.66999816894531,1466767
2023-12-15 15:30:00+00:00,118.05159759521484,119.55999755859375,117.75,119.11000061035156,292292
2023-12-15 16:30:00+00:00,118.0,118.2300033569336,117.0199966430664,118.07499694824219,208998
2023-12-15 17:30:00+00:00,117.87000274658203,118.16000366210938,117.13999938964844,118.02999877929688,235028
2023-12-15 18:30:00+00:00,118.55000305175781,119.05000305175781,117.68000030517578,117.86000061035156,414549
2023-12-15 19:30:00+00:00,118.55999755859375,118.66999816894531,118.12999725341797,118.51000213623047,311451
2023-12-15 20:30:00+00:00,118.7699966430664,118.83000183105469,118.08000183105469,118.55000305175781,411261
2023-12-18 14:30:00+00:00,120.31999969482422,121.54000091552734,119.44999694824219,119.56999969482422,356741
2023-12-18 15:30:00+00:00,119.79000091552734,120.5,119.56999969482422,120.30999755859375,173013
2023-12-18 16:30:00+00:00,119.58999633789062,119.79000091552734,119.29000091552734,119.7249984741211,138412
2023-12-18 17:30:00+00:00,119.04000091552734,119.6050033569336,118.91000366210938,119.6050033569336,83597
2023-12-18 18:30:00+00:00,119.61000061035156,119.63999938964844,119.05000305175781,119.06500244140625,107145
2023-12-18 19:30:00+00:00,119.62999725341797,119.75,119.33000183105469,119.62000274658203,149709
2023-12-18 20:30:00+00:00,119.36000061035156,119.63999938964844,119.22000122070312,119.63999938964844,276540
2023-12-19 14:30:00+00:00,120.6500015258789,121.05000305175781,119.25499725341797,119.7699966430664,133923
2023-12-19 15:30:00+00:00,120.86000061035156,121.0,120.37000274658203,120.69000244140625,67876
2023-12-19 16:30:00+00:00,120.69999694824219,120.86000061035156,120.26000213623047,120.83000183105469,66412
2023-12-19 17:30:00+00:00,120.45999908447266,120.69000244140625,120.3499984741211,120.69000244140625,60318
2023-12-19 18:30:00+00:00,120.06999969482422,120.56999969482422,120.0,120.48999786376953,62480
2023-12-19 19:30:00+00:00,120.45999908447266,120.45999908447266,119.86000061035156,120.08999633789062,117775
2023-12-19 20:30:00+00:00,120.80999755859375,120.875,120.30999755859375,120.47000122070312,179002
2023-12-20 14:30:00+00:00,119.77999877929688,120.125,119.13999938964844,119.83000183105469,113698
2023-12-20 15:30:00+00:00,119.23999786376953,119.93000030517578,119.05000305175781,119.8292007446289,104757
2023-12-20 16:30:00+00:00,118.78600311279297,119.25,118.63999938964844,119.25,76316
2023-12-20 17:30:00+00:00,119.04000091552734,119.37000274658203,118.69000244140625,118.77999877929688,66294
2023-12-20 18:30:00+00:00,118.93000030517578,119.07990264892578,118.69000244140625,119.06999969482422,74297
2023-12-20 19:30:00+00:00,117.48999786376953,119.13169860839844,117.45999908447266,118.97000122070312,158606
2023-12-20 20:30:00+00:00,117.01000213623047,117.66000366210938,117.0,117.51000213623047,291904
2023-12-21 14:30:00+00:00,117.33000183105469,117.9800033569336,116.80999755859375,117.48999786376953,91711
2023-12-21 15:30:00+00:00,118.04000091552734,118.04000091552734,117.35859680175781,117.43000030517578,67975
2023-12-21 16:30:00+00:00,117.19999694824219,118.0,117.01000213623047,117.97000122070312,78452
2023-12-21 17:30:00+00:00,117.6500015258789,117.69999694824219,117.26000213623047,117.26000213623047,41554
2023-12-21 18:30:00+00:00,117.9000015258789,117.95500183105469,117.47000122070312,117.68000030517578,56485
2023-12-21 19:30:00+00:00,118.04499816894531,118.1812973022461,117.66000366210938,117.93000030517578,85464
2023-12-21 20:30:00+00:00,118.31999969482422,118.43000030517578,117.99500274658203,118.06999969482422,185571
2023-12-22 14:30:00+00:00,116.4000015258789,117.9800033569336,114.0199966430664,115.0,251290
2023-12-22 15:30:00+00:00,116.56999969482422,116.81999969482422,115.81999969482422,116.43000030517578,126557
2023-12-22 16:30:00+00:00,116.11000061035156,116.68499755859375,115.98999786376953,116.61199951171875,65438
2023-12-22 17:30:00+00:00,116.2699966430664,116.31999969482422,115.95999908447266,116.17980194091797,73300
2023-12-22 18:30:00+00:00,115.6449966430664,116.5,115.62999725341797,116.26000213623047,75306
2023-12-22 19:30:00+00:00,115.68000030517578,115.7699966430664,115.44000244140625,115.54499816894531,102672
2023-12-22 20:30:00+00:00,115.31999969482422,115.75,115.2699966430664,115.66500091552734,221949
2023-12-26 14:30:00+00:00,116.73999786376953,116.76000213623047,115.58999633789062,115.58999633789062,80975
2023-12-26 15:30:00+00:00,117.05999755859375,117.08999633789062,116.49040222167969,116.76000213623047,52879
2023-12-26 16:30:00+00:00,117.4800033569336,117.54499816894531,116.87000274658203,117.08000183105469,72837
2023-12-26 17:30:00+00:00,117.72000122070312,117.73999786376953,117.3499984741211,117.4646987915039,48667
2023-12-26 18:30:00+00:00,117.73500061035156,117.83999633789062,117.58999633789062,117.72000122070312,54888
2023-12-26 19:30:00+00:00,117.58999633789062,117.76000213623047,117.30999755859375,117.70500183105469,79397
2023-12-26 20:30:00+00:00,117.56999969482422,117.66000366210938,117.45999908447266,117.58000183105469,122012
2023-12-27 14:30:00+00:00,117.30000305175781,117.76000213623047,116.87999725341797,117.27999877929688,47513
2023-12-27 15:30:00+00:00,117.04000091552734,117.5999984741211,116.94000244140625,117.30999755859375,53573
2023-12-27 16:30:00+00:00,117.30500030517578,117.33999633789062,116.98999786376953,116.98999786376953,25820
2023-12-27 17:30:00+00:00,117.58999633789062,117.5999984741211,116.97000122070312,117.30500030517578,41590
2023-12-27 18:30:00+00:00,117.37000274658203,117.5999984741211,117.20500183105469,117.5999984741211,50476
2023-12-27 19:30:00+00:00,117.2699966430664,117.44000244140625,117.12999725341797,117.36000061035156,41636
2023-12-27 20:30:00+00:00,117.45999908447266,117.47000122070312,117.05999755859375,117.25,98564
2023-12-28 14:30:00+00:00,117.75,118.77999877929688,117.51000213623047,118.70999908447266,84061
2023-12-28 15:30:00+00:00,117.66500091552734,117.875,117.54000091552734,117.73999786376953,36305
2023-12-28 16:30:00+00:00,117.49810028076172,117.68000030517578,117.37000274658203,117.6449966430664,39924
2023-12-28 17:30:00+00:00,117.18000030517578,117.56999969482422,117.04000091552734,117.45999908447266,36157
2023-12-28 18:30:00+00:00,117.18499755859375,117.41000366210938,117.05000305175781,117.19499969482422,30861
2023-12-28 19:30:00+00:00,117.0999984741211,117.25,117.01000213623047,117.1897964477539,35748
2023-12-28 20:30:00+00:00,117.11000061035156,117.22000122070312,116.94999694824219,117.07499694824219,141612
2023-12-29 14:30:00+00:00,116.91500091552734,117.19999694824219,116.66999816894531,116.7300033569336,60526
2023-12-29 15:30:00+00:00,116.62999725341797,117.2699966430664,116.58499908447266,117.0,57849
2023-12-29 16:30:00+00:00,116.1500015258789,116.66000366210938,115.93000030517578,116.50499725341797,51512
2023-12-29 17:30:00+00:00,116.1500015258789,116.55000305175781,116.12000274658203,116.13999938964844,37509
2023-12-29 18:30:00+00:00,116.25,116.55999755859375,116.12000274658203,116.13999938964844,40122
2023-12-29 19:30:00+00:00,116.55000305175781,116.62000274658203,116.23999786376953,116.30999755859375,68273
2023-12-29 20:30:00+00:00,116.91999816894531,117.08999633789062,116.44000244140625,116.49030303955078,224548
2024-01-02 14:30:00+00:00,116.47000122070312,116.95999908447266,115.83000183105469,116.4000015258789,132905
2024-01-02 15:30:00+00:00,116.69000244140625,117.2300033569336,116.27999877929688,116.45999908447266,133736
2024-01-02 16:30:00+00:00,116.4800033569336,116.87000274658203,116.27999877929688,116.66999816894531,80187
2024-01-02 17:30:00+00:00,116.19499969482422,116.54000091552734,115.94000244140625,116.5,65746
2024-01-02 18:30:00+00:00,115.9000015258789,116.16000366210938,115.55999755859375,116.1500015258789,88752
2024-01-02 19:30:00+00:00,115.08000183105469,115.91000366210938,115.0,115.87999725341797,183842
2024-01-02 20:30:00+00:00,115.25,115.33000183105469,114.97000122070312,115.08499908447266,312972
2024-01-03 14:30:00+00:00,116.7699966430664,116.98999786376953,115.5,115.5,136667
2024-01-03 15:30:00+00:00,116.81999969482422,117.16619873046875,116.72000122070312,116.75,105327
2024-01-03 16:30:00+00:00,116.30000305175781,116.91999816894531,116.18000030517578,116.80500030517578,65869
2024-01-03 17:30:00+00:00,116.2699966430664,116.4000015258789,115.83999633789062,116.25,70899
2024-01-03 18:30:00+00:00,116.46499633789062,116.62999725341797,116.08999633789062,116.29000091552734,94143
2024-01-03 19:30:00+00:00,115.92500305175781,116.62000274658203,115.62000274658203,116.48999786376953,105463
2024-01-03 20:30:00+00:00,115.83999633789062,116.15499877929688,115.80500030517578,115.97000122070312,302720
2024-01-04 14:30:00+00:00,116.98999786376953,117.0,115.0,116.20999908447266,201760
2024-01-04 15:30:00+00:00,116.36000061035156,117.10900115966797,116.3499984741211,116.95500183105469,96718
2024-01-04 16:30:00+00:00,116.01000213623047,116.36000061035156,115.79000091552734,116.33999633789062,99172
2024-01-04 17:30:00+00:00,115.79499816894531,116.04000091552734,115.75,116.01000213623047,66931
2024-01-04 18:30:00+00:00,115.98999786376953,116.31999969482422,115.67549896240234,115.79499816894531,122969
2024-01-04 19:30:00+00:00,115.5999984741211,116.05000305175781,115.55000305175781,115.97000122070312,120957
2024-01-04 20:30:00+00:00,115.37000274658203,115.73999786376953,115.0999984741211,115.5824966430664,341052
2024-01-05 14:30:00+00:00,116.5199966430664,116.88999938964844,115.11000061035156,115.11000061035156,215240
2024-01-05 15:30:00+00:00,116.83999633789062,117.66239929199219,116.5199966430664,116.5199966430664,221489
2024-01-05 16:30:00+00:00,116.51000213623047,116.9800033569336,116.37999725341797,116.83999633789062,87041
2024-01-05 17:30:00+00:00,116.25,116.54000091552734,115.87999725341797,116.49500274658203,187425
2024-01-05 18:30:00+00:00,116.25,116.33499908447266,115.98999786376953,116.2750015258789,219980
2024-01-05 19:30:00+00:00,116.11000061035156,116.44000244140625,115.91000366210938,116.26499938964844,132103
2024-01-05 20:30:00+00:00,116.23999786376953,116.41999816894531,116.0199966430664,116.08000183105469,284815
2024-01-08 14:30:00+00:00,115.69000244140625,116.30000305175781,115.02999877929688,116.19000244140625,131410
2024-01-08 15:30:00+00:00,116.11000061035156,116.26000213623047,115.5250015258789,115.69000244140625,99068
2024-01-08 16:30:00+00:00,116.47000122070312,116.5780029296875,115.94499969482422,116.11000061035156,163465
2024-01-08 17:30:00+00:00,116.5999984741211,116.69999694824219,116.2699966430664,116.41000366210938,46847
2024-01-08 18:30:00+00:00,116.3499984741211,116.62999725341797,116.25,116.61000061035156,71005
2024-01-08 19:30:00+00:00,116.70999908447266,116.87000274658203,116.37000274658203,116.38999938964844,138542
2024-01-08 20:30:00+00:00,117.0,117.16000366210938,116.6500015258789,116.70999908447266,250715
2024-01-09 14:30:00+00:00,115.93000030517578,116.6050033569336,115.16999816894531,116.44000244140625,200087
2024-01-09 15:30:00+00:00,116.04000091552734,116.16000366210938,115.66999816894531,115.87000274658203,92191
2024-01-09 16:30:00+00:00,116.5,116.5999984741211,115.98999786376953,115.98999786376953,86140
2024-01-09 17:30:00+00:00,116.68000030517578,116.93000030517578,116.4800033569336,116.50499725341797,61355
2024-01-09 18:30:00+00:00,116.36000061035156,116.69999694824219,116.30000305175781,116.62999725341797,92188
2024-01-09 19:30:00+00:00,116.5,116.62999725341797,116.32499694824219,116.36499786376953,137717
2024-01-09 20:30:00+00:00,116.51000213623047,116.87000274658203,116.30000305175781,116.48999786376953,403549
2024-01-10 14:30:00+00:00,116.11499786376953,116.42990112304688,115.75800323486328,116.0199966430664,110838
2024-01-10 15:30:00+00:00,115.7699966430664,116.08499908447266,115.73999786376953,116.0802993774414,87802
2024-01-10 16:30:00+00:00,115.42179870605469,115.91999816894531,115.38999938964844,115.7511978149414,101562
2024-01-10 17:30:00+00:00,115.12999725341797,115.58999633789062,114.96499633789062,115.44999694824219,139563
2024-01-10 18:30:00+00:00,115.83999633789062,115.8499984741211,115.16000366210938,115.16500091552734,115119
2024-01-10 19:30:00+00:00,115.79499816894531,116.16000366210938,115.65499877929688,115.875,113598
2024-01-10 20:30:00+00:00,115.83000183105469,115.91000366210938,115.66500091552734,115.77999877929688,190480
2024-01-11 14:30:00+00:00,112.6500015258789,115.29000091552734,111.4800033569336,115.0,248559
2024-01-11 15:30:00+00:00,112.47000122070312,113.05000305175781,112.11750030517578,112.67500305175781,176360
2024-01-11 16:30:00+00:00,112.58499908447266,112.94000244140625,112.45999908447266,112.4800033569336,154018
2024-01-11 17:30:00+00:00,112.61499786376953,112.88999938964844,112.3499984741211,112.62000274658203,151964
2024-01-11 18:30:00+00:00,113.2699966430664,113.31999969482422,112.41999816894531,112.61499786376953,151547
2024-01-11 19:30:00+00:00,113.05000305175781,113.45999908447266,112.94999694824219,113.26000213623047,169331
2024-01-11 20:30:00+00:00,112.91000366210938,113.13999938964844,112.70999908447266,113.08999633789062,295417
2024-01-12 14:30:00+00:00,113.53500366210938,114.41999816894531,113.1500015258789,113.94000244140625,178047
2024-01-12 15:30:00+00:00,113.21749877929688,113.58000183105469,113.05999755859375,113.54499816894531,255074
2024-01-12 16:30:00+00:00,113.04000091552734,113.33000183105469,112.86000061035156,113.21749877929688,100189
2024-01-12 17:30:00+00:00,113.20500183105469,113.2699966430664,112.91999816894531,113.02999877929688,84459
2024-01-12 18:30:00+00:00,113.21499633789062,113.30999755859375,112.94999694824219,113.19499969482422,114691
2024-01-12 19:30:00+00:00,112.86000061035156,113.25499725341797,112.77999877929688,113.2300033569336,134841
2024-01-12 20:30:00+00:00,112.88999938964844,113.19999694824219,112.73999786376953,112.87000274658203,253618
2024-01-16 14:30:00+00:00,112.5999984741211,112.83499908447266,111.5250015258789,112.37000274658203,201259
2024-01-16 15:30:00+00:00,112.23999786376953,112.69499969482422,112.05000305175781,112.62999725341797,145572
2024-01-16 16:30:00+00:00,111.91000366210938,112.46499633789062,111.6500015258789,112.26000213623047,81895
2024-01-16 17:30:00+00:00,112.0199966430664,112.13999938964844,111.79499816894531,111.87999725341797,58147
2024-01-16 18:30:00+00:00,111.66000366210938,112.12999725341797,111.45999908447266,112.06999969482422,67197
2024-01-16 19:30:00+00:00,111.94999694824219,111.95999908447266,111.30000305175781,111.66999816894531,146301
2024-01-16 20:30:00+00:00,111.80000305175781,112.04000091552734,111.63999938964844,111.94000244140625,301056
2024-01-17 14:30:00+00:00,111.30000305175781,111.63999938964844,109.44000244140625,111.2300033569336,201640
2024-01-17 15:30:00+00:00,111.58000183105469,111.83000183105469,111.06999969482422,111.3499984741211,135342
2024-01-17 16:30:00+00:00,111.23999786376953,111.58999633789062,111.16000366210938,111.58999633789062,121947
2024-01-17 17:30:00+00:00,110.8499984741211,111.7750015258789,110.69000244140625,111.26000213623047,183170
2024-01-17 18:30:00+00:00,111.40499877929688,111.46440124511719,110.75,110.9000015258789,90091
2024-01-17 19:30:00+00:00,111.02999877929688,111.52999877929688,110.93000030517578,111.41999816894531,120506
2024-01-17 20:30:00+00:00,111.9000015258789,112.0,111.02999877929688,111.05999755859375,320243
2024-01-18 14:30:00+00:00,111.26000213623047,111.7300033569336,111.06999969482422,111.37000274658203,199992
2024-01-18 15:30:00+00:00,111.72000122070312,111.72000122070312,111.12999725341797,111.20999908447266,166391
2024-01-18 16:30:00+00:00,110.93000030517578,111.9000015258789,110.63500213623047,111.76499938964844,150990
2024-01-18 17:30:00+00:00,110.63999938964844,110.9800033569336,110.25,110.9000015258789,155232
2024-01-18 18:30:00+00:00,110.83000183105469,111.08000183105469,110.54499816894531,110.62000274658203,83729
2024-01-18 19:30:00+00:00,111.42500305175781,111.62999725341797,110.76000213623047,110.93000030517578,150101
2024-01-18 20:30:00+00:00,111.45999908447266,111.66999816894531,111.31500244140625,111.43000030517578,149921
2024-01-19 14:30:00+00:00,112.38999938964844,112.71499633789062,111.44999694824219,111.44999694824219,284403
2024-01-19 15:30:00+00:00,112.5510025024414,112.77999877929688,112.33000183105469,112.4800033569336,105907
2024-01-19 16:30:00+00:00,112.58999633789062,112.69499969482422,112.36499786376953,112.5,76346
2024-01-19 17:30:00+00:00,113.36499786376953,113.36499786376953,112.45999908447266,112.55699920654297,89628
2024-01-19 18:30:00+00:00,113.47000122070312,113.68000030517578,113.30000305175781,113.38999938964844,109423
2024-01-19 19:30:00+00:00,113.94999694824219,114.02999877929688,113.25,113.56999969482422,161434
2024-01-19 20:30:00+00:00,114.45999908447266,114.61000061035156,113.86499786376953,113.94999694824219,446725
2024-01-22 14:30:00+00:00,115.48999786376953,115.83000183105469,114.33000183105469,114.45999908447266,183305
2024-01-22 15:30:00+00:00,115.76000213623047,116.06999969482422,115.29000091552734,115.47000122070312,240775
2024-01-22 16:30:00+00:00,115.99500274658203,116.25499725341797,115.61000061035156,115.7699966430664,122638
2024-01-22 17:30:00+00:00,115.76000213623047,116.04000091552734,115.6449966430664,116.0199966430664,192426
2024-01-22 18:30:00+00:00,116.16999816894531,116.20999908447266,115.75,115.75,135238
2024-01-22 19:30:00+00:00,116.79499816894531,116.80999755859375,116.05000305175781,116.16000366210938,230544
2024-01-22 20:30:00+00:00,117.23999786376953,117.375,116.80000305175781,116.80999755859375,398480
2024-01-23 14:30:00+00:00,119.83000183105469,119.93000030517578,117.16000366210938,117.7300033569336,262864
2024-01-23 15:30:00+00:00,120.08000183105469,120.38999938964844,119.63999938964844,119.87000274658203,214561
2024-01-23 16:30:00+00:00,119.29499816894531,120.55999755859375,119.29000091552734,120.12000274658203,180082
2024-01-23 17:30:00+00:00,120.2699966430664,120.37999725341797,119.3499984741211,119.36000061035156,148390
2024-01-23 18:30:00+00:00,119.69999694824219,120.2750015258789,119.5199966430664,120.2750015258789,136137
2024-01-23 19:30:00+00:00,118.67900085449219,120.0999984741211,118.5999984741211,119.81500244140625,181434
2024-01-23 20:30:00+00:00,118.6500015258789,118.875,118.33999633789062,118.62999725341797,464537
2024-01-24 14:30:00+00:00,117.4000015258789,119.5199966430664,117.05500030517578,119.13999938964844,120447
2024-01-24 15:30:00+00:00,116.90499877929688,117.7699966430664,116.74500274658203,117.44999694824219,140324
2024-01-24 16:30:00+00:00,116.32499694824219,116.93000030517578,116.26000213623047,116.90499877929688,117854
2024-01-24 17:30:00+00:00,116.43000030517578,116.52999877929688,115.82499694824219,116.32499694824219,116802
2024-01-24 18:30:00+00:00,116.4800033569336,116.58999633789062,116.19000244140625,116.4000015258789,82401
2024-01-24 19:30:00+00:00,115.7249984741211,116.6050033569336,115.60140228271484,116.51000213623047,191559
2024-01-24 20:30:00+00:00,115.66999816894531,115.94000244140625,115.33999633789062,115.75,256935
2024-01-25 14:30:00+00:00,118.33000183105469,119.01000213623047,117.04000091552734,117.9000015258789,161672
2024-01-25 15:30:00+00:00,118.37999725341797,118.44000244140625,117.61499786376953,118.26000213623047,82424
2024-01-25 16:30:00+00:00,118.71219635009766,119.0,118.41000366210938,118.41999816894531,92530
2024-01-25 17:30:00+00:00,119.36000061035156,119.54000091552734,118.7699966430664,118.7699966430664,105650
2024-01-25 18:30:00+00:00,120.22000122070312,120.26000213623047,119.22000122070312,119.37000274658203,93400
2024-01-25 19:30:00+00:00,119.94999694824219,120.44000244140625,119.83999633789062,120.19000244140625,126319
2024-01-25 20:30:00+00:00,120.58000183105469,120.58999633789062,119.80999755859375,119.93000030517578,275997
2024-01-26 14:30:00+00:00,121.19499969482422,121.41999816894531,120.06999969482422,120.06999969482422,209313
2024-01-26 15:30:00+00:00,122.37000274658203,122.41000366210938,121.02999877929688,121.17500305175781,180413
2024-01-26 16:30:00+00:00,121.31999969482422,122.37000274658203,121.16000366210938,122.31999969482422,128666
2024-01-26 17:30:00+00:00,121.1500015258789,121.27999877929688,120.80139923095703,121.2699966430664,84671
2024-01-26 18:30:00+00:00,121.33999633789062,121.4800033569336,121.1500015258789,121.22000122070312,62297
2024-01-26 19:30:00+00:00,121.62000274658203,121.6500015258789,121.00499725341797,121.38999938964844,135907
2024-01-26 20:30:00+00:00,121.2300033569336,121.69999694824219,121.19999694824219,121.68000030517578,248006
2024-01-29 14:30:00+00:00,120.05000305175781,121.38500213623047,120.00499725341797,121.08999633789062,153620
2024-01-29 15:30:00+00:00,121.0,121.05000305175781,120.05000305175781,120.0999984741211,168023
2024-01-29 16:30:00+00:00,121.61399841308594,121.63500213623047,120.88999938964844,121.05999755859375,91319
2024-01-29 17:30:00+00:00,121.30999755859375,121.74199676513672,121.28250122070312,121.58999633789062,97055
2024-01-29 18:30:00+00:00,121.16999816894531,121.5999984741211,121.16999816894531,121.31999969482422,146590
2024-01-29 19:30:00+00:00,121.05999755859375,121.33999633789062,120.81999969482422,121.2300033569336,307754
2024-01-29 20:30:00+00:00,121.01000213623047,121.12999725341797,120.7300033569336,121.06999969482422,351084
2024-01-30 14:30:00+00:00,121.61000061035156,121.80999755859375,120.69999694824219,121.33000183105469,263134
2024-01-30 15:30:00+00:00,121.9800033569336,122.30999755859375,121.45999908447266,121.55000305175781,101585
2024-01-30 16:30:00+00:00,121.83999633789062,122.1449966430664,121.66999816894531,122.01499938964844,91263
2024-01-30 17:30:00+00:00,121.5999984741211,121.8949966430664,121.37999725341797,121.79000091552734,79418
2024-01-30 18:30:00+00:00,122.05500030517578,122.25,121.44000244140625,121.6050033569336,115247
2024-01-30 19:30:00+00:00,121.75,122.05000305175781,121.66999816894531,122.05000305175781,146771
2024-01-30 20:30:00+00:00,121.87000274658203,121.98500061035156,121.48999786376953,121.75,227546
2024-01-31 14:30:00+00:00,123.6449966430664,124.18000030517578,122.33000183105469,122.77999877929688,330861
2024-01-31 15:30:00+00:00,122.72000122070312,123.6500015258789,122.62999725341797,123.5999984741211,142086
2024-01-31 16:30:00+00:00,122.5999984741211,122.69000244140625,122.3499984741211,122.64969635009766,59197
2024-01-31 17:30:00+00:00,121.91999816894531,122.56999969482422,121.8499984741211,122.56999969482422,113117
2024-01-31 18:30:00+00:00,122.11000061035156,122.66000366210938,121.87999725341797,121.9375,119397
2024-01-31 19:30:00+00:00,121.9000015258789,123.0,121.36499786376953,122.02999877929688,287406
2024-01-31 20:30:00+00:00,122.0,122.36000061035156,121.55000305175781,121.87000274658203,212425
2024-02-01 14:30:00+00:00,122.91999816894531,123.04000091552734,122.0,122.0,165954
2024-02-01 15:30:00+00:00,122.78500366210938,123.16999816894531,122.44999694824219,122.88999938964844,132192
2024-02-01 16:30:00+00:00,123.44999694824219,123.9000015258789,122.76010131835938,122.83999633789062,95937
2024-02-01 17:30:00+00:00,124.69000244140625,124.69000244140625,123.27749633789062,123.43000030517578,82493
2024-02-01 18:30:00+00:00,126.11000061035156,126.13999938964844,124.69920349121094,124.7699966430664,180291
2024-02-01 19:30:00+00:00,126.37999725341797,126.61000061035156,125.94999694824219,126.12999725341797,330794
2024-02-01 20:30:00+00:00,127.6500015258789,127.69999694824219,126.2699966430664,126.37000274658203,561427
2024-02-02 14:30:00+00:00,130.1699981689453,130.25,126.43000030517578,127.01000213623047,691289
2024-02-02 15:30:00+00:00,131.61000061035156,132.3699951171875,129.74000549316406,130.1699981689453,883721
2024-02-02 16:30:00+00:00,132.58999633789062,132.64999389648438,131.1300048828125,131.61000061035156,488100
2024-02-02 17:30:00+00:00,131.0605926513672,133.07000732421875,130.64999389648438,132.60000610351562,336232
2024-02-02 18:30:00+00:00,130.88499450683594,131.22000122070312,130.1699981689453,131.10000610351562,249157
2024-02-02 19:30:00+00:00,130.67999267578125,131.49000549316406,129.72000122070312,130.85000610351562,320837
2024-02-02 20:30:00+00:00,129.75,130.8000030517578,129.7100067138672,130.64999389648438,427717
2024-02-05 14:30:00+00:00,127.77999877929688,128.4199981689453,125.8499984741211,127.9000015258789,185407
2024-02-05 15:30:00+00:00,127.58000183105469,127.84500122070312,126.69000244140625,127.73999786376953,197693
2024-02-05 16:30:00+00:00,127.11000061035156,127.95999908447266,127.06999969482422,127.58000183105469,187660
2024-02-05 17:30:00+00:00,127.1500015258789,127.81999969482422,127.0999984741211,127.16809844970703,211079
2024-02-05 18:30:00+00:00,127.19000244140625,127.2699966430664,126.94000244140625,127.1500015258789,116200
2024-02-05 19:30:00+00:00,127.86499786376953,127.91500091552734,127.12999725341797,127.19999694824219,138428
2024-02-05 20:30:00+00:00,127.01000213623047,128.2550048828125,126.94999694824219,127.87000274658203,306525
2024-02-06 14:30:00+00:00,128.7899932861328,129.11500549316406,127.19000244140625,127.76000213623047,114227
2024-02-06 15:30:00+00:00,129.5,129.88429260253906,128.83999633789062,128.88999938964844,160794
2024-02-06 16:30:00+00:00,129.77999877929688,129.8000030517578,128.86500549316406,129.5500030517578,112148
2024-02-06 17:30:00+00:00,130.06500244140625,130.1999969482422,129.77999877929688,129.86000061035156,80278
2024-02-06 18:30:00+00:00,130.88499450683594,130.88999938964844,130.0500030517578,130.06500244140625,104565
2024-02-06 19:30:00+00:00,131.17999267578125,131.47500610351562,130.5500030517578,130.83999633789062,328504
2024-02-06 20:30:00+00:00,130.99000549316406,131.4949951171875,130.3300018310547,131.14999389648438,500474
2024-02-07 14:30:00+00:00,132.86000061035156,133.0,130.80999755859375,131.9600067138672,283052
2024-02-07 15:30:00+00:00,132.47000122070312,133.5,132.39999389648438,132.8800048828125,240391
2024-02-07 16:30:00+00:00,132.60000610351562,133.17999267578125,132.42999267578125,132.42999267578125,107898
2024-02-07 17:30:00+00:00,133.11000061035156,133.2050018310547,132.52499389648438,132.52499389648438,99904
2024-02-07 18:30:00+00:00,133.14999389648438,133.8000030517578,132.99000549316406,133.125,154059
2024-02-07 19:30:00+00:00,133.10499572753906,133.33999633789062,132.6699981689453,133.1199951171875,241677
2024-02-07 20:30:00+00:00,132.52000427246094,133.13999938964844,132.47999572753906,133.08999633789062,350881
2024-02-08 14:30:00+00:00,132.44000244140625,133.97000122070312,132.03500366210938,132.5500030517578,259016
2024-02-08 15:30:00+00:00,132.39999389648438,132.91000366210938,132.35000610351562,132.4499969482422,109671
2024-02-08 16:30:00+00:00,131.47000122070312,132.61000061035156,131.47000122070312,132.3209991455078,129598
2024-02-08 17:30:00+00:00,131.25999450683594,131.6199951171875,130.80999755859375,131.47000122070312,140143
2024-02-08 18:30:00+00:00,130.8000030517578,131.30999755859375,130.17999267578125,131.27000427246094,96126
2024-02-08 19:30:00+00:00,130.3699951171875,130.9499969482422,130.22000122070312,130.7899932861328,97625
2024-02-08 20:30:00+00:00,130.6999969482422,130.86000061035156,130.1699981689453,130.3699951171875,185639
2024-02-09 14:30:00+00:00,131.34500122070312,131.58999633789062,130.0,130.02000427246094,149612
2024-02-09 15:30:00+00:00,131.64999389648438,131.8699951171875,131.1199951171875,131.3699951171875,120949
2024-02-09 16:30:00+00:00,131.92999267578125,131.9499969482422,131.3800048828125,131.6199951171875,85961
2024-02-09 17:30:00+00:00,132.33200073242188,132.33999633789062,131.8000030517578,131.8800048828125,98041
2024-02-09 18:30:00+00:00,132.22000122070312,132.3350067138672,131.74000549316406,132.32000732421875,74502
2024-02-09 19:30:00+00:00,132.35000610351562,132.44000244140625,132.16000366210938,132.21499633789062,118637
2024-02-09 20:30:00+00:00,132.16000366210938,132.50999450683594,132.1199951171875,132.3699951171875,176317
2024-02-12 14:30:00+00:00,129.63999938964844,132.19000244140625,129.55999755859375,131.82000732421875,136302
2024-02-12 15:30:00+00:00,129.05999755859375,129.64500427246094,129.00999450683594,129.64500427246094,117096
2024-02-12 16:30:00+00:00,129.19500732421875,130.10000610351562,129.0749969482422,129.1199951171875,112225
2024-02-12 17:30:00+00:00,128.3300018310547,129.22999572753906,128.2100067138672,129.22999572753906,96568
2024-02-12 18:30:00+00:00,128.42999267578125,128.67999267578125,127.95999908447266,128.33999633789062,139090
2024-02-12 19:30:00+00:00,128.14999389648438,128.625,128.13499450683594,128.38999938964844,128926
2024-02-12 20:30:00+00:00,128.52000427246094,128.58999633789062,128.0399932861328,128.1699981689453,243889
2024-02-13 14:30:00+00:00,127.13999938964844,128.02499389648438,126.91999816894531,127.91000366210938,178044
2024-02-13 15:30:00+00:00,127.77999877929688,127.87999725341797,126.7300033569336,127.13999938964844,165837
2024-02-13 16:30:00+00:00,128.7100067138672,128.80999755859375,127.75,127.80000305175781,85038
2024-02-13 17:30:00+00:00,128.07000732421875,128.8000030517578,128.02000427246094,128.69000244140625,84173
2024-02-13 18:30:00+00:00,127.3499984741211,128.00999450683594,127.19000244140625,128.00999450683594,86335
2024-02-13 19:30:00+00:00,127.30999755859375,127.48999786376953,126.94000244140625,127.30000305175781,152856
2024-02-13 20:30:00+00:00,127.97000122070312,127.97000122070312,127.22000122070312,127.31999969482422,307033
2024-02-14 14:30:00+00:00,128.2899932861328,129.16000366210938,127.95999908447266,128.3000030517578,112859
2024-02-14 15:30:00+00:00,128.4499969482422,128.59500122070312,127.69000244140625,128.3000030517578,136953
2024-02-14 16:30:00+00:00,128.9199981689453,128.9199981689453,128.14999389648438,128.47999572753906,100433
2024-02-14 17:30:00+00:00,129.32000732421875,129.42999267578125,128.81199645996094,128.9199981689453,60403
2024-02-14 18:30:00+00:00,129.33999633789062,129.43499755859375,129.02999877929688,129.30999755859375,124823
2024-02-14 19:30:00+00:00,129.0800018310547,129.42999267578125,129.02000427246094,129.33999633789062,155323
2024-02-14 20:30:00+00:00,128.63999938964844,129.09500122070312,128.60000610351562,129.08999633789062,318394
2024-02-15 14:30:00+00:00,129.47999572753906,130.125,128.8300018310547,129.9199981689453,139869
2024-02-15 15:30:00+00:00,129.71499633789062,129.83999633789062,128.8800048828125,129.47500610351562,130482
2024-02-15 16:30:00+00:00,130.21499633789062,130.3300018310547,129.6199951171875,129.7100067138672,120147
2024-02-15 17:30:00+00:00,130.75,130.91000366210938,130.13999938964844,130.2100067138672,64286
2024-02-15 18:30:00+00:00,131.02000427246094,131.06500244140625,130.4759979248047,130.7899932861328,96486
2024-02-15 19:30:00+00:00,130.99000549316406,131.1199951171875,130.75999450683594,131.02999877929688,158680
2024-02-15 20:30:00+00:00,131.5500030517578,131.6199951171875,130.91000366210938,130.98500061035156,362079
2024-02-16 14:30:00+00:00,131.52000427246094,131.78500366210938,130.49000549316406,131.25999450683594,169570
2024-02-16 15:30:00+00:00,132.2100067138672,132.2100067138672,131.2899932861328,131.52999877929688,162347
2024-02-16 16:30:00+00:00,132.14999389648438,132.2949981689453,131.93099975585938,132.14999389648438,83640
2024-02-16 17:30:00+00:00,131.77999877929688,132.66000366210938,131.77999877929688,132.14999389648438,94943
2024-02-16 18:30:00+00:00,132.32000732421875,132.35000610351562,131.72999572753906,131.74000549316406,117316
2024-02-16 19:30:00+00:00,131.6199951171875,132.35000610351562,131.4600067138672,132.2899932861328,156807
2024-02-16 20:30:00+00:00,131.1699981689453,131.69000244140625,131.02000427246094,131.66000366210938,254623
2024-02-20 14:30:00+00:00,130.6199951171875,131.32000732421875,129.38999938964844,131.0,110963
2024-02-20 15:30:00+00:00,131.02000427246094,131.1999969482422,130.47999572753906,130.71499633789062,155332
2024-02-20 16:30:00+00:00,131.02000427246094,131.1199951171875,130.4499969482422,131.0,191574
2024-02-20 17:30:00+00:00,131.0749969482422,131.3300018310547,130.74000549316406,131.0,146689
2024-02-20 18:30:00+00:00,131.3000030517578,131.33999633789062,130.85000610351562,131.02999877929688,94922
2024-02-20 19:30:00+00:00,131.69000244140625,131.75999450683594,131.22000122070312,131.2899932861328,166352
2024-02-20 20:30:00+00:00,131.8000030517578,132.05999755859375,131.4199981689453,131.6999969482422,377841
2024-02-21 14:30:00+00:00,131.75999450683594,132.58120727539062,131.1300048828125,132.2899932861328,100508
2024-02-21 15:30:00+00:00,130.97000122070312,131.94000244140625,130.85499572753906,131.77000427246094,95912
2024-02-21 16:30:00+00:00,131.61000061035156,131.69000244140625,130.74749755859375,130.9199981689453,85779
2024-02-21 17:30:00+00:00,131.35000610351562,131.77000427246094,131.1699981689453,131.6199951171875,84699
2024-02-21 18:30:00+00:00,131.1300048828125,131.46499633789062,130.97999572753906,131.4199981689453,73297
2024-02-21 19:30:00+00:00,130.50999450683594,131.14999389648438,130.13999938964844,131.14999389648438,103745
2024-02-21 20:30:00+00:00,131.41000366210938,131.44000244140625,130.53500366210938,130.5500030517578,184000
2024-02-22 14:30:00+00:00,132.30999755859375,132.72000122070312,131.64999389648438,132.39999389648438,216154
2024-02-22 15:30:00+00:00,132.2949981689453,132.54100036621094,132.14500427246094,132.34500122070312,115541
2024-02-22 16:30:00+00:00,133.02999877929688,133.1300048828125,132.30999755859375,132.3300018310547,119302
2024-02-22 17:30:00+00:00,133.52000427246094,133.52000427246094,132.96640014648438,133.02999877929688,149312
2024-02-22 18:30:00+00:00,133.74000549316406,134.05999755859375,133.34500122070312,133.55999755859375,124906
2024-02-22 19:30:00+00:00,133.4199981689453,133.75,133.38999938964844,133.75,175888
2024-02-22 20:30:00+00:00,133.35000610351562,133.6300048828125,133.25,133.4199981689453,306057
2024-02-23 14:30:00+00:00,132.0399932861328,133.82000732421875,131.77999877929688,133.49000549316406,186721
2024-02-23 15:30:00+00:00,131.82000732421875,132.05999755859375,131.35000610351562,132.0,184357
2024-02-23 16:30:00+00:00,132.3300018310547,132.3300018310547,131.7050018310547,131.82000732421875,125066
2024-02-23 17:30:00+00:00,132.8300018310547,132.83999633789062,132.03700256347656,132.3000030517578,119236
2024-02-23 18:30:00+00:00,132.94000244140625,133.16000366210938,132.72999572753906,132.78500366210938,141003
2024-02-23 19:30:00+00:00,132.93499755859375,133.44000244140625,132.67349243164062,132.9600067138672,382081
2024-02-23 20:30:00+00:00,134.0,134.14999389648438,132.9600067138672,132.9600067138672,577547
2024-02-26 14:30:00+00:00,133.94000244140625,135.1999053955078,133.69000244140625,134.67999267578125,269869
2024-02-26 15:30:00+00:00,134.55999755859375,134.74000549316406,133.88999938964844,133.90499877929688,167437
2024-02-26 16:30:00+00:00,134.55999755859375,134.77999877929688,133.6199951171875,134.5749969482422,216870
2024-02-26 17:30:00+00:00,134.30999755859375,134.6300048828125,133.9600067138672,134.53500366210938,99589
2024-02-26 18:30:00+00:00,134.02499389648438,134.33999633789062,133.8300018310547,134.30999755859375,114294
2024-02-26 19:30:00+00:00,134.0850067138672,134.30999755859375,133.72999572753906,134.05999755859375,111131
2024-02-26 20:30:00+00:00,133.17999267578125,134.1699981689453,132.92999267578125,134.07000732421875,251299
2024-02-27 14:30:00+00:00,146.80999755859375,147.30999755859375,135.0,135.0,933814
2024-02-27 15:30:00+00:00,150.02499389648438,153.25999450683594,146.7899932861328,146.89999389648438,809753
2024-02-27 16:30:00+00:00,150.9550018310547,151.10000610351562,148.9949951171875,150.1199951171875,543109
2024-02-27 17:30:00+00:00,151.06500244140625,151.9499053955078,149.8699951171875,150.9550018310547,412234
2024-02-27 18:30:00+00:00,152.41000366210938,152.5500030517578,150.51100158691406,150.99000549316406,394134
2024-02-27 19:30:00+00:00,154.65499877929688,155.67999267578125,152.19000244140625,152.3699951171875,533758
2024-02-27 20:30:00+00:00,155.7100067138672,156.6699981689453,154.0500030517578,154.60000610351562,847269
2024-02-28 14:30:00+00:00,158.76499938964844,161.36000061035156,156.5,158.47999572753906,1007250
2024-02-28 15:30:00+00:00,161.2100067138672,161.77999877929688,158.32000732421875,158.7899932861328,878751
2024-02-28 16:30:00+00:00,163.80499267578125,163.85499572753906,161.10000610351562,161.38999938964844,596295
2024-02-28 17:30:00+00:00,166.5666961669922,166.67999267578125,163.1800994873047,163.77000427246094,868979
2024-02-28 18:30:00+00:00,167.97000122070312,168.3083953857422,166.44000244140625,166.5800018310547,861864
2024-02-28 19:30:00+00:00,169.07000732421875,169.44000244140625,167.00999450683594,167.85000610351562,856814
2024-02-28 20:30:00+00:00,170.9199981689453,170.97999572753906,168.72999572753906,169.0399932861328,1320434
2024-02-29 14:30:00+00:00,165.72540283203125,171.3000030517578,164.52999877929688,170.5,896038
2024-02-29 15:30:00+00:00,164.90499877929688,166.8560028076172,164.07000732421875,165.66000366210938,491304
2024-02-29 16:30:00+00:00,163.7899932861328,165.0500030517578,163.3699951171875,164.875,377078
2024-02-29 17:30:00+00:00,166.1699981689453,166.3800048828125,163.4600067138672,163.72000122070312,314916
2024-02-29 18:30:00+00:00,167.43499755859375,167.43499755859375,165.47000122070312,166.22000122070312,318514
2024-02-29 19:30:00+00:00,168.6199951171875,168.86000061035156,167.14999389648438,167.39999389648438,348987
2024-02-29 20:30:00+00:00,168.44000244140625,169.11000061035156,167.61000061035156,168.69000244140625,555311
2024-03-01 14:30:00+00:00,165.60499572753906,170.30999755859375,165.1999969482422,168.2100067138672,388079
2024-03-01 15:30:00+00:00,165.75999450683594,166.35000610351562,165.17999267578125,165.61000061035156,643059
2024-03-01 16:30:00+00:00,167.63999938964844,168.83999633789062,165.3699951171875,165.6999969482422,493458
2024-03-01 17:30:00+00:00,167.89999389648438,168.6300048828125,167.5500030517578,167.6300048828125,428642
2024-03-01 18:30:00+00:00,167.8800048828125,168.13999938964844,166.97999572753906,167.9600067138672,550726
2024-03-01 19:30:00+00:00,168.84500122070312,169.0399932861328,167.8699951171875,167.8699951171875,453910
2024-03-01 20:30:00+00:00,169.99899291992188,170.27000427246094,168.42999267578125,168.85000610351562,757902
2024-03-04 14:30:00+00:00,172.66000366210938,173.6750030517578,169.6199951171875,173.64999389648438,797585
2024-03-04 15:30:00+00:00,173.83999633789062,174.2449951171875,172.3800048828125,172.7899932861328,83947
2024-03-04 16:30:00+00:00,174.7100067138672,174.89999389648438,173.7100067138672,173.85000610351562,242661
2024-03-04 17:30:00+00:00,175.85000610351562,176.02499389648438,174.66000366210938,174.7100067138672,251621
2024-03-04 18:30:00+00:00,174.97500610351562,175.99000549316406,174.63999938964844,175.80499267578125,298782
2024-03-04 19:30:00+00:00,176.60000610351562,177.03500366210938,174.0,175.02999877929688,441284
2024-03-04 20:30:00+00:00,176.00999450683594,176.7050018310547,175.77000427246094,176.61000061035156,1175889
2024-03-05 14:30:00+00:00,184.4499969482422,184.80999755859375,177.92689514160156,178.125,910554
2024-03-05 15:30:00+00:00,180.77999877929688,185.5800018310547,180.48500061035156,184.4499969482422,608457
2024-03-05 16:30:00+00:00,176.5500030517578,179.8699951171875,176.5500030517578,179.7949981689453,0
2024-03-05 17:30:00+00:00,178.25999450683594,178.66000366210938,175.75,176.5,212605
2024-03-05 18:30:00+00:00,177.3780975341797,178.22500610351562,176.7100067138672,178.1699981689453,163920
2024-03-05 19:30:00+00:00,175.6300048828125,177.48500061035156,175.58999633789062,177.30999755859375,193699
2024-03-05 20:30:00+00:00,176.77000427246094,177.13999938964844,175.4199981689453,175.69900512695312,1763555
2024-03-06 14:30:00+00:00,178.5399932861328,179.3350067138672,175.00999450683594,176.11000061035156,479154
2024-03-06 15:30:00+00:00,178.61000061035156,180.2949981689453,178.1501007080078,178.63999938964844,67829
2024-03-06 16:30:00+00:00,180.0749969482422,180.63999938964844,178.1116943359375,178.5449981689453,175943
2024-03-06 17:30:00+00:00,180.69000244140625,180.7899932861328,179.5050048828125,180.07000732421875,178521
2024-03-06 18:30:00+00:00,180.14500427246094,180.74000549316406,179.39010620117188,180.72999572753906,77387
2024-03-06 19:30:00+00:00,180.00999450683594,180.22500610351562,179.40939331054688,180.125,87822
2024-03-06 20:30:00+00:00,180.0,180.35000610351562,179.1999969482422,180.0050048828125,728944
2024-03-07 14:30:00+00:00,179.2899932861328,182.0500030517578,176.2100067138672,181.75,380635
2024-03-07 15:30:00+00:00,178.44900512695312,179.24000549316406,178.2899932861328,179.14999389648438,131316
2024-03-07 16:30:00+00:00,178.77999877929688,179.6300048828125,178.07000732421875,178.3800048828125,144948
2024-03-07 17:30:00+00:00,179.0,179.50999450683594,178.58999633789062,178.70199584960938,151092
2024-03-07 18:30:00+00:00,180.78500366210938,180.94000244140625,179.2100067138672,179.2100067138672,123699
2024-03-07 19:30:00+00:00,179.85000610351562,181.11000061035156,179.39999389648438,180.7971954345703,252952
2024-03-07 20:30:00+00:00,179.5800018310547,179.89999389648438,179.1699981689453,179.88999938964844,215877
2024-03-08 14:30:00+00:00,174.5500030517578,178.7324981689453,172.4499969482422,178.42999267578125,646585
2024-03-08 15:30:00+00:00,170.2274932861328,175.27000427246094,170.10000610351562,174.74000549316406,636018
2024-03-08 16:30:00+00:00,170.94000244140625,172.50999450683594,170.0399932861328,170.27000427246094,287449
2024-03-08 17:30:00+00:00,169.30499267578125,171.6024932861328,169.2899932861328,170.97999572753906,252861
2024-03-08 18:30:00+00:00,170.08999633789062,170.54989624023438,168.4600067138672,169.37840270996094,261313
2024-03-08 19:30:00+00:00,169.85000610351562,171.10000610351562,169.75,170.0500030517578,287239
2024-03-08 20:30:00+00:00,170.5800018310547,171.0500030517578,169.74000549316406,169.74000549316406,482217
2024-03-11 13:30:00+00:00,167.60000610351562,170.9499969482422,166.39999389648438,170.9499969482422,531900
2024-03-11 14:30:00+00:00,167.36000061035156,169.07000732421875,167.00999450683594,167.6750030517578,365628
2024-03-11 15:30:00+00:00,168.03500366210938,168.7899932861328,166.77999877929688,167.27499389648438,310461
2024-03-11 16:30:00+00:00,168.32569885253906,168.50999450683594,167.82000732421875,168.16000366210938,213143
2024-03-11 17:30:00+00:00,167.89999389648438,168.50990295410156,167.63499450683594,168.22999572753906,197140
2024-03-11 18:30:00+00:00,167.72000122070312,168.2899932861328,167.58999633789062,167.9550018310547,253384
2024-03-11 19:30:00+00:00,167.91000366210938,168.02000427246094,167.33999633789062,167.67999267578125,291098
2024-03-12 13:30:00+00:00,165.11000061035156,167.80999755859375,164.1999969482422,166.57000732421875,370550
2024-03-12 14:30:00+00:00,166.09500122070312,166.17999267578125,164.3699951171875,165.1300048828125,423934
2024-03-12 15:30:00+00:00,165.10000610351562,167.03500366210938,165.0,166.09500122070312,361611
2024-03-12 16:30:00+00:00,164.88900756835938,165.522705078125,164.80999755859375,165.0399932861328,164658
2024-03-12 17:30:00+00:00,166.30999755859375,166.72999572753906,164.6199951171875,164.88999938964844,207688
2024-03-12 18:30:00+00:00,168.13499450683594,168.13499450683594,165.72000122070312,166.27999877929688,222191
2024-03-12 19:30:00+00:00,168.36000061035156,169.05999755859375,167.9600067138672,168.13999938964844,367917
2024-03-13 13:30:00+00:00,166.9010009765625,171.30999755859375,166.44000244140625,171.24000549316406,252518
2024-03-13 14:30:00+00:00,167.74000549316406,168.65499877929688,166.89999389648438,167.0,160648
2024-03-13 15:30:00+00:00,167.5500030517578,168.32000732421875,167.52099609375,167.52099609375,106250
2024-03-13 16:30:00+00:00,167.63999938964844,168.24000549316406,166.9499969482422,167.5500030517578,111058
2024-03-13 17:30:00+00:00,168.80999755859375,168.94000244140625,167.22999572753906,167.7100067138672,118368
2024-03-13 18:30:00+00:00,167.6699981689453,168.97999572753906,167.47000122070312,168.84500122070312,137029
2024-03-13 19:30:00+00:00,167.8800048828125,168.02999877929688,167.47999572753906,167.6300048828125,262490
2024-03-14 13:30:00+00:00,165.6199951171875,168.38999938964844,165.08999633789062,167.85000610351562,304724
2024-03-14 14:30:00+00:00,164.19000244140625,165.8000030517578,163.7100067138672,165.7100067138672,229798
2024-03-14 15:30:00+00:00,165.61000061035156,166.13999938964844,164.1300048828125,164.19000244140625,192821
2024-03-14 16:30:00+00:00,164.7899932861328,166.1300048828125,164.69000244140625,165.57000732421875,168133
2024-03-14 17:30:00+00:00,165.47000122070312,165.8800048828125,163.86000061035156,164.69000244140625,331267
2024-03-14 18:30:00+00:00,163.7100067138672,165.55999755859375,163.55999755859375,165.41000366210938,250415
2024-03-14 19:30:00+00:00,164.7100067138672,164.80999755859375,163.27000427246094,163.7899932861328,670622
2024-03-15 13:30:00+00:00,166.30999755859375,168.35899353027344,162.6699981689453,164.17999267578125,1333569
2024-03-15 14:30:00+00:00,165.5500030517578,167.3000030517578,165.19000244140625,166.3300018310547,133983
2024-03-15 15:30:00+00:00,166.3000030517578,166.3000030517578,165.02999877929688,165.42999267578125,112743
2024-03-15 16:30:00+00:00,166.64999389648438,166.77000427246094,165.94000244140625,166.36000061035156,82771
2024-03-15 17:30:00+00:00,165.89999389648438,167.2949981689453,165.75,166.639892578125,100971
2024-03-15 18:30:00+00:00,165.7899932861328,166.7899932861328,165.61000061035156,165.8699951171875,156372
2024-03-15 19:30:00+00:00,165.52000427246094,165.8000030517578,165.2899932861328,165.74000549316406,218829
2024-03-18 13:30:00+00:00,169.47000122070312,169.82000732421875,166.19000244140625,167.4499969482422,271444
2024-03-18 14:30:00+00:00,169.3699951171875,170.1300048828125,168.74000549316406,169.49000549316406,268782
2024-03-18 15:30:00+00:00,170.41290283203125,170.41290283203125,168.89129638671875,169.28500366210938,174160
2024-03-18 16:30:00+00:00,169.9550018310547,171.0800018310547,169.7100067138672,170.4600067138672,228588
2024-03-18 17:30:00+00:00,169.77999877929688,170.25,168.91000366210938,170.0500030517578,151243
2024-03-18 18:30:00+00:00,169.7239990234375,169.91000366210938,169.1999969482422,169.83999633789062,155262
2024-03-18 19:30:00+00:00,168.69000244140625,169.875,168.6699981689453,169.72999572753906,271424
2024-03-19 13:30:00+00:00,169.7899932861328,170.47999572753906,168.25999450683594,169.0,227346
2024-03-19 14:30:00+00:00,171.75999450683594,171.89999389648438,169.6699981689453,169.6699981689453,136435
2024-03-19 15:30:00+00:00,172.44000244140625,172.72000122070312,171.3699951171875,171.8000030517578,156840
2024-03-19 16:30:00+00:00,172.8699951171875,174.00999450683594,172.3000030517578,172.4600067138672,240405
2024-03-19 17:30:00+00:00,172.38999938964844,172.9199981689453,171.63999938964844,172.8000030517578,159120
2024-03-19 18:30:00+00:00,173.00999450683594,173.1699981689453,172.38999938964844,172.4499969482422,238130
2024-03-19 19:30:00+00:00,172.33999633789062,173.13999938964844,171.49000549316406,172.9600067138672,341968
2024-03-20 13:30:00+00:00,175.19000244140625,175.55999755859375,172.65089416503906,172.9199981689453,276718
2024-03-20 14:30:00+00:00,174.97999572753906,175.94000244140625,174.1199951171875,175.2899932861328,220314
2024-03-20 15:30:00+00:00,175.61000061035156,175.75999450683594,174.7899932861328,175.00999450683594,181863
2024-03-20 16:30:00+00:00,174.85499572753906,175.82000732421875,174.85000610351562,175.59500122070312,106312
2024-03-20 17:30:00+00:00,174.6199951171875,175.8800048828125,174.44000244140625,174.8625030517578,211149
2024-03-20 18:30:00+00:00,176.5399932861328,176.5399932861328,174.3699951171875,174.75,240316
2024-03-20 19:30:00+00:00,175.66000366210938,176.77000427246094,175.08999633789062,176.53500366210938,354425
2024-03-21 13:30:00+00:00,174.63999938964844,177.8000030517578,174.17010498046875,177.4600067138672,326928
2024-03-21 14:30:00+00:00,173.27589416503906,175.7100067138672,173.1999969482422,174.5,404576
2024-03-21 15:30:00+00:00,173.32000732421875,173.5,172.3699951171875,173.27999877929688,267310
2024-03-21 16:30:00+00:00,173.49000549316406,174.1699981689453,172.7100067138672,173.17999267578125,149075
2024-03-21 17:30:00+00:00,173.6199951171875,173.8800048828125,172.9250030517578,173.39999389648438,172312
2024-03-21 18:30:00+00:00,174.1999969482422,174.30999755859375,173.1300048828125,173.71299743652344,131148
2024-03-21 19:30:00+00:00,174.0800018310547,174.9600067138672,174.00999450683594,174.3000030517578,249168
2024-03-22 13:30:00+00:00,176.47000122070312,176.94000244140625,174.21499633789062,174.72999572753906,149075
2024-03-22 14:30:00+00:00,175.35499572753906,176.77090454101562,175.08999633789062,176.4600067138672,147779
2024-03-22 15:30:00+00:00,175.9600067138672,176.0800018310547,174.85000610351562,175.34500122070312,289873
2024-03-22 16:30:00+00:00,177.08999633789062,177.11000061035156,176.05999755859375,176.08999633789062,104549
2024-03-22 17:30:00+00:00,177.55999755859375,178.05999755859375,177.02999877929688,177.09750366210938,132844
2024-03-22 18:30:00+00:00,176.97000122070312,177.64500427246094,176.1999969482422,177.6092071533203,149510
2024-03-22 19:30:00+00:00,178.24000549316406,178.3699951171875,176.8509979248047,176.97000122070312,267620
2024-03-25 13:30:00+00:00,183.27000427246094,183.80999755859375,179.5500030517578,180.0,352905
2024-03-25 14:30:00+00:00,185.80999755859375,185.85000610351562,182.2899932861328,183.3300018310547,420800
2024-03-25 15:30:00+00:00,187.30999755859375,187.35000610351562,185.0399932861328,185.77000427246094,457973
2024-03-25 16:30:00+00:00,187.9199981689453,188.0500030517578,186.6300048828125,187.2100067138672,302040
2024-03-25 17:30:00+00:00,188.4949951171875,188.71499633789062,187.6999969482422,187.8350067138672,239975
2024-03-25 18:30:00+00:00,188.47000122070312,188.94000244140625,187.80999755859375,188.38999938964844,443525
2024-03-25 19:30:00+00:00,187.25999450683594,189.0500030517578,186.94009399414062,188.5449981689453,593205
2024-03-26 13:30:00+00:00,189.02000427246094,198.8300018310547,189.00999450683594,189.70700073242188,1831961
2024-03-26 14:30:00+00:00,186.75,189.4199981689453,185.82000732421875,189.02999877929688,582592
2024-03-26 15:30:00+00:00,186.2899932861328,187.63499450683594,184.5,186.85000610351562,317713
2024-03-26 16:30:00+00:00,187.39999389648438,187.86000061035156,186.0,186.1649932861328,159958
2024-03-26 17:30:00+00:00,187.8699951171875,189.13999938964844,187.0749969482422,187.4199981689453,202842
2024-03-26 18:30:00+00:00,186.88999938964844,188.25999450683594,186.7899932861328,187.86500549316406,218438
2024-03-26 19:30:00+00:00,185.4600067138672,186.86000061035156,185.02000427246094,186.78500366210938,503003
2024-03-27 13:30:00+00:00,185.74000549316406,190.1199951171875,182.33999633789062,188.0800018310547,521363
2024-03-27 14:30:00+00:00,184.58999633789062,186.3300018310547,184.5800018310547,185.8300018310547,290454
2024-03-27 15:30:00+00:00,185.74000549316406,186.1300048828125,184.55999755859375,184.6199951171875,177521
2024-03-27 16:30:00+00:00,184.93910217285156,186.1999969482422,184.88999938964844,185.82000732421875,196662
2024-03-27 17:30:00+00:00,184.7100067138672,185.31500244140625,184.0500030517578,185.00999450683594,189367
2024-03-27 18:30:00+00:00,185.27999877929688,185.28500366210938,184.47999572753906,184.72000122070312,219974
2024-03-27 19:30:00+00:00,184.94000244140625,185.42999267578125,183.6699981689453,185.38999938964844,443729
2024-03-28 13:30:00+00:00,183.72500610351562,186.44000244140625,183.67999267578125,185.38499450683594,264576
2024-03-28 14:30:00+00:00,185.19000244140625,186.8300018310547,183.50999450683594,183.7550048828125,384351
2024-03-28 15:30:00+00:00,184.3699951171875,185.39999389648438,183.9250030517578,185.1699981689453,186739
2024-03-28 16:30:00+00:00,183.4250030517578,184.61500549316406,183.36500549316406,184.3699951171875,139057
2024-03-28 17:30:00+00:00,184.6300048828125,184.8300018310547,183.36000061035156,183.60000610351562,114413
2024-03-28 18:30:00+00:00,185.11000061035156,185.31500244140625,184.25999450683594,184.51499938964844,165505
2024-03-28 19:30:00+00:00,184.75,185.38999938964844,184.75,185.1199951171875,303496
2024-04-01 13:30:00+00:00,187.19000244140625,187.25999450683594,183.39999389648438,185.5449981689453,331034
2024-04-01 14:30:00+00:00,187.01499938964844,188.80999755859375,187.01499938964844,187.19000244140625,241706
2024-04-01 15:30:00+00:00,186.82000732421875,187.32000732421875,185.72999572753906,187.00999450683594,183231
2024-04-01 16:30:00+00:00,186.9250030517578,187.3300018310547,186.7449951171875,186.88499450683594,103816
2024-04-01 17:30:00+00:00,187.05999755859375,188.47999572753906,186.72000122070312,186.97999572753906,189086
2024-04-01 18:30:00+00:00,186.91749572753906,187.25,186.7100067138672,187.10789489746094,104839
2024-04-01 19:30:00+00:00,185.89999389648438,187.02000427246094,185.8800048828125,186.86000061035156,313031
2024-04-02 13:30:00+00:00,185.8699951171875,186.99000549316406,184.1510009765625,184.68499755859375,299772
2024-04-02 14:30:00+00:00,185.91000366210938,186.38999938964844,185.19500732421875,185.92999267578125,106739
2024-04-02 15:30:00+00:00,186.85000610351562,186.91000366210938,185.02000427246094,185.99000549316406,175818
2024-04-02 16:30:00+00:00,186.57000732421875,187.0,185.6699981689453,186.86500549316406,171535
2024-04-02 17:30:00+00:00,187.22999572753906,187.3699951171875,186.47999572753906,186.57000732421875,169473
2024-04-02 18:30:00+00:00,187.9550018310547,188.16000366210938,186.2100067138672,187.21499633789062,239217
2024-04-02 19:30:00+00:00,188.17999267578125,188.3699951171875,187.85000610351562,187.96499633789062,285523
2024-04-03 13:30:00+00:00,190.88499450683594,191.55999755859375,186.8699951171875,188.49000549316406,521245
2024-04-03 14:30:00+00:00,191.7899932861328,192.17999267578125,189.92999267578125,190.77999877929688,329592
2024-04-03 15:30:00+00:00,191.789794921875,192.6699981689453,190.39999389648438,191.8300018310547,425979
2024-04-03 16:30:00+00:00,192.0500030517578,192.13999938964844,190.85000610351562,191.78900146484375,167854
2024-04-03 17:30:00+00:00,191.85499572753906,193.2100067138672,191.82000732421875,192.02999877929688,265601
2024-04-03 18:30:00+00:00,191.57000732421875,192.80999755859375,191.3800048828125,191.7899932861328,199608
2024-04-03 19:30:00+00:00,190.24000549316406,191.50999450683594,190.1199951171875,191.5,389535
2024-04-04 13:30:00+00:00,190.61500549316406,195.5,189.77000427246094,193.44000244140625,712037
2024-04-04 14:30:00+00:00,190.61000061035156,191.18099975585938,190.0,190.5709991455078,222737
2024-04-04 15:30:00+00:00,189.16000366210938,190.64999389648438,188.8000030517578,190.6199951171875,321760
2024-04-04 16:30:00+00:00,189.0216064453125,189.42300415039062,188.9199981689453,189.19000244140625,135915
2024-04-04 17:30:00+00:00,187.47500610351562,189.73500061035156,187.47500610351562,188.97000122070312,229018
2024-04-04 18:30:00+00:00,183.85000610351562,187.53500366210938,183.74000549316406,187.1999969482422,481879
2024-04-04 19:30:00+00:00,183.0,184.86000061035156,182.9600067138672,183.88999938964844,954518
2024-04-05 13:30:00+00:00,187.88999938964844,188.25,181.4488067626953,182.32000732421875,773421
2024-04-05 14:30:00+00:00,189.33749389648438,190.27000427246094,187.8300018310547,188.0,635053
2024-04-05 15:30:00+00:00,192.2239990234375,192.50999450683594,189.30499267578125,189.3179931640625,514919
2024-04-05 16:30:00+00:00,192.69000244140625,193.3800048828125,191.77000427246094,192.0800018310547,291016
2024-04-05 17:30:00+00:00,193.24000549316406,194.85000610351562,191.4499969482422,192.7100067138672,519905
2024-04-05 18:30:00+00:00,191.91000366210938,193.95530700683594,191.02999877929688,193.3300018310547,538528
2024-04-05 19:30:00+00:00,193.0500030517578,193.35000610351562,191.57000732421875,191.88999938964844,565045
2024-04-08 13:30:00+00:00,190.30999755859375,197.63999938964844,188.11000061035156,194.9600067138672,579868
2024-04-08 14:30:00+00:00,191.3350067138672,192.0,190.4499969482422,190.4499969482422,176665
2024-04-08 15:30:00+00:00,191.63999938964844,192.0,190.6699981689453,191.30250549316406,227633
2024-04-08 16:30:00+00:00,192.1300048828125,192.91000366210938,191.42770385742188,191.5800018310547,140455
2024-04-08 17:30:00+00:00,192.10000610351562,192.17999267578125,191.25999450683594,192.10499572753906,79836
2024-04-08 18:30:00+00:00,191.77000427246094,192.2449951171875,191.36810302734375,192.05499267578125,118506
2024-04-08 19:30:00+00:00,191.99000549316406,192.08999633789062,191.41000366210938,191.7050018310547,156070
2024-04-09 13:30:00+00:00,187.16000366210938,194.69000244140625,187.10000610351562,192.60000610351562,360704
2024-04-09 14:30:00+00:00,187.34230041503906,188.0699005126953,185.0500030517578,187.14500427246094,264054
2024-04-09 15:30:00+00:00,188.0500030517578,188.13999938964844,187.0399932861328,187.40499877929688,112655
2024-04-09 16:30:00+00:00,187.1999969482422,188.02499389648438,186.9499969482422,188.02499389648438,99503
2024-04-09 17:30:00+00:00,187.7550048828125,188.1300048828125,186.47000122070312,187.11000061035156,217538
2024-04-09 18:30:00+00:00,187.68499755859375,187.85000610351562,186.56500244140625,187.75999450683594,231713
2024-04-09 19:30:00+00:00,188.19000244140625,188.19000244140625,187.36500549316406,187.69500732421875,462898
2024-04-10 13:30:00+00:00,191.25999450683594,192.66000366210938,182.5,183.3800048828125,967502
2024-04-10 14:30:00+00:00,192.69000244140625,193.8300018310547,191.22999572753906,191.47999572753906,522302
2024-04-10 15:30:00+00:00,191.3300018310547,192.8300018310547,190.52499389648438,192.79989624023438,502383
2024-04-10 16:30:00+00:00,191.6649932861328,192.7100067138672,190.7899932861328,191.3300018310547,346102
2024-04-10 17:30:00+00:00,190.6699981689453,192.58999633789062,190.6699981689453,191.64999389648438,209294
2024-04-10 18:30:00+00:00,191.52000427246094,191.63999938964844,188.10000610351562,190.63999938964844,484108
2024-04-10 19:30:00+00:00,191.08999633789062,191.50999450683594,190.14999389648438,191.50999450683594,470265
2024-04-11 13:30:00+00:00,191.94500732421875,192.7899932861328,190.0,191.57000732421875,513652
2024-04-11 14:30:00+00:00,192.08999633789062,192.4199981689453,190.60499572753906,191.8249969482422,280751
2024-04-11 15:30:00+00:00,191.07000732421875,192.422607421875,191.02999877929688,192.07000732421875,182208
2024-04-11 16:30:00+00:00,192.0500030517578,192.5399932861328,190.8350067138672,191.06199645996094,214918
2024-04-11 17:30:00+00:00,193.9499969482422,193.97000122070312,191.7899932861328,192.10000610351562,207680
2024-04-11 18:30:00+00:00,193.1425018310547,194.24989318847656,192.97999572753906,193.9499969482422,222357
2024-04-11 19:30:00+00:00,192.86000061035156,193.8800048828125,192.60000610351562,193.1425018310547,329375
2024-04-12 13:30:00+00:00,192.55999755859375,193.24989318847656,191.22000122070312,191.9600067138672,189137
2024-04-12 14:30:00+00:00,192.41000366210938,192.72000122070312,191.1300048828125,192.50999450683594,250251
2024-04-12 15:30:00+00:00,192.09500122070312,192.9199981689453,192.0050048828125,192.4499969482422,97992
2024-04-12 16:30:00+00:00,190.94000244140625,192.23500061035156,190.89999389648438,192.14500427246094,248647
2024-04-12 17:30:00+00:00,191.86000061035156,192.16000366210938,190.35850524902344,190.94000244140625,130762
2024-04-12 18:30:00+00:00,190.9600067138672,191.94500732421875,190.73190307617188,191.94500732421875,239624
2024-04-12 19:30:00+00:00,191.6999969482422,192.02000427246094,190.9149932861328,190.97000122070312,288703
2024-04-15 13:30:00+00:00,193.6999969482422,196.0,192.47999572753906,194.10000610351562,216766
2024-04-15 14:30:00+00:00,190.8699951171875,193.75999450683594,190.86000061035156,193.6999969482422,286908
2024-04-15 15:30:00+00:00,189.0500030517578,191.7100067138672,188.8699951171875,190.77000427246094,225210
2024-04-15 16:30:00+00:00,187.72500610351562,189.6300048828125,187.5500030517578,189.0399932861328,314841
2024-04-15 17:30:00+00:00,186.72000122070312,187.85000610351562,186.5800018310547,187.72000122070312,243434
2024-04-15 18:30:00+00:00,186.0,187.2100067138672,186.0,186.6199951171875,203335
2024-04-15 19:30:00+00:00,185.4199981689453,186.2899932861328,184.77999877929688,186.05999755859375,644096
2024-04-16 13:30:00+00:00,183.41000366210938,186.74429321289062,183.1699981689453,185.05999755859375,485177
2024-04-16 14:30:00+00:00,184.72999572753906,185.0,183.14999389648438,183.4550018310547,430631
2024-04-16 15:30:00+00:00,186.00999450683594,186.25689697265625,184.5800018310547,184.66000366210938,260380
2024-04-16 16:30:00+00:00,187.36500549316406,187.8000030517578,186.0,186.0,263851
2024-04-16 17:30:00+00:00,186.86000061035156,188.27499389648438,186.34249877929688,187.40750122070312,261349
2024-04-16 18:30:00+00:00,187.73500061035156,188.00999450683594,186.91000366210938,186.97999572753906,323205
2024-04-16 19:30:00+00:00,186.64999389648438,187.91000366210938,186.6199951171875,187.7449951171875,412303
2024-04-17 13:30:00+00:00,183.88999938964844,189.0399932861328,182.6300048828125,187.9199981689453,613811
2024-04-17 14:30:00+00:00,184.5,185.97000122070312,183.6300048828125,183.89999389648438,450080
2024-04-17 15:30:00+00:00,184.16000366210938,184.69000244140625,183.74000549316406,184.5,456104
2024-04-17 16:30:00+00:00,184.42999267578125,184.72999572753906,182.8300018310547,184.16000366210938,284550
2024-04-17 17:30:00+00:00,187.4550018310547,187.6999969482422,184.2899932861328,184.4199981689453,249167
2024-04-17 18:30:00+00:00,185.80999755859375,188.30999755859375,185.80999755859375,187.57000732421875,295334
2024-04-17 19:30:00+00:00,185.3699951171875,186.8000030517578,185.3000030517578,185.83999633789062,442665
2024-04-18 13:30:00+00:00,186.5399932861328,187.4199981689453,184.0850067138672,186.1300048828125,247869
2024-04-18 14:30:00+00:00,187.5749969482422,188.26800537109375,186.14999389648438,186.42999267578125,202690
2024-04-18 15:30:00+00:00,187.42999267578125,187.5749969482422,186.3800048828125,187.5749969482422,127790
2024-04-18 16:30:00+00:00,184.82000732421875,187.44000244140625,184.5800018310547,187.39999389648438,125992
2024-04-18 17:30:00+00:00,183.6999969482422,184.89990234375,183.41000366210938,184.77000427246094,160302
2024-04-18 18:30:00+00:00,183.5399932861328,184.35499572753906,183.125,183.80999755859375,264368
2024-04-18 19:30:00+00:00,183.8000030517578,184.9600067138672,183.08999633789062,183.51499938964844,350923
2024-04-19 13:30:00+00:00,183.39999389648438,185.86000061035156,182.0399932861328,183.3000030517578,446861
2024-04-19 14:30:00+00:00,182.8000946044922,184.92999267578125,182.3249969482422,183.3300018310547,483748
2024-04-19 15:30:00+00:00,178.6699981689453,183.15199279785156,178.283203125,182.9199981689453,588274
2024-04-19 16:30:00+00:00,180.60000610351562,181.27999877929688,177.74000549316406,178.72999572753906,258617
2024-04-19 17:30:00+00:00,179.875,180.99000549316406,179.0800018310547,180.5850067138672,243177
2024-04-19 18:30:00+00:00,179.4949951171875,180.1699981689453,177.64999389648438,179.875,466338
2024-04-19 19:30:00+00:00,180.97000122070312,181.02000427246094,179.02999877929688,179.5,553303
2024-04-22 13:30:00+00:00,179.32000732421875,183.38999938964844,178.2100067138672,181.60000610351562,442629
2024-04-22 14:30:00+00:00,179.3699951171875,180.89999389648438,178.92999267578125,179.22999572753906,320629
2024-04-22 15:30:00+00:00,179.39999389648438,180.72000122070312,179.07000732421875,179.35499572753906,167821
2024-04-22 16:30:00+00:00,180.7899932861328,180.8000030517578,179.0399932861328,179.38499450683594,178934
2024-04-22 17:30:00+00:00,182.5500030517578,182.61000061035156,180.72999572753906,180.88999938964844,243752
2024-04-22 18:30:00+00:00,183.52499389648438,183.57000732421875,182.25999450683594,182.51499938964844,240875
2024-04-22 19:30:00+00:00,183.13999938964844,183.85000610351562,182.98500061035156,183.50999450683594,447186
2024-04-23 13:30:00+00:00,187.43499755859375,187.5500030517578,183.97000122070312,183.97000122070312,248991
2024-04-23 14:30:00+00:00,187.52000427246094,188.32000732421875,186.5399932861328,187.41000366210938,168425
2024-04-23 15:30:00+00:00,188.13999938964844,188.41000366210938,187.22000122070312,187.44000244140625,150756
2024-04-23 16:30:00+00:00,188.02999877929688,188.6999969482422,187.82000732421875,188.18499755859375,103319
2024-04-23 17:30:00+00:00,188.4199981689453,188.74000549316406,187.7100067138672,188.01499938964844,129147
2024-04-23 18:30:00+00:00,189.04249572753906,189.1199951171875,188.05499267578125,188.41000366210938,174602
2024-04-23 19:30:00+00:00,188.24000549316406,189.75,188.13999938964844,189.02999877929688,843833
2024-04-24 13:30:00+00:00,188.10499572753906,194.3699951171875,186.5,186.72999572753906,664680
2024-04-24 14:30:00+00:00,187.38999938964844,188.3699951171875,186.00999450683594,188.00999450683594,126657
2024-04-24 15:30:00+00:00,184.6999969482422,187.80999755859375,184.6999969482422,187.375,234014
2024-04-24 16:30:00+00:00,184.13999938964844,184.91000366210938,183.6472930908203,184.72999572753906,155028
2024-04-24 17:30:00+00:00,186.77000427246094,187.86000061035156,184.13999938964844,184.13999938964844,189098
2024-04-24 18:30:00+00:00,186.0850067138672,186.94000244140625,185.72000122070312,186.5800018310547,167865
2024-04-24 19:30:00+00:00,186.14999389648438,187.0800018310547,185.77999877929688,186.0399932861328,383105
2024-04-25 13:30:00+00:00,187.41000366210938,188.67999267578125,185.40499877929688,185.60000610351562,343986
2024-04-25 14:30:00+00:00,188.38499450683594,188.38499450683594,185.50999450683594,187.3000030517578,274524
2024-04-25 15:30:00+00:00,189.72999572753906,189.97000122070312,187.9499969482422,188.4149932861328,464586
2024-04-25 16:30:00+00:00,189.3249969482422,189.88499450683594,188.8800048828125,189.72500610351562,294278
2024-04-25 17:30:00+00:00,189.1300048828125,190.529296875,189.0800018310547,189.3300018310547,569160
2024-04-25 18:30:00+00:00,189.00999450683594,189.38499450683594,188.77000427246094,189.0850067138672,249173
2024-04-25 19:30:00+00:00,188.0399932861328,188.9499969482422,187.38999938964844,188.9499969482422,461198
2024-04-26 13:30:00+00:00,186.88999938964844,189.17999267578125,186.25999450683594,186.9149932861328,194778
2024-04-26 14:30:00+00:00,186.82000732421875,187.4384002685547,185.6300048828125,186.8300018310547,168245
2024-04-26 15:30:00+00:00,187.80999755859375,188.0449981689453,186.6199951171875,186.86000061035156,145304
2024-04-26 16:30:00+00:00,188.5500030517578,188.77499389648438,187.72999572753906,187.86000061035156,94520
2024-04-26 17:30:00+00:00,188.8350067138672,188.92999267578125,188.1199951171875,188.5449981689453,148035
2024-04-26 18:30:00+00:00,189.16000366210938,189.3800048828125,188.47999572753906,188.84500122070312,166010
2024-04-26 19:30:00+00:00,188.32000732421875,189.1999969482422,188.25,189.1999969482422,274237
2024-04-29 13:30:00+00:00,188.60000610351562,190.4199981689453,186.14010620117188,189.0449981689453,397168
2024-04-29 14:30:00+00:00,188.64500427246094,189.55990600585938,188.39999389648438,188.66000366210938,254031
2024-04-29 15:30:00+00:00,189.82000732421875,190.27999877929688,188.19000244140625,188.65499877929688,178194
2024-04-29 16:30:00+00:00,189.5,190.1199951171875,189.10499572753906,189.8000030517578,144041
2024-04-29 17:30:00+00:00,189.3300018310547,189.83999633789062,189.07000732421875,189.5,182575
2024-04-29 18:30:00+00:00,189.0399932861328,189.2899932861328,188.25,189.25999450683594,136426
2024-04-29 19:30:00+00:00,188.61000061035156,189.39999389648438,188.0,189.14999389648438,324785
2024-04-30 13:30:00+00:00,187.50999450683594,189.39999389648438,187.13999938964844,188.61000061035156,178465
2024-04-30 14:30:00+00:00,186.2949981689453,188.69000244140625,186.24099731445312,187.33999633789062,224060
2024-04-30 15:30:00+00:00,187.80999755859375,187.99000549316406,185.7100067138672,186.3000030517578,188617
2024-04-30 16:30:00+00:00,187.3000030517578,187.89999389648438,186.7899932861328,187.77000427246094,203282
2024-04-30 17:30:00+00:00,187.83999633789062,188.47000122070312,187.10499572753906,187.25,126168
2024-04-30 18:30:00+00:00,187.52000427246094,188.19000244140625,187.32000732421875,187.75,218222
2024-04-30 19:30:00+00:00,185.9199981689453,187.6999969482422,185.85000610351562,187.5,429505
2024-05-01 13:30:00+00:00,185.22500610351562,187.38499450683594,184.72000122070312,186.25,187647
2024-05-01 14:30:00+00:00,185.09500122070312,185.31500244140625,183.9199981689453,185.24000549316406,192571
2024-05-01 15:30:00+00:00,186.30499267578125,186.5399932861328,184.86000061035156,185.18499755859375,106462
2024-05-01 16:30:00+00:00,186.94500732421875,187.0,185.52999877929688,186.1699981689453,136151
2024-05-01 17:30:00+00:00,187.02000427246094,187.13250732421875,185.36000061035156,186.92999267578125,180864
2024-05-01 18:30:00+00:00,186.60000610351562,188.2050018310547,185.98500061035156,187.00999450683594,670961
2024-05-01 19:30:00+00:00,184.4600067138672,186.63999938964844,184.33999633789062,186.5,456905
2024-05-02 13:30:00+00:00,186.2100067138672,187.03500366210938,183.60000610351562,185.0,256389
2024-05-02 14:30:00+00:00,185.57000732421875,186.2100067138672,184.66000366210938,186.16000366210938,164933
2024-05-02 15:30:00+00:00,186.33999633789062,187.0449981689453,185.49000549316406,185.5800018310547,153502
2024-05-02 16:30:00+00:00,186.3699951171875,186.4499969482422,185.36000061035156,186.3300018310547,162764
2024-05-02 17:30:00+00:00,186.27999877929688,186.72000122070312,186.0800018310547,186.41000366210938,258874
2024-05-02 18:30:00+00:00,186.5216064453125,187.1699981689453,186.14999389648438,186.3000030517578,597765
2024-05-02 19:30:00+00:00,186.17999267578125,186.66000366210938,185.60000610351562,186.47000122070312,476815
2024-05-03 13:30:00+00:00,195.61000061035156,195.85000610351562,188.0,189.3300018310547,503134
2024-05-03 14:30:00+00:00,195.42990112304688,197.0,194.9499969482422,195.77000427246094,368662
2024-05-03 15:30:00+00:00,196.56199645996094,197.27000427246094,195.34500122070312,195.42999267578125,258070
2024-05-03 16:30:00+00:00,195.74000549316406,197.13999938964844,195.69000244140625,196.58999633789062,170014
2024-05-03 17:30:00+00:00,195.1699981689453,196.10000610351562,195.1699981689453,195.77999877929688,121948
2024-05-03 18:30:00+00:00,194.4949951171875,195.5399932861328,194.13999938964844,195.1649932861328,247614
2024-05-03 19:30:00+00:00,194.85000610351562,194.99000549316406,194.02999877929688,194.5,402951
2024-05-06 13:30:00+00:00,197.92999267578125,198.89999389648438,194.1199951171875,197.6750030517578,783452
2024-05-06 14:30:00+00:00,197.4868927001953,198.80999755859375,194.86000061035156,197.3699951171875,323713
2024-05-06 15:30:00+00:00,198.0399932861328,198.5,197.05999755859375,197.57000732421875,218398
2024-05-06 16:30:00+00:00,197.0449981689453,198.5,196.85800170898438,198.0,192625
2024-05-06 17:30:00+00:00,197.59500122070312,197.7899932861328,196.63999938964844,197.0449981689453,176862
2024-05-06 18:30:00+00:00,197.58999633789062,198.0500030517578,197.45010375976562,197.59500122070312,427462
2024-05-06 19:30:00+00:00,197.7100067138672,197.8000030517578,197.13999938964844,197.60000610351562,407521
2024-05-07 13:30:00+00:00,203.4600067138672,203.75999450683594,197.75,198.6999969482422,691929
2024-05-07 14:30:00+00:00,203.6999969482422,205.0399932861328,202.3800048828125,203.4149932861328,420536
2024-05-07 15:30:00+00:00,201.3249969482422,203.88999938964844,201.32000732421875,203.63499450683594,302927
2024-05-07 16:30:00+00:00,200.24000549316406,201.8000030517578,199.9600067138672,201.3300018310547,198049
2024-05-07 17:30:00+00:00,199.46499633789062,200.91000366210938,199.12399291992188,200.2100067138672,177026
2024-05-07 18:30:00+00:00,200.21859741210938,200.21859741210938,199.1199951171875,199.46499633789062,203795
2024-05-07 19:30:00+00:00,200.55499267578125,200.9499969482422,199.44000244140625,200.24000549316406,338142
2024-05-08 13:30:00+00:00,206.82000732421875,207.4199981689453,198.11000061035156,198.23880004882812,755756
2024-05-08 14:30:00+00:00,204.17999267578125,207.1699981689453,203.7550048828125,206.8800048828125,418734
2024-05-08 15:30:00+00:00,204.04949951171875,204.40499877929688,202.97999572753906,204.08999633789062,377227
2024-05-08 16:30:00+00:00,205.27000427246094,205.31500244140625,203.82249450683594,203.94000244140625,368081
2024-05-08 17:30:00+00:00,207.01499938964844,207.5500030517578,205.30999755859375,205.32000732421875,573206
2024-05-08 18:30:00+00:00,207.60000610351562,207.99000549316406,206.44000244140625,207.05999755859375,450171
2024-05-08 19:30:00+00:00,208.1999969482422,208.27000427246094,207.33999633789062,207.55810546875,621634
2024-05-09 13:30:00+00:00,207.38999938964844,211.88999938964844,203.0,205.42999267578125,1080130
2024-05-09 14:30:00+00:00,209.77000427246094,213.97999572753906,207.52499389648438,207.52499389648438,908591
2024-05-09 15:30:00+00:00,214.73080444335938,215.0,208.6300048828125,209.91000366210938,498686
2024-05-09 16:30:00+00:00,212.0,215.0,211.64999389648438,214.89999389648438,315076
2024-05-09 17:30:00+00:00,213.25999450683594,213.39500427246094,210.88999938964844,211.99000549316406,238900
2024-05-09 18:30:00+00:00,214.8300018310547,214.9499969482422,212.9499969482422,213.22000122070312,356889
2024-05-09 19:30:00+00:00,215.94000244140625,215.9499969482422,214.58999633789062,214.8699951171875,570382
2024-05-10 13:30:00+00:00,214.33999633789062,220.52000427246094,211.86000061035156,220.52000427246094,782966
2024-05-10 14:30:00+00:00,215.10000610351562,215.6199951171875,213.86000061035156,214.27999877929688,368701
2024-05-10 15:30:00+00:00,216.27499389648438,216.42990112304688,214.58999633789062,214.97000122070312,233759
2024-05-10 16:30:00+00:00,212.99000549316406,216.5399932861328,212.55999755859375,216.30999755859375,199603
2024-05-10 17:30:00+00:00,214.3300018310547,214.42999267578125,212.86000061035156,212.88999938964844,261403
2024-05-10 18:30:00+00:00,214.90499877929688,215.2100067138672,213.6999969482422,214.2899932861328,223636
2024-05-10 19:30:00+00:00,214.7899932861328,215.44000244140625,214.56500244140625,214.78500366210938,398458
2024-05-13 13:30:00+00:00,217.14999389648438,218.6750030517578,215.8249969482422,217.0,405230
2024-05-13 14:30:00+00:00,213.52499389648438,217.3300018310547,213.02999877929688,217.32000732421875,322061
2024-05-13 15:30:00+00:00,214.0,214.08999633789062,212.89500427246094,213.36000061035156,212217
2024-05-13 16:30:00+00:00,213.2949981689453,214.60000610351562,212.8699951171875,213.9149932861328,245191
2024-05-13 17:30:00+00:00,213.27499389648438,214.535400390625,213.21499633789062,213.2949981689453,139247
2024-05-13 18:30:00+00:00,213.63999938964844,213.97999572753906,212.99000549316406,213.27000427246094,181538
2024-05-13 19:30:00+00:00,213.5500030517578,213.72000122070312,212.58999633789062,213.63999938964844,243681
2024-05-14 13:30:00+00:00,216.39990234375,216.6300048828125,210.77000427246094,214.5,274231
2024-05-14 14:30:00+00:00,214.90899658203125,216.47999572753906,214.07000732421875,215.99000549316406,159611
2024-05-14 15:30:00+00:00,215.3000030517578,215.9499969482422,214.69000244140625,214.91000366210938,206719
2024-05-14 16:30:00+00:00,214.96499633789062,215.74000549316406,214.4199981689453,215.22000122070312,148838
2024-05-14 17:30:00+00:00,216.10000610351562,216.44000244140625,214.89999389648438,214.97000122070312,102737
2024-05-14 18:30:00+00:00,216.6199951171875,217.0,215.89999389648438,216.08810424804688,194979
2024-05-14 19:30:00+00:00,217.67999267578125,217.91000366210938,216.0050048828125,216.59500122070312,337005
2024-05-15 13:30:00+00:00,223.13499450683594,224.1699981689453,219.75999450683594,220.13999938964844,538512
2024-05-15 14:30:00+00:00,223.0,224.72000122070312,222.58999633789062,223.27999877929688,282394
2024-05-15 15:30:00+00:00,222.58999633789062,223.1999969482422,221.47000122070312,223.0,183716
2024-05-15 16:30:00+00:00,223.18499755859375,223.75,222.52000427246094,222.5399932861328,239767
2024-05-15 17:30:00+00:00,223.61000061035156,224.0749969482422,222.91000366210938,223.18499755859375,168084
2024-05-15 18:30:00+00:00,223.50999450683594,223.92999267578125,222.75,223.67999267578125,175347
2024-05-15 19:30:00+00:00,223.32899475097656,224.0749969482422,222.67999267578125,223.49130249023438,418972
2024-05-16 13:30:00+00:00,223.5,224.8000030517578,221.47999572753906,223.66000366210938,294445
2024-05-16 14:30:00+00:00,223.30999755859375,224.4600067138672,222.8300018310547,223.67999267578125,207491
2024-05-16 15:30:00+00:00,221.8000030517578,223.15499877929688,221.5,223.08999633789062,226494
2024-05-16 16:30:00+00:00,220.93499755859375,222.27999877929688,220.75999450683594,221.69500732421875,228353
2024-05-16 17:30:00+00:00,219.39500427246094,221.13999938964844,219.29139709472656,220.86500549316406,138132
2024-05-16 18:30:00+00:00,218.01499938964844,219.52999877929688,217.41000366210938,219.52999877929688,269557
2024-05-16 19:30:00+00:00,216.25,218.1999969482422,216.24000549316406,218.02999877929688,532023
2024-05-17 13:30:00+00:00,215.22000122070312,217.71200561523438,214.5,216.4600067138672,523064
2024-05-17 14:30:00+00:00,215.44000244140625,216.10000610351562,214.5,215.1999969482422,210881
2024-05-17 15:30:00+00:00,214.59500122070312,216.0399932861328,214.47000122070312,215.44000244140625,138171
2024-05-17 16:30:00+00:00,212.4199981689453,214.6199951171875,212.32000732421875,214.50999450683594,219337
2024-05-17 17:30:00+00:00,211.7899932861328,213.05990600585938,211.47000122070312,212.42999267578125,215458
2024-05-17 18:30:00+00:00,210.33999633789062,211.86000061035156,209.91000366210938,211.86000061035156,401584
2024-05-17 19:30:00+00:00,213.19000244140625,213.19000244140625,210.14999389648438,210.2899932861328,500154
2024-05-20 13:30:00+00:00,213.3300018310547,214.54080200195312,211.14999389648438,213.9499969482422,351739
2024-05-20 14:30:00+00:00,213.5500030517578,213.8300018310547,212.11000061035156,213.27000427246094,252851
2024-05-20 15:30:00+00:00,213.74000549316406,213.9499969482422,212.27000427246094,213.57000732421875,168335
2024-05-20 16:30:00+00:00,214.5959930419922,215.02000427246094,213.58999633789062,213.78179931640625,94871
2024-05-20 17:30:00+00:00,214.99989318847656,214.99989318847656,213.8300018310547,214.47500610351562,93635
2024-05-20 18:30:00+00:00,214.77000427246094,215.1199951171875,214.4949951171875,214.99000549316406,140602
2024-05-20 19:30:00+00:00,215.1699981689453,215.24000549316406,214.44000244140625,214.8000030517578,167898
2024-05-21 13:30:00+00:00,219.60499572753906,220.79989624023438,215.5,215.92999267578125,299391
2024-05-21 14:30:00+00:00,218.66000366210938,220.38999938964844,218.5,219.6699981689453,165541
2024-05-21 15:30:00+00:00,219.84500122070312,219.9499969482422,218.47999572753906,218.56500244140625,193315
2024-05-21 16:30:00+00:00,220.6699981689453,220.7899932861328,219.4199981689453,219.81500244140625,142332
2024-05-21 17:30:00+00:00,220.31500244140625,221.3800048828125,220.1699981689453,220.6876983642578,180514
2024-05-21 18:30:00+00:00,220.92999267578125,221.1199951171875,220.27999877929688,220.4199981689453,180956
2024-05-21 19:30:00+00:00,222.6199951171875,222.6699981689453,220.74000549316406,220.9499969482422,357850
2024-05-22 13:30:00+00:00,219.75,224.3800048828125,219.24000549316406,222.10000610351562,275597
2024-05-22 14:30:00+00:00,218.56500244140625,219.64999389648438,217.86000061035156,219.64999389648438,218501
2024-05-22 15:30:00+00:00,220.1999969482422,220.22999572753906,218.11000061035156,218.56500244140625,98523
2024-05-22 16:30:00+00:00,219.88999938964844,220.6300048828125,219.49000549316406,220.3990020751953,112690
2024-05-22 17:30:00+00:00,218.4149932861328,220.02999877929688,218.3300018310547,219.99000549316406,116747
2024-05-22 18:30:00+00:00,219.6199951171875,219.6999969482422,217.9499969482422,218.5,132059
2024-05-22 19:30:00+00:00,220.14999389648438,220.49099731445312,219.34500122070312,219.7550048828125,192985
2024-05-23 13:30:00+00:00,224.44000244140625,227.5,220.74000549316406,223.5666046142578,581952
2024-05-23 14:30:00+00:00,225.69000244140625,226.23500061035156,223.25,224.49000549316406,342942
2024-05-23 15:30:00+00:00,227.22999572753906,227.55990600585938,225.82000732421875,225.82000732421875,240592
2024-05-23 16:30:00+00:00,227.22999572753906,228.0500030517578,226.6699981689453,227.14999389648438,214408
2024-05-23 17:30:00+00:00,222.69000244140625,227.27000427246094,222.69000244140625,227.22999572753906,196792
2024-05-23 18:30:00+00:00,222.125,223.5449981689453,221.8300018310547,222.5,246917
2024-05-23 19:30:00+00:00,221.16000366210938,222.27000427246094,220.88499450683594,222.0399932861328,394897
2024-05-24 13:30:00+00:00,233.63999938964844,234.19000244140625,221.6699981689453,223.02000427246094,663977
2024-05-24 14:30:00+00:00,234.92999267578125,236.3000030517578,232.67999267578125,233.42999267578125,507582
2024-05-24 15:30:00+00:00,233.5,235.47000122070312,232.77999877929688,234.92999267578125,225394
2024-05-24 16:30:00+00:00,230.32000732421875,233.6199951171875,229.60000610351562,233.52999877929688,230085
2024-05-24 17:30:00+00:00,230.86000061035156,231.8699951171875,228.9199981689453,230.32000732421875,221626
2024-05-24 18:30:00+00:00,229.61000061035156,231.77000427246094,229.61000061035156,230.99000549316406,199891
2024-05-24 19:30:00+00:00,230.6300048828125,230.7100067138672,229.33999633789062,229.7100067138672,281459
2024-05-28 13:30:00+00:00,229.97500610351562,234.72999572753906,221.88999938964844,232.74000549316406,876068
2024-05-28 14:30:00+00:00,231.69500732421875,232.5749969482422,228.27000427246094,230.07000732421875,368801
2024-05-28 15:30:00+00:00,232.75,232.7899932861328,231.58009338378906,231.77999877929688,162170
2024-05-28 16:30:00+00:00,231.9949951171875,233.19000244140625,231.2301025390625,232.75,140544
2024-05-28 17:30:00+00:00,231.60899353027344,232.8300018310547,231.30999755859375,231.6699981689453,147888
2024-05-28 18:30:00+00:00,230.35000610351562,231.67999267578125,229.50999450683594,231.52999877929688,191220
2024-05-28 19:30:00+00:00,231.3699951171875,231.4499969482422,229.97999572753906,230.27000427246094,294525
2024-05-29 13:30:00+00:00,223.23500061035156,228.69900512695312,222.85629272460938,226.8000030517578,485796
2024-05-29 14:30:00+00:00,220.4250030517578,223.67999267578125,220.4199981689453,223.0500030517578,337564
2024-05-29 15:30:00+00:00,220.30999755859375,221.75999450683594,219.35000610351562,220.63499450683594,343758
2024-05-29 16:30:00+00:00,220.10000610351562,220.8699951171875,219.38999938964844,220.30999755859375,245650
2024-05-29 17:30:00+00:00,221.22999572753906,221.65499877929688,218.88999938964844,219.94000244140625,376984
2024-05-29 18:30:00+00:00,219.9199981689453,221.51499938964844,219.58999633789062,221.22999572753906,263499
2024-05-29 19:30:00+00:00,220.6999969482422,221.05999755859375,219.47000122070312,219.8699951171875,444840
2024-05-30 13:30:00+00:00,222.2949981689453,223.69720458984375,220.0,221.11000061035156,390021
2024-05-30 14:30:00+00:00,223.32000732421875,223.41160583496094,220.66000366210938,222.28500366210938,270860
2024-05-30 15:30:00+00:00,222.9600067138672,224.08999633789062,222.33999633789062,223.1999969482422,195465
2024-05-30 16:30:00+00:00,223.9499969482422,224.3300018310547,222.5399932861328,222.9600067138672,191079
2024-05-30 17:30:00+00:00,223.6300048828125,224.3300018310547,223.0800018310547,223.97000122070312,176393
2024-05-30 18:30:00+00:00,223.97999572753906,224.1999969482422,223.37010192871094,223.85000610351562,148330
2024-05-30 19:30:00+00:00,225.0500030517578,225.2899932861328,223.66110229492188,223.97999572753906,295700
2024-05-31 13:30:00+00:00,215.55999755859375,224.36000061035156,213.65390014648438,224.05999755859375,984944
2024-05-31 14:30:00+00:00,212.39999389648438,215.7100067138672,208.0,215.5,814858
2024-05-31 15:30:00+00:00,210.71499633789062,213.0399932861328,210.05999755859375,212.33999633789062,389244
2024-05-31 16:30:00+00:00,213.7113037109375,214.2949981689453,210.55499267578125,210.67999267578125,316446
2024-05-31 17:30:00+00:00,212.3800048828125,214.13999938964844,211.63999938964844,213.6121063232422,248537
2024-05-31 18:30:00+00:00,214.3199005126953,214.35989379882812,211.88999938964844,212.52999877929688,335071
2024-05-31 19:30:00+00:00,217.39999389648438,217.6199951171875,213.78500366210938,214.21499633789062,653620
2024-06-03 13:30:00+00:00,209.3800048828125,217.1999969482422,208.17999267578125,215.5,966313
2024-06-03 14:30:00+00:00,206.89500427246094,209.35000610351562,205.8350067138672,209.3300018310547,724746
2024-06-03 15:30:00+00:00,206.6199951171875,208.69000244140625,205.4228973388672,206.77999877929688,731506
2024-06-03 16:30:00+00:00,205.7899932861328,207.13999938964844,204.0500030517578,206.63499450683594,611132
2024-06-03 17:30:00+00:00,207.67999267578125,207.75,205.6199951171875,205.84500122070312,580812
2024-06-03 18:30:00+00:00,208.2100067138672,208.92999267578125,207.39500427246094,207.68499755859375,343031
2024-06-03 19:30:00+00:00,208.25999450683594,208.5500030517578,206.82000732421875,208.27000427246094,618489
2024-06-04 13:30:00+00:00,205.38499450683594,208.5,204.14999389648438,207.0,774937
2024-06-04 14:30:00+00:00,197.9600067138672,205.9199981689453,197.39999389648438,205.47000122070312,1052068
2024-06-04 15:30:00+00:00,203.0500030517578,203.0800018310547,196.83999633789062,197.88499450683594,677963
2024-06-04 16:30:00+00:00,202.2100067138672,203.05999755859375,201.18679809570312,202.8699951171875,333265
2024-06-04 17:30:00+00:00,203.4199981689453,203.5,200.73069763183594,202.28500366210938,434555
2024-06-04 18:30:00+00:00,202.6699981689453,204.0500030517578,201.75,203.5,377609
2024-06-04 19:30:00+00:00,203.10000610351562,204.0800018310547,201.97000122070312,202.77999877929688,502937
2024-06-05 13:30:00+00:00,208.11000061035156,210.1699981689453,204.4499969482422,204.49000549316406,874981
2024-06-05 14:30:00+00:00,209.67999267578125,210.64999389648438,207.4199981689453,208.1199951171875,666785
2024-06-05 15:30:00+00:00,211.8437042236328,212.3800048828125,209.47000122070312,210.0,356184
2024-06-05 16:30:00+00:00,212.10000610351562,212.85000610351562,211.47999572753906,211.9600067138672,328350
2024-06-05 17:30:00+00:00,211.80999755859375,212.57000732421875,211.35000610351562,212.06500244140625,259359
2024-06-05 18:30:00+00:00,210.7100067138672,211.97999572753906,210.69000244140625,211.91000366210938,321131
2024-06-05 19:30:00+00:00,209.24000549316406,210.88999938964844,209.08999633789062,210.81500244140625,794583
2024-06-06 13:30:00+00:00,203.39500427246094,209.80999755859375,202.88999938964844,209.5,516679
2024-06-06 14:30:00+00:00,203.08999633789062,205.66000366210938,202.0800018310547,203.33999633789062,528846
2024-06-06 15:30:00+00:00,198.61349487304688,203.32000732421875,196.2100067138672,203.10000610351562,889847
2024-06-06 16:30:00+00:00,199.11000061035156,199.66490173339844,197.67999267578125,198.85000610351562,472892
2024-06-06 17:30:00+00:00,200.58999633789062,200.8800048828125,198.6199951171875,199.17999267578125,407912
2024-06-06 18:30:00+00:00,201.3000030517578,201.97999572753906,199.99000549316406,200.63999938964844,440001
2024-06-06 19:30:00+00:00,202.60000610351562,202.74000549316406,201.0,201.2100067138672,650325
2024-06-07 13:30:00+00:00,200.4199981689453,204.0,198.89999389648438,202.0800018310547,892099
2024-06-07 14:30:00+00:00,201.02000427246094,202.7469940185547,199.94839477539062,200.3300018310547,392761
2024-06-07 15:30:00+00:00,200.28500366210938,201.32000732421875,199.7899932861328,201.05999755859375,360618
2024-06-07 16:30:00+00:00,199.55999755859375,200.7550048828125,199.0749969482422,200.39999389648438,316230
2024-06-07 17:30:00+00:00,198.97000122070312,199.6199951171875,197.67999267578125,199.6136932373047,379525
2024-06-07 18:30:00+00:00,198.22000122070312,199.67999267578125,197.80999755859375,198.94500732421875,355523
2024-06-07 19:30:00+00:00,197.91000366210938,198.4600067138672,197.52000427246094,198.19000244140625,702533
2024-06-10 13:30:00+00:00,208.3800048828125,209.52000427246094,198.1320037841797,198.55999755859375,1430223
2024-06-10 14:30:00+00:00,211.2949981689453,211.85000610351562,208.0800018310547,208.22000122070312,671708
2024-06-10 15:30:00+00:00,211.50010681152344,213.4199981689453,210.86000061035156,211.36000061035156,530384
2024-06-10 16:30:00+00:00,212.57550048828125,213.33999633789062,211.66000366210938,211.67999267578125,414700
2024-06-10 17:30:00+00:00,213.16000366210938,213.6999969482422,212.16000366210938,212.51499938964844,411343
2024-06-10 18:30:00+00:00,213.3300018310547,213.42999267578125,212.3000030517578,213.16000366210938,411001
2024-06-10 19:30:00+00:00,214.7100067138672,214.77000427246094,212.8699951171875,213.2530059814453,765614
2024-06-11 13:30:00+00:00,216.19500732421875,217.06500244140625,210.4499969482422,211.5800018310547,860199
2024-06-11 14:30:00+00:00,217.0850067138672,218.28810119628906,216.07000732421875,216.07000732421875,495673
2024-06-11 15:30:00+00:00,218.48500061035156,219.02000427246094,216.66000366210938,217.17999267578125,447385
2024-06-11 16:30:00+00:00,218.21499633789062,218.97999572753906,217.35899353027344,218.52999877929688,373354
2024-06-11 17:30:00+00:00,219.25,219.55999755859375,217.32000732421875,218.21499633789062,385910
2024-06-11 18:30:00+00:00,217.41000366210938,219.33999633789062,216.92999267578125,219.30999755859375,305690
2024-06-11 19:30:00+00:00,218.3800048828125,218.6300048828125,217.45010375976562,217.5,463000
2024-06-12 13:30:00+00:00,217.6699981689453,221.77000427246094,212.19000244140625,221.27000427246094,903036
2024-06-12 14:30:00+00:00,216.58999633789062,217.55999755859375,214.64999389648438,217.55999755859375,323191
2024-06-12 15:30:00+00:00,217.6699981689453,217.72000122070312,215.22000122070312,216.8000030517578,254214
2024-06-12 16:30:00+00:00,218.1999969482422,218.58999633789062,216.89999389648438,217.77000427246094,234729
2024-06-12 17:30:00+00:00,218.55999755859375,219.22000122070312,217.19000244140625,218.22000122070312,205113
2024-06-12 18:30:00+00:00,217.38499450683594,219.23500061035156,216.92999267578125,218.47999572753906,250809
2024-06-12 19:30:00+00:00,218.0399932861328,218.8699951171875,217.13499450683594,217.3699951171875,474295
2024-06-13 13:30:00+00:00,217.67999267578125,220.36000061035156,216.22999572753906,220.30999755859375,482466
2024-06-13 14:30:00+00:00,214.5500030517578,217.8800048828125,214.16000366210938,217.83999633789062,299855
2024-06-13 15:30:00+00:00,215.6949005126953,216.89999389648438,214.53880310058594,214.77000427246094,186478
2024-06-13 16:30:00+00:00,217.39999389648438,217.47999572753906,215.52000427246094,215.6699981689453,199443
2024-06-13 17:30:00+00:00,218.80499267578125,218.8699951171875,216.58999633789062,217.4600067138672,197971
2024-06-13 18:30:00+00:00,219.6999969482422,220.17999267578125,218.52999877929688,218.68499755859375,258603
2024-06-13 19:30:00+00:00,219.7899932861328,220.30999755859375,219.10000610351562,219.67999267578125,286663
2024-06-14 13:30:00+00:00,214.3300018310547,218.8699951171875,212.86500549316406,218.8699951171875,351214
2024-06-14 14:30:00+00:00,212.8699951171875,214.22500610351562,211.63999938964844,214.22500610351562,406396
2024-06-14 15:30:00+00:00,211.64999389648438,213.1999969482422,210.9600067138672,213.02999877929688,375120
2024-06-14 16:30:00+00:00,213.3300018310547,213.36990356445312,211.19000244140625,211.52999877929688,420712
2024-06-14 17:30:00+00:00,214.64500427246094,214.80999755859375,212.58999633789062,213.44000244140625,135819
2024-06-14 18:30:00+00:00,214.9550018310547,214.97999572753906,213.9600067138672,214.59500122070312,139939
2024-06-14 19:30:00+00:00,214.89999389648438,215.42999267578125,213.8000030517578,214.9199981689453,243055
2024-06-17 13:30:00+00:00,210.19000244140625,214.72000122070312,208.7100067138672,213.8699951171875,641986
2024-06-17 14:30:00+00:00,210.94500732421875,212.38999938964844,209.38999938964844,210.4499969482422,281899
2024-06-17 15:30:00+00:00,211.0449981689453,211.35000610351562,210.10000610351562,210.8699951171875,278292
2024-06-17 16:30:00+00:00,210.65499877929688,211.25999450683594,210.4199981689453,211.0850067138672,304444
2024-06-17 17:30:00+00:00,212.67999267578125,213.26870727539062,210.58009338378906,210.58009338378906,211165
2024-06-17 18:30:00+00:00,212.58999633789062,213.35000610351562,212.27999877929688,212.9199981689453,133660
2024-06-17 19:30:00+00:00,212.00999450683594,212.9600067138672,211.50999450683594,212.49000549316406,258068
2024-06-18 13:30:00+00:00,213.27000427246094,214.13999938964844,209.11500549316406,212.7899932861328,373025
2024-06-18 14:30:00+00:00,216.3000030517578,217.91000366210938,213.23500061035156,213.23500061035156,379005
2024-06-18 15:30:00+00:00,218.74000549316406,219.47999572753906,216.22999572753906,216.49000549316406,293771
2024-06-18 16:30:00+00:00,220.24000549316406,221.1999969482422,218.2899932861328,218.6300048828125,290689
2024-06-18 17:30:00+00:00,219.02499389648438,220.52569580078125,218.49609375,220.28500366210938,266471
2024-06-18 18:30:00+00:00,220.1300048828125,220.50999450683594,218.85000610351562,218.9199981689453,255560
2024-06-18 19:30:00+00:00,220.44000244140625,220.99000549316406,219.64999389648438,220.0399932861328,385661
2024-06-20 13:30:00+00:00,223.80999755859375,227.77000427246094,219.8000030517578,223.5,762828
2024-06-20 14:30:00+00:00,223.1699981689453,225.05499267578125,222.35000610351562,223.7550048828125,304268
2024-06-20 15:30:00+00:00,221.8300018310547,223.2899932861328,221.8300018310547,223.1300048828125,196656
2024-06-20 16:30:00+00:00,220.1649932861328,221.89999389648438,219.90089416503906,221.63999938964844,269751
2024-06-20 17:30:00+00:00,222.66000366210938,222.66000366210938,219.2899932861328,220.1699981689453,237023
2024-06-20 18:30:00+00:00,221.7050018310547,222.7100067138672,220.42999267578125,222.7100067138672,272391
2024-06-20 19:30:00+00:00,222.33999633789062,223.1999969482422,221.41000366210938,221.64999389648438,384962
2024-06-21 13:30:00+00:00,218.25999450683594,224.1199951171875,215.7899932861328,223.0,1323760
2024-06-21 14:30:00+00:00,218.5399932861328,220.13999938964844,217.64999389648438,218.43499755859375,197411
2024-06-21 15:30:00+00:00,219.60000610351562,219.86000061035156,218.03280639648438,218.5399932861328,122081
2024-06-21 16:30:00+00:00,218.44000244140625,220.0500030517578,218.0,219.72000122070312,122062
2024-06-21 17:30:00+00:00,219.52000427246094,219.52000427246094,217.7100067138672,218.25,180408
2024-06-21 18:30:00+00:00,219.5,219.77000427246094,218.47000122070312,219.4600067138672,199601
2024-06-21 19:30:00+00:00,218.1300048828125,220.27999877929688,217.55999755859375,219.5500030517578,646818
2024-06-24 13:30:00+00:00,219.39500427246094,220.8300018310547,216.01499938964844,218.0,397832
2024-06-24 14:30:00+00:00,215.5850067138672,220.69500732421875,215.35110473632812,219.58999633789062,287779
2024-06-24 15:30:00+00:00,216.94000244140625,217.75,215.64999389648438,215.75999450683594,184675
2024-06-24 16:30:00+00:00,217.3699951171875,217.5800018310547,215.99000549316406,217.1199951171875,138351
2024-06-24 17:30:00+00:00,216.6699981689453,218.52000427246094,216.52000427246094,217.36500549316406,233231
2024-06-24 18:30:00+00:00,216.85000610351562,218.0050048828125,216.10000610351562,216.50999450683594,282513
2024-06-24 19:30:00+00:00,216.13999938964844,217.10000610351562,215.85000610351562,216.7899932861328,390203
2024-06-25 13:30:00+00:00,218.9199981689453,222.27000427246094,214.17999267578125,216.5,379779
2024-06-25 14:30:00+00:00,220.22999572753906,220.22999572753906,218.24000549316406,218.88999938964844,171839
2024-06-25 15:30:00+00:00,219.5050048828125,220.50999450683594,218.9499969482422,220.2899932861328,111483
2024-06-25 16:30:00+00:00,220.07000732421875,220.7100067138672,218.55999755859375,219.5,158242
2024-06-25 17:30:00+00:00,220.76499938964844,220.77499389648438,219.7100067138672,220.00999450683594,147685
2024-06-25 18:30:00+00:00,221.5,221.5800018310547,220.17999267578125,220.69000244140625,198117
2024-06-25 19:30:00+00:00,222.4600067138672,222.4600067138672,220.83999633789062,221.47000122070312,356578
2024-06-26 13:30:00+00:00,218.7100067138672,222.13999938964844,218.0,220.57000732421875,416747
2024-06-26 14:30:00+00:00,218.2100067138672,219.6999969482422,216.33999633789062,218.7100067138672,463032
2024-06-26 15:30:00+00:00,214.66000366210938,218.52999877929688,212.6699981689453,218.31500244140625,531756
2024-06-26 16:30:00+00:00,213.125,215.4600067138672,210.5,214.94000244140625,414208
2024-06-26 17:30:00+00:00,209.41000366210938,213.99000549316406,208.02999877929688,213.35000610351562,492021
2024-06-26 18:30:00+00:00,208.6199951171875,209.9600067138672,207.4499969482422,209.25,535951
2024-06-26 19:30:00+00:00,210.22000122070312,211.4600067138672,208.52000427246094,208.64999389648438,709105
2024-06-27 13:30:00+00:00,205.4600067138672,207.9199981689453,201.58999633789062,207.9199981689453,1315626
2024-06-27 14:30:00+00:00,202.72999572753906,206.21499633789062,202.7100067138672,205.3699951171875,510157
2024-06-27 15:30:00+00:00,202.41000366210938,202.94000244140625,201.25999450683594,202.8249969482422,510474
2024-06-27 16:30:00+00:00,204.1824951171875,204.41000366210938,201.52999877929688,202.3249969482422,494363
2024-06-27 17:30:00+00:00,204.02999877929688,205.639892578125,203.80999755859375,204.22000122070312,330122
2024-06-27 18:30:00+00:00,206.00999450683594,206.2100067138672,204.0449981689453,204.0449981689453,310138
2024-06-27 19:30:00+00:00,204.7899932861328,206.00999450683594,204.4600067138672,206.00999450683594,484138
2024-06-28 13:30:00+00:00,205.45249938964844,207.3000030517578,201.25,204.89999389648438,324336
2024-06-28 14:30:00+00:00,203.05999755859375,205.93499755859375,202.24000549316406,205.49000549316406,247130
2024-06-28 15:30:00+00:00,202.0399932861328,203.7299041748047,201.5,203.0,234359
2024-06-28 16:30:00+00:00,201.0399932861328,201.99000549316406,200.44009399414062,201.94000244140625,324928
2024-06-28 17:30:00+00:00,201.3800048828125,201.68499755859375,200.3000030517578,201.08999633789062,361394
2024-06-28 18:30:00+00:00,202.8699951171875,203.0399932861328,201.2899932861328,201.3800048828125,278726
2024-06-28 19:30:00+00:00,200.08999633789062,203.7449951171875,199.44000244140625,202.91000366210938,1431044
2024-07-01 13:30:00+00:00,203.881103515625,213.58999633789062,203.2899932861328,208.5,1250845
2024-07-01 14:30:00+00:00,205.38999938964844,205.47000122070312,203.13999938964844,203.8800048828125,269726
2024-07-01 15:30:00+00:00,205.37899780273438,206.1300048828125,204.36000061035156,205.38999938964844,278795
2024-07-01 16:30:00+00:00,205.33999633789062,206.36000061035156,204.83999633789062,205.45449829101562,198849
2024-07-01 17:30:00+00:00,205.58999633789062,205.99899291992188,205.0,205.24850463867188,165253
2024-07-01 18:30:00+00:00,205.11500549316406,205.81500244140625,204.1999969482422,205.62579345703125,264834
2024-07-01 19:30:00+00:00,205.0500030517578,205.55999755859375,204.66000366210938,205.11000061035156,361647
2024-07-02 13:30:00+00:00,205.0050048828125,211.8000030517578,203.10000610351562,203.4600067138672,338321
2024-07-02 14:30:00+00:00,205.1300048828125,206.1999969482422,204.67999267578125,205.10000610351562,204003
2024-07-02 15:30:00+00:00,205.47999572753906,206.0500030517578,204.6300048828125,205.13999938964844,164309
2024-07-02 16:30:00+00:00,205.9600067138672,206.47000122070312,204.75999450683594,205.4499969482422,163603
2024-07-02 17:30:00+00:00,206.42999267578125,206.72999572753906,205.44000244140625,205.8699951171875,149384
2024-07-02 18:30:00+00:00,205.7449951171875,206.49000549316406,205.55999755859375,206.42999267578125,180641
2024-07-02 19:30:00+00:00,206.24000549316406,206.6750030517578,205.5749969482422,205.67999267578125,257577
2024-07-03 13:30:00+00:00,210.74000549316406,211.75999450683594,202.00999450683594,205.30999755859375,488950
2024-07-03 14:30:00+00:00,211.42999267578125,212.42999267578125,210.4199981689453,210.6300048828125,265057
2024-07-03 15:30:00+00:00,211.1750030517578,211.77000427246094,210.44000244140625,211.3699951171875,225928
2024-07-05 13:30:00+00:00,210.27000427246094,212.7144012451172,208.07000732421875,210.0,338909
2024-07-05 14:30:00+00:00,211.07000732421875,211.66000366210938,209.8699951171875,210.10000610351562,188464
2024-07-05 15:30:00+00:00,211.74000549316406,212.1199951171875,210.52999877929688,211.1649932861328,143023
2024-07-05 16:30:00+00:00,211.24710083007812,211.67999267578125,210.9199981689453,211.67999267578125,83555
2024-07-05 17:30:00+00:00,211.1199951171875,211.47999572753906,211.0,211.28500366210938,92010
2024-07-05 18:30:00+00:00,211.11000061035156,211.42999267578125,210.85980224609375,211.22000122070312,141917
2024-07-05 19:30:00+00:00,211.33999633789062,211.8249969482422,210.85000610351562,211.0850067138672,220608
2024-07-08 13:30:00+00:00,215.5,216.3300018310547,211.2899932861328,211.30999755859375,351088
2024-07-08 14:30:00+00:00,215.72000122070312,215.72000122070312,213.7899932861328,215.44500732421875,158235
2024-07-08 15:30:00+00:00,215.5800018310547,215.94500732421875,214.9600067138672,215.69000244140625,175582
2024-07-08 16:30:00+00:00,215.875,216.42999267578125,215.42999267578125,215.58999633789062,162794
2024-07-08 17:30:00+00:00,215.58999633789062,216.16000366210938,215.17999267578125,215.80999755859375,121144
2024-07-08 18:30:00+00:00,214.74249267578125,215.67999267578125,214.5399932861328,215.56500244140625,135641
2024-07-08 19:30:00+00:00,215.80999755859375,215.8699951171875,214.49000549316406,214.64999389648438,253408
2024-07-09 13:30:00+00:00,218.32000732421875,221.58999633789062,217.0,217.0,362222
2024-07-09 14:30:00+00:00,218.72999572753906,219.68499755859375,217.8000030517578,218.3300018310547,133789
2024-07-09 15:30:00+00:00,221.6999969482422,222.3697967529297,218.6999969482422,218.80999755859375,228380
2024-07-09 16:30:00+00:00,219.3699951171875,221.8800048828125,219.08999633789062,221.72000122070312,237104
2024-07-09 17:30:00+00:00,215.60499572753906,219.72000122070312,215.13999938964844,219.53500366210938,197899
2024-07-09 18:30:00+00:00,216.0,216.61000061035156,215.08999633789062,215.6999969482422,171883
2024-07-09 19:30:00+00:00,215.9600067138672,216.10000610351562,215.3300018310547,215.94500732421875,210601
2024-07-10 13:30:00+00:00,215.3000030517578,218.17999267578125,213.74009704589844,218.02000427246094,232593
2024-07-10 14:30:00+00:00,217.14999389648438,217.14999389648438,214.8300018310547,215.47999572753906,179828
2024-07-10 15:30:00+00:00,217.75,217.8800048828125,216.6699981689453,216.98500061035156,139885
2024-07-10 16:30:00+00:00,217.53500366210938,218.41990661621094,217.27000427246094,217.78280639648438,129600
2024-07-10 17:30:00+00:00,218.4600067138672,218.5,217.3800048828125,217.4709930419922,131460
2024-07-10 18:30:00+00:00,219.05999755859375,219.49000549316406,218.07000732421875,218.32000732421875,240461
2024-07-10 19:30:00+00:00,219.75999450683594,219.9600067138672,218.4600067138672,219.0500030517578,331160
2024-07-11 13:30:00+00:00,217.72000122070312,220.54269409179688,217.00999450683594,219.5500030517578,300163
2024-07-11 14:30:00+00:00,216.25999450683594,219.17990112304688,215.47000122070312,217.40499877929688,307009
2024-07-11 15:30:00+00:00,216.1800994873047,217.60000610351562,215.5800018310547,216.25,388625
2024-07-11 16:30:00+00:00,216.52499389648438,217.0164031982422,215.7100067138672,216.1800994873047,159994
2024-07-11 17:30:00+00:00,216.44000244140625,217.14999389648438,216.30999755859375,216.41000366210938,129540
2024-07-11 18:30:00+00:00,215.25,217.05999755859375,215.19009399414062,216.49000549316406,241186
2024-07-11 19:30:00+00:00,216.77000427246094,217.1999969482422,215.25,215.35000610351562,496791
2024-07-12 13:30:00+00:00,216.7100067138672,218.66000366210938,212.3070068359375,216.25999450683594,239613
2024-07-12 14:30:00+00:00,219.0749969482422,219.61000061035156,216.97999572753906,216.97999572753906,175168
2024-07-12 15:30:00+00:00,220.0,220.5,218.58009338378906,219.0749969482422,287440
2024-07-12 16:30:00+00:00,219.9586944580078,220.67999267578125,219.13999938964844,219.9199981689453,126880
2024-07-12 17:30:00+00:00,220.5,221.139892578125,219.66000366210938,219.67999267578125,131027
2024-07-12 18:30:00+00:00,218.7209930419922,220.8699951171875,218.1649932861328,220.625,188196
2024-07-12 19:30:00+00:00,217.13999938964844,218.72999572753906,216.80999755859375,218.4199981689453,192312
2024-07-15 13:30:00+00:00,216.02000427246094,219.4600067138672,212.5,217.0,376361
2024-07-15 14:30:00+00:00,214.1999969482422,216.30999755859375,214.1999969482422,215.83999633789062,141947
2024-07-15 15:30:00+00:00,213.9550018310547,214.41000366210938,212.57000732421875,214.02000427246094,185934
2024-07-15 16:30:00+00:00,214.7949981689453,216.05999755859375,213.66000366210938,213.91000366210938,151898
2024-07-15 17:30:00+00:00,214.02999877929688,214.99000549316406,213.47999572753906,214.7899932861328,142503
2024-07-15 18:30:00+00:00,212.02499389648438,214.0050048828125,211.63800048828125,214.0,246861
2024-07-15 19:30:00+00:00,212.86000061035156,212.9499969482422,212.02000427246094,212.3300018310547,265509
2024-07-16 13:30:00+00:00,209.33999633789062,214.99000549316406,207.1199951171875,214.13999938964844,542018
2024-07-16 14:30:00+00:00,207.8350067138672,210.0,207.5500030517578,209.44000244140625,396058
2024-07-16 15:30:00+00:00,207.88999938964844,210.10000610351562,207.4199981689453,207.8350067138672,293176
2024-07-16 16:30:00+00:00,207.02999877929688,208.14500427246094,206.58999633789062,207.77999877929688,370090
2024-07-16 17:30:00+00:00,206.0500030517578,207.3699951171875,205.8800048828125,206.97999572753906,577805
2024-07-16 18:30:00+00:00,205.5,207.05999755859375,204.74000549316406,206.0500030517578,508960
2024-07-16 19:30:00+00:00,204.8800048828125,206.33999633789062,204.05999755859375,205.47000122070312,563831
2024-07-17 13:30:00+00:00,196.22610473632812,202.60000610351562,195.5,202.1300048828125,862110
2024-07-17 14:30:00+00:00,194.0800018310547,196.33709716796875,193.00999450683594,195.99000549316406,716142
2024-07-17 15:30:00+00:00,192.1096954345703,194.0800018310547,191.85000610351562,194.0800018310547,568827
2024-07-17 16:30:00+00:00,190.6649932861328,192.17999267578125,189.64999389648438,191.99000549316406,549340
2024-07-17 17:30:00+00:00,189.8800048828125,191.3699951171875,188.41000366210938,190.75,499873
2024-07-17 18:30:00+00:00,187.6699981689453,190.92999267578125,187.5399932861328,189.86000061035156,952713
2024-07-17 19:30:00+00:00,186.67999267578125,188.17999267578125,185.7899932861328,187.63999938964844,1487967
2024-07-18 13:30:00+00:00,184.6199951171875,192.83999633789062,184.1999969482422,190.3699951171875,639952
2024-07-18 14:30:00+00:00,180.3000030517578,184.94000244140625,180.1999969482422,184.60000610351562,1075566
2024-07-18 15:30:00+00:00,178.97999572753906,180.36000061035156,178.07000732421875,180.33999633789062,729704
2024-07-18 16:30:00+00:00,184.00999450683594,184.4499969482422,178.7801055908203,179.06500244140625,528997
2024-07-18 17:30:00+00:00,183.9499969482422,184.94000244140625,182.9199981689453,184.0749969482422,857085
2024-07-18 18:30:00+00:00,185.64999389648438,185.6999969482422,183.3000030517578,183.98500061035156,542470
2024-07-18 19:30:00+00:00,187.22000122070312,187.39999389648438,185.27999877929688,185.66000366210938,638388
2024-07-19 13:30:00+00:00,186.8300018310547,188.99000549316406,186.4499969482422,188.02000427246094,395191
2024-07-19 14:30:00+00:00,187.66000366210938,188.60000610351562,186.4499969482422,186.8300018310547,197137
2024-07-19 15:30:00+00:00,188.39999389648438,189.39999389648438,186.94000244140625,187.55499267578125,280092
2024-07-19 16:30:00+00:00,187.88499450683594,188.92999267578125,187.19500732421875,188.30499267578125,248997
2024-07-19 17:30:00+00:00,187.9824981689453,188.66000366210938,187.3300018310547,187.80999755859375,248921
2024-07-19 18:30:00+00:00,189.0,189.94000244140625,187.75,187.97000122070312,300512
2024-07-19 19:30:00+00:00,189.32000732421875,189.6300048828125,188.5800018310547,188.97999572753906,678904
2024-07-22 13:30:00+00:00,189.97000122070312,196.77999877929688,189.06500244140625,192.3699951171875,457625
2024-07-22 14:30:00+00:00,189.39999389648438,191.33999633789062,189.1300048828125,189.85000610351562,162546
2024-07-22 15:30:00+00:00,189.27999877929688,189.72000122070312,188.61000061035156,189.39500427246094,110136
2024-07-22 16:30:00+00:00,190.55999755859375,191.0800018310547,188.99000549316406,189.24000549316406,159925
2024-07-22 17:30:00+00:00,190.0800018310547,190.94000244140625,189.88999938964844,190.48500061035156,129092
2024-07-22 18:30:00+00:00,190.1300048828125,190.49000549316406,189.17999267578125,190.0800018310547,185545
2024-07-22 19:30:00+00:00,190.3000030517578,191.02000427246094,190.10000610351562,190.25,259071
2024-07-23 13:30:00+00:00,191.2899932861328,191.74000549316406,188.60000610351562,189.64999389648438,205754
2024-07-23 14:30:00+00:00,190.40499877929688,191.2899932861328,189.5500030517578,191.2899932861328,203607
2024-07-23 15:30:00+00:00,191.1490020751953,191.96009826660156,190.3699951171875,190.39999389648438,97576
2024-07-23 16:30:00+00:00,191.35000610351562,191.9600067138672,191.05999755859375,191.28500366210938,109472
2024-07-23 17:30:00+00:00,190.9499969482422,191.61000061035156,190.83999633789062,191.27999877929688,190796
2024-07-23 18:30:00+00:00,191.64999389648438,192.16180419921875,190.86000061035156,190.9499969482422,90151
2024-07-23 19:30:00+00:00,189.8300018310547,191.67999267578125,189.75999450683594,191.6649932861328,205008
2024-07-24 13:30:00+00:00,180.0050048828125,188.2899932861328,179.3699951171875,188.2899932861328,792496
2024-07-24 14:30:00+00:00,177.44500732421875,180.68870544433594,177.08999633789062,179.94000244140625,753175
2024-07-24 15:30:00+00:00,175.75999450683594,178.5500030517578,175.75999450683594,177.52000427246094,780463
2024-07-24 16:30:00+00:00,177.87049865722656,178.6199951171875,175.14999389648438,175.75999450683594,454850
2024-07-24 17:30:00+00:00,176.60000610351562,178.02000427246094,176.39999389648438,177.88499450683594,310420
2024-07-24 18:30:00+00:00,174.86500549316406,176.97000122070312,174.77000427246094,176.7100067138672,474482
2024-07-24 19:30:00+00:00,175.08999633789062,175.77999877929688,174.7100067138672,174.91000366210938,686222
2024-07-25 13:30:00+00:00,170.66000366210938,176.6999969482422,165.8699951171875,176.6999969482422,1736594
2024-07-25 14:30:00+00:00,170.7050018310547,172.85000610351562,169.85000610351562,170.72000122070312,661878
2024-07-25 15:30:00+00:00,172.75,173.25999450683594,169.91000366210938,170.63999938964844,615028
2024-07-25 16:30:00+00:00,170.1199951171875,172.80999755859375,169.9949951171875,172.57000732421875,460002
2024-07-25 17:30:00+00:00,170.1199951171875,170.6999969482422,169.57000732421875,170.125,387737
2024-07-25 18:30:00+00:00,171.16000366210938,171.46499633789062,168.04010009765625,170.05999755859375,468053
2024-07-25 19:30:00+00:00,170.3699951171875,171.25999450683594,169.7928924560547,171.07000732421875,713225
2024-07-26 13:30:00+00:00,173.1699981689453,177.07000732421875,172.12249755859375,176.5399932861328,457362
2024-07-26 14:30:00+00:00,173.39999389648438,173.6199951171875,171.44000244140625,173.0,288068
2024-07-26 15:30:00+00:00,173.6278076171875,174.07000732421875,173.25999450683594,173.4600067138672,194617
2024-07-26 16:30:00+00:00,174.33389282226562,174.5,173.47999572753906,173.72500610351562,229320
2024-07-26 17:30:00+00:00,174.875,175.27999877929688,174.10000610351562,174.30999755859375,306147
2024-07-26 18:30:00+00:00,174.72500610351562,175.17999267578125,174.14999389648438,174.875,254816
2024-07-26 19:30:00+00:00,175.16000366210938,175.3699951171875,174.57000732421875,174.61000061035156,613381
2024-07-29 13:30:00+00:00,173.6199951171875,177.14990234375,173.4600067138672,176.0500030517578,315123
2024-07-29 14:30:00+00:00,171.63999938964844,173.75990295410156,171.12820434570312,173.52000427246094,257564
2024-07-29 15:30:00+00:00,174.39999389648438,174.8800048828125,171.33999633789062,171.6300048828125,267035
2024-07-29 16:30:00+00:00,174.00999450683594,174.8300018310547,173.77000427246094,174.47999572753906,176360
2024-07-29 17:30:00+00:00,173.43499755859375,174.22000122070312,172.97000122070312,174.02999877929688,172271
2024-07-29 18:30:00+00:00,173.8249969482422,174.2100067138672,172.97000122070312,173.29010009765625,193967
2024-07-29 19:30:00+00:00,172.6699981689453,174.08999633789062,172.6300048828125,173.9199981689453,396503
2024-07-30 13:30:00+00:00,170.5399932861328,175.02999877929688,170.02000427246094,173.47000122070312,367834
2024-07-30 14:30:00+00:00,167.30999755859375,170.72000122070312,166.9199981689453,170.36500549316406,808858
2024-07-30 15:30:00+00:00,167.89999389648438,168.17999267578125,166.1699981689453,167.30999755859375,499804
2024-07-30 16:30:00+00:00,166.74000549316406,168.00999450683594,165.75,167.69000244140625,358901
2024-07-30 17:30:00+00:00,168.25,168.61000061035156,166.39999389648438,166.72000122070312,255949
2024-07-30 18:30:00+00:00,168.0449981689453,168.41000366210938,167.5800018310547,168.14999389648438,245826
2024-07-30 19:30:00+00:00,168.67999267578125,169.3000030517578,167.61000061035156,168.0449981689453,492129
2024-07-31 13:30:00+00:00,184.63999938964844,196.5,183.02000427246094,193.75999450683594,2220436
2024-07-31 14:30:00+00:00,185.6199951171875,187.75999450683594,184.86500549316406,184.94000244140625,804263
2024-07-31 15:30:00+00:00,188.03500366210938,188.49000549316406,185.57000732421875,185.57000732421875,658204
2024-07-31 16:30:00+00:00,187.40789794921875,188.49000549316406,186.91000366210938,188.03500366210938,523014
2024-07-31 17:30:00+00:00,189.17999267578125,189.46620178222656,186.66000366210938,187.40499877929688,678139
2024-07-31 18:30:00+00:00,189.60000610351562,191.25999450683594,189.00999450683594,189.14999389648438,756468
2024-07-31 19:30:00+00:00,189.77000427246094,191.35499572753906,189.24000549316406,189.60000610351562,1030146
2024-08-01 13:30:00+00:00,187.53500366210938,194.27000427246094,187.10000610351562,188.29200744628906,821517
2024-08-01 14:30:00+00:00,183.00999450683594,188.22500610351562,182.25999450683594,187.47720336914062,624876
2024-08-01 15:30:00+00:00,181.7899932861328,183.1199951171875,180.77999877929688,182.80999755859375,460980
2024-08-01 16:30:00+00:00,178.6699981689453,181.6199951171875,178.5500030517578,181.5850067138672,300613
2024-08-01 17:30:00+00:00,177.65499877929688,179.07000732421875,177.27999877929688,178.6750030517578,296363
2024-08-01 18:30:00+00:00,178.04469299316406,178.72000122070312,176.6199951171875,177.65499877929688,417432
2024-08-01 19:30:00+00:00,177.50999450683594,178.7624969482422,177.1300048828125,178.1699981689453,631920
2024-08-02 13:30:00+00:00,168.1699981689453,175.3300018310547,165.47999572753906,174.6300048828125,1178653
2024-08-02 14:30:00+00:00,167.97999572753906,169.6999969482422,166.0,168.0800018310547,783128
2024-08-02 15:30:00+00:00,169.11000061035156,170.47000122070312,167.57000732421875,167.8000030517578,530963
2024-08-02 16:30:00+00:00,168.05499267578125,169.63999938964844,166.8300018310547,169.0399932861328,482131
2024-08-02 17:30:00+00:00,167.1649932861328,168.3300018310547,166.85000610351562,168.05499267578125,250522
2024-08-02 18:30:00+00:00,164.99000549316406,167.92999267578125,161.43800354003906,167.1699981689453,1580541
2024-08-02 19:30:00+00:00,167.22000122070312,167.3000030517578,164.91000366210938,165.0500030517578,777735
2024-08-05 13:30:00+00:00,165.5800018310547,167.5500030517578,156.0,156.41000366210938,1103585
2024-08-05 14:30:00+00:00,169.7100067138672,171.0,164.6999969482422,165.5800018310547,658414
2024-08-05 15:30:00+00:00,172.4499969482422,172.75999450683594,169.41000366210938,169.57000732421875,658767
2024-08-05 16:30:00+00:00,170.7899932861328,172.36000061035156,168.80999755859375,172.32000732421875,512623
2024-08-05 17:30:00+00:00,170.2449951171875,171.3498992919922,169.0500030517578,170.8800048828125,453172
2024-08-05 18:30:00+00:00,170.4499969482422,170.64999389648438,168.75,170.10000610351562,503064
2024-08-05 19:30:00+00:00,170.0,170.97000122070312,169.4499969482422,170.49000549316406,996168
2024-08-06 13:30:00+00:00,175.6199951171875,177.47000122070312,168.38999938964844,174.24000549316406,854875
2024-08-06 14:30:00+00:00,178.9600067138672,183.5800018310547,174.6699981689453,175.3000030517578,1483517
2024-08-06 15:30:00+00:00,180.97000122070312,181.36000061035156,177.0,178.9949951171875,482332
2024-08-06 16:30:00+00:00,181.72000122070312,182.75999450683594,180.27000427246094,180.97999572753906,391959
2024-08-06 17:30:00+00:00,182.64999389648438,182.9600067138672,181.2899932861328,181.74000549316406,522560
2024-08-06 18:30:00+00:00,181.97500610351562,183.8300018310547,180.05999755859375,182.5399932861328,525895
2024-08-06 19:30:00+00:00,180.94000244140625,183.19000244140625,180.60000610351562,181.97500610351562,826141
2024-08-07 13:30:00+00:00,185.5850067138672,190.08999633789062,183.0,190.08999633789062,973032
2024-08-07 14:30:00+00:00,186.4550018310547,187.8000030517578,184.25,185.5850067138672,620938
2024-08-07 15:30:00+00:00,184.33999633789062,186.66000366210938,182.0,186.66000366210938,612862
2024-08-07 16:30:00+00:00,181.7050018310547,185.3000030517578,180.35000610351562,184.36000061035156,622280
2024-08-07 17:30:00+00:00,177.72999572753906,182.7899932861328,177.22999572753906,181.69000244140625,590098
2024-08-07 18:30:00+00:00,179.47000122070312,179.9698944091797,176.89999389648438,177.8249969482422,373219
2024-08-07 19:30:00+00:00,179.64999389648438,181.36000061035156,179.24000549316406,179.58999633789062,520259
2024-08-08 13:30:00+00:00,183.42999267578125,184.55999755859375,176.4199981689453,183.5,467503
2024-08-08 14:30:00+00:00,185.14999389648438,186.0,182.53590393066406,183.3800048828125,420958
2024-08-08 15:30:00+00:00,186.6199951171875,186.66000366210938,184.6300048828125,185.27999877929688,302209
2024-08-08 16:30:00+00:00,185.87489318847656,186.5850067138672,184.7220001220703,186.4199981689453,288286
2024-08-08 17:30:00+00:00,186.83999633789062,187.5500030517578,185.7899932861328,185.86000061035156,422736
2024-08-08 18:30:00+00:00,186.35000610351562,187.0500030517578,185.82000732421875,186.72000122070312,305123
2024-08-08 19:30:00+00:00,187.10499572753906,187.6300048828125,186.07000732421875,186.22000122070312,620083
2024-08-09 13:30:00+00:00,185.4949951171875,188.33999633789062,183.07000732421875,187.0800018310547,371012
2024-08-09 14:30:00+00:00,186.4550018310547,187.27000427246094,184.92999267578125,185.7100067138672,204955
2024-08-09 15:30:00+00:00,187.31500244140625,188.27000427246094,186.52000427246094,186.60000610351562,279985
2024-08-09 16:30:00+00:00,189.24000549316406,189.2899932861328,187.13999938964844,187.30999755859375,459958
2024-08-09 17:30:00+00:00,187.92999267578125,189.5,187.58999633789062,189.2550048828125,410094
2024-08-09 18:30:00+00:00,189.66000366210938,190.08999633789062,187.61000061035156,187.96499633789062,331638
2024-08-09 19:30:00+00:00,190.0,190.05999755859375,188.88999938964844,189.67990112304688,655264
2024-08-12 13:30:00+00:00,187.8699951171875,190.8300018310547,183.6999969482422,190.0,454922
2024-08-12 14:30:00+00:00,187.6699981689453,189.05999755859375,186.85000610351562,187.63999938964844,260980
2024-08-12 15:30:00+00:00,188.31500244140625,189.52999877929688,187.1300048828125,187.56500244140625,238344
2024-08-12 16:30:00+00:00,188.38999938964844,188.72000122070312,187.5749969482422,188.4600067138672,183527
2024-08-12 17:30:00+00:00,186.72500610351562,188.3000030517578,186.42999267578125,188.3000030517578,162572
2024-08-12 18:30:00+00:00,186.5,186.86000061035156,186.0,186.72500610351562,182553
2024-08-12 19:30:00+00:00,187.4499969482422,187.50999450683594,186.5,186.5500030517578,238265
2024-08-13 13:30:00+00:00,190.5500030517578,190.5500030517578,187.7449951171875,189.33999633789062,299970
2024-08-13 14:30:00+00:00,187.99000549316406,190.7100067138672,187.7100067138672,190.60000610351562,212968
2024-08-13 15:30:00+00:00,187.71499633789062,188.2899932861328,187.07000732421875,187.9600067138672,263466
2024-08-13 16:30:00+00:00,189.4149932861328,189.89999389648438,187.35000610351562,187.64999389648438,247324
2024-08-13 17:30:00+00:00,189.77999877929688,190.05999755859375,188.60000610351562,189.4149932861328,263241
2024-08-13 18:30:00+00:00,188.86500549316406,190.42999267578125,188.75999450683594,189.84500122070312,249775
2024-08-13 19:30:00+00:00,189.41000366210938,189.49000549316406,188.10800170898438,188.9499969482422,308226
2024-08-14 13:30:00+00:00,187.07000732421875,189.889892578125,182.2100067138672,189.41000366210938,508716
2024-08-14 14:30:00+00:00,188.18499755859375,188.7899932861328,186.25999450683594,187.1300048828125,379161
2024-08-14 15:30:00+00:00,187.72999572753906,188.875,187.11000061035156,188.3000030517578,310578
2024-08-14 16:30:00+00:00,186.60000610351562,187.82000732421875,186.16299438476562,187.60499572753906,154943
2024-08-14 17:30:00+00:00,186.9499969482422,187.0,185.44000244140625,186.39999389648438,142715
2024-08-14 18:30:00+00:00,185.97999572753906,187.30999755859375,185.8350067138672,186.80999755859375,152353
2024-08-14 19:30:00+00:00,186.13999938964844,186.72999572753906,185.84100341796875,185.88999938964844,303212
2024-08-15 13:30:00+00:00,189.7675018310547,189.7675018310547,185.5500030517578,185.9149932861328,490573
2024-08-15 14:30:00+00:00,190.96499633789062,192.32000732421875,189.60000610351562,189.77999877929688,463622
2024-08-15 15:30:00+00:00,191.6699981689453,191.7550048828125,190.83999633789062,191.02999877929688,288531
2024-08-15 16:30:00+00:00,191.78500366210938,192.1199951171875,191.1699981689453,191.625,376180
2024-08-15 17:30:00+00:00,192.1199951171875,192.49000549316406,191.6999969482422,191.8800048828125,280799
2024-08-15 18:30:00+00:00,191.06500244140625,192.5800018310547,191.02999877929688,192.08999633789062,313521
2024-08-15 19:30:00+00:00,190.44000244140625,191.32000732421875,190.02000427246094,191.0800018310547,385737
2024-08-16 13:30:00+00:00,187.06500244140625,191.36000061035156,185.8300018310547,191.33999633789062,579907
2024-08-16 14:30:00+00:00,190.22999572753906,190.39999389648438,187.125,187.1300048828125,233352
2024-08-16 15:30:00+00:00,188.8249969482422,190.25999450683594,188.67999267578125,190.1750030517578,271851
2024-08-16 16:30:00+00:00,189.9600067138672,190.2899932861328,188.71200561523438,188.8699951171875,197483
2024-08-16 17:30:00+00:00,190.30999755859375,190.39999389648438,189.47999572753906,189.91000366210938,154305
2024-08-16 18:30:00+00:00,189.2100067138672,190.47000122070312,189.1199951171875,190.35000610351562,232303
2024-08-16 19:30:00+00:00,189.9499969482422,190.27000427246094,189.1999969482422,189.24000549316406,396489
2024-08-19 13:30:00+00:00,186.4550018310547,189.25999450683594,185.55999755859375,189.25999450683594,431655
2024-08-19 14:30:00+00:00,187.14999389648438,187.60000610351562,186.51499938964844,186.5800018310547,226164
2024-08-19 15:30:00+00:00,190.6699981689453,191.22999572753906,187.24000549316406,187.33999633789062,229106
2024-08-19 16:30:00+00:00,190.5399932861328,190.74000549316406,190.00999450683594,190.7100067138672,157269
2024-08-19 17:30:00+00:00,191.0850067138672,191.24000549316406,190.3300018310547,190.6300048828125,139440
2024-08-19 18:30:00+00:00,191.30999755859375,191.8300018310547,191.0,191.13999938964844,119416
2024-08-19 19:30:00+00:00,192.86000061035156,192.8699951171875,191.30999755859375,191.30999755859375,257027
2024-08-20 13:30:00+00:00,190.57000732421875,193.3000030517578,189.69000244140625,193.0,184464
2024-08-20 14:30:00+00:00,191.11000061035156,191.64999389648438,190.17999267578125,190.5850067138672,108230
2024-08-20 15:30:00+00:00,191.2100067138672,191.99000549316406,190.47999572753906,191.16000366210938,86329
2024-08-20 16:30:00+00:00,190.7899932861328,191.47000122070312,190.66000366210938,191.22869873046875,68638
2024-08-20 17:30:00+00:00,191.3300018310547,191.59500122070312,190.47999572753906,190.58999633789062,84225
2024-08-20 18:30:00+00:00,191.17999267578125,191.77999877929688,190.83999633789062,191.24000549316406,116205
2024-08-20 19:30:00+00:00,190.66000366210938,191.67999267578125,190.6199951171875,191.19000244140625,209387
2024-08-21 13:30:00+00:00,194.6300048828125,195.85000610351562,190.98500061035156,191.47999572753906,304302
2024-08-21 14:30:00+00:00,196.7899932861328,197.3300018310547,194.27999877929688,194.6300048828125,228993
2024-08-21 15:30:00+00:00,196.05499267578125,196.8300018310547,194.4199981689453,196.77000427246094,156855
2024-08-21 16:30:00+00:00,195.99000549316406,197.07000732421875,195.97999572753906,196.1300048828125,146419
2024-08-21 17:30:00+00:00,196.75,196.92999267578125,195.8300018310547,196.01499938964844,170928
2024-08-21 18:30:00+00:00,196.17999267578125,196.86500549316406,195.66000366210938,196.8000030517578,302185
2024-08-21 19:30:00+00:00,196.7899932861328,196.9199981689453,195.9499969482422,196.11000061035156,377431
2024-08-22 13:30:00+00:00,195.72999572753906,198.3699951171875,195.14999389648438,195.91000366210938,178517
2024-08-22 14:30:00+00:00,196.1300048828125,196.86000061035156,195.43499755859375,195.72000122070312,104734
2024-08-22 15:30:00+00:00,196.8800048828125,196.94000244140625,195.36000061035156,196.27099609375,116346
2024-08-22 16:30:00+00:00,196.5399932861328,198.8074951171875,195.9149932861328,196.99000549316406,172315
2024-08-22 17:30:00+00:00,196.37620544433594,196.97999572753906,195.88999938964844,196.69000244140625,174644
2024-08-22 18:30:00+00:00,195.58999633789062,196.74000549316406,195.52000427246094,196.33999633789062,124694
2024-08-22 19:30:00+00:00,194.94000244140625,196.08999633789062,194.7100067138672,195.6999969482422,337444
2024-08-23 13:30:00+00:00,195.0500030517578,197.1199951171875,193.75999450683594,195.00999450683594,627590
2024-08-23 14:30:00+00:00,195.64999389648438,195.92999267578125,192.52000427246094,195.19000244140625,282367
2024-08-23 15:30:00+00:00,195.27499389648438,196.7100067138672,194.77000427246094,195.875,248898
2024-08-23 16:30:00+00:00,195.52999877929688,195.77999877929688,194.47999572753906,195.5500030517578,280977
2024-08-23 17:30:00+00:00,195.0,196.44000244140625,194.3000030517578,195.52999877929688,279617
2024-08-23 18:30:00+00:00,195.22999572753906,195.24000549316406,193.47000122070312,195.16000366210938,161034
2024-08-23 19:30:00+00:00,194.97999572753906,196.0,194.7100067138672,195.24000549316406,336141
2024-08-26 13:30:00+00:00,195.32000732421875,197.99000549316406,194.99000549316406,195.5,354608
2024-08-26 14:30:00+00:00,195.0,195.5050048828125,193.77000427246094,195.2949981689453,154429
2024-08-26 15:30:00+00:00,193.99000549316406,194.8699951171875,193.5,194.8699951171875,180656
2024-08-26 16:30:00+00:00,194.5800018310547,194.61000061035156,193.8000030517578,194.0800018310547,134997
2024-08-26 17:30:00+00:00,194.8699951171875,194.8699951171875,193.13499450683594,194.52000427246094,119728
2024-08-26 18:30:00+00:00,195.30499267578125,195.41000366210938,194.63999938964844,194.97000122070312,160694
2024-08-26 19:30:00+00:00,194.72000122070312,195.64999389648438,194.58999633789062,195.27000427246094,358195
2024-08-27 13:30:00+00:00,197.02499389648438,198.02999877929688,193.57000732421875,194.88999938964844,335757
2024-08-27 14:30:00+00:00,195.07000732421875,198.3000030517578,195.0399932861328,197.0500030517578,186516
2024-08-27 15:30:00+00:00,196.0850067138672,196.13999938964844,194.6999969482422,195.02000427246094,524071
2024-08-27 16:30:00+00:00,195.88999938964844,196.33999633789062,195.32000732421875,196.0850067138672,73464
2024-08-27 17:30:00+00:00,196.01499938964844,196.1300048828125,195.5,196.0399932861328,67112
2024-08-27 18:30:00+00:00,196.69000244140625,196.72999572753906,195.75,196.02000427246094,105472
2024-08-27 19:30:00+00:00,196.1300048828125,197.02200317382812,196.0399932861328,196.64999389648438,204676
2024-08-28 13:30:00+00:00,196.14500427246094,197.4499969482422,194.61500549316406,197.19000244140625,465733
2024-08-28 14:30:00+00:00,194.3000030517578,196.72999572753906,194.05999755859375,196.27999877929688,580337
2024-08-28 15:30:00+00:00,194.74000549316406,196.25,193.92999267578125,194.10000610351562,150312
2024-08-28 16:30:00+00:00,195.25,195.97000122070312,194.42999267578125,194.69000244140625,168908
2024-08-28 17:30:00+00:00,192.9949951171875,195.25869750976562,192.41000366210938,195.19000244140625,212370
2024-08-28 18:30:00+00:00,194.05999755859375,195.01499938964844,192.6300048828125,192.92999267578125,148901
2024-08-28 19:30:00+00:00,193.83999633789062,194.1699981689453,193.5,194.05499267578125,357675
2024-08-29 13:30:00+00:00,194.8300018310547,195.91000366210938,193.0,195.91000366210938,350140
2024-08-29 14:30:00+00:00,198.30999755859375,198.9600067138672,194.88999938964844,195.10000610351562,467772
2024-08-29 15:30:00+00:00,198.2899932861328,199.11000061035156,197.32000732421875,198.5399932861328,271048
2024-08-29 16:30:00+00:00,197.33999633789062,198.4199981689453,197.10000610351562,198.35000610351562,174276
2024-08-29 17:30:00+00:00,193.86000061035156,197.47000122070312,193.86000061035156,197.19000244140625,288021
2024-08-29 18:30:00+00:00,193.89500427246094,194.10000610351562,192.35980224609375,193.80999755859375,332940
2024-08-29 19:30:00+00:00,194.4499969482422,194.77999877929688,193.42999267578125,193.94000244140625,277592
2024-08-30 13:30:00+00:00,196.8800048828125,197.2100067138672,195.52999877929688,195.5399932861328,254548
2024-08-30 14:30:00+00:00,196.1649932861328,197.24000549316406,195.1999969482422,196.875,226593
2024-08-30 15:30:00+00:00,196.33999633789062,197.3249969482422,195.6649932861328,196.05999755859375,175622
2024-08-30 16:30:00+00:00,196.66290283203125,197.11000061035156,195.49000549316406,196.07000732421875,138942
2024-08-30 17:30:00+00:00,196.96499633789062,197.1999969482422,196.52000427246094,196.66000366210938,128892
2024-08-30 18:30:00+00:00,197.66000366210938,197.80999755859375,196.88999938964844,196.88999938964844,143797
2024-08-30 19:30:00+00:00,196.69000244140625,197.73080444335938,196.52999877929688,197.72000122070312,456164
2024-09-03 13:30:00+00:00,186.9499969482422,195.8000030517578,186.2899932861328,195.5,578698
2024-09-03 14:30:00+00:00,183.63499450683594,187.14999389648438,182.3699951171875,186.83999633789062,514707
2024-09-03 15:30:00+00:00,181.39500427246094,183.8300018310547,180.61000061035156,183.52999877929688,493395
2024-09-03 16:30:00+00:00,180.5,181.39500427246094,179.58999633789062,181.39500427246094,402042
2024-09-03 17:30:00+00:00,179.02000427246094,180.66000366210938,178.86000061035156,180.5800018310547,384450
2024-09-03 18:30:00+00:00,178.7550048828125,179.2100067138672,178.5,179.14999389648438,461811
2024-09-03 19:30:00+00:00,177.72999572753906,179.0749969482422,177.17999267578125,178.7550048828125,867107
2024-09-04 13:30:00+00:00,179.3350067138672,180.71499633789062,176.0,177.6199951171875,689398
2024-09-04 14:30:00+00:00,180.5800018310547,181.27000427246094,179.4600067138672,179.4600067138672,290061
2024-09-04 15:30:00+00:00,181.01499938964844,181.19000244140625,179.92999267578125,180.4600067138672,221155
2024-09-04 16:30:00+00:00,182.0198974609375,182.2449951171875,180.51499938964844,181.01499938964844,284935
2024-09-04 17:30:00+00:00,180.92999267578125,182.75,180.60650634765625,181.82009887695312,231409
2024-09-04 18:30:00+00:00,179.62229919433594,181.05999755859375,178.75999450683594,180.91000366210938,417992
2024-09-04 19:30:00+00:00,177.52000427246094,179.62750244140625,177.41000366210938,179.62010192871094,660135
2024-09-05 13:30:00+00:00,178.27000427246094,179.60499572753906,175.61000061035156,177.0,509024
2024-09-05 14:30:00+00:00,176.4499969482422,178.63999938964844,176.16000366210938,178.22500610351562,291995
2024-09-05 15:30:00+00:00,177.13999938964844,177.19000244140625,175.7100067138672,176.22999572753906,173332
2024-09-05 16:30:00+00:00,175.9600067138672,177.60000610351562,175.9550018310547,177.13999938964844,143789
2024-09-05 17:30:00+00:00,176.9949951171875,177.3000030517578,175.8300018310547,176.05999755859375,212646
2024-09-05 18:30:00+00:00,176.3249969482422,177.5399932861328,175.98500061035156,177.0399932861328,272163
2024-09-05 19:30:00+00:00,176.16000366210938,176.75,175.13999938964844,176.3625030517578,485247
2024-09-06 13:30:00+00:00,173.50999450683594,176.63999938964844,173.05999755859375,176.17999267578125,541386
2024-09-06 14:30:00+00:00,173.5,174.9199981689453,172.67999267578125,174.02999877929688,278131
2024-09-06 15:30:00+00:00,172.47999572753906,173.75,171.9499969482422,173.38999938964844,335961
2024-09-06 16:30:00+00:00,172.86000061035156,173.35000610351562,172.17999267578125,172.47999572753906,262450
2024-09-06 17:30:00+00:00,173.64999389648438,174.6649932861328,172.86000061035156,172.94500732421875,326606
2024-09-06 18:30:00+00:00,174.42640686035156,174.50999450683594,173.58999633789062,173.64999389648438,370307
2024-09-06 19:30:00+00:00,173.1300048828125,174.3699951171875,173.02000427246094,174.3000030517578,594598
2024-09-09 13:30:00+00:00,171.8300018310547,176.35000610351562,171.8300018310547,176.35000610351562,308750
2024-09-09 14:30:00+00:00,173.42999267578125,173.42999267578125,171.0399932861328,171.9199981689453,324518
2024-09-09 15:30:00+00:00,174.27000427246094,174.81500244140625,173.3000030517578,173.42999267578125,282291
2024-09-09 16:30:00+00:00,174.9949951171875,175.05499267578125,173.9600067138672,174.27000427246094,163623
2024-09-09 17:30:00+00:00,174.2899932861328,175.0399932861328,173.97000122070312,174.94000244140625,225101
2024-09-09 18:30:00+00:00,174.44000244140625,174.73500061035156,173.83999633789062,174.3300018310547,159842
2024-09-09 19:30:00+00:00,174.9199981689453,174.94000244140625,173.80999755859375,174.44000244140625,351816
2024-09-10 13:30:00+00:00,177.67999267578125,178.72000122070312,173.86000061035156,175.52000427246094,563907
2024-09-10 14:30:00+00:00,177.9600067138672,178.61500549316406,176.44000244140625,177.63999938964844,274506
2024-09-10 15:30:00+00:00,177.8300018310547,178.17999267578125,176.9199981689453,178.06500244140625,186375
2024-09-10 16:30:00+00:00,178.50999450683594,179.22000122070312,177.73500061035156,177.8249969482422,187436
2024-09-10 17:30:00+00:00,178.6074981689453,178.88999938964844,177.77000427246094,178.49099731445312,248928
2024-09-10 18:30:00+00:00,180.82000732421875,180.82000732421875,178.57000732421875,178.60000610351562,235776
2024-09-10 19:30:00+00:00,180.25,181.2050018310547,179.74000549316406,180.7899932861328,337453
2024-09-11 13:30:00+00:00,180.99000549316406,183.3000030517578,179.9149932861328,181.52999877929688,391925
2024-09-11 14:30:00+00:00,181.1284942626953,181.47999572753906,179.14500427246094,180.9600067138672,246000
2024-09-11 15:30:00+00:00,182.41990661621094,182.7899932861328,180.99000549316406,181.0500030517578,238395
2024-09-11 16:30:00+00:00,184.8135986328125,184.82000732421875,182.0800018310547,182.4199981689453,215432
2024-09-11 17:30:00+00:00,187.06170654296875,187.27000427246094,184.32000732421875,184.8000030517578,340543
2024-09-11 18:30:00+00:00,187.64999389648438,188.1199951171875,186.7899932861328,187.0850067138672,488900
2024-09-11 19:30:00+00:00,187.4199981689453,187.83999633789062,186.77999877929688,187.77499389648438,560721
2024-09-12 13:30:00+00:00,187.72500610351562,188.0,184.22000122070312,186.63499450683594,336318
2024-09-12 14:30:00+00:00,188.99000549316406,189.3699951171875,187.14999389648438,187.9199981689453,215594
2024-09-12 15:30:00+00:00,190.01499938964844,190.2698974609375,187.5500030517578,188.82000732421875,211077
2024-09-12 16:30:00+00:00,190.78500366210938,191.66000366210938,189.47000122070312,190.01499938964844,238345
2024-09-12 17:30:00+00:00,189.9600067138672,191.17999267578125,189.8800048828125,190.78500366210938,274663
2024-09-12 18:30:00+00:00,190.36500549316406,190.49000549316406,189.11500549316406,189.89999389648438,170730
2024-09-12 19:30:00+00:00,190.0500030517578,190.60000610351562,189.625,190.36500549316406,309504
2024-09-13 13:30:00+00:00,193.66000366210938,195.22000122070312,189.32000732421875,191.4499969482422,446223
2024-09-13 14:30:00+00:00,195.60000610351562,196.24989318847656,192.9600067138672,193.5,498044
2024-09-13 15:30:00+00:00,196.3300018310547,197.75999450683594,195.35000610351562,195.4499969482422,345166
2024-09-13 16:30:00+00:00,196.83999633789062,196.83999633789062,195.02999877929688,196.22500610351562,225206
2024-09-13 17:30:00+00:00,195.63999938964844,197.80999755859375,195.63499450683594,196.83999633789062,221663
2024-09-13 18:30:00+00:00,194.99000549316406,195.94000244140625,194.75999450683594,195.6300048828125,172162
2024-09-13 19:30:00+00:00,196.0,196.18499755859375,194.69500732421875,194.99000549316406,313327
2024-09-16 13:30:00+00:00,193.25999450683594,196.67999267578125,192.69000244140625,195.0,265522
2024-09-16 14:30:00+00:00,193.5500030517578,194.36990356445312,192.85000610351562,193.47000122070312,255218
2024-09-16 15:30:00+00:00,195.92999267578125,196.19000244140625,193.5,193.625,156865
2024-09-16 16:30:00+00:00,196.92999267578125,197.14999389648438,195.75010681152344,195.99000549316406,216390
2024-09-16 17:30:00+00:00,197.69500732421875,198.69000244140625,196.60000610351562,197.1020050048828,388180
2024-09-16 18:30:00+00:00,198.2899932861328,198.47000122070312,196.64999389648438,197.82000732421875,161312
2024-09-16 19:30:00+00:00,199.22999572753906,199.52000427246094,198.11000061035156,198.2899932861328,440402
2024-09-17 13:30:00+00:00,201.19500732421875,202.86000061035156,198.25,200.0,451948
2024-09-17 14:30:00+00:00,202.64500427246094,204.69000244140625,201.1699981689453,201.27999877929688,484140
2024-09-17 15:30:00+00:00,202.9600067138672,203.7100067138672,201.76010131835938,202.57000732421875,377694
2024-09-17 16:30:00+00:00,202.5399932861328,203.80499267578125,200.40499877929688,203.00999450683594,347268
2024-09-17 17:30:00+00:00,202.06500244140625,202.69000244140625,200.4600067138672,202.50999450683594,155352
2024-09-17 18:30:00+00:00,200.6999969482422,202.89500427246094,200.22999572753906,202.05999755859375,261610
2024-09-17 19:30:00+00:00,201.13999938964844,201.8800048828125,199.8800048828125,200.58999633789062,399958
2024-09-18 13:30:00+00:00,200.6300048828125,204.59500122070312,199.63999938964844,202.70159912109375,330023
2024-09-18 14:30:00+00:00,199.77000427246094,201.42999267578125,199.5800018310547,200.42999267578125,142646
2024-09-18 15:30:00+00:00,200.9199981689453,200.92999267578125,198.4199981689453,199.8300018310547,108274
2024-09-18 16:30:00+00:00,200.9199981689453,201.80999755859375,200.58999633789062,200.8800048828125,118461
2024-09-18 17:30:00+00:00,203.25,204.60000610351562,200.07000732421875,201.02999877929688,224086
2024-09-18 18:30:00+00:00,202.27999877929688,204.9530029296875,200.33999633789062,203.2100067138672,244987
2024-09-18 19:30:00+00:00,200.24099731445312,202.75,199.47999572753906,201.9499969482422,332378
2024-09-19 13:30:00+00:00,205.2449951171875,207.33999633789062,202.47999572753906,205.39999389648438,506280
2024-09-19 14:30:00+00:00,206.0800018310547,206.27999877929688,204.3000030517578,205.2449951171875,310283
2024-09-19 15:30:00+00:00,207.58999633789062,207.8350067138672,204.83999633789062,206.13999938964844,328097
2024-09-19 16:30:00+00:00,207.0800018310547,207.8800048828125,206.75559997558594,207.58999633789062,195196
2024-09-19 17:30:00+00:00,207.9250030517578,208.30999755859375,206.92999267578125,207.07000732421875,256597
2024-09-19 18:30:00+00:00,207.6197967529297,208.5,207.52999877929688,207.9250030517578,247969
2024-09-19 19:30:00+00:00,208.39100646972656,208.63999938964844,207.6269989013672,207.6999969482422,458617
2024-09-20 13:30:00+00:00,236.7100067138672,244.19500732421875,233.00010681152344,238.91110229492188,4936098
2024-09-20 14:30:00+00:00,235.36000061035156,238.93600463867188,234.13999938964844,236.7100067138672,1160481
2024-09-20 15:30:00+00:00,242.9499969482422,244.7799072265625,233.52999877929688,235.3699951171875,1260649
2024-09-20 16:30:00+00:00,250.46499633789062,250.75990295410156,242.72000122070312,242.72000122070312,1512779
2024-09-20 17:30:00+00:00,251.17999267578125,255.0500030517578,248.5,250.39999389648438,1823569
2024-09-20 18:30:00+00:00,253.39999389648438,254.22000122070312,251.2100067138672,251.2100067138672,980489
2024-09-20 19:30:00+00:00,254.9499969482422,255.24000549316406,251.39999389648438,253.29010009765625,1313413
2024-09-23 13:30:00+00:00,261.375,271.8500061035156,257.2001037597656,259.55999755859375,3365980
2024-09-23 14:30:00+00:00,254.5399932861328,261.5481872558594,252.11000061035156,259.30999755859375,1976479
2024-09-23 15:30:00+00:00,255.82000732421875,259.1700134277344,254.52000427246094,254.61500549316406,996732
2024-09-23 16:30:00+00:00,255.14500427246094,257.3446960449219,253.72000122070312,255.72999572753906,645009
2024-09-23 17:30:00+00:00,256.9700012207031,258.1600036621094,254.02000427246094,255.14500427246094,671616
2024-09-23 18:30:00+00:00,257.9151916503906,259.8500061035156,256.5000915527344,256.9800109863281,896873
2024-09-23 19:30:00+00:00,257.1700134277344,258.7025146484375,256.510009765625,257.8299865722656,916048
2024-09-24 13:30:00+00:00,254.75250244140625,257.69989013671875,251.0883026123047,254.0800018310547,1285918
2024-09-24 14:30:00+00:00,255.1999969482422,256.5799865722656,253.0601043701172,254.625,784025
2024-09-24 15:30:00+00:00,257.7200012207031,258.6400146484375,255.05999755859375,255.1199951171875,469202
2024-09-24 16:30:00+00:00,255.9550018310547,259.44000244140625,255.9499969482422,257.7300109863281,330559
2024-09-24 17:30:00+00:00,255.86500549316406,256.4200134277344,255.19000244140625,256.010009765625,277776
2024-09-24 18:30:00+00:00,254.2100067138672,256.5899963378906,253.52999877929688,255.75999450683594,336674
2024-09-24 19:30:00+00:00,253.42999267578125,254.25,252.50999450683594,254.25,568346
2024-09-25 13:30:00+00:00,256.3900146484375,263.989990234375,253.8699951171875,254.10000610351562,1766482
2024-09-25 14:30:00+00:00,259.3550109863281,262.2301025390625,256.0400085449219,256.22149658203125,706717
2024-09-25 15:30:00+00:00,264.81781005859375,267.0050048828125,259.3349914550781,259.3349914550781,892493
2024-09-25 16:30:00+00:00,261.7699890136719,265.2900085449219,260.7799987792969,264.8500061035156,553167
2024-09-25 17:30:00+00:00,264.4750061035156,264.4750061035156,261.1700134277344,261.7699890136719,361962
2024-09-25 18:30:00+00:00,262.67498779296875,265.4999084472656,262.5400085449219,264.6400146484375,500628
2024-09-25 19:30:00+00:00,262.80999755859375,262.92999267578125,260.60198974609375,262.4700012207031,729101
2024-09-26 13:30:00+00:00,262.1000061035156,270.1199951171875,260.2309875488281,265.55499267578125,1067254
2024-09-26 14:30:00+00:00,258.489990234375,262.4049987792969,257.55999755859375,262.2521057128906,579113
2024-09-26 15:30:00+00:00,258.7300109863281,261.4798889160156,258.1499938964844,258.1700134277344,266440
2024-09-26 16:30:00+00:00,257.4599914550781,259.2200012207031,256.0700988769531,258.7099914550781,368376
2024-09-26 17:30:00+00:00,258.9700012207031,260.0,257.55999755859375,257.55999755859375,279772
2024-09-26 18:30:00+00:00,257.05999755859375,259.0899963378906,256.5,258.9700012207031,340636
2024-09-26 19:30:00+00:00,256.6300048828125,257.32000732421875,254.5,257.3096923828125,534516
2024-09-27 13:30:00+00:00,259.4800109863281,262.3999938964844,256.70001220703125,257.17999267578125,379865
2024-09-27 14:30:00+00:00,257.73651123046875,259.94000244140625,257.0,259.6199951171875,214857
2024-09-27 15:30:00+00:00,258.7099914550781,258.9198913574219,256.1300048828125,257.5,216537
2024-09-27 16:30:00+00:00,255.50999450683594,259.1700134277344,255.34010314941406,258.7099914550781,188723
2024-09-27 17:30:00+00:00,257.04998779296875,257.80780029296875,255.50999450683594,255.58999633789062,191941
2024-09-27 18:30:00+00:00,256.8900146484375,258.7300109863281,256.2200012207031,257.0450134277344,251732
2024-09-27 19:30:00+00:00,256.95001220703125,257.4700012207031,256.3699951171875,256.7799987792969,303087
2024-09-30 13:30:00+00:00,255.94090270996094,257.2785949707031,251.27499389648438,257.0,605769
2024-09-30 14:30:00+00:00,260.2950134277344,260.3357849121094,256.125,256.5,353493
2024-09-30 15:30:00+00:00,260.2850036621094,260.7200012207031,258.2699890136719,260.7099914550781,236972
2024-09-30 16:30:00+00:00,259.17498779296875,261.0400085449219,258.91650390625,260.2850036621094,229117
2024-09-30 17:30:00+00:00,258.07000732421875,259.75469970703125,256.3599853515625,259.0199890136719,173117
2024-09-30 18:30:00+00:00,259.1300048828125,259.3699951171875,257.4800109863281,257.8999938964844,200298
2024-09-30 19:30:00+00:00,260.17999267578125,260.3599853515625,258.67999267578125,259.0400085449219,342812
2024-10-01 13:30:00+00:00,257.1099853515625,259.0199890136719,254.0,257.0,621748
2024-10-01 14:30:00+00:00,259.7900085449219,259.7900085449219,256.30010986328125,257.114990234375,340744
2024-10-01 15:30:00+00:00,260.5599060058594,261.9999084472656,258.8699951171875,259.7799987792969,512447
2024-10-01 16:30:00+00:00,261.135009765625,262.4588928222656,259.7799987792969,260.47210693359375,270071
2024-10-01 17:30:00+00:00,264.1700134277344,264.739990234375,260.6700134277344,261.25,314237
2024-10-01 18:30:00+00:00,265.7200012207031,266.0,263.260009765625,264.2200012207031,395620
2024-10-01 19:30:00+00:00,265.6199951171875,265.7449951171875,263.5899963378906,265.6700134277344,411386
2024-10-02 13:30:00+00:00,268.3450012207031,269.239990234375,263.0899963378906,264.9100036621094,679408
2024-10-02 14:30:00+00:00,267.2001037597656,269.70001220703125,266.05670166015625,268.2699890136719,383794
2024-10-02 15:30:00+00:00,267.7998962402344,269.010009765625,266.5799865722656,267.3500061035156,316381
2024-10-02 16:30:00+00:00,266.8599853515625,267.9800109863281,265.2200012207031,267.6449890136719,277921
2024-10-02 17:30:00+00:00,263.364990234375,267.05999755859375,262.5669860839844,267.05999755859375,327139
2024-10-02 18:30:00+00:00,262.9100036621094,264.1600036621094,261.6499938964844,263.44500732421875,493884
2024-10-02 19:30:00+00:00,265.3800048828125,266.0,262.7200012207031,262.9649963378906,419486
2024-10-03 13:30:00+00:00,275.409912109375,276.4100036621094,268.29998779296875,272.1499938964844,1143819
2024-10-03 14:30:00+00:00,275.9700012207031,279.29998779296875,274.82501220703125,275.4100036621094,748138
2024-10-03 15:30:00+00:00,278.3949890136719,279.1549987792969,275.80999755859375,275.9700012207031,347399
2024-10-03 16:30:00+00:00,277.6600036621094,279.510009765625,276.4700012207031,278.2137145996094,344273
2024-10-03 17:30:00+00:00,275.71038818359375,277.54998779296875,275.0199890136719,277.4599914550781,330393
2024-10-03 18:30:00+00:00,276.4700012207031,276.7099914550781,274.3900146484375,275.3500061035156,379137
2024-10-03 19:30:00+00:00,277.3999938964844,277.5400085449219,275.489990234375,276.45001220703125,579813
2024-10-04 13:30:00+00:00,279.6300048828125,281.6400146484375,275.6000061035156,277.9100036621094,829959
2024-10-04 14:30:00+00:00,280.7300109863281,280.94000244140625,278.0400085449219,279.67999267578125,434436
2024-10-04 15:30:00+00:00,280.8500061035156,283.70001220703125,280.5400085449219,280.7900085449219,387897
2024-10-04 16:30:00+00:00,280.94000244140625,282.3699035644531,280.25,280.8507995605469,215693
2024-10-04 17:30:00+00:00,283.875,284.139892578125,280.19000244140625,281.0799865722656,233578
2024-10-04 18:30:00+00:00,284.07000732421875,284.8299865722656,283.5400085449219,283.94171142578125,279540
2024-10-04 19:30:00+00:00,285.5799865722656,286.0,283.8800048828125,283.9800109863281,420575
2024-10-07 13:30:00+00:00,286.3999938964844,288.7532958984375,278.5899963378906,285.0,666819
2024-10-07 14:30:00+00:00,285.1400146484375,286.32501220703125,283.0801086425781,286.1600036621094,288334
2024-10-07 15:30:00+00:00,285.1600036621094,285.8999938964844,282.8380126953125,285.1700134277344,195863
2024-10-07 16:30:00+00:00,282.87969970703125,285.42999267578125,281.8399963378906,284.989990234375,222123
2024-10-07 17:30:00+00:00,280.6039123535156,283.3599853515625,280.19000244140625,282.9849853515625,329514
2024-10-07 18:30:00+00:00,278.3599853515625,280.5799865722656,274.0,280.5799865722656,664256
2024-10-07 19:30:00+00:00,278.6000061035156,279.5299072265625,277.7200012207031,278.57000732421875,497024
2024-10-08 13:30:00+00:00,277.1400146484375,279.2825012207031,273.110107421875,278.8900146484375,733552
2024-10-08 14:30:00+00:00,276.9800109863281,279.4599914550781,276.25,277.2200012207031,408125
2024-10-08 15:30:00+00:00,277.82000732421875,279.3299865722656,276.94000244140625,276.94000244140625,215341
2024-10-08 16:30:00+00:00,277.0101013183594,278.42999267578125,276.79998779296875,277.818115234375,146962
2024-10-08 17:30:00+00:00,279.2699890136719,279.2699890136719,276.9800109863281,276.9800109863281,194528
2024-10-08 18:30:00+00:00,280.1000061035156,281.3999938964844,278.8500061035156,279.2694091796875,198346
2024-10-08 19:30:00+00:00,279.3800048828125,280.44000244140625,278.9800109863281,280.0400085449219,317973
2024-10-09 13:30:00+00:00,265.3299865722656,276.04998779296875,263.29998779296875,276.04998779296875,1249037
2024-10-09 14:30:00+00:00,261.75,265.92999267578125,260.6499938964844,265.3299865722656,819048
2024-10-09 15:30:00+00:00,261.9649963378906,265.6600036621094,261.0,261.8900146484375,509980
2024-10-09 16:30:00+00:00,261.6499938964844,263.5899963378906,260.97198486328125,262.0,396505
2024-10-09 17:30:00+00:00,258.8699951171875,261.6050109863281,258.0000915527344,261.6050109863281,584361
2024-10-09 18:30:00+00:00,261.2049865722656,261.54998779296875,257.5,258.8800048828125,475501
2024-10-09 19:30:00+00:00,262.30999755859375,264.010009765625,261.1861877441406,261.2049865722656,578293
2024-10-10 13:30:00+00:00,263.489990234375,264.3900146484375,259.0299987792969,261.05999755859375,508105
2024-10-10 14:30:00+00:00,264.5799865722656,265.9700012207031,262.7200012207031,263.5899963378906,321416
2024-10-10 15:30:00+00:00,266.67999267578125,267.760009765625,263.6499938964844,264.6300048828125,265371
2024-10-10 16:30:00+00:00,266.0400085449219,266.639404296875,264.9100036621094,266.3999938964844,183749
2024-10-10 17:30:00+00:00,264.9100036621094,266.909912109375,264.6600036621094,266.1698913574219,257465
2024-10-10 18:30:00+00:00,263.8800048828125,265.25,263.3599853515625,264.9949951171875,238734
2024-10-10 19:30:00+00:00,262.32000732421875,264.9700012207031,262.1700134277344,263.7799987792969,494645
2024-10-11 13:30:00+00:00,261.2200012207031,264.2099914550781,249.0500030517578,256.57000732421875,1518431
2024-10-11 14:30:00+00:00,261.33880615234375,262.42999267578125,260.0,261.32000732421875,395058
2024-10-11 15:30:00+00:00,261.54998779296875,263.1951904296875,259.8800048828125,261.3349914550781,336491
2024-10-11 16:30:00+00:00,263.1000061035156,263.3399963378906,261.1700134277344,261.4988098144531,177410
2024-10-11 17:30:00+00:00,263.17999267578125,263.8622131347656,262.8406982421875,263.2799987792969,150002
2024-10-11 18:30:00+00:00,262.826904296875,263.8599853515625,262.55999755859375,263.1050109863281,304466
2024-10-11 19:30:00+00:00,266.2200012207031,266.8999938964844,262.8900146484375,263.010009765625,772871
2024-10-14 13:30:00+00:00,270.2950134277344,271.7799987792969,265.2099914550781,268.12799072265625,504225
2024-10-14 14:30:00+00:00,267.8999938964844,270.8999938964844,267.55999755859375,270.04998779296875,224039
2024-10-14 15:30:00+00:00,270.3900146484375,270.4100036621094,267.6300048828125,267.7025146484375,125903
2024-10-14 16:30:00+00:00,271.30499267578125,272.3699951171875,270.0,270.4100036621094,214451
2024-10-14 17:30:00+00:00,271.0400085449219,271.70001220703125,270.5,271.2300109863281,120675
2024-10-14 18:30:00+00:00,270.8999938964844,272.81988525390625,270.75,271.0450134277344,239856
2024-10-14 19:30:00+00:00,271.739990234375,271.8580017089844,269.9800109863281,270.8699951171875,311409
2024-10-15 13:30:00+00:00,265.064697265625,269.79998779296875,263.42999267578125,269.79998779296875,533996
2024-10-15 14:30:00+00:00,264.6449890136719,266.31988525390625,262.3699951171875,265.07000732421875,279923
2024-10-15 15:30:00+00:00,266.5249938964844,266.87689208984375,263.93499755859375,264.5899963378906,179650
2024-10-15 16:30:00+00:00,267.6449890136719,268.42010498046875,266.5342102050781,266.57000732421875,125297
2024-10-15 17:30:00+00:00,265.989990234375,268.5,265.7250061035156,267.57000732421875,168130
2024-10-15 18:30:00+00:00,265.1300048828125,266.5,265.1099853515625,265.95001220703125,153973
2024-10-15 19:30:00+00:00,266.1199951171875,266.29998779296875,264.7900085449219,265.2900085449219,322825
2024-10-16 13:30:00+00:00,270.2699890136719,270.57769775390625,264.1199951171875,268.010009765625,374669
2024-10-16 14:30:00+00:00,273.29998779296875,274.1700134277344,270.3800048828125,270.3900146484375,481200
2024-10-16 15:30:00+00:00,275.2099914550781,275.6698913574219,273.0400085449219,273.30999755859375,284972
2024-10-16 16:30:00+00:00,274.8800048828125,275.5740051269531,274.2699890136719,275.30999755859375,135507
2024-10-16 17:30:00+00:00,276.7264099121094,276.8299865722656,274.55999755859375,274.8500061035156,161081
2024-10-16 18:30:00+00:00,278.25,278.46990966796875,276.0199890136719,276.7261962890625,258556
2024-10-16 19:30:00+00:00,279.7900085449219,280.239990234375,277.8207092285156,278.20001220703125,488983
2024-10-17 13:30:00+00:00,280.88690185546875,285.0,275.5050048828125,285.0,905092
2024-10-17 14:30:00+00:00,280.5,282.3599853515625,279.7047119140625,280.75,310207
2024-10-17 15:30:00+00:00,282.4200134277344,283.010009765625,280.0899963378906,280.54998779296875,261490
2024-10-17 16:30:00+00:00,276.7699890136719,282.6400146484375,275.7200012207031,282.3500061035156,348556
2024-10-17 17:30:00+00:00,274.760009765625,277.57000732421875,274.3800048828125,276.6000061035156,277720
2024-10-17 18:30:00+00:00,273.5494079589844,275.20989990234375,273.5,274.9100036621094,198827
2024-10-17 19:30:00+00:00,271.2099914550781,273.7099914550781,270.54010009765625,273.7099914550781,489395
2024-10-18 13:30:00+00:00,270.67999267578125,271.8800048828125,265.2255859375,267.252197265625,497750
2024-10-18 14:30:00+00:00,270.6000061035156,271.29998779296875,268.80999755859375,270.8299865722656,155926
2024-10-18 15:30:00+00:00,269.92498779296875,271.2398986816406,269.80010986328125,270.7200012207031,143613
2024-10-18 16:30:00+00:00,269.7455139160156,270.7898864746094,269.2699890136719,269.94000244140625,148423
2024-10-18 17:30:00+00:00,271.1050109863281,271.2699890136719,268.8200988769531,269.6600036621094,166606
2024-10-18 18:30:00+00:00,271.8599853515625,272.42999267578125,270.3044128417969,271.0400085449219,149826
2024-10-18 19:30:00+00:00,270.0299987792969,272.5450134277344,269.8999938964844,271.82000732421875,195813
2024-10-21 13:30:00+00:00,271.04998779296875,274.1199951171875,268.010009765625,273.010009765625,418090
2024-10-21 14:30:00+00:00,271.67999267578125,273.3839111328125,270.010009765625,270.9649963378906,210407
2024-10-21 15:30:00+00:00,272.9200134277344,272.9200134277344,270.6199951171875,271.42498779296875,212185
2024-10-21 16:30:00+00:00,272.2749938964844,273.1300048828125,271.2900085449219,273.0899963378906,87426
2024-10-21 17:30:00+00:00,271.6012878417969,272.3965148925781,271.5,272.3965148925781,112885
2024-10-21 18:30:00+00:00,272.25,272.75,271.3999938964844,271.6000061035156,132776
2024-10-21 19:30:00+00:00,273.69000244140625,273.8599853515625,271.6199951171875,272.17999267578125,217509
2024-10-22 13:30:00+00:00,266.6650085449219,271.42498779296875,266.42999267578125,270.3699951171875,365425
2024-10-22 14:30:00+00:00,267.17498779296875,268.9364013671875,266.1180114746094,266.8699951171875,311347
2024-10-22 15:30:00+00:00,267.7900085449219,268.3523864746094,265.8500061035156,267.0799865722656,266515
2024-10-22 16:30:00+00:00,266.989990234375,268.3599853515625,266.5849914550781,267.8299865722656,141907
2024-10-22 17:30:00+00:00,267.239990234375,267.680908203125,266.45001220703125,266.8999938964844,175259
2024-10-22 18:30:00+00:00,267.1099853515625,267.989990234375,266.1000061035156,267.239990234375,198349
2024-10-22 19:30:00+00:00,265.989990234375,267.3526916503906,265.95001220703125,267.125,320220
2024-10-23 13:30:00+00:00,266.9049987792969,267.9256896972656,262.69000244140625,265.0,743578
2024-10-23 14:30:00+00:00,264.19500732421875,266.9049987792969,263.92999267578125,266.7799987792969,317753
2024-10-23 15:30:00+00:00,264.4649963378906,265.80999755859375,263.4501037597656,264.0849914550781,231675
2024-10-23 16:30:00+00:00,263.70001220703125,265.54998779296875,263.19000244140625,264.4649963378906,163144
2024-10-23 17:30:00+00:00,263.864990234375,264.2200012207031,262.6099853515625,263.57501220703125,237658
2024-10-23 18:30:00+00:00,266.02801513671875,266.2300109863281,263.8599853515625,263.9800109863281,275676
2024-10-23 19:30:00+00:00,266.04998779296875,266.5299987792969,265.5899963378906,265.989990234375,354194
2024-10-24 13:30:00+00:00,264.17999267578125,267.7900085449219,264.0,267.7900085449219,409568
2024-10-24 14:30:00+00:00,264.19000244140625,265.8598937988281,262.6300048828125,264.364990234375,218097
2024-10-24 15:30:00+00:00,265.1099853515625,265.1099853515625,263.66009521484375,264.1600036621094,80489
2024-10-24 16:30:00+00:00,265.3500061035156,265.9549865722656,265.0,265.0899963378906,100238
2024-10-24 17:30:00+00:00,264.2101135253906,265.8013916015625,264.1000061035156,265.3500061035156,101889
2024-10-24 18:30:00+00:00,265.2799987792969,265.6300048828125,263.7300109863281,264.4150085449219,153456
2024-10-24 19:30:00+00:00,264.489990234375,266.1000061035156,264.4700012207031,265.1700134277344,283229
2024-10-25 13:30:00+00:00,268.9800109863281,269.56988525390625,264.5400085449219,269.0,605338
2024-10-25 14:30:00+00:00,266.885009765625,269.7300109863281,266.885009765625,268.9100036621094,228931
2024-10-25 15:30:00+00:00,265.70001220703125,267.5,265.1099853515625,266.875,207402
2024-10-25 16:30:00+00:00,264.6000061035156,265.9299011230469,264.0400085449219,265.7099914550781,181333
2024-10-25 17:30:00+00:00,265.1700134277344,265.2799987792969,263.0899963378906,264.635009765625,120575
2024-10-25 18:30:00+00:00,264.0950012207031,265.7398986816406,263.95001220703125,265.0799865722656,149607
2024-10-25 19:30:00+00:00,264.3699951171875,264.6700134277344,263.8399963378906,264.0899963378906,225487
2024-10-28 13:30:00+00:00,269.1299133300781,271.1199035644531,265.0199890136719,266.8299865722656,400999
2024-10-28 14:30:00+00:00,269.8949890136719,270.25,267.8699951171875,268.9649963378906,252557
2024-10-28 15:30:00+00:00,268.635009765625,269.7950134277344,268.239990234375,269.7950134277344,121327
2024-10-28 16:30:00+00:00,269.07000732421875,269.39990234375,268.2699890136719,268.739990234375,126623
2024-10-28 17:30:00+00:00,268.3299865722656,269.46990966796875,268.20001220703125,269.05499267578125,74605
2024-10-28 18:30:00+00:00,268.5899963378906,268.69879150390625,267.69000244140625,268.19000244140625,96274
2024-10-28 19:30:00+00:00,267.1000061035156,268.614990234375,266.8900146484375,268.614990234375,291018
2024-10-29 13:30:00+00:00,263.6549987792969,266.4649963378906,261.70001220703125,266.0657958984375,343932
2024-10-29 14:30:00+00:00,265.6600036621094,266.0199890136719,263.82000732421875,263.82000732421875,251576
2024-10-29 15:30:00+00:00,265.07501220703125,265.8406066894531,264.4100036621094,265.8406066894531,126313
2024-10-29 16:30:00+00:00,265.5050048828125,266.1499938964844,264.9100036621094,265.1000061035156,167033
2024-10-29 17:30:00+00:00,265.04998779296875,266.0050048828125,264.5740051269531,265.510009765625,139877
2024-10-29 18:30:00+00:00,265.67498779296875,266.30999755859375,265.0,265.04998779296875,292823
2024-10-29 19:30:00+00:00,264.989990234375,267.2300109863281,264.9100036621094,265.5899963378906,296203
2024-10-30 13:30:00+00:00,264.70001220703125,268.0,263.2900085449219,266.8800048828125,292987
2024-10-30 14:30:00+00:00,266.010009765625,266.010009765625,263.4800109863281,264.5150146484375,115614
2024-10-30 15:30:00+00:00,264.5849914550781,266.739990234375,264.489990234375,266.1000061035156,156313
2024-10-30 16:30:00+00:00,263.7213134765625,264.739990234375,263.0199890136719,264.6050109863281,100986
2024-10-30 17:30:00+00:00,263.2283020019531,263.9200134277344,262.7101135253906,263.5,153663
2024-10-30 18:30:00+00:00,263.0,264.4599914550781,262.989990234375,263.1700134277344,183989
2024-10-30 19:30:00+00:00,261.7699890136719,263.05999755859375,261.42999267578125,262.94000244140625,314541
2024-10-31 13:30:00+00:00,262.3949890136719,264.1899108886719,260.8999938964844,261.739990234375,349749
2024-10-31 14:30:00+00:00,260.6099853515625,263.3500061035156,259.35009765625,262.43939208984375,244422
2024-10-31 15:30:00+00:00,260.7950134277344,261.82000732421875,260.5400085449219,260.6099853515625,183663
2024-10-31 16:30:00+00:00,261.68499755859375,261.8399963378906,260.6802978515625,260.739990234375,194419
2024-10-31 17:30:00+00:00,261.92999267578125,262.30999755859375,261.2799987792969,261.6199951171875,212312
2024-10-31 18:30:00+00:00,262.2200012207031,262.7668151855469,261.5299987792969,261.94500732421875,190505
2024-10-31 19:30:00+00:00,262.989990234375,263.6199951171875,261.04998779296875,262.2300109863281,391382
2024-11-01 13:30:00+00:00,263.55999755859375,264.7550048828125,261.0199890136719,262.7300109863281,538374
2024-11-01 14:30:00+00:00,262.4949951171875,264.5299987792969,262.20001220703125,263.55999755859375,308903
2024-11-01 15:30:00+00:00,260.32000732421875,262.57000732421875,259.8450012207031,262.3299865722656,238343
2024-11-01 16:30:00+00:00,259.8800048828125,261.06988525390625,259.4700012207031,260.510009765625,186006
2024-11-01 17:30:00+00:00,257.4599914550781,259.9100036621094,256.82000732421875,259.9100036621094,306512
2024-11-01 18:30:00+00:00,258.82000732421875,259.8599853515625,257.4599914550781,257.4599914550781,434716
2024-11-01 19:30:00+00:00,258.25,259.6000061035156,258.04998779296875,258.70001220703125,412560
2024-11-04 14:30:00+00:00,232.41419982910156,235.4976043701172,224.67999267578125,232.88999938964844,4448257
2024-11-04 15:30:00+00:00,232.52499389648438,234.3300018310547,228.5800018310547,232.32000732421875,2146469
2024-11-04 16:30:00+00:00,230.36000061035156,233.6699981689453,227.73370361328125,232.5050048828125,868127
2024-11-04 17:30:00+00:00,232.69000244140625,233.1999969482422,230.11000061035156,230.4674072265625,627514
2024-11-04 18:30:00+00:00,229.80479431152344,232.74000549316406,229.01100158691406,232.7042999267578,494464
2024-11-04 19:30:00+00:00,227.36000061035156,229.9499969482422,227.0,229.81419372558594,620595
2024-11-04 20:30:00+00:00,226.0500030517578,227.53990173339844,225.8300018310547,227.53990173339844,1092466
2024-11-05 14:30:00+00:00,230.86000061035156,232.5,227.0009002685547,230.35000610351562,1630330
2024-11-05 15:30:00+00:00,233.8000030517578,233.8000030517578,229.61000061035156,230.97000122070312,1088515
2024-11-05 16:30:00+00:00,234.3300018310547,236.86000061035156,233.44000244140625,233.7781982421875,1065475
2024-11-05 17:30:00+00:00,233.77499389648438,234.52499389648438,232.60009765625,234.3350067138672,578415
2024-11-05 18:30:00+00:00,233.4499969482422,233.9600067138672,231.9550018310547,233.92689514160156,444387
2024-11-05 19:30:00+00:00,232.625,233.52999877929688,231.89999389648438,233.52999877929688,339241
2024-11-05 20:30:00+00:00,233.72000122070312,235.03500366210938,232.49000549316406,232.58999633789062,695005
2024-11-06 14:30:00+00:00,238.07000732421875,242.0,234.88999938964844,238.82000732421875,1343482
2024-11-06 15:30:00+00:00,238.19000244140625,239.0,234.3800048828125,238.17599487304688,546066
2024-11-06 16:30:00+00:00,236.19500732421875,238.11000061035156,234.39999389648438,238.11000061035156,396332
2024-11-06 17:30:00+00:00,236.3300018310547,238.0800018310547,235.58999633789062,236.11000061035156,369446
2024-11-06 18:30:00+00:00,235.47000122070312,238.04510498046875,235.3249969482422,236.39999389648438,358008
2024-11-06 19:30:00+00:00,234.8699951171875,236.47000122070312,234.21319580078125,235.625,443569
2024-11-06 20:30:00+00:00,234.81100463867188,236.0,233.75999450683594,234.8699951171875,656700
2024-11-07 14:30:00+00:00,241.2100067138672,245.5,238.3972930908203,242.52999877929688,1038584
2024-11-07 15:30:00+00:00,244.7100067138672,248.33999633789062,240.47999572753906,241.13999938964844,916584
2024-11-07 16:30:00+00:00,242.9600067138672,246.068603515625,242.50010681152344,244.97000122070312,303187
2024-11-07 17:30:00+00:00,241.44500732421875,244.3000030517578,240.97000122070312,243.1269989013672,229355
2024-11-07 18:30:00+00:00,242.4949951171875,242.9394989013672,240.4658966064453,241.4499969482422,282028
2024-11-07 19:30:00+00:00,242.88499450683594,244.0800018310547,242.4300994873047,242.4300994873047,328351
2024-11-07 20:30:00+00:00,241.58999633789062,243.1999969482422,241.36000061035156,242.99000549316406,461514
2024-11-08 14:30:00+00:00,240.4199981689453,247.99989318847656,236.8300018310547,243.25,985276
2024-11-08 15:30:00+00:00,239.0,241.88999938964844,238.9600067138672,240.4499969482422,336339
2024-11-08 16:30:00+00:00,238.72500610351562,239.89720153808594,237.11000061035156,239.22999572753906,466297
2024-11-08 17:30:00+00:00,239.13999938964844,240.3699951171875,238.4600067138672,238.75999450683594,325056
2024-11-08 18:30:00+00:00,240.13999938964844,240.24989318847656,238.35879516601562,239.125,349453
2024-11-08 19:30:00+00:00,238.97999572753906,240.38729858398438,238.6199951171875,240.0449981689453,358013
2024-11-08 20:30:00+00:00,239.36000061035156,240.32000732421875,238.6300048828125,238.94000244140625,685897
2024-11-11 14:30:00+00:00,237.94000244140625,243.91000366210938,236.9040069580078,242.16000366210938,634047
2024-11-11 15:30:00+00:00,236.80909729003906,238.78370666503906,236.50999450683594,237.88999938964844,316102
2024-11-11 16:30:00+00:00,235.30999755859375,237.58999633789062,235.1300048828125,236.9499969482422,299881
2024-11-11 17:30:00+00:00,235.5399932861328,236.08999633789062,234.2899932861328,235.22999572753906,277071
2024-11-11 18:30:00+00:00,236.07000732421875,236.27000427246094,234.47999572753906,235.44000244140625,274295
2024-11-11 19:30:00+00:00,237.625,237.67999267578125,235.77999877929688,236.10499572753906,364007
2024-11-11 20:30:00+00:00,237.2899932861328,238.5800018310547,236.4499969482422,237.5800018310547,520391
2024-11-12 14:30:00+00:00,229.57730102539062,235.97999572753906,228.6501007080078,235.44000244140625,915548
2024-11-12 15:30:00+00:00,228.27000427246094,229.57000732421875,227.60499572753906,229.57000732421875,365906
2024-11-12 16:30:00+00:00,227.4199981689453,228.50250244140625,226.3000030517578,228.13600158691406,399423
2024-11-12 17:30:00+00:00,226.15499877929688,227.30999755859375,225.69000244140625,227.22999572753906,332363
2024-11-12 18:30:00+00:00,227.7100067138672,227.91000366210938,225.8350067138672,226.1649932861328,377928
2024-11-12 19:30:00+00:00,229.26499938964844,230.11000061035156,227.64999389648438,227.72000122070312,591199
2024-11-12 20:30:00+00:00,228.6699981689453,229.69000244140625,228.6699981689453,229.22000122070312,839750
2024-11-13 14:30:00+00:00,229.92999267578125,232.77000427246094,228.16000366210938,231.88499450683594,651100
2024-11-13 15:30:00+00:00,228.3000030517578,230.5146026611328,227.87010192871094,230.10260009765625,277423
2024-11-13 16:30:00+00:00,228.36000061035156,229.4499969482422,227.3000030517578,228.4199981689453,221217
2024-11-13 17:30:00+00:00,227.11000061035156,228.5,226.85000610351562,228.36000061035156,221610
2024-11-13 18:30:00+00:00,226.5399932861328,227.3249969482422,226.16000366210938,227.07000732421875,267033
2024-11-13 19:30:00+00:00,227.1649932861328,227.55999755859375,226.30999755859375,226.49000549316406,407616
2024-11-13 20:30:00+00:00,225.91000366210938,227.61000061035156,225.61000061035156,227.1649932861328,452027
2024-11-14 14:30:00+00:00,230.0800018310547,231.5399932861328,226.70010375976562,228.1999969482422,585711
2024-11-14 15:30:00+00:00,229.47500610351562,231.25,228.4499969482422,230.0399932861328,251484
2024-11-14 16:30:00+00:00,226.9199981689453,229.6300048828125,226.44000244140625,229.3800048828125,157956
2024-11-14 17:30:00+00:00,228.2899932861328,228.77879333496094,226.5800018310547,227.00999450683594,157738
2024-11-14 18:30:00+00:00,227.6300048828125,228.3529052734375,227.02000427246094,228.25,230503
2024-11-14 19:30:00+00:00,227.35499572753906,228.11000061035156,226.5,227.6999969482422,277930
2024-11-14 20:30:00+00:00,225.3699951171875,227.38999938964844,225.1199951171875,227.34500122070312,309071
2024-11-15 14:30:00+00:00,223.77000427246094,227.75,221.66000366210938,223.3800048828125,631138
2024-11-15 15:30:00+00:00,224.0,224.99000549316406,223.02000427246094,223.63999938964844,296532
2024-11-15 16:30:00+00:00,223.93499755859375,224.30050659179688,222.6199951171875,223.8800048828125,300230
2024-11-15 17:30:00+00:00,223.77999877929688,224.09750366210938,222.5,223.89999389648438,163792
2024-11-15 18:30:00+00:00,223.19500732421875,224.6300048828125,223.1300048828125,223.91000366210938,182048
2024-11-15 19:30:00+00:00,224.4550018310547,224.92999267578125,223.19500732421875,223.19500732421875,267022
2024-11-15 20:30:00+00:00,224.22999572753906,225.14500427246094,224.1300048828125,224.52000427246094,409632
2024-11-18 14:30:00+00:00,224.91000366210938,226.3000030517578,221.17999267578125,225.72999572753906,467027
2024-11-18 15:30:00+00:00,229.82000732421875,230.43820190429688,224.97999572753906,225.13999938964844,357915
2024-11-18 16:30:00+00:00,230.27499389648438,232.02999877929688,229.32000732421875,229.63999938964844,355899
2024-11-18 17:30:00+00:00,229.07000732421875,230.27999877929688,228.6699981689453,230.27999877929688,331899
2024-11-18 18:30:00+00:00,229.22000122070312,229.87989807128906,228.39999389648438,229.1300048828125,220358
2024-11-18 19:30:00+00:00,230.30499267578125,230.55999755859375,229.02999877929688,229.22000122070312,207486
2024-11-18 20:30:00+00:00,230.39999389648438,230.4199981689453,229.02999877929688,230.1999969482422,664375
2024-11-19 14:30:00+00:00,229.61000061035156,232.2299041748047,226.10000610351562,227.0500030517578,344980
2024-11-19 15:30:00+00:00,232.75,232.91000366210938,228.94000244140625,229.38499450683594,297642
2024-11-19 16:30:00+00:00,231.44500732421875,233.1199951171875,231.0,232.72000122070312,260325
2024-11-19 17:30:00+00:00,231.06100463867188,231.94149780273438,230.50999450683594,231.00999450683594,224201
2024-11-19 18:30:00+00:00,231.2899932861328,231.52000427246094,230.19000244140625,230.6750030517578,125057
2024-11-19 19:30:00+00:00,233.47999572753906,233.6199951171875,230.63499450683594,231.41000366210938,232050
2024-11-19 20:30:00+00:00,234.58999633789062,234.88999938964844,233.01100158691406,233.52999877929688,382976
2024-11-20 14:30:00+00:00,235.91000366210938,241.39999389648438,233.89999389648438,237.86000061035156,589435
2024-11-20 15:30:00+00:00,235.02000427246094,237.39500427246094,234.7100067138672,235.67999267578125,184020
2024-11-20 16:30:00+00:00,235.6199951171875,237.14999389648438,234.7100067138672,235.24000549316406,252377
2024-11-20 17:30:00+00:00,233.6300048828125,235.8699951171875,233.33999633789062,235.7899932861328,111623
2024-11-20 18:30:00+00:00,233.66000366210938,234.02000427246094,232.13999938964844,233.88999938964844,134930
2024-11-20 19:30:00+00:00,234.8249969482422,235.0,233.4600067138672,233.6649932861328,288202
2024-11-20 20:30:00+00:00,235.47500610351562,236.0050048828125,234.52999877929688,234.9600067138672,431452
2024-11-21 14:30:00+00:00,240.47500610351562,242.38999938964844,234.11000061035156,237.30499267578125,554388
2024-11-21 15:30:00+00:00,246.69500732421875,247.11000061035156,240.52999877929688,240.55999755859375,450579
2024-11-21 16:30:00+00:00,247.85000610351562,247.9499969482422,246.0,246.69500732421875,335738
2024-11-21 17:30:00+00:00,249.72999572753906,249.72999572753906,247.0,247.8699951171875,361552
2024-11-21 18:30:00+00:00,250.9199981689453,251.02000427246094,248.72999572753906,249.72999572753906,387920
2024-11-21 19:30:00+00:00,251.31500244140625,251.6699981689453,250.07000732421875,250.93499755859375,394120
2024-11-21 20:30:00+00:00,252.00999450683594,252.19000244140625,250.55999755859375,251.36000061035156,578920
2024-11-22 14:30:00+00:00,247.55499267578125,253.22999572753906,247.38999938964844,251.2100067138672,584578
2024-11-22 15:30:00+00:00,245.63999938964844,249.80999755859375,245.02999877929688,247.69000244140625,446307
2024-11-22 16:30:00+00:00,248.81500244140625,249.38999938964844,245.1999969482422,245.66000366210938,293431
2024-11-22 17:30:00+00:00,249.25999450683594,250.5,248.44000244140625,248.73500061035156,134531
2024-11-22 18:30:00+00:00,248.85499572753906,249.5399932861328,248.01010131835938,249.5399932861328,168804
2024-11-22 19:30:00+00:00,250.5050048828125,251.139892578125,248.58299255371094,249.0399932861328,264377
2024-11-22 20:30:00+00:00,250.02000427246094,251.3300018310547,249.30999755859375,250.47500610351562,291102
2024-11-25 14:30:00+00:00,249.68499755859375,255.61000061035156,248.3000030517578,253.75,627463
2024-11-25 15:30:00+00:00,243.61500549316406,250.0,243.0,250.0,491184
2024-11-25 16:30:00+00:00,245.8249969482422,247.09429931640625,243.39500427246094,243.67999267578125,315042
2024-11-25 17:30:00+00:00,247.0050048828125,248.1699981689453,245.58290100097656,245.88999938964844,142840
2024-11-25 18:30:00+00:00,246.7042999267578,247.5800018310547,246.52000427246094,247.1074981689453,135828
2024-11-25 19:30:00+00:00,248.0399932861328,248.0500030517578,246.00010681152344,246.72259521484375,201031
2024-11-25 20:30:00+00:00,248.86000061035156,249.2899932861328,247.2700958251953,247.9600067138672,334133
2024-11-26 14:30:00+00:00,259.614990234375,262.5899963378906,249.1999969482422,249.5500030517578,934672
2024-11-26 15:30:00+00:00,264.9599914550781,265.0050048828125,258.5899963378906,259.55120849609375,457523
2024-11-26 16:30:00+00:00,264.29400634765625,266.5299987792969,262.2099914550781,264.6900939941406,633866
2024-11-26 17:30:00+00:00,263.0899963378906,265.8500061035156,262.9599914550781,264.07501220703125,333104
2024-11-26 18:30:00+00:00,262.010009765625,263.7991027832031,261.79998779296875,263.0,308748
2024-11-26 19:30:00+00:00,263.9161071777344,264.0799865722656,261.3500061035156,262.010009765625,327402
2024-11-26 20:30:00+00:00,266.760009765625,267.1300048828125,263.44000244140625,263.94000244140625,490603
2024-11-27 14:30:00+00:00,256.3450012207031,266.0,256.15008544921875,265.1001892089844,482312
2024-11-27 15:30:00+00:00,252.14999389648438,256.4700012207031,251.00010681152344,256.3450012207031,532421
2024-11-27 16:30:00+00:00,252.24000549316406,253.40499877929688,250.85000610351562,252.1999969482422,229904
2024-11-27 17:30:00+00:00,253.0,253.53990173339844,252.19000244140625,252.27000427246094,134974
2024-11-27 18:30:00+00:00,252.0,253.85000610351562,251.81500244140625,252.86920166015625,144510
2024-11-27 19:30:00+00:00,252.5800018310547,253.0800018310547,251.39999389648438,252.07000732421875,170080
2024-11-27 20:30:00+00:00,253.3699951171875,254.33999633789062,251.80499267578125,252.49000549316406,330475
2024-11-29 14:30:00+00:00,257.5899963378906,260.78900146484375,256.3200988769531,257.9800109863281,361862
2024-11-29 15:30:00+00:00,256.1300048828125,258.1499938964844,255.1999969482422,257.3599853515625,231299
2024-11-29 16:30:00+00:00,257.3450012207031,258.239990234375,256.05999755859375,256.19000244140625,149209
2024-12-02 14:30:00+00:00,252.07000732421875,258.44000244140625,251.25999450683594,257.0,276369
2024-12-02 15:30:00+00:00,253.22000122070312,253.46189880371094,251.0,252.08790588378906,193544
2024-12-02 16:30:00+00:00,254.22000122070312,255.5800018310547,253.02000427246094,253.66000366210938,180738
2024-12-02 17:30:00+00:00,251.30999755859375,254.0500030517578,251.2899932861328,254.0500030517578,151370
2024-12-02 18:30:00+00:00,251.5625,252.22500610351562,250.80999755859375,251.35499572753906,163138
2024-12-02 19:30:00+00:00,252.58999633789062,252.63999938964844,251.4199981689453,251.52499389648438,150461
2024-12-02 20:30:00+00:00,249.6199951171875,252.5850067138672,249.52000427246094,252.5800018310547,317116
2024-12-03 14:30:00+00:00,249.55999755859375,254.17999267578125,249.2899932861328,251.4705047607422,303136
2024-12-03 15:30:00+00:00,248.47000122070312,250.47000122070312,247.5,249.64149475097656,171234
2024-12-03 16:30:00+00:00,247.84500122070312,248.72000122070312,246.72999572753906,248.50999450683594,152971
2024-12-03 17:30:00+00:00,248.82769775390625,249.64999389648438,247.74000549316406,247.84500122070312,101170
2024-12-03 18:30:00+00:00,248.72500610351562,248.99000549316406,247.8699951171875,248.83290100097656,136792
2024-12-03 19:30:00+00:00,249.02000427246094,249.8699951171875,248.1699981689453,248.64999389648438,158888
2024-12-03 20:30:00+00:00,247.50999450683594,249.55499267578125,247.39999389648438,248.97999572753906,330482
2024-12-04 14:30:00+00:00,254.60000610351562,257.6600036621094,251.0,252.5,581472
2024-12-04 15:30:00+00:00,253.03500366210938,256.0799865722656,252.85000610351562,254.6591033935547,251036
2024-12-04 16:30:00+00:00,253.47000122070312,253.89999389648438,252.30999755859375,253.02999877929688,141180
2024-12-04 17:30:00+00:00,252.77499389648438,253.57000732421875,251.97000122070312,253.42999267578125,146739
2024-12-04 18:30:00+00:00,252.9149932861328,253.92999267578125,252.0,252.66250610351562,190409
2024-12-04 19:30:00+00:00,253.1750030517578,253.94000244140625,252.70010375976562,252.70010375976562,163298
2024-12-04 20:30:00+00:00,254.3300018310547,254.63999938964844,252.7100067138672,253.02999877929688,341280
2024-12-05 14:30:00+00:00,257.2868957519531,259.760009765625,253.10000610351562,253.72000122070312,329309
2024-12-05 15:30:00+00:00,257.7950134277344,258.2799987792969,256.06500244140625,257.54998779296875,173922
2024-12-05 16:30:00+00:00,258.0150146484375,258.6099853515625,257.1650085449219,257.7950134277344,121243
2024-12-05 17:30:00+00:00,256.2850036621094,258.3299865722656,256.0,258.1700134277344,110094
2024-12-05 18:30:00+00:00,255.4600067138672,256.9200134277344,254.52999877929688,256.3275146484375,192821
2024-12-05 19:30:00+00:00,256.05999755859375,256.7200012207031,255.22000122070312,255.39999389648438,94463
2024-12-05 20:30:00+00:00,256.1199951171875,257.0,255.4600067138672,255.9199981689453,290192
2024-12-06 14:30:00+00:00,252.6750030517578,258.57000732421875,250.6999969482422,256.0899963378906,248886
2024-12-06 15:30:00+00:00,251.22999572753906,253.86000061035156,250.7100067138672,252.94000244140625,137991
2024-12-06 16:30:00+00:00,252.8813018798828,252.94000244140625,250.42010498046875,251.1999969482422,109784
2024-12-06 17:30:00+00:00,253.00999450683594,253.22000122070312,251.8300018310547,252.67320251464844,88359
2024-12-06 18:30:00+00:00,251.8000030517578,253.17990112304688,251.25999450683594,253.15769958496094,94934
2024-12-06 19:30:00+00:00,253.4199981689453,253.56500244140625,251.3300018310547,251.74000549316406,111853
2024-12-06 20:30:00+00:00,253.39999389648438,254.1999969482422,253.125,253.63999938964844,191273
2024-12-09 14:30:00+00:00,240.88999938964844,254.0,240.4600067138672,254.0,572416
2024-12-09 15:30:00+00:00,241.22000122070312,241.9250030517578,236.3300018310547,240.84500122070312,495578
2024-12-09 16:30:00+00:00,238.85499572753906,242.3000030517578,238.84500122070312,241.1999969482422,242629
2024-12-09 17:30:00+00:00,239.72500610351562,239.8699951171875,237.52000427246094,238.72000122070312,229156
2024-12-09 18:30:00+00:00,241.11000061035156,242.4600067138672,239.5800018310547,239.77999877929688,263967
2024-12-09 19:30:00+00:00,238.72500610351562,241.30999755859375,238.72500610351562,241.0800018310547,168754
2024-12-09 20:30:00+00:00,239.92999267578125,240.27999877929688,238.75,238.86000061035156,409500
2024-12-10 14:30:00+00:00,236.60499572753906,239.5,235.9499969482422,237.8800048828125,280579
2024-12-10 15:30:00+00:00,236.25,237.69000244140625,235.70150756835938,236.1999969482422,227025
2024-12-10 16:30:00+00:00,233.67999267578125,236.58999633789062,233.46009826660156,236.49000549316406,287311
2024-12-10 17:30:00+00:00,232.02000427246094,233.8800048828125,232.0,233.77999877929688,229309
2024-12-10 18:30:00+00:00,231.84970092773438,232.50999450683594,231.1999969482422,232.02000427246094,241375
2024-12-10 19:30:00+00:00,231.44000244140625,232.5,230.7100067138672,231.6699981689453,465963
2024-12-10 20:30:00+00:00,232.35000610351562,232.66000366210938,231.17999267578125,231.44000244140625,450455
2024-12-11 14:30:00+00:00,234.92999267578125,235.9799041748047,232.1199951171875,234.75,232905
2024-12-11 15:30:00+00:00,236.3699951171875,236.64999389648438,234.0,235.05999755859375,230247
2024-12-11 16:30:00+00:00,236.02000427246094,237.5050048828125,235.83999633789062,236.52999877929688,194207
2024-12-11 17:30:00+00:00,237.94000244140625,238.14999389648438,235.3000030517578,236.00999450683594,188174
2024-12-11 18:30:00+00:00,238.2550048828125,239.44830322265625,237.44000244140625,237.86000061035156,154127
2024-12-11 19:30:00+00:00,237.72500610351562,238.47500610351562,237.5399932861328,238.1199951171875,128601
2024-12-11 20:30:00+00:00,236.60000610351562,237.9499969482422,236.4199981689453,237.7550048828125,292719
2024-12-12 14:30:00+00:00,245.1699981689453,248.1300048828125,239.63169860839844,242.4550018310547,891152
2024-12-12 15:30:00+00:00,243.97000122070312,246.72999572753906,243.0399932861328,245.16000366210938,367237
2024-12-12 16:30:00+00:00,244.0749969482422,246.02000427246094,243.4199981689453,243.88999938964844,192742
2024-12-12 17:30:00+00:00,244.7100067138672,245.4600067138672,243.6999969482422,244.0800018310547,186221
2024-12-12 18:30:00+00:00,242.55999755859375,244.70989990234375,242.1199951171875,244.64999389648438,250176
2024-12-12 19:30:00+00:00,240.11000061035156,243.4499969482422,239.6199951171875,242.5399932861328,199594
2024-12-12 20:30:00+00:00,239.00999450683594,240.83999633789062,238.9600067138672,240.11500549316406,317628
2024-12-13 14:30:00+00:00,237.72999572753906,243.4199981689453,237.72999572753906,241.97999572753906,332180
2024-12-13 15:30:00+00:00,238.11000061035156,239.08999633789062,236.5,237.6199951171875,291444
2024-12-13 16:30:00+00:00,239.0,240.0050048828125,237.30999755859375,238.1300048828125,203254
2024-12-13 17:30:00+00:00,239.22999572753906,239.22999572753906,238.02000427246094,238.9499969482422,132454
2024-12-13 18:30:00+00:00,238.3271942138672,240.3699951171875,238.0,239.1699981689453,155867
2024-12-13 19:30:00+00:00,239.11000061035156,239.52000427246094,238.1300048828125,238.25,158582
2024-12-13 20:30:00+00:00,239.07000732421875,239.82000732421875,238.72799682617188,239.03500366210938,214312
2024-12-16 14:30:00+00:00,239.4600067138672,243.6999969482422,237.2480926513672,240.0,503271
2024-12-16 15:30:00+00:00,240.08399963378906,240.60000610351562,238.3300018310547,239.3699951171875,198463
2024-12-16 16:30:00+00:00,240.4351043701172,241.13999938964844,239.63499450683594,240.07000732421875,133197
2024-12-16 17:30:00+00:00,241.11000061035156,242.44000244140625,240.1595001220703,240.4250030517578,128453
2024-12-16 18:30:00+00:00,240.89999389648438,241.50999450683594,240.0601043701172,241.08999633789062,113870
2024-12-16 19:30:00+00:00,240.46499633789062,241.4149932861328,240.30999755859375,240.8000030517578,112188
2024-12-16 20:30:00+00:00,239.2100067138672,240.88999938964844,239.19000244140625,240.22999572753906,213860
2024-12-17 14:30:00+00:00,230.1300048828125,238.0800018310547,228.8800048828125,237.66000366210938,495263
2024-12-17 15:30:00+00:00,232.49000549316406,232.58999633789062,229.27999877929688,230.1300048828125,237090
2024-12-17 16:30:00+00:00,232.8800048828125,234.05999755859375,232.2899932861328,232.47999572753906,168986
2024-12-17 17:30:00+00:00,231.9398956298828,233.3199005126953,231.27000427246094,232.75,202186
2024-12-17 18:30:00+00:00,231.9250030517578,233.0399932861328,231.33999633789062,231.64999389648438,156281
2024-12-17 19:30:00+00:00,233.49000549316406,233.88999938964844,231.5399932861328,232.11000061035156,235290
2024-12-17 20:30:00+00:00,234.14999389648438,234.7899932861328,232.8699951171875,233.39999389648438,392373
2024-12-18 14:30:00+00:00,232.61000061035156,234.9949951171875,232.27999877929688,234.32000732421875,332642
2024-12-18 15:30:00+00:00,234.8800048828125,236.99000549316406,232.78500366210938,232.78500366210938,208265
2024-12-18 16:30:00+00:00,234.47999572753906,236.1699981689453,234.4416961669922,235.031494140625,154280
2024-12-18 17:30:00+00:00,235.60000610351562,235.8300018310547,233.75999450683594,234.7115936279297,126451
2024-12-18 18:30:00+00:00,233.8300018310547,236.05999755859375,232.97000122070312,235.50999450683594,203448
2024-12-18 19:30:00+00:00,229.88250732421875,234.97999572753906,229.72999572753906,233.7449951171875,411505
2024-12-18 20:30:00+00:00,225.77000427246094,230.14999389648438,224.77000427246094,229.9499969482422,821698
2024-12-19 14:30:00+00:00,227.1217041015625,233.7899932861328,227.0,228.86000061035156,307903
2024-12-19 15:30:00+00:00,229.4149932861328,229.58990478515625,226.35009765625,227.1300048828125,415623
2024-12-19 16:30:00+00:00,226.32000732421875,229.5699005126953,225.6199951171875,229.5408935546875,412592
2024-12-19 17:30:00+00:00,226.67990112304688,227.4600067138672,225.5,226.5050048828125,215870
2024-12-19 18:30:00+00:00,227.67999267578125,228.7100067138672,226.22999572753906,226.67999267578125,213953
2024-12-19 19:30:00+00:00,226.5,227.67999267578125,225.89999389648438,227.6654052734375,289453
2024-12-19 20:30:00+00:00,225.11000061035156,227.24000549316406,225.0,226.38999938964844,427260
2024-12-20 14:30:00+00:00,228.6649932861328,228.9824981689453,219.63999938964844,221.82000732421875,1129436
2024-12-20 15:30:00+00:00,230.77000427246094,231.60989379882812,227.6699981689453,228.69500732421875,350551
2024-12-20 16:30:00+00:00,230.00999450683594,231.64999389648438,229.5800018310547,231.11000061035156,190487
2024-12-20 17:30:00+00:00,229.91000366210938,231.6999969482422,229.8800048828125,229.88999938964844,186101
2024-12-20 18:30:00+00:00,230.55999755859375,230.7100067138672,229.5,229.99949645996094,192844
2024-12-20 19:30:00+00:00,228.86000061035156,231.07989501953125,228.57000732421875,230.63999938964844,252401
2024-12-20 20:30:00+00:00,226.94000244140625,229.0399932861328,226.6300048828125,229.0399932861328,575077
2024-12-23 14:30:00+00:00,224.27999877929688,227.6199951171875,221.75,227.0,370676
2024-12-23 15:30:00+00:00,227.40499877929688,227.86000061035156,224.0399932861328,224.37570190429688,207669
2024-12-23 16:30:00+00:00,228.82000732421875,229.27000427246094,226.8699951171875,227.39999389648438,145526
2024-12-23 17:30:00+00:00,228.64300537109375,229.36000061035156,228.1999969482422,228.90499877929688,129752
2024-12-23 18:30:00+00:00,228.11000061035156,229.10000610351562,228.0800018310547,228.85000610351562,186882
2024-12-23 19:30:00+00:00,227.85000610351562,228.61749267578125,227.32000732421875,228.36000061035156,151570
2024-12-23 20:30:00+00:00,228.25999450683594,228.72500610351562,227.49000549316406,227.8249969482422,255440
2024-12-24 14:30:00+00:00,228.6999969482422,230.11000061035156,227.15589904785156,229.2449951171875,299051
2024-12-24 15:30:00+00:00,229.2899932861328,229.4199981689453,228.30999755859375,228.5,182165
2024-12-24 16:30:00+00:00,229.44000244140625,229.80999755859375,228.25,229.23219299316406,174452
2024-12-26 14:30:00+00:00,228.3300018310547,229.61000061035156,227.31900024414062,228.99000549316406,120302
2024-12-26 15:30:00+00:00,228.875,229.30990600585938,227.97999572753906,228.28500366210938,88008
2024-12-26 16:30:00+00:00,229.89999389648438,230.22950744628906,228.8000030517578,228.95050048828125,113911
2024-12-26 17:30:00+00:00,229.54010009765625,230.07000732421875,228.69000244140625,229.89999389648438,55465
2024-12-26 18:30:00+00:00,228.8372039794922,229.84129333496094,228.7200927734375,229.6999969482422,77224
2024-12-26 19:30:00+00:00,229.3000030517578,229.77999877929688,228.7100067138672,228.82949829101562,82471
2024-12-26 20:30:00+00:00,228.63999938964844,229.30499267578125,228.5,229.26499938964844,168626
2024-12-27 14:30:00+00:00,223.02999877929688,228.17999267578125,222.74009704589844,228.0,243223
2024-12-27 15:30:00+00:00,224.5,224.5800018310547,222.9600067138672,223.0399932861328,164882
2024-12-27 16:30:00+00:00,223.58999633789062,225.0500030517578,223.07000732421875,224.51190185546875,139084
2024-12-27 17:30:00+00:00,225.07000732421875,225.32000732421875,223.00999450683594,223.6199951171875,117000
2024-12-27 18:30:00+00:00,226.61500549316406,226.8800048828125,224.8751983642578,225.0675048828125,112130
2024-12-27 19:30:00+00:00,226.56500244140625,228.0,226.42799377441406,226.60499572753906,134649
2024-12-27 20:30:00+00:00,226.5500030517578,227.36000061035156,225.5800018310547,226.41000366210938,249094
2024-12-30 14:30:00+00:00,223.86500549316406,225.85989379882812,222.36000061035156,223.52000427246094,268885
2024-12-30 15:30:00+00:00,225.94000244140625,226.24000549316406,223.64999389648438,223.86500549316406,134963
2024-12-30 16:30:00+00:00,228.38999938964844,229.0,225.91000366210938,225.91000366210938,188955
2024-12-30 17:30:00+00:00,227.44000244140625,228.64999389648438,226.74400329589844,228.38999938964844,140803
2024-12-30 18:30:00+00:00,226.91000366210938,228.10499572753906,226.5399932861328,227.27000427246094,118481
2024-12-30 19:30:00+00:00,226.97000122070312,227.72000122070312,226.66000366210938,226.8300018310547,150632
2024-12-30 20:30:00+00:00,226.3000030517578,227.4499969482422,226.10000610351562,227.0,246292
2024-12-31 14:30:00+00:00,226.91000366210938,227.02999877929688,224.5,226.35000610351562,184311
2024-12-31 15:30:00+00:00,224.52999877929688,226.8699951171875,224.29640197753906,226.8699951171875,91354
2024-12-31 16:30:00+00:00,223.86000061035156,225.13999938964844,223.58599853515625,224.52999877929688,110861
2024-12-31 17:30:00+00:00,224.56500244140625,225.7899932861328,223.25030517578125,223.85000610351562,257013
2024-12-31 18:30:00+00:00,223.44000244140625,225.52999877929688,223.27499389648438,224.57000732421875,427146
2024-12-31 19:30:00+00:00,225.05999755859375,225.1300048828125,222.9199981689453,223.42999267578125,214214
2024-12-31 20:30:00+00:00,223.7100067138672,225.03500366210938,223.31500244140625,225.03500366210938,222599
2025-01-02 14:30:00+00:00,232.8800048828125,236.8000030517578,225.27000427246094,226.3800048828125,905912
2025-01-02 15:30:00+00:00,237.44000244140625,240.7100067138672,231.8800048828125,232.89999389648438,995518
2025-01-02 16:30:00+00:00,237.6649932861328,239.52000427246094,236.66000366210938,237.1999969482422,402418
2025-01-02 17:30:00+00:00,236.21499633789062,237.74000549316406,234.80999755859375,237.41000366210938,275355
2025-01-02 18:30:00+00:00,237.875,238.39999389648438,234.58999633789062,236.21499633789062,284362
2025-01-02 19:30:00+00:00,239.72000122070312,240.35000610351562,236.97999572753906,237.88099670410156,407826
2025-01-02 20:30:00+00:00,242.66000366210938,243.72000122070312,239.36000061035156,239.73500061035156,903271
2025-01-03 14:30:00+00:00,250.7624969482422,254.17919921875,244.35000610351562,250.9499969482422,1384237
2025-01-03 15:30:00+00:00,251.64999389648438,252.32000732421875,249.61000061035156,250.7550048828125,553705
2025-01-03 16:30:00+00:00,251.97999572753906,253.13999938964844,251.485107421875,251.5500030517578,357972
2025-01-03 17:30:00+00:00,251.13999938964844,253.41000366210938,250.69500732421875,252.2100067138672,389086
2025-01-03 18:30:00+00:00,252.82000732421875,253.10000610351562,250.3000030517578,251.1511993408203,239892
2025-01-03 19:30:00+00:00,252.57000732421875,253.9499969482422,252.19500732421875,252.9499969482422,558589
2025-01-03 20:30:00+00:00,252.60000610351562,253.2100067138672,251.77999877929688,252.85000610351562,636934
2025-01-06 14:30:00+00:00,258.20001220703125,258.8599853515625,251.50999450683594,257.8699951171875,848021
2025-01-06 15:30:00+00:00,259.7850036621094,260.42999267578125,257.8500061035156,258.1700134277344,478824
2025-01-06 16:30:00+00:00,260.0400085449219,260.70001220703125,258.6400146484375,259.8699951171875,366202
2025-01-06 17:30:00+00:00,262.377685546875,263.30999755859375,259.8299865722656,259.9599914550781,374131
2025-01-06 18:30:00+00:00,263.9849853515625,264.67999267578125,261.5775146484375,262.6700134277344,371032
2025-01-06 19:30:00+00:00,267.364990234375,267.80999755859375,263.4573974609375,264.05999755859375,608174
2025-01-06 20:30:00+00:00,264.4200134277344,267.3919982910156,263.67779541015625,267.1700134277344,677843
2025-01-07 14:30:00+00:00,253.0399932861328,265.4800109863281,253.0,263.5,756780
2025-01-07 15:30:00+00:00,258.1405029296875,258.6000061035156,249.55999755859375,253.22500610351562,599322
2025-01-07 16:30:00+00:00,255.58999633789062,264.2799987792969,254.10000610351562,257.8800048828125,248021
2025-01-07 17:30:00+00:00,257.5899963378906,257.95001220703125,254.6999969482422,255.44000244140625,165808
2025-01-07 18:30:00+00:00,255.30499267578125,257.4599914550781,253.89999389648438,257.4599914550781,218721
2025-01-07 19:30:00+00:00,254.85000610351562,255.8300018310547,253.2200927734375,255.2100067138672,256899
2025-01-07 20:30:00+00:00,255.56500244140625,255.72999572753906,254.0,254.85000610351562,443836
2025-01-08 14:30:00+00:00,246.97000122070312,255.99000549316406,243.89599609375,255.4949951171875,568832
2025-01-08 15:30:00+00:00,248.4600067138672,249.39999389648438,246.82009887695312,246.88499450683594,269202
2025-01-08 16:30:00+00:00,239.4499969482422,251.33999633789062,239.1999969482422,248.69000244140625,983733
2025-01-08 17:30:00+00:00,240.77999877929688,242.22000122070312,228.0500030517578,239.39999389648438,3538331
2025-01-08 18:30:00+00:00,246.44500732421875,246.8199005126953,240.3000030517578,240.50999450683594,1183593
2025-01-08 19:30:00+00:00,243.85000610351562,246.36000061035156,241.08990478515625,246.25999450683594,556260
2025-01-08 20:30:00+00:00,243.83999633789062,244.60499572753906,242.08999633789062,244.00999450683594,881652
2025-01-10 14:30:00+00:00,295.2477111816406,305.0,280.1300048828125,281.989990234375,6605733
2025-01-10 15:30:00+00:00,297.2900085449219,306.4150085449219,294.260009765625,295.3900146484375,1992576
2025-01-10 16:30:00+00:00,302.79998779296875,303.4093017578125,296.1400146484375,297.260009765625,915595
2025-01-10 17:30:00+00:00,308.9800109863281,308.9800109863281,301.04998779296875,303.0899963378906,1124489
2025-01-10 18:30:00+00:00,305.45208740234375,310.0,303.614990234375,308.9800109863281,1027635
2025-01-10 19:30:00+00:00,304.7550048828125,308.3900146484375,304.3599853515625,305.656005859375,1130300
2025-01-10 20:30:00+00:00,304.9700012207031,305.5,300.4700012207031,304.6099853515625,1419439
2025-01-13 14:30:00+00:00,283.772705078125,300.4599914550781,280.6199951171875,297.20001220703125,2075587
2025-01-13 15:30:00+00:00,281.30718994140625,285.8599853515625,279.5,283.4200134277344,1045122
2025-01-13 16:30:00+00:00,283.4800109863281,284.8900146484375,279.6400146484375,281.239990234375,737440
2025-01-13 17:30:00+00:00,285.8900146484375,288.3699035644531,282.5740051269531,283.3699951171875,535083
2025-01-13 18:30:00+00:00,286.8800048828125,286.8900146484375,283.8999938964844,286.010009765625,448353
2025-01-13 19:30:00+00:00,283.0198974609375,286.8299865722656,282.80999755859375,286.760009765625,357348
2025-01-13 20:30:00+00:00,279.1700134277344,284.260009765625,278.8599853515625,282.739990234375,961627
2025-01-14 14:30:00+00:00,290.1400146484375,291.25,281.3999938964844,283.0899963378906,1070790
2025-01-14 15:30:00+00:00,289.19000244140625,291.2323913574219,283.9800109863281,290.1549987792969,540012
2025-01-14 16:30:00+00:00,289.0812072753906,290.17999267578125,286.29010009765625,289.07501220703125,349141
2025-01-14 17:30:00+00:00,292.3999938964844,292.8900146484375,288.54998779296875,289.1700134277344,392225
2025-01-14 18:30:00+00:00,292.980712890625,294.3999938964844,290.6072998046875,292.3800048828125,429593
2025-01-14 19:30:00+00:00,290.0574951171875,293.2900085449219,289.1600036621094,292.510009765625,413536
2025-01-14 20:30:00+00:00,288.82000732421875,290.7200012207031,288.5899963378906,290.05419921875,665477
2025-01-15 14:30:00+00:00,300.82000732421875,302.6000061035156,293.02020263671875,297.1000061035156,966065
2025-01-15 15:30:00+00:00,302.7850036621094,305.010009765625,300.7449951171875,300.7449951171875,656251
2025-01-15 16:30:00+00:00,303.20001220703125,305.1083984375,301.4200134277344,303.0,405472
2025-01-15 17:30:00+00:00,301.0400085449219,303.2099914550781,300.010009765625,303.0,349301
2025-01-15 18:30:00+00:00,299.260009765625,301.70001220703125,298.30999755859375,301.1300048828125,397167
2025-01-15 19:30:00+00:00,300.9800109863281,301.55999755859375,297.1600036621094,299.1199951171875,319123
2025-01-15 20:30:00+00:00,300.7200012207031,301.55999755859375,298.8800048828125,300.8800048828125,534116
2025-01-16 14:30:00+00:00,303.7919006347656,309.6700134277344,302.46978759765625,302.92999267578125,758785
2025-01-16 15:30:00+00:00,313.25,314.89990234375,302.7300109863281,303.96209716796875,725319
2025-01-16 16:30:00+00:00,314.6300048828125,316.1199951171875,310.6600036621094,313.489990234375,640097
2025-01-16 17:30:00+00:00,318.0950012207031,320.510009765625,313.54998779296875,314.6300048828125,741320
2025-01-16 18:30:00+00:00,318.1000061035156,319.2049865722656,315.67498779296875,318.3299865722656,660618
2025-01-16 19:30:00+00:00,315.1300048828125,318.40478515625,313.8500061035156,318.2300109863281,663106
2025-01-16 20:30:00+00:00,315.1199951171875,316.05999755859375,314.239990234375,315.1300048828125,670860
2025-01-17 14:30:00+00:00,313.0199890136719,320.1600036621094,311.04010009765625,319.5,933644
2025-01-17 15:30:00+00:00,314.7900085449219,315.3299865722656,311.9649963378906,313.2099914550781,295565
2025-01-17 16:30:00+00:00,314.3999938964844,315.81549072265625,312.8699951171875,314.3999938964844,208044
2025-01-17 17:30:00+00:00,315.25,316.55999755859375,313.8599853515625,314.2850036621094,173667
2025-01-17 18:30:00+00:00,315.57501220703125,317.23779296875,314.07000732421875,315.0,213281
2025-01-17 19:30:00+00:00,315.19500732421875,316.7799987792969,313.57000732421875,315.5350036621094,310043
2025-01-17 20:30:00+00:00,316.3599853515625,316.44000244140625,314.67999267578125,315.197509765625,310853
2025-01-21 14:30:00+00:00,324.54998779296875,328.0400085449219,318.3299865722656,327.0,777006
2025-01-21 15:30:00+00:00,322.6285095214844,325.9200134277344,322.29998779296875,324.55499267578125,342301
2025-01-21 16:30:00+00:00,322.70001220703125,324.9198913574219,322.0635986328125,322.6527099609375,374588
2025-01-21 17:30:00+00:00,328.25,330.33990478515625,319.7774963378906,322.4949951171875,546824
2025-01-21 18:30:00+00:00,327.5599060058594,330.2900085449219,327.2200012207031,328.25,275907
2025-01-21 19:30:00+00:00,328.3699951171875,329.07000732421875,325.7016906738281,327.1700134277344,282443
2025-01-21 20:30:00+00:00,323.6400146484375,328.3399963378906,323.2300109863281,328.18499755859375,679130
2025-01-22 14:30:00+00:00,330.84490966796875,332.20001220703125,319.0,329.0,1047127
2025-01-22 15:30:00+00:00,332.3800048828125,335.44000244140625,328.4800109863281,330.8800048828125,787279
2025-01-22 16:30:00+00:00,335.8399963378906,336.447509765625,331.80999755859375,332.3800048828125,435880
2025-01-22 17:30:00+00:00,334.0799865722656,335.8399963378906,332.7496032714844,335.8399963378906,425003
2025-01-22 18:30:00+00:00,333.69000244140625,334.510009765625,332.1499938964844,334.1044006347656,264497
2025-01-22 19:30:00+00:00,334.3500061035156,335.25,333.27490234375,333.4800109863281,335943
2025-01-22 20:30:00+00:00,332.3171081542969,334.6600036621094,332.0,334.2250061035156,461701
2025-01-23 14:30:00+00:00,343.68499755859375,344.82000732421875,333.0,333.1300048828125,949385
2025-01-23 15:30:00+00:00,347.29998779296875,352.0,343.03009033203125,343.67999267578125,1177265
2025-01-23 16:30:00+00:00,346.2477111816406,351.6099853515625,344.0,347.0899963378906,747898
2025-01-23 17:30:00+00:00,347.55999755859375,349.2049865722656,345.010009765625,346.4200134277344,354058
2025-01-23 18:30:00+00:00,348.3299865722656,348.8999938964844,346.25,347.82000732421875,322804
2025-01-23 19:30:00+00:00,345.489990234375,348.4800109863281,344.3900146484375,348.2449951171875,518263
2025-01-23 20:30:00+00:00,346.30999755859375,347.45989990234375,345.2300109863281,345.4800109863281,444090
2025-01-24 14:30:00+00:00,347.9599914550781,350.0,345.0,347.75,769155
2025-01-24 15:30:00+00:00,345.6400146484375,348.20001220703125,342.07110595703125,347.875,539819
2025-01-24 16:30:00+00:00,347.1199951171875,347.6199951171875,345.1199951171875,345.5246887207031,317317
2025-01-24 17:30:00+00:00,347.260009765625,348.010009765625,345.5299987792969,347.1199951171875,181135
2025-01-24 18:30:00+00:00,345.55999755859375,347.5400085449219,344.53009033203125,347.5,424643
2025-01-24 19:30:00+00:00,346.4599914550781,346.5199890136719,345.1899108886719,345.5,210649
2025-01-24 20:30:00+00:00,347.3699951171875,348.239990234375,345.54998779296875,346.57000732421875,476592
2025-01-27 14:30:00+00:00,276.3800048828125,302.6099853515625,275.8900146484375,290.92999267578125,5786569
2025-01-27 15:30:00+00:00,277.54998779296875,287.0,273.5,276.20001220703125,2924317
2025-01-27 16:30:00+00:00,284.95001220703125,286.0400085449219,277.260009765625,277.5199890136719,1615893
2025-01-27 17:30:00+00:00,277.8299865722656,285.8999938964844,276.0199890136719,285.0,986855
2025-01-27 18:30:00+00:00,279.010009765625,280.2449951171875,276.0201110839844,277.760009765625,949174
2025-01-27 19:30:00+00:00,272.29998779296875,279.8900146484375,270.44000244140625,279.2200012207031,1654154
2025-01-27 20:30:00+00:00,275.0,278.0,272.44000244140625,272.44000244140625,1585433
2025-01-28 14:30:00+00:00,271.70001220703125,284.2049865722656,262.3550109863281,281.0,3327487
2025-01-28 15:30:00+00:00,260.3599853515625,272.6199951171875,259.0899963378906,271.5968017578125,1540862
2025-01-28 16:30:00+00:00,272.2699890136719,272.5,260.5552978515625,260.5552978515625,1251212
2025-01-28 17:30:00+00:00,273.44000244140625,274.5400085449219,267.1400146484375,272.5,942783
2025-01-28 18:30:00+00:00,277.42498779296875,278.5,272.5710144042969,273.42999267578125,831191
2025-01-28 19:30:00+00:00,275.0,278.5150146484375,274.0,277.42498779296875,827705
2025-01-28 20:30:00+00:00,278.69000244140625,279.0,274.6982116699219,274.7749938964844,840958
2025-01-29 14:30:00+00:00,287.11199951171875,294.1000061035156,276.7099914550781,279.0,2090908
2025-01-29 15:30:00+00:00,285.7900085449219,289.3800048828125,284.0,287.260009765625,805115
2025-01-29 16:30:00+00:00,287.4200134277344,288.25,284.29010009765625,285.6000061035156,467482
2025-01-29 17:30:00+00:00,286.0474853515625,288.0050048828125,282.2619934082031,287.4200134277344,536904
2025-01-29 18:30:00+00:00,285.760009765625,287.739990234375,285.1400146484375,286.05499267578125,413652
2025-01-29 19:30:00+00:00,293.7099914550781,293.8999938964844,285.3599853515625,285.3800048828125,963507
2025-01-29 20:30:00+00:00,291.8699951171875,294.19000244140625,290.0299987792969,293.70001220703125,886614
2025-01-30 14:30:00+00:00,299.69000244140625,304.9800109863281,298.7900085449219,301.0,1334943
2025-01-30 15:30:00+00:00,306.8299865722656,307.39990234375,299.2699890136719,299.67999267578125,805446
2025-01-30 16:30:00+00:00,306.5,309.260009765625,303.7200012207031,306.9599914550781,840021
2025-01-30 17:30:00+00:00,304.68499755859375,306.6700134277344,302.70001220703125,306.6700134277344,441220
2025-01-30 18:30:00+00:00,307.94500732421875,309.6400146484375,304.54998779296875,304.54998779296875,488716
2025-01-30 19:30:00+00:00,310.0,310.69000244140625,307.010009765625,307.75,697899
2025-01-30 20:30:00+00:00,308.69000244140625,310.0400085449219,306.1979064941406,310.0400085449219,894109
2025-01-31 14:30:00+00:00,302.0400085449219,310.2850036621094,297.94500732421875,310.25,1034209
2025-01-31 15:30:00+00:00,305.4849853515625,307.39910888671875,300.7300109863281,302.05999755859375,451895
2025-01-31 16:30:00+00:00,300.3599853515625,306.2099914550781,298.80999755859375,305.4849853515625,544594
2025-01-31 17:30:00+00:00,299.9949951171875,301.3299865722656,298.54998779296875,300.3599853515625,430052
2025-01-31 18:30:00+00:00,303.42498779296875,303.8952941894531,298.4700012207031,299.7300109863281,313220
2025-01-31 19:30:00+00:00,298.739990234375,303.6499938964844,298.18310546875,303.42498779296875,493786
2025-01-31 20:30:00+00:00,299.95001220703125,300.8999938964844,298.20001220703125,298.8999938964844,602423
2025-02-03 14:30:00+00:00,298.4100036621094,300.1400146484375,284.0199890136719,285.010009765625,973742
2025-02-03 15:30:00+00:00,302.0299987792969,304.17999267578125,297.7099914550781,298.3800048828125,342150
2025-02-03 16:30:00+00:00,298.8500061035156,302.8299865722656,298.1400146484375,301.7300109863281,234228
2025-02-03 17:30:00+00:00,300.25,301.0050048828125,297.30010986328125,298.7799987792969,267743
2025-02-03 18:30:00+00:00,304.8500061035156,304.9100036621094,300.1643981933594,300.3299865722656,216332
2025-02-03 19:30:00+00:00,305.8550109863281,308.6499938964844,304.5299987792969,304.739990234375,470134
2025-02-03 20:30:00+00:00,306.0,307.25750732421875,304.8299865722656,305.7799987792969,577204
2025-02-04 14:30:00+00:00,304.0249938964844,304.9100036621094,293.5,298.2265930175781,850682
2025-02-04 15:30:00+00:00,302.0,304.4999084472656,300.5085144042969,304.0249938964844,365511
2025-02-04 16:30:00+00:00,301.260009765625,303.5400085449219,300.4200134277344,302.0,343652
2025-02-04 17:30:00+00:00,304.92999267578125,304.92999267578125,300.8500061035156,301.2349853515625,278201
2025-02-04 18:30:00+00:00,304.92999267578125,305.89990234375,303.41729736328125,304.94781494140625,258049
2025-02-04 19:30:00+00:00,304.44000244140625,305.4700012207031,302.90960693359375,304.92999267578125,227562
2025-02-04 20:30:00+00:00,306.3299865722656,307.0,304.44000244140625,304.44000244140625,327932
2025-02-05 14:30:00+00:00,307.0849914550781,312.0,302.8500061035156,310.5,761351
2025-02-05 15:30:00+00:00,309.4442138671875,314.409912109375,306.0849914550781,307.0849914550781,487510
2025-02-05 16:30:00+00:00,313.489990234375,313.989990234375,308.9599914550781,309.4649963378906,465101
2025-02-05 17:30:00+00:00,314.9200134277344,316.44000244140625,313.1499938964844,313.5899963378906,355912
2025-02-05 18:30:00+00:00,317.19000244140625,317.5400085449219,314.0299987792969,314.79998779296875,297984
2025-02-05 19:30:00+00:00,317.5434875488281,318.3599853515625,315.9211120605469,316.885009765625,384325
2025-02-05 20:30:00+00:00,313.9800109863281,317.8999938964844,312.5799865722656,317.56500244140625,490388
2025-02-06 14:30:00+00:00,308.9599914550781,316.5799865722656,305.8699951171875,314.0,565023
2025-02-06 15:30:00+00:00,313.1195068359375,313.4700012207031,308.19000244140625,309.2300109863281,235157
2025-02-06 16:30:00+00:00,312.55999755859375,315.1499938964844,312.1000061035156,313.114990234375,202728
2025-02-06 17:30:00+00:00,310.24420166015625,314.7799987792969,310.0400085449219,312.385009765625,175309
2025-02-06 18:30:00+00:00,309.70001220703125,311.5400085449219,309.5264892578125,310.2850036621094,171398
2025-02-06 19:30:00+00:00,311.1449890136719,313.8299865722656,307.4200134277344,309.8299865722656,201639
2025-02-06 20:30:00+00:00,311.6499938964844,312.760009765625,311.1700134277344,311.4700012207031,322457
2025-02-07 14:30:00+00:00,315.5199890136719,319.6099853515625,312.07000732421875,313.75,568207
2025-02-07 15:30:00+00:00,311.7449951171875,316.4549865722656,310.05999755859375,315.489990234375,309176
2025-02-07 16:30:00+00:00,312.7900085449219,314.7099914550781,310.1400146484375,311.7449951171875,304730
2025-02-07 17:30:00+00:00,314.5199890136719,315.0299987792969,311.6199951171875,312.2200012207031,239704
2025-02-07 18:30:00+00:00,311.9599914550781,314.95001220703125,311.9599914550781,314.69000244140625,130953
2025-02-07 19:30:00+00:00,310.43499755859375,313.03448486328125,309.30499267578125,312.0400085449219,206522
2025-02-07 20:30:00+00:00,309.70001220703125,311.80999755859375,309.67999267578125,310.6400146484375,320457
2025-02-10 14:30:00+00:00,315.42999267578125,321.7200012207031,312.57501220703125,312.73590087890625,625507
2025-02-10 15:30:00+00:00,316.52978515625,318.3450012207031,315.0,315.6400146484375,277221
2025-02-10 16:30:00+00:00,314.80499267578125,316.57000732421875,313.7699890136719,316.29998779296875,159295
2025-02-10 17:30:00+00:00,314.2799987792969,316.55999755859375,314.10009765625,314.989990234375,126365
2025-02-10 18:30:00+00:00,314.80499267578125,315.6700134277344,314.0,314.3800048828125,133092
2025-02-10 19:30:00+00:00,317.5469970703125,317.59991455078125,314.2799987792969,314.80999755859375,165080
2025-02-10 20:30:00+00:00,322.0,322.0,317.22100830078125,317.3800048828125,375970
2025-02-11 14:30:00+00:00,314.6499938964844,318.67999267578125,313.86248779296875,317.30999755859375,366533
2025-02-11 15:30:00+00:00,315.82501220703125,319.1499938964844,314.1000061035156,315.1499938964844,214766
2025-02-11 16:30:00+00:00,314.0299987792969,316.06988525390625,310.7200012207031,315.8500061035156,291407
2025-02-11 17:30:00+00:00,312.30999755859375,314.58990478515625,311.4700012207031,314.0299987792969,186465
2025-02-11 18:30:00+00:00,311.6400146484375,313.04998779296875,311.1499938964844,312.1449890136719,214899
2025-02-11 19:30:00+00:00,309.94000244140625,312.75,309.7200012207031,311.55499267578125,310319
2025-02-11 20:30:00+00:00,313.6400146484375,314.31500244140625,309.44000244140625,309.81500244140625,366023
2025-02-12 14:30:00+00:00,311.45001220703125,313.45001220703125,303.7900085449219,305.42999267578125,359788
2025-02-12 15:30:00+00:00,311.4700012207031,312.7650146484375,310.17999267578125,311.30999755859375,185219
2025-02-12 16:30:00+00:00,314.3699951171875,314.489990234375,310.7099914550781,311.739990234375,175573
2025-02-12 17:30:00+00:00,316.79998779296875,317.2799987792969,313.6000061035156,314.3699951171875,228579
2025-02-12 18:30:00+00:00,313.3861083984375,316.7699890136719,312.8100891113281,316.7699890136719,148356
2025-02-12 19:30:00+00:00,313.6300048828125,315.2300109863281,313.1400146484375,313.6000061035156,188444
2025-02-12 20:30:00+00:00,313.8299865722656,314.32000732421875,313.04998779296875,313.6300048828125,214411
2025-02-13 14:30:00+00:00,313.54998779296875,317.73760986328125,313.54998779296875,314.6099853515625,303637
2025-02-13 15:30:00+00:00,309.80499267578125,314.04998779296875,309.5799865722656,313.0199890136719,240302
2025-02-13 16:30:00+00:00,307.3299865722656,309.94000244140625,305.5899963378906,309.5299987792969,489455
2025-02-13 17:30:00+00:00,307.8399963378906,308.0,305.0899963378906,307.8908996582031,272966
2025-02-13 18:30:00+00:00,309.0799865722656,311.17999267578125,307.5199890136719,307.989990234375,290351
2025-02-13 19:30:00+00:00,310.5950012207031,310.76251220703125,308.75,309.0950012207031,224250
2025-02-13 20:30:00+00:00,311.9599914550781,312.3349914550781,310.114990234375,310.45001220703125,340115
2025-02-14 14:30:00+00:00,316.60430908203125,318.19000244140625,306.2200012207031,311.18499755859375,671677
2025-02-14 15:30:00+00:00,314.8299865722656,317.0,314.12359619140625,316.8399963378906,267182
2025-02-14 16:30:00+00:00,315.0249938964844,316.92999267578125,314.239990234375,314.8399963378906,195636
2025-02-14 17:30:00+00:00,316.1000061035156,316.4200134277344,314.8500061035156,315.0249938964844,126481
2025-02-14 18:30:00+00:00,315.42999267578125,316.82000732421875,313.989990234375,316.2200012207031,149526
2025-02-14 19:30:00+00:00,317.8999938964844,317.8999938964844,314.5504150390625,315.69000244140625,198937
2025-02-14 20:30:00+00:00,317.2200012207031,318.0799865722656,316.29998779296875,317.7900085449219,365462
2025-02-18 14:30:00+00:00,319.57000732421875,329.56988525390625,315.81500244140625,324.1499938964844,668048
2025-02-18 15:30:00+00:00,319.5050048828125,322.19500732421875,318.9827880859375,319.164306640625,276767
2025-02-18 16:30:00+00:00,324.05499267578125,326.19000244140625,318.6099853515625,319.010009765625,301630
2025-02-18 17:30:00+00:00,326.3399963378906,327.70001220703125,323.8500061035156,323.9934997558594,355283
2025-02-18 18:30:00+00:00,326.7799987792969,328.5284118652344,325.5869140625,326.33990478515625,295453
2025-02-18 19:30:00+00:00,326.18499755859375,328.79998779296875,325.7900085449219,326.6000061035156,328043
2025-02-18 20:30:00+00:00,325.5199890136719,327.71728515625,323.2300109863281,326.20001220703125,563099
2025-02-19 14:30:00+00:00,322.1549987792969,325.2699890136719,318.1300964355469,323.20001220703125,587786
2025-02-19 15:30:00+00:00,326.79998779296875,327.0,320.3500061035156,322.30999755859375,369927
2025-02-19 16:30:00+00:00,326.7699890136719,329.88800048828125,325.7117004394531,326.6300048828125,366833
2025-02-19 17:30:00+00:00,323.67498779296875,327.54998779296875,322.739990234375,326.5799865722656,362831
2025-02-19 18:30:00+00:00,320.45001220703125,325.07000732421875,320.260009765625,323.8699951171875,284029
2025-02-19 19:30:00+00:00,319.8930969238281,323.6700134277344,319.6000061035156,320.3299865722656,333761
2025-02-19 20:30:00+00:00,321.7300109863281,322.9054870605469,319.9879150390625,320.1400146484375,385746
2025-02-20 14:30:00+00:00,319.510009765625,322.0,305.5299987792969,317.489990234375,1205890
2025-02-20 15:30:00+00:00,311.32501220703125,319.760009765625,309.0799865722656,319.3999938964844,473491
2025-02-20 16:30:00+00:00,313.0,315.2453918457031,311.56500244140625,311.6600036621094,348689
2025-02-20 17:30:00+00:00,307.82000732421875,313.2900085449219,307.4800109863281,312.69000244140625,354609
2025-02-20 18:30:00+00:00,308.510009765625,308.69000244140625,304.17999267578125,307.8577880859375,412563
2025-02-20 19:30:00+00:00,309.7900085449219,311.14459228515625,306.3999938964844,308.3900146484375,353493
2025-02-20 20:30:00+00:00,309.6000061035156,310.7568054199219,308.7300109863281,310.0,338923
2025-02-21 14:30:00+00:00,296.3399963378906,310.4599914550781,296.29998779296875,310.0,703409
2025-02-21 15:30:00+00:00,292.6199951171875,297.54998779296875,291.5,296.6700134277344,808388
2025-02-21 16:30:00+00:00,287.55999755859375,295.9801025390625,286.6629943847656,292.1449890136719,845398
2025-02-21 17:30:00+00:00,280.6099853515625,287.69500732421875,277.7799987792969,287.57000732421875,1047949
2025-02-21 18:30:00+00:00,284.1199951171875,284.7698974609375,280.6050109863281,280.6050109863281,756752
2025-02-21 19:30:00+00:00,284.1549987792969,284.7349853515625,279.7749938964844,284.3999938964844,736853
2025-02-21 20:30:00+00:00,284.44000244140625,285.739990234375,284.0,284.2799987792969,841718
2025-02-24 14:30:00+00:00,266.0400085449219,290.010009765625,264.3399963378906,290.0,2135537
2025-02-24 15:30:00+00:00,267.8999938964844,268.69000244140625,262.6499938964844,265.87249755859375,1092038
2025-02-24 16:30:00+00:00,268.45001220703125,268.7250061035156,264.0799865722656,268.1400146484375,776680
2025-02-24 17:30:00+00:00,264.6300048828125,268.45001220703125,264.3252868652344,268.45001220703125,606901
2025-02-24 18:30:00+00:00,267.0150146484375,268.8622131347656,263.6099853515625,264.9700012207031,762195
2025-02-24 19:30:00+00:00,268.92999267578125,269.1965026855469,264.773193359375,266.9100036621094,613079
2025-02-24 20:30:00+00:00,267.4200134277344,270.5400085449219,266.5,268.875,756776
2025-02-25 14:30:00+00:00,250.88999938964844,267.135009765625,248.55999755859375,264.7799987792969,1418026
2025-02-25 15:30:00+00:00,258.3399963378906,260.82501220703125,249.16000366210938,251.19000244140625,1041028
2025-02-25 16:30:00+00:00,258.7650146484375,261.0,255.9532928466797,258.6499938964844,335202
2025-02-25 17:30:00+00:00,263.010009765625,264.7200012207031,258.6000061035156,258.6600036621094,433009
2025-02-25 18:30:00+00:00,262.3699951171875,265.62030029296875,261.17999267578125,262.8450012207031,385416
2025-02-25 19:30:00+00:00,267.5176086425781,268.04998779296875,262.2099914550781,262.3550109863281,370297
2025-02-25 20:30:00+00:00,264.19000244140625,267.510009765625,262.4100036621094,267.5050048828125,557789
2025-02-26 14:30:00+00:00,276.1099853515625,279.4700012207031,268.04998779296875,272.75,1157917
2025-02-26 15:30:00+00:00,275.8800048828125,279.95001220703125,275.5849914550781,276.4100036621094,416903
2025-02-26 16:30:00+00:00,276.1549987792969,277.739990234375,275.20001220703125,276.1199951171875,231872
2025-02-26 17:30:00+00:00,270.7749938964844,276.4800109863281,270.6700134277344,276.4800109863281,289679
2025-02-26 18:30:00+00:00,270.75,272.47900390625,268.9200134277344,270.7850036621094,306691
2025-02-26 19:30:00+00:00,270.1650085449219,272.8183898925781,268.3699951171875,270.82000732421875,418661
2025-02-26 20:30:00+00:00,270.17999267578125,271.1600036621094,269.2099914550781,270.0199890136719,394044
2025-02-27 14:30:00+00:00,264.2799987792969,280.5899963378906,259.01348876953125,276.3900146484375,1263575
2025-02-27 15:30:00+00:00,259.4750061035156,264.989990234375,257.04998779296875,264.5,632309
2025-02-27 16:30:00+00:00,256.56500244140625,259.9100036621094,254.61000061035156,259.4700012207031,441818
2025-02-27 17:30:00+00:00,256.114990234375,257.30999755859375,254.6999969482422,256.5,340788
2025-02-27 18:30:00+00:00,253.3000030517578,258.6700134277344,253.25,256.1199951171875,327682
2025-02-27 19:30:00+00:00,248.9600067138672,253.49000549316406,248.79200744628906,253.49000549316406,717050
2025-02-27 20:30:00+00:00,249.67999267578125,251.77499389648438,249.11000061035156,249.39999389648438,809325
2025-02-28 14:30:00+00:00,250.25999450683594,250.4355926513672,241.61000061035156,245.52000427246094,1058164
2025-02-28 15:30:00+00:00,247.8300018310547,251.53880310058594,246.0449981689453,250.0,690179
2025-02-28 16:30:00+00:00,246.22000122070312,249.4499969482422,246.2100067138672,247.63999938964844,442529
2025-02-28 17:30:00+00:00,245.31500244140625,246.94000244140625,243.69000244140625,246.24000549316406,402990
2025-02-28 18:30:00+00:00,246.8249969482422,248.97000122070312,244.8699951171875,245.32000732421875,386310
2025-02-28 19:30:00+00:00,246.3800048828125,247.82000732421875,245.97999572753906,246.8249969482422,428514
2025-02-28 20:30:00+00:00,250.67999267578125,250.80999755859375,245.39500427246094,246.27999877929688,696320
2025-03-03 14:30:00+00:00,242.8800048828125,249.72149658203125,237.2899932861328,249.3800048828125,1102419
2025-03-03 15:30:00+00:00,240.86000061035156,243.92999267578125,239.57000732421875,242.89999389648438,378979
2025-03-03 16:30:00+00:00,241.89999389648438,242.97999572753906,240.03469848632812,241.27999877929688,420868
2025-03-03 17:30:00+00:00,235.1999969482422,244.0,235.00999450683594,241.9499969482422,383179
2025-03-03 18:30:00+00:00,237.85800170898438,240.6300048828125,234.58999633789062,235.0800018310547,514178
2025-03-03 19:30:00+00:00,229.6199951171875,238.3300018310547,229.32000732421875,237.75,911113
2025-03-03 20:30:00+00:00,232.2100067138672,233.77999877929688,229.24000549316406,229.5800018310547,1033108
2025-03-04 14:30:00+00:00,224.02499389648438,232.6999969482422,221.25,228.39999389648438,1295883
2025-03-04 15:30:00+00:00,225.1374969482422,230.0500030517578,223.3699951171875,224.2899932861328,914253
2025-03-04 16:30:00+00:00,233.9344024658203,234.74000549316406,224.52000427246094,225.0449981689453,711595
2025-03-04 17:30:00+00:00,232.19000244140625,235.08999633789062,230.75,233.60000610351562,514171
2025-03-04 18:30:00+00:00,235.63999938964844,237.32000732421875,231.40249633789062,231.92999267578125,455902
2025-03-04 19:30:00+00:00,237.70309448242188,239.6300048828125,234.67999267578125,235.8300018310547,466269
2025-03-04 20:30:00+00:00,231.64999389648438,237.7993927001953,229.8699951171875,237.63999938964844,670399
2025-03-05 14:30:00+00:00,227.10000610351562,233.25999450683594,226.0,231.3000030517578,751112
2025-03-05 15:30:00+00:00,225.5915069580078,230.38999938964844,224.1999969482422,227.13999938964844,580219
2025-03-05 16:30:00+00:00,227.88059997558594,228.5489044189453,223.4199981689453,225.1300048828125,307611
2025-03-05 17:30:00+00:00,227.3699951171875,229.8000030517578,225.92999267578125,227.8000030517578,300396
2025-03-05 18:30:00+00:00,231.83999633789062,233.5399932861328,225.94000244140625,227.0800018310547,599026
2025-03-05 19:30:00+00:00,230.47999572753906,232.2100067138672,228.4600067138672,231.3699951171875,401394
2025-03-05 20:30:00+00:00,229.11000061035156,230.67999267578125,228.4600067138672,230.3300018310547,425538
2025-03-06 14:30:00+00:00,221.61000061035156,222.77999877929688,214.33999633789062,220.19000244140625,1182858
2025-03-06 15:30:00+00:00,218.77999877929688,222.139892578125,217.75999450683594,221.61000061035156,626417
2025-03-06 16:30:00+00:00,216.9199981689453,219.84500122070312,214.92999267578125,219.69000244140625,442054
2025-03-06 17:30:00+00:00,215.36000061035156,217.5449981689453,214.4949951171875,216.86500549316406,710246
2025-03-06 18:30:00+00:00,210.6750030517578,215.38499450683594,209.7050018310547,215.3800048828125,1209736
2025-03-06 19:30:00+00:00,209.35499572753906,215.97999572753906,204.80999755859375,210.6750030517578,1805927
2025-03-06 20:30:00+00:00,207.73980712890625,211.00430297851562,206.2100067138672,209.63999938964844,1259039
2025-03-07 14:30:00+00:00,208.6199951171875,213.82000732421875,205.42010498046875,208.10000610351562,1035952
2025-03-07 15:30:00+00:00,204.51499938964844,209.27999877929688,204.3300018310547,208.4199981689453,668469
2025-03-07 16:30:00+00:00,205.4199981689453,206.29330444335938,203.11000061035156,204.69000244140625,490379
2025-03-07 17:30:00+00:00,208.4550018310547,210.76840209960938,205.0500030517578,205.38999938964844,586944
2025-03-07 18:30:00+00:00,213.86000061035156,214.97000122070312,208.3000030517578,208.3000030517578,522263
2025-03-07 19:30:00+00:00,212.38999938964844,216.13999938964844,209.9499969482422,213.89999389648438,771291
2025-03-07 20:30:00+00:00,212.5399932861328,213.15499877929688,210.12100219726562,212.38999938964844,532339
2025-03-10 13:30:00+00:00,197.6999969482422,208.0,197.10000610351562,203.61000061035156,1469808
2025-03-10 14:30:00+00:00,200.3800048828125,200.49000549316406,195.55999755859375,197.6300048828125,1134132
2025-03-10 15:30:00+00:00,199.66000366210938,203.99000549316406,199.05999755859375,200.1999969482422,720513
2025-03-10 16:30:00+00:00,200.3000030517578,200.88999938964844,197.97000122070312,199.75999450683594,749770
2025-03-10 17:30:00+00:00,198.57000732421875,200.44000244140625,196.46499633789062,200.38999938964844,675694
2025-03-10 18:30:00+00:00,202.2100067138672,202.77999877929688,197.7100067138672,198.57000732421875,700689
2025-03-10 19:30:00+00:00,202.22999572753906,204.4499969482422,200.47999572753906,202.00999450683594,745910
2025-03-11 13:30:00+00:00,205.85499572753906,211.25999450683594,199.9250030517578,204.21119689941406,841388
2025-03-11 14:30:00+00:00,208.7100067138672,209.77780151367188,202.1300048828125,205.8800048828125,721476
2025-03-11 15:30:00+00:00,207.55999755859375,211.6300048828125,207.14999389648438,208.75999450683594,570200
2025-03-11 16:30:00+00:00,203.97000122070312,208.02999877929688,203.60009765625,207.55499267578125,327515
2025-03-11 17:30:00+00:00,208.13999938964844,208.5500030517578,203.11000061035156,203.77999877929688,595116
2025-03-11 18:30:00+00:00,210.24000549316406,211.4398956298828,207.00599670410156,208.0,628017
2025-03-11 19:30:00+00:00,208.44000244140625,210.74000549316406,207.44000244140625,210.24000549316406,834618
2025-03-12 13:30:00+00:00,216.4199981689453,224.3300018310547,214.13999938964844,218.86500549316406,1558866
2025-03-12 14:30:00+00:00,213.4149932861328,216.77000427246094,210.0,216.14999389648438,555359
2025-03-12 15:30:00+00:00,217.13499450683594,218.58999633789062,213.1300048828125,213.75999450683594,573251
2025-03-12 16:30:00+00:00,218.27999877929688,219.20989990234375,214.5059051513672,217.13499450683594,591810
2025-03-12 17:30:00+00:00,220.1649932861328,220.75999450683594,216.8000030517578,218.22999572753906,623055
2025-03-12 18:30:00+00:00,217.3000030517578,220.6239013671875,216.74000549316406,220.3699951171875,499460
2025-03-12 19:30:00+00:00,215.30999755859375,217.79989624023438,215.08999633789062,217.2949981689453,588098
2025-03-13 13:30:00+00:00,210.10499572753906,216.77000427246094,203.72000122070312,216.77000427246094,887973
2025-03-13 14:30:00+00:00,207.61000061035156,211.41000366210938,207.4600067138672,210.55099487304688,325563
2025-03-13 15:30:00+00:00,208.27499389648438,209.02000427246094,206.76010131835938,207.6300048828125,325299
2025-03-13 16:30:00+00:00,208.27999877929688,210.25999450683594,207.5,208.07000732421875,219829
2025-03-13 17:30:00+00:00,208.1300048828125,209.36000061035156,206.42100524902344,208.02000427246094,281176
2025-03-13 18:30:00+00:00,207.3175048828125,210.8699951171875,206.69000244140625,208.60069274902344,463395
2025-03-13 19:30:00+00:00,209.9199981689453,209.97000122070312,207.1699981689453,207.5399932861328,548709
2025-03-14 13:30:00+00:00,210.2449951171875,216.0,209.02999877929688,213.8300018310547,638761
2025-03-14 14:30:00+00:00,215.5500030517578,217.5,210.18020629882812,210.2449951171875,483260
2025-03-14 15:30:00+00:00,212.1999969482422,216.6699981689453,212.0399932861328,215.5749969482422,340726
2025-03-14 16:30:00+00:00,211.6999969482422,213.66000366210938,211.44500732421875,212.3800048828125,281347
2025-03-14 17:30:00+00:00,213.13999938964844,213.58999633789062,211.4149932861328,211.51840209960938,340703
2025-03-14 18:30:00+00:00,214.86000061035156,215.5399932861328,212.97999572753906,213.03500366210938,369224
2025-03-14 19:30:00+00:00,216.33999633789062,217.0,214.4199981689453,214.94000244140625,537783
2025-03-17 13:30:00+00:00,215.83999633789062,222.06500244140625,215.72000122070312,216.91000366210938,583837
2025-03-17 14:30:00+00:00,217.71499633789062,219.04989624023438,214.36000061035156,215.8000030517578,350115
2025-03-17 15:30:00+00:00,217.8874969482422,219.25,216.55999755859375,217.9199981689453,328268
2025-03-17 16:30:00+00:00,218.6999969482422,219.77999877929688,217.04010009765625,218.0,429503
2025-03-17 17:30:00+00:00,219.5399932861328,219.97000122070312,216.75999450683594,219.0,531870
2025-03-17 18:30:00+00:00,219.9499969482422,221.5050048828125,219.3800048828125,219.42999267578125,479958
2025-03-17 19:30:00+00:00,218.52000427246094,220.08999633789062,218.38999938964844,219.75999450683594,458945
2025-03-18 13:30:00+00:00,213.9199981689453,218.13499450683594,211.1699981689453,217.9199981689453,619539
2025-03-18 14:30:00+00:00,210.6199951171875,215.16000366210938,209.5,214.1199951171875,479252
2025-03-18 15:30:00+00:00,212.8300018310547,212.8800048828125,209.25,210.42999267578125,322588
2025-03-18 16:30:00+00:00,211.95640563964844,213.52999877929688,211.11500549316406,212.86000061035156,196045
2025-03-18 17:30:00+00:00,210.57000732421875,212.63999938964844,210.1199951171875,211.9149932861328,155727
2025-03-18 18:30:00+00:00,210.88999938964844,211.8553924560547,210.25,210.80999755859375,230944
2025-03-18 19:30:00+00:00,211.13999938964844,211.62620544433594,210.58999633789062,211.11000061035156,289109
2025-03-19 13:30:00+00:00,214.63999938964844,215.5,211.1199951171875,211.44000244140625,382634
2025-03-19 14:30:00+00:00,216.3800048828125,217.88999938964844,214.22000122070312,214.63499450683594,246566
2025-03-19 15:30:00+00:00,216.17999267578125,217.4600067138672,215.13499450683594,216.55999755859375,206385
2025-03-19 16:30:00+00:00,216.0,217.02000427246094,215.8000030517578,216.10690307617188,176503
2025-03-19 17:30:00+00:00,216.84469604492188,217.389892578125,214.0,215.92999267578125,287456
2025-03-19 18:30:00+00:00,215.2449951171875,220.25,215.00999450683594,216.72500610351562,584019
2025-03-19 19:30:00+00:00,217.91000366210938,218.8300018310547,215.0,215.2449951171875,604569
2025-03-20 13:30:00+00:00,220.13999938964844,221.4669952392578,214.0,217.05999755859375,401548
2025-03-20 14:30:00+00:00,222.36000061035156,222.42999267578125,219.04299926757812,220.33999633789062,394357
2025-03-20 15:30:00+00:00,218.70840454101562,222.0500030517578,218.6699981689453,221.97000122070312,145697
2025-03-20 16:30:00+00:00,217.7899932861328,220.11000061035156,217.7899932861328,218.92999267578125,137759
2025-03-20 17:30:00+00:00,218.77000427246094,220.35000610351562,217.94009399414062,218.1199951171875,186676
2025-03-20 18:30:00+00:00,218.2904052734375,220.0,218.19000244140625,219.05499267578125,280897
2025-03-20 19:30:00+00:00,219.49000549316406,220.65499877929688,218.4250030517578,218.47000122070312,228292
2025-03-21 13:30:00+00:00,218.4149932861328,219.2100067138672,212.5500030517578,215.77499389648438,800502
2025-03-21 14:30:00+00:00,218.55999755859375,220.4550018310547,216.94000244140625,218.4149932861328,387870
2025-03-21 15:30:00+00:00,218.94000244140625,219.72000122070312,217.2100067138672,218.77999877929688,191287
2025-03-21 16:30:00+00:00,218.125,220.8800048828125,217.58999633789062,218.8350067138672,217735
2025-03-21 17:30:00+00:00,219.55499267578125,220.35000610351562,217.71009826660156,218.13499450683594,240056
2025-03-21 18:30:00+00:00,220.69000244140625,221.25999450683594,219.10000610351562,219.55499267578125,293735
2025-03-21 19:30:00+00:00,222.60000610351562,222.82000732421875,220.2740020751953,220.78500366210938,556048
2025-03-24 13:30:00+00:00,230.22000122070312,231.0,226.60009765625,228.25,700090
2025-03-24 14:30:00+00:00,229.74000549316406,231.14999389648438,228.1999969482422,230.1300048828125,410374
2025-03-24 15:30:00+00:00,228.35000610351562,230.14300537109375,227.61000061035156,229.49000549316406,246750
2025-03-24 16:30:00+00:00,227.89999389648438,228.55999755859375,226.91000366210938,228.47000122070312,153007
2025-03-24 17:30:00+00:00,227.59669494628906,228.60000610351562,226.97500610351562,227.7949981689453,172867
2025-03-24 18:30:00+00:00,228.2449951171875,229.25999450683594,227.0,227.59249877929688,328723
2025-03-24 19:30:00+00:00,228.47999572753906,229.6999969482422,227.88999938964844,228.2449951171875,363419
2025-03-25 13:30:00+00:00,223.14999389648438,230.87229919433594,222.0,229.00999450683594,708908
2025-03-25 14:30:00+00:00,224.77000427246094,225.7100067138672,223.01499938964844,223.24000549316406,328913
2025-03-25 15:30:00+00:00,224.40499877929688,226.2310028076172,223.64999389648438,224.69500732421875,264830
2025-03-25 16:30:00+00:00,224.5,228.6199951171875,224.19000244140625,224.57000732421875,206426
2025-03-25 17:30:00+00:00,225.72500610351562,226.42999267578125,224.17999267578125,224.38999938964844,210673
2025-03-25 18:30:00+00:00,226.28750610351562,226.77000427246094,225.00010681152344,225.8000030517578,250564
2025-03-25 19:30:00+00:00,226.89999389648438,227.67999267578125,226.25650024414062,226.52999877929688,437262
2025-03-26 13:30:00+00:00,220.13999938964844,226.10000610351562,216.9040985107422,223.99000549316406,706151
2025-03-26 14:30:00+00:00,217.77999877929688,220.94000244140625,217.42999267578125,220.14999389648438,327215
2025-03-26 15:30:00+00:00,216.35000610351562,218.14999389648438,215.89010620117188,217.9250030517578,498252
2025-03-26 16:30:00+00:00,216.27999877929688,216.69000244140625,214.0,216.51499938964844,291214
2025-03-26 17:30:00+00:00,216.98500061035156,217.2100067138672,215.0959930419922,216.29200744628906,326525
2025-03-26 18:30:00+00:00,216.9199981689453,218.08399963378906,215.75,216.99000549316406,427050
2025-03-26 19:30:00+00:00,216.97000122070312,218.0399932861328,216.24000549316406,216.97000122070312,866723
2025-03-27 13:30:00+00:00,213.14999389648438,216.00999450683594,207.52000427246094,212.11000061035156,1137166
2025-03-27 14:30:00+00:00,214.6300048828125,217.5500030517578,213.22999572753906,213.32000732421875,450609
2025-03-27 15:30:00+00:00,210.8699951171875,214.6999969482422,210.10000610351562,214.47999572753906,448436
2025-03-27 16:30:00+00:00,210.42999267578125,211.58389282226562,209.64999389648438,211.1199951171875,314790
2025-03-27 17:30:00+00:00,210.71499633789062,211.13499450683594,209.60499572753906,210.47500610351562,330100
2025-03-27 18:30:00+00:00,210.80999755859375,211.39500427246094,209.4199981689453,210.72999572753906,384610
2025-03-27 19:30:00+00:00,209.13999938964844,210.88999938964844,208.1999969482422,210.82000732421875,704883
2025-03-28 13:30:00+00:00,211.36000061035156,215.4149932861328,208.72999572753906,209.89999389648438,1014390
2025-03-28 14:30:00+00:00,210.39999389648438,213.55999755859375,208.08999633789062,211.52999877929688,784710
2025-03-28 15:30:00+00:00,207.96499633789062,211.6699981689453,207.3699951171875,210.31539916992188,482379
2025-03-28 16:30:00+00:00,205.52000427246094,209.1199951171875,204.91000366210938,208.13999938964844,390875
2025-03-28 17:30:00+00:00,206.44000244140625,207.80560302734375,204.7899932861328,205.55499267578125,1180753
2025-03-28 18:30:00+00:00,204.72999572753906,206.7100067138672,204.3000946044922,206.49000549316406,0
2025-03-28 19:30:00+00:00,205.27000427246094,206.1699981689453,203.88999938964844,204.72999572753906,466387
2025-03-31 13:30:00+00:00,196.36500549316406,201.16000366210938,195.5500030517578,198.97999572753906,983498
2025-03-31 14:30:00+00:00,200.0399932861328,200.99989318847656,196.0,196.13999938964844,356823
2025-03-31 15:30:00+00:00,200.64500427246094,201.06500244140625,198.72999572753906,200.0,452837
2025-03-31 16:30:00+00:00,199.4499969482422,201.51919555664062,198.8800048828125,200.58999633789062,368473
2025-03-31 17:30:00+00:00,201.8800048828125,202.5749969482422,199.0500030517578,199.41000366210938,350934
2025-03-31 18:30:00+00:00,200.80499267578125,203.55999755859375,200.57000732421875,201.8800048828125,411625
2025-03-31 19:30:00+00:00,201.49000549316406,202.9199981689453,200.4199981689453,200.75,593267
2025-04-01 13:30:00+00:00,199.83999633789062,204.25,198.08999633789062,200.9499969482422,468413
2025-04-01 14:30:00+00:00,205.66000366210938,206.05999755859375,199.61000061035156,199.8300018310547,393646
2025-04-01 15:30:00+00:00,204.89999389648438,207.1898956298828,204.69000244140625,205.38999938964844,271927
2025-04-01 16:30:00+00:00,205.42999267578125,205.91000366210938,204.35000610351562,204.89999389648438,263607
2025-04-01 17:30:00+00:00,202.89999389648438,206.0399932861328,202.25999450683594,205.5399932861328,339970
2025-04-01 18:30:00+00:00,205.1199951171875,205.7174072265625,202.72000122070312,202.8114013671875,251076
2025-04-01 19:30:00+00:00,206.9499969482422,207.74000549316406,204.89999389648438,204.89999389648438,418062
2025-04-02 13:30:00+00:00,207.86000061035156,208.57000732421875,202.27000427246094,203.02999877929688,496180
2025-04-02 14:30:00+00:00,209.9499969482422,210.1199951171875,207.1300048828125,207.86000061035156,272898
2025-04-02 15:30:00+00:00,214.1699981689453,214.30999755859375,209.2550048828125,209.74000549316406,376642
2025-04-02 16:30:00+00:00,214.86000061035156,215.33999633789062,206.94000244140625,214.1699981689453,338769
2025-04-02 17:30:00+00:00,210.58999633789062,214.91830444335938,206.94000244140625,214.91830444335938,375894
2025-04-02 18:30:00+00:00,212.55999755859375,212.6199951171875,210.5449981689453,210.5449981689453,318285
2025-04-02 19:30:00+00:00,214.4600067138672,214.8800048828125,212.14999389648438,212.59500122070312,477325
2025-04-03 13:30:00+00:00,199.11000061035156,204.04690551757812,198.6750030517578,200.0,907941
2025-04-03 14:30:00+00:00,195.77999877929688,199.47999572753906,193.8800048828125,199.11000061035156,753834
2025-04-03 15:30:00+00:00,197.47169494628906,197.47169494628906,194.6300048828125,195.9600067138672,574463
2025-04-03 16:30:00+00:00,195.9149932861328,197.64999389648438,194.77430725097656,197.2100067138672,333163
2025-04-03 17:30:00+00:00,193.0800018310547,196.7100067138672,192.9199981689453,195.9600067138672,397396
2025-04-03 18:30:00+00:00,191.39999389648438,195.07000732421875,190.63499450683594,193.08999633789062,890543
2025-04-03 19:30:00+00:00,190.1999969482422,192.0283966064453,189.77999877929688,191.6649932861328,697286
2025-04-04 13:30:00+00:00,166.21499633789062,182.99000549316406,166.02099609375,180.00999450683594,2596651
2025-04-04 14:30:00+00:00,172.77499389648438,176.5500030517578,165.0800018310547,166.02999877929688,1575298
2025-04-04 15:30:00+00:00,170.6649932861328,174.4550018310547,170.36199951171875,172.85000610351562,934106
2025-04-04 16:30:00+00:00,169.11500549316406,172.1103057861328,168.24000549316406,170.49000549316406,937029
2025-04-04 17:30:00+00:00,168.25999450683594,173.00999450683594,168.110107421875,169.10000610351562,670972
2025-04-04 18:30:00+00:00,171.40499877929688,172.02000427246094,167.20950317382812,168.41000366210938,914228
2025-04-04 19:30:00+00:00,170.99000549316406,173.14999389648438,169.8699951171875,171.40499877929688,1128104
2025-04-07 13:30:00+00:00,174.81500244140625,189.7899932861328,161.52000427246094,161.99000549316406,1981909
2025-04-07 14:30:00+00:00,175.125,181.74000549316406,170.9600067138672,175.98500061035156,1597430
2025-04-07 15:30:00+00:00,176.67999267578125,179.72999572753906,175.18499755859375,175.3000030517578,637213
2025-04-07 16:30:00+00:00,180.0449981689453,180.3300018310547,174.08999633789062,176.3699951171875,580522
2025-04-07 17:30:00+00:00,178.51499938964844,182.98300170898438,178.17999267578125,180.1199951171875,735154
2025-04-07 18:30:00+00:00,179.40499877929688,180.8748016357422,176.88999938964844,178.67999267578125,633929
2025-04-07 19:30:00+00:00,179.66000366210938,182.3300018310547,178.22000122070312,179.36500549316406,833935
2025-04-08 13:30:00+00:00,191.7050018310547,193.3000030517578,187.99000549316406,188.94000244140625,1299715
2025-04-08 14:30:00+00:00,189.99000549316406,193.1999969482422,187.69000244140625,191.64999389648438,1410249
2025-04-08 15:30:00+00:00,189.22500610351562,192.76190185546875,188.4600067138672,190.07000732421875,688474
2025-04-08 16:30:00+00:00,185.11000061035156,189.74000549316406,184.42999267578125,189.3699951171875,823132
2025-04-08 17:30:00+00:00,185.66000366210938,188.6999969482422,184.47000122070312,184.8000030517578,480888
2025-04-08 18:30:00+00:00,185.0399932861328,188.85000610351562,182.13470458984375,185.6999969482422,601099
2025-04-08 19:30:00+00:00,185.02999877929688,185.30999755859375,181.99000549316406,184.9600067138672,891855
2025-04-09 13:30:00+00:00,186.5,192.35000610351562,185.47259521484375,186.6999969482422,990208
2025-04-09 14:30:00+00:00,185.77000427246094,187.47000122070312,182.61000061035156,186.8699951171875,581565
2025-04-09 15:30:00+00:00,187.05999755859375,187.72479248046875,184.36000061035156,185.77999877929688,348433
2025-04-09 16:30:00+00:00,201.61500549316406,206.6300048828125,186.61000061035156,186.99000549316406,650405
2025-04-09 17:30:00+00:00,215.1999969482422,216.0,201.5399932861328,201.86000061035156,1599966
2025-04-09 18:30:00+00:00,216.0,217.5,209.2100067138672,214.9600067138672,1183332
2025-04-09 19:30:00+00:00,215.0399932861328,217.89999389648438,214.3300018310547,216.2050018310547,1203739
2025-04-10 13:30:00+00:00,207.72000122070312,210.0,204.00999450683594,209.0,618698
2025-04-10 14:30:00+00:00,206.57000732421875,211.47500610351562,206.57000732421875,208.1699981689453,431610
2025-04-10 15:30:00+00:00,200.9600067138672,207.0800018310547,199.5500030517578,207.0800018310547,397918
2025-04-10 16:30:00+00:00,203.41000366210938,206.58999633789062,200.52000427246094,200.5749969482422,352128
2025-04-10 17:30:00+00:00,207.79580688476562,208.0,202.77330017089844,203.1649932861328,422549
2025-04-10 18:30:00+00:00,203.9499969482422,208.88999938964844,203.7100067138672,207.39500427246094,336805
2025-04-10 19:30:00+00:00,204.58999633789062,205.44000244140625,201.0,203.7100067138672,676139
2025-04-11 13:30:00+00:00,198.5800018310547,205.89999389648438,198.30560302734375,204.49000549316406,386740
2025-04-11 14:30:00+00:00,201.27999877929688,203.27000427246094,198.02000427246094,198.57749938964844,334582
2025-04-11 15:30:00+00:00,201.47500610351562,203.27999877929688,200.77999877929688,201.0800018310547,183695
2025-04-11 16:30:00+00:00,203.35000610351562,205.1999969482422,201.61000061035156,201.61000061035156,274590
2025-04-11 17:30:00+00:00,206.5399932861328,208.1199951171875,202.6199951171875,203.35000610351562,321801
2025-04-11 18:30:00+00:00,207.86500549316406,208.47999572753906,204.91000366210938,206.58999633789062,385729
2025-04-11 19:30:00+00:00,208.1199951171875,208.52999877929688,207.22999572753906,207.64999389648438,612710
2025-04-14 13:30:00+00:00,209.0,217.2100067138672,206.5800018310547,214.97000122070312,499272
2025-04-14 14:30:00+00:00,205.81649780273438,209.5399932861328,205.66000366210938,209.0449981689453,365899
2025-04-14 15:30:00+00:00,205.75,207.14999389648438,203.8699951171875,205.7550048828125,254976
2025-04-14 16:30:00+00:00,205.875,207.3000030517578,204.39999389648438,205.63890075683594,237515
2025-04-14 17:30:00+00:00,207.63499450683594,208.08999633789062,205.5500030517578,205.875,220733
2025-04-14 18:30:00+00:00,208.2451934814453,209.11000061035156,207.1999969482422,207.6999969482422,221269
2025-04-14 19:30:00+00:00,206.6999969482422,208.75950622558594,206.52000427246094,208.25,432502
2025-04-15 13:30:00+00:00,209.44000244140625,212.0,206.35000610351562,206.6999969482422,384454
2025-04-15 14:30:00+00:00,207.7100067138672,209.83970642089844,207.60000610351562,209.4499969482422,197910
2025-04-15 15:30:00+00:00,209.5540008544922,209.72000122070312,207.4600067138672,207.76499938964844,124311
2025-04-15 16:30:00+00:00,207.88499450683594,210.5,207.64999389648438,209.61000061035156,149523
2025-04-15 17:30:00+00:00,207.65199279785156,208.52999877929688,207.4250030517578,208.1699981689453,122194
2025-04-15 18:30:00+00:00,208.32000732421875,209.27000427246094,207.74749755859375,207.75,143265
2025-04-15 19:30:00+00:00,208.4199981689453,208.9571990966797,207.74000549316406,208.33999633789062,283596
2025-04-16 13:30:00+00:00,204.64500427246094,205.585693359375,202.64999389648438,205.0,342327
2025-04-16 14:30:00+00:00,206.7949981689453,206.97999572753906,204.22999572753906,204.93280029296875,148461
2025-04-16 15:30:00+00:00,205.42999267578125,207.1649932861328,204.8300018310547,206.97999572753906,140257
2025-04-16 16:30:00+00:00,207.2100067138672,207.2100067138672,204.80999755859375,205.40499877929688,143662
2025-04-16 17:30:00+00:00,204.61000061035156,207.06500244140625,203.02999877929688,207.05999755859375,228775
2025-04-16 18:30:00+00:00,201.94000244140625,204.4250030517578,201.44000244140625,204.4250030517578,299952
2025-04-16 19:30:00+00:00,204.2010040283203,204.5399932861328,201.9949951171875,202.11500549316406,433784
2025-04-17 13:30:00+00:00,203.77000427246094,208.35000610351562,203.6038055419922,208.35000610351562,429445
2025-04-17 14:30:00+00:00,206.11000061035156,207.5,203.72000122070312,203.77000427246094,128670
2025-04-17 15:30:00+00:00,207.16000366210938,207.5850067138672,205.25999450683594,205.92999267578125,192810
2025-04-17 16:30:00+00:00,207.2299041748047,208.77000427246094,206.75999450683594,207.15499877929688,148208
2025-04-17 17:30:00+00:00,208.01499938964844,208.81919860839844,206.11529541015625,206.97999572753906,146149
2025-04-17 18:30:00+00:00,205.8249969482422,208.6300048828125,205.81500244140625,208.00999450683594,178420
2025-04-17 19:30:00+00:00,206.61000061035156,207.07000732421875,205.38999938964844,205.8074951171875,355890
2025-04-21 13:30:00+00:00,193.60499572753906,204.8699951171875,193.09010314941406,202.89999389648438,677925
2025-04-21 14:30:00+00:00,190.6999969482422,194.2299041748047,190.6999969482422,193.6699981689453,380165
2025-04-21 15:30:00+00:00,189.71499633789062,190.98370361328125,189.22000122070312,190.86480712890625,372067
2025-04-21 16:30:00+00:00,189.697998046875,190.97999572753906,188.88999938964844,189.6999969482422,427036
2025-04-21 17:30:00+00:00,189.74000549316406,189.8489990234375,188.00570678710938,189.5800018310547,336959
2025-04-21 18:30:00+00:00,190.8000030517578,191.41000366210938,189.41000366210938,189.71499633789062,320122
2025-04-21 19:30:00+00:00,192.61000061035156,192.85000610351562,190.8000030517578,190.8000030517578,443571
2025-04-22 13:30:00+00:00,197.80499267578125,199.78990173339844,195.8625030517578,197.5500030517578,421226
2025-04-22 14:30:00+00:00,197.99000549316406,199.39999389648438,197.7899932861328,197.7899932861328,199229
2025-04-22 15:30:00+00:00,201.13999938964844,201.63999938964844,197.31759643554688,198.0,253515
2025-04-22 16:30:00+00:00,198.85499572753906,202.4199981689453,198.75999450683594,200.82000732421875,303812
2025-04-22 17:30:00+00:00,200.65170288085938,201.0,198.60000610351562,198.875,139590
2025-04-22 18:30:00+00:00,200.33299255371094,201.52000427246094,199.94000244140625,200.8800048828125,191761
2025-04-22 19:30:00+00:00,200.85000610351562,201.5399932861328,200.22000122070312,200.22999572753906,367404
2025-04-23 13:30:00+00:00,213.6199951171875,217.3300018310547,210.9499969482422,212.9521942138672,771884
2025-04-23 14:30:00+00:00,211.9199981689453,215.16000366210938,211.57000732421875,213.6300048828125,342904
2025-04-23 15:30:00+00:00,210.17999267578125,212.60000610351562,208.8800048828125,211.79010009765625,409559
2025-04-23 16:30:00+00:00,210.06500244140625,211.5800018310547,209.66000366210938,210.4499969482422,227472
2025-04-23 17:30:00+00:00,210.0800018310547,210.82000732421875,208.36000061035156,210.13999938964844,205979
2025-04-23 18:30:00+00:00,209.00999450683594,210.58999633789062,208.47250366210938,210.17999267578125,191597
2025-04-23 19:30:00+00:00,209.52000427246094,210.44500732421875,208.3249969482422,209.07000732421875,268982
2025-04-24 13:30:00+00:00,213.02499389648438,213.6649932861328,209.57000732421875,209.57000732421875,276119
2025-04-24 14:30:00+00:00,214.82000732421875,216.17999267578125,212.74000549316406,212.92999267578125,246467
2025-04-24 15:30:00+00:00,217.62530517578125,217.7530059814453,214.02000427246094,214.3300018310547,281689
2025-04-24 16:30:00+00:00,218.88499450683594,219.63999938964844,217.07000732421875,217.5500030517578,357559
2025-04-24 17:30:00+00:00,219.19500732421875,220.125,218.00999450683594,219.0,256837
2025-04-24 18:30:00+00:00,217.875,220.0,217.4600067138672,219.13999938964844,210736
2025-04-24 19:30:00+00:00,218.0800018310547,219.52000427246094,217.6999969482422,217.77000427246094,406036
2025-04-25 13:30:00+00:00,220.60000610351562,222.0,216.5,218.11000061035156,342295
2025-04-25 14:30:00+00:00,220.9600067138672,222.38999938964844,219.8000030517578,220.58999633789062,243849
2025-04-25 15:30:00+00:00,222.3000030517578,222.5800018310547,220.27999877929688,221.05999755859375,266296
2025-04-25 16:30:00+00:00,223.7100067138672,223.89999389648438,222.1999969482422,222.23500061035156,222881
2025-04-25 17:30:00+00:00,223.05999755859375,223.75999450683594,220.77000427246094,223.49000549316406,205451
2025-04-25 18:30:00+00:00,222.6750030517578,223.94500732421875,222.38999938964844,223.11000061035156,230039
2025-04-25 19:30:00+00:00,223.0,223.47000122070312,222.36000061035156,222.6750030517578,518905
2025-04-28 13:30:00+00:00,222.66000366210938,223.88499450683594,219.69000244140625,222.33999633789062,429214
2025-04-28 14:30:00+00:00,220.05999755859375,224.3350067138672,219.868896484375,222.66000366210938,295599
2025-04-28 15:30:00+00:00,220.1750030517578,221.3300018310547,219.6999969482422,219.97999572753906,245470
2025-04-28 16:30:00+00:00,220.6300048828125,222.16000366210938,219.94500732421875,220.07000732421875,193778
2025-04-28 17:30:00+00:00,222.5500030517578,222.8300018310547,220.51499938964844,220.7050018310547,149774
2025-04-28 18:30:00+00:00,223.77000427246094,224.02499389648438,222.47999572753906,222.5500030517578,222245
2025-04-28 19:30:00+00:00,224.80999755859375,225.49000549316406,223.6199951171875,223.7375030517578,352931
2025-04-29 13:30:00+00:00,220.66000366210938,225.64999389648438,220.5,224.30999755859375,280298
2025-04-29 14:30:00+00:00,225.38999938964844,225.72000122070312,220.64999389648438,220.72999572753906,238164
2025-04-29 15:30:00+00:00,225.14500427246094,226.25999450683594,224.23280334472656,225.27999877929688,163618
2025-04-29 16:30:00+00:00,225.22000122070312,225.57000732421875,223.69009399414062,225.14500427246094,159056
2025-04-29 17:30:00+00:00,226.39320373535156,227.36000061035156,225.25,225.25,151922
2025-04-29 18:30:00+00:00,226.50999450683594,226.69000244140625,225.74000549316406,226.4600067138672,212356
2025-04-29 19:30:00+00:00,226.44000244140625,227.0124969482422,225.75999450683594,226.7100067138672,253085
2025-04-30 13:30:00+00:00,220.0500030517578,220.22000122070312,216.75,219.5500030517578,362814
2025-04-30 14:30:00+00:00,221.23500061035156,221.9499969482422,219.11819458007812,220.1699981689453,177792
2025-04-30 15:30:00+00:00,220.6199951171875,221.7899932861328,220.35000610351562,221.22999572753906,150019
2025-04-30 16:30:00+00:00,220.65499877929688,221.35000610351562,218.80999755859375,220.60499572753906,134993
2025-04-30 17:30:00+00:00,221.1199951171875,222.44000244140625,220.74000549316406,220.74000549316406,158143
2025-04-30 18:30:00+00:00,220.24000549316406,221.7899932861328,220.14500427246094,220.99000549316406,154572
2025-04-30 19:30:00+00:00,223.42999267578125,223.86500549316406,220.16000366210938,220.25999450683594,328965
2025-05-01 13:30:00+00:00,240.6728057861328,240.9600067138672,230.51499938964844,232.18499755859375,1175664
2025-05-01 14:30:00+00:00,243.11000061035156,243.97999572753906,240.19000244140625,240.69500732421875,788537
2025-05-01 15:30:00+00:00,240.8000030517578,243.28500366210938,238.7301025390625,243.1999969482422,494586
2025-05-01 16:30:00+00:00,241.80999755859375,242.2100067138672,239.32899475097656,240.82000732421875,305240
2025-05-01 17:30:00+00:00,243.4261932373047,243.4261932373047,240.9199981689453,241.57000732421875,321903
2025-05-01 18:30:00+00:00,243.11500549316406,243.8300018310547,242.7899932861328,243.3699951171875,394439
2025-05-01 19:30:00+00:00,240.50999450683594,243.24000549316406,240.38999938964844,243.17250061035156,521853
2025-05-02 13:30:00+00:00,246.6199951171875,247.52000427246094,241.5634002685547,244.27999877929688,596853
2025-05-02 14:30:00+00:00,246.9149932861328,248.78500366210938,245.42999267578125,246.52999877929688,637770
2025-05-02 15:30:00+00:00,249.5399932861328,249.77499389648438,246.6199951171875,246.91000366210938,370410
2025-05-02 16:30:00+00:00,249.10400390625,249.5,248.1999969482422,249.5,212014
2025-05-02 17:30:00+00:00,250.27999877929688,250.58999633789062,248.74000549316406,249.02999877929688,298070
2025-05-02 18:30:00+00:00,249.24000549316406,250.52000427246094,248.7050018310547,250.19500732421875,261394
2025-05-02 19:30:00+00:00,247.5189971923828,249.4499969482422,246.8699951171875,249.22500610351562,637771
2025-05-05 13:30:00+00:00,244.7100067138672,244.8343048095703,241.52999877929688,242.80999755859375,516237
2025-05-05 14:30:00+00:00,246.2100067138672,246.72000122070312,243.94000244140625,244.8699951171875,346222
2025-05-05 15:30:00+00:00,246.72500610351562,247.16000366210938,245.69000244140625,246.2899932861328,253030
2025-05-05 16:30:00+00:00,248.2899932861328,248.52000427246094,246.5399932861328,246.87429809570312,343464
2025-05-05 17:30:00+00:00,249.05999755859375,249.52999877929688,248.10499572753906,248.33999633789062,250724
2025-05-05 18:30:00+00:00,248.8699951171875,250.0,248.50999450683594,249.16000366210938,379283
2025-05-05 19:30:00+00:00,248.3699951171875,249.07000732421875,247.92149353027344,248.85000610351562,521763
2025-05-06 13:30:00+00:00,270.4219970703125,272.239990234375,256.1199951171875,258.8299865722656,2321485
2025-05-06 14:30:00+00:00,272.489013671875,272.7499084472656,268.8299865722656,270.6600036621094,775491
2025-05-06 15:30:00+00:00,275.2749938964844,276.8900146484375,272.010009765625,272.5,848910
2025-05-06 16:30:00+00:00,276.7799987792969,278.1000061035156,274.264404296875,275.2749938964844,534713
2025-05-06 17:30:00+00:00,278.5,279.3299865722656,273.12109375,276.79998779296875,636181
2025-05-06 18:30:00+00:00,278.2200012207031,279.8900146484375,276.0491027832031,278.6050109863281,497348
2025-05-06 19:30:00+00:00,273.7699890136719,279.2799987792969,273.5,278.0400085449219,1113891
2025-05-07 13:30:00+00:00,269.7200012207031,277.5098876953125,267.8949890136719,277.04998779296875,1328900
2025-05-07 14:30:00+00:00,268.0,272.7200012207031,266.57000732421875,269.8500061035156,685472
2025-05-07 15:30:00+00:00,270.7049865722656,271.2900085449219,267.2200012207031,268.010009765625,420829
2025-05-07 16:30:00+00:00,270.69000244140625,271.6000061035156,269.2950134277344,270.8699951171875,292689
2025-05-07 17:30:00+00:00,267.3599853515625,271.4100036621094,267.05499267578125,270.5849914550781,375354
2025-05-07 18:30:00+00:00,265.5799865722656,268.1300048828125,264.6600036621094,267.32000732421875,636534
2025-05-07 19:30:00+00:00,268.1499938964844,269.69000244140625,265.0299987792969,265.55999755859375,899550
2025-05-08 13:30:00+00:00,270.57000732421875,271.82000732421875,265.0700988769531,271.75,487709
2025-05-08 14:30:00+00:00,272.93499755859375,273.9800109863281,269.25,270.56500244140625,434971
2025-05-08 15:30:00+00:00,271.5150146484375,273.67999267578125,271.02508544921875,272.8299865722656,291832
2025-05-08 16:30:00+00:00,272.8500061035156,273.3599853515625,271.32000732421875,271.57000732421875,182352
2025-05-08 17:30:00+00:00,271.114990234375,272.8500061035156,270.60009765625,272.8500061035156,236215
2025-05-08 18:30:00+00:00,273.32000732421875,273.5950012207031,271.260009765625,271.3399963378906,306615
2025-05-08 19:30:00+00:00,270.69000244140625,273.45001220703125,269.9800109863281,273.30999755859375,551630
2025-05-09 13:30:00+00:00,269.0450134277344,274.95001220703125,268.5,272.07000732421875,428320
2025-05-09 14:30:00+00:00,268.7300109863281,270.57989501953125,267.1400146484375,268.9259033203125,302688
2025-05-09 15:30:00+00:00,268.9453125,270.45001220703125,268.3349914550781,268.4599914550781,174950
2025-05-09 16:30:00+00:00,267.6700134277344,269.67999267578125,267.02069091796875,269.2900085449219,166909
2025-05-09 17:30:00+00:00,266.54998779296875,268.9800109863281,266.05999755859375,267.6650085449219,302359
2025-05-09 18:30:00+00:00,269.06500244140625,269.5849914550781,266.6600036621094,266.79998779296875,294850
2025-05-09 19:30:00+00:00,271.4800109863281,271.5899963378906,268.4552001953125,269.06500244140625,441485
2025-05-12 13:30:00+00:00,287.5,290.5299987792969,283.4599914550781,286.4200134277344,1193751
2025-05-12 14:30:00+00:00,287.0400085449219,290.4200134277344,286.1499938964844,287.44000244140625,470655
2025-05-12 15:30:00+00:00,289.70001220703125,290.25,286.510009765625,287.0400085449219,428029
2025-05-12 16:30:00+00:00,291.20001220703125,291.989990234375,288.2099914550781,289.5450134277344,267057
2025-05-12 17:30:00+00:00,290.75,291.8800048828125,289.1300048828125,291.2300109863281,320838
2025-05-12 18:30:00+00:00,286.2300109863281,291.54998779296875,286.1600036621094,290.6000061035156,791943
2025-05-12 19:30:00+00:00,285.1300048828125,287.1400146484375,284.5,286.3699951171875,743471
2025-05-13 13:30:00+00:00,288.6199951171875,289.19000244140625,279.3349914550781,280.4700012207031,886474
2025-05-13 14:30:00+00:00,292.3349914550781,293.67999267578125,287.8999938964844,288.3500061035156,466193
2025-05-13 15:30:00+00:00,293.8960876464844,294.0,291.79998779296875,292.29998779296875,332700
2025-05-13 16:30:00+00:00,291.3976135253906,296.1700134277344,290.8854064941406,293.69580078125,442144
2025-05-13 17:30:00+00:00,290.5,291.32000732421875,289.3550109863281,291.1781005859375,304210
2025-05-13 18:30:00+00:00,292.67999267578125,293.1499938964844,289.69000244140625,290.6449890136719,360545
2025-05-13 19:30:00+00:00,291.5199890136719,293.3299865722656,291.510009765625,292.7699890136719,538515
2025-05-14 13:30:00+00:00,287.2449951171875,292.0,285.7950134277344,291.6050109863281,585271
2025-05-14 14:30:00+00:00,285.930908203125,287.9200134277344,283.82000732421875,287.6000061035156,466744
2025-05-14 15:30:00+00:00,283.3128967285156,286.30499267578125,282.92999267578125,285.80999755859375,263624
2025-05-14 16:30:00+00:00,284.8299865722656,285.2799987792969,283.2149963378906,283.4649963378906,311207
2025-05-14 17:30:00+00:00,286.1499938964844,287.2099914550781,284.68719482421875,284.8299865722656,353664
2025-05-14 18:30:00+00:00,287.6650085449219,287.7300109863281,285.7550048828125,286.1499938964844,261275
2025-05-14 19:30:00+00:00,288.07000732421875,289.0,287.0299987792969,287.6700134277344,463452
2025-05-15 13:30:00+00:00,284.55999755859375,286.8900146484375,283.2799987792969,284.1199951171875,244479
2025-05-15 14:30:00+00:00,285.5400085449219,286.260009765625,284.2550048828125,284.4100036621094,170135
2025-05-15 15:30:00+00:00,287.1199951171875,287.19000244140625,284.80999755859375,285.375,153753
2025-05-15 16:30:00+00:00,287.9649963378906,288.20001220703125,286.9200134277344,287.0317077636719,138506
2025-05-15 17:30:00+00:00,287.7099914550781,288.7200012207031,286.2939147949219,287.9649963378906,216691
2025-05-15 18:30:00+00:00,286.8550109863281,288.57000732421875,286.3399963378906,287.7099914550781,211455
2025-05-15 19:30:00+00:00,284.4100036621094,287.0,284.1000061035156,286.81500244140625,462999
2025-05-16 13:30:00+00:00,286.2099914550781,287.9150085449219,284.20001220703125,286.375,401382
2025-05-16 14:30:00+00:00,287.94000244140625,288.4100036621094,284.6099853515625,285.989990234375,217261
2025-05-16 15:30:00+00:00,288.4100036621094,288.70001220703125,286.9200134277344,288.0450134277344,150661
2025-05-16 16:30:00+00:00,288.9809875488281,289.36859130859375,288.0299987792969,288.3800048828125,144568
2025-05-16 17:30:00+00:00,288.5400085449219,289.1400146484375,287.8299865722656,288.7972106933594,144642
2025-05-16 18:30:00+00:00,289.85101318359375,290.0849914550781,288.04998779296875,288.2580871582031,164813
2025-05-16 19:30:00+00:00,291.1099853515625,291.1700134277344,289.80499267578125,289.80499267578125,400774
2025-05-19 13:30:00+00:00,289.9800109863281,290.8599853515625,282.0,282.0,473858
2025-05-19 14:30:00+00:00,290.6700134277344,291.81988525390625,289.2900085449219,289.5400085449219,177665
2025-05-19 15:30:00+00:00,292.3900146484375,292.3900146484375,290.489990234375,290.489990234375,151925
2025-05-19 16:30:00+00:00,292.44500732421875,293.5198974609375,291.3699951171875,292.0827941894531,186375
2025-05-19 17:30:00+00:00,291.989990234375,292.8399963378906,291.25,292.4100036621094,136274
2025-05-19 18:30:00+00:00,292.57000732421875,292.92999267578125,291.9800109863281,292.0,159198
2025-05-19 19:30:00+00:00,294.0400085449219,294.3699951171875,292.3699951171875,292.3699951171875,305566
2025-05-20 13:30:00+00:00,290.7300109863281,293.0,290.05010986328125,292.55999755859375,286696
2025-05-20 14:30:00+00:00,290.2099914550781,291.989990234375,290.12060546875,290.7699890136719,122917
2025-05-20 15:30:00+00:00,290.82501220703125,291.30999755859375,290.10430908203125,290.3299865722656,157190
2025-05-20 16:30:00+00:00,291.90960693359375,291.90960693359375,290.7200012207031,290.8699951171875,120249
2025-05-20 17:30:00+00:00,290.6300048828125,292.3399963378906,290.6300048828125,291.70001220703125,115590
2025-05-20 18:30:00+00:00,291.31500244140625,291.6099853515625,289.6700134277344,290.2099914550781,174004
2025-05-20 19:30:00+00:00,292.5400085449219,292.70001220703125,291.4100036621094,291.4100036621094,268254
2025-05-21 13:30:00+00:00,287.339599609375,289.6300048828125,286.32989501953125,288.2699890136719,409064
2025-05-21 14:30:00+00:00,291.68829345703125,291.9898986816406,287.3900146484375,287.489990234375,214036
2025-05-21 15:30:00+00:00,290.19000244140625,292.2069091796875,289.8699951171875,291.7699890136719,141259
2025-05-21 16:30:00+00:00,286.3599853515625,291.3399963378906,286.260009765625,290.4800109863281,121497
2025-05-21 17:30:00+00:00,287.2049865722656,288.34991455078125,285.56500244140625,286.0,175992
2025-05-21 18:30:00+00:00,285.92498779296875,287.7699890136719,285.2099914550781,287.1650085449219,220422
2025-05-21 19:30:00+00:00,287.32000732421875,288.05999755859375,286.0450134277344,286.0450134277344,289998
2025-05-22 13:30:00+00:00,287.5950012207031,288.8399963378906,282.7200012207031,285.19000244140625,346725
2025-05-22 14:30:00+00:00,289.9100036621094,290.9042053222656,285.951904296875,287.6199951171875,303688
2025-05-22 15:30:00+00:00,293.1700134277344,294.17999267578125,289.41009521484375,289.7099914550781,278723
2025-05-22 16:30:00+00:00,293.9750061035156,294.0799865722656,291.7699890136719,293.2799987792969,189283
2025-05-22 17:30:00+00:00,293.8999938964844,295.20001220703125,293.5,294.1099853515625,239029
2025-05-22 18:30:00+00:00,293.56500244140625,295.0,292.1400146484375,294.010009765625,278072
2025-05-22 19:30:00+00:00,291.6600036621094,293.56500244140625,291.3399963378906,293.4100036621094,359504
2025-05-23 13:30:00+00:00,295.17498779296875,299.6199035644531,293.2200012207031,298.6449890136719,1285263
2025-05-23 14:30:00+00:00,295.8999938964844,297.4200134277344,293.1499938964844,295.0,522330
2025-05-23 15:30:00+00:00,299.5150146484375,299.64990234375,295.760009765625,295.9150085449219,475005
2025-05-23 16:30:00+00:00,302.2626037597656,302.6000061035156,298.6300964355469,299.5350036621094,619497
2025-05-23 17:30:00+00:00,299.2699890136719,302.46990966796875,298.260009765625,302.44000244140625,885938
2025-05-23 18:30:00+00:00,296.364990234375,300.05999755859375,295.8800048828125,299.510009765625,663886
2025-05-23 19:30:00+00:00,297.5,298.25250244140625,295.7243957519531,296.3450012207031,570701
2025-05-27 13:30:00+00:00,306.12139892578125,306.8699951171875,296.2654113769531,303.8599853515625,913108
2025-05-27 14:30:00+00:00,307.8800048828125,308.4653015136719,305.32000732421875,306.4800109863281,353467
2025-05-27 15:30:00+00:00,308.8399963378906,309.6990051269531,307.4599914550781,307.9200134277344,297968
2025-05-27 16:30:00+00:00,309.3399963378906,310.260009765625,308.7121887207031,309.1199951171875,247461
2025-05-27 17:30:00+00:00,307.6499938964844,309.80999755859375,307.3699951171875,309.1199951171875,238848
2025-05-27 18:30:00+00:00,308.67498779296875,308.8900146484375,307.0805969238281,307.55999755859375,247895
2025-05-27 19:30:00+00:00,309.1199951171875,309.55999755859375,308.4849853515625,308.79998779296875,391145
2025-05-28 13:30:00+00:00,308.0299987792969,313.0849914550781,306.6600036621094,309.0,543207
2025-05-28 14:30:00+00:00,310.2799987792969,310.739990234375,307.74639892578125,308.0199890136719,249020
2025-05-28 15:30:00+00:00,309.30999755859375,310.8800048828125,308.1499938964844,310.4700012207031,237362
2025-05-28 16:30:00+00:00,309.9800109863281,310.0,308.0,309.239990234375,146125
2025-05-28 17:30:00+00:00,309.4700012207031,310.55999755859375,309.03350830078125,309.8324890136719,188583
2025-05-28 18:30:00+00:00,310.3800048828125,311.07000732421875,308.3550109863281,309.4700012207031,235738
2025-05-28 19:30:00+00:00,308.1199951171875,310.3645935058594,307.3937072753906,310.3399963378906,387140
2025-05-29 13:30:00+00:00,302.7149963378906,314.5,300.7300109863281,313.25,777076
2025-05-29 14:30:00+00:00,302.80999755859375,303.3399963378906,301.260009765625,302.4100036621094,369209
2025-05-29 15:30:00+00:00,301.9549865722656,302.760009765625,300.1000061035156,302.7149963378906,238491
2025-05-29 16:30:00+00:00,303.885009765625,304.7998962402344,302.07501220703125,302.1700134277344,207569
2025-05-29 17:30:00+00:00,303.7650146484375,304.5400085449219,303.3299865722656,303.8450012207031,164936
2025-05-29 18:30:00+00:00,302.92498779296875,304.8399963378906,302.55999755859375,303.8800048828125,195246
2025-05-29 19:30:00+00:00,303.3800048828125,303.94000244140625,302.9800109863281,303.07000732421875,367881
2025-05-30 13:30:00+00:00,304.4949951171875,305.5498962402344,300.0,301.44000244140625,286925
2025-05-30 14:30:00+00:00,303.8299865722656,305.95001220703125,302.64898681640625,304.54998779296875,134822
2025-05-30 15:30:00+00:00,301.0400085449219,304.1000061035156,300.5799865722656,303.7900085449219,143936
2025-05-30 16:30:00+00:00,301.5150146484375,301.8038024902344,299.260009765625,301.0199890136719,219112
2025-05-30 17:30:00+00:00,302.6499938964844,303.1400146484375,300.5299987792969,301.5,150035
2025-05-30 18:30:00+00:00,304.3599853515625,304.57501220703125,302.3399963378906,302.4700012207031,191380
2025-05-30 19:30:00+00:00,306.010009765625,306.5,302.7550048828125,304.29998779296875,479431
2025-06-02 13:30:00+00:00,309.7799987792969,311.1499938964844,304.59130859375,307.25,419820
2025-06-02 14:30:00+00:00,311.67999267578125,312.2799987792969,309.5400085449219,309.56500244140625,392172
2025-06-02 15:30:00+00:00,312.6239929199219,313.8999938964844,311.860107421875,312.0,263970
2025-06-02 16:30:00+00:00,312.5799865722656,312.6400146484375,310.7200012207031,312.6400146484375,152009
2025-06-02 17:30:00+00:00,312.44000244140625,313.0799865722656,311.1300048828125,312.3599853515625,176694
2025-06-02 18:30:00+00:00,313.5400085449219,313.54998779296875,311.6300964355469,312.42041015625,187343
2025-06-02 19:30:00+00:00,313.5199890136719,313.7904052734375,312.8800048828125,313.3299865722656,280982
2025-06-03 13:30:00+00:00,324.30999755859375,342.0,323.7300109863281,342.0,3850795
2025-06-03 14:30:00+00:00,316.3999938964844,325.6199951171875,312.5299987792969,324.19000244140625,1934643
2025-06-03 15:30:00+00:00,318.17999267578125,319.3900146484375,314.0,316.3450012207031,960103
2025-06-03 16:30:00+00:00,317.9696044921875,319.5,314.8999938964844,318.0,736995
2025-06-03 17:30:00+00:00,313.2049865722656,318.0,309.5,317.6955871582031,962614
2025-06-03 18:30:00+00:00,312.54998779296875,314.20001220703125,311.20001220703125,313.2250061035156,570892
2025-06-03 19:30:00+00:00,313.3699951171875,313.5,311.79998779296875,312.53839111328125,812006
2025-06-04 13:30:00+00:00,306.3800048828125,309.54998779296875,301.3110046386719,304.010009765625,1514029
2025-06-04 14:30:00+00:00,303.885009765625,306.5299987792969,302.2699890136719,306.3900146484375,524886
2025-06-04 15:30:00+00:00,303.0400085449219,304.31500244140625,301.5199890136719,304.09649658203125,411525
2025-06-04 16:30:00+00:00,304.1000061035156,304.75,302.6300048828125,303.0450134277344,291603
2025-06-04 17:30:00+00:00,303.375,305.69000244140625,303.2138977050781,304.1000061035156,335962
2025-06-04 18:30:00+00:00,300.7950134277344,303.7300109863281,300.5849914550781,303.5,593936
2025-06-04 19:30:00+00:00,299.6600036621094,301.07501220703125,298.94000244140625,300.7699890136719,731981
2025-06-05 13:30:00+00:00,296.406005859375,302.0,296.406005859375,299.2349853515625,615505
2025-06-05 14:30:00+00:00,295.81500244140625,298.0,294.3800048828125,296.6400146484375,539142
2025-06-05 15:30:00+00:00,293.7449951171875,296.2699890136719,292.9649963378906,296.0199890136719,397895
2025-06-05 16:30:00+00:00,293.92999267578125,294.6600036621094,291.0899963378906,293.7850036621094,561095
2025-06-05 17:30:00+00:00,294.0450134277344,295.94000244140625,293.6831970214844,293.6831970214844,391407
2025-06-05 18:30:00+00:00,290.32000732421875,294.16839599609375,289.42999267578125,294.1300048828125,619122
2025-06-05 19:30:00+00:00,289.7900085449219,291.9200134277344,289.4200134277344,290.30999755859375,824931
2025-06-06 13:30:00+00:00,287.5990905761719,294.0398864746094,286.0,293.5799865722656,833558
2025-06-06 14:30:00+00:00,288.760009765625,290.0,287.0,287.30499267578125,569589
2025-06-06 15:30:00+00:00,291.95001220703125,292.6099853515625,288.4200134277344,288.7550048828125,402491
2025-06-06 16:30:00+00:00,292.7950134277344,293.4700012207031,291.17999267578125,291.7900085449219,272543
2025-06-06 17:30:00+00:00,295.6549987792969,295.8800048828125,292.760009765625,292.760009765625,321624
2025-06-06 18:30:00+00:00,298.4800109863281,299.2850036621094,295.6199951171875,295.6600036621094,475112
2025-06-06 19:30:00+00:00,298.8999938964844,299.7449951171875,298.1700134277344,298.29998779296875,524817
2025-06-09 13:30:00+00:00,307.9649963378906,308.3500061035156,297.010009765625,300.5,951817
2025-06-09 14:30:00+00:00,303.44000244140625,308.82000732421875,301.20001220703125,308.1600036621094,585494
2025-06-09 15:30:00+00:00,303.5199890136719,304.102294921875,301.6369934082031,303.2799987792969,285543
2025-06-09 16:30:00+00:00,302.70001220703125,304.12139892578125,301.893798828125,303.55999755859375,185591
2025-06-09 17:30:00+00:00,301.3450012207031,302.7864990234375,299.6065979003906,302.6199951171875,198067
2025-06-09 18:30:00+00:00,301.0199890136719,302.92999267578125,300.6300964355469,301.3900146484375,203030
2025-06-09 19:30:00+00:00,299.55999755859375,301.3865966796875,299.17999267578125,301.1000061035156,338033
2025-06-10 13:30:00+00:00,291.3450012207031,300.5,291.2799987792969,300.0,508863
2025-06-10 14:30:00+00:00,289.739990234375,292.2113952636719,289.25,291.0899963378906,568663
2025-06-10 15:30:00+00:00,290.80499267578125,291.668212890625,288.3399963378906,289.6300048828125,381105
2025-06-10 16:30:00+00:00,289.7799987792969,291.3900146484375,289.55999755859375,290.9678955078125,279201
2025-06-10 17:30:00+00:00,288.239990234375,290.9800109863281,287.7099914550781,289.80999755859375,409021
2025-06-10 18:30:00+00:00,291.6099853515625,291.8548889160156,288.19000244140625,288.30499267578125,428593
2025-06-10 19:30:00+00:00,291.1099853515625,291.92999267578125,290.04998779296875,291.4599914550781,375442
2025-06-11 13:30:00+00:00,291.7900085449219,298.32000732421875,290.0,297.0,937468
2025-06-11 14:30:00+00:00,293.07000732421875,293.6549987792969,291.031005859375,291.9200134277344,258257
2025-06-11 15:30:00+00:00,292.44000244140625,293.8599853515625,291.0,293.30889892578125,221629
2025-06-11 16:30:00+00:00,292.6859130859375,293.4800109863281,290.82000732421875,292.6600036621094,212163
2025-06-11 17:30:00+00:00,291.3349914550781,293.3135070800781,289.9908142089844,292.29998779296875,192693
2025-06-11 18:30:00+00:00,292.3374938964844,292.8699951171875,290.8800048828125,291.4266052246094,276572
2025-06-11 19:30:00+00:00,292.19000244140625,293.614990234375,291.4599914550781,292.364990234375,321673
2025-06-12 13:30:00+00:00,297.0050048828125,299.0502014160156,289.0799865722656,290.0,489567
2025-06-12 14:30:00+00:00,298.8999938964844,299.8599853515625,297.031005859375,297.1000061035156,319965
2025-06-12 15:30:00+00:00,300.55999755859375,300.70001220703125,298.489990234375,298.760009765625,260064
2025-06-12 16:30:00+00:00,300.45001220703125,301.32000732421875,299.82000732421875,300.4700012207031,203009
2025-06-12 17:30:00+00:00,299.7699890136719,300.75,299.17529296875,300.6400146484375,124522
2025-06-12 18:30:00+00:00,299.8500061035156,300.42999267578125,299.29998779296875,299.739990234375,168621
2025-06-12 19:30:00+00:00,300.510009765625,300.739990234375,299.3800048828125,299.92999267578125,261986
2025-06-13 13:30:00+00:00,295.41180419921875,299.82000732421875,294.0899963378906,297.3599853515625,336063
2025-06-13 14:30:00+00:00,297.8900146484375,298.25799560546875,294.8301086425781,295.260009765625,144427
2025-06-13 15:30:00+00:00,297.82501220703125,299.1499938964844,297.6200866699219,298.0799865722656,106945
2025-06-13 16:30:00+00:00,296.57000732421875,298.6700134277344,296.1300048828125,298.07000732421875,78208
2025-06-13 17:30:00+00:00,296.07000732421875,297.4013977050781,296.010009765625,296.6700134277344,108403
2025-06-13 18:30:00+00:00,296.0400085449219,297.1199951171875,294.57000732421875,295.94500732421875,183427
2025-06-13 19:30:00+00:00,296.9100036621094,296.92999267578125,295.30999755859375,296.19000244140625,314266
2025-06-16 13:30:00+00:00,308.0050048828125,308.8599853515625,300.0,300.0,645891
2025-06-16 14:30:00+00:00,308.82000732421875,309.3500061035156,307.0799865722656,307.94000244140625,331148
2025-06-16 15:30:00+00:00,307.17999267578125,309.9599914550781,306.7099914550781,308.82000732421875,246545
2025-06-16 16:30:00+00:00,309.07000732421875,309.0899963378906,306.05999755859375,307.2250061035156,199922
2025-06-16 17:30:00+00:00,309.1300048828125,309.8999938964844,308.8399963378906,309.07000732421875,261972
2025-06-16 18:30:00+00:00,307.5199890136719,309.17498779296875,307.5199890136719,309.1499938964844,225535
2025-06-16 19:30:00+00:00,307.9200134277344,308.864990234375,307.3800048828125,307.5199890136719,367789
2025-06-17 13:30:00+00:00,309.3699951171875,313.5,306.5,307.82000732421875,567799
2025-06-17 14:30:00+00:00,305.9599914550781,310.0400085449219,305.4700927734375,309.4949951171875,293416
2025-06-17 15:30:00+00:00,306.07000732421875,307.3299865722656,304.6499938964844,305.885009765625,199851
2025-06-17 16:30:00+00:00,304.5400085449219,306.5603942871094,304.3938903808594,306.3800048828125,152527
2025-06-17 17:30:00+00:00,304.7950134277344,305.25,302.79998779296875,304.4599914550781,175820
2025-06-17 18:30:00+00:00,305.8399963378906,305.95001220703125,304.0653076171875,305.1400146484375,168303
2025-06-17 19:30:00+00:00,305.67999267578125,306.6700134277344,305.4700012207031,305.6000061035156,260227
2025-06-18 13:30:00+00:00,307.1700134277344,308.6300048828125,303.25,305.0,184213
2025-06-18 14:30:00+00:00,307.63800048828125,307.99920654296875,306.07000732421875,306.914794921875,102540
2025-06-18 15:30:00+00:00,308.1528015136719,309.1460876464844,307.04998779296875,307.29998779296875,127697
2025-06-18 16:30:00+00:00,309.010009765625,309.4700012207031,308.2970886230469,308.2970886230469,119354
2025-06-18 17:30:00+00:00,308.385009765625,309.2232971191406,307.29998779296875,309.07000732421875,91542
2025-06-18 18:30:00+00:00,306.0400085449219,309.53900146484375,305.8699951171875,308.2950134277344,216490
2025-06-18 19:30:00+00:00,306.32000732421875,307.3299865722656,305.739990234375,305.82000732421875,283779
2025-06-20 13:30:00+00:00,304.89739990234375,308.20001220703125,302.7349853515625,307.2950134277344,893071
2025-06-20 14:30:00+00:00,306.25,306.8800048828125,304.2099914550781,304.9700012207031,174087
2025-06-20 15:30:00+00:00,305.2749938964844,307.8749084472656,305.0899963378906,306.1600036621094,121987
2025-06-20 16:30:00+00:00,304.4554138183594,306.2099914550781,304.17999267578125,305.3999938964844,140919
2025-06-20 17:30:00+00:00,306.92999267578125,306.92999267578125,303.5899963378906,304.05999755859375,137115
2025-06-20 18:30:00+00:00,305.4424133300781,307.2273864746094,305.3299865722656,306.92999267578125,160270
2025-06-20 19:30:00+00:00,305.0400085449219,306.17999267578125,304.5199890136719,305.4200134277344,378717
2025-06-23 13:30:00+00:00,313.2049865722656,315.7900085449219,304.69000244140625,306.0,583347
2025-06-23 14:30:00+00:00,311.1400146484375,313.3608093261719,309.69500732421875,313.29998779296875,227648
2025-06-23 15:30:00+00:00,307.07000732421875,311.9710998535156,306.7749938964844,310.8550109863281,147493
2025-06-23 16:30:00+00:00,313.55999755859375,313.7799987792969,305.340087890625,307.07000732421875,288795
2025-06-23 17:30:00+00:00,314.0400085449219,315.5799865722656,313.6376953125,313.760009765625,226370
2025-06-23 18:30:00+00:00,314.8399963378906,315.1700134277344,313.5299987792969,314.20001220703125,204445
2025-06-23 19:30:00+00:00,315.3900146484375,315.75,314.2799987792969,314.8550109863281,265122
2025-06-24 13:30:00+00:00,323.2449951171875,324.30999755859375,316.9150085449219,317.9100036621094,589725
2025-06-24 14:30:00+00:00,321.5950012207031,323.97479248046875,319.70001220703125,323.32000732421875,201666
2025-06-24 15:30:00+00:00,320.67999267578125,322.05279541015625,319.5199890136719,321.30999755859375,152247
2025-06-24 16:30:00+00:00,320.0849914550781,321.20001220703125,318.56890869140625,320.6524963378906,189238
2025-06-24 17:30:00+00:00,320.510009765625,320.8598937988281,319.5199890136719,320.0950012207031,154451
2025-06-24 18:30:00+00:00,321.1449890136719,321.6650085449219,320.5094909667969,320.6600036621094,265191
2025-06-24 19:30:00+00:00,320.5299987792969,321.19000244140625,320.44000244140625,321.1400146484375,442100
2025-06-25 13:30:00+00:00,319.2300109863281,322.92999267578125,316.4053955078125,322.0,451918
2025-06-25 14:30:00+00:00,318.42999267578125,323.6400146484375,317.1000061035156,319.32000732421875,424595
2025-06-25 15:30:00+00:00,317.5,319.30999755859375,317.0,318.5,152686
2025-06-25 16:30:00+00:00,318.125,318.4884033203125,317.0249938964844,317.42999267578125,206505
2025-06-25 17:30:00+00:00,317.8349914550781,318.6299133300781,316.7601013183594,318.1400146484375,129419
2025-06-25 18:30:00+00:00,315.46929931640625,317.8699951171875,315.0,317.8699951171875,199081
2025-06-25 19:30:00+00:00,315.1099853515625,315.8689880371094,314.8550109863281,315.5050048828125,324563
2025-06-26 13:30:00+00:00,319.5299987792969,320.95001220703125,314.7300109863281,317.0,420907
2025-06-26 14:30:00+00:00,318.20001220703125,320.9200134277344,317.9490051269531,319.5199890136719,194376
2025-06-26 15:30:00+00:00,318.7900085449219,319.19989013671875,317.79998779296875,318.05999755859375,133312
2025-06-26 16:30:00+00:00,319.20001220703125,320.106201171875,318.7699890136719,319.0299987792969,156754
2025-06-26 17:30:00+00:00,321.3699951171875,321.73651123046875,318.80279541015625,319.2449951171875,236963
2025-06-26 18:30:00+00:00,322.05999755859375,322.25,320.54998779296875,321.30999755859375,256724
2025-06-26 19:30:00+00:00,322.6499938964844,323.6050109863281,321.8399963378906,322.05999755859375,360399
2025-06-27 13:30:00+00:00,320.9299011230469,328.44000244140625,319.75,327.9049987792969,469263
2025-06-27 14:30:00+00:00,323.7049865722656,324.760009765625,320.5,320.739990234375,300079
2025-06-27 15:30:00+00:00,323.7300109863281,324.3074951171875,321.8999938964844,323.69500732421875,247429
2025-06-27 16:30:00+00:00,324.20001220703125,325.3349914550781,323.55718994140625,323.55718994140625,251581
2025-06-27 17:30:00+00:00,319.0899963378906,324.364990234375,319.0899963378906,324.31500244140625,247582
2025-06-27 18:30:00+00:00,319.7799987792969,321.07000732421875,317.79998779296875,319.17999267578125,361902
2025-06-27 19:30:00+00:00,320.1449890136719,320.5400085449219,319.70001220703125,319.79998779296875,485569
2025-06-30 13:30:00+00:00,320.42999267578125,324.239990234375,318.2200012207031,323.2749938964844,316169
2025-06-30 14:30:00+00:00,322.30999755859375,323.0,319.80999755859375,320.30999755859375,171003
2025-06-30 15:30:00+00:00,323.4649963378906,324.73968505859375,322.2749938964844,322.30999755859375,236759
2025-06-30 16:30:00+00:00,323.2950134277344,324.6206970214844,323.1499938964844,323.4649963378906,155266
2025-06-30 17:30:00+00:00,323.0199890136719,324.010009765625,322.79998779296875,323.2099914550781,108792
2025-06-30 18:30:00+00:00,322.1700134277344,323.1400146484375,321.7900085449219,322.8399963378906,127420
2025-06-30 19:30:00+00:00,322.5849914550781,323.55499267578125,321.5799865722656,322.1700134277344,348631
2025-07-01 13:30:00+00:00,309.6000061035156,320.7250061035156,309.3699951171875,320.7250061035156,604253
2025-07-01 14:30:00+00:00,306.8500061035156,310.2799987792969,302.25,309.3999938964844,848558
2025-07-01 15:30:00+00:00,306.1199951171875,307.8099060058594,303.8949890136719,306.6499938964844,462329
2025-07-01 16:30:00+00:00,309.54998779296875,311.29998779296875,305.8900146484375,305.8999938964844,282590
2025-07-01 17:30:00+00:00,308.6400146484375,311.2950134277344,308.3500061035156,309.1099853515625,188374
2025-07-01 18:30:00+00:00,307.1549987792969,309.0299987792969,305.44000244140625,308.8299865722656,307354
2025-07-01 19:30:00+00:00,307.8800048828125,308.4200134277344,306.3599853515625,307.239990234375,407944
2025-07-02 13:30:00+00:00,308.5299987792969,309.3924865722656,303.010009765625,306.8599853515625,466542
2025-07-02 14:30:00+00:00,304.7900085449219,310.32000732421875,304.1051940917969,308.5799865722656,280979
2025-07-02 15:30:00+00:00,306.2749938964844,306.372802734375,303.7973937988281,304.6400146484375,158086
2025-07-02 16:30:00+00:00,306.57000732421875,307.4200134277344,305.8900146484375,306.2749938964844,82410
2025-07-02 17:30:00+00:00,305.5799865722656,306.8699951171875,305.17999267578125,306.6400146484375,124138
2025-07-02 18:30:00+00:00,306.30999755859375,306.7078857421875,303.32000732421875,305.6300048828125,263540
2025-07-02 19:30:00+00:00,306.6000061035156,306.9700012207031,306.1199951171875,306.44000244140625,215166
2025-07-03 13:30:00+00:00,312.45001220703125,312.7200012207031,306.4476013183594,308.1600036621094,357222
2025-07-03 14:30:00+00:00,312.18499755859375,313.9259033203125,311.23699951171875,312.45001220703125,261339
2025-07-03 15:30:00+00:00,312.1499938964844,313.2499084472656,310.9460144042969,312.1549987792969,156421
2025-07-07 13:30:00+00:00,311.67999267578125,314.8735046386719,310.0,310.06500244140625,254311
2025-07-07 14:30:00+00:00,314.4800109863281,314.5199890136719,311.2699890136719,311.42999267578125,162852
2025-07-07 15:30:00+00:00,315.2300109863281,316.1600036621094,313.4800109863281,314.4931945800781,172045
2025-07-07 16:30:00+00:00,315.32501220703125,316.40679931640625,313.98651123046875,315.2300109863281,157962
2025-07-07 17:30:00+00:00,314.94500732421875,316.75518798828125,314.79998779296875,315.8399963378906,199806
2025-07-07 18:30:00+00:00,319.0,319.0,314.95001220703125,314.95001220703125,252516
2025-07-07 19:30:00+00:00,318.25,320.3900146484375,318.1205139160156,318.93499755859375,474125
2025-07-08 13:30:00+00:00,312.2099914550781,319.95001220703125,309.7900085449219,319.69000244140625,328325
2025-07-08 14:30:00+00:00,311.989990234375,312.1700134277344,307.75,312.1700134277344,306534
2025-07-08 15:30:00+00:00,312.67999267578125,312.67999267578125,310.70001220703125,311.63690185546875,152815
2025-07-08 16:30:00+00:00,315.010009765625,316.05499267578125,311.4100036621094,312.43499755859375,147747
2025-07-08 17:30:00+00:00,313.18560791015625,315.1000061035156,311.4800109863281,314.8900146484375,143495
2025-07-08 18:30:00+00:00,312.70001220703125,314.3599853515625,312.2850036621094,313.32000732421875,149867
2025-07-08 19:30:00+00:00,312.8299865722656,313.8999938964844,312.2200012207031,312.70001220703125,273501
2025-07-09 13:30:00+00:00,312.5,314.05999755859375,310.25,313.2200012207031,302629
2025-07-09 14:30:00+00:00,316.3399963378906,317.1000061035156,312.360107421875,312.7699890136719,306416
2025-07-09 15:30:00+00:00,317.4949951171875,319.7550048828125,315.9599914550781,316.0299987792969,242221
2025-07-09 16:30:00+00:00,319.3900146484375,319.55999755859375,317.489990234375,317.5,131822
2025-07-09 17:30:00+00:00,318.3999938964844,319.69000244140625,317.4599914550781,319.5199890136719,104683
2025-07-09 18:30:00+00:00,317.1005859375,318.5,316.54998779296875,318.2569885253906,130255
2025-07-09 19:30:00+00:00,317.1099853515625,317.29998779296875,315.7699890136719,317.25,223330
2025-07-10 13:30:00+00:00,309.17340087890625,317.239990234375,308.51220703125,316.260009765625,322305
2025-07-10 14:30:00+00:00,310.885009765625,311.2149963378906,307.2349853515625,309.75,318922
2025-07-10 15:30:00+00:00,311.75,313.1000061035156,310.260009765625,310.885009765625,179085
2025-07-10 16:30:00+00:00,313.9599914550781,314.760009765625,310.4700012207031,311.5199890136719,135221
2025-07-10 17:30:00+00:00,314.20001220703125,314.8699951171875,313.0299987792969,314.17559814453125,125799
2025-07-10 18:30:00+00:00,314.54998779296875,315.3681945800781,313.6000061035156,313.9150085449219,144752
2025-07-10 19:30:00+00:00,313.80999755859375,314.8832092285156,313.0664978027344,314.6499938964844,274382
2025-07-11 13:30:00+00:00,318.0400085449219,318.3999938964844,309.7449035644531,310.80999755859375,310247
2025-07-11 14:30:00+00:00,319.5199890136719,321.2720031738281,317.5849914550781,318.0400085449219,317966
2025-07-11 15:30:00+00:00,320.75,321.8114013671875,318.94000244140625,319.57000732421875,189240
2025-07-11 16:30:00+00:00,319.80499267578125,321.04998779296875,319.42498779296875,320.3800048828125,111088
2025-07-11 17:30:00+00:00,319.5899963378906,319.7950134277344,318.0,319.6600036621094,221480
2025-07-11 18:30:00+00:00,322.32000732421875,323.0,320.1099853515625,320.1099853515625,338792
2025-07-11 19:30:00+00:00,321.718994140625,322.8699951171875,321.05999755859375,322.1000061035156,315562
2025-07-14 13:30:00+00:00,316.81500244140625,326.54998779296875,316.09039306640625,322.0,534942
2025-07-14 14:30:00+00:00,317.4527893066406,318.9100036621094,314.0,317.1400146484375,241158
2025-07-14 15:30:00+00:00,317.5450134277344,319.20001220703125,315.79998779296875,317.6099853515625,143781
2025-07-14 16:30:00+00:00,319.8599853515625,319.8599853515625,316.5,317.3399963378906,145289
2025-07-14 17:30:00+00:00,324.1000061035156,325.010009765625,318.8599853515625,319.67498779296875,290894
2025-07-14 18:30:00+00:00,324.82501220703125,324.9599914550781,322.6846923828125,323.9200134277344,178093
2025-07-14 19:30:00+00:00,325.989990234375,326.2900085449219,323.9800109863281,324.7049865722656,271557
2025-07-15 13:30:00+00:00,319.989990234375,327.989990234375,314.20001220703125,327.5799865722656,895280
2025-07-15 14:30:00+00:00,319.1000061035156,323.1499938964844,318.19500732421875,320.1000061035156,368279
2025-07-15 15:30:00+00:00,317.7598876953125,320.3999938964844,316.2300109863281,318.94000244140625,215430
2025-07-15 16:30:00+00:00,318.20001220703125,318.3999938964844,316.489990234375,317.45001220703125,153949
2025-07-15 17:30:00+00:00,321.1099853515625,321.293212890625,318.0,318.3999938964844,160175
2025-07-15 18:30:00+00:00,319.7699890136719,321.760009765625,318.5899963378906,321.2900085449219,257011
2025-07-15 19:30:00+00:00,318.0,320.510009765625,317.5899963378906,319.7900085449219,344547
2025-07-16 13:30:00+00:00,311.3699951171875,322.0,310.6499938964844,318.6300048828125,331946
2025-07-16 14:30:00+00:00,307.2049865722656,313.4599914550781,306.0,311.42999267578125,566185
2025-07-16 15:30:00+00:00,307.8699951171875,308.1499938964844,301.3699951171875,306.9599914550781,550665
2025-07-16 16:30:00+00:00,307.69970703125,308.23651123046875,306.2900085449219,307.5400085449219,182822
2025-07-16 17:30:00+00:00,306.4049987792969,307.5249938964844,305.6199951171875,307.4949951171875,193992
2025-07-16 18:30:00+00:00,307.375,308.6099853515625,306.3699951171875,306.489990234375,283189
2025-07-16 19:30:00+00:00,308.260009765625,308.364990234375,306.70001220703125,307.3500061035156,387416
2025-07-17 13:30:00+00:00,306.5400085449219,314.82000732421875,305.010009765625,311.82000732421875,486907
2025-07-17 14:30:00+00:00,307.5249938964844,309.1499938964844,305.67999267578125,306.5400085449219,235781
2025-07-17 15:30:00+00:00,309.94000244140625,309.9750061035156,307.0,307.32000732421875,223530
2025-07-17 16:30:00+00:00,310.5400085449219,311.4800109863281,308.94000244140625,309.7250061035156,183239
2025-07-17 17:30:00+00:00,308.3550109863281,310.5950012207031,307.5400085449219,310.5950012207031,166272
2025-07-17 18:30:00+00:00,308.3399963378906,309.4800109863281,308.052490234375,308.3599853515625,170863
2025-07-17 19:30:00+00:00,308.1600036621094,308.5849914550781,307.2550048828125,308.3999938964844,309389
2025-07-18 13:30:00+00:00,325.9700012207031,326.6300048828125,310.92010498046875,311.7799987792969,1205304
2025-07-18 14:30:00+00:00,325.3699951171875,327.010009765625,320.875,325.9150085449219,539098
2025-07-18 15:30:00+00:00,322.7049865722656,326.44000244140625,322.0849914550781,325.7799987792969,223776
2025-07-18 16:30:00+00:00,321.3299865722656,323.29998779296875,320.0,322.5400085449219,178383
2025-07-18 17:30:00+00:00,322.510009765625,322.9800109863281,320.94000244140625,321.44000244140625,152401
2025-07-18 18:30:00+00:00,321.8500061035156,324.3599853515625,321.4700012207031,322.5899963378906,254872
2025-07-18 19:30:00+00:00,321.3500061035156,322.510009765625,320.69000244140625,322.0450134277344,406046
2025-07-21 13:30:00+00:00,323.739990234375,325.443115234375,318.7048034667969,324.4200134277344,489993
2025-07-21 14:30:00+00:00,321.760009765625,324.0,320.2799987792969,323.3500061035156,257990
2025-07-21 15:30:00+00:00,317.9100036621094,322.6700134277344,316.6499938964844,321.6261901855469,223322
2025-07-21 16:30:00+00:00,318.7200012207031,319.8999938964844,317.04998779296875,318.0400085449219,131984
2025-07-21 17:30:00+00:00,318.614990234375,319.2300109863281,317.7799987792969,318.6199951171875,143278
2025-07-21 18:30:00+00:00,317.6600036621094,319.2398986816406,317.17999267578125,318.8800048828125,161075
2025-07-21 19:30:00+00:00,317.8699951171875,318.9053955078125,317.57000732421875,317.875,241829
2025-07-22 13:30:00+00:00,313.2467956542969,318.7424011230469,311.3949890136719,318.0,385629
2025-07-22 14:30:00+00:00,316.69000244140625,317.2898864746094,313.2550048828125,313.2550048828125,178765
2025-07-22 15:30:00+00:00,315.2799987792969,317.760009765625,314.6650085449219,316.69000244140625,167434
2025-07-22 16:30:00+00:00,317.5,317.5299072265625,315.2799987792969,315.2799987792969,95203
2025-07-22 17:30:00+00:00,317.7799987792969,318.44500732421875,317.0199890136719,317.4549865722656,134195
2025-07-22 18:30:00+00:00,317.45001220703125,318.3500061035156,316.672607421875,317.70001220703125,179542
2025-07-22 19:30:00+00:00,317.7799987792969,318.3399963378906,317.2300109863281,317.2300109863281,229043
2025-07-23 13:30:00+00:00,331.2850036621094,343.2300109863281,329.0400085449219,329.1000061035156,1368391
2025-07-23 14:30:00+00:00,333.8999938964844,334.44500732421875,329.6300048828125,331.239990234375,432578
2025-07-23 15:30:00+00:00,327.7784118652344,336.29998779296875,327.5,334.1099853515625,394656
2025-07-23 16:30:00+00:00,325.2200012207031,328.30999755859375,324.6252136230469,327.7784118652344,349929
2025-07-23 17:30:00+00:00,325.42498779296875,326.1050109863281,322.8800048828125,325.1199951171875,228939
2025-07-23 18:30:00+00:00,324.42999267578125,326.2300109863281,324.335205078125,325.1700134277344,223605
2025-07-23 19:30:00+00:00,323.70001220703125,324.71990966796875,322.79998779296875,324.5199890136719,410408
2025-07-24 13:30:00+00:00,323.0116882324219,326.55999755859375,320.89581298828125,325.2300109863281,342935
2025-07-24 14:30:00+00:00,325.760009765625,326.135009765625,321.55999755859375,323.30999755859375,178394
2025-07-24 15:30:00+00:00,324.1400146484375,325.510009765625,322.9125061035156,325.510009765625,108852
2025-07-24 16:30:00+00:00,323.6700134277344,325.1543884277344,323.29998779296875,323.95001220703125,104815
2025-07-24 17:30:00+00:00,326.0799865722656,326.3500061035156,323.19500732421875,323.92999267578125,119557
2025-07-24 18:30:00+00:00,323.2699890136719,326.5199890136719,322.0,326.51580810546875,291556
2025-07-24 19:30:00+00:00,321.760009765625,323.77398681640625,321.0350036621094,323.2950134277344,361416
2025-07-25 13:30:00+00:00,325.6199951171875,326.0,321.0299987792969,322.4800109863281,207887
2025-07-25 14:30:00+00:00,325.0199890136719,326.32989501953125,323.9049987792969,325.80999755859375,139962
2025-07-25 15:30:00+00:00,327.2200012207031,327.3800048828125,324.3949890136719,325.0199890136719,131030
2025-07-25 16:30:00+00:00,326.8500061035156,328.2799987792969,326.7200012207031,327.2200012207031,132059
2025-07-25 17:30:00+00:00,325.04998779296875,326.9599914550781,324.5450134277344,326.760009765625,103880
2025-07-25 18:30:00+00:00,326.0299987792969,326.1000061035156,324.20001220703125,324.8500061035156,142448
2025-07-25 19:30:00+00:00,327.3500061035156,328.20001220703125,325.94000244140625,326.07000732421875,307449
2025-07-28 13:30:00+00:00,325.5249938964844,331.69000244140625,323.0,331.68499755859375,466286
2025-07-28 14:30:00+00:00,324.18359375,326.5299987792969,323.55780029296875,325.5450134277344,213382
2025-07-28 15:30:00+00:00,324.614990234375,325.5199890136719,323.95001220703125,324.239990234375,150062
2025-07-28 16:30:00+00:00,324.54998779296875,324.79998779296875,322.5,324.79998779296875,188429
2025-07-28 17:30:00+00:00,324.95001220703125,325.0845947265625,324.0,324.7799987792969,86678
2025-07-28 18:30:00+00:00,326.0,326.6600036621094,324.8703918457031,324.92449951171875,134733
2025-07-28 19:30:00+00:00,328.75,328.7699890136719,325.7749938964844,326.1000061035156,241791
2025-07-29 13:30:00+00:00,337.5899963378906,338.0,331.1000061035156,332.0,577721
2025-07-29 14:30:00+00:00,330.75,338.6400146484375,330.3743896484375,337.5899963378906,426625
2025-07-29 15:30:00+00:00,329.7699890136719,332.0299987792969,329.260009765625,330.8984069824219,289333
2025-07-29 16:30:00+00:00,332.29998779296875,332.29998779296875,328.70001220703125,329.54998779296875,155371
2025-07-29 17:30:00+00:00,329.9100036621094,332.2799987792969,329.3349914550781,332.0,116417
2025-07-29 18:30:00+00:00,329.6072998046875,330.55999755859375,329.3900146484375,329.885009765625,122605
2025-07-29 19:30:00+00:00,330.510009765625,330.7900085449219,328.7500915527344,329.57501220703125,230513
2025-07-30 13:30:00+00:00,336.94000244140625,340.32000732421875,331.5,331.5,366720
2025-07-30 14:30:00+00:00,339.7950134277344,340.1099853515625,336.80999755859375,337.0231018066406,230612
2025-07-30 15:30:00+00:00,341.625,341.8841857910156,339.2799987792969,340.0,204162
2025-07-30 16:30:00+00:00,345.6549987792969,345.79998779296875,341.07470703125,341.3800048828125,324080
2025-07-30 17:30:00+00:00,347.375,347.4800109863281,344.3399963378906,345.6600036621094,381901
2025-07-30 18:30:00+00:00,342.69500732421875,348.1344909667969,342.5,347.7099914550781,478369
2025-07-30 19:30:00+00:00,345.2699890136719,346.5400085449219,342.3949890136719,342.69500732421875,461807
2025-07-31 13:30:00+00:00,352.7250061035156,353.32000732421875,344.60009765625,349.75,684428
2025-07-31 14:30:00+00:00,345.9800109863281,354.010009765625,345.32000732421875,352.92999267578125,285558
2025-07-31 15:30:00+00:00,347.7550048828125,349.1700134277344,345.7300109863281,345.92999267578125,178597
2025-07-31 16:30:00+00:00,346.5899963378906,349.19000244140625,345.94378662109375,348.0509948730469,172567
2025-07-31 17:30:00+00:00,346.4200134277344,348.1099853515625,344.2749938964844,346.8399963378906,158846
2025-07-31 18:30:00+00:00,346.8299865722656,347.57000732421875,346.04998779296875,346.20001220703125,129547
2025-07-31 19:30:00+00:00,347.8699951171875,348.0299987792969,346.2699890136719,347.0799865722656,301802
2025-08-01 13:30:00+00:00,336.885009765625,337.0150146484375,327.010009765625,336.43499755859375,845258
2025-08-01 14:30:00+00:00,335.4100036621094,340.4800109863281,334.9599914550781,337.1700134277344,365877
2025-08-01 15:30:00+00:00,342.9530029296875,343.3799133300781,335.5235900878906,335.5350036621094,284383
2025-08-01 16:30:00+00:00,339.1099853515625,342.94500732421875,338.4599914550781,342.94000244140625,234217
2025-08-01 17:30:00+00:00,339.6650085449219,339.7149963378906,337.1600036621094,338.8500061035156,186199
2025-08-01 18:30:00+00:00,340.385009765625,341.3599853515625,339.1129150390625,339.3800048828125,294498
2025-08-01 19:30:00+00:00,340.7699890136719,342.07000732421875,339.3299865722656,340.5799865722656,346884
2025-08-04 13:30:00+00:00,352.2850036621094,354.2499084472656,344.57598876953125,345.0,553983
2025-08-04 14:30:00+00:00,352.2799987792969,352.739990234375,350.0899963378906,352.135009765625,308306
2025-08-04 15:30:00+00:00,354.69500732421875,355.0150146484375,351.8450012207031,352.1000061035156,296396
2025-08-04 16:30:00+00:00,355.81500244140625,355.81500244140625,354.1000061035156,354.8500061035156,167260
2025-08-04 17:30:00+00:00,355.7900085449219,357.0,355.07000732421875,355.8500061035156,229553
2025-08-04 18:30:00+00:00,356.2850036621094,356.7099914550781,354.2099914550781,355.5199890136719,274604
2025-08-04 19:30:00+00:00,354.989990234375,356.510009765625,354.0,356.2099914550781,413833
2025-08-05 13:30:00+00:00,346.6700134277344,353.7770080566406,345.29998779296875,352.0299987792969,588200
2025-08-05 14:30:00+00:00,339.6600036621094,346.4200134277344,339.4064025878906,346.4200134277344,461128
2025-08-05 15:30:00+00:00,342.4200134277344,342.70001220703125,339.0400085449219,339.8039855957031,257807
2025-08-05 16:30:00+00:00,344.5199890136719,344.6499938964844,341.4800109863281,342.510009765625,224713
2025-08-05 17:30:00+00:00,343.2650146484375,345.70001220703125,342.8999938964844,344.5150146484375,213612
2025-08-05 18:30:00+00:00,342.6600036621094,343.6700134277344,342.1600036621094,343.25,274063
2025-08-05 19:30:00+00:00,343.4100036621094,344.3299865722656,342.1000061035156,342.8450012207031,293093
2025-08-06 13:30:00+00:00,338.04998779296875,344.05999755859375,332.9200134277344,343.57000732421875,604442
2025-08-06 14:30:00+00:00,338.0199890136719,338.8399963378906,335.2699890136719,338.010009765625,311692
2025-08-06 15:30:00+00:00,340.7950134277344,341.6050109863281,338.1650085449219,338.5199890136719,353751
2025-08-06 16:30:00+00:00,337.5,340.9800109863281,335.75,340.7950134277344,279595
2025-08-06 17:30:00+00:00,338.3399963378906,338.739990234375,336.5010070800781,338.17498779296875,238628
2025-08-06 18:30:00+00:00,338.510009765625,340.0849914550781,337.3399963378906,338.2650146484375,309126
2025-08-06 19:30:00+00:00,338.2699890136719,338.75,336.0199890136719,338.3800048828125,450083
2025-08-07 13:30:00+00:00,335.6000061035156,339.2200012207031,322.0,335.260009765625,1322184
2025-08-07 14:30:00+00:00,334.7200012207031,345.0299987792969,333.04998779296875,335.31500244140625,570191
2025-08-07 15:30:00+00:00,336.489990234375,339.0,334.04620361328125,334.04620361328125,257778
2025-08-07 16:30:00+00:00,335.06500244140625,338.4599914550781,332.8550109863281,336.5,231959
2025-08-07 17:30:00+00:00,336.44000244140625,339.0,334.510009765625,335.2749938964844,152666
2025-08-07 18:30:00+00:00,338.2149963378906,338.489990234375,336.1600036621094,336.489990234375,214377
2025-08-07 19:30:00+00:00,336.3399963378906,339.0,335.3399963378906,338.2149963378906,261220
2025-08-08 13:30:00+00:00,340.3599853515625,341.45001220703125,335.4700012207031,338.7099914550781,329726
2025-08-08 14:30:00+00:00,341.6400146484375,342.20001220703125,337.19000244140625,340.55999755859375,248683
2025-08-08 15:30:00+00:00,338.25,341.94000244140625,337.9100036621094,341.3900146484375,180950
2025-08-08 16:30:00+00:00,333.6700134277344,338.875,332.25,338.1700134277344,257144
2025-08-08 17:30:00+00:00,336.9599914550781,337.3900146484375,333.76519775390625,333.8660888671875,139444
2025-08-08 18:30:00+00:00,336.8450012207031,337.7998962402344,335.5199890136719,336.9800109863281,146528
2025-08-08 19:30:00+00:00,335.7650146484375,337.0799865722656,335.2900085449219,336.8450012207031,267035
2025-08-11 13:30:00+00:00,329.6899108886719,338.29998779296875,328.2099914550781,336.239990234375,541272
2025-08-11 14:30:00+00:00,332.42498779296875,333.0,328.0,328.4200134277344,216057
2025-08-11 15:30:00+00:00,330.5849914550781,332.9425964355469,329.79998779296875,332.5299987792969,167999
2025-08-11 16:30:00+00:00,332.2749938964844,332.29998779296875,329.8399963378906,330.1777038574219,135180
2025-08-11 17:30:00+00:00,333.125,333.34039306640625,331.6199951171875,332.5498962402344,103235
2025-08-11 18:30:00+00:00,331.7900085449219,333.3399963378906,331.6199951171875,332.7449951171875,124311
2025-08-11 19:30:00+00:00,331.6099853515625,331.9100036621094,330.5799865722656,331.7950134277344,248689
2025-08-12 13:30:00+00:00,336.3399963378906,336.989990234375,330.9200134277344,333.0400085449219,323688
2025-08-12 14:30:00+00:00,337.67999267578125,339.7300109863281,336.7049865722656,336.94000244140625,293850
2025-08-12 15:30:00+00:00,336.6499938964844,339.0205078125,336.0,337.989990234375,135814
2025-08-12 16:30:00+00:00,335.9081115722656,337.260009765625,335.7300109863281,336.5950012207031,80648
2025-08-12 17:30:00+00:00,337.30999755859375,337.4519958496094,335.7200012207031,336.07000732421875,92785
2025-08-12 18:30:00+00:00,337.7650146484375,337.8955993652344,336.2807922363281,337.06500244140625,121710
2025-08-12 19:30:00+00:00,338.7590026855469,339.2900085449219,337.7200012207031,337.74249267578125,276317
2025-08-13 13:30:00+00:00,329.0150146484375,342.75,328.5,340.1000061035156,527439
2025-08-13 14:30:00+00:00,326.2250061035156,329.2300109863281,323.0,329.0199890136719,455066
2025-08-13 15:30:00+00:00,324.6099853515625,328.889892578125,324.5400085449219,327.04998779296875,279481
2025-08-13 16:30:00+00:00,325.8399963378906,326.3500061035156,322.5000915527344,324.8500061035156,279213
2025-08-13 17:30:00+00:00,326.5950012207031,327.69000244140625,324.5000915527344,325.95001220703125,169604
2025-08-13 18:30:00+00:00,327.43499755859375,327.7250061035156,325.5299987792969,326.625,227604
2025-08-13 19:30:00+00:00,327.5400085449219,328.7950134277344,326.34490966796875,327.2900085449219,278095
2025-08-14 13:30:00+00:00,331.70001220703125,332.7699890136719,323.260009765625,325.44000244140625,375264
2025-08-14 14:30:00+00:00,331.0199890136719,333.5899963378906,330.3900146484375,331.8299865722656,194175
2025-08-14 15:30:00+00:00,328.8900146484375,333.2560119628906,328.6000061035156,331.0199890136719,157634
2025-08-14 16:30:00+00:00,329.1000061035156,329.9200134277344,327.4100036621094,328.5,111827
2025-08-14 17:30:00+00:00,327.57000732421875,329.05999755859375,327.29998779296875,329.010009765625,163463
2025-08-14 18:30:00+00:00,328.3699951171875,328.8500061035156,327.1199951171875,327.739990234375,167270
2025-08-14 19:30:00+00:00,326.1199951171875,328.5400085449219,326.1000061035156,328.489990234375,284177
2025-08-15 13:30:00+00:00,323.3599853515625,327.9356994628906,319.67999267578125,327.8900146484375,408280
2025-08-15 14:30:00+00:00,323.7099914550781,324.6400146484375,322.489990234375,323.32000732421875,153552
2025-08-15 15:30:00+00:00,324.010009765625,324.93499755859375,322.67999267578125,323.9100036621094,140210
2025-08-15 16:30:00+00:00,323.2401123046875,325.7099914550781,323.1099853515625,324.0799865722656,110596
2025-08-15 17:30:00+00:00,321.8299865722656,323.5,321.1099853515625,323.3399963378906,158406
2025-08-15 18:30:00+00:00,321.45001220703125,321.80999755859375,319.7900085449219,321.79998779296875,256784
2025-08-15 19:30:00+00:00,322.1099853515625,322.6000061035156,320.5899963378906,321.3800048828125,265021
2025-08-18 13:30:00+00:00,323.45001220703125,326.0,320.79998779296875,321.8999938964844,305477
2025-08-18 14:30:00+00:00,320.5799865722656,323.6300048828125,320.55999755859375,323.0845031738281,251535
2025-08-18 15:30:00+00:00,322.2799987792969,322.7200012207031,320.57000732421875,320.67999267578125,219853
2025-08-18 16:30:00+00:00,321.3999938964844,322.95001220703125,321.1200866699219,322.3500061035156,145137
2025-08-18 17:30:00+00:00,321.2699890136719,321.70001220703125,320.1700134277344,321.5150146484375,143896
2025-08-18 18:30:00+00:00,321.85150146484375,322.7799987792969,321.010009765625,321.239990234375,169167
2025-08-18 19:30:00+00:00,322.5899963378906,323.75,321.5,321.7749938964844,241338
2025-08-19 13:30:00+00:00,315.6099853515625,321.79901123046875,315.2001037597656,320.2900085449219,294555
2025-08-19 14:30:00+00:00,316.0899963378906,317.1300048828125,314.25,315.69000244140625,264068
2025-08-19 15:30:00+00:00,314.95001220703125,316.6600036621094,314.42999267578125,316.2799987792969,137304
2025-08-19 16:30:00+00:00,314.55999755859375,315.19000244140625,313.8599853515625,315.1549987792969,142261
2025-08-19 17:30:00+00:00,316.3699951171875,316.85699462890625,314.2799987792969,314.32000732421875,101720
2025-08-19 18:30:00+00:00,315.5799865722656,316.6549987792969,315.45001220703125,316.46929931640625,118869
2025-08-19 19:30:00+00:00,317.30999755859375,317.30999755859375,315.5199890136719,315.6499938964844,207823
2025-08-20 13:30:00+00:00,307.5,315.4599914550781,304.7900085449219,314.260009765625,939290
2025-08-20 14:30:00+00:00,309.739990234375,309.79998779296875,305.16009521484375,307.71160888671875,336822
2025-08-20 15:30:00+00:00,310.79998779296875,310.79998779296875,308.8800048828125,309.7349853515625,215900
2025-08-20 16:30:00+00:00,311.30999755859375,311.75,310.10528564453125,310.7900085449219,166626
2025-08-20 17:30:00+00:00,310.79998779296875,312.224609375,310.67999267578125,311.32000732421875,166824
2025-08-20 18:30:00+00:00,314.9599914550781,315.0,310.8450012207031,310.8450012207031,194765
2025-08-20 19:30:00+00:00,314.2699890136719,315.0400085449219,313.8900146484375,314.82501220703125,268079
2025-08-21 13:30:00+00:00,316.989990234375,318.1000061035156,314.5050048828125,314.9800109863281,351237
2025-08-21 14:30:00+00:00,313.760009765625,316.82501220703125,313.4800109863281,316.739990234375,127369
2025-08-21 15:30:00+00:00,312.4100036621094,314.30999755859375,312.1600036621094,313.8949890136719,96431
2025-08-21 16:30:00+00:00,311.4200134277344,313.2099914550781,310.70001220703125,312.8800048828125,106260
2025-08-21 17:30:00+00:00,313.2950134277344,313.3299865722656,311.44000244140625,311.5,103323
2025-08-21 18:30:00+00:00,313.5299987792969,314.07000732421875,312.9200134277344,313.1099853515625,122849
2025-08-21 19:30:00+00:00,312.5199890136719,313.6449890136719,312.1050109863281,313.6449890136719,140010
2025-08-22 13:30:00+00:00,314.37750244140625,318.0,311.6700134277344,313.9200134277344,425176
2025-08-22 14:30:00+00:00,314.6199951171875,316.4800109863281,314.0,314.9100036621094,234487
2025-08-22 15:30:00+00:00,312.4150085449219,315.7699890136719,312.0000915527344,315.34991455078125,139964
2025-08-22 16:30:00+00:00,311.3799133300781,312.875,309.2099914550781,312.4599914550781,187303
2025-08-22 17:30:00+00:00,310.6274108886719,312.07000732421875,310.6274108886719,311.29998779296875,116688
2025-08-22 18:30:00+00:00,311.0199890136719,311.8399963378906,310.3699951171875,310.6199951171875,191795
2025-08-22 19:30:00+00:00,310.1600036621094,311.20989990234375,309.92999267578125,311.0400085449219,319148
2025-08-25 13:30:00+00:00,314.04998779296875,317.6199951171875,310.3197937011719,310.4100036621094,346133
2025-08-25 14:30:00+00:00,312.1799011230469,314.5,310.70001220703125,314.5,159466
2025-08-25 15:30:00+00:00,311.3263854980469,312.5863952636719,310.5950012207031,311.9549865722656,153720
2025-08-25 16:30:00+00:00,310.6000061035156,311.56500244140625,310.0199890136719,311.32000732421875,108818
2025-08-25 17:30:00+00:00,311.9490051269531,311.9490051269531,310.25,310.70001220703125,80030
2025-08-25 18:30:00+00:00,311.6099853515625,313.1600036621094,311.44891357421875,311.7699890136719,118599
2025-08-25 19:30:00+00:00,310.5,311.70001220703125,310.489990234375,311.6449890136719,163896
2025-08-26 13:30:00+00:00,314.3599853515625,314.95001220703125,310.30999755859375,310.67999267578125,256618
2025-08-26 14:30:00+00:00,314.30499267578125,315.0950012207031,313.1700134277344,314.5400085449219,168649
2025-08-26 15:30:00+00:00,315.7699890136719,315.7699890136719,314.3450012207031,314.3450012207031,83546
2025-08-26 16:30:00+00:00,314.54998779296875,316.7749938964844,314.54998779296875,315.54998779296875,113113
2025-08-26 17:30:00+00:00,315.80999755859375,316.0403137207031,314.20001220703125,314.7799987792969,73330
2025-08-26 18:30:00+00:00,317.1960144042969,317.3500061035156,315.54998779296875,315.69500732421875,120475
2025-08-26 19:30:00+00:00,316.2200012207031,318.4798889160156,316.20001220703125,317.25,320940
2025-08-27 13:30:00+00:00,316.8900146484375,318.42999267578125,314.1400146484375,316.3500061035156,228080
2025-08-27 14:30:00+00:00,318.63018798828125,319.19000244140625,315.9200134277344,316.79998779296875,198323
2025-08-27 15:30:00+00:00,316.8800048828125,319.489990234375,316.6755065917969,318.6549987792969,164972
2025-08-27 16:30:00+00:00,316.9649963378906,317.239990234375,315.7850036621094,317.04998779296875,168030
2025-08-27 17:30:00+00:00,317.239990234375,317.4100036621094,316.739990234375,316.9649963378906,110479
2025-08-27 18:30:00+00:00,316.6099853515625,317.8900146484375,315.6400146484375,317.1400146484375,139508
2025-08-27 19:30:00+00:00,315.8900146484375,317.1700134277344,315.70001220703125,316.8363037109375,175645
2025-08-28 13:30:00+00:00,319.5849914550781,320.8500061035156,316.0,317.2699890136719,258971
2025-08-28 14:30:00+00:00,321.3100891113281,323.9700012207031,319.7200012207031,319.7550048828125,278321
2025-08-28 15:30:00+00:00,322.7200012207031,323.59991455078125,322.19500732421875,322.3999938964844,134835
2025-08-28 16:30:00+00:00,322.0199890136719,323.00799560546875,320.9339904785156,322.7449951171875,106154
2025-08-28 17:30:00+00:00,321.885009765625,322.6514892578125,321.70001220703125,322.07000732421875,91855
2025-08-28 18:30:00+00:00,319.94000244140625,321.864990234375,319.94000244140625,321.8399963378906,128258
2025-08-28 19:30:00+00:00,319.54998779296875,321.010009765625,319.0,320.0,299033
2025-08-29 13:30:00+00:00,308.989990234375,317.989990234375,307.95001220703125,317.3500061035156,490258
2025-08-29 14:30:00+00:00,307.8349914550781,309.58990478515625,306.6050109863281,309.010009765625,261190
2025-08-29 15:30:00+00:00,307.2650146484375,308.139892578125,305.8900146484375,307.9100036621094,236003
2025-08-29 16:30:00+00:00,308.0799865722656,309.06988525390625,306.80999755859375,307.2650146484375,175920
2025-08-29 17:30:00+00:00,309.0,309.1000061035156,307.385009765625,308.22601318359375,156469
2025-08-29 18:30:00+00:00,308.6083984375,309.7550048828125,308.5299987792969,309.0299987792969,165415
2025-08-29 19:30:00+00:00,307.9800109863281,308.92498779296875,306.75,308.7200012207031,348622
2025-09-02 13:30:00+00:00,302.0199890136719,303.5,297.4263000488281,300.489990234375,591306
2025-09-02 14:30:00+00:00,303.54998779296875,305.1099853515625,302.0899963378906,302.2900085449219,189222
2025-09-02 15:30:00+00:00,302.125,303.75,300.8399963378906,303.4599914550781,235888
2025-09-02 16:30:00+00:00,304.114990234375,304.114990234375,301.2900085449219,302.04998779296875,168705
2025-09-02 17:30:00+00:00,304.4599914550781,305.3399963378906,303.7799987792969,304.1700134277344,162373
2025-09-02 18:30:00+00:00,306.3500061035156,306.8999938964844,304.2099914550781,304.4049987792969,229914
2025-09-02 19:30:00+00:00,307.1000061035156,307.4549865722656,306.20001220703125,306.3450012207031,267525
2025-09-03 13:30:00+00:00,307.80999755859375,308.1000061035156,304.04998779296875,306.5199890136719,263456
2025-09-03 14:30:00+00:00,307.5899963378906,309.45001220703125,307.375,308.0,138163
2025-09-03 15:30:00+00:00,307.7239074707031,309.010009765625,307.2550048828125,307.510009765625,107483
2025-09-03 16:30:00+00:00,306.8699951171875,307.5400085449219,306.25,307.5249938964844,114301
2025-09-03 17:30:00+00:00,306.7699890136719,307.72210693359375,306.4397888183594,306.875,112000
2025-09-03 18:30:00+00:00,306.44500732421875,306.7699890136719,306.0400085449219,306.5299987792969,134865
2025-09-03 19:30:00+00:00,308.239990234375,309.5899963378906,306.2749938964844,306.4704895019531,222925
2025-09-04 13:30:00+00:00,309.44500732421875,312.1600036621094,308.5299987792969,310.0,304127
2025-09-04 14:30:00+00:00,308.8949890136719,311.3999938964844,308.0050048828125,309.44500732421875,236180
2025-09-04 15:30:00+00:00,308.625,309.0249938964844,307.2799987792969,308.8949890136719,205001
2025-09-04 16:30:00+00:00,309.80499267578125,310.3299865722656,307.7049865722656,308.54998779296875,115297
2025-09-04 17:30:00+00:00,309.8999938964844,310.3714904785156,309.29998779296875,309.82000732421875,84270
2025-09-04 18:30:00+00:00,309.92999267578125,310.35809326171875,309.3699951171875,309.7850036621094,134187
2025-09-04 19:30:00+00:00,309.0199890136719,310.010009765625,308.9200134277344,309.7900085449219,271878
2025-09-05 13:30:00+00:00,298.385009765625,312.989990234375,297.6700134277344,311.04998779296875,638795
2025-09-05 14:30:00+00:00,296.8699035644531,298.6400146484375,293.1549987792969,298.010498046875,426457
2025-09-05 15:30:00+00:00,297.7749938964844,298.8800048828125,296.55999755859375,296.9200134277344,247885
2025-09-05 16:30:00+00:00,301.0199890136719,301.468994140625,297.739990234375,297.739990234375,237950
2025-09-05 17:30:00+00:00,301.0,301.54998779296875,300.2650146484375,300.7200012207031,153847
2025-09-05 18:30:00+00:00,300.260009765625,301.739990234375,300.1000061035156,301.0249938964844,220558
2025-09-05 19:30:00+00:00,301.7099914550781,301.7200012207031,299.2749938964844,300.17999267578125,447512
2025-09-08 13:30:00+00:00,298.82000732421875,304.7900085449219,297.1600036621094,304.0,450969
2025-09-08 14:30:00+00:00,300.5350036621094,300.57501220703125,296.3599853515625,299.0199890136719,285797
2025-09-08 15:30:00+00:00,300.4200134277344,300.8699951171875,299.0,300.4949951171875,169966
2025-09-08 16:30:00+00:00,299.2900085449219,300.7799987792969,299.2900085449219,300.57501220703125,207147
2025-09-08 17:30:00+00:00,300.4599914550781,300.4599914550781,299.2300109863281,299.2300109863281,144168
2025-09-08 18:30:00+00:00,298.9849853515625,300.375,298.7799987792969,300.25,214506
2025-09-08 19:30:00+00:00,298.80999755859375,299.68670654296875,298.4100036621094,299.0,308235
2025-09-09 13:30:00+00:00,299.8999938964844,305.29998779296875,299.864990234375,300.6099853515625,370909
2025-09-09 14:30:00+00:00,299.3500061035156,300.20001220703125,296.3500061035156,299.7799987792969,228498
2025-09-09 15:30:00+00:00,301.31500244140625,302.1700134277344,299.0400085449219,299.5,229147
2025-09-09 16:30:00+00:00,300.30999755859375,301.8800048828125,300.18011474609375,301.30499267578125,170993
2025-09-09 17:30:00+00:00,302.01251220703125,302.5150146484375,299.8900146484375,300.3500061035156,245503
2025-09-09 18:30:00+00:00,301.7449951171875,303.3599853515625,301.7099914550781,301.9482116699219,196617
2025-09-09 19:30:00+00:00,300.7900085449219,302.8699951171875,300.760009765625,301.6549987792969,351145
2025-09-10 13:30:00+00:00,317.30499267578125,317.739990234375,308.5,308.5,1072417
2025-09-10 14:30:00+00:00,319.07000732421875,319.5299072265625,315.20001220703125,317.69000244140625,373056
2025-09-10 15:30:00+00:00,326.0,326.239990234375,319.06500244140625,319.1000061035156,431318
2025-09-10 16:30:00+00:00,327.7699890136719,328.20001220703125,324.5,325.9649963378906,289537
2025-09-10 17:30:00+00:00,321.6600036621094,328.3013000488281,321.6600036621094,327.7767028808594,431880
2025-09-10 18:30:00+00:00,319.8999938964844,323.2850036621094,319.19000244140625,321.989990234375,372696
2025-09-10 19:30:00+00:00,319.82000732421875,321.45001220703125,318.3800048828125,319.8299865722656,650189
2025-09-11 13:30:00+00:00,317.385009765625,321.5199890136719,316.45001220703125,320.0,417736
2025-09-11 14:30:00+00:00,318.32000732421875,320.489990234375,316.1099853515625,317.29998779296875,278918
2025-09-11 15:30:00+00:00,320.22869873046875,322.2611999511719,318.0,318.7749938964844,223667
2025-09-11 16:30:00+00:00,318.7699890136719,321.2799987792969,318.7699890136719,320.2200012207031,165142
2025-09-11 17:30:00+00:00,317.5400085449219,319.2499084472656,317.3999938964844,318.7900085449219,137448
2025-09-11 18:30:00+00:00,317.9700012207031,318.54998779296875,316.40008544921875,317.5849914550781,230423
2025-09-11 19:30:00+00:00,318.0,319.614990234375,317.0199890136719,317.9700012207031,435425
2025-09-12 13:30:00+00:00,319.82000732421875,320.6600036621094,315.2806091308594,318.0,242701
2025-09-12 14:30:00+00:00,318.9949951171875,320.30999755859375,318.3500061035156,319.4700012207031,114494
2025-09-12 15:30:00+00:00,319.1000061035156,319.69000244140625,317.8500061035156,319.0199890136719,118973
2025-09-12 16:30:00+00:00,321.7900085449219,322.4700012207031,318.8800048828125,319.260009765625,123481
2025-09-12 17:30:00+00:00,322.80999755859375,323.79998779296875,320.9200134277344,321.70001220703125,93996
2025-09-12 18:30:00+00:00,324.2900085449219,324.8500061035156,322.489990234375,322.70001220703125,161755
2025-09-12 19:30:00+00:00,323.4700012207031,325.4100036621094,323.2723083496094,324.1199951171875,255719
2025-09-15 13:30:00+00:00,330.6600036621094,330.7850036621094,324.6099853515625,325.75,348823
2025-09-15 14:30:00+00:00,331.93499755859375,334.8599853515625,330.1099853515625,330.79998779296875,218724
2025-09-15 15:30:00+00:00,329.94000244140625,332.7099914550781,329.54998779296875,331.95001220703125,160301
2025-09-15 16:30:00+00:00,331.0,331.0950012207031,329.70001220703125,330.18499755859375,93870
2025-09-15 17:30:00+00:00,331.1600036621094,331.54998779296875,329.6199951171875,330.94000244140625,121423
2025-09-15 18:30:00+00:00,330.82000732421875,331.9800109863281,330.6099853515625,331.7099914550781,146682
2025-09-15 19:30:00+00:00,330.6099853515625,330.8500061035156,328.80999755859375,330.6499938964844,296009
2025-09-16 13:30:00+00:00,325.2650146484375,330.4750061035156,322.6199951171875,330.0,264255
2025-09-16 14:30:00+00:00,325.3450012207031,327.6499938964844,324.6199951171875,325.2650146484375,111802
2025-09-16 15:30:00+00:00,327.5899963378906,328.6499938964844,325.1400146484375,325.6000061035156,76912
2025-09-16 16:30:00+00:00,325.2799987792969,327.9024963378906,325.2799987792969,327.5899963378906,81785
2025-09-16 17:30:00+00:00,322.8550109863281,325.67999267578125,322.6600036621094,325.0199890136719,114785
2025-09-16 18:30:00+00:00,323.5745849609375,323.69000244140625,321.50750732421875,322.8599853515625,109651
2025-09-16 19:30:00+00:00,323.17999267578125,323.82000732421875,322.5400085449219,323.5849914550781,177553
2025-09-17 13:30:00+00:00,323.70001220703125,326.1694030761719,322.17999267578125,323.0,220044
2025-09-17 14:30:00+00:00,320.25,324.9798889160156,320.2200012207031,323.6400146484375,118662
2025-09-17 15:30:00+00:00,319.4200134277344,320.4798889160156,316.4790954589844,320.0799865722656,224176
2025-09-17 16:30:00+00:00,320.6300048828125,321.1424865722656,316.8999938964844,319.4200134277344,161754
2025-09-17 17:30:00+00:00,320.6499938964844,323.5,316.1838073730469,320.17999267578125,192697
2025-09-17 18:30:00+00:00,323.2900085449219,323.42999267578125,316.30999755859375,320.3800048828125,177423
2025-09-17 19:30:00+00:00,321.25,323.4700012207031,320.6227111816406,323.1700134277344,219463
2025-09-18 13:30:00+00:00,325.30621337890625,327.135009765625,319.5899963378906,325.0,320352
2025-09-18 14:30:00+00:00,325.3299865722656,326.5899963378906,321.10400390625,325.397705078125,216910
2025-09-18 15:30:00+00:00,327.94000244140625,330.1300048828125,325.7099914550781,325.7099914550781,221999
2025-09-18 16:30:00+00:00,328.07000732421875,329.5450134277344,327.489990234375,328.0899963378906,142753
2025-09-18 17:30:00+00:00,325.54998779296875,328.3598937988281,324.9200134277344,327.7500915527344,83452
2025-09-18 18:30:00+00:00,323.7300109863281,325.6400146484375,323.3599853515625,325.54998779296875,142059
2025-09-18 19:30:00+00:00,322.6499938964844,324.54998779296875,322.4599914550781,323.6300048828125,235515
2025-09-19 13:30:00+00:00,322.2900085449219,329.4649963378906,320.1000061035156,325.7099914550781,965275
2025-09-19 14:30:00+00:00,321.92999267578125,323.07501220703125,319.760009765625,322.1650085449219,163284
2025-09-19 15:30:00+00:00,324.375,324.79998779296875,321.5400085449219,321.90509033203125,110223
2025-09-19 16:30:00+00:00,325.92498779296875,326.989990234375,324.4599914550781,324.55999755859375,121534
2025-09-19 17:30:00+00:00,328.56500244140625,328.9671936035156,325.80999755859375,325.92498779296875,124308
2025-09-19 18:30:00+00:00,329.7749938964844,330.42498779296875,328.3299865722656,328.82000732421875,184057
2025-09-19 19:30:00+00:00,330.7699890136719,331.8599853515625,329.6000061035156,329.9100036621094,320602
2025-09-22 13:30:00+00:00,331.9599914550781,333.0,326.5,331.54998779296875,356783
2025-09-22 14:30:00+00:00,332.510009765625,332.9599914550781,330.7699890136719,331.739990234375,152313
2025-09-22 15:30:00+00:00,335.7900085449219,336.760009765625,332.0,332.4100036621094,270321
2025-09-22 16:30:00+00:00,344.2900085449219,345.4800109863281,334.7099914550781,335.510009765625,573437
2025-09-22 17:30:00+00:00,343.04998779296875,344.0,341.7755126953125,343.885009765625,240314
2025-09-22 18:30:00+00:00,344.9150085449219,345.8800048828125,342.29998779296875,343.04998779296875,259808
2025-09-22 19:30:00+00:00,347.0400085449219,347.3299865722656,344.95001220703125,344.95001220703125,372190
2025-09-23 13:30:00+00:00,339.69000244140625,348.4100036621094,338.19000244140625,346.75,441977
2025-09-23 14:30:00+00:00,340.7900085449219,343.8900146484375,339.25,339.8399963378906,182804
2025-09-23 15:30:00+00:00,341.3324890136719,343.4700012207031,337.239990234375,340.8399963378906,155509
2025-09-23 16:30:00+00:00,340.2099914550781,342.739990234375,340.2099914550781,341.0899963378906,94487
2025-09-23 17:30:00+00:00,339.44000244140625,340.9100036621094,337.1000061035156,340.1499938964844,599595
2025-09-23 18:30:00+00:00,337.8299865722656,339.4800109863281,336.1400146484375,339.44000244140625,242488
2025-09-23 19:30:00+00:00,336.6400146484375,338.2699890136719,336.3999938964844,337.8399963378906,329050
2025-09-24 13:30:00+00:00,336.79998779296875,339.5,335.70001220703125,338.0,227473
2025-09-24 14:30:00+00:00,339.6000061035156,340.1199951171875,336.7099914550781,336.9750061035156,138822
2025-09-24 15:30:00+00:00,343.5150146484375,343.8900146484375,338.9200134277344,339.5899963378906,204851
2025-09-24 16:30:00+00:00,342.8500061035156,344.3800048828125,342.30999755859375,343.4599914550781,111570
2025-09-24 17:30:00+00:00,339.7850036621094,342.8800048828125,339.20001220703125,342.82000732421875,85218
2025-09-24 18:30:00+00:00,339.6000061035156,341.39990234375,339.1600036621094,339.489990234375,89552
2025-09-24 19:30:00+00:00,339.2900085449219,340.04998779296875,338.7200012207031,339.56500244140625,159151
2025-09-25 13:30:00+00:00,331.4270935058594,333.0,326.7117004394531,330.0,461701
2025-09-25 14:30:00+00:00,328.8599853515625,331.5599060058594,328.5199890136719,331.24859619140625,173966
2025-09-25 15:30:00+00:00,330.0899963378906,332.44989013671875,328.635009765625,328.8299865722656,140375
2025-09-25 16:30:00+00:00,329.61090087890625,331.1199951171875,327.8599853515625,330.92620849609375,81101
2025-09-25 17:30:00+00:00,328.30999755859375,330.0398864746094,327.20001220703125,329.3800048828125,164916
2025-09-25 18:30:00+00:00,327.9775085449219,329.1300048828125,327.42999267578125,328.29998779296875,144002
2025-09-25 19:30:00+00:00,326.3599853515625,328.32000732421875,325.05999755859375,328.07000732421875,261564
2025-09-26 13:30:00+00:00,328.4800109863281,332.83990478515625,326.510009765625,328.7200012207031,195229
2025-09-26 14:30:00+00:00,329.6600036621094,330.59991455078125,326.44000244140625,328.6400146484375,119080
2025-09-26 15:30:00+00:00,329.3599853515625,330.25,328.739990234375,329.6400146484375,59276
2025-09-26 16:30:00+00:00,330.2300109863281,330.4100036621094,328.79998779296875,329.57000732421875,41282
2025-09-26 17:30:00+00:00,329.8349914550781,330.2898864746094,328.6900939941406,329.8800048828125,60172
2025-09-26 18:30:00+00:00,330.3699951171875,330.7200012207031,329.51458740234375,330.1700134277344,72488
2025-09-26 19:30:00+00:00,331.239990234375,332.1600036621094,330.3700866699219,330.5199890136719,169261
2025-09-29 13:30:00+00:00,329.0799865722656,332.7250061035156,322.6000061035156,330.0,431611
2025-09-29 14:30:00+00:00,335.1099853515625,336.34991455078125,328.3900146484375,329.05999755859375,193248
2025-09-29 15:30:00+00:00,339.7200927734375,339.95001220703125,334.67999267578125,335.4100036621094,184167
2025-09-29 16:30:00+00:00,336.95001220703125,340.5450134277344,336.54998779296875,339.8900146484375,142957
2025-09-29 17:30:00+00:00,333.7900085449219,337.9800109863281,333.7300109863281,337.07000732421875,104358
2025-09-29 18:30:00+00:00,333.4375,335.57989501953125,332.55999755859375,333.8500061035156,135215
2025-09-29 19:30:00+00:00,334.1499938964844,335.4049987792969,333.2300109863281,333.2300109863281,154908
2025-09-30 13:30:00+00:00,329.1659851074219,336.7799987792969,327.2099914550781,335.25,226677
2025-09-30 14:30:00+00:00,328.57501220703125,329.5150146484375,327.40008544921875,328.9949951171875,139258
2025-09-30 15:30:00+00:00,328.94000244140625,330.7898864746094,328.70001220703125,328.7699890136719,87944
2025-09-30 16:30:00+00:00,329.19000244140625,329.989990234375,328.0,329.20001220703125,121066
2025-09-30 17:30:00+00:00,331.2200012207031,331.3599853515625,328.0600891113281,329.0299987792969,66422
2025-09-30 18:30:00+00:00,329.6499938964844,331.8623046875,329.635009765625,331.2200012207031,149364
2025-09-30 19:30:00+00:00,329.0400085449219,330.67999267578125,328.82000732421875,329.82000732421875,245946
2025-10-01 13:30:00+00:00,336.9700012207031,336.9700012207031,323.8800964355469,325.0,255875
2025-10-01 14:30:00+00:00,341.5299987792969,341.70989990234375,336.5,337.09991455078125,207114
2025-10-01 15:30:00+00:00,345.0,345.1499938964844,340.5339050292969,341.5299987792969,221785
2025-10-01 16:30:00+00:00,347.0799865722656,347.9898986816406,344.460693359375,345.0,170464
2025-10-01 17:30:00+00:00,347.75,347.75,344.79998779296875,347.0400085449219,637300
2025-10-01 18:30:00+00:00,349.43499755859375,350.989990234375,347.6650085449219,347.9599914550781,351285
2025-10-01 19:30:00+00:00,350.739990234375,352.25,349.0799865722656,349.4700012207031,567276
2025-10-02 13:30:00+00:00,344.3599853515625,354.364990234375,343.2099914550781,352.25,501034
2025-10-02 14:30:00+00:00,347.5950012207031,347.7799987792969,343.4100036621094,344.989990234375,182959
2025-10-02 15:30:00+00:00,347.17999267578125,350.06500244140625,346.30499267578125,347.3599853515625,167647
2025-10-02 16:30:00+00:00,348.6300048828125,350.18499755859375,346.8500061035156,346.8500061035156,115592
2025-10-02 17:30:00+00:00,353.7066955566406,354.0,348.0552978515625,348.57000732421875,203310
2025-10-02 18:30:00+00:00,353.3800048828125,353.8699951171875,351.8399963378906,353.4100036621094,177604
2025-10-02 19:30:00+00:00,357.510986328125,357.6700134277344,353.1000061035156,353.3800048828125,367600
2025-10-03 13:30:00+00:00,369.3900146484375,369.69000244140625,358.69000244140625,359.6700134277344,607714
2025-10-03 14:30:00+00:00,373.69000244140625,376.7752990722656,369.25,369.25,689686
2025-10-03 15:30:00+00:00,373.7200012207031,374.17498779296875,369.0,373.1099853515625,403154
2025-10-03 16:30:00+00:00,365.6300048828125,374.8500061035156,364.7250061035156,373.5199890136719,422049
2025-10-03 17:30:00+00:00,364.1199951171875,366.07000732421875,359.9599914550781,365.9599914550781,286132
2025-10-03 18:30:00+00:00,362.6099853515625,365.0,362.2500915527344,364.5199890136719,139010
2025-10-03 19:30:00+00:00,359.989990234375,363.1000061035156,359.9100036621094,362.30999755859375,402632
2025-10-06 13:30:00+00:00,358.5,368.5,353.0,368.0,604146
2025-10-06 14:30:00+00:00,360.8900146484375,362.9649963378906,358.3599853515625,358.7900085449219,197311
2025-10-06 15:30:00+00:00,362.17999267578125,362.17999267578125,359.3999938964844,360.8900146484375,157306
2025-10-06 16:30:00+00:00,364.17498779296875,364.2699890136719,361.28948974609375,362.18499755859375,143441
2025-10-06 17:30:00+00:00,362.6600036621094,364.510009765625,361.4700012207031,364.510009765625,137046
2025-10-06 18:30:00+00:00,363.75,363.9851989746094,362.06500244140625,362.68499755859375,207950
2025-10-06 19:30:00+00:00,363.9599914550781,365.42999267578125,362.45001220703125,363.80499267578125,371508
2025-10-07 13:30:00+00:00,365.6499938964844,371.30999755859375,358.510009765625,363.1300048828125,296421
2025-10-07 14:30:00+00:00,360.8599853515625,366.5299987792969,360.8349914550781,365.20001220703125,206614
2025-10-07 15:30:00+00:00,357.94500732421875,361.20001220703125,355.3800048828125,360.75,269362
2025-10-07 16:30:00+00:00,357.3949890136719,359.18499755859375,355.64788818359375,357.95001220703125,220518
2025-10-07 17:30:00+00:00,355.7825012207031,357.7936096191406,355.489990234375,357.0400085449219,182511
2025-10-07 18:30:00+00:00,357.12548828125,358.07989501953125,355.510009765625,355.55999755859375,177685
2025-10-07 19:30:00+00:00,358.2799987792969,359.54998779296875,357.010009765625,357.25,404188
2025-10-08 13:30:00+00:00,369.1700134277344,373.40240478515625,363.7099914550781,368.80999755859375,783002
2025-10-08 14:30:00+00:00,369.510009765625,369.8299865722656,363.8900146484375,369.17498779296875,307227
2025-10-08 15:30:00+00:00,374.947998046875,375.510009765625,369.4200134277344,369.8599853515625,374232
2025-10-08 16:30:00+00:00,375.6000061035156,376.4988098144531,372.54998779296875,374.947998046875,343269
2025-10-08 17:30:00+00:00,372.7593994140625,376.39471435546875,371.5249938964844,375.6600036621094,246766
2025-10-08 18:30:00+00:00,372.67498779296875,373.57501220703125,371.0,372.5400085449219,327492
2025-10-08 19:30:00+00:00,370.9700012207031,373.8500061035156,370.760009765625,372.5400085449219,484392
2025-10-09 13:30:00+00:00,376.6300048828125,377.4967956542969,374.2799987792969,376.7799987792969,522646
2025-10-09 14:30:00+00:00,375.43499755859375,376.510009765625,373.010009765625,376.510009765625,403924
2025-10-09 15:30:00+00:00,377.7699890136719,377.7699890136719,373.7550048828125,373.7550048828125,207939
2025-10-09 16:30:00+00:00,376.010009765625,378.0824890136719,375.29998779296875,376.94500732421875,345778
2025-10-09 17:30:00+00:00,375.05999755859375,375.2699890136719,373.1400146484375,373.3550109863281,128154
2025-10-09 18:30:00+00:00,381.7900085449219,382.2799987792969,375.0,375.0950012207031,493062
2025-10-09 19:30:00+00:00,385.3800048828125,386.2650146484375,383.0,383.7250061035156,332696
2025-10-10 13:30:00+00:00,389.1600036621094,389.1700134277344,380.8995056152344,381.9599914550781,569984
2025-10-10 14:30:00+00:00,381.8399963378906,389.7799072265625,381.3900146484375,389.40509033203125,501203
2025-10-10 15:30:00+00:00,379.92498779296875,383.80999755859375,377.93499755859375,379.7099914550781,341216
2025-10-10 16:30:00+00:00,374.28009033203125,380.25,371.0,379.8550109863281,333519
2025-10-10 17:30:00+00:00,375.0249938964844,377.69110107421875,372.20001220703125,375.0,225847
2025-10-10 18:30:00+00:00,372.3699951171875,375.0,371.9649963378906,374.4400939941406,227710
2025-10-10 19:30:00+00:00,368.6000061035156,372.68499755859375,367.3800048828125,372.4750061035156,438112
2025-10-13 13:30:00+00:00,381.32000732421875,385.0,375.25,375.8481140136719,697464
2025-10-13 14:30:00+00:00,383.20001220703125,384.0,377.16839599609375,381.2799987792969,311145
2025-10-13 15:30:00+00:00,385.81500244140625,386.635009765625,382.2500915527344,383.42498779296875,333365
2025-10-13 16:30:00+00:00,384.4700012207031,386.75,383.8599853515625,386.3399963378906,181208
2025-10-13 17:30:00+00:00,386.18499755859375,386.6000061035156,383.1600036621094,384.4700012207031,158917
2025-10-13 18:30:00+00:00,385.35101318359375,387.0,383.6499938964844,386.135009765625,353256
2025-10-13 19:30:00+00:00,380.8599853515625,385.6499938964844,379.9599914550781,385.43499755859375,727555
2025-10-14 13:30:00+00:00,376.9949951171875,376.9949951171875,366.15948486328125,374.70001220703125,484449
2025-10-14 14:30:00+00:00,381.4873962402344,382.0,373.760009765625,377.0,447247
2025-10-14 15:30:00+00:00,388.7799987792969,388.95001220703125,381.9800109863281,382.17999267578125,295931
2025-10-14 16:30:00+00:00,389.6521911621094,392.9200134277344,388.5299987792969,388.8900146484375,384467
2025-10-14 17:30:00+00:00,394.0635070800781,394.55999755859375,389.2699890136719,389.739990234375,188521
2025-10-14 18:30:00+00:00,392.55999755859375,395.1400146484375,391.6400146484375,394.25,296176
2025-10-14 19:30:00+00:00,389.60101318359375,393.2699890136719,387.8399963378906,392.55499267578125,473932
2025-10-15 13:30:00+00:00,406.2300109863281,412.5799865722656,395.7001037597656,396.9750061035156,911274
2025-10-15 14:30:00+00:00,403.1700134277344,407.3399963378906,402.9599914550781,406.2449951171875,349237
2025-10-15 15:30:00+00:00,399.79998779296875,403.1300048828125,397.4700012207031,403.1300048828125,279117
2025-10-15 16:30:00+00:00,399.8699951171875,400.6400146484375,396.489990234375,399.489990234375,261016
2025-10-15 17:30:00+00:00,400.0849914550781,402.0,398.7799987792969,400.0201110839844,259978
2025-10-15 18:30:00+00:00,404.4800109863281,405.7200012207031,400.0050048828125,400.0050048828125,239715
2025-10-15 19:30:00+00:00,403.2099914550781,405.4049987792969,402.989990234375,404.42999267578125,581044
2025-10-16 13:30:00+00:00,410.0299987792969,411.69000244140625,403.2200012207031,406.8399963378906,659135
2025-10-16 14:30:00+00:00,400.07000732421875,411.0,399.0,410.0299987792969,379731
2025-10-16 15:30:00+00:00,399.5299987792969,403.17999267578125,399.25,399.7799987792969,380243
2025-10-16 16:30:00+00:00,400.2699890136719,402.5,396.2449951171875,399.30999755859375,304971
2025-10-16 17:30:00+00:00,397.0799865722656,401.3399963378906,396.79998779296875,400.5,205364
2025-10-16 18:30:00+00:00,396.6180114746094,398.885009765625,396.1499938964844,397.2950134277344,230805
2025-10-16 19:30:00+00:00,396.4800109863281,397.57000732421875,394.7200012207031,396.614990234375,561295
2025-10-17 13:30:00+00:00,396.0,402.010009765625,391.29998779296875,391.29998779296875,525368
2025-10-17 14:30:00+00:00,384.19000244140625,397.239990234375,383.5,396.0899963378906,569008
2025-10-17 15:30:00+00:00,390.614990234375,390.6199951171875,382.8299865722656,384.6000061035156,300686
2025-10-17 16:30:00+00:00,388.29998779296875,392.24609375,387.8500061035156,390.9700012207031,202023
2025-10-17 17:30:00+00:00,387.9200134277344,390.4700012207031,387.0899963378906,388.24249267578125,225556
2025-10-17 18:30:00+00:00,388.44000244140625,389.2200012207031,386.2601013183594,388.07501220703125,159034
2025-10-17 19:30:00+00:00,386.42999267578125,389.0249938964844,386.3699951171875,388.2349853515625,472532
2025-10-20 13:30:00+00:00,383.989990234375,398.5,383.75,395.94000244140625,542904
2025-10-20 14:30:00+00:00,380.0400085449219,386.3900146484375,379.8299865722656,383.8699951171875,304246
2025-10-20 15:30:00+00:00,376.28948974609375,380.95989990234375,375.0,380.2900085449219,317731
2025-10-20 16:30:00+00:00,373.9599914550781,377.0398864746094,372.2200012207031,376.375,400113
2025-10-20 17:30:00+00:00,371.8999938964844,375.0400085449219,371.8999938964844,373.8900146484375,220082
2025-10-20 18:30:00+00:00,369.4700012207031,372.75,369.4700012207031,371.82000732421875,345847
2025-10-20 19:30:00+00:00,370.0,371.8900146484375,368.1300964355469,369.7049865722656,479036
2025-10-21 13:30:00+00:00,359.1000061035156,369.5483093261719,358.010009765625,368.2799987792969,640413
2025-10-21 14:30:00+00:00,358.25,360.9150085449219,357.1600036621094,359.29998779296875,323477
2025-10-21 15:30:00+00:00,360.43499755859375,360.7814025878906,356.5799865722656,358.510009765625,260370
2025-10-21 16:30:00+00:00,357.4100036621094,361.2598876953125,357.32000732421875,360.4150085449219,151807
2025-10-21 17:30:00+00:00,356.614990234375,357.57000732421875,355.20001220703125,357.3399963378906,262055
2025-10-21 18:30:00+00:00,356.3306884765625,357.75,355.29998779296875,356.614990234375,247867
2025-10-21 19:30:00+00:00,358.7699890136719,359.7799987792969,355.9200134277344,356.4150085449219,550706
2025-10-22 13:30:00+00:00,350.2799987792969,362.9396057128906,349.4800109863281,362.0,657728
2025-10-22 14:30:00+00:00,345.3900146484375,350.40521240234375,344.7950134277344,350.3500061035156,742171
2025-10-22 15:30:00+00:00,345.67999267578125,348.94000244140625,344.19500732421875,345.80499267578125,386211
2025-10-22 16:30:00+00:00,345.989990234375,347.6499938964844,343.4700012207031,345.8312072753906,347182
2025-10-22 17:30:00+00:00,348.40301513671875,348.56500244140625,344.55999755859375,345.92999267578125,199948
2025-10-22 18:30:00+00:00,351.1499938964844,351.989990234375,347.79998779296875,348.17999267578125,349164
2025-10-22 19:30:00+00:00,350.05999755859375,351.4700012207031,348.6499938964844,351.4049987792969,491178
2025-10-23 13:30:00+00:00,356.94500732421875,359.2287902832031,353.7900085449219,354.0,390764
2025-10-23 14:30:00+00:00,356.56500244140625,358.17999267578125,355.5,356.86749267578125,170088
2025-10-23 15:30:00+00:00,358.7799987792969,360.2152099609375,356.55999755859375,356.55999755859375,250810
2025-10-23 16:30:00+00:00,357.7200012207031,359.5,357.510009765625,358.4800109863281,197100
2025-10-23 17:30:00+00:00,362.7799987792969,363.79998779296875,357.7799987792969,357.8299865722656,257536
2025-10-23 18:30:00+00:00,364.6000061035156,367.5199890136719,362.53009033203125,362.53009033203125,400927
2025-10-23 19:30:00+00:00,365.7799987792969,367.2200012207031,364.42999267578125,364.5899963378906,316122
2025-10-24 13:30:00+00:00,385.2200012207031,387.4200134277344,373.6000061035156,376.42999267578125,817267
2025-10-24 14:30:00+00:00,390.260009765625,390.364990234375,384.67669677734375,385.42999267578125,450031
2025-10-24 15:30:00+00:00,390.0199890136719,391.11590576171875,387.5,390.1050109863281,243556
2025-10-24 16:30:00+00:00,385.9800109863281,390.239990234375,385.1099853515625,390.0199890136719,236431
2025-10-24 17:30:00+00:00,387.36749267578125,388.3900146484375,384.8254089355469,385.9549865722656,187297
2025-10-24 18:30:00+00:00,389.6449890136719,390.04998779296875,387.3475036621094,387.5199890136719,266965
2025-10-24 19:30:00+00:00,389.0199890136719,390.4200134277344,387.19000244140625,389.62750244140625,525512
2025-10-27 13:30:00+00:00,389.239990234375,395.57000732421875,387.0,392.989990234375,531397
2025-10-27 14:30:00+00:00,385.41009521484375,389.2499084472656,384.1499938964844,388.9800109863281,365388
2025-10-27 15:30:00+00:00,385.739990234375,387.2749938964844,384.7283020019531,385.70001220703125,161897
2025-10-27 16:30:00+00:00,385.44500732421875,386.0199890136719,384.4601135253906,385.610107421875,239021
2025-10-27 17:30:00+00:00,385.12188720703125,387.9750061035156,384.5249938964844,385.2300109863281,299445
2025-10-27 18:30:00+00:00,387.5899963378906,387.6099853515625,384.57489013671875,385.1099853515625,286684
2025-10-27 19:30:00+00:00,391.25,391.3599853515625,387.5899963378906,387.5899963378906,369469
2025-10-28 13:30:00+00:00,380.69500732421875,401.0,375.5,396.5350036621094,786119
2025-10-28 14:30:00+00:00,381.69500732421875,384.760009765625,377.239990234375,380.94000244140625,396805
2025-10-28 15:30:00+00:00,385.0899963378906,386.45001220703125,381.1499938964844,381.69500732421875,236100
2025-10-28 16:30:00+00:00,385.81500244140625,389.80999755859375,385.1300964355469,385.3500061035156,266637
2025-10-28 17:30:00+00:00,384.5799865722656,386.20001220703125,382.9800109863281,386.1499938964844,273250
2025-10-28 18:30:00+00:00,385.239990234375,385.9599914550781,381.78009033203125,384.6700134277344,249301
2025-10-28 19:30:00+00:00,384.95001220703125,385.82000732421875,383.8599853515625,385.2650146484375,390334
2025-10-29 13:30:00+00:00,404.19000244140625,405.9800109863281,380.54998779296875,382.0799865722656,663457
2025-10-29 14:30:00+00:00,402.1449890136719,406.0425109863281,401.6199951171875,404.2300109863281,310396
2025-10-29 15:30:00+00:00,401.81500244140625,403.1199951171875,399.4750061035156,401.7099914550781,160878
2025-10-29 16:30:00+00:00,399.0150146484375,401.67999267578125,398.4200134277344,401.4200134277344,196360
2025-10-29 17:30:00+00:00,399.8599853515625,401.0,398.3999938964844,398.82000732421875,131065
2025-10-29 18:30:00+00:00,401.7200012207031,403.3799133300781,395.2099914550781,399.70001220703125,303660
2025-10-29 19:30:00+00:00,401.7699890136719,404.20001220703125,399.3800048828125,402.0,470850
2025-10-30 13:30:00+00:00,396.2799987792969,400.9800109863281,391.7294921875,396.0,315150
2025-10-30 14:30:00+00:00,392.3832092285156,399.3900146484375,391.25,396.9200134277344,122238
2025-10-30 15:30:00+00:00,390.94500732421875,392.4100036621094,388.4949951171875,392.0899963378906,171451
2025-10-30 16:30:00+00:00,391.57000732421875,392.34991455078125,389.79998779296875,390.5150146484375,174796
2025-10-30 17:30:00+00:00,389.1099853515625,391.94000244140625,388.5309143066406,391.5899963378906,98388
2025-10-30 18:30:00+00:00,387.1499938964844,389.82000732421875,386.8949890136719,389.260009765625,112631
2025-10-30 19:30:00+00:00,382.4200134277344,387.80999755859375,382.0,387.114990234375,406366
2025-10-31 13:30:00+00:00,381.8900146484375,388.4700012207031,379.0,388.0,358943
2025-10-31 14:30:00+00:00,383.30999755859375,384.82989501953125,381.7900085449219,381.7900085449219,125363
2025-10-31 15:30:00+00:00,377.4599914550781,383.4800109863281,376.43499755859375,383.31500244140625,131767
2025-10-31 16:30:00+00:00,373.3324890136719,377.9100036621094,372.55999755859375,377.5,166902
2025-10-31 17:30:00+00:00,377.54949951171875,377.8399963378906,372.1470031738281,373.239990234375,163122
2025-10-31 18:30:00+00:00,380.4949951171875,380.5799865722656,376.0799865722656,377.7699890136719,137355
2025-10-31 19:30:00+00:00,376.94000244140625,381.1600036621094,376.9200134277344,380.45001220703125,319745
2025-11-03 14:30:00+00:00,378.760009765625,384.9809875488281,377.80859375,380.56500244140625,305635
2025-11-03 15:30:00+00:00,378.17498779296875,382.67999267578125,376.3900146484375,379.3800048828125,148522
2025-11-03 16:30:00+00:00,377.7749938964844,379.5899963378906,377.4200134277344,378.17498779296875,103452
2025-11-03 17:30:00+00:00,378.4800109863281,380.65899658203125,377.760009765625,377.96990966796875,100858
2025-11-03 18:30:00+00:00,378.29998779296875,378.9259948730469,376.0849914550781,378.3399963378906,96843
2025-11-03 19:30:00+00:00,377.1611022949219,378.7699890136719,377.0199890136719,378.4800109863281,97544
2025-11-03 20:30:00+00:00,377.6300048828125,379.3500061035156,375.1600036621094,377.1650085449219,231237
2025-11-04 14:30:00+00:00,372.489990234375,374.44000244140625,364.32000732421875,367.20001220703125,584065
2025-11-04 15:30:00+00:00,368.29998779296875,372.42999267578125,367.04998779296875,372.05999755859375,256054
2025-11-04 16:30:00+00:00,367.6347961425781,369.6152038574219,365.7699890136719,368.19000244140625,179745
2025-11-04 17:30:00+00:00,362.04998779296875,367.489990234375,361.6099853515625,367.4599914550781,209085
2025-11-04 18:30:00+00:00,364.0199890136719,365.29998779296875,361.55999755859375,362.17999267578125,248294
2025-11-04 19:30:00+00:00,362.864990234375,364.1724853515625,360.4800109863281,364.1199951171875,254154
2025-11-04 20:30:00+00:00,362.7300109863281,363.1099853515625,361.3399963378906,362.7900085449219,284178
2025-11-05 14:30:00+00:00,364.1700134277344,366.0450134277344,357.05999755859375,364.5,383936
2025-11-05 15:30:00+00:00,362.67999267578125,364.6600036621094,360.7860107421875,363.5299987792969,198837
2025-11-05 16:30:00+00:00,364.9599914550781,365.510009765625,361.44000244140625,362.68499755859375,151585
2025-11-05 17:30:00+00:00,369.7300109863281,370.9800109863281,364.989990234375,364.989990234375,159889
2025-11-05 18:30:00+00:00,367.67498779296875,369.9200134277344,366.8500061035156,369.9100036621094,137682
2025-11-05 19:30:00+00:00,366.4849853515625,369.4700012207031,366.30999755859375,367.5400085449219,202255
2025-11-05 20:30:00+00:00,362.9700012207031,367.0400085449219,362.25,366.30999755859375,406924
2025-11-06 14:30:00+00:00,360.1400146484375,363.8800048828125,357.9100036621094,360.8699951171875,395083
2025-11-06 15:30:00+00:00,353.32000732421875,361.0458068847656,352.5400085449219,360.1400146484375,303978
2025-11-06 16:30:00+00:00,351.8599853515625,353.80999755859375,350.5,353.239990234375,266095
2025-11-06 17:30:00+00:00,352.57000732421875,354.2900085449219,349.7799987792969,351.8399963378906,261108
2025-11-06 18:30:00+00:00,351.239990234375,354.364990234375,348.54998779296875,352.6499938964844,262667
2025-11-06 19:30:00+00:00,351.25,352.7799987792969,350.17999267578125,351.2850036621094,268579
2025-11-06 20:30:00+00:00,351.1000061035156,352.7900085449219,348.92999267578125,351.2099914550781,374511
2025-11-07 14:30:00+00:00,340.0400085449219,348.0,334.06500244140625,335.67999267578125,1810261
2025-11-07 15:30:00+00:00,333.92999267578125,340.45001220703125,332.3800048828125,340.30999755859375,543987
2025-11-07 16:30:00+00:00,342.3699951171875,343.7300109863281,332.70001220703125,333.69000244140625,371814
2025-11-07 17:30:00+00:00,347.31500244140625,348.07000732421875,341.5199890136719,342.3399963378906,230060
2025-11-07 18:30:00+00:00,349.04620361328125,349.5899963378906,346.32000732421875,347.1199951171875,211058
2025-11-07 19:30:00+00:00,355.30499267578125,356.8399963378906,349.07000732421875,349.07000732421875,326442
2025-11-07 20:30:00+00:00,358.57000732421875,359.1000061035156,355.2099914550781,355.2900085449219,423501
2025-11-10 14:30:00+00:00,358.885009765625,378.7200012207031,356.9849853515625,367.3500061035156,562116
2025-11-10 15:30:00+00:00,354.94500732421875,359.0,354.4800109863281,358.885009765625,183322
2025-11-10 16:30:00+00:00,354.27398681640625,356.6499938964844,352.6700134277344,354.6700134277344,122939
2025-11-10 17:30:00+00:00,359.0758056640625,359.8699035644531,354.2506103515625,354.6499938964844,100590
2025-11-10 18:30:00+00:00,360.67498779296875,360.95001220703125,357.4024963378906,359.2799987792969,140483
2025-11-10 19:30:00+00:00,361.2799987792969,361.70001220703125,359.3009948730469,360.67498779296875,115843
2025-11-10 20:30:00+00:00,360.80999755859375,362.2007141113281,359.9599914550781,361.2900085449219,236348
2025-11-11 14:30:00+00:00,350.8500061035156,363.55999755859375,349.55999755859375,359.55999755859375,258940
2025-11-11 15:30:00+00:00,349.68499755859375,353.34100341796875,349.0,350.760009765625,165221
2025-11-11 16:30:00+00:00,350.2749938964844,352.0,348.42999267578125,349.67999267578125,139617
2025-11-11 17:30:00+00:00,349.75,350.8749084472656,348.5,350.3999938964844,87636
2025-11-11 18:30:00+00:00,351.010009765625,352.06988525390625,349.260009765625,349.5450134277344,75260
2025-11-11 19:30:00+00:00,354.19500732421875,354.489990234375,350.6099853515625,351.2099914550781,144353
2025-11-11 20:30:00+00:00,351.6400146484375,354.9849853515625,351.260009765625,354.19000244140625,226924
2025-11-12 14:30:00+00:00,352.1650085449219,354.6300048828125,346.20001220703125,354.5,251995
2025-11-12 15:30:00+00:00,351.8299865722656,352.92999267578125,348.70001220703125,352.2699890136719,282184
2025-11-12 16:30:00+00:00,350.7099914550781,353.8999938964844,349.94500732421875,351.8817138671875,119943
2025-11-12 17:30:00+00:00,352.31500244140625,353.8999938964844,350.7698974609375,350.7900085449219,108985
2025-11-12 18:30:00+00:00,353.21240234375,354.2699890136719,351.67999267578125,352.3550109863281,89074
2025-11-12 19:30:00+00:00,353.3900146484375,353.8999938964844,352.0799865722656,353.2850036621094,93462
2025-11-12 20:30:00+00:00,354.0,354.989990234375,353.1700134277344,353.32000732421875,314249
2025-11-13 14:30:00+00:00,340.9800109863281,350.67999267578125,337.5799865722656,350.0,467829
2025-11-13 15:30:00+00:00,340.4624938964844,342.2200012207031,337.75,341.07000732421875,380935
2025-11-13 16:30:00+00:00,339.6099853515625,340.79998779296875,337.4700927734375,340.4200134277344,321765
2025-11-13 17:30:00+00:00,337.989990234375,340.3699035644531,337.30499267578125,339.6099853515625,196576
2025-11-13 18:30:00+00:00,336.739990234375,338.4800109863281,333.79998779296875,337.8349914550781,303666
2025-11-13 19:30:00+00:00,335.3900146484375,337.54998779296875,333.6549987792969,336.8349914550781,186299
2025-11-13 20:30:00+00:00,335.8110046386719,336.9700012207031,334.67999267578125,335.3399963378906,250866
2025-11-14 14:30:00+00:00,345.4800109863281,346.37750244140625,326.8299865722656,328.92999267578125,591222
2025-11-14 15:30:00+00:00,350.3399963378906,351.9700012207031,345.4800109863281,345.4800109863281,249057
2025-11-14 16:30:00+00:00,347.4443054199219,351.3800048828125,346.1000061035156,350.4700012207031,123557
2025-11-14 17:30:00+00:00,342.67999267578125,347.55999755859375,342.4200134277344,347.55999755859375,196108
2025-11-14 18:30:00+00:00,343.6600036621094,344.4599914550781,341.239990234375,342.6499938964844,129359
2025-11-14 19:30:00+00:00,341.489990234375,344.70001220703125,340.9469909667969,343.87249755859375,90536
2025-11-14 20:30:00+00:00,338.6099853515625,341.447509765625,337.8900146484375,341.2099914550781,223946
2025-11-17 14:30:00+00:00,343.9150085449219,347.989990234375,336.9700012207031,337.739990234375,498026
2025-11-17 15:30:00+00:00,340.3299865722656,344.1300048828125,338.4200134277344,344.1300048828125,161633
2025-11-17 16:30:00+00:00,342.2799987792969,342.8699951171875,339.1099853515625,340.17999267578125,103482
2025-11-17 17:30:00+00:00,339.9200134277344,342.3299865722656,338.6164855957031,342.114990234375,107816
2025-11-17 18:30:00+00:00,337.75,340.3551025390625,336.7300109863281,339.55999755859375,140397
2025-11-17 19:30:00+00:00,335.7959899902344,338.260009765625,335.3399963378906,337.57000732421875,142353
2025-11-17 20:30:00+00:00,338.6000061035156,338.95001220703125,334.0799865722656,335.8299865722656,193762
2025-11-18 14:30:00+00:00,336.42999267578125,342.4200134277344,333.75,333.75,392431
2025-11-18 15:30:00+00:00,339.3926086425781,340.2699890136719,334.6615905761719,336.42999267578125,320419
2025-11-18 16:30:00+00:00,336.92999267578125,339.8900146484375,336.7099914550781,339.2200012207031,155626
2025-11-18 17:30:00+00:00,342.9939880371094,344.3599853515625,336.4800109863281,336.8999938964844,130227
2025-11-18 18:30:00+00:00,342.5799865722656,344.54998779296875,341.29998779296875,343.0150146484375,102304
2025-11-18 19:30:00+00:00,340.90020751953125,344.400390625,340.1700134277344,342.5899963378906,111260
2025-11-18 20:30:00+00:00,339.3299865722656,342.760009765625,339.1700134277344,340.67999267578125,308642
2025-11-19 14:30:00+00:00,358.7799987792969,359.6499938964844,342.92999267578125,344.2749938964844,651134
2025-11-19 15:30:00+00:00,358.8500061035156,361.1300048828125,356.739990234375,358.7799987792969,338089
2025-11-19 16:30:00+00:00,357.5899963378906,360.19000244140625,355.6400146484375,358.8500061035156,205411
2025-11-19 17:30:00+00:00,358.9800109863281,362.7149963378906,355.3900146484375,357.6000061035156,202524
2025-11-19 18:30:00+00:00,356.6050109863281,361.7200012207031,356.4200134277344,358.9700012207031,242968
2025-11-19 19:30:00+00:00,359.94000244140625,361.42999267578125,353.5299987792969,356.94000244140625,192322
2025-11-19 20:30:00+00:00,357.510009765625,361.1300048828125,357.3291931152344,360.0400085449219,289529
2025-11-20 14:30:00+00:00,372.010009765625,379.0799865722656,366.25,368.25,673376
2025-11-20 15:30:00+00:00,363.2200012207031,374.42999267578125,362.760009765625,372.3299865722656,248803
2025-11-20 16:30:00+00:00,351.44000244140625,363.1199951171875,349.1600036621094,362.7850036621094,335246
2025-11-20 17:30:00+00:00,355.30999755859375,359.4700012207031,347.95001220703125,351.30999755859375,411122
2025-11-20 18:30:00+00:00,353.2099914550781,355.3999938964844,349.19000244140625,355.3800048828125,192139
2025-11-20 19:30:00+00:00,350.69000244140625,353.489990234375,350.0,353.0,148792
2025-11-20 20:30:00+00:00,345.7799987792969,350.95001220703125,345.0,350.70001220703125,1181701
2025-11-21 14:30:00+00:00,334.29998779296875,344.0,333.6099853515625,343.0299987792969,472145
2025-11-21 15:30:00+00:00,336.2200012207031,337.70001220703125,330.8599853515625,334.239990234375,283789
2025-11-21 16:30:00+00:00,338.9100036621094,341.07000732421875,335.5,336.32000732421875,234791
2025-11-21 17:30:00+00:00,335.7550048828125,339.82000732421875,334.1700134277344,339.1000061035156,133377
2025-11-21 18:30:00+00:00,339.875,339.875,335.1600036621094,335.6099853515625,179384
2025-11-21 19:30:00+00:00,337.6300048828125,340.760009765625,337.05999755859375,340.0,193066
2025-11-21 20:30:00+00:00,337.7900085449219,341.3999938964844,337.3121032714844,337.6300048828125,305764
2025-11-24 14:30:00+00:00,345.20001220703125,345.56988525390625,336.7699890136719,339.5,272180
2025-11-24 15:30:00+00:00,348.3450012207031,351.79998779296875,344.2799987792969,344.9100036621094,213504
2025-11-24 16:30:00+00:00,350.42999267578125,350.6300048828125,347.6099853515625,348.20001220703125,95754
2025-11-24 17:30:00+00:00,352.239990234375,353.1700134277344,349.8380126953125,350.45001220703125,107931
2025-11-24 18:30:00+00:00,352.7300109863281,353.25,351.8399963378906,352.3500061035156,104887
2025-11-24 19:30:00+00:00,354.2200012207031,354.510009765625,351.9100036621094,352.7300109863281,164633
2025-11-24 20:30:00+00:00,353.8999938964844,355.4800109863281,353.739990234375,354.3299865722656,238774
2025-11-25 14:30:00+00:00,343.7850036621094,355.5400085449219,339.3399963378906,353.3999938964844,328928
2025-11-25 15:30:00+00:00,347.2099914550781,347.7598876953125,342.70001220703125,343.8550109863281,125762
2025-11-25 16:30:00+00:00,350.9100036621094,351.1037902832031,347.29998779296875,347.42999267578125,81913
2025-11-25 17:30:00+00:00,349.7099914550781,352.6499938964844,348.8900146484375,350.989990234375,79219
2025-11-25 18:30:00+00:00,349.58599853515625,350.1000061035156,348.4100036621094,349.9700012207031,90087
2025-11-25 19:30:00+00:00,350.6050109863281,351.6499938964844,348.9049987792969,349.5,85069
2025-11-25 20:30:00+00:00,351.5950012207031,352.79998779296875,350.44000244140625,350.6000061035156,516820
2025-11-26 14:30:00+00:00,357.6700134277344,359.5899963378906,355.0,355.3900146484375,176084
2025-11-26 15:30:00+00:00,359.31719970703125,360.4466857910156,357.4100036621094,357.6000061035156,88075
2025-11-26 16:30:00+00:00,357.5050048828125,361.1400146484375,357.2200927734375,359.4259948730469,79267
2025-11-26 17:30:00+00:00,359.510009765625,359.510009765625,357.489990234375,357.5299987792969,69592
2025-11-26 18:30:00+00:00,358.9949951171875,359.6499938964844,357.4100036621094,359.5299987792969,128273
2025-11-26 19:30:00+00:00,359.7200012207031,360.0,358.67498779296875,358.9949951171875,96653
2025-11-26 20:30:00+00:00,359.0799865722656,360.4599914550781,358.3599853515625,359.6099853515625,172041
2025-11-28 14:30:00+00:00,362.82000732421875,363.77899169921875,359.6000061035156,362.0,153221
2025-11-28 15:30:00+00:00,364.23388671875,366.30841064453125,362.08648681640625,362.8800048828125,138309
2025-11-28 16:30:00+00:00,363.92498779296875,365.889892578125,363.7900085449219,364.2250061035156,129023
2025-12-01 14:30:00+00:00,358.8800048828125,360.1400146484375,354.0,360.010009765625,298718
2025-12-01 15:30:00+00:00,358.7049865722656,360.4200134277344,357.8699951171875,358.32501220703125,122425
2025-12-01 16:30:00+00:00,358.7300109863281,360.4100036621094,358.3500061035156,358.94000244140625,109322
2025-12-01 17:30:00+00:00,358.2200012207031,360.14520263671875,357.5799865722656,358.75,110371
2025-12-01 18:30:00+00:00,359.7349853515625,361.2900085449219,358.239990234375,358.375,111852
2025-12-01 19:30:00+00:00,359.25,360.0799865722656,357.6700134277344,359.7449951171875,130673
2025-12-01 20:30:00+00:00,359.1199951171875,360.0,358.0400085449219,359.2799987792969,225232
2025-12-02 14:30:00+00:00,363.6499938964844,368.7099914550781,361.6499938964844,363.3599853515625,271210
2025-12-02 15:30:00+00:00,360.20001220703125,363.8500061035156,358.94500732421875,363.8500061035156,230604
2025-12-02 16:30:00+00:00,363.8800048828125,363.92999267578125,360.2200012207031,360.45001220703125,110484
2025-12-02 17:30:00+00:00,365.818603515625,366.0,363.340087890625,363.80999755859375,97627
2025-12-02 18:30:00+00:00,363.4700012207031,366.5199890136719,363.0199890136719,365.7200012207031,108364
2025-12-02 19:30:00+00:00,362.4150085449219,365.8399963378906,362.08758544921875,363.4599914550781,134696
2025-12-02 20:30:00+00:00,363.6400146484375,364.7300109863281,362.2799987792969,362.2799987792969,204877
2025-12-03 14:30:00+00:00,359.7349853515625,362.989013671875,355.2101135253906,361.19000244140625,265935
2025-12-03 15:30:00+00:00,361.30499267578125,363.3800048828125,359.1099853515625,359.7300109863281,128750
2025-12-03 16:30:00+00:00,363.1199951171875,364.04998779296875,360.7799987792969,361.29998779296875,123870
2025-12-03 17:30:00+00:00,362.7582092285156,364.010009765625,362.04998779296875,363.05999755859375,84759
2025-12-03 18:30:00+00:00,362.3500061035156,364.7099914550781,362.3500061035156,362.80999755859375,62590
2025-12-03 19:30:00+00:00,363.4849853515625,365.46990966796875,362.0400085449219,362.42999267578125,98628
2025-12-03 20:30:00+00:00,361.45001220703125,364.0199890136719,361.0,363.6099853515625,200059
2025-12-04 14:30:00+00:00,371.3399963378906,371.9800109863281,358.5,361.0,258370
2025-12-04 15:30:00+00:00,372.6300048828125,373.9599914550781,370.1400146484375,371.3399963378906,202621
2025-12-04 16:30:00+00:00,373.6600036621094,374.3999938964844,371.6199951171875,372.6600036621094,129088
2025-12-04 17:30:00+00:00,371.7900085449219,374.2699890136719,371.66668701171875,373.5799865722656,93707
2025-12-04 18:30:00+00:00,368.4200134277344,372.4700012207031,367.7300109863281,371.9599914550781,122239
2025-12-04 19:30:00+00:00,368.79998779296875,371.1575012207031,368.0400085449219,368.3599853515625,116840
2025-12-04 20:30:00+00:00,368.6700134277344,369.6700134277344,367.7601013183594,368.7200012207031,147766
2025-12-05 14:30:00+00:00,367.4100036621094,370.07000732421875,363.19000244140625,369.1650085449219,210720
2025-12-05 15:30:00+00:00,361.0400085449219,369.05999755859375,358.260009765625,367.42999267578125,214961
2025-12-05 16:30:00+00:00,361.739990234375,363.82000732421875,359.0400085449219,360.8949890136719,127648
2025-12-05 17:30:00+00:00,363.2449951171875,363.5098876953125,360.32000732421875,361.7200012207031,94370
2025-12-05 18:30:00+00:00,361.6499938964844,364.44000244140625,361.239990234375,363.3399963378906,135342
2025-12-05 19:30:00+00:00,360.8399963378906,362.0299987792969,357.1199951171875,362.0299987792969,187915
2025-12-05 20:30:00+00:00,359.82000732421875,361.54998779296875,358.75,360.8399963378906,179016
2025-12-08 14:30:00+00:00,359.2488098144531,364.25,357.5,362.7650146484375,201206
2025-12-08 15:30:00+00:00,359.82000732421875,360.8699951171875,356.8399963378906,359.6050109863281,111572
2025-12-08 16:30:00+00:00,355.3479919433594,360.08990478515625,355.0899963378906,360.08990478515625,113769
2025-12-08 17:30:00+00:00,355.5950012207031,357.17999267578125,354.0,355.1549987792969,117539
2025-12-08 18:30:00+00:00,355.6400146484375,356.3900146484375,354.29998779296875,355.5400085449219,103292
2025-12-08 19:30:00+00:00,356.7799987792969,358.05999755859375,355.6600036621094,355.6600036621094,92936
2025-12-08 20:30:00+00:00,357.6600036621094,358.68499755859375,356.4800109863281,356.70001220703125,186555
2025-12-09 14:30:00+00:00,361.44000244140625,363.260009765625,354.010009765625,357.6700134277344,147773
2025-12-09 15:30:00+00:00,362.4800109863281,364.6600036621094,360.3999938964844,361.44000244140625,79303
2025-12-09 16:30:00+00:00,359.9599914550781,362.4800109863281,358.9849853515625,362.4800109863281,92751
2025-12-09 17:30:00+00:00,362.07000732421875,362.6499938964844,358.8299865722656,359.9599914550781,108768
2025-12-09 18:30:00+00:00,360.8999938964844,362.07000732421875,359.1099853515625,361.8500061035156,118476
2025-12-09 19:30:00+00:00,359.2099914550781,361.5,358.92999267578125,360.8999938964844,127317
2025-12-09 20:30:00+00:00,359.20001220703125,360.1700134277344,357.6700134277344,359.2099914550781,135571
2025-12-10 14:30:00+00:00,348.5199890136719,362.08050537109375,347.1000061035156,358.54998779296875,334790
2025-12-10 15:30:00+00:00,354.5199890136719,354.5199890136719,346.3999938964844,348.6600036621094,176574
2025-12-10 16:30:00+00:00,352.9849853515625,355.1400146484375,352.6575012207031,354.5299987792969,102973
2025-12-10 17:30:00+00:00,354.1300048828125,355.2598876953125,352.42999267578125,352.9775085449219,76319
2025-12-10 18:30:00+00:00,356.135009765625,359.510009765625,353.739990234375,354.07000732421875,135358
2025-12-10 19:30:00+00:00,362.4200134277344,363.5180969238281,356.5,356.5,255870
2025-12-10 20:30:00+00:00,362.1000061035156,363.0899963378906,361.3450012207031,362.2099914550781,305899
2025-12-11 14:30:00+00:00,363.19000244140625,363.7099914550781,354.3399963378906,360.7099914550781,199417
2025-12-11 15:30:00+00:00,360.760009765625,364.260009765625,359.07501220703125,363.1700134277344,155038
2025-12-11 16:30:00+00:00,361.125,362.010009765625,359.25,361.0,131725
2025-12-11 17:30:00+00:00,369.0199890136719,369.989990234375,360.9818115234375,361.1700134277344,246152
2025-12-11 18:30:00+00:00,372.739990234375,372.9200134277344,368.2850036621094,369.45001220703125,141476
2025-12-11 19:30:00+00:00,378.17999267578125,380.0,372.510009765625,372.6400146484375,306205
2025-12-11 20:30:00+00:00,378.54998779296875,379.19000244140625,377.0400085449219,377.9599914550781,310456
2025-12-12 14:30:00+00:00,368.0299987792969,380.7799987792969,365.1400146484375,379.0,427755
2025-12-12 15:30:00+00:00,356.96319580078125,371.0,355.7699890136719,367.8500061035156,444596
2025-12-12 16:30:00+00:00,356.2900085449219,361.80999755859375,353.75,356.9150085449219,355610
2025-12-12 17:30:00+00:00,356.42999267578125,359.82000732421875,352.4117126464844,356.5799865722656,385221
2025-12-12 18:30:00+00:00,354.5299987792969,358.2799987792969,353.5150146484375,356.0249938964844,170550
2025-12-12 19:30:00+00:00,352.4200134277344,356.4100036621094,352.260009765625,354.6199951171875,185358
2025-12-12 20:30:00+00:00,352.1000061035156,353.2749938964844,351.2200012207031,352.4049987792969,257232
2025-12-15 14:30:00+00:00,357.489990234375,359.3800048828125,350.7200012207031,356.55499267578125,374605
2025-12-15 15:30:00+00:00,360.1400146484375,360.92999267578125,355.260009765625,357.2049865722656,162101
2025-12-15 16:30:00+00:00,358.0199890136719,360.147705078125,357.5400085449219,360.1300048828125,116141
2025-12-15 17:30:00+00:00,356.7799987792969,359.0,356.25,358.05999755859375,94219
2025-12-15 18:30:00+00:00,358.2099914550781,358.8930969238281,355.6000061035156,356.75,114543
2025-12-15 19:30:00+00:00,358.0,360.0,357.4100036621094,358.2099914550781,155189
2025-12-15 20:30:00+00:00,357.1300048828125,358.1600036621094,356.3500061035156,358.1600036621094,192382
2025-12-16 14:30:00+00:00,354.0320129394531,365.9100036621094,350.3299865722656,355.5,353617
2025-12-16 15:30:00+00:00,356.55999755859375,359.44000244140625,353.07000732421875,354.0199890136719,149844
2025-12-16 16:30:00+00:00,360.489990234375,361.6400146484375,355.92999267578125,356.4150085449219,140570
2025-12-16 17:30:00+00:00,359.8999938964844,361.19000244140625,357.8299865722656,360.2699890136719,138636
2025-12-16 18:30:00+00:00,363.1549987792969,366.0,359.9700012207031,360.0899963378906,219804
2025-12-16 19:30:00+00:00,364.1000061035156,364.2699890136719,361.29998779296875,363.1700134277344,151550
2025-12-16 20:30:00+00:00,365.6700134277344,368.17999267578125,363.9599914550781,363.9859924316406,277146
2025-12-17 14:30:00+00:00,354.260009765625,371.3800048828125,351.6499938964844,368.5150146484375,524807
2025-12-17 15:30:00+00:00,342.9700012207031,354.6299133300781,341.0,354.260009765625,522135
2025-12-17 16:30:00+00:00,339.8280029296875,343.19000244140625,338.7699890136719,342.739990234375,324247
2025-12-17 17:30:00+00:00,337.4100036621094,340.3699951171875,335.5400085449219,339.8599853515625,262102
2025-12-17 18:30:00+00:00,336.4700012207031,338.3299865722656,334.260009765625,337.29998779296875,299825
2025-12-17 19:30:00+00:00,339.9599914550781,340.8299865722656,334.17999267578125,336.2799987792969,242659
2025-12-17 20:30:00+00:00,340.9700012207031,342.7900085449219,339.1199951171875,339.9200134277344,415520
2025-12-18 14:30:00+00:00,368.9800109863281,369.3800048828125,348.7799987792969,351.6099853515625,606155
2025-12-18 15:30:00+00:00,361.3399963378906,371.239990234375,360.8800048828125,368.32501220703125,431411
2025-12-18 16:30:00+00:00,361.1400146484375,364.1099853515625,358.5115051269531,361.4700012207031,224914
2025-12-18 17:30:00+00:00,361.1700134277344,362.9800109863281,360.3800048828125,360.8299865722656,147048
2025-12-18 18:30:00+00:00,359.010009765625,362.6400146484375,358.1431884765625,361.3500061035156,191867
2025-12-18 19:30:00+00:00,360.2200012207031,361.82000732421875,357.3399963378906,358.8399963378906,234205
2025-12-18 20:30:00+00:00,361.0950012207031,363.45001220703125,359.1499938964844,360.1099853515625,285212
2025-12-19 14:30:00+00:00,364.2349853515625,368.6400146484375,358.4599914550781,361.42999267578125,1189388
2025-12-19 15:30:00+00:00,359.4200134277344,363.82989501953125,354.1900939941406,363.75,391340
2025-12-19 16:30:00+00:00,357.95001220703125,359.989990234375,356.9800109863281,359.614990234375,121841
2025-12-19 17:30:00+00:00,357.1700134277344,358.3999938964844,356.760009765625,357.739990234375,101317
2025-12-19 18:30:00+00:00,357.75,358.19000244140625,355.6700134277344,357.17999267578125,142377
2025-12-19 19:30:00+00:00,359.6449890136719,360.2200012207031,357.239990234375,357.80499267578125,126461
2025-12-19 20:30:00+00:00,355.2799987792969,360.75,354.4800109863281,359.6449890136719,406745
2025-12-22 14:30:00+00:00,358.2200012207031,363.95001220703125,355.57000732421875,363.2749938964844,215732
2025-12-22 15:30:00+00:00,357.3599853515625,358.739990234375,355.4200134277344,358.739990234375,80652
2025-12-22 16:30:00+00:00,358.1600036621094,359.8800048828125,356.9700012207031,357.2200012207031,87637
2025-12-22 17:30:00+00:00,357.0350036621094,358.4849853515625,356.0849914550781,358.1400146484375,79900
2025-12-22 18:30:00+00:00,357.7049865722656,358.17999267578125,356.6400146484375,357.17999267578125,71333
2025-12-22 19:30:00+00:00,357.4200134277344,357.94000244140625,356.19000244140625,357.8299865722656,104998
2025-12-22 20:30:00+00:00,357.6400146484375,358.07000732421875,357.0,357.42498779296875,153619
2025-12-23 14:30:00+00:00,361.5799865722656,363.19000244140625,353.0,354.3599853515625,246784
2025-12-23 15:30:00+00:00,361.20001220703125,362.34991455078125,360.1600036621094,361.70001220703125,86553
2025-12-23 16:30:00+00:00,361.42999267578125,362.29998779296875,358.9599914550781,360.9800109863281,105855
2025-12-23 17:30:00+00:00,363.06689453125,364.0,361.1300048828125,361.4100036621094,87663
2025-12-23 18:30:00+00:00,363.1400146484375,364.30999755859375,362.3999938964844,363.2200012207031,76918
2025-12-23 19:30:00+00:00,361.1199951171875,363.31988525390625,360.760009765625,363.239990234375,80452
2025-12-23 20:30:00+00:00,361.3900146484375,362.15899658203125,360.760009765625,361.010009765625,149282
2025-12-24 14:30:00+00:00,363.7300109863281,363.760009765625,359.2200012207031,359.7200012207031,84474
2025-12-24 15:30:00+00:00,362.4800109863281,364.1499938964844,361.54998779296875,364.0199890136719,72520
2025-12-24 16:30:00+00:00,363.5450134277344,363.6099853515625,361.20001220703125,362.4798889160156,58488
2025-12-26 14:30:00+00:00,360.57501220703125,363.3450012207031,358.8299865722656,363.239990234375,111628
2025-12-26 15:30:00+00:00,361.4599914550781,362.25,360.1199951171875,360.4649963378906,52361
2025-12-26 16:30:00+00:00,360.17999267578125,362.010009765625,359.6400146484375,361.5,46313
2025-12-26 17:30:00+00:00,360.7051086425781,361.0,359.80999755859375,360.29998779296875,50568
2025-12-26 18:30:00+00:00,359.17999267578125,360.8500061035156,358.75,360.75,40404
2025-12-26 19:30:00+00:00,359.0899963378906,359.3500061035156,358.3999938964844,359.07000732421875,47737
2025-12-26 20:30:00+00:00,360.3949890136719,360.5098876953125,358.78851318359375,359.1449890136719,112735
2025-12-29 14:30:00+00:00,360.95001220703125,369.0,358.43280029296875,360.0,199160
2025-12-29 15:30:00+00:00,361.1400146484375,362.30999755859375,360.1499938964844,360.885009765625,89567
2025-12-29 16:30:00+00:00,360.6000061035156,361.94000244140625,360.0,361.0350036621094,72499
2025-12-29 17:30:00+00:00,360.42999267578125,361.3399963378906,360.04998779296875,360.6499938964844,67428
2025-12-29 18:30:00+00:00,359.989990234375,361.1099853515625,359.2900085449219,360.5899963378906,61983
2025-12-29 19:30:00+00:00,360.239990234375,361.8699951171875,360.04998779296875,360.1300048828125,93916
2025-12-29 20:30:00+00:00,358.3299865722656,360.375,358.0249938964844,360.2300109863281,171632
2025-12-30 14:30:00+00:00,358.5799865722656,360.67999267578125,356.79998779296875,359.0,99977
2025-12-30 15:30:00+00:00,357.4700012207031,358.6199951171875,356.20001220703125,358.5199890136719,106949
2025-12-30 16:30:00+00:00,356.3900146484375,357.5,355.8399963378906,357.2900085449219,84550
2025-12-30 17:30:00+00:00,356.2200012207031,356.7593078613281,355.5,356.1430969238281,89198
2025-12-30 18:30:00+00:00,356.3500061035156,357.30999755859375,356.1400146484375,356.3949890136719,71410
2025-12-30 19:30:00+00:00,356.7200012207031,357.1000061035156,355.30999755859375,356.44000244140625,110438
2025-12-30 20:30:00+00:00,356.82000732421875,357.8399963378906,356.3599853515625,356.6499938964844,195606
2025-12-31 14:30:00+00:00,355.7099914550781,360.4200134277344,354.1600036621094,357.7200012207031,119781
2025-12-31 15:30:00+00:00,357.010009765625,357.3900146484375,355.239990234375,355.6600036621094,52465
2025-12-31 16:30:00+00:00,355.635009765625,357.4100036621094,355.3800048828125,356.82000732421875,69223
2025-12-31 17:30:00+00:00,354.3999938964844,356.0,354.260009765625,355.7799987792969,67839
2025-12-31 18:30:00+00:00,354.18499755859375,355.0799865722656,353.7300109863281,354.2099914550781,81835
2025-12-31 19:30:00+00:00,354.07989501953125,354.3949890136719,352.9599914550781,354.1499938964844,102957
2025-12-31 20:30:00+00:00,353.2699890136719,354.8550109863281,353.2049865722656,353.9549865722656,134512
2026-01-02 14:30:00+00:00,368.19000244140625,373.2300109863281,358.0,358.0,358078
2026-01-02 15:30:00+00:00,369.489990234375,372.05999755859375,367.1300048828125,368.44000244140625,226758
2026-01-02 16:30:00+00:00,369.989990234375,370.2200012207031,367.6000061035156,368.6499938964844,151287
2026-01-02 17:30:00+00:00,369.69000244140625,370.25,367.79998779296875,370.1449890136719,96149
2026-01-02 18:30:00+00:00,368.3599853515625,369.70001220703125,366.5799865722656,369.5899963378906,127371
2026-01-02 19:30:00+00:00,366.6099853515625,368.7900085449219,365.6400146484375,368.55059814453125,136959
2026-01-02 20:30:00+00:00,366.17999267578125,367.8175048828125,365.625,366.8399963378906,210024
2026-01-05 14:30:00+00:00,358.6700134277344,378.5,356.5,371.56500244140625,416986
2026-01-05 15:30:00+00:00,352.7699890136719,359.55999755859375,350.0101013183594,359.010009765625,378505
2026-01-05 16:30:00+00:00,351.7950134277344,353.1199951171875,350.5,352.3399963378906,257548
2026-01-05 17:30:00+00:00,351.2991027832031,353.5199890136719,350.20001220703125,351.7049865722656,231750
2026-01-05 18:30:00+00:00,353.114990234375,353.44000244140625,349.5400085449219,351.04010009765625,247139
2026-01-05 19:30:00+00:00,354.7699890136719,356.80999755859375,352.885009765625,353.0400085449219,204723
2026-01-05 20:30:00+00:00,355.0,357.29998779296875,354.6700134277344,354.9403076171875,247565
2026-01-06 14:30:00+00:00,353.0,359.75,347.4100036621094,358.3699951171875,440856
2026-01-06 15:30:00+00:00,352.1099853515625,354.7300109863281,349.18011474609375,353.45001220703125,126752
2026-01-06 16:30:00+00:00,347.2200012207031,352.6700134277344,346.739990234375,351.95001220703125,153877
2026-01-06 17:30:00+00:00,349.3999938964844,349.54998779296875,346.9700012207031,347.2200012207031,186210
2026-01-06 18:30:00+00:00,352.7919921875,353.375,349.0799865722656,349.0799865722656,139665
2026-01-06 19:30:00+00:00,354.4599914550781,355.58990478515625,352.7699890136719,352.7950134277344,160501
2026-01-06 20:30:00+00:00,354.6700134277344,355.3999938964844,354.2200012207031,354.4800109863281,129468
2026-01-07 14:30:00+00:00,342.25,352.43499755859375,340.20001220703125,352.0,301873
2026-01-07 15:30:00+00:00,342.6600036621094,345.260009765625,341.69000244140625,342.0400085449219,171545
2026-01-07 16:30:00+00:00,342.62921142578125,343.9100036621094,342.07000732421875,342.7550048828125,167472
2026-01-07 17:30:00+00:00,339.8399963378906,342.67999267578125,339.20001220703125,342.45001220703125,167412
2026-01-07 18:30:00+00:00,338.6600036621094,340.3450012207031,338.2200012207031,339.8399963378906,191397
2026-01-07 19:30:00+00:00,335.4800109863281,339.04998779296875,335.0,338.69500732421875,278055
2026-01-07 20:30:00+00:00,338.6099853515625,340.17999267578125,334.7900085449219,335.45001220703125,431231
2026-01-08 14:30:00+00:00,328.5450134277344,338.6300048828125,325.5,337.0,813772
2026-01-08 15:30:00+00:00,327.3299865722656,330.1300048828125,327.1600036621094,328.5450134277344,360408
2026-01-08 16:30:00+00:00,324.9949951171875,328.5400085449219,324.69000244140625,327.25,347670
2026-01-08 17:30:00+00:00,323.7250061035156,325.1099853515625,323.0899963378906,325.1099853515625,227622
2026-01-08 18:30:00+00:00,321.760009765625,324.0400085449219,321.6199951171875,323.7250061035156,263084
2026-01-08 19:30:00+00:00,323.54998779296875,324.9700012207031,321.8599853515625,321.8599853515625,300443
2026-01-08 20:30:00+00:00,322.3699951171875,325.1499938964844,322.3599853515625,323.5799865722656,423613
2026-01-09 14:30:00+00:00,337.5450134277344,342.5,334.1700134277344,339.4949951171875,1386406
2026-01-09 15:30:00+00:00,339.1099853515625,340.7200012207031,333.6700134277344,337.56829833984375,449734
2026-01-09 16:30:00+00:00,339.6000061035156,339.7900085449219,336.25,339.1099853515625,366250
2026-01-09 17:30:00+00:00,338.5299987792969,341.7300109863281,338.1199951171875,339.6000061035156,302323
2026-01-09 18:30:00+00:00,340.625,340.9100036621094,337.80999755859375,338.75,328597
2026-01-09 19:30:00+00:00,340.7099914550781,343.8800048828125,339.9849853515625,340.7799987792969,408200
2026-01-09 20:30:00+00:00,342.5,342.9599914550781,340.32000732421875,340.7099914550781,500055
2026-01-12 14:30:00+00:00,338.3399963378906,338.989990234375,333.0,334.6700134277344,355936
2026-01-12 15:30:00+00:00,336.4599914550781,339.989990234375,335.3631896972656,338.135009765625,188111
2026-01-12 16:30:00+00:00,336.6549987792969,338.32000732421875,336.0400085449219,336.45001220703125,119103
2026-01-12 17:30:00+00:00,335.82000732421875,337.95001220703125,335.80999755859375,336.6549987792969,120946
2026-01-12 18:30:00+00:00,338.6499938964844,339.2699890136719,335.5950012207031,335.95001220703125,132835
2026-01-12 19:30:00+00:00,335.69000244140625,339.1098937988281,335.05999755859375,338.8399963378906,191945
2026-01-12 20:30:00+00:00,335.80999755859375,337.30999755859375,335.29998779296875,335.489990234375,317041
2026-01-13 14:30:00+00:00,340.0899963378906,343.6499938964844,334.3800048828125,337.7300109863281,332142
2026-01-13 15:30:00+00:00,336.0400085449219,341.5849914550781,335.4700012207031,340.0899963378906,392025
2026-01-13 16:30:00+00:00,335.0799865722656,337.57940673828125,334.4700012207031,336.0199890136719,253352
2026-01-13 17:30:00+00:00,335.9700012207031,337.8500061035156,334.6700134277344,335.1700134277344,155262
2026-01-13 18:30:00+00:00,335.82000732421875,338.1600036621094,335.614990234375,336.0375061035156,233440
2026-01-13 19:30:00+00:00,334.19000244140625,336.260009765625,333.92999267578125,335.8900146484375,149929
2026-01-13 20:30:00+00:00,333.6099853515625,334.2200012207031,332.5799865722656,334.1600036621094,224176
2026-01-14 14:30:00+00:00,334.1700134277344,336.5899963378906,330.0,330.0,263154
2026-01-14 15:30:00+00:00,328.92999267578125,334.2300109863281,327.45001220703125,334.1050109863281,224080
2026-01-14 16:30:00+00:00,327.7950134277344,330.489990234375,327.3399963378906,328.8900146484375,162211
2026-01-14 17:30:00+00:00,328.3800048828125,328.5400085449219,325.79998779296875,327.69000244140625,148473
2026-01-14 18:30:00+00:00,330.6700134277344,331.30999755859375,326.70001220703125,328.510009765625,138408
2026-01-14 19:30:00+00:00,329.5899963378906,330.8900146484375,328.8299865722656,330.4649963378906,128243
2026-01-14 20:30:00+00:00,330.1600036621094,330.989990234375,329.239990234375,329.69500732421875,201604
2026-01-15 14:30:00+00:00,344.6000061035156,346.80999755859375,335.04010009765625,335.79998779296875,507134
2026-01-15 15:30:00+00:00,344.0799865722656,345.5899963378906,342.6499938964844,344.8399963378906,231921
2026-01-15 16:30:00+00:00,342.1099853515625,344.7069091796875,341.94000244140625,344.125,108391
2026-01-15 17:30:00+00:00,342.114990234375,343.5400085449219,341.92999267578125,342.32000732421875,111348
2026-01-15 18:30:00+00:00,344.0350036621094,344.6199951171875,341.218994140625,342.0400085449219,185814
2026-01-15 19:30:00+00:00,341.0799865722656,345.0,340.510009765625,343.9100036621094,301784
2026-01-15 20:30:00+00:00,341.218994140625,342.45001220703125,340.3399963378906,341.0400085449219,359864
2026-01-16 14:30:00+00:00,310.3598937988281,323.04998779296875,310.1050109863281,322.6499938964844,1553922
2026-01-16 15:30:00+00:00,310.75,310.75,306.29998779296875,310.2300109863281,864546
2026-01-16 16:30:00+00:00,308.0450134277344,310.94000244140625,306.1449890136719,310.625,646549
2026-01-16 17:30:00+00:00,303.9150085449219,310.2900085449219,303.29998779296875,307.9599914550781,623595
2026-01-16 18:30:00+00:00,302.03948974609375,304.6300048828125,301.7099914550781,303.8399963378906,523964
2026-01-16 19:30:00+00:00,306.3800048828125,306.3900146484375,300.4100036621094,302.0299987792969,618455
2026-01-16 20:30:00+00:00,307.8900146484375,308.9800109863281,305.760009765625,306.3999938964844,1067328
2026-01-20 14:30:00+00:00,306.5400085449219,307.79998779296875,299.6400146484375,301.7250061035156,1059524
2026-01-20 15:30:00+00:00,303.8900146484375,308.75,303.010009765625,306.29998779296875,354257
2026-01-20 16:30:00+00:00,300.2200012207031,303.8125,299.8699951171875,303.7900085449219,435640
2026-01-20 17:30:00+00:00,298.2449951171875,300.54998779296875,297.79998779296875,300.32000732421875,335251
2026-01-20 18:30:00+00:00,297.0299072265625,298.3299865722656,296.6099853515625,298.1000061035156,317626
2026-01-20 19:30:00+00:00,293.57000732421875,296.9198913574219,293.32000732421875,296.8299865722656,455031
2026-01-20 20:30:00+00:00,295.3900146484375,295.8599853515625,292.4549865722656,293.5799865722656,859372
2026-01-21 14:30:00+00:00,296.17999267578125,299.0094909667969,291.8800048828125,297.86199951171875,602788
2026-01-21 15:30:00+00:00,296.2850036621094,297.8800048828125,295.3399963378906,296.2650146484375,342126
2026-01-21 16:30:00+00:00,294.3399963378906,296.3233947753906,292.8599853515625,295.8517150878906,280563
2026-01-21 17:30:00+00:00,292.6300048828125,294.25,290.9433898925781,294.25,571421
2026-01-21 18:30:00+00:00,297.4599914550781,298.0,292.5,292.6300048828125,598157
2026-01-21 19:30:00+00:00,295.3500061035156,300.1549987792969,295.2799987792969,297.56500244140625,617242
2026-01-21 20:30:00+00:00,294.2099914550781,295.4776916503906,293.70001220703125,295.2900085449219,801728
2026-01-22 14:30:00+00:00,291.5799865722656,302.7300109863281,290.1000061035156,300.5,562675
2026-01-22 15:30:00+00:00,291.07501220703125,291.8900146484375,289.572509765625,291.7850036621094,511301
2026-01-22 16:30:00+00:00,292.6300048828125,293.80999755859375,290.91009521484375,291.07501220703125,312060
2026-01-22 17:30:00+00:00,291.7900085449219,293.3900146484375,291.7749938964844,292.6000061035156,260549
2026-01-22 18:30:00+00:00,290.92999267578125,292.9599914550781,290.3900146484375,291.9049987792969,377188
2026-01-22 19:30:00+00:00,289.3299865722656,291.42999267578125,289.30999755859375,290.9549865722656,404194
2026-01-22 20:30:00+00:00,287.3500061035156,289.5299987792969,286.8999938964844,289.2799987792969,709732
2026-01-23 14:30:00+00:00,289.239501953125,292.25,285.44000244140625,287.5,732815
2026-01-23 15:30:00+00:00,289.4800109863281,291.6300048828125,289.1199951171875,289.3399963378906,386300
2026-01-23 16:30:00+00:00,289.5450134277344,291.42999267578125,289.19000244140625,289.5899963378906,315581
2026-01-23 17:30:00+00:00,290.01251220703125,290.17999267578125,288.8299865722656,289.5450134277344,219258
2026-01-23 18:30:00+00:00,288.0,290.0,287.95001220703125,289.8900146484375,224652
2026-01-23 19:30:00+00:00,288.0799865722656,288.5400085449219,286.3599853515625,287.8999938964844,273407
2026-01-23 20:30:00+00:00,289.05999755859375,289.1549987792969,287.54998779296875,288.0299987792969,1276285
2026-01-26 14:30:00+00:00,285.4649963378906,291.79998779296875,284.4100036621094,286.54998779296875,524477
2026-01-26 15:30:00+00:00,287.57000732421875,287.7799987792969,284.9200134277344,285.5199890136719,282958
2026-01-26 16:30:00+00:00,285.885009765625,287.6700134277344,285.20001220703125,287.57000732421875,228218
2026-01-26 17:30:00+00:00,285.9200134277344,286.4200134277344,285.29998779296875,285.885009765625,215267
2026-01-26 18:30:00+00:00,285.5249938964844,286.9049987792969,285.3399963378906,285.9200134277344,230102
2026-01-26 19:30:00+00:00,285.4801025390625,285.8299865722656,284.9949951171875,285.5299987792969,251066
2026-01-26 20:30:00+00:00,285.239990234375,285.80999755859375,284.94000244140625,285.5199890136719,398662
2026-01-27 14:30:00+00:00,287.7799987792969,289.9800109863281,282.5,286.25,592140
2026-01-27 15:30:00+00:00,288.1000061035156,289.635009765625,286.7699890136719,288.0249938964844,378075
2026-01-27 16:30:00+00:00,287.489990234375,288.2406005859375,286.94000244140625,288.17999267578125,244744
2026-01-27 17:30:00+00:00,287.7149963378906,288.45001220703125,286.7799987792969,287.6625061035156,287219
2026-01-27 18:30:00+00:00,288.9800109863281,290.1099853515625,287.5199890136719,287.57000732421875,312451
2026-01-27 19:30:00+00:00,288.0899963378906,290.3999938964844,287.3399963378906,288.8299865722656,335098
2026-01-27 20:30:00+00:00,288.7300109863281,289.7799987792969,287.6700134277344,287.9599914550781,1322804
2026-01-28 14:30:00+00:00,288.6499938964844,293.2300109863281,287.0,291.3500061035156,393186
2026-01-28 15:30:00+00:00,287.69500732421875,288.8999938964844,286.57501220703125,288.67999267578125,287962
2026-01-28 16:30:00+00:00,288.5,288.7799987792969,286.6000061035156,287.69500732421875,163242
2026-01-28 17:30:00+00:00,288.0199890136719,289.44500732421875,287.7200012207031,288.5050048828125,178474
2026-01-28 18:30:00+00:00,287.6470031738281,289.0299987792969,287.3999938964844,287.92999267578125,266562
2026-01-28 19:30:00+00:00,286.93499755859375,289.1000061035156,285.17999267578125,287.7699890136719,284219
2026-01-28 20:30:00+00:00,287.8500061035156,288.42999267578125,286.3999938964844,286.94500732421875,341414
2026-01-29 14:30:00+00:00,287.42999267578125,292.6700134277344,285.1600036621094,287.82000732421875,508323
2026-01-29 15:30:00+00:00,286.0299987792969,287.7933044433594,283.1099853515625,287.2200012207031,319818
2026-01-29 16:30:00+00:00,286.8699951171875,288.0,283.7300109863281,286.0299987792969,186404
2026-01-29 17:30:00+00:00,285.6449890136719,287.8299865722656,284.95001220703125,286.8900146484375,147912
2026-01-29 18:30:00+00:00,286.45001220703125,286.4800109863281,284.3373107910156,285.5199890136719,174511
2026-01-29 19:30:00+00:00,286.5899963378906,286.7699890136719,285.260009765625,286.45001220703125,160577
2026-01-29 20:30:00+00:00,287.54901123046875,288.0,286.5,286.5400085449219,328559
2026-01-30 14:30:00+00:00,286.4200134277344,288.0,281.54998779296875,283.760009765625,275793
2026-01-30 15:30:00+00:00,283.6050109863281,288.3299865722656,283.0,286.010009765625,169311
2026-01-30 16:30:00+00:00,283.6700134277344,284.5050048828125,282.5799865722656,283.6000061035156,164190
2026-01-30 17:30:00+00:00,281.125,284.08319091796875,279.79998779296875,283.6099853515625,199555
2026-01-30 18:30:00+00:00,280.94000244140625,282.78900146484375,279.6109924316406,281.2799987792969,140595
2026-01-30 19:30:00+00:00,280.739990234375,282.17999267578125,279.95001220703125,280.94000244140625,174345
2026-01-30 20:30:00+00:00,280.6600036621094,281.07000732421875,279.67999267578125,280.7550048828125,415058
2026-02-02 14:30:00+00:00,274.30499267578125,282.9800109863281,274.0,279.0400085449219,564670
2026-02-02 15:30:00+00:00,272.6499938964844,274.6499938964844,272.4800109863281,274.30499267578125,359310
2026-02-02 16:30:00+00:00,272.67999267578125,273.1400146484375,272.1000061035156,272.7391052246094,248419
2026-02-02 17:30:00+00:00,273.4800109863281,273.70001220703125,271.9700012207031,272.5101013183594,265943
2026-02-02 18:30:00+00:00,272.17999267578125,273.4700012207031,271.2651062011719,273.3999938964844,275188
2026-02-02 19:30:00+00:00,269.3548889160156,272.8699951171875,269.1000061035156,272.2250061035156,430706
2026-02-02 20:30:00+00:00,270.7799987792969,271.0799865722656,268.8999938964844,269.3800048828125,428957
2026-02-03 14:30:00+00:00,270.9150085449219,273.0,265.1600036621094,271.55999755859375,560896
2026-02-03 15:30:00+00:00,269.4150085449219,272.5199890136719,269.30999755859375,270.9800109863281,307698
2026-02-03 16:30:00+00:00,268.27069091796875,269.5799865722656,267.92999267578125,269.3949890136719,305406
2026-02-03 17:30:00+00:00,266.6199951171875,268.3900146484375,266.2300109863281,268.22198486328125,190516
2026-02-03 18:30:00+00:00,265.60009765625,266.8550109863281,263.7099914550781,266.6499938964844,372322
2026-02-03 19:30:00+00:00,265.510009765625,267.7799987792969,264.6000061035156,265.7149963378906,248023
2026-02-03 20:30:00+00:00,268.4700012207031,268.5,265.40008544921875,265.54998779296875,424914
2026-02-04 14:30:00+00:00,255.1699981689453,268.95001220703125,254.11000061035156,268.45001220703125,938708
2026-02-04 15:30:00+00:00,252.36000061035156,257.29998779296875,252.21499633789062,255.1699981689453,723280
2026-02-04 16:30:00+00:00,250.46499633789062,253.0,250.07000732421875,252.3800048828125,622595
2026-02-04 17:30:00+00:00,247.36000061035156,251.07000732421875,245.61000061035156,250.3800048828125,824547
2026-02-04 18:30:00+00:00,248.69000244140625,248.69000244140625,245.02000427246094,247.30999755859375,589207
2026-02-04 19:30:00+00:00,249.61500549316406,252.2899932861328,248.50010681152344,248.64500427246094,501344
2026-02-04 20:30:00+00:00,250.4250030517578,250.8800048828125,249.24000549316406,249.67999267578125,558076
2026-02-05 14:30:00+00:00,245.0449981689453,254.0,244.27999877929688,248.4499053955078,676222
2026-02-05 15:30:00+00:00,246.0800018310547,246.97999572753906,243.3800048828125,245.13999938964844,330517
2026-02-05 16:30:00+00:00,246.6750030517578,247.83999633789062,244.58999633789062,246.3000030517578,326969
2026-02-05 17:30:00+00:00,247.39999389648438,249.375,246.2100067138672,246.57000732421875,248838
2026-02-05 18:30:00+00:00,246.85009765625,248.1999969482422,245.6199951171875,247.4600067138672,266865
2026-02-05 19:30:00+00:00,246.5,248.8000030517578,245.57000732421875,246.85000610351562,345109
2026-02-05 20:30:00+00:00,246.9600067138672,247.27000427246094,245.83099365234375,246.43499755859375,433654
2026-02-06 14:30:00+00:00,259.19000244140625,259.5,252.3800048828125,252.3800048828125,1021475
2026-02-06 15:30:00+00:00,259.260009765625,259.8399963378906,256.4200134277344,259.2699890136719,595698
2026-02-06 16:30:00+00:00,263.75,263.9200134277344,259.25,259.25,694046
2026-02-06 17:30:00+00:00,261.30999755859375,263.9599914550781,261.0513916015625,263.7200012207031,370314
2026-02-06 18:30:00+00:00,261.7799987792969,263.17041015625,261.2300109863281,261.239990234375,377747
2026-02-06 19:30:00+00:00,261.0950012207031,262.30859375,260.32000732421875,261.6000061035156,380026
2026-02-06 20:30:00+00:00,261.3299865722656,263.0,260.8699951171875,261.04998779296875,568296
2026-02-09 14:30:00+00:00,266.2250061035156,269.3999938964844,260.739990234375,263.2449951171875,522453
2026-02-09 15:30:00+00:00,271.260009765625,271.6400146484375,265.75250244140625,266.2799987792969,472934
2026-02-09 16:30:00+00:00,271.04998779296875,271.70001220703125,269.8299865722656,271.2699890136719,204196
2026-02-09 17:30:00+00:00,270.2900085449219,271.3299865722656,269.6600036621094,271.04998779296875,194535
2026-02-09 18:30:00+00:00,271.5150146484375,271.8699951171875,270.0199890136719,270.3699951171875,151984
2026-02-09 19:30:00+00:00,272.0299987792969,272.9200134277344,271.4800109863281,271.510009765625,272537
2026-02-09 20:30:00+00:00,272.1600036621094,272.57000732421875,271.0877990722656,272.0249938964844,485654
2026-02-10 14:30:00+00:00,273.9150085449219,276.4728088378906,271.1499938964844,275.81500244140625,667426
2026-02-10 15:30:00+00:00,271.31500244140625,275.87640380859375,267.0,273.9150085449219,845789
2026-02-10 16:30:00+00:00,272.0849914550781,273.1700134277344,270.510009765625,271.07000732421875,139256
2026-02-10 17:30:00+00:00,271.4400939941406,273.8599853515625,270.9849853515625,272.0849914550781,243185
2026-02-10 18:30:00+00:00,274.1199951171875,274.239990234375,270.90008544921875,271.7300109863281,234488
2026-02-10 19:30:00+00:00,272.45001220703125,274.6499938964844,272.04998779296875,274.260009765625,301422
2026-02-10 20:30:00+00:00,271.19000244140625,272.6000061035156,271.1300048828125,272.45001220703125,466639
2026-02-11 14:30:00+00:00,270.0150146484375,274.80999755859375,268.2550048828125,274.5,726088
2026-02-11 15:30:00+00:00,273.1000061035156,273.7799987792969,269.239990234375,270.0151062011719,534687
2026-02-11 16:30:00+00:00,275.5799865722656,275.5899963378906,272.5199890136719,273.0299987792969,380561
2026-02-11 17:30:00+00:00,273.6099853515625,275.75,272.510009765625,275.5799865722656,138300
2026-02-11 18:30:00+00:00,274.69500732421875,274.9200134277344,272.3399963378906,273.7300109863281,157739
2026-02-11 19:30:00+00:00,275.92999267578125,276.4700012207031,273.9525146484375,274.69500732421875,234480
2026-02-11 20:30:00+00:00,276.9100036621094,277.57000732421875,275.5,275.92999267578125,575435
2026-02-12 14:30:00+00:00,279.8900146484375,285.3699951171875,278.5,278.83599853515625,629878
2026-02-12 15:30:00+00:00,270.5199890136719,280.1700134277344,270.4800109863281,279.8900146484375,387115
2026-02-12 16:30:00+00:00,274.6499938964844,275.3399963378906,270.3550109863281,270.6099853515625,497323
2026-02-12 17:30:00+00:00,272.8699951171875,276.17999267578125,271.7099914550781,274.8999938964844,217016
2026-02-12 18:30:00+00:00,275.3299865722656,275.4200134277344,271.7099914550781,272.6400146484375,314576
2026-02-12 19:30:00+00:00,276.0400085449219,276.32000732421875,274.8900146484375,275.4200134277344,322736
2026-02-12 20:30:00+00:00,276.20001220703125,276.7402038574219,275.5,276.010009765625,891366
2026-02-13 14:30:00+00:00,286.0675048828125,286.6499938964844,272.0000915527344,275.989990234375,600635
2026-02-13 15:30:00+00:00,287.82000732421875,289.96990966796875,284.8609924316406,286.0450134277344,440501
2026-02-13 16:30:00+00:00,290.17999267578125,291.1600036621094,287.5199890136719,287.7900085449219,320715
2026-02-13 17:30:00+00:00,293.04998779296875,293.739990234375,289.70001220703125,289.8999938964844,403894
2026-02-13 18:30:00+00:00,292.0400085449219,294.3599853515625,291.07000732421875,293.04998779296875,533700
2026-02-13 19:30:00+00:00,287.3500061035156,292.8699951171875,286.8999938964844,292.05999755859375,411568
2026-02-13 20:30:00+00:00,288.3999938964844,289.42498779296875,286.6300048828125,287.3699951171875,769558
2026-02-17 14:30:00+00:00,298.739990234375,300.7502136230469,288.0,289.489990234375,952570
2026-02-17 15:30:00+00:00,304.864990234375,305.7950134277344,298.0000915527344,298.9700012207031,471880
2026-02-17 16:30:00+00:00,301.5150146484375,305.2112121582031,300.04998779296875,304.7799987792969,337080
2026-02-17 17:30:00+00:00,298.6099853515625,301.94000244140625,296.2001037597656,301.5150146484375,275599
2026-02-17 18:30:00+00:00,299.7200012207031,302.4642028808594,298.3699951171875,299.0,332613
2026-02-17 19:30:00+00:00,298.2401123046875,300.2900085449219,298.2200012207031,299.760009765625,359994
2026-02-17 20:30:00+00:00,303.1189880371094,303.1400146484375,298.20001220703125,298.3699951171875,1935259
2026-02-18 14:30:00+00:00,296.9649963378906,310.6549987792969,296.32000732421875,304.9949951171875,549979
2026-02-18 15:30:00+00:00,297.7099914550781,300.20001220703125,295.1000061035156,296.9150085449219,294935
2026-02-18 16:30:00+00:00,298.5299987792969,299.7950134277344,296.30999755859375,297.7699890136719,205523
2026-02-18 17:30:00+00:00,297.7200012207031,299.2799072265625,297.3900146484375,298.3450012207031,155865
2026-02-18 18:30:00+00:00,294.0,298.0400085449219,294.0,297.7149963378906,311117
2026-02-18 19:30:00+00:00,292.45001220703125,294.12298583984375,290.7200012207031,294.07000732421875,385389
2026-02-18 20:30:00+00:00,293.9700012207031,296.3500061035156,292.3399963378906,292.45001220703125,1385308
2026-02-19 14:30:00+00:00,295.2799987792969,298.2298889160156,290.5,292.4800109863281,318012
2026-02-19 15:30:00+00:00,292.8500061035156,296.45001220703125,292.7099914550781,295.2799987792969,176772
2026-02-19 16:30:00+00:00,290.3699951171875,294.0150146484375,289.4599914550781,292.7099914550781,207417
2026-02-19 17:30:00+00:00,289.7959899902344,291.1099853515625,289.0,290.44000244140625,172368
2026-02-19 18:30:00+00:00,291.1400146484375,291.69000244140625,289.2799987792969,289.7699890136719,202235
2026-02-19 19:30:00+00:00,290.489990234375,292.1199951171875,289.79998779296875,291.05999755859375,170708
2026-02-19 20:30:00+00:00,291.6199951171875,292.2300109863281,290.3299865722656,290.489990234375,243338
2026-02-20 14:30:00+00:00,295.489990234375,296.0,289.9549865722656,291.3500061035156,341379
2026-02-20 15:30:00+00:00,294.8699951171875,297.2300109863281,293.8949890136719,295.6199951171875,207858
2026-02-20 16:30:00+00:00,292.54998779296875,295.42999267578125,291.1199951171875,294.70001220703125,179919
2026-02-20 17:30:00+00:00,293.9599914550781,295.9800109863281,292.6499938964844,292.6499938964844,208356
2026-02-20 18:30:00+00:00,294.67999267578125,295.82000732421875,293.5249938964844,293.8999938964844,143529
2026-02-20 19:30:00+00:00,294.5994873046875,295.25,293.68548583984375,294.739990234375,218415
2026-02-20 20:30:00+00:00,294.8399963378906,295.9200134277344,294.3299865722656,294.55999755859375,325820
2026-02-23 14:30:00+00:00,297.45001220703125,299.6700134277344,292.9800109863281,293.989990234375,362240
2026-02-23 15:30:00+00:00,293.96990966796875,298.1300048828125,292.885009765625,297.7349853515625,336009
2026-02-23 16:30:00+00:00,290.3699951171875,293.95001220703125,290.2900085449219,293.7650146484375,174384
2026-02-23 17:30:00+00:00,291.5,291.7300109863281,289.0899963378906,290.2900085449219,175409
2026-02-23 18:30:00+00:00,290.8299865722656,291.80999755859375,290.3399963378906,291.3500061035156,140099
2026-02-23 19:30:00+00:00,294.0610046386719,294.1199951171875,290.67010498046875,290.67010498046875,188882
2026-02-23 20:30:00+00:00,294.07000732421875,294.739990234375,292.79998779296875,294.1199951171875,374249
2026-02-24 14:30:00+00:00,305.6400146484375,306.5199890136719,290.80999755859375,297.2699890136719,592531
2026-02-24 15:30:00+00:00,305.9700012207031,307.0,299.7099914550781,305.5838928222656,322141
2026-02-24 16:30:00+00:00,309.79998779296875,309.79998779296875,305.57000732421875,305.9049987792969,263310
2026-02-24 17:30:00+00:00,310.6300048828125,311.6499938964844,309.5199890136719,309.7987060546875,327879
2026-02-24 18:30:00+00:00,309.5768127441406,311.739990234375,309.010009765625,310.7049865722656,240556
2026-02-24 19:30:00+00:00,311.5752868652344,313.114990234375,309.6400146484375,309.75,398769
2026-02-24 20:30:00+00:00,312.5799865722656,312.95001220703125,311.0,311.4999084472656,406569
2026-02-25 14:30:00+00:00,318.7300109863281,322.8500061035156,312.6400146484375,313.05999755859375,846329
2026-02-25 15:30:00+00:00,322.1099853515625,323.55999755859375,318.2300109863281,318.6700134277344,391667
2026-02-25 16:30:00+00:00,324.010009765625,325.25,321.9501037597656,322.0899963378906,296256
2026-02-25 17:30:00+00:00,322.635009765625,324.805908203125,322.4200134277344,324.010009765625,269836
2026-02-25 18:30:00+00:00,326.0,326.25,322.1600036621094,322.4700012207031,259693
2026-02-25 19:30:00+00:00,325.79998779296875,327.6400146484375,325.1000061035156,326.05999755859375,268988
2026-02-25 20:30:00+00:00,325.94000244140625,327.45001220703125,325.42999267578125,326.0350036621094,485246
2026-02-26 14:30:00+00:00,311.260009765625,324.9194030761719,308.7099914550781,324.5350036621094,627088
2026-02-26 15:30:00+00:00,319.5849914550781,320.6000061035156,309.9549865722656,310.9049987792969,396369
2026-02-26 16:30:00+00:00,318.05999755859375,319.9800109863281,316.9800109863281,319.54998779296875,257858
2026-02-26 17:30:00+00:00,319.45001220703125,321.0299987792969,317.72601318359375,318.05999755859375,176761
2026-02-26 18:30:00+00:00,318.8999938964844,321.0199890136719,318.82000732421875,319.45001220703125,168570
2026-02-26 19:30:00+00:00,320.7799987792969,321.8599853515625,318.7568054199219,319.1000061035156,197599
2026-02-26 20:30:00+00:00,323.69000244140625,323.92999267578125,320.610107421875,320.8800048828125,342533
2026-02-27 14:30:00+00:00,326.7900085449219,326.8999938964844,318.6000061035156,319.2550048828125,280803
2026-02-27 15:30:00+00:00,327.4949951171875,328.510009765625,325.6600036621094,326.6700134277344,178060
2026-02-27 16:30:00+00:00,327.1400146484375,329.3500061035156,327.0,327.67999267578125,226395
2026-02-27 17:30:00+00:00,325.5,327.54998779296875,324.82000732421875,327.010009765625,257365
2026-02-27 18:30:00+00:00,326.625,327.9599914550781,325.1242980957031,325.5899963378906,111292
2026-02-27 19:30:00+00:00,327.239990234375,329.3699951171875,325.5356140136719,326.4100036621094,228474
2026-02-27 20:30:00+00:00,329.8500061035156,330.1449890136719,327.1000061035156,327.239990234375,509331
2026-03-02 14:30:00+00:00,326.1499938964844,333.79998779296875,320.7239990234375,321.94000244140625,476144
2026-03-02 15:30:00+00:00,329.25,332.80999755859375,325.2799987792969,326.010009765625,572947
2026-03-02 16:30:00+00:00,330.54998779296875,333.3800048828125,328.14599609375,329.2059020996094,0
2026-03-02 17:30:00+00:00,327.2950134277344,331.1499938964844,325.5299987792969,330.5299987792969,174505
2026-03-02 18:30:00+00:00,330.0,330.7749938964844,327.2774963378906,327.2950134277344,286472
2026-03-02 19:30:00+00:00,330.5249938964844,330.6199951171875,328.20001220703125,329.9949951171875,276302
2026-03-02 20:30:00+00:00,327.1400146484375,331.2099914550781,327.05999755859375,330.5199890136719,381734
2026-03-03 14:30:00+00:00,315.30999755859375,320.010009765625,309.1300048828125,313.0,1307158
2026-03-03 15:30:00+00:00,315.0400085449219,319.0,313.5150146484375,315.5,590144
2026-03-03 16:30:00+00:00,324.12200927734375,324.4200134277344,314.885009765625,315.25,414735
2026-03-03 17:30:00+00:00,323.2601013183594,324.5,320.7510070800781,324.1499938964844,292095
2026-03-03 18:30:00+00:00,324.8086853027344,325.3299865722656,322.9100036621094,323.2550048828125,307709
2026-03-03 19:30:00+00:00,327.6400146484375,328.3999938964844,324.1199951171875,324.79998779296875,405598
2026-03-03 20:30:00+00:00,324.9599914550781,327.96148681640625,324.0299987792969,327.7250061035156,513555
2026-03-04 14:30:00+00:00,325.8599853515625,326.4208068847656,318.0,322.50201416015625,466951
2026-03-04 15:30:00+00:00,321.55499267578125,326.3800048828125,319.1700134277344,325.9200134277344,311418
2026-03-04 16:30:00+00:00,324.0299987792969,325.1099853515625,321.1000061035156,321.42999267578125,193022
2026-03-04 17:30:00+00:00,322.3399963378906,324.8699951171875,321.82000732421875,323.9100036621094,201199
2026-03-04 18:30:00+00:00,324.20001220703125,324.3550109863281,322.20001220703125,322.32501220703125,195179
2026-03-04 19:30:00+00:00,322.625,325.2413024902344,322.5199890136719,324.19500732421875,212427
2026-03-04 20:30:00+00:00,322.760009765625,323.375,322.2099914550781,322.6199951171875,369103
2026-03-05 14:30:00+00:00,325.05999755859375,328.94000244140625,317.5899963378906,317.989990234375,463496
2026-03-05 15:30:00+00:00,324.44000244140625,328.3699951171875,322.32000732421875,324.92999267578125,303010
2026-03-05 16:30:00+00:00,326.0450134277344,328.3500061035156,323.4949951171875,324.57501220703125,226433
2026-03-05 17:30:00+00:00,327.25,328.7799987792969,322.67999267578125,325.94500732421875,289490
2026-03-05 18:30:00+00:00,328.2300109863281,329.82000732421875,326.4200134277344,327.25,326118
2026-03-05 19:30:00+00:00,329.4974060058594,330.1000061035156,326.42999267578125,328.19000244140625,235044
2026-03-05 20:30:00+00:00,332.0,332.3999938964844,329.1036071777344,329.3699951171875,508420
2026-03-06 14:30:00+00:00,330.3399963378906,331.5,324.9700012207031,327.04998779296875,391688
2026-03-06 15:30:00+00:00,322.4700012207031,330.6300048828125,321.4700012207031,330.3349914550781,347014
2026-03-06 16:30:00+00:00,321.6700134277344,325.0299987792969,321.45001220703125,322.3999938964844,228468
2026-03-06 17:30:00+00:00,323.1499938964844,324.4800109863281,320.7699890136719,321.4700012207031,151934
2026-03-06 18:30:00+00:00,324.68499755859375,324.9700012207031,322.4649963378906,323.1449890136719,170732
2026-03-06 19:30:00+00:00,318.0,325.1000061035156,317.68011474609375,324.6600036621094,420110
2026-03-06 20:30:00+00:00,319.1199951171875,320.92999267578125,317.5,317.92498779296875,508559
2026-03-09 13:30:00+00:00,312.94000244140625,314.5,309.0299987792969,312.3999938964844,571530
2026-03-09 14:30:00+00:00,316.94500732421875,317.45001220703125,312.760009765625,313.2200012207031,294655
2026-03-09 15:30:00+00:00,317.1499938964844,318.5133056640625,315.9599914550781,316.82501220703125,167159
2026-03-09 16:30:00+00:00,316.6700134277344,318.5,315.8399963378906,317.1549987792969,164583
2026-03-09 17:30:00+00:00,317.8299865722656,318.17999267578125,316.1700134277344,316.7099914550781,189131
2026-03-09 18:30:00+00:00,323.0,323.0950012207031,317.6700134277344,317.7699890136719,240703
2026-03-09 19:30:00+00:00,322.9599914550781,323.95001220703125,321.9800109863281,323.0,423037
2026-03-10 13:30:00+00:00,322.489990234375,324.82000732421875,320.29998779296875,322.7099914550781,368045
2026-03-10 14:30:00+00:00,324.42999267578125,326.0599060058594,322.6199951171875,322.6199951171875,230421
2026-03-10 15:30:00+00:00,323.07501220703125,324.9700012207031,322.8900146484375,324.0,204943
2026-03-10 16:30:00+00:00,322.75,323.8999938964844,322.19500732421875,323.1600036621094,184499
2026-03-10 17:30:00+00:00,318.6650085449219,323.05999755859375,318.2699890136719,322.8550109863281,361312
2026-03-10 18:30:00+00:00,318.20001220703125,319.3800048828125,317.44000244140625,318.6300048828125,314162
2026-03-10 19:30:00+00:00,317.0899963378906,318.2699890136719,316.69000244140625,318.1099853515625,315072
2026-03-11 13:30:00+00:00,304.2799987792969,316.92999267578125,301.5799865722656,316.92999267578125,781315
2026-03-11 14:30:00+00:00,302.2200012207031,306.8999938964844,298.8800048828125,304.1300048828125,633575
2026-03-11 15:30:00+00:00,301.9150085449219,303.29998779296875,298.5,302.2200012207031,478026
2026-03-11 16:30:00+00:00,301.4150085449219,305.1000061035156,299.8500061035156,301.94000244140625,437423
2026-03-11 17:30:00+00:00,299.6099853515625,302.0,298.25,301.3900146484375,385672
2026-03-11 18:30:00+00:00,299.6000061035156,301.7900085449219,299.3699951171875,299.7900085449219,416025
2026-03-11 19:30:00+00:00,300.6099853515625,301.5799865722656,299.2200012207031,299.6449890136719,748101
2026-03-12 13:30:00+00:00,303.5799865722656,305.2900085449219,295.0,297.0,381666
2026-03-12 14:30:00+00:00,307.67999267578125,308.0,300.8900146484375,303.5799865722656,376546
2026-03-12 15:30:00+00:00,306.6000061035156,308.2149963378906,305.6600036621094,307.6000061035156,295023
2026-03-12 16:30:00+00:00,306.6600036621094,309.2799987792969,306.32000732421875,306.6199951171875,278886
2026-03-12 17:30:00+00:00,304.3999938964844,307.57000732421875,303.92999267578125,306.9100036621094,171971
2026-03-12 18:30:00+00:00,302.7650146484375,304.54998779296875,300.8599853515625,304.3299865722656,176580
2026-03-12 19:30:00+00:00,301.6000061035156,303.3299865722656,301.260009765625,302.760009765625,318326
2026-03-13 13:30:00+00:00,304.9100036621094,308.79998779296875,303.32000732421875,303.32000732421875,220684
2026-03-13 14:30:00+00:00,300.8299865722656,305.1199035644531,298.875,304.9100036621094,167258
2026-03-13 15:30:00+00:00,301.2200012207031,304.4100036621094,300.5899963378906,300.9700012207031,232221
2026-03-13 16:30:00+00:00,301.5199890136719,303.2550048828125,300.8800048828125,301.239990234375,164799
2026-03-13 17:30:00+00:00,301.7950134277344,302.67999267578125,300.5299987792969,301.5199890136719,138275
2026-03-13 18:30:00+00:00,301.260009765625,303.7900085449219,301.0199890136719,301.7950134277344,189306
2026-03-13 19:30:00+00:00,301.6499938964844,302.4150085449219,300.75,301.2200012207031,257205
2026-03-16 13:30:00+00:00,305.95001220703125,307.5,303.010009765625,305.8699951171875,204406
2026-03-16 14:30:00+00:00,304.7049865722656,306.5299987792969,303.03009033203125,306.0150146484375,117561
2026-03-16 15:30:00+00:00,302.5400085449219,305.1000061035156,302.239990234375,304.7650146484375,101957
2026-03-16 16:30:00+00:00,301.864990234375,302.9599914550781,301.4200134277344,302.5400085449219,75237
2026-03-16 17:30:00+00:00,302.57000732421875,303.94000244140625,301.7200012207031,301.9800109863281,126023
2026-03-16 18:30:00+00:00,303.7099914550781,305.5299987792969,302.360107421875,302.8500061035156,204391
2026-03-16 19:30:00+00:00,305.6000061035156,305.79998779296875,303.3500061035156,303.69000244140625,214268
2026-03-17 13:30:00+00:00,307.20001220703125,310.30999755859375,305.5538024902344,307.9800109863281,275801
2026-03-17 14:30:00+00:00,307.4700012207031,311.0,305.9599914550781,307.2650146484375,198263
2026-03-17 15:30:00+00:00,308.6300048828125,309.3399963378906,306.2200012207031,307.5799865722656,108082
2026-03-17 16:30:00+00:00,308.5199890136719,309.3599853515625,307.57000732421875,308.67498779296875,82956
2026-03-17 17:30:00+00:00,306.29998779296875,308.6600036621094,306.0199890136719,308.4200134277344,127096
2026-03-17 18:30:00+00:00,308.30999755859375,308.9800109863281,306.31500244140625,306.31500244140625,129747
2026-03-17 19:30:00+00:00,307.69000244140625,308.67999267578125,307.385009765625,308.30999755859375,184670
2026-03-18 13:30:00+00:00,316.80999755859375,318.8900146484375,307.54998779296875,308.989990234375,291125
2026-03-18 14:30:00+00:00,319.29998779296875,322.2550048828125,315.6679992675781,316.875,184809
2026-03-18 15:30:00+00:00,319.04998779296875,320.29998779296875,316.8900146484375,319.1700134277344,346092
2026-03-18 16:30:00+00:00,321.1000061035156,322.0,318.1000061035156,319.114990234375,0
2026-03-18 17:30:00+00:00,321.7532043457031,321.94000244140625,319.3190002441406,320.9486083984375,102285
2026-03-18 18:30:00+00:00,319.9599914550781,322.6499938964844,319.20001220703125,321.8299865722656,181089
2026-03-18 19:30:00+00:00,317.2200012207031,320.75,316.9599914550781,320.2099914550781,306670
2026-03-19 13:30:00+00:00,311.3299865722656,316.6199951171875,306.70001220703125,313.94500732421875,311295
2026-03-19 14:30:00+00:00,309.20001220703125,313.54998779296875,308.5400085449219,311.3800048828125,195524
2026-03-19 15:30:00+00:00,309.2200012207031,312.1400146484375,308.07000732421875,309.20001220703125,179664
2026-03-19 16:30:00+00:00,309.375,310.30999755859375,308.1000061035156,309.0,103251
2026-03-19 17:30:00+00:00,313.06500244140625,313.4649963378906,308.7900085449219,309.5,109546
2026-03-19 18:30:00+00:00,317.489990234375,317.8500061035156,312.2200012207031,313.06500244140625,211686
2026-03-19 19:30:00+00:00,316.6199951171875,318.3756103515625,315.80999755859375,317.5799865722656,198503
2026-03-20 13:30:00+00:00,306.4366149902344,316.4700012207031,305.9700012207031,314.44000244140625,603225
2026-03-20 14:30:00+00:00,301.1300048828125,308.89990234375,300.70001220703125,306.4800109863281,347352
2026-03-20 15:30:00+00:00,298.760009765625,301.760009765625,297.25,301.114990234375,395994
2026-03-20 16:30:00+00:00,297.2250061035156,298.7799987792969,295.82000732421875,298.6600036621094,263732
2026-03-20 17:30:00+00:00,289.5199890136719,297.1960144042969,288.42999267578125,297.1960144042969,428881
2026-03-20 18:30:00+00:00,282.0350036621094,289.5899963378906,279.6123962402344,289.3299865722656,832398
2026-03-20 19:30:00+00:00,282.05999755859375,282.5,277.864990234375,282.0350036621094,1267801
2026-03-23 13:30:00+00:00,290.68499755859375,293.3800048828125,285.5101013183594,291.0,790687
2026-03-23 14:30:00+00:00,294.3599853515625,294.42999267578125,290.760009765625,290.7900085449219,262547
2026-03-23 15:30:00+00:00,288.1625061035156,294.6400146484375,288.0150146484375,294.42999267578125,252768
2026-03-23 16:30:00+00:00,289.4100036621094,290.6700134277344,288.20001220703125,288.32000732421875,186364
2026-03-23 17:30:00+00:00,291.8299865722656,292.42999267578125,289.29998779296875,289.29998779296875,247356
2026-03-23 18:30:00+00:00,291.6300048828125,292.95001220703125,291.1499938964844,291.8399963378906,197566
2026-03-23 19:30:00+00:00,289.9100036621094,291.8299865722656,289.739990234375,291.6600036621094,353392
2026-03-24 13:30:00+00:00,296.889892578125,297.0400085449219,286.44000244140625,286.44000244140625,267987
2026-03-24 14:30:00+00:00,298.55999755859375,298.79998779296875,294.3125,296.75,263131
2026-03-24 15:30:00+00:00,297.3500061035156,299.2590026855469,296.5945129394531,298.79998779296875,150293
2026-03-24 16:30:00+00:00,294.55499267578125,298.2300109863281,293.6900939941406,297.57000732421875,147690
2026-03-24 17:30:00+00:00,295.8399963378906,296.2300109863281,292.989990234375,294.510009765625,127521
2026-03-24 18:30:00+00:00,296.4949951171875,298.04998779296875,295.489990234375,295.8550109863281,191971
2026-03-24 19:30:00+00:00,294.8800048828125,296.92999267578125,294.114990234375,296.4949951171875,272889
2026-03-25 13:30:00+00:00,307.2200012207031,308.67999267578125,301.82000732421875,302.7699890136719,460748
2026-03-25 14:30:00+00:00,307.04998779296875,309.19000244140625,304.29998779296875,307.2200012207031,411784
2026-03-25 15:30:00+00:00,306.8299865722656,308.6300048828125,306.0,307.0199890136719,233784
2026-03-25 16:30:00+00:00,306.9200134277344,308.6499938964844,306.4599914550781,306.8299865722656,147900
2026-03-25 17:30:00+00:00,305.0899963378906,307.9549865722656,305.0,306.8500061035156,255479
2026-03-25 18:30:00+00:00,303.30999755859375,305.1600036621094,301.4800109863281,305.125,248919
2026-03-25 19:30:00+00:00,303.3699951171875,303.8599853515625,300.3299865722656,303.0799865722656,387457
2026-03-26 13:30:00+00:00,294.18499755859375,303.0,293.2699890136719,301.0,496623
2026-03-26 14:30:00+00:00,289.19000244140625,296.94500732421875,285.6700134277344,294.260009765625,626976
2026-03-26 15:30:00+00:00,295.0,295.45001220703125,288.0199890136719,289.19000244140625,353090
2026-03-26 16:30:00+00:00,293.8299865722656,296.6499938964844,293.0190124511719,294.8399963378906,209928
2026-03-26 17:30:00+00:00,293.75,295.4800109863281,292.79998779296875,293.8699951171875,156195
2026-03-26 18:30:00+00:00,294.68499755859375,295.3699951171875,293.4200134277344,293.81500244140625,180815
2026-03-26 19:30:00+00:00,295.1600036621094,296.9599914550781,294.2300109863281,294.6700134277344,590595
2026-03-27 13:30:00+00:00,304.8699951171875,305.2200012207031,295.9100036621094,295.9800109863281,513005
2026-03-27 14:30:00+00:00,304.5400085449219,305.5799865722656,300.4800109863281,305.07000732421875,305453
2026-03-27 15:30:00+00:00,305.3599853515625,306.8399963378906,304.42999267578125,304.54998779296875,207645
2026-03-27 16:30:00+00:00,302.95001220703125,305.6300048828125,302.8699951171875,305.29998779296875,133823
2026-03-27 17:30:00+00:00,301.3999938964844,303.94000244140625,300.8009948730469,302.9949951171875,198206
2026-03-27 18:30:00+00:00,301.19000244140625,302.239990234375,300.70001220703125,301.3999938964844,170011
2026-03-27 19:30:00+00:00,301.5299987792969,302.04998779296875,300.0400085449219,301.2650146484375,340972
2026-03-30 13:30:00+00:00,300.2909851074219,310.0,297.4150085449219,303.57000732421875,450656
2026-03-30 14:30:00+00:00,302.4849853515625,303.4200134277344,295.0,300.9200134277344,285236
2026-03-30 15:30:00+00:00,300.92498779296875,304.239990234375,300.32000732421875,302.7099914550781,203751
2026-03-30 16:30:00+00:00,298.45001220703125,302.6300048828125,298.44000244140625,300.8500061035156,208307
2026-03-30 17:30:00+00:00,298.2900085449219,300.3900146484375,296.8299865722656,298.614990234375,269664
2026-03-30 18:30:00+00:00,296.7699890136719,299.4549865722656,296.1600036621094,298.2699890136719,243996
2026-03-30 19:30:00+00:00,298.57000732421875,299.1499938964844,296.5799865722656,296.8999938964844,395275
2026-03-31 13:30:00+00:00,279.5050048828125,284.92498779296875,271.5,275.04998779296875,1639554
2026-03-31 14:30:00+00:00,275.2850036621094,279.4700012207031,270.8900146484375,279.4649963378906,691880
2026-03-31 15:30:00+00:00,276.0150146484375,277.489990234375,272.25,275.0,438229
2026-03-31 16:30:00+00:00,276.4100036621094,280.6600036621094,275.0,276.2900085449219,617478
2026-03-31 17:30:00+00:00,274.739990234375,277.0899963378906,274.0,276.27508544921875,482342
2026-03-31 18:30:00+00:00,276.5899963378906,276.8500061035156,274.3900146484375,274.6300048828125,587059
2026-03-31 19:30:00+00:00,279.0299987792969,280.04998779296875,276.16009521484375,276.4949951171875,865238
2026-04-01 13:30:00+00:00,281.94000244140625,284.659912109375,278.5,282.43798828125,668298
2026-04-01 14:30:00+00:00,278.55999755859375,283.1400146484375,277.8999938964844,281.94000244140625,450732
2026-04-01 15:30:00+00:00,283.8399963378906,286.70001220703125,277.29998779296875,278.5950012207031,645382
2026-04-01 16:30:00+00:00,283.5000915527344,285.3599853515625,282.7799987792969,283.8349914550781,204375
2026-04-01 17:30:00+00:00,281.67498779296875,284.0,281.2099914550781,283.6099853515625,240729
2026-04-01 18:30:00+00:00,280.6400146484375,282.114990234375,279.510009765625,281.54998779296875,289511
2026-04-01 19:30:00+00:00,279.4599914550781,281.6099853515625,279.4100036621094,280.7149963378906,424005
2026-04-02 13:30:00+00:00,271.3949890136719,274.3349914550781,264.739990234375,271.2200012207031,869222
2026-04-02 14:30:00+00:00,271.8450012207031,275.6400146484375,270.8900146484375,271.1600036621094,360810
2026-04-02 15:30:00+00:00,273.2900085449219,274.5299987792969,270.1300048828125,271.989990234375,290032
2026-04-02 16:30:00+00:00,273.3900146484375,274.2300109863281,271.82000732421875,273.2900085449219,256701
2026-04-02 17:30:00+00:00,271.989990234375,273.4649963378906,271.5400085449219,273.4649963378906,197079
2026-04-02 18:30:00+00:00,271.4649963378906,273.2099914550781,270.9700012207031,272.2598876953125,275656
2026-04-02 19:30:00+00:00,272.82000732421875,273.3399963378906,271.44500732421875,271.4649963378906,535870
2026-04-06 13:30:00+00:00,275.2200012207031,276.489990234375,272.4800109863281,272.92999267578125,392539
2026-04-06 14:30:00+00:00,273.8999938964844,276.3800048828125,273.80999755859375,275.17999267578125,258703
2026-04-06 15:30:00+00:00,275.2200012207031,275.3900146484375,273.3399963378906,273.95001220703125,250028
2026-04-06 16:30:00+00:00,275.7950134277344,276.1199951171875,274.30999755859375,275.1600036621094,189550
2026-04-06 17:30:00+00:00,277.1199951171875,277.3399963378906,274.42999267578125,275.7950134277344,174677
2026-04-06 18:30:00+00:00,276.92498779296875,277.7699890136719,276.29998779296875,277.2099914550781,215106
2026-04-06 19:30:00+00:00,275.1600036621094,277.44000244140625,274.7200012207031,276.92498779296875,507821
2026-04-07 13:30:00+00:00,271.8900146484375,275.6300048828125,270.6300048828125,273.9100036621094,427361
2026-04-07 14:30:00+00:00,269.30999755859375,272.1499938964844,267.7005920410156,271.81500244140625,271764
2026-04-07 15:30:00+00:00,270.0299987792969,271.64019775390625,268.69000244140625,269.31500244140625,240813
2026-04-07 16:30:00+00:00,268.010009765625,270.69000244140625,267.70001220703125,270.07000732421875,243699
2026-04-07 17:30:00+00:00,268.7900085449219,270.1199035644531,267.7300109863281,268.0299987792969,209301
2026-04-07 18:30:00+00:00,270.3599853515625,271.4100036621094,267.8800048828125,268.7850036621094,232214
2026-04-07 19:30:00+00:00,272.57000732421875,272.79998779296875,269.70001220703125,270.260009765625,359744
2026-04-08 13:30:00+00:00,284.9700012207031,287.87548828125,281.239990234375,283.44000244140625,519110
2026-04-08 14:30:00+00:00,284.1700134277344,285.4798889160156,282.510009765625,284.760009765625,294990
2026-04-08 15:30:00+00:00,283.3900146484375,285.7900085449219,282.9100036621094,284.3599853515625,215957
2026-04-08 16:30:00+00:00,282.489990234375,285.6499938964844,282.4100036621094,283.45001220703125,210080
2026-04-08 17:30:00+00:00,283.3500061035156,284.6700134277344,282.5,282.7449951171875,141686
2026-04-08 18:30:00+00:00,283.9100036621094,284.7300109863281,282.8599853515625,283.5,202272
2026-04-08 19:30:00+00:00,284.42999267578125,285.0,284.0,284.1050109863281,367137
2026-04-09 13:30:00+00:00,286.6000061035156,289.760009765625,284.4100036621094,284.75,383530
2026-04-09 14:30:00+00:00,291.7300109863281,291.7699890136719,286.0,286.7398986816406,308403
2026-04-09 15:30:00+00:00,291.8800048828125,293.5950012207031,291.6600036621094,291.7300109863281,247295
2026-04-09 16:30:00+00:00,290.1499938964844,292.4198913574219,289.4549865722656,291.75,194578
2026-04-09 17:30:00+00:00,287.80999755859375,290.70001220703125,287.1099853515625,290.2550048828125,253308
2026-04-09 18:30:00+00:00,282.80999755859375,287.80999755859375,282.0,287.80999755859375,483085
2026-04-09 19:30:00+00:00,280.1499938964844,283.989990234375,280.0299987792969,282.80999755859375,707287
2026-04-10 13:30:00+00:00,289.3900146484375,290.6099853515625,280.0028076171875,280.25,453297
2026-04-10 14:30:00+00:00,289.29998779296875,292.989990234375,288.7300109863281,289.5,386598
2026-04-10 15:30:00+00:00,288.4700012207031,291.0199890136719,288.0400085449219,289.3399963378906,344070
2026-04-10 16:30:00+00:00,286.6499938964844,288.82000732421875,285.95001220703125,288.6400146484375,182758
2026-04-10 17:30:00+00:00,285.010009765625,286.7099914550781,284.1700134277344,286.5,136735
2026-04-10 18:30:00+00:00,284.2749938964844,285.20001220703125,283.79998779296875,285.0199890136719,165464
2026-04-10 19:30:00+00:00,286.5,286.6400146484375,284.1700134277344,284.260009765625,313505
2026-04-13 13:30:00+00:00,282.19000244140625,291.6099853515625,281.5,284.0,499957
2026-04-13 14:30:00+00:00,284.114990234375,285.70001220703125,282.19000244140625,282.19000244140625,201225
2026-04-13 15:30:00+00:00,286.5799865722656,286.9299011230469,282.8900146484375,284.114990234375,262270
2026-04-13 16:30:00+00:00,290.364990234375,292.70001220703125,286.3999938964844,286.3999938964844,329404
2026-04-13 17:30:00+00:00,289.7550048828125,291.8800048828125,289.6099853515625,290.364990234375,235902
2026-04-13 18:30:00+00:00,291.7900085449219,292.6449890136719,289.7301025390625,289.7550048828125,276003
2026-04-13 19:30:00+00:00,291.739990234375,292.3999938964844,291.0899963378906,291.9200134277344,328304
2026-04-14 13:30:00+00:00,293.4599914550781,297.3999938964844,290.0,295.75,456325
2026-04-14 14:30:00+00:00,294.7200012207031,295.989990234375,292.70001220703125,293.1300048828125,332823
2026-04-14 15:30:00+00:00,297.2049865722656,297.29998779296875,294.4599914550781,294.7099914550781,234608
2026-04-14 16:30:00+00:00,294.70001220703125,297.17999267578125,294.1099853515625,297.17999267578125,178991
2026-04-14 17:30:00+00:00,294.8800048828125,295.510009765625,293.19000244140625,294.70001220703125,173179
2026-04-14 18:30:00+00:00,296.6700134277344,296.9100036621094,294.8550109863281,294.8550109863281,134154
2026-04-14 19:30:00+00:00,296.6099853515625,297.17999267578125,295.80999755859375,296.6700134277344,331003
2026-04-15 13:30:00+00:00,296.9599914550781,299.4100036621094,292.9649963378906,298.6289978027344,306940
2026-04-15 14:30:00+00:00,299.3699951171875,299.8599853515625,295.6300048828125,297.0899963378906,203130
2026-04-15 15:30:00+00:00,296.8500061035156,299.4100036621094,296.7900085449219,299.2699890136719,147098
2026-04-15 16:30:00+00:00,294.33990478515625,297.7099914550781,292.635009765625,296.9100036621094,259525
2026-04-15 17:30:00+00:00,295.6090087890625,295.70001220703125,293.4750061035156,294.2449951171875,119379
2026-04-15 18:30:00+00:00,294.7550048828125,295.7756042480469,293.9150085449219,295.57501220703125,172662
2026-04-15 19:30:00+00:00,294.75,295.07000732421875,293.489990234375,294.760009765625,305725
2026-04-16 13:30:00+00:00,300.6449890136719,301.9898986816406,295.8800048828125,296.0,546635
2026-04-16 14:30:00+00:00,302.9100036621094,304.17999267578125,300.260009765625,300.6449890136719,262314
2026-04-16 15:30:00+00:00,301.07000732421875,303.5249938964844,300.75,302.82501220703125,304447
2026-04-16 16:30:00+00:00,295.6300048828125,301.5199890136719,294.5,301.07000732421875,511196
2026-04-16 17:30:00+00:00,297.8399963378906,298.3550109863281,294.17498779296875,295.6199951171875,325174
2026-04-16 18:30:00+00:00,297.9700012207031,298.4700012207031,297.2550048828125,297.7300109863281,209373
2026-04-16 19:30:00+00:00,299.1700134277344,299.45989990234375,297.7900085449219,297.8699951171875,326563
2026-04-17 13:30:00+00:00,297.3399963378906,305.75,295.5,303.8500061035156,522978
2026-04-17 14:30:00+00:00,294.3500061035156,298.760009765625,293.4700012207031,297.6000061035156,280662
2026-04-17 15:30:00+00:00,294.67999267578125,294.8399963378906,291.6199951171875,294.2200012207031,237868
2026-04-17 16:30:00+00:00,294.75,295.9700012207031,294.3599853515625,294.6700134277344,180981
2026-04-17 17:30:00+00:00,296.06500244140625,296.3500061035156,294.1300048828125,294.95001220703125,139359
2026-04-17 18:30:00+00:00,295.364990234375,296.294189453125,294.92999267578125,296.06500244140625,144362
2026-04-17 19:30:00+00:00,296.1300048828125,296.29998779296875,294.7200012207031,295.45001220703125,274029
2026-04-20 13:30:00+00:00,290.8399963378906,296.45001220703125,289.60009765625,295.42999267578125,426445
2026-04-20 14:30:00+00:00,291.9700012207031,292.7799987792969,290.68499755859375,290.8900146484375,261454
2026-04-20 15:30:00+00:00,291.42181396484375,292.44989013671875,290.9700012207031,291.94000244140625,148883
2026-04-20 16:30:00+00:00,291.2300109863281,291.6199951171875,290.5,291.3550109863281,186204
2026-04-20 17:30:00+00:00,291.125,292.5,290.6499938964844,291.2300109863281,253214
2026-04-20 18:30:00+00:00,288.8110046386719,292.1700134277344,288.25,291.125,255364
2026-04-20 19:30:00+00:00,287.5299987792969,288.9549865722656,286.2699890136719,288.8800048828125,495060
2026-04-21 13:30:00+00:00,282.0849914550781,289.1199951171875,279.54998779296875,288.20001220703125,611451
2026-04-21 14:30:00+00:00,278.8900146484375,282.739990234375,277.239990234375,281.95001220703125,492725
2026-04-21 15:30:00+00:00,280.7101135253906,280.95001220703125,278.5199890136719,278.8500061035156,346664
2026-04-21 16:30:00+00:00,279.29998779296875,281.5899963378906,279.1099853515625,280.8699951171875,212956
2026-04-21 17:30:00+00:00,278.81500244140625,280.94000244140625,278.5,279.54998779296875,296913
2026-04-21 18:30:00+00:00,278.739990234375,279.17999267578125,277.0400085449219,279.0815124511719,357225
2026-04-21 19:30:00+00:00,277.7099914550781,278.83551025390625,276.8399963378906,278.6499938964844,530111
2026-04-22 13:30:00+00:00,283.69989013671875,286.82501220703125,282.3399963378906,282.34588623046875,591674
2026-04-22 14:30:00+00:00,286.6499938964844,287.260009765625,283.44000244140625,283.635009765625,474277
2026-04-22 15:30:00+00:00,287.0,289.077392578125,286.6199951171875,286.8699951171875,238919
2026-04-22 16:30:00+00:00,287.37359619140625,287.9549865722656,286.0,286.8500061035156,161726
2026-04-22 17:30:00+00:00,287.1650085449219,287.7298889160156,286.54998779296875,287.3500061035156,176298
2026-04-22 18:30:00+00:00,287.4649963378906,287.76251220703125,286.6700134277344,287.1700134277344,170571
2026-04-22 19:30:00+00:00,287.0199890136719,287.42999267578125,285.6300048828125,287.42999267578125,396085
2026-04-23 13:30:00+00:00,286.9639892578125,292.5357971191406,284.010009765625,289.4200134277344,446583
2026-04-23 14:30:00+00:00,292.2200012207031,292.4700012207031,286.8349914550781,287.260009765625,402363
2026-04-23 15:30:00+00:00,292.19000244140625,292.760009765625,291.5199890136719,292.18499755859375,232516
2026-04-23 16:30:00+00:00,290.8900146484375,293.70361328125,290.2355041503906,292.2049865722656,285234
2026-04-23 17:30:00+00:00,291.3699951171875,291.7699890136719,288.2900085449219,290.8399963378906,279527
2026-04-23 18:30:00+00:00,291.1549987792969,292.29998779296875,289.9800109863281,291.3399963378906,228105
2026-04-23 19:30:00+00:00,292.7699890136719,293.07000732421875,290.44000244140625,291.1549987792969,369115
2026-04-24 13:30:00+00:00,293.4549865722656,296.8772888183594,291.2099914550781,294.57501220703125,358391
2026-04-24 14:30:00+00:00,307.70001220703125,309.239990234375,292.92498779296875,293.5299987792969,714976
2026-04-24 15:30:00+00:00,309.7099914550781,311.34991455078125,306.989990234375,307.7799987792969,398899
2026-04-24 16:30:00+00:00,311.2799987792969,313.3299865722656,309.57000732421875,309.8999938964844,325930
2026-04-24 17:30:00+00:00,313.0400085449219,313.6000061035156,311.17999267578125,311.30999755859375,295963
2026-04-24 18:30:00+00:00,312.0199890136719,314.1700134277344,311.94000244140625,313.25,259091
2026-04-24 19:30:00+00:00,313.5199890136719,314.20001220703125,311.8900146484375,312.1549987792969,722786
2026-04-27 13:30:00+00:00,309.635009765625,318.29998779296875,304.1199951171875,318.29998779296875,634858
2026-04-27 14:30:00+00:00,312.0400085449219,313.0,309.4200134277344,309.5849914550781,225290
2026-04-27 15:30:00+00:00,312.82501220703125,313.489990234375,310.9649963378906,312.260009765625,154330
2026-04-27 16:30:00+00:00,315.8450012207031,316.3999938964844,312.87109375,312.87109375,200407
2026-04-27 17:30:00+00:00,315.1099853515625,317.2698974609375,314.41241455078125,315.9800109863281,194202
2026-04-27 18:30:00+00:00,315.4549865722656,315.739990234375,314.4599914550781,315.0799865722656,181472
2026-04-27 19:30:00+00:00,315.1400146484375,315.6099853515625,314.385009765625,315.4949951171875,306483
2026-04-28 13:30:00+00:00,310.0299987792969,314.260009765625,305.1199951171875,314.010009765625,418551
2026-04-28 14:30:00+00:00,308.0498962402344,310.75,307.30999755859375,310.2049865722656,250176
2026-04-28 15:30:00+00:00,306.6199951171875,309.1499938964844,305.6199951171875,307.989990234375,372789
2026-04-28 16:30:00+00:00,306.489990234375,307.0799865722656,305.9200134277344,306.6499938964844,154713
2026-04-28 17:30:00+00:00,307.3599853515625,307.4100036621094,304.8800048828125,306.54998779296875,248813
2026-04-28 18:30:00+00:00,306.79998779296875,308.510009765625,306.42999267578125,307.31500244140625,218257
2026-04-28 19:30:00+00:00,305.70001220703125,307.0400085449219,305.6499938964844,306.7799987792969,339239
2026-04-29 13:30:00+00:00,303.0400085449219,307.66650390625,301.3951110839844,306.6499938964844,295517
2026-04-29 14:30:00+00:00,301.9599914550781,304.6000061035156,299.7799987792969,303.0199890136719,237589
2026-04-29 15:30:00+00:00,300.19500732421875,301.8900146484375,298.489990234375,301.8900146484375,127650
2026-04-29 16:30:00+00:00,299.0899963378906,300.3599853515625,298.6099853515625,299.8999938964844,117591
2026-04-29 17:30:00+00:00,295.5000915527344,299.6148986816406,295.5000915527344,299.125,220846
2026-04-29 18:30:00+00:00,295.6099853515625,296.79998779296875,294.260009765625,295.7349853515625,333793
2026-04-29 19:30:00+00:00,297.0400085449219,297.3399963378906,294.73590087890625,295.5,967878
2026-04-30 13:30:00+00:00,308.2799987792969,309.25,301.0,301.8599853515625,416641
2026-04-30 14:30:00+00:00,311.0,311.3999938964844,307.8900146484375,308.0400085449219,288703
2026-04-30 15:30:00+00:00,312.05999755859375,312.5,310.364990234375,311.1449890136719,199615
2026-04-30 16:30:00+00:00,310.45001220703125,312.2300109863281,310.0,312.0,185454
2026-04-30 17:30:00+00:00,310.25,311.44000244140625,310.0,310.6600036621094,184106
2026-04-30 18:30:00+00:00,311.3800048828125,312.20001220703125,310.0849914550781,310.090087890625,201487
2026-04-30 19:30:00+00:00,313.0,313.489990234375,311.2300109863281,311.3699951171875,485172
2026-05-01 13:30:00+00:00,316.1549987792969,316.8699951171875,310.70001220703125,312.5050048828125,323096
2026-05-01 14:30:00+00:00,316.1099853515625,317.0,313.7699890136719,316.07501220703125,195505
2026-05-01 15:30:00+00:00,313.5299987792969,317.239990234375,313.4800109863281,316.3599853515625,173761
2026-05-01 16:30:00+00:00,314.010009765625,315.5,312.95001220703125,313.5199890136719,181228
2026-05-01 17:30:00+00:00,309.5,314.4649963378906,308.92999267578125,314.0,206878
2026-05-01 18:30:00+00:00,308.2300109863281,309.7850036621094,307.6199951171875,309.6199951171875,197065
2026-05-01 19:30:00+00:00,307.80999755859375,309.17498779296875,307.6499938964844,308.32000732421875,280147
2026-05-04 13:30:00+00:00,321.4330139160156,322.989990234375,308.7799987792969,308.7799987792969,513965
2026-05-04 14:30:00+00:00,321.2950134277344,325.4198913574219,320.6099853515625,321.0899963378906,324377
2026-05-04 15:30:00+00:00,319.4599914550781,321.8800048828125,317.3450012207031,321.3450012207031,255910
2026-05-04 16:30:00+00:00,320.57501220703125,320.6499938964844,317.4800109863281,319.5799865722656,177162
2026-05-04 17:30:00+00:00,320.30999755859375,320.7998962402344,319.2699890136719,320.739990234375,126245
2026-05-04 18:30:00+00:00,321.889892578125,321.989990234375,319.80999755859375,320.42999267578125,160894
2026-05-04 19:30:00+00:00,321.1600036621094,321.7850036621094,320.67498779296875,321.7300109863281,334647
2026-05-05 13:30:00+00:00,321.114990234375,324.989990234375,318.739990234375,323.82000732421875,485931
2026-05-05 14:30:00+00:00,322.1650085449219,322.2998962402344,318.5799865722656,321.0150146484375,233605
2026-05-05 15:30:00+00:00,323.3900146484375,324.3550109863281,321.6600036621094,322.0,159776
2026-05-05 16:30:00+00:00,324.20001220703125,324.45001220703125,323.30010986328125,323.4100036621094,138139
2026-05-05 17:30:00+00:00,322.20001220703125,324.2900085449219,321.32000732421875,324.1449890136719,137290
2026-05-05 18:30:00+00:00,321.42498779296875,322.4700012207031,320.6600036621094,322.30499267578125,139419
2026-05-05 19:30:00+00:00,320.489990234375,322.364990234375,320.32000732421875,321.3200988769531,271224
2026-05-06 13:30:00+00:00,314.4649963378906,322.4100036621094,314.18011474609375,320.4200134277344,495952
2026-05-06 14:30:00+00:00,317.0799865722656,318.5249938964844,314.010009765625,314.30999755859375,444994
2026-05-06 15:30:00+00:00,323.6000061035156,324.69000244140625,316.7699890136719,317.07000732421875,404420
2026-05-06 16:30:00+00:00,322.3599853515625,325.29998779296875,321.3349914550781,323.5050048828125,282515
2026-05-06 17:30:00+00:00,324.6199951171875,325.69000244140625,322.1499938964844,322.3599853515625,266624
2026-05-06 18:30:00+00:00,324.0400085449219,324.7699890136719,322.79998779296875,324.6199951171875,282974
2026-05-06 19:30:00+00:00,322.739990234375,324.4700012207031,322.6400146484375,324.1199951171875,348096
2026-05-07 13:30:00+00:00,321.7398986816406,328.79998779296875,317.7699890136719,323.5849914550781,479819
2026-05-07 14:30:00+00:00,317.8900146484375,323.5498962402344,316.8692932128906,321.5150146484375,293371
2026-05-07 15:30:00+00:00,315.8949890136719,318.8999938964844,314.32000732421875,317.7799987792969,245514
2026-05-07 16:30:00+00:00,313.3900146484375,316.8822021484375,313.0299987792969,315.9700012207031,208576
2026-05-07 17:30:00+00:00,312.3500061035156,315.2699890136719,312.17498779296875,313.4200134277344,187284
2026-05-07 18:30:00+00:00,312.1300048828125,313.760009765625,310.6582946777344,312.4800109863281,247145
2026-05-07 19:30:00+00:00,311.2900085449219,313.6600036621094,310.885009765625,312.239990234375,378789
2026-05-08 13:30:00+00:00,311.07000732421875,317.6499938964844,308.15008544921875,315.61248779296875,413766
2026-05-08 14:30:00+00:00,310.70001220703125,311.9800109863281,308.1000061035156,311.25,279204
2026-05-08 15:30:00+00:00,311.9100036621094,313.1000061035156,310.5299987792969,310.5299987792969,202425
2026-05-08 16:30:00+00:00,308.0299987792969,312.30999755859375,307.8299865722656,311.9100036621094,264415
2026-05-08 17:30:00+00:00,306.8500061035156,308.3399963378906,306.3200988769531,308.07000732421875,241538
2026-05-08 18:30:00+00:00,304.7300109863281,307.3799133300781,304.6499938964844,306.8500061035156,446654
2026-05-08 19:30:00+00:00,303.67999267578125,305.510009765625,301.760009765625,304.8599853515625,620733
2026-05-11 13:30:00+00:00,301.44000244140625,316.510009765625,291.29998779296875,315.1499938964844,1610436
2026-05-11 14:30:00+00:00,295.9881896972656,303.2349853515625,288.8299865722656,301.3299865722656,1149160
2026-05-11 15:30:00+00:00,296.9800109863281,300.0,295.67999267578125,295.9800109863281,666684
2026-05-11 16:30:00+00:00,296.0799865722656,298.3099060058594,294.2699890136719,297.07000732421875,458527
2026-05-11 17:30:00+00:00,297.3999938964844,300.614990234375,296.0199890136719,296.1650085449219,412212
2026-05-11 18:30:00+00:00,298.1199951171875,300.489990234375,296.739990234375,297.4849853515625,494184
2026-05-11 19:30:00+00:00,299.8699951171875,300.4898986816406,297.80999755859375,297.80999755859375,836570
2026-05-12 13:30:00+00:00,294.1400146484375,300.7099914550781,293.95001220703125,299.5,563675
2026-05-12 14:30:00+00:00,290.8500061035156,294.5899963378906,287.67999267578125,294.1400146484375,674481
2026-05-12 15:30:00+00:00,289.5950012207031,293.5,287.5390930175781,290.94000244140625,449851
2026-05-12 16:30:00+00:00,291.6700134277344,291.6700134277344,288.17999267578125,289.5899963378906,251699
2026-05-12 17:30:00+00:00,294.42999267578125,294.7699890136719,291.4700012207031,291.6600036621094,245914
2026-05-12 18:30:00+00:00,294.2300109863281,296.4985046386719,294.0201110839844,294.5899963378906,270781
2026-05-12 19:30:00+00:00,293.6099853515625,296.510009765625,292.6700134277344,294.3699951171875,812730
2026-05-13 13:30:00+00:00,271.2850036621094,292.0,268.9800109863281,289.1700134277344,1965641
2026-05-13 14:30:00+00:00,275.5899963378906,276.0,270.1199951171875,271.4700012207031,1065506
2026-05-13 15:30:00+00:00,275.75,276.81988525390625,274.260009765625,275.42999267578125,601539
2026-05-13 16:30:00+00:00,277.3399963378906,279.19000244140625,274.8999938964844,275.760009765625,863267
2026-05-13 17:30:00+00:00,275.80999755859375,277.5899963378906,275.1700134277344,277.3299865722656,495739
2026-05-13 18:30:00+00:00,275.30999755859375,277.1600036621094,274.1099853515625,275.7799987792969,424377
2026-05-13 19:30:00+00:00,274.8900146484375,276.5,274.6499938964844,275.29998779296875,623860
2026-05-14 13:30:00+00:00,276.5899963378906,278.6000061035156,274.30999755859375,275.0,844487
2026-05-14 14:30:00+00:00,276.75,277.8599853515625,275.31500244140625,276.5400085449219,288211
2026-05-14 15:30:00+00:00,275.5000915527344,277.29998779296875,275.3299865722656,276.9100036621094,349417
2026-05-14 16:30:00+00:00,275.5150146484375,276.04998779296875,273.79998779296875,275.6199951171875,431213
2026-05-14 17:30:00+00:00,276.0050048828125,277.2854919433594,274.9200134277344,275.510009765625,477055
2026-05-14 18:30:00+00:00,274.93499755859375,277.0,274.45001220703125,276.04998779296875,453107
2026-05-14 19:30:00+00:00,275.239990234375,276.4599914550781,274.9100036621094,274.93499755859375,440439
2026-05-15 13:30:00+00:00,268.67999267578125,273.19500732421875,267.6300048828125,270.6499938964844,789321
2026-05-15 14:30:00+00:00,268.70001220703125,269.8599853515625,268.3800048828125,268.7799987792969,414954
2026-05-15 15:30:00+00:00,269.8800048828125,269.8800048828125,267.760009765625,268.70001220703125,294349
2026-05-15 16:30:00+00:00,269.2650146484375,270.4800109863281,269.0849914550781,269.885009765625,174658
2026-05-15 17:30:00+00:00,269.739990234375,270.7799987792969,268.7699890136719,269.2650146484375,225239
2026-05-15 18:30:00+00:00,268.52508544921875,269.89990234375,268.2300109863281,269.75,290265
2026-05-15 19:30:00+00:00,267.25,268.6199951171875,266.57000732421875,268.6199951171875,622698
2026-05-18 13:30:00+00:00,264.55999755859375,267.8699951171875,261.57000732421875,266.1319885253906,866127
2026-05-18 14:30:00+00:00,260.25,264.57000732421875,260.17999267578125,264.4150085449219,375672
2026-05-18 15:30:00+00:00,260.17999267578125,261.5098876953125,259.57000732421875,260.260009765625,341102
2026-05-18 16:30:00+00:00,261.7699890136719,262.19989013671875,260.0899963378906,260.2200012207031,253312
2026-05-18 17:30:00+00:00,261.0320129394531,261.7799987792969,260.05999755859375,261.7699890136719,236577
2026-05-18 18:30:00+00:00,259.3699951171875,261.6099853515625,259.0199890136719,261.0799865722656,369486
2026-05-18 19:30:00+00:00,262.0799865722656,262.1600036621094,258.9100036621094,259.3999938964844,568709
2026-05-19 13:30:00+00:00,256.8800048828125,261.0199890136719,256.7099914550781,259.17498779296875,748101
2026-05-19 14:30:00+00:00,257.44500732421875,258.30999755859375,256.1000061035156,256.8800048828125,662945
2026-05-19 15:30:00+00:00,257.3299865722656,258.8800048828125,257.1000061035156,257.3299865722656,351689
2026-05-19 16:30:00+00:00,259.8800048828125,260.25,257.25,257.3299865722656,388158
2026-05-19 17:30:00+00:00,259.5,260.07000732421875,258.2099914550781,259.9100036621094,561723
2026-05-19 18:30:00+00:00,259.7650146484375,260.2699890136719,258.54998779296875,259.5,407324
2026-05-19 19:30:00+00:00,260.6700134277344,261.2099914550781,259.5899963378906,259.7650146484375,443086
2026-05-20 13:30:00+00:00,275.9549865722656,278.17999267578125,270.20001220703125,273.3900146484375,1174877
2026-05-20 14:30:00+00:00,276.4200134277344,277.7699890136719,274.239990234375,276.05999755859375,470251
2026-05-20 15:30:00+00:00,279.7879943847656,280.69000244140625,276.28009033203125,276.639892578125,479422
2026-05-20 16:30:00+00:00,280.7099914550781,281.5400085449219,278.90789794921875,279.885009765625,300933
2026-05-20 17:30:00+00:00,279.4599914550781,281.4399108886719,279.3800048828125,280.7049865722656,211950
2026-05-20 18:30:00+00:00,280.9849853515625,281.6600036621094,279.4400939941406,279.4800109863281,329355
2026-05-20 19:30:00+00:00,281.25,282.6000061035156,280.8699951171875,281.0199890136719,498855
2026-05-21 13:30:00+00:00,287.3002014160156,287.5,281.5299987792969,281.5299987792969,536200
2026-05-21 14:30:00+00:00,285.9549865722656,287.3800048828125,285.07000732421875,287.2049865722656,232192
2026-05-21 15:30:00+00:00,285.2900085449219,286.17999267578125,284.9100036621094,285.95001220703125,183898
2026-05-21 16:30:00+00:00,287.6400146484375,288.0683898925781,284.8999938964844,285.239990234375,240747
2026-05-21 17:30:00+00:00,286.79998779296875,287.8800048828125,286.0697021484375,287.6099853515625,187747
2026-05-21 18:30:00+00:00,286.5799865722656,287.5799865722656,285.80999755859375,286.7974853515625,203988
2026-05-21 19:30:00+00:00,285.7799987792969,286.8387145996094,285.1000061035156,286.5899963378906,346986
2026-05-22 13:30:00+00:00,291.4100036621094,292.0,286.9949951171875,287.2699890136719,522773
2026-05-22 14:30:00+00:00,295.8699951171875,295.8699951171875,290.7167053222656,291.2508850097656,470726
2026-05-22 15:30:00+00:00,296.0400085449219,296.8999938964844,295.1099853515625,295.7300109863281,355111
2026-05-22 16:30:00+00:00,296.0,296.8599853515625,294.6300048828125,295.9599914550781,234870
2026-05-22 17:30:00+00:00,293.6000061035156,296.0199890136719,293.04010009765625,296.0199890136719,223862
2026-05-22 18:30:00+00:00,293.3599853515625,293.6000061035156,292.5350036621094,293.4200134277344,238356
2026-05-22 19:30:00+00:00,294.0,294.5899963378906,293.0400085449219,293.3599853515625,357001
2026-05-26 13:30:00+00:00,309.318115234375,310.45001220703125,299.0801086425781,299.9200134277344,1005718
2026-05-26 14:30:00+00:00,303.5199890136719,310.3999938964844,303.5199890136719,309.32000732421875,516984
2026-05-26 15:30:00+00:00,305.1650085449219,305.8999938964844,303.010009765625,303.56500244140625,346885
2026-05-26 16:30:00+00:00,303.29998779296875,305.8500061035156,303.239990234375,305.1650085449219,194859
2026-05-26 17:30:00+00:00,304.17999267578125,304.9599914550781,303.25,303.25,173673
2026-05-26 18:30:00+00:00,303.5375061035156,304.59991455078125,302.82000732421875,304.1199951171875,243427
2026-05-26 19:30:00+00:00,301.4100036621094,303.9299011230469,301.2699890136719,303.6400146484375,599970
2026-05-27 13:30:00+00:00,289.781005859375,300.80999755859375,288.510009765625,300.6199951171875,810864
2026-05-27 14:30:00+00:00,289.70001220703125,290.9100036621094,287.5,289.8399963378906,356596
2026-05-27 15:30:00+00:00,290.1499938964844,290.9800109863281,287.2900085449219,289.635009765625,321518
2026-05-27 16:30:00+00:00,289.67999267578125,290.8599853515625,289.260009765625,290.1600036621094,246714
2026-05-27 17:30:00+00:00,288.0899963378906,289.6600036621094,287.42999267578125,289.6499938964844,238146
2026-05-27 18:30:00+00:00,288.0899963378906,288.80999755859375,286.69000244140625,288.2499084472656,299005
2026-05-27 19:30:00+00:00,288.67999267578125,289.8999938964844,288.1000061035156,288.1050109863281,470921
2026-05-28 13:30:00+00:00,285.5950012207031,285.9700012207031,281.1099853515625,285.2250061035156,598377
2026-05-28 14:30:00+00:00,287.3949890136719,287.4200134277344,285.2300109863281,285.5950012207031,265726
2026-05-28 15:30:00+00:00,287.8800048828125,289.8900146484375,287.1600036621094,287.5,234894
2026-05-28 16:30:00+00:00,286.4849853515625,288.29400634765625,286.29998779296875,287.7900085449219,163158
2026-05-28 17:30:00+00:00,286.04998779296875,286.8500061035156,286.0,286.52398681640625,163509
2026-05-28 18:30:00+00:00,285.7650146484375,286.375,285.0899963378906,286.04998779296875,251880
2026-05-28 19:30:00+00:00,286.3800048828125,286.4750061035156,285.42999267578125,285.7650146484375,306609
2026-05-29 13:30:00+00:00,285.6549987792969,290.8999938964844,284.7099914550781,286.5,426236
2026-05-29 14:30:00+00:00,288.2349853515625,289.0190124511719,284.6700134277344,285.6499938964844,209104
2026-05-29 15:30:00+00:00,287.04998779296875,289.0,287.010009765625,288.2200012207031,126924
2026-05-29 16:30:00+00:00,287.7300109863281,288.2298889160156,287.05010986328125,287.19000244140625,141770
2026-05-29 17:30:00+00:00,286.6000061035156,288.1400146484375,286.55999755859375,287.5,126330
2026-05-29 18:30:00+00:00,287.32000732421875,287.385009765625,286.340087890625,286.73748779296875,160267
2026-05-29 19:30:00+00:00,287.69000244140625,287.8299865722656,285.8599853515625,287.2601013183594,261620
2026-06-01 13:30:00+00:00,268.739990234375,278.6099853515625,264.2099914550781,275.0,4120510
2026-06-01 14:30:00+00:00,271.0,272.239990234375,268.6575012207031,268.739990234375,816959
2026-06-01 15:30:00+00:00,272.260009765625,272.79998779296875,269.5,270.9150085449219,816533
2026-06-01 16:30:00+00:00,271.739990234375,273.0199890136719,269.8299865722656,272.20001220703125,679880
2026-06-01 17:30:00+00:00,266.7200012207031,271.9798889160156,266.510009765625,271.4800109863281,825436
2026-06-01 18:30:00+00:00,267.4849853515625,268.6700134277344,265.4800109863281,266.7300109863281,1437602
2026-06-01 19:30:00+00:00,265.69000244140625,269.3399963378906,265.2900085449219,267.4849853515625,1523794
2026-06-02 13:30:00+00:00,265.9200134277344,271.79998779296875,260.29998779296875,266.44000244140625,1777178
2026-06-02 14:30:00+00:00,272.7699890136719,273.32000732421875,265.5899963378906,266.0299987792969,1093083
2026-06-02 15:30:00+00:00,272.69000244140625,274.5,272.0007019042969,272.7799987792969,642478
2026-06-02 16:30:00+00:00,274.0,274.67999267578125,272.42999267578125,272.56500244140625,421739
2026-06-02 17:30:00+00:00,274.4649963378906,275.0,273.260009765625,274.010009765625,564689
2026-06-02 18:30:00+00:00,272.6199951171875,275.0,272.5199890136719,274.4800109863281,487402
2026-06-02 19:30:00+00:00,272.6600036621094,273.32000732421875,271.80999755859375,272.70001220703125,691882
2026-06-03 13:30:00+00:00,268.1000061035156,274.5,266.6000061035156,272.97119140625,921497
2026-06-03 14:30:00+00:00,268.82501220703125,270.27630615234375,267.6099853515625,268.1449890136719,504455
2026-06-03 15:30:00+00:00,266.3399963378906,269.3399963378906,265.75,268.8949890136719,417806
2026-06-03 16:30:00+00:00,265.7850036621094,266.8999938964844,265.3999938964844,266.4071960449219,399025
2026-06-03 17:30:00+00:00,265.6400146484375,266.5299987792969,265.2300109863281,265.8699951171875,261897
2026-06-03 18:30:00+00:00,265.6400146484375,266.9798889160156,265.5400085449219,265.5400085449219,342534
2026-06-03 19:30:00+00:00,267.29998779296875,267.75,265.44000244140625,265.7099914550781,582882
2026-06-04 13:30:00+00:00,262.67999267578125,268.55999755859375,262.0,267.8999938964844,609864
2026-06-04 14:30:00+00:00,263.0,263.9985046386719,261.2099914550781,262.7900085449219,431687
2026-06-04 15:30:00+00:00,263.9100036621094,264.70001220703125,262.55999755859375,262.989990234375,276687
2026-06-04 16:30:00+00:00,264.260009765625,264.8500061035156,263.75,263.989990234375,269027
2026-06-04 17:30:00+00:00,262.7699890136719,264.2799987792969,262.3599853515625,264.19500732421875,272671
2026-06-04 18:30:00+00:00,265.17498779296875,266.010009765625,262.7699890136719,262.7699890136719,297370
2026-06-04 19:30:00+00:00,264.7300109863281,267.239990234375,264.3500061035156,265.17498779296875,484136
2026-06-05 13:30:00+00:00,258.4849853515625,261.864990234375,257.0899963378906,260.4519958496094,792509
2026-06-05 14:30:00+00:00,258.20001220703125,259.9938049316406,257.2300109863281,258.4649963378906,454881
2026-06-05 15:30:00+00:00,256.6700134277344,258.4200134277344,256.57000732421875,258.20001220703125,448336
2026-06-05 16:30:00+00:00,256.3699951171875,257.2099914550781,256.1499938964844,256.6199951171875,388931
2026-06-05 17:30:00+00:00,256.1400146484375,257.0400085449219,255.9600067138672,256.31500244140625,317362
2026-06-05 18:30:00+00:00,254.3300018310547,256.2900085449219,253.83999633789062,256.160400390625,502956
2026-06-05 19:30:00+00:00,254.88999938964844,255.50999450683594,253.67999267578125,254.27499389648438,655101
2026-06-08 13:30:00+00:00,253.5749969482422,256.05999755859375,250.13999938964844,255.8300018310547,746944
2026-06-08 14:30:00+00:00,254.2100067138672,254.9853057861328,253.47000122070312,253.69900512695312,529401
2026-06-08 15:30:00+00:00,252.61000061035156,255.94000244140625,252.50999450683594,254.30999755859375,370571
2026-06-08 16:30:00+00:00,252.0800018310547,252.72000122070312,251.49000549316406,252.61000061035156,267977
2026-06-08 17:30:00+00:00,253.08999633789062,253.5050048828125,251.4199981689453,252.13999938964844,296504
2026-06-08 18:30:00+00:00,252.2449951171875,253.5886993408203,252.10009765625,253.19000244140625,301076
2026-06-08 19:30:00+00:00,250.63499450683594,252.52000427246094,250.5,252.2899932861328,573103
2026-06-09 13:30:00+00:00,251.1300048828125,256.46990966796875,250.59500122070312,252.65499877929688,469601
2026-06-09 14:30:00+00:00,247.8350067138672,252.2899932861328,247.6800994873047,251.2899932861328,484280
2026-06-09 15:30:00+00:00,247.94000244140625,249.69970703125,247.1999969482422,247.89999389648438,427047
2026-06-09 16:30:00+00:00,248.16000366210938,248.4600067138672,245.49000549316406,247.83999633789062,407648
2026-06-09 17:30:00+00:00,251.07009887695312,251.35499572753906,247.5,248.24000549316406,341793
2026-06-09 18:30:00+00:00,250.6199951171875,251.60000610351562,249.88999938964844,251.13499450683594,368143
2026-06-09 19:30:00+00:00,251.61000061035156,252.24000549316406,250.5500030517578,250.61500549316406,381839
2026-06-10 13:30:00+00:00,244.67999267578125,250.54220581054688,243.30999755859375,250.4615936279297,868289
2026-06-10 14:30:00+00:00,242.3000946044922,245.26499938964844,240.50999450683594,244.69000244140625,801081
2026-06-10 15:30:00+00:00,243.5449981689453,244.61709594726562,241.91000366210938,242.2899932861328,379489
2026-06-10 16:30:00+00:00,243.81500244140625,244.44000244140625,243.0,243.63999938964844,237632
2026-06-10 17:30:00+00:00,244.14999389648438,244.57000732421875,242.75,243.80999755859375,375415
2026-06-10 18:30:00+00:00,241.7949981689453,244.14999389648438,241.7899932861328,244.14999389648438,403058
2026-06-10 19:30:00+00:00,242.16000366210938,242.89999389648438,241.74000549316406,241.8699951171875,526060
2026-06-11 13:30:00+00:00,246.85000610351562,248.14990234375,242.97000122070312,244.97500610351562,659095
2026-06-11 14:30:00+00:00,246.3800048828125,248.22000122070312,245.97000122070312,246.84500122070312,489120
2026-06-11 15:30:00+00:00,244.97999572753906,246.35000610351562,244.82000732421875,246.31500244140625,551278
2026-06-11 16:30:00+00:00,245.71499633789062,245.7899932861328,242.89999389648438,244.97999572753906,414484
2026-06-11 17:30:00+00:00,245.50999450683594,246.6699981689453,244.8000030517578,245.6699981689453,774780
2026-06-11 18:30:00+00:00,247.24000549316406,247.52499389648438,245.6199951171875,245.66000366210938,709930
2026-06-11 19:30:00+00:00,246.63999938964844,248.30999755859375,246.0,247.1699981689453,798473
2026-06-12 13:30:00+00:00,250.92999267578125,255.10000610351562,247.65130615234375,249.8300018310547,719752
2026-06-12 14:30:00+00:00,248.6199951171875,251.4499969482422,248.360107421875,250.83999633789062,460692
2026-06-12 15:30:00+00:00,251.24000549316406,251.27000427246094,247.80999755859375,248.6199951171875,463482
2026-06-12 16:30:00+00:00,253.08999633789062,254.11000061035156,251.00999450683594,251.125,296450
2026-06-12 17:30:00+00:00,253.27999877929688,253.5,251.74000549316406,253.13999938964844,268790
2026-06-12 18:30:00+00:00,253.71499633789062,254.52000427246094,252.82000732421875,253.32000732421875,342871
2026-06-12 19:30:00+00:00,253.7100067138672,254.11000061035156,252.1300048828125,253.72000122070312,474452
2026-06-15 13:30:00+00:00,263.30999755859375,263.30999755859375,256.1199951171875,260.2200012207031,946610
2026-06-15 14:30:00+00:00,264.2699890136719,264.8999938964844,262.2200012207031,263.3800048828125,513231
2026-06-15 15:30:00+00:00,263.1050109863281,264.6199951171875,262.6300048828125,264.2749938964844,360524
2026-06-15 16:30:00+00:00,263.8949890136719,263.989990234375,262.17498779296875,263.07000732421875,213257
2026-06-15 17:30:00+00:00,262.8399963378906,263.989990234375,262.32000732421875,263.8949890136719,235859
2026-06-15 18:30:00+00:00,263.7799987792969,264.3399963378906,262.375,262.79998779296875,277459
2026-06-15 19:30:00+00:00,262.3599853515625,264.32000732421875,262.05999755859375,263.7900085449219,453806
2026-06-16 13:30:00+00:00,270.3299865722656,272.4200134277344,262.0,262.5,933287
2026-06-16 14:30:00+00:00,269.0899963378906,270.9949951171875,268.75,270.3399963378906,462541
2026-06-16 15:30:00+00:00,270.0299987792969,270.1825866699219,268.4714050292969,269.20001220703125,269310
2026-06-16 16:30:00+00:00,269.60009765625,271.8500061035156,269.3900146484375,269.95001220703125,287285
2026-06-16 17:30:00+00:00,269.69500732421875,270.55999755859375,269.260009765625,269.68499755859375,406673
2026-06-16 18:30:00+00:00,268.9049987792969,269.8399963378906,268.3999938964844,269.67498779296875,372625
2026-06-16 19:30:00+00:00,268.0299987792969,269.0299987792969,267.6499938964844,268.9049987792969,481292
2026-06-17 13:30:00+00:00,270.70001220703125,271.6799011230469,265.25,267.3699951171875,446985
2026-06-17 14:30:00+00:00,271.760009765625,272.2200012207031,269.4400939941406,270.7749938964844,276007
2026-06-17 15:30:00+00:00,271.2950134277344,272.04998779296875,269.8299865722656,271.7699890136719,296882
2026-06-17 16:30:00+00:00,270.3800048828125,272.1000061035156,270.0199890136719,271.29998779296875,328974
2026-06-17 17:30:00+00:00,268.32000732421875,271.3599853515625,268.18011474609375,270.3699951171875,346678
2026-06-17 18:30:00+00:00,266.5799865722656,270.75,266.3900146484375,268.4150085449219,484745
2026-06-17 19:30:00+00:00,267.2300109863281,267.510009765625,264.7099914550781,266.5799865722656,597692
2026-06-18 13:30:00+00:00,273.8800048828125,275.4200134277344,268.0,268.59600830078125,1502220
2026-06-18 14:30:00+00:00,276.3699951171875,279.9200134277344,272.8500061035156,273.8900146484375,810784
2026-06-18 15:30:00+00:00,281.5,282.7699890136719,275.1600036621094,276.4949951171875,648923
2026-06-18 16:30:00+00:00,277.6000061035156,281.5,276.2799987792969,281.4602966308594,466399
2026-06-18 17:30:00+00:00,275.6199951171875,278.7998962402344,275.3299865722656,277.5849914550781,385451
2026-06-18 18:30:00+00:00,274.6300048828125,276.6700134277344,273.57000732421875,275.62701416015625,391136
2026-06-18 19:30:00+00:00,274.0799865722656,275.7300109863281,273.92999267578125,274.69500732421875,604992
2026-06-22 13:30:00+00:00,274.3699951171875,279.739990234375,272.8999938964844,275.4700012207031,596771
2026-06-22 14:30:00+00:00,275.3949890136719,275.79998779296875,272.3800048828125,274.2900085449219,334373
2026-06-22 15:30:00+00:00,273.80999755859375,275.5899963378906,272.1099853515625,275.5,219794
2026-06-22 16:30:00+00:00,275.7850036621094,275.92999267578125,273.3500061035156,273.80999755859375,182166
2026-06-22 17:30:00+00:00,276.6050109863281,278.42498779296875,275.42999267578125,275.8699951171875,253357
2026-06-22 18:30:00+00:00,275.1199951171875,276.7699890136719,275.1199951171875,276.6099853515625,234599
2026-06-22 19:30:00+00:00,275.4599914550781,275.8900146484375,274.1000061035156,275.17999267578125,318436
2026-06-23 13:30:00+00:00,273.8699951171875,274.989990234375,267.5,268.4049987792969,767925
2026-06-23 14:30:00+00:00,273.44000244140625,274.8900146484375,272.6600036621094,273.989990234375,245691
2026-06-23 15:30:00+00:00,274.92999267578125,275.29998779296875,273.5050048828125,273.6299133300781,295998
2026-06-23 16:30:00+00:00,274.37030029296875,275.3999938964844,273.69500732421875,274.92999267578125,244121
2026-06-23 17:30:00+00:00,273.1400146484375,275.1650085449219,273.1400146484375,274.135009765625,253125
2026-06-23 18:30:00+00:00,271.42999267578125,273.1199951171875,271.0,273.05999755859375,343512
2026-06-23 19:30:00+00:00,270.25,271.5899963378906,270.2300109863281,271.4700012207031,482901
2026-06-24 13:30:00+00:00,270.3599853515625,273.0,268.3900146484375,272.2200012207031,376174
2026-06-24 14:30:00+00:00,273.31500244140625,273.5199890136719,270.1300048828125,270.5,369770
2026-06-24 15:30:00+00:00,271.75,274.0199890136719,271.3999938964844,273.31500244140625,209648
2026-06-24 16:30:00+00:00,268.2049865722656,272.3299865722656,267.8999938964844,271.7900085449219,182533
2026-06-24 17:30:00+00:00,269.4122009277344,269.6050109863281,267.17999267578125,268.19500732421875,271093
2026-06-24 18:30:00+00:00,266.3999938964844,269.30999755859375,266.340087890625,269.2799987792969,360970
2026-06-24 19:30:00+00:00,267.9700012207031,268.5400085449219,266.3999938964844,266.4075012207031,331129
2026-06-25 13:30:00+00:00,274.6400146484375,275.81280517578125,268.875,270.0,871831
2026-06-25 14:30:00+00:00,270.5325012207031,275.7799987792969,269.79998779296875,274.3699951171875,326909
2026-06-25 15:30:00+00:00,270.9750061035156,271.989990234375,268.8999938964844,270.4200134277344,224642
2026-06-25 16:30:00+00:00,270.8299865722656,272.1400146484375,270.20001220703125,271.2398986816406,196925
2026-06-25 17:30:00+00:00,270.9700012207031,272.5,269.7950134277344,270.8800048828125,216472
2026-06-25 18:30:00+00:00,269.17999267578125,271.25,269.0799865722656,270.9700012207031,226210
2026-06-25 19:30:00+00:00,268.7099914550781,269.8699951171875,268.25,269.1400146484375,485007
2026-06-26 13:30:00+00:00,264.7099914550781,269.45001220703125,262.3599853515625,264.66400146484375,564280
2026-06-26 14:30:00+00:00,263.7149963378906,265.1499938964844,262.7799987792969,264.7025146484375,337756
2026-06-26 15:30:00+00:00,264.489990234375,265.96990966796875,263.239990234375,263.7149963378906,286170
2026-06-26 16:30:00+00:00,263.44000244140625,265.39990234375,263.260009765625,264.5899963378906,227820
2026-06-26 17:30:00+00:00,261.715087890625,264.0,261.510009765625,263.4200134277344,363857
2026-06-26 18:30:00+00:00,261.7349853515625,262.3399963378906,260.2799987792969,261.7799987792969,304911
2026-06-26 19:30:00+00:00,263.80999755859375,265.1499938964844,261.25,261.7250061035156,620794
2026-06-29 13:30:00+00:00,259.6000061035156,268.54998779296875,259.0,264.6400146484375,519790
2026-06-29 14:30:00+00:00,259.0736083984375,260.3799133300781,257.989990234375,259.5150146484375,359779
2026-06-29 15:30:00+00:00,260.30999755859375,260.3699951171875,258.25,259.0299987792969,311698
2026-06-29 16:30:00+00:00,260.1600036621094,260.5199890136719,259.1400146484375,260.30999755859375,222785
2026-06-29 17:30:00+00:00,260.5,260.6700134277344,259.5,260.08099365234375,237374
2026-06-29 18:30:00+00:00,259.8999938964844,261.4200134277344,259.8299865722656,260.42999267578125,319215
2026-06-29 19:30:00+00:00,259.2900085449219,260.0799865722656,259.0799865722656,259.79998779296875,453322
2026-06-30 13:30:00+00:00,255.6999969482422,260.2900085449219,251.4199981689453,256.81201171875,699739
2026-06-30 14:30:00+00:00,254.28990173339844,256.55999755859375,253.1300048828125,255.70750427246094,468317
2026-06-30 15:30:00+00:00,253.72000122070312,254.57000732421875,252.33999633789062,254.16000366210938,400052
2026-06-30 16:30:00+00:00,253.03500366210938,254.39999389648438,252.16000366210938,253.72000122070312,465165
2026-06-30 17:30:00+00:00,250.7899932861328,253.0850067138672,250.11000061035156,253.0800018310547,574271
2026-06-30 18:30:00+00:00,247.00999450683594,251.02999877929688,246.60000610351562,250.7899932861328,631056
2026-06-30 19:30:00+00:00,248.32000732421875,248.83999633789062,245.8800048828125,247.1199951171875,933503
2026-07-01 13:30:00+00:00,236.41000366210938,248.0,235.5399932861328,246.8699951171875,1792556
2026-07-01 14:30:00+00:00,233.47000122070312,236.55999755859375,228.64999389648438,236.41000366210938,1836878
2026-07-01 15:30:00+00:00,234.16000366210938,235.3699951171875,233.00999450683594,233.4700927734375,750055
2026-07-01 16:30:00+00:00,232.4199981689453,234.11500549316406,232.3000030517578,234.11500549316406,569077
2026-07-01 17:30:00+00:00,232.72500610351562,235.1750030517578,232.25010681152344,232.35000610351562,628572
2026-07-01 18:30:00+00:00,232.07000732421875,233.71800231933594,231.8000030517578,232.6300048828125,616540
2026-07-01 19:30:00+00:00,236.44000244140625,236.63999938964844,231.8000030517578,232.02000427246094,1268135
2026-07-02 13:30:00+00:00,241.6750030517578,244.09410095214844,236.6826934814453,238.0,821365
2026-07-02 14:30:00+00:00,239.2449951171875,243.49000549316406,238.19000244140625,241.53469848632812,600111
2026-07-02 15:30:00+00:00,237.69000244140625,240.38999938964844,236.72999572753906,239.32000732421875,498289
2026-07-02 16:30:00+00:00,238.49000549316406,239.74000549316406,237.3000030517578,237.55999755859375,336629
2026-07-02 17:30:00+00:00,239.10000610351562,239.94000244140625,237.17999267578125,238.53500366210938,380104
2026-07-02 18:30:00+00:00,239.16000366210938,240.58999633789062,238.31500244140625,239.16000366210938,357685
2026-07-02 19:30:00+00:00,239.1699981689453,240.55999755859375,238.84500122070312,239.0850067138672,625080
2026-07-06 13:30:00+00:00,243.4499969482422,246.77999877929688,241.1999969482422,241.39999389648438,636807
2026-07-06 14:30:00+00:00,242.7899932861328,243.97999572753906,241.6300048828125,243.47999572753906,312573
2026-07-06 15:30:00+00:00,243.71499633789062,244.3300018310547,242.59410095214844,242.8000030517578,243982
2026-07-06 16:30:00+00:00,243.82000732421875,244.61000061035156,242.69500732421875,243.63999938964844,234585
2026-07-06 17:30:00+00:00,246.30999755859375,246.6699981689453,243.30999755859375,243.9149932861328,377421
2026-07-06 18:30:00+00:00,245.64999389648438,247.39999389648438,245.44000244140625,246.38999938964844,318935
2026-07-06 19:30:00+00:00,245.92999267578125,246.47999572753906,244.7949981689453,245.70399475097656,456525
2026-07-07 13:30:00+00:00,241.52000427246094,245.5500030517578,240.4199981689453,243.3800048828125,681802
2026-07-07 14:30:00+00:00,240.55999755859375,242.67999267578125,239.8800048828125,241.52499389648438,570201
2026-07-07 15:30:00+00:00,241.35000610351562,241.35000610351562,239.6300048828125,240.5800018310547,468037
2026-07-07 16:30:00+00:00,241.0050048828125,242.0,240.38499450683594,241.27499389648438,352784
2026-07-07 17:30:00+00:00,239.39999389648438,241.34820556640625,239.00999450683594,240.99000549316406,287615
2026-07-07 18:30:00+00:00,238.94000244140625,239.72000122070312,238.4600067138672,239.47999572753906,477284
2026-07-07 19:30:00+00:00,239.64999389648438,240.85000610351562,238.85000610351562,238.94500732421875,346984
2026-07-08 13:30:00+00:00,242.17999267578125,243.39999389648438,236.55999755859375,238.5,465376
2026-07-08 14:30:00+00:00,240.52499389648438,243.0,240.52499389648438,242.13999938964844,257191
2026-07-08 15:30:00+00:00,240.7550048828125,241.1699981689453,239.60000610351562,240.50999450683594,308663
2026-07-08 16:30:00+00:00,241.4199981689453,242.30780029296875,239.8000030517578,240.6999969482422,294179
2026-07-08 17:30:00+00:00,241.5500030517578,241.8249969482422,240.80499267578125,241.41409301757812,279807
2026-07-08 18:30:00+00:00,242.72000122070312,243.19500732421875,241.6999969482422,241.72999572753906,233914
2026-07-08 19:30:00+00:00,244.49000549316406,244.80999755859375,242.67999267578125,242.7449951171875,411247
2026-07-09 13:30:00+00:00,247.2899932861328,249.99000549316406,246.39999389648438,247.99000549316406,511186
2026-07-09 14:30:00+00:00,248.33999633789062,248.4600067138672,245.74000549316406,247.3699951171875,261463
2026-07-09 15:30:00+00:00,249.92999267578125,249.92999267578125,247.57000732421875,248.375,291605
2026-07-09 16:30:00+00:00,249.78500366210938,250.97999572753906,249.6999969482422,249.86000061035156,284855
2026-07-09 17:30:00+00:00,250.72000122070312,250.8699951171875,249.4499969482422,249.7899932861328,213133
2026-07-09 18:30:00+00:00,250.97999572753906,251.6300048828125,250.02000427246094,250.60499572753906,307309
2026-07-09 19:30:00+00:00,250.69000244140625,251.43499755859375,250.42999267578125,251.0500030517578,347363
2026-07-10 13:30:00+00:00,250.49000549316406,252.36990356445312,249.52049255371094,250.32000732421875,320268
2026-07-10 14:30:00+00:00,251.05999755859375,252.66160583496094,249.0500030517578,250.52999877929688,202625
2026-07-10 15:30:00+00:00,250.4550018310547,252.69000244140625,250.22000122070312,251.03500366210938,290999
2026-07-10 16:30:00+00:00,250.63999938964844,251.35000610351562,250.0,250.4499969482422,123792
2026-07-10 17:30:00+00:00,250.8800048828125,251.67779541015625,250.0500030517578,250.7449951171875,183327
2026-07-10 18:30:00+00:00,251.60000610351562,252.7100067138672,250.75210571289062,250.8800048828125,307990
2026-07-10 19:30:00+00:00,251.3800048828125,252.00999450683594,251.14999389648438,251.69000244140625,284373
2026-07-13 13:30:00+00:00,255.85000610351562,257.1099853515625,250.99000549316406,251.34280395507812,570364
2026-07-13 14:30:00+00:00,254.69000244140625,256.1000061035156,253.3800048828125,255.99989318847656,250267
2026-07-13 15:30:00+00:00,255.6699981689453,256.05999755859375,254.2436065673828,254.69000244140625,275638
2026-07-13 16:30:00+00:00,256.3999938964844,256.8399963378906,255.42999267578125,255.6999969482422,270467
2026-07-13 17:30:00+00:00,255.60000610351562,256.7200012207031,254.97999572753906,256.3500061035156,318597
2026-07-13 18:30:00+00:00,256.9200134277344,257.30499267578125,255.52999877929688,255.60000610351562,301461
2026-07-13 19:30:00+00:00,257.42999267578125,257.5849914550781,256.6499938964844,256.9068908691406,334167
2026-07-14 13:30:00+00:00,264.3699951171875,266.0,260.5299987792969,261.99798583984375,732447
2026-07-14 14:30:00+00:00,259.29998779296875,265.20001220703125,259.2099914550781,264.3800048828125,303498
2026-07-14 15:30:00+00:00,257.04998779296875,259.2850036621094,255.41000366210938,259.2099914550781,353644
2026-07-14 16:30:00+00:00,256.1300048828125,258.32000732421875,255.74000549316406,257.04998779296875,244239
2026-07-14 17:30:00+00:00,257.2149963378906,257.8999938964844,255.17999267578125,256.0899963378906,273509
2026-07-14 18:30:00+00:00,258.1099853515625,258.7200012207031,256.9200134277344,257.2799987792969,318712
2026-07-14 19:30:00+00:00,256.4700012207031,258.2300109863281,256.30999755859375,258.07000732421875,454821
2026-07-15 13:30:00+00:00,261.95001220703125,264.1199951171875,258.0299987792969,258.70001220703125,468253
2026-07-15 14:30:00+00:00,261.0050048828125,263.5150146484375,260.69000244140625,261.79998779296875,312659
2026-07-15 15:30:00+00:00,256.82000732421875,261.05499267578125,255.9600067138672,261.05499267578125,292590
2026-07-15 16:30:00+00:00,256.6600036621094,257.489990234375,255.49560546875,256.81500244140625,181612
2026-07-15 17:30:00+00:00,257.4100036621094,257.885009765625,256.4200134277344,256.7099914550781,152227
2026-07-15 18:30:00+00:00,258.2300109863281,258.7099914550781,257.1600036621094,257.3800048828125,155860
2026-07-15 19:30:00+00:00,258.1600036621094,258.5899963378906,257.7900085449219,258.2550048828125,212615
2026-07-16 13:30:00+00:00,252.3699951171875,257.3550109863281,251.22000122070312,257.2099914550781,470795
2026-07-16 14:30:00+00:00,253.8300018310547,255.05999755859375,251.69000244140625,252.46499633789062,237378
2026-07-16 15:30:00+00:00,251.50999450683594,258.114990234375,251.07000732421875,253.74000549316406,227902
2026-07-16 16:30:00+00:00,250.99000549316406,251.6699981689453,249.25,251.5399932861328,247381
2026-07-16 17:30:00+00:00,250.50999450683594,251.35000610351562,249.0,250.9199981689453,382806
2026-07-16 18:30:00+00:00,249.8249969482422,251.97999572753906,249.60000610351562,250.3699951171875,286395
2026-07-16 19:30:00+00:00,251.69000244140625,252.32000732421875,249.27000427246094,249.7100067138672,391887
2026-07-17 13:30:00+00:00,252.06500244140625,252.55999755859375,244.9499969482422,247.8699951171875,734294
2026-07-17 14:30:00+00:00,253.00999450683594,253.07749938964844,250.75,251.97999572753906,276664
2026-07-17 15:30:00+00:00,252.72999572753906,253.61000061035156,252.18499755859375,252.8699951171875,192753
2026-07-17 16:30:00+00:00,253.6199951171875,254.2899932861328,252.1074981689453,252.52999877929688,154334
2026-07-17 17:30:00+00:00,252.83999633789062,253.89500427246094,252.4600067138672,253.52999877929688,141563
2026-07-17 18:30:00+00:00,251.8300018310547,253.24000549316406,251.6300048828125,252.91000366210938,223953
2026-07-17 19:30:00+00:00,252.4199981689453,252.6199951171875,251.67999267578125,252.0399932861328,257977
2026-07-20 13:30:00+00:00,253.63999938964844,256.5199890136719,251.3300018310547,255.41799926757812,314850
2026-07-20 14:30:00+00:00,254.82000732421875,255.07000732421875,252.22000122070312,253.44000244140625,210361
2026-07-20 15:30:00+00:00,254.72000122070312,254.8300018310547,253.27999877929688,254.8249969482422,176484
2026-07-20 16:30:00+00:00,254.35000610351562,254.7899932861328,253.30999755859375,254.75,204119
2026-07-20 17:30:00+00:00,254.5290985107422,255.0,253.61819458007812,254.3800048828125,249787
2026-07-20 18:30:00+00:00,254.35000610351562,254.75,253.24000549316406,254.4600067138672,268965
2026-07-20 19:30:00+00:00,253.57000732421875,254.88499450683594,252.6699981689453,254.34500122070312,435071
2026-07-21 13:30:00+00:00,259.2074890136719,261.69000244140625,255.72000122070312,255.72000122070312,354260
2026-07-21 14:30:00+00:00,261.8599853515625,261.8699951171875,258.6099853515625,259.510009765625,264033
2026-07-21 15:30:00+00:00,262.3299865722656,262.8399963378906,261.1000061035156,261.8699951171875,229538
2026-07-21 16:30:00+00:00,262.7300109863281,263.260009765625,260.69000244140625,262.3299865722656,250748
2026-07-21 17:30:00+00:00,262.5799865722656,264.45001220703125,262.260009765625,262.7550048828125,272909
2026-07-21 18:30:00+00:00,260.8550109863281,262.9700012207031,260.82000732421875,262.6400146484375,244763
2026-07-21 19:30:00+00:00,262.2099914550781,262.3299865722656,260.55999755859375,260.8699951171875,417447
2026-07-22 13:30:00+00:00,271.489990234375,272.20001220703125,261.8399963378906,263.2550048828125,561630
2026-07-22 14:30:00+00:00,271.0799865722656,274.2099914550781,269.8399963378906,271.6675109863281,515140
2026-07-22 15:30:00+00:00,272.4200134277344,272.7200012207031,270.4800109863281,271.0799865722656,224811
2026-07-22 16:30:00+00:00,272.93011474609375,273.0190124511719,271.2900085449219,272.41009521484375,211453
2026-07-22 17:30:00+00:00,274.3999938964844,274.82000732421875,272.4200134277344,272.92498779296875,277886
2026-07-22 18:30:00+00:00,274.3599853515625,275.260009765625,273.9150085449219,274.3599853515625,347813
2026-07-22 19:30:00+00:00,274.7799987792969,275.5400085449219,274.29998779296875,274.3299865722656,552563
2026-07-23 13:30:00+00:00,274.75,275.75,271.9200134277344,271.9200134277344,381096
2026-07-23 14:30:00+00:00,272.29998779296875,274.7550048828125,271.5801086425781,274.5899963378906,302510
2026-07-23 15:30:00+00:00,274.0299987792969,274.1400146484375,271.8800048828125,272.25,235136
2026-07-23 16:30:00+00:00,274.2799987792969,274.5098876953125,272.1700134277344,274.0350036621094,165687
2026-07-23 17:30:00+00:00,275.125,275.260009765625,273.8999938964844,274.2300109863281,202084
2026-07-23 18:30:00+00:00,277.1300048828125,277.4849853515625,275.010009765625,275.07000732421875,217142
2026-07-23 19:30:00+00:00,275.5899963378906,278.19000244140625,275.57000732421875,277.19000244140625,441654
2026-07-24 13:30:00+00:00,278.0199890136719,278.9800109863281,275.6700134277344,276.0,339308
2026-07-24 14:30:00+00:00,278.1499938964844,278.7300109863281,276.4200134277344,278.0224914550781,218727
2026-07-24 15:30:00+00:00,278.5,279.6000061035156,277.8450012207031,278.1400146484375,193343
2026-07-24 16:30:00+00:00,277.3550109863281,278.5400085449219,276.5000915527344,278.4700012207031,190787
2026-07-24 17:30:00+00:00,274.1400146484375,277.45001220703125,273.69268798828125,277.4100036621094,229436
2026-07-24 18:30:00+00:00,273.9049987792969,274.29998779296875,272.739990234375,274.1400146484375,314832
2026-07-24 19:30:00+00:00,274.3999938964844,274.6400146484375,273.30010986328125,273.989990234375,485945
2026-07-27 13:30:00+00:00,271.2799987792969,277.19000244140625,268.3699951171875,276.1700134277344,599601
2026-07-27 14:30:00+00:00,269.3399963378906,271.4049987792969,268.75,271.2200012207031,362377
2026-07-27 15:30:00+00:00,272.9849853515625,274.17999267578125,268.8349914550781,269.5199890136719,357926
2026-07-27 16:30:00+00:00,271.8599853515625,273.8900146484375,270.8800048828125,272.9849853515625,454021
2026-07-27 17:30:00+00:00,272.1000061035156,272.7900085449219,271.5119934082031,271.8399963378906,122507
2026-07-27 18:30:00+00:00,269.2699890136719,272.3500061035156,268.9800109863281,272.1000061035156,276194
2026-07-27 19:30:00+00:00,270.07000732421875,270.25,267.739990234375,269.110107421875,426202
