Datetime,Close,High,Low,Open,Volume
2023-08-25 13:30:00+00:00,5.755000114440918,5.875,5.690000057220459,5.699999809265137,556688
2023-08-25 14:30:00+00:00,5.755000114440918,5.784999847412109,5.630000114440918,5.75,411667
2023-08-25 15:30:00+00:00,5.75,5.769999980926514,5.715000152587891,5.75,260258
2023-08-25 16:30:00+00:00,5.724999904632568,5.767300128936768,5.724999904632568,5.755000114440918,205393
2023-08-25 17:30:00+00:00,5.789999961853027,5.795000076293945,5.71999979019165,5.71999979019165,207661
2023-08-25 18:30:00+00:00,5.815000057220459,5.824999809265137,5.760000228881836,5.795000076293945,255129
2023-08-25 19:30:00+00:00,5.795000076293945,5.817500114440918,5.772500038146973,5.815000057220459,413919
2023-08-28 13:30:00+00:00,6.01800012588501,6.019999980926514,5.830999851226807,5.880000114440918,611839
2023-08-28 14:30:00+00:00,5.989099979400635,6.029900074005127,5.945000171661377,6.010000228881836,344269
2023-08-28 15:30:00+00:00,5.989999771118164,6.010000228881836,5.965000152587891,5.985000133514404,234070
2023-08-28 16:30:00+00:00,5.989999771118164,6.010000228881836,5.96999979019165,6.0,195307
2023-08-28 17:30:00+00:00,5.911799907684326,5.989999771118164,5.880000114440918,5.989999771118164,203495
2023-08-28 18:30:00+00:00,5.934999942779541,5.960000038146973,5.909999847412109,5.914999961853027,217155
2023-08-28 19:30:00+00:00,5.940000057220459,5.949999809265137,5.909999847412109,5.934999942779541,302717
2023-08-29 13:30:00+00:00,6.110000133514404,6.1194000244140625,5.840000152587891,5.869999885559082,550903
2023-08-29 14:30:00+00:00,6.179999828338623,6.199999809265137,6.090000152587891,6.105000019073486,478633
2023-08-29 15:30:00+00:00,6.19920015335083,6.210000038146973,6.159999847412109,6.178999900817871,263896
2023-08-29 16:30:00+00:00,6.180099964141846,6.199999809265137,6.159999847412109,6.195000171661377,215840
2023-08-29 17:30:00+00:00,6.217199802398682,6.269999980926514,6.179999828338623,6.190000057220459,638072
2023-08-29 18:30:00+00:00,6.170000076293945,6.21999979019165,6.150000095367432,6.215000152587891,208662
2023-08-29 19:30:00+00:00,6.184999942779541,6.195000171661377,6.150000095367432,6.170000076293945,159176
2023-08-30 13:30:00+00:00,6.275000095367432,6.380000114440918,6.119900226593018,6.159999847412109,744724
2023-08-30 14:30:00+00:00,6.400000095367432,6.420000076293945,6.275000095367432,6.275000095367432,505904
2023-08-30 15:30:00+00:00,6.449999809265137,6.449999809265137,6.389999866485596,6.394999980926514,202472
2023-08-30 16:30:00+00:00,6.429999828338623,6.449999809265137,6.380000114440918,6.449999809265137,256265
2023-08-30 17:30:00+00:00,6.369999885559082,6.443600177764893,6.360000133514404,6.429999828338623,257724
2023-08-30 18:30:00+00:00,6.367599964141846,6.400000095367432,6.320000171661377,6.369999885559082,254329
2023-08-30 19:30:00+00:00,6.375,6.400000095367432,6.340000152587891,6.364999771118164,375051
2023-08-31 13:30:00+00:00,6.389999866485596,6.489999771118164,6.360000133514404,6.369999885559082,617490
2023-08-31 14:30:00+00:00,6.375,6.440000057220459,6.364999771118164,6.394999980926514,209273
2023-08-31 15:30:00+00:00,6.289999961853027,6.389999866485596,6.28000020980835,6.375,448429
2023-08-31 16:30:00+00:00,6.300000190734863,6.300000190734863,6.21999979019165,6.289999961853027,307233
2023-08-31 17:30:00+00:00,6.315000057220459,6.329999923706055,6.269999980926514,6.300000190734863,153198
2023-08-31 18:30:00+00:00,6.295000076293945,6.324999809265137,6.264999866485596,6.315000057220459,225761
2023-08-31 19:30:00+00:00,6.300000190734863,6.329999923706055,6.289999961853027,6.29010009765625,518055
2023-09-01 13:30:00+00:00,6.40500020980835,6.478799819946289,6.269999980926514,6.380000114440918,480609
2023-09-01 14:30:00+00:00,6.440000057220459,6.454999923706055,6.359899997711182,6.400000095367432,325703
2023-09-01 15:30:00+00:00,6.438199996948242,6.480000019073486,6.416200160980225,6.449999809265137,310886
2023-09-01 16:30:00+00:00,6.419300079345703,6.465000152587891,6.380000114440918,6.429999828338623,213621
2023-09-01 17:30:00+00:00,6.385000228881836,6.425000190734863,6.369999885559082,6.409999847412109,148108
2023-09-01 18:30:00+00:00,6.375,6.40500020980835,6.364999771118164,6.385000228881836,181429
2023-09-01 19:30:00+00:00,6.335000038146973,6.389999866485596,6.309999942779541,6.375,313958
2023-09-05 13:30:00+00:00,6.429999828338623,6.570000171661377,6.289999961853027,6.309999942779541,924593
2023-09-05 14:30:00+00:00,6.449999809265137,6.5,6.349999904632568,6.425000190734863,357319
2023-09-05 15:30:00+00:00,6.470099925994873,6.480000019073486,6.414999961853027,6.449999809265137,204933
2023-09-05 16:30:00+00:00,6.494999885559082,6.510000228881836,6.46999979019165,6.480000019073486,220363
2023-09-05 17:30:00+00:00,6.559999942779541,6.579999923706055,6.480000019073486,6.5,257607
2023-09-05 18:30:00+00:00,6.539999961853027,6.59499979019165,6.510000228881836,6.567500114440918,272113
2023-09-05 19:30:00+00:00,6.53000020980835,6.565000057220459,6.519999980926514,6.539999961853027,474684
2023-09-06 13:30:00+00:00,6.429999828338623,6.579999923706055,6.389999866485596,6.510000228881836,398159
2023-09-06 14:30:00+00:00,6.400000095367432,6.46999979019165,6.369999885559082,6.429999828338623,244212
2023-09-06 15:30:00+00:00,6.304999828338623,6.400000095367432,6.300000190734863,6.394999980926514,237437
2023-09-06 16:30:00+00:00,6.355000019073486,6.380000114440918,6.304999828338623,6.304999828338623,232636
2023-09-06 17:30:00+00:00,6.360000133514404,6.360000133514404,6.320000171661377,6.355000019073486,171591
2023-09-06 18:30:00+00:00,6.355000019073486,6.369999885559082,6.309999942779541,6.355000019073486,163528
2023-09-06 19:30:00+00:00,6.400000095367432,6.414999961853027,6.349999904632568,6.355000019073486,322947
2023-09-07 13:30:00+00:00,6.150000095367432,6.329999923706055,6.059999942779541,6.289999961853027,640002
2023-09-07 14:30:00+00:00,6.204999923706055,6.230000019073486,6.119999885559082,6.159999847412109,321476
2023-09-07 15:30:00+00:00,6.284999847412109,6.304999828338623,6.179999828338623,6.204999923706055,215814
2023-09-07 16:30:00+00:00,6.244999885559082,6.284999847412109,6.224999904632568,6.284999847412109,227830
2023-09-07 17:30:00+00:00,6.315000057220459,6.329999923706055,6.239999771118164,6.244999885559082,325889
2023-09-07 18:30:00+00:00,6.34499979019165,6.360000133514404,6.309999942779541,6.315000057220459,269649
2023-09-07 19:30:00+00:00,6.320000171661377,6.349999904632568,6.320000171661377,6.34499979019165,281054
2023-09-08 13:30:00+00:00,6.239999771118164,6.335000038146973,6.139999866485596,6.300000190734863,558227
2023-09-08 14:30:00+00:00,6.244999885559082,6.260000228881836,6.175000190734863,6.239999771118164,213517
2023-09-08 15:30:00+00:00,6.244999885559082,6.284999847412109,6.21999979019165,6.239999771118164,137855
2023-09-08 16:30:00+00:00,6.255000114440918,6.28000020980835,6.210000038146973,6.242499828338623,193466
2023-09-08 17:30:00+00:00,6.244999885559082,6.269999980926514,6.230000019073486,6.260000228881836,200137
2023-09-08 18:30:00+00:00,6.204999923706055,6.25,6.170000076293945,6.242000102996826,441755
2023-09-08 19:30:00+00:00,6.199999809265137,6.210000038146973,6.170000076293945,6.204999923706055,391629
2023-09-11 13:30:00+00:00,6.284999847412109,6.349999904632568,6.181700229644775,6.2758002281188965,540646
2023-09-11 14:30:00+00:00,6.244999885559082,6.284999847412109,6.21999979019165,6.28000020980835,360160
2023-09-11 15:30:00+00:00,6.150000095367432,6.239999771118164,6.150000095367432,6.239999771118164,324489
2023-09-11 16:30:00+00:00,6.170000076293945,6.199999809265137,6.139999866485596,6.150000095367432,366731
2023-09-11 17:30:00+00:00,6.119999885559082,6.190000057220459,6.119999885559082,6.170000076293945,358598
2023-09-11 18:30:00+00:00,6.074999809265137,6.139999866485596,6.059999942779541,6.119999885559082,441747
2023-09-11 19:30:00+00:00,6.039999961853027,6.079999923706055,6.03000020980835,6.074999809265137,582060
2023-09-12 13:30:00+00:00,5.409999847412109,5.829999923706055,5.340000152587891,5.809999942779541,4606581
2023-09-12 14:30:00+00:00,5.300099849700928,5.465000152587891,5.27239990234375,5.414999961853027,2211064
2023-09-12 15:30:00+00:00,5.474999904632568,5.5,5.300000190734863,5.304999828338623,1799565
2023-09-12 16:30:00+00:00,5.481800079345703,5.53000020980835,5.429999828338623,5.474999904632568,1219137
2023-09-12 17:30:00+00:00,5.410099983215332,5.5,5.400000095367432,5.485000133514404,855737
2023-09-12 18:30:00+00:00,5.324999809265137,5.429999828338623,5.309999942779541,5.410099983215332,938410
2023-09-12 19:30:00+00:00,5.304999828338623,5.369999885559082,5.300000190734863,5.324999809265137,802785
2023-09-13 13:30:00+00:00,5.320000171661377,5.46999979019165,5.230000019073486,5.465000152587891,1574072
2023-09-13 14:30:00+00:00,5.34499979019165,5.380000114440918,5.309999942779541,5.315000057220459,535135
2023-09-13 15:30:00+00:00,5.394999980926514,5.420000076293945,5.300000190734863,5.34499979019165,998262
2023-09-13 16:30:00+00:00,5.375,5.399600028991699,5.329999923706055,5.394999980926514,434434
2023-09-13 17:30:00+00:00,5.434999942779541,5.480000019073486,5.373700141906738,5.375,572933
2023-09-13 18:30:00+00:00,5.394999980926514,5.440000057220459,5.380000114440918,5.429999828338623,527604
2023-09-13 19:30:00+00:00,5.360000133514404,5.400000095367432,5.355000019073486,5.394999980926514,719453
2023-09-14 13:30:00+00:00,5.275000095367432,5.429999828338623,5.230000019073486,5.360000133514404,1298002
2023-09-14 14:30:00+00:00,5.335000038146973,5.380000114440918,5.269999980926514,5.28000020980835,483385
2023-09-14 15:30:00+00:00,5.230000019073486,5.340000152587891,5.230000019073486,5.329999923706055,622698
2023-09-14 16:30:00+00:00,5.29580020904541,5.309999942779541,5.210000038146973,5.2399001121521,405223
2023-09-14 17:30:00+00:00,5.324999809265137,5.340000152587891,5.28000020980835,5.289999961853027,328116
2023-09-14 18:30:00+00:00,5.249899864196777,5.329999923706055,5.239999771118164,5.320000171661377,597447
2023-09-14 19:30:00+00:00,5.264999866485596,5.28000020980835,5.235000133514404,5.239999771118164,751220
2023-09-15 13:30:00+00:00,5.199999809265137,5.284999847412109,5.179999828338623,5.25,1094809
2023-09-15 14:30:00+00:00,5.105000019073486,5.21999979019165,5.070000171661377,5.204999923706055,1122409
2023-09-15 15:30:00+00:00,5.125,5.129899978637695,5.059999942779541,5.105000019073486,551953
2023-09-15 16:30:00+00:00,5.09499979019165,5.170000076293945,5.090000152587891,5.119999885559082,334248
2023-09-15 17:30:00+00:00,5.09499979019165,5.110000133514404,5.079999923706055,5.096199989318848,286002
2023-09-15 18:30:00+00:00,5.114999771118164,5.139999866485596,5.090000152587891,5.09499979019165,494879
2023-09-15 19:30:00+00:00,5.119999885559082,5.139999866485596,5.099999904632568,5.119999885559082,718190
2023-09-18 13:30:00+00:00,5.137700080871582,5.21999979019165,5.050000190734863,5.099999904632568,715850
2023-09-18 14:30:00+00:00,5.110000133514404,5.159999847412109,5.099999904632568,5.135000228881836,327243
2023-09-18 15:30:00+00:00,5.09499979019165,5.130000114440918,5.074999809265137,5.103700160980225,287804
2023-09-18 16:30:00+00:00,5.074999809265137,5.099999904632568,5.070000171661377,5.099999904632568,158991
2023-09-18 17:30:00+00:00,5.054999828338623,5.090000152587891,5.034999847412109,5.074999809265137,256533
2023-09-18 18:30:00+00:00,5.03000020980835,5.079999923706055,5.03000020980835,5.057499885559082,367567
2023-09-18 19:30:00+00:00,5.034999847412109,5.059999942779541,5.019999980926514,5.034999847412109,415880
2023-09-19 13:30:00+00:00,4.710100173950195,4.71999979019165,4.170000076293945,4.260000228881836,9725313
2023-09-19 14:30:00+00:00,4.684999942779541,4.718500137329102,4.570499897003174,4.718500137329102,2269345
2023-09-19 15:30:00+00:00,4.65500020980835,4.7571001052856445,4.635000228881836,4.684999942779541,1212945
2023-09-19 16:30:00+00:00,4.664999961853027,4.702700138092041,4.610000133514404,4.659999847412109,785905
2023-09-19 17:30:00+00:00,4.670000076293945,4.710000038146973,4.622099876403809,4.666399955749512,703896
2023-09-19 18:30:00+00:00,4.6768999099731445,4.690000057220459,4.659999847412109,4.664999961853027,581874
2023-09-19 19:30:00+00:00,4.659999847412109,4.679999828338623,4.640100002288818,4.675000190734863,1119452
2023-09-20 13:30:00+00:00,4.549900054931641,4.639999866485596,4.449999809265137,4.619999885559082,1822098
2023-09-20 14:30:00+00:00,4.505000114440918,4.545000076293945,4.485000133514404,4.545000076293945,457361
2023-09-20 15:30:00+00:00,4.550000190734863,4.550000190734863,4.5,4.5,264789
2023-09-20 16:30:00+00:00,4.494999885559082,4.550000190734863,4.480100154876709,4.550000190734863,412269
2023-09-20 17:30:00+00:00,4.525000095367432,4.53000020980835,4.480000019073486,4.497700214385986,534372
2023-09-20 18:30:00+00:00,4.485000133514404,4.548500061035156,4.46999979019165,4.525000095367432,722436
2023-09-20 19:30:00+00:00,4.417399883270264,4.489999771118164,4.389999866485596,4.485000133514404,1782245
2023-09-21 13:30:00+00:00,4.333899974822998,4.389999866485596,4.25,4.340000152587891,1031282
2023-09-21 14:30:00+00:00,4.429999828338623,4.440000057220459,4.329999923706055,4.338799953460693,625243
2023-09-21 15:30:00+00:00,4.474999904632568,4.494999885559082,4.429999828338623,4.429999828338623,673988
2023-09-21 16:30:00+00:00,4.554999828338623,4.559999942779541,4.460000038146973,4.479499816894531,657123
2023-09-21 17:30:00+00:00,4.510000228881836,4.570000171661377,4.480000019073486,4.550000190734863,501753
2023-09-21 18:30:00+00:00,4.480000019073486,4.539999961853027,4.465000152587891,4.518400192260742,678613
2023-09-21 19:30:00+00:00,4.485000133514404,4.510000228881836,4.46999979019165,4.485000133514404,537313
2023-09-22 13:30:00+00:00,4.565000057220459,4.670000076293945,4.514999866485596,4.539999961853027,804166
2023-09-22 14:30:00+00:00,4.514999866485596,4.599999904632568,4.5,4.559999942779541,316461
2023-09-22 15:30:00+00:00,4.505000114440918,4.550000190734863,4.5,4.510000228881836,357638
2023-09-22 16:30:00+00:00,4.514999866485596,4.53000020980835,4.489999771118164,4.509699821472168,265890
2023-09-22 17:30:00+00:00,4.485000133514404,4.53000020980835,4.480000019073486,4.514999866485596,383271
2023-09-22 18:30:00+00:00,4.505000114440918,4.519999980926514,4.480000019073486,4.485000133514404,300788
2023-09-22 19:30:00+00:00,4.489999771118164,4.510000228881836,4.454999923706055,4.5,735304
2023-09-25 13:30:00+00:00,4.329999923706055,4.5,4.309999942779541,4.46999979019165,850887
2023-09-25 14:30:00+00:00,4.385000228881836,4.409999847412109,4.320000171661377,4.331200122833252,434925
2023-09-25 15:30:00+00:00,4.385000228881836,4.400000095367432,4.349999904632568,4.380000114440918,345502
2023-09-25 16:30:00+00:00,4.364999771118164,4.399600028991699,4.360000133514404,4.385000228881836,267142
2023-09-25 17:30:00+00:00,4.364999771118164,4.375,4.320000171661377,4.360000133514404,407051
2023-09-25 18:30:00+00:00,4.340000152587891,4.369999885559082,4.329999923706055,4.360099792480469,261573
2023-09-25 19:30:00+00:00,4.360000133514404,4.369999885559082,4.329999923706055,4.34499979019165,642044
2023-09-26 13:30:00+00:00,4.389999866485596,4.434999942779541,4.25,4.340000152587891,517420
2023-09-26 14:30:00+00:00,4.284999847412109,4.389999866485596,4.269999980926514,4.380000114440918,375848
2023-09-26 15:30:00+00:00,4.309999942779541,4.329899787902832,4.264999866485596,4.28000020980835,330532
2023-09-26 16:30:00+00:00,4.260000228881836,4.329999923706055,4.255000114440918,4.309999942779541,363793
2023-09-26 17:30:00+00:00,4.275000095367432,4.28000020980835,4.239999771118164,4.260000228881836,342866
2023-09-26 18:30:00+00:00,4.239999771118164,4.28000020980835,4.230000019073486,4.269999980926514,360558
2023-09-26 19:30:00+00:00,4.239999771118164,4.260000228881836,4.21999979019165,4.239999771118164,647781
2023-09-27 13:30:00+00:00,4.300000190734863,4.300000190734863,4.190000057220459,4.199999809265137,1269327
2023-09-27 14:30:00+00:00,4.28000020980835,4.300000190734863,4.212900161743164,4.300000190734863,383183
2023-09-27 15:30:00+00:00,4.25,4.300000190734863,4.235000133514404,4.284999847412109,409912
2023-09-27 16:30:00+00:00,4.235000133514404,4.284999847412109,4.230000019073486,4.257400035858154,260456
2023-09-27 17:30:00+00:00,4.264999866485596,4.275000095367432,4.215000152587891,4.230000019073486,224325
2023-09-27 18:30:00+00:00,4.31689977645874,4.329999923706055,4.264999866485596,4.269999980926514,702981
2023-09-27 19:30:00+00:00,4.295000076293945,4.329999923706055,4.28000020980835,4.309999942779541,413361
2023-09-28 13:30:00+00:00,4.264999866485596,4.349999904632568,4.255000114440918,4.309999942779541,589463
2023-09-28 14:30:00+00:00,4.335000038146973,4.340000152587891,4.239999771118164,4.264999866485596,309739
2023-09-28 15:30:00+00:00,4.414999961853027,4.420000076293945,4.329999923706055,4.335000038146973,610443
2023-09-28 16:30:00+00:00,4.385000228881836,4.417799949645996,4.349999904632568,4.414999961853027,351129
2023-09-28 17:30:00+00:00,4.364999771118164,4.380000114440918,4.335000038146973,4.380000114440918,315795
2023-09-28 18:30:00+00:00,4.357900142669678,4.369999885559082,4.340000152587891,4.364999771118164,316650
2023-09-28 19:30:00+00:00,4.339900016784668,4.360000133514404,4.309999942779541,4.360000133514404,480932
2023-09-29 13:30:00+00:00,4.417099952697754,4.570000171661377,4.400000095367432,4.400000095367432,679749
2023-09-29 14:30:00+00:00,4.400000095367432,4.449999809265137,4.400000095367432,4.420000076293945,310602
2023-09-29 15:30:00+00:00,4.387499809265137,4.414999961853027,4.369999885559082,4.409999847412109,309516
2023-09-29 16:30:00+00:00,4.364999771118164,4.400000095367432,4.340000152587891,4.389999866485596,251180
2023-09-29 17:30:00+00:00,4.321599960327148,4.369999885559082,4.320000171661377,4.364999771118164,170355
2023-09-29 18:30:00+00:00,4.389999866485596,4.389999866485596,4.320000171661377,4.324999809265137,333944
2023-09-29 19:30:00+00:00,4.380000114440918,4.409999847412109,4.360000133514404,4.380000114440918,509052
2023-10-02 13:30:00+00:00,4.309999942779541,4.420000076293945,4.309999942779541,4.400000095367432,426956
2023-10-02 14:30:00+00:00,4.382500171661377,4.394999980926514,4.300000190734863,4.310100078582764,342142
2023-10-02 15:30:00+00:00,4.308599948883057,4.389999866485596,4.300000190734863,4.389999866485596,720543
2023-10-02 16:30:00+00:00,4.329500198364258,4.329999923706055,4.289999961853027,4.302499771118164,199095
2023-10-02 17:30:00+00:00,4.34250020980835,4.360000133514404,4.309999942779541,4.324999809265137,189562
2023-10-02 18:30:00+00:00,4.34499979019165,4.360000133514404,4.329999923706055,4.349999904632568,209356
2023-10-02 19:30:00+00:00,4.394999980926514,4.400000095367432,4.340000152587891,4.34499979019165,530477
2023-10-03 13:30:00+00:00,4.29010009765625,4.369999885559082,4.28000020980835,4.349999904632568,506801
2023-10-03 14:30:00+00:00,4.25,4.320000171661377,4.239999771118164,4.295000076293945,344463
2023-10-03 15:30:00+00:00,4.249499797821045,4.269700050354004,4.21999979019165,4.244999885559082,373940
2023-10-03 16:30:00+00:00,4.215000152587891,4.25,4.210000038146973,4.249000072479248,226566
2023-10-03 17:30:00+00:00,4.179999828338623,4.230000019073486,4.179999828338623,4.210100173950195,416030
2023-10-03 18:30:00+00:00,4.139999866485596,4.210000038146973,4.130000114440918,4.184999942779541,607345
2023-10-03 19:30:00+00:00,4.164999961853027,4.170000076293945,4.135000228881836,4.139999866485596,861613
2023-10-04 13:30:00+00:00,4.150000095367432,4.264999866485596,4.139999866485596,4.230000019073486,458332
2023-10-04 14:30:00+00:00,4.224999904632568,4.239999771118164,4.1427001953125,4.149899959564209,341636
2023-10-04 15:30:00+00:00,4.320000171661377,4.320000171661377,4.210000038146973,4.229100227355957,328903
2023-10-04 16:30:00+00:00,4.255000114440918,4.320000171661377,4.239999771118164,4.318999767303467,345358
2023-10-04 17:30:00+00:00,4.269999980926514,4.28000020980835,4.25,4.255000114440918,191774
2023-10-04 18:30:00+00:00,4.320000171661377,4.320000171661377,4.269999980926514,4.269999980926514,235156
2023-10-04 19:30:00+00:00,4.309999942779541,4.340000152587891,4.309999942779541,4.320000171661377,426453
2023-10-05 13:30:00+00:00,4.378300189971924,4.389999866485596,4.260000228881836,4.320000171661377,446881
2023-10-05 14:30:00+00:00,4.340000152587891,4.380000114440918,4.320000171661377,4.379899978637695,159970
2023-10-05 15:30:00+00:00,4.329999923706055,4.360000133514404,4.300099849700928,4.340000152587891,164018
2023-10-05 16:30:00+00:00,4.34499979019165,4.349999904632568,4.300000190734863,4.340000152587891,162778
2023-10-05 17:30:00+00:00,4.4191999435424805,4.434999942779541,4.340000152587891,4.349899768829346,257019
2023-10-05 18:30:00+00:00,4.420000076293945,4.474999904632568,4.409999847412109,4.420000076293945,399350
2023-10-05 19:30:00+00:00,4.449999809265137,4.449999809265137,4.409999847412109,4.419000148773193,431897
2023-10-06 13:30:00+00:00,4.480000019073486,4.480000019073486,4.35099983215332,4.389999866485596,363085
2023-10-06 14:30:00+00:00,4.465000152587891,4.505000114440918,4.400000095367432,4.47760009765625,337190
2023-10-06 15:30:00+00:00,4.505000114440918,4.53000020980835,4.460000038146973,4.460000038146973,418938
2023-10-06 16:30:00+00:00,4.503200054168701,4.519999980926514,4.489999771118164,4.500100135803223,241114
2023-10-06 17:30:00+00:00,4.486299991607666,4.519999980926514,4.480000019073486,4.5,265311
2023-10-06 18:30:00+00:00,4.485000133514404,4.510000228881836,4.46999979019165,4.480000019073486,329084
2023-10-06 19:30:00+00:00,4.510000228881836,4.510000228881836,4.46999979019165,4.485000133514404,530170
2023-10-09 13:30:00+00:00,4.489999771118164,4.650000095367432,4.409999847412109,4.409999847412109,699777
2023-10-09 14:30:00+00:00,4.550000190734863,4.554999828338623,4.460000038146973,4.494999885559082,402613
2023-10-09 15:30:00+00:00,4.559999942779541,4.579999923706055,4.5,4.545000076293945,278217
2023-10-09 16:30:00+00:00,4.554999828338623,4.565000057220459,4.510000228881836,4.559999942779541,196089
2023-10-09 17:30:00+00:00,4.590000152587891,4.590000152587891,4.555200099945068,4.559999942779541,289276
2023-10-09 18:30:00+00:00,4.630000114440918,4.639999866485596,4.572500228881836,4.590000152587891,413721
2023-10-09 19:30:00+00:00,4.630000114440918,4.639900207519531,4.610000133514404,4.625,492224
2023-10-10 13:30:00+00:00,4.900000095367432,4.929999828338623,4.6519999504089355,4.659999847412109,968830
2023-10-10 14:30:00+00:00,4.934999942779541,5.019999980926514,4.900000095367432,4.900000095367432,731276
2023-10-10 15:30:00+00:00,4.90500020980835,4.994999885559082,4.900000095367432,4.940000057220459,716997
2023-10-10 16:30:00+00:00,4.8780999183654785,4.920000076293945,4.829999923706055,4.909999847412109,456880
2023-10-10 17:30:00+00:00,4.840000152587891,4.909999847412109,4.840000152587891,4.880000114440918,376981
2023-10-10 18:30:00+00:00,4.875,4.889999866485596,4.840000152587891,4.840000152587891,268882
2023-10-10 19:30:00+00:00,4.855000019073486,4.889999866485596,4.849999904632568,4.875,443790
2023-10-11 13:30:00+00:00,4.889999866485596,5.070000171661377,4.820000171661377,4.949999809265137,1011147
2023-10-11 14:30:00+00:00,4.840000152587891,4.934999942779541,4.840000152587891,4.880000114440918,368760
2023-10-11 15:30:00+00:00,4.769999980926514,4.849999904632568,4.760000228881836,4.840000152587891,251609
2023-10-11 16:30:00+00:00,4.815000057220459,4.860000133514404,4.762700080871582,4.762700080871582,337431
2023-10-11 17:30:00+00:00,4.827600002288818,4.869999885559082,4.784999847412109,4.809999942779541,472370
2023-10-11 18:30:00+00:00,4.84499979019165,4.885000228881836,4.824999809265137,4.829999923706055,432069
2023-10-11 19:30:00+00:00,4.820000171661377,4.849999904632568,4.809999942779541,4.84499979019165,504381
2023-10-12 13:30:00+00:00,4.670000076293945,4.880000114440918,4.619999885559082,4.869999885559082,646432
2023-10-12 14:30:00+00:00,4.557499885559082,4.684999942779541,4.53000020980835,4.670000076293945,619288
2023-10-12 15:30:00+00:00,4.494500160217285,4.570000171661377,4.485000133514404,4.550000190734863,467761
2023-10-12 16:30:00+00:00,4.409599781036377,4.5,4.380000114440918,4.489999771118164,864037
2023-10-12 17:30:00+00:00,4.409999847412109,4.440000057220459,4.355000019073486,4.400000095367432,547865
2023-10-12 18:30:00+00:00,4.434999942779541,4.46999979019165,4.400000095367432,4.409999847412109,493367
2023-10-12 19:30:00+00:00,4.414999961853027,4.447000026702881,4.409999847412109,4.434999942779541,614400
2023-10-13 13:30:00+00:00,4.329999923706055,4.480000019073486,4.309999942779541,4.460000038146973,662731
2023-10-13 14:30:00+00:00,4.301000118255615,4.364999771118164,4.289999961853027,4.324999809265137,574761
2023-10-13 15:30:00+00:00,4.324999809265137,4.335000038146973,4.289999961853027,4.304999828338623,414495
2023-10-13 16:30:00+00:00,4.255000114440918,4.329999923706055,4.244999885559082,4.324999809265137,344161
2023-10-13 17:30:00+00:00,4.260000228881836,4.289999961853027,4.230000019073486,4.25,676282
2023-10-13 18:30:00+00:00,4.284999847412109,4.309999942779541,4.260000228881836,4.260000228881836,334481
2023-10-13 19:30:00+00:00,4.284999847412109,4.300000190734863,4.269999980926514,4.284999847412109,519288
2023-10-16 13:30:00+00:00,4.440000057220459,4.440000057220459,4.239999771118164,4.28000020980835,1038669
2023-10-16 14:30:00+00:00,4.454999923706055,4.480000019073486,4.420000076293945,4.434999942779541,339832
2023-10-16 15:30:00+00:00,4.442800045013428,4.460000038146973,4.409999847412109,4.460000038146973,203541
2023-10-16 16:30:00+00:00,4.447500228881836,4.489999771118164,4.414999961853027,4.449999809265137,280411
2023-10-16 17:30:00+00:00,4.449999809265137,4.5,4.440000057220459,4.445000171661377,281144
2023-10-16 18:30:00+00:00,4.454999923706055,4.460000038146973,4.429999828338623,4.449999809265137,328590
2023-10-16 19:30:00+00:00,4.457499980926514,4.46999979019165,4.440000057220459,4.454999923706055,400696
2023-10-17 13:30:00+00:00,4.420000076293945,4.449999809265137,4.320000171661377,4.360000133514404,457086
2023-10-17 14:30:00+00:00,4.476500034332275,4.510000228881836,4.409999847412109,4.420000076293945,432011
2023-10-17 15:30:00+00:00,4.510000228881836,4.53000020980835,4.460000038146973,4.472700119018555,387400
2023-10-17 16:30:00+00:00,4.480000019073486,4.510000228881836,4.452499866485596,4.505000114440918,206690
2023-10-17 17:30:00+00:00,4.460000038146973,4.480000019073486,4.429999828338623,4.474999904632568,228076
2023-10-17 18:30:00+00:00,4.489999771118164,4.510000228881836,4.449999809265137,4.460000038146973,295983
2023-10-17 19:30:00+00:00,4.480000019073486,4.510000228881836,4.480000019073486,4.489999771118164,496611
2023-10-18 13:30:00+00:00,4.260000228881836,4.429999828338623,4.25,4.380000114440918,502196
2023-10-18 14:30:00+00:00,4.275000095367432,4.300000190734863,4.230000019073486,4.260000228881836,389392
2023-10-18 15:30:00+00:00,4.25,4.300000190734863,4.230000019073486,4.269999980926514,272043
2023-10-18 16:30:00+00:00,4.284999847412109,4.289999961853027,4.230000019073486,4.2505998611450195,198569
2023-10-18 17:30:00+00:00,4.230000019073486,4.289999961853027,4.21999979019165,4.281199932098389,337476
2023-10-18 18:30:00+00:00,4.224999904632568,4.239999771118164,4.199999809265137,4.230000019073486,393999
2023-10-18 19:30:00+00:00,4.239999771118164,4.260000228881836,4.21999979019165,4.224999904632568,480399
2023-10-19 13:30:00+00:00,4.239999771118164,4.329999923706055,4.199999809265137,4.289999961853027,698296
2023-10-19 14:30:00+00:00,4.260000228881836,4.289999961853027,4.223800182342529,4.2399001121521,224953
2023-10-19 15:30:00+00:00,4.289999961853027,4.319900035858154,4.25,4.260000228881836,252297
2023-10-19 16:30:00+00:00,4.289999961853027,4.300000190734863,4.230000019073486,4.295000076293945,248832
2023-10-19 17:30:00+00:00,4.239999771118164,4.28000020980835,4.215000152587891,4.28000020980835,227997
2023-10-19 18:30:00+00:00,4.210000038146973,4.235000133514404,4.190000057220459,4.230800151824951,426866
2023-10-19 19:30:00+00:00,4.210000038146973,4.239999771118164,4.190000057220459,4.215000152587891,453862
2023-10-20 13:30:00+00:00,4.099999904632568,4.215000152587891,4.099999904632568,4.199999809265137,909126
2023-10-20 14:30:00+00:00,4.070000171661377,4.130000114440918,4.059999942779541,4.100299835205078,555743
2023-10-20 15:30:00+00:00,4.125,4.130000114440918,4.070000171661377,4.074999809265137,229240
2023-10-20 16:30:00+00:00,4.175000190734863,4.190000057220459,4.119999885559082,4.130000114440918,229356
2023-10-20 17:30:00+00:00,4.139999866485596,4.195000171661377,4.139999866485596,4.175000190734863,210189
2023-10-20 18:30:00+00:00,4.099999904632568,4.150000095367432,4.099999904632568,4.139999866485596,213754
2023-10-20 19:30:00+00:00,4.09499979019165,4.119999885559082,4.079999923706055,4.105000019073486,498476
2023-10-23 13:30:00+00:00,4.133699893951416,4.164999961853027,4.0,4.079999923706055,1132541
2023-10-23 14:30:00+00:00,4.164999961853027,4.190000057220459,4.110000133514404,4.135000228881836,338508
2023-10-23 15:30:00+00:00,4.177299976348877,4.190000057220459,4.139999866485596,4.164999961853027,203122
2023-10-23 16:30:00+00:00,4.204999923706055,4.229800224304199,4.170000076293945,4.175000190734863,167083
2023-10-23 17:30:00+00:00,4.170000076293945,4.21999979019165,4.159999847412109,4.204999923706055,189858
2023-10-23 18:30:00+00:00,4.099999904632568,4.170000076293945,4.099999904632568,4.164999961853027,299773
2023-10-23 19:30:00+00:00,4.099999904632568,4.114999771118164,4.079999923706055,4.110000133514404,520469
2023-10-24 13:30:00+00:00,4.269999980926514,4.275000095367432,4.190000057220459,4.190000057220459,400332
2023-10-24 14:30:00+00:00,4.159999847412109,4.28000020980835,4.159999847412109,4.269999980926514,236064
2023-10-24 15:30:00+00:00,4.119999885559082,4.179999828338623,4.119999885559082,4.159999847412109,166708
2023-10-24 16:30:00+00:00,4.135000228881836,4.139999866485596,4.105000019073486,4.120100021362305,298035
2023-10-24 17:30:00+00:00,4.130000114440918,4.139999866485596,4.105000019073486,4.139699935913086,189896
2023-10-24 18:30:00+00:00,4.110000133514404,4.150000095367432,4.110000133514404,4.130000114440918,203474
2023-10-24 19:30:00+00:00,4.144999980926514,4.159999847412109,4.110000133514404,4.110000133514404,298873
2023-10-25 13:30:00+00:00,4.09499979019165,4.139999866485596,4.059999942779541,4.090000152587891,409653
2023-10-25 14:30:00+00:00,4.15500020980835,4.190000057220459,4.090000152587891,4.09499979019165,333550
2023-10-25 15:30:00+00:00,4.179999828338623,4.179999828338623,4.130000114440918,4.15500020980835,265057
2023-10-25 16:30:00+00:00,4.15500020980835,4.190000057220459,4.150000095367432,4.175000190734863,183709
2023-10-25 17:30:00+00:00,4.119999885559082,4.159999847412109,4.112500190734863,4.159999847412109,182874
2023-10-25 18:30:00+00:00,4.099999904632568,4.130000114440918,4.090000152587891,4.119999885559082,188609
2023-10-25 19:30:00+00:00,4.090000152587891,4.119999885559082,4.090000152587891,4.09499979019165,303850
2023-10-26 13:30:00+00:00,4.275000095367432,4.329999923706055,4.190000057220459,4.210000038146973,854018
2023-10-26 14:30:00+00:00,4.309999942779541,4.340000152587891,4.25,4.272500038146973,397585
2023-10-26 15:30:00+00:00,4.295000076293945,4.347899913787842,4.269999980926514,4.309999942779541,334262
2023-10-26 16:30:00+00:00,4.235000133514404,4.309999942779541,4.21999979019165,4.295000076293945,314844
2023-10-26 17:30:00+00:00,4.289999961853027,4.300000190734863,4.21999979019165,4.2368998527526855,237853
2023-10-26 18:30:00+00:00,4.319900035858154,4.340000152587891,4.289999961853027,4.289999961853027,294664
2023-10-26 19:30:00+00:00,4.275000095367432,4.315000057220459,4.264999866485596,4.309999942779541,439961
2023-10-27 13:30:00+00:00,4.235000133514404,4.364999771118164,4.199999809265137,4.309999942779541,557130
2023-10-27 14:30:00+00:00,4.21999979019165,4.239999771118164,4.175000190734863,4.235000133514404,231799
2023-10-27 15:30:00+00:00,4.210000038146973,4.224999904632568,4.183599948883057,4.224999904632568,276007
2023-10-27 16:30:00+00:00,4.170000076293945,4.21999979019165,4.15500020980835,4.210000038146973,144948
2023-10-27 17:30:00+00:00,4.151000022888184,4.179999828338623,4.139999866485596,4.164999961853027,216300
2023-10-27 18:30:00+00:00,4.170000076293945,4.1996002197265625,4.150000095367432,4.159900188446045,260246
2023-10-27 19:30:00+00:00,4.15500020980835,4.175000190734863,4.139999866485596,4.175000190734863,388672
2023-10-30 13:30:00+00:00,4.130000114440918,4.28000020980835,4.119999885559082,4.199999809265137,323734
2023-10-30 14:30:00+00:00,4.139999866485596,4.159999847412109,4.110000133514404,4.135000228881836,247098
2023-10-30 15:30:00+00:00,4.159999847412109,4.170000076293945,4.130000114440918,4.139999866485596,178569
2023-10-30 16:30:00+00:00,4.144999980926514,4.170000076293945,4.119999885559082,4.164999961853027,135932
2023-10-30 17:30:00+00:00,4.199999809265137,4.21999979019165,4.140100002288818,4.150000095367432,303986
2023-10-30 18:30:00+00:00,4.190000057220459,4.210000038146973,4.150000095367432,4.199999809265137,506022
2023-10-30 19:30:00+00:00,4.190000057220459,4.210000038146973,4.170000076293945,4.192399978637695,447847
2023-10-31 13:30:00+00:00,4.164999961853027,4.21999979019165,4.114999771118164,4.190000057220459,325679
2023-10-31 14:30:00+00:00,4.224999904632568,4.230000019073486,4.15500020980835,4.164999961853027,216298
2023-10-31 15:30:00+00:00,4.229800224304199,4.25,4.210000038146973,4.224999904632568,138009
2023-10-31 16:30:00+00:00,4.210000038146973,4.25,4.210000038146973,4.224999904632568,166216
2023-10-31 17:30:00+00:00,4.179999828338623,4.21999979019165,4.179999828338623,4.215000152587891,173222
2023-10-31 18:30:00+00:00,4.21999979019165,4.25,4.179999828338623,4.179999828338623,265049
2023-10-31 19:30:00+00:00,4.21999979019165,4.230000019073486,4.210000038146973,4.224999904632568,324902
2023-11-01 13:30:00+00:00,4.190000057220459,4.230000019073486,4.119999885559082,4.210000038146973,286513
2023-11-01 14:30:00+00:00,4.15500020980835,4.210000038146973,4.150000095367432,4.184999942779541,127192
2023-11-01 15:30:00+00:00,4.184999942779541,4.210000038146973,4.139999866485596,4.150000095367432,174085
2023-11-01 16:30:00+00:00,4.159999847412109,4.199999809265137,4.139999866485596,4.190000057220459,192222
2023-11-01 17:30:00+00:00,4.210000038146973,4.210000038146973,4.15500020980835,4.164999961853027,293218
2023-11-01 18:30:00+00:00,4.244999885559082,4.25,4.179999828338623,4.204999923706055,375020
2023-11-01 19:30:00+00:00,4.230000019073486,4.260000228881836,4.230000019073486,4.244999885559082,303606
2023-11-02 13:30:00+00:00,4.550000190734863,4.639999866485596,4.329999923706055,4.329999923706055,1178924
2023-11-02 14:30:00+00:00,4.574999809265137,4.590000152587891,4.510000228881836,4.554999828338623,368350
2023-11-02 15:30:00+00:00,4.527200222015381,4.625,4.519999980926514,4.574999809265137,407722
2023-11-02 16:30:00+00:00,4.552999973297119,4.570000171661377,4.519999980926514,4.53000020980835,336716
2023-11-02 17:30:00+00:00,4.537300109863281,4.559999942779541,4.510000228881836,4.559999942779541,272308
2023-11-02 18:30:00+00:00,4.527400016784668,4.539999961853027,4.5,4.539999961853027,385487
2023-11-02 19:30:00+00:00,4.590000152587891,4.590000152587891,4.520500183105469,4.520500183105469,553599
2023-11-03 13:30:00+00:00,4.635000228881836,4.809999942779541,4.622600078582764,4.710000038146973,929028
2023-11-03 14:30:00+00:00,4.644999980926514,4.704999923706055,4.619999885559082,4.630000114440918,378372
2023-11-03 15:30:00+00:00,4.619999885559082,4.659999847412109,4.599999904632568,4.644999980926514,322112
2023-11-03 16:30:00+00:00,4.605000019073486,4.639999866485596,4.590000152587891,4.61899995803833,278167
2023-11-03 17:30:00+00:00,4.619999885559082,4.630000114440918,4.590000152587891,4.610000133514404,240310
2023-11-03 18:30:00+00:00,4.610000133514404,4.650000095367432,4.599999904632568,4.614999771118164,385279
2023-11-03 19:30:00+00:00,4.599999904632568,4.619999885559082,4.590000152587891,4.614999771118164,413644
2023-11-06 14:30:00+00:00,4.440000057220459,4.650000095367432,4.429999828338623,4.630000114440918,663605
2023-11-06 15:30:00+00:00,4.400000095367432,4.460000038146973,4.369999885559082,4.429999828338623,294348
2023-11-06 16:30:00+00:00,4.369999885559082,4.409999847412109,4.369999885559082,4.394999980926514,203777
2023-11-06 17:30:00+00:00,4.347099781036377,4.389999866485596,4.329999923706055,4.375,204651
2023-11-06 18:30:00+00:00,4.369999885559082,4.369999885559082,4.340000152587891,4.34499979019165,197487
2023-11-06 19:30:00+00:00,4.360000133514404,4.394999980926514,4.349999904632568,4.360099792480469,236787
2023-11-06 20:30:00+00:00,4.360000133514404,4.369900226593018,4.340000152587891,4.360000133514404,363180
2023-11-07 14:30:00+00:00,4.434999942779541,4.46999979019165,4.269999980926514,4.329999923706055,425202
2023-11-07 15:30:00+00:00,4.434999942779541,4.460000038146973,4.420000076293945,4.434999942779541,249747
2023-11-07 16:30:00+00:00,4.414999961853027,4.480000019073486,4.414999961853027,4.434999942779541,152139
2023-11-07 17:30:00+00:00,4.394999980926514,4.420000076293945,4.371600151062012,4.414999961853027,230266
2023-11-07 18:30:00+00:00,4.425000190734863,4.449699878692627,4.389999866485596,4.394999980926514,196486
2023-11-07 19:30:00+00:00,4.494699954986572,4.5,4.420000076293945,4.425000190734863,267720
2023-11-07 20:30:00+00:00,4.510000228881836,4.510000228881836,4.489999771118164,4.494999885559082,329448
2023-11-08 14:30:00+00:00,4.375,4.519999980926514,4.375,4.519999980926514,401421
2023-11-08 15:30:00+00:00,4.454999923706055,4.465000152587891,4.375,4.380000114440918,217536
2023-11-08 16:30:00+00:00,4.460000038146973,4.489999771118164,4.440000057220459,4.454999923706055,222804
2023-11-08 17:30:00+00:00,4.429999828338623,4.460000038146973,4.400000095367432,4.454999923706055,325828
2023-11-08 18:30:00+00:00,4.380000114440918,4.445000171661377,4.380000114440918,4.440000057220459,203128
2023-11-08 19:30:00+00:00,4.364999771118164,4.420000076293945,4.360000133514404,4.385000228881836,331906
2023-11-08 20:30:00+00:00,4.364999771118164,4.380000114440918,4.349999904632568,4.360099792480469,429511
2023-11-09 14:30:00+00:00,4.329999923706055,4.550000190734863,4.320000171661377,4.539999961853027,813981
2023-11-09 15:30:00+00:00,4.284999847412109,4.360000133514404,4.260000228881836,4.335000038146973,547829
2023-11-09 16:30:00+00:00,4.264999866485596,4.329999923706055,4.260000228881836,4.284999847412109,464145
2023-11-09 17:30:00+00:00,4.289999961853027,4.369999885559082,4.264999866485596,4.268899917602539,371212
2023-11-09 18:30:00+00:00,4.275000095367432,4.289999961853027,4.210000038146973,4.289999961853027,1422496
2023-11-09 19:30:00+00:00,4.284999847412109,4.309999942779541,4.235000133514404,4.279900074005127,347215
2023-11-09 20:30:00+00:00,4.275000095367432,4.289999961853027,4.260000228881836,4.284999847412109,622068
2023-11-10 14:30:00+00:00,4.260000228881836,4.369999885559082,4.260000228881836,4.320000171661377,359169
2023-11-10 15:30:00+00:00,4.300000190734863,4.300000190734863,4.210000038146973,4.260000228881836,282398
2023-11-10 16:30:00+00:00,4.28000020980835,4.304999828338623,4.269999980926514,4.299099922180176,277076
2023-11-10 17:30:00+00:00,4.34499979019165,4.360000133514404,4.269999980926514,4.28000020980835,276045
2023-11-10 18:30:00+00:00,4.389999866485596,4.389999866485596,4.309999942779541,4.34499979019165,300573
2023-11-10 19:30:00+00:00,4.394999980926514,4.400000095367432,4.369999885559082,4.385000228881836,270965
2023-11-10 20:30:00+00:00,4.369999885559082,4.400000095367432,4.360000133514404,4.394999980926514,427779
2023-11-13 14:30:00+00:00,4.289999961853027,4.389999866485596,4.260000228881836,4.380000114440918,355015
2023-11-13 15:30:00+00:00,4.375,4.3790998458862305,4.289999961853027,4.289999961853027,260074
2023-11-13 16:30:00+00:00,4.34499979019165,4.389999866485596,4.324999809265137,4.369999885559082,228078
2023-11-13 17:30:00+00:00,4.329999923706055,4.36899995803833,4.329999923706055,4.34499979019165,160980
2023-11-13 18:30:00+00:00,4.297900199890137,4.349999904632568,4.289999961853027,4.332499980926514,180905
2023-11-13 19:30:00+00:00,4.284999847412109,4.315000057220459,4.281199932098389,4.289999961853027,230350
2023-11-13 20:30:00+00:00,4.329999923706055,4.329999923706055,4.280099868774414,4.28249979019165,424354
2023-11-14 14:30:00+00:00,4.509699821472168,4.639999866485596,4.46999979019165,4.5,1717672
2023-11-14 15:30:00+00:00,4.31879997253418,4.53000020980835,4.309999942779541,4.505000114440918,1726857
2023-11-14 16:30:00+00:00,4.375,4.414999961853027,4.309999942779541,4.309999942779541,1269953
2023-11-14 17:30:00+00:00,4.347899913787842,4.409999847412109,4.340000152587891,4.375,1101820
2023-11-14 18:30:00+00:00,4.275000095367432,4.349999904632568,4.260000228881836,4.34499979019165,725309
2023-11-14 19:30:00+00:00,4.375,4.385000228881836,4.199999809265137,4.275000095367432,15562522
2023-11-14 20:30:00+00:00,4.309999942779541,4.389999866485596,4.300000190734863,4.375,2162241
2023-11-15 14:30:00+00:00,4.505000114440918,4.550000190734863,4.309999942779541,4.380000114440918,2060688
2023-11-15 15:30:00+00:00,4.519999980926514,4.650000095367432,4.489999771118164,4.505000114440918,1717603
2023-11-15 16:30:00+00:00,4.409999847412109,4.525000095367432,4.40500020980835,4.525000095367432,561586
2023-11-15 17:30:00+00:00,4.394999980926514,4.449999809265137,4.375,4.414999961853027,514017
2023-11-15 18:30:00+00:00,4.394999980926514,4.420000076293945,4.380000114440918,4.394999980926514,335614
2023-11-15 19:30:00+00:00,4.400000095367432,4.420000076293945,4.380000114440918,4.400000095367432,449208
2023-11-15 20:30:00+00:00,4.385000228881836,4.429999828338623,4.380000114440918,4.400000095367432,947901
2023-11-16 14:30:00+00:00,4.239999771118164,4.400000095367432,4.199999809265137,4.369999885559082,1068131
2023-11-16 15:30:00+00:00,4.170000076293945,4.260000228881836,4.150000095367432,4.239999771118164,938374
2023-11-16 16:30:00+00:00,4.221199989318848,4.239999771118164,4.139999866485596,4.169899940490723,614843
2023-11-16 17:30:00+00:00,4.195000171661377,4.269999980926514,4.190000057220459,4.224999904632568,353023
2023-11-16 18:30:00+00:00,4.210000038146973,4.235000133514404,4.190000057220459,4.199900150299072,232183
2023-11-16 19:30:00+00:00,4.264999866485596,4.300000190734863,4.210000038146973,4.210000038146973,540711
2023-11-16 20:30:00+00:00,4.215000152587891,4.264999866485596,4.210000038146973,4.264999866485596,641443
2023-11-17 14:30:00+00:00,4.260000228881836,4.28000020980835,4.150000095367432,4.215000152587891,850175
2023-11-17 15:30:00+00:00,4.199999809265137,4.289999961853027,4.199999809265137,4.251999855041504,416179
2023-11-17 16:30:00+00:00,4.210000038146973,4.21999979019165,4.179999828338623,4.199999809265137,375365
2023-11-17 17:30:00+00:00,4.260000228881836,4.289999961853027,4.199999809265137,4.204999923706055,333323
2023-11-17 18:30:00+00:00,4.284999847412109,4.304999828338623,4.260000228881836,4.269999980926514,500566
2023-11-17 19:30:00+00:00,4.239999771118164,4.284999847412109,4.239999771118164,4.284999847412109,318779
2023-11-17 20:30:00+00:00,4.21999979019165,4.248899936676025,4.199999809265137,4.248899936676025,697672
2023-11-20 14:30:00+00:00,4.295000076293945,4.380000114440918,4.260000228881836,4.289999961853027,727415
2023-11-20 15:30:00+00:00,4.355000019073486,4.389999866485596,4.289999961853027,4.299900054931641,568865
2023-11-20 16:30:00+00:00,4.349999904632568,4.375,4.324999809265137,4.355000019073486,314065
2023-11-20 17:30:00+00:00,4.355000019073486,4.380000114440918,4.340000152587891,4.352499961853027,275139
2023-11-20 18:30:00+00:00,4.298799991607666,4.360000133514404,4.289999961853027,4.357900142669678,370235
2023-11-20 19:30:00+00:00,4.275000095367432,4.309999942779541,4.269999980926514,4.295000076293945,592452
2023-11-20 20:30:00+00:00,4.300000190734863,4.304999828338623,4.269999980926514,4.275000095367432,706003
2023-11-21 14:30:00+00:00,4.190000057220459,4.320000171661377,4.170000076293945,4.320000171661377,751913
2023-11-21 15:30:00+00:00,4.210000038146973,4.215000152587891,4.170000076293945,4.189000129699707,286932
2023-11-21 16:30:00+00:00,4.210000038146973,4.230000019073486,4.190000057220459,4.204999923706055,267170
2023-11-21 17:30:00+00:00,4.190000057220459,4.21999979019165,4.179999828338623,4.204999923706055,318576
2023-11-21 18:30:00+00:00,4.204999923706055,4.210000038146973,4.179999828338623,4.184999942779541,235166
2023-11-21 19:30:00+00:00,4.215000152587891,4.230000019073486,4.190000057220459,4.204999923706055,256544
2023-11-21 20:30:00+00:00,4.21999979019165,4.230000019073486,4.199999809265137,4.218800067901611,467183
2023-11-22 14:30:00+00:00,4.230000019073486,4.309999942779541,4.199999809265137,4.21999979019165,664878
2023-11-22 15:30:00+00:00,4.204999923706055,4.239999771118164,4.204999923706055,4.230000019073486,276624
2023-11-22 16:30:00+00:00,4.215000152587891,4.249899864196777,4.199999809265137,4.208499908447266,194851
2023-11-22 17:30:00+00:00,4.230000019073486,4.230000019073486,4.199999809265137,4.215000152587891,211570
2023-11-22 18:30:00+00:00,4.21999979019165,4.239999771118164,4.199999809265137,4.239799976348877,329002
2023-11-22 19:30:00+00:00,4.239999771118164,4.25,4.190000057220459,4.21750020980835,375132
2023-11-22 20:30:00+00:00,4.255000114440918,4.260000228881836,4.235000133514404,4.244999885559082,331390
2023-11-24 14:30:00+00:00,4.340000152587891,4.347499847412109,4.199999809265137,4.28000020980835,516164
2023-11-24 15:30:00+00:00,4.355000019073486,4.400000095367432,4.340000152587891,4.344099998474121,469650
2023-11-24 16:30:00+00:00,4.385000228881836,4.400000095367432,4.355000019073486,4.355000019073486,420727
2023-11-27 14:30:00+00:00,4.375,4.409999847412109,4.309999942779541,4.369999885559082,765224
2023-11-27 15:30:00+00:00,4.329999923706055,4.389999866485596,4.309999942779541,4.380000114440918,338265
2023-11-27 16:30:00+00:00,4.315000057220459,4.349999904632568,4.295000076293945,4.329999923706055,295293
2023-11-27 17:30:00+00:00,4.284999847412109,4.320000171661377,4.28000020980835,4.309999942779541,198201
2023-11-27 18:30:00+00:00,4.269899845123291,4.289999961853027,4.260000228881836,4.284999847412109,241150
2023-11-27 19:30:00+00:00,4.275000095367432,4.289999961853027,4.25,4.269999980926514,270097
2023-11-27 20:30:00+00:00,4.264999866485596,4.289999961853027,4.260000228881836,4.28000020980835,409655
2023-11-28 14:30:00+00:00,4.170000076293945,4.300000190734863,4.170000076293945,4.300000190734863,720429
2023-11-28 15:30:00+00:00,4.255000114440918,4.269999980926514,4.159999847412109,4.178800106048584,502820
2023-11-28 16:30:00+00:00,4.264999866485596,4.28000020980835,4.241499900817871,4.255000114440918,298394
2023-11-28 17:30:00+00:00,4.291600227355957,4.304999828338623,4.239999771118164,4.264999866485596,439613
2023-11-28 18:30:00+00:00,4.324999809265137,4.329999923706055,4.289999961853027,4.295000076293945,374792
2023-11-28 19:30:00+00:00,4.34499979019165,4.369999885559082,4.309999942779541,4.3221001625061035,471840
2023-11-28 20:30:00+00:00,4.409999847412109,4.409999847412109,4.340000152587891,4.34499979019165,725849
2023-11-29 14:30:00+00:00,4.598999977111816,4.639999866485596,4.452199935913086,4.5,1730991
2023-11-29 15:30:00+00:00,4.370500087738037,4.619999885559082,4.369999885559082,4.590000152587891,756814
2023-11-29 16:30:00+00:00,4.449999809265137,4.465000152587891,4.360000133514404,4.369999885559082,384045
2023-11-29 17:30:00+00:00,4.519999980926514,4.525000095367432,4.440000057220459,4.454999923706055,496562
2023-11-29 18:30:00+00:00,4.440000057220459,4.519999980926514,4.429999828338623,4.519999980926514,525637
2023-11-29 19:30:00+00:00,4.369999885559082,4.445000171661377,4.349999904632568,4.440000057220459,387136
2023-11-29 20:30:00+00:00,4.389999866485596,4.389999866485596,4.349999904632568,4.375,323826
2023-11-30 14:30:00+00:00,4.5,4.5,4.340000152587891,4.409999847412109,738840
2023-11-30 15:30:00+00:00,4.428999900817871,4.505000114440918,4.414999961853027,4.494999885559082,404045
2023-11-30 16:30:00+00:00,4.385000228881836,4.429999828338623,4.360000133514404,4.420000076293945,317787
2023-11-30 17:30:00+00:00,4.409999847412109,4.429999828338623,4.38100004196167,4.385000228881836,147245
2023-11-30 18:30:00+00:00,4.389999866485596,4.409999847412109,4.380000114440918,4.40500020980835,146508
2023-11-30 19:30:00+00:00,4.394999980926514,4.429999828338623,4.389999866485596,4.390100002288818,229382
2023-11-30 20:30:00+00:00,4.380000114440918,4.400000095367432,4.369999885559082,4.390500068664551,396332
2023-12-01 14:30:00+00:00,4.450799942016602,4.465000152587891,4.360000133514404,4.400000095367432,674373
2023-12-01 15:30:00+00:00,4.485000133514404,4.554999828338623,4.429999828338623,4.454999923706055,956306
2023-12-01 16:30:00+00:00,4.474999904632568,4.5,4.452099800109863,4.480000019073486,258079
2023-12-01 17:30:00+00:00,4.445000171661377,4.525000095367432,4.441500186920166,4.46999979019165,392435
2023-12-01 18:30:00+00:00,4.474999904632568,4.510000228881836,4.440000057220459,4.445000171661377,389513
2023-12-01 19:30:00+00:00,4.474999904632568,4.480000019073486,4.449999809265137,4.46999979019165,381538
2023-12-01 20:30:00+00:00,4.449999809265137,4.480000019073486,4.440000057220459,4.474999904632568,1016379
2023-12-04 14:30:00+00:00,4.480000019073486,4.585000038146973,4.449999809265137,4.460000038146973,823605
2023-12-04 15:30:00+00:00,4.505000114440918,4.519999980926514,4.46150016784668,4.485000133514404,270735
2023-12-04 16:30:00+00:00,4.514999866485596,4.53000020980835,4.489999771118164,4.5,222726
2023-12-04 17:30:00+00:00,4.514999866485596,4.559999942779541,4.510000228881836,4.514999866485596,248699
2023-12-04 18:30:00+00:00,4.550000190734863,4.559999942779541,4.510000228881836,4.510000228881836,153878
2023-12-04 19:30:00+00:00,4.554999828338623,4.565000057220459,4.53000020980835,4.539999961853027,384870
2023-12-04 20:30:00+00:00,4.574999809265137,4.590000152587891,4.554999828338623,4.554999828338623,498245
2023-12-05 14:30:00+00:00,4.565000057220459,4.599999904632568,4.420000076293945,4.539999961853027,890913
2023-12-05 15:30:00+00:00,4.53000020980835,4.570000171661377,4.512599945068359,4.570000171661377,287502
2023-12-05 16:30:00+00:00,4.489999771118164,4.550000190734863,4.480000019073486,4.534999847412109,215320
2023-12-05 17:30:00+00:00,4.480000019073486,4.5,4.46999979019165,4.494999885559082,209782
2023-12-05 18:30:00+00:00,4.460000038146973,4.480000019073486,4.449999809265137,4.480000019073486,308589
2023-12-05 19:30:00+00:00,4.425000190734863,4.466899871826172,4.420000076293945,4.460000038146973,305532
2023-12-05 20:30:00+00:00,4.440000057220459,4.489999771118164,4.425000190734863,4.425000190734863,553780
2023-12-06 14:30:00+00:00,4.545000076293945,4.610000133514404,4.4517998695373535,4.480000019073486,740380
2023-12-06 15:30:00+00:00,4.559100151062012,4.598100185394287,4.53000020980835,4.550000190734863,264080
2023-12-06 16:30:00+00:00,4.565000057220459,4.570000171661377,4.534999847412109,4.554999828338623,182320
2023-12-06 17:30:00+00:00,4.53000020980835,4.570000171661377,4.510000228881836,4.565000057220459,155124
2023-12-06 18:30:00+00:00,4.505000114440918,4.559999942779541,4.505000114440918,4.525000095367432,144333
2023-12-06 19:30:00+00:00,4.454999923706055,4.539999961853027,4.449999809265137,4.50540018081665,248851
2023-12-06 20:30:00+00:00,4.449999809265137,4.474999904632568,4.449999809265137,4.449999809265137,291009
2023-12-07 14:30:00+00:00,4.505000114440918,4.554999828338623,4.465000152587891,4.510000228881836,671656
2023-12-07 15:30:00+00:00,4.5,4.550000190734863,4.480000019073486,4.505000114440918,356011
2023-12-07 16:30:00+00:00,4.5279998779296875,4.534999847412109,4.485000133514404,4.5,239333
2023-12-07 17:30:00+00:00,4.574999809265137,4.579999923706055,4.519999980926514,4.525000095367432,464200
2023-12-07 18:30:00+00:00,4.649799823760986,4.659999847412109,4.574999809265137,4.574999809265137,767979
2023-12-07 19:30:00+00:00,4.672100067138672,4.699999809265137,4.639999866485596,4.650000095367432,537790
2023-12-07 20:30:00+00:00,4.710000038146973,4.710000038146973,4.6717000007629395,4.6717000007629395,402483
2023-12-08 14:30:00+00:00,4.885000228881836,4.931300163269043,4.724999904632568,4.760000228881836,882371
2023-12-08 15:30:00+00:00,4.804999828338623,4.909999847412109,4.789999961853027,4.886600017547607,353992
2023-12-08 16:30:00+00:00,4.7399001121521,4.820000171661377,4.71999979019165,4.809999942779541,314559
2023-12-08 17:30:00+00:00,4.784999847412109,4.804999828338623,4.730000019073486,4.738699913024902,232578
2023-12-08 18:30:00+00:00,4.835000038146973,4.835000038146973,4.760000228881836,4.789999961853027,301461
2023-12-08 19:30:00+00:00,4.83519983291626,4.840000152587891,4.804999828338623,4.835000038146973,291046
2023-12-08 20:30:00+00:00,4.804999828338623,4.840000152587891,4.769999980926514,4.835000038146973,614530
2023-12-11 14:30:00+00:00,4.650000095367432,4.840000152587891,4.639999866485596,4.789999961853027,899253
2023-12-11 15:30:00+00:00,4.610000133514404,4.679999828338623,4.610000133514404,4.65500020980835,343813
2023-12-11 16:30:00+00:00,4.644999980926514,4.659999847412109,4.601500034332275,4.611299991607666,554347
2023-12-11 17:30:00+00:00,4.635000228881836,4.659999847412109,4.619999885559082,4.644999980926514,190986
2023-12-11 18:30:00+00:00,4.684999942779541,4.690000057220459,4.630000114440918,4.635000228881836,250258
2023-12-11 19:30:00+00:00,4.639999866485596,4.699999809265137,4.635000228881836,4.690000057220459,275612
2023-12-11 20:30:00+00:00,4.650000095367432,4.659999847412109,4.619999885559082,4.639999866485596,404085
2023-12-12 14:30:00+00:00,4.554999828338623,4.670000076293945,4.480000019073486,4.630000114440918,969348
2023-12-12 15:30:00+00:00,4.5,4.574999809265137,4.5,4.559899806976318,410818
2023-12-12 16:30:00+00:00,4.554999828338623,4.570000171661377,4.5,4.505000114440918,265485
2023-12-12 17:30:00+00:00,4.545000076293945,4.570000171661377,4.53000020980835,4.559999942779541,315552
2023-12-12 18:30:00+00:00,4.574999809265137,4.590000152587891,4.541999816894531,4.550000190734863,296261
2023-12-12 19:30:00+00:00,4.625,4.650000095367432,4.574999809265137,4.574999809265137,383704
2023-12-12 20:30:00+00:00,4.599999904632568,4.630000114440918,4.590000152587891,4.630000114440918,332345
2023-12-13 14:30:00+00:00,4.649899959564209,4.699999809265137,4.579999923706055,4.599999904632568,461412
2023-12-13 15:30:00+00:00,4.605000019073486,4.675000190734863,4.599999904632568,4.650000095367432,325609
2023-12-13 16:30:00+00:00,4.590000152587891,4.625,4.579999923706055,4.605000019073486,336841
2023-12-13 17:30:00+00:00,4.559999942779541,4.599999904632568,4.550000190734863,4.590000152587891,144955
2023-12-13 18:30:00+00:00,4.698999881744385,4.698999881744385,4.53000020980835,4.565000057220459,626622
2023-12-13 19:30:00+00:00,4.809899806976318,4.829999923706055,4.679999828338623,4.690000057220459,799652
2023-12-13 20:30:00+00:00,4.929999828338623,4.929999828338623,4.804999828338623,4.804999828338623,867439
2023-12-14 14:30:00+00:00,5.189300060272217,5.478600025177002,5.159999847412109,5.200200080871582,2217294
2023-12-14 15:30:00+00:00,5.079999923706055,5.210000038146973,5.070000171661377,5.190000057220459,1039257
2023-12-14 16:30:00+00:00,5.191199779510498,5.224999904632568,5.085000038146973,5.085000038146973,575628
2023-12-14 17:30:00+00:00,5.09499979019165,5.21999979019165,5.081200122833252,5.192800045013428,679978
2023-12-14 18:30:00+00:00,5.105000019073486,5.130000114440918,5.03000020980835,5.09499979019165,611568
2023-12-14 19:30:00+00:00,5.150100231170654,5.179999828338623,5.090000152587891,5.110000133514404,418776
2023-12-14 20:30:00+00:00,5.170000076293945,5.179999828338623,5.135000228881836,5.150000095367432,452374
2023-12-15 14:30:00+00:00,4.880099773406982,5.070000171661377,4.630000114440918,4.989999771118164,7093692
2023-12-15 15:30:00+00:00,4.789999961853027,4.889999866485596,4.730000019073486,4.888000011444092,1504710
2023-12-15 16:30:00+00:00,4.800000190734863,4.840000152587891,4.7600998878479,4.789999961853027,767992
2023-12-15 17:30:00+00:00,4.739999771118164,4.804999828338623,4.699999809265137,4.800000190734863,617925
2023-12-15 18:30:00+00:00,4.687300205230713,4.739999771118164,4.679999828338623,4.739999771118164,619480
2023-12-15 19:30:00+00:00,4.65500020980835,4.699999809265137,4.650000095367432,4.684999942779541,639279
2023-12-15 20:30:00+00:00,4.599999904632568,4.670000076293945,4.599999904632568,4.65500020980835,1530765
2023-12-18 14:30:00+00:00,4.489999771118164,4.690000057220459,4.480000019073486,4.679999828338623,2257239
2023-12-18 15:30:00+00:00,4.489999771118164,4.5,4.440000057220459,4.489099979400635,1013943
2023-12-18 16:30:00+00:00,4.485000133514404,4.510000228881836,4.454999923706055,4.498700141906738,543078
2023-12-18 17:30:00+00:00,4.510000228881836,4.519999980926514,4.46999979019165,4.485000133514404,516234
2023-12-18 18:30:00+00:00,4.5,4.514999866485596,4.480000019073486,4.510900020599365,542927
2023-12-18 19:30:00+00:00,4.510000228881836,4.53000020980835,4.481200218200684,4.505000114440918,636561
2023-12-18 20:30:00+00:00,4.489999771118164,4.519999980926514,4.480000019073486,4.514999866485596,632876
2023-12-19 14:30:00+00:00,4.638000011444092,4.679999828338623,4.52869987487793,4.539999961853027,1090671
2023-12-19 15:30:00+00:00,4.639999866485596,4.679999828338623,4.599999904632568,4.630000114440918,722852
2023-12-19 16:30:00+00:00,4.59499979019165,4.639100074768066,4.559999942779541,4.635000228881836,649123
2023-12-19 17:30:00+00:00,4.590000152587891,4.619999885559082,4.579999923706055,4.59499979019165,233748
2023-12-19 18:30:00+00:00,4.605000019073486,4.610000133514404,4.579999923706055,4.590000152587891,270780
2023-12-19 19:30:00+00:00,4.664999961853027,4.670000076293945,4.590000152587891,4.605000019073486,695122
2023-12-19 20:30:00+00:00,4.690000057220459,4.690000057220459,4.650000095367432,4.670000076293945,968001
2023-12-20 14:30:00+00:00,4.649899959564209,4.75,4.59499979019165,4.679999828338623,1147012
2023-12-20 15:30:00+00:00,4.65500020980835,4.699999809265137,4.619999885559082,4.650000095367432,418225
2023-12-20 16:30:00+00:00,4.644999980926514,4.659999847412109,4.610000133514404,4.650899887084961,262776
2023-12-20 17:30:00+00:00,4.664999961853027,4.690000057220459,4.644999980926514,4.650000095367432,263243
2023-12-20 18:30:00+00:00,4.635000228881836,4.6890997886657715,4.630000114440918,4.670000076293945,222273
2023-12-20 19:30:00+00:00,4.46999979019165,4.639999866485596,4.454999923706055,4.635000228881836,1125232
2023-12-20 20:30:00+00:00,4.414999961853027,4.480000019073486,4.389999866485596,4.4745001792907715,1108146
2023-12-21 14:30:00+00:00,4.375,4.539999961853027,4.364999771118164,4.489999771118164,1533671
2023-12-21 15:30:00+00:00,4.380000114440918,4.408199787139893,4.360000133514404,4.380000114440918,750679
2023-12-21 16:30:00+00:00,4.34499979019165,4.389999866485596,4.340000152587891,4.385000228881836,800037
2023-12-21 17:30:00+00:00,4.389999866485596,4.414400100708008,4.340000152587891,4.34499979019165,486948
2023-12-21 18:30:00+00:00,4.389999866485596,4.409999847412109,4.380000114440918,4.394999980926514,306541
2023-12-21 19:30:00+00:00,4.429999828338623,4.429999828338623,4.380000114440918,4.389999866485596,425648
2023-12-21 20:30:00+00:00,4.440000057220459,4.454999923706055,4.425000190734863,4.428299903869629,457511
2023-12-22 14:30:00+00:00,5.675000190734863,5.709000110626221,4.940000057220459,5.090000152587891,23640237
2023-12-22 15:30:00+00:00,5.453800201416016,5.760000228881836,5.440000057220459,5.679999828338623,10048773
2023-12-22 16:30:00+00:00,5.494999885559082,5.559999942779541,5.409999847412109,5.450900077819824,5768729
2023-12-22 17:30:00+00:00,5.474999904632568,5.559999942779541,5.409999847412109,5.494999885559082,2959554
2023-12-22 18:30:00+00:00,5.369999885559082,5.480000019073486,5.329999923706055,5.474999904632568,2589850
2023-12-22 19:30:00+00:00,5.385000228881836,5.409999847412109,5.295000076293945,5.372600078582764,3096602
2023-12-22 20:30:00+00:00,5.445000171661377,5.478600025177002,5.380000114440918,5.385000228881836,3034910
2023-12-26 14:30:00+00:00,5.577199935913086,5.800000190734863,5.381800174713135,5.635000228881836,7545959
2023-12-26 15:30:00+00:00,5.590000152587891,5.670000076293945,5.559999942779541,5.570000171661377,2063477
2023-12-26 16:30:00+00:00,5.59499979019165,5.630000114440918,5.53000020980835,5.590000152587891,1188321
2023-12-26 17:30:00+00:00,5.565000057220459,5.619999885559082,5.539999961853027,5.59499979019165,662426
2023-12-26 18:30:00+00:00,5.588799953460693,5.599999904632568,5.519999980926514,5.570000171661377,855151
2023-12-26 19:30:00+00:00,5.675000190734863,5.829999923706055,5.585000038146973,5.585000038146973,3835619
2023-12-26 20:30:00+00:00,5.630000114440918,5.690000057220459,5.619999885559082,5.679999828338623,1942846
2023-12-27 14:30:00+00:00,5.627500057220459,5.809999942779541,5.554999828338623,5.650000095367432,3075186
2023-12-27 15:30:00+00:00,5.704999923706055,5.71999979019165,5.585000038146973,5.619999885559082,1370864
2023-12-27 16:30:00+00:00,5.679800033569336,5.729899883270264,5.630000114440918,5.701900005340576,811906
2023-12-27 17:30:00+00:00,5.724999904632568,5.75,5.639999866485596,5.670100212097168,801333
2023-12-27 18:30:00+00:00,5.732800006866455,5.760000228881836,5.679999828338623,5.724999904632568,711368
2023-12-27 19:30:00+00:00,5.699999809265137,5.739999771118164,5.690000057220459,5.730000019073486,594735
2023-12-27 20:30:00+00:00,5.75,5.760000228881836,5.690000057220459,5.704999923706055,1001132
2023-12-28 14:30:00+00:00,5.980000019073486,6.0,5.650000095367432,5.710000038146973,2941000
2023-12-28 15:30:00+00:00,5.920000076293945,6.139900207519531,5.880000114440918,5.96999979019165,3751142
2023-12-28 16:30:00+00:00,5.909900188446045,5.934999942779541,5.849999904632568,5.920000076293945,1036665
2023-12-28 17:30:00+00:00,5.857500076293945,5.920000076293945,5.820000171661377,5.900000095367432,700054
2023-12-28 18:30:00+00:00,5.823999881744385,5.860000133514404,5.775000095367432,5.849999904632568,779979
2023-12-28 19:30:00+00:00,5.804999828338623,5.855000019073486,5.800000190734863,5.824999809265137,533891
2023-12-28 20:30:00+00:00,5.78000020980835,5.820000171661377,5.769999980926514,5.804999828338623,1029743
2023-12-29 14:30:00+00:00,5.514999866485596,5.78000020980835,5.489999771118164,5.78000020980835,3233658
2023-12-29 15:30:00+00:00,5.514999866485596,5.579999923706055,5.449999809265137,5.511099815368652,1625081
2023-12-29 16:30:00+00:00,5.449999809265137,5.534999847412109,5.440000057220459,5.514999866485596,849125
2023-12-29 17:30:00+00:00,5.574999809265137,5.590000152587891,5.440199851989746,5.451499938964844,894987
2023-12-29 18:30:00+00:00,5.570000171661377,5.590000152587891,5.510000228881836,5.570000171661377,712537
2023-12-29 19:30:00+00:00,5.559899806976318,5.579999923706055,5.539999961853027,5.570000171661377,627085
2023-12-29 20:30:00+00:00,5.53000020980835,5.589099884033203,5.519999980926514,5.559999942779541,828834
2024-01-02 14:30:00+00:00,5.514999866485596,5.570000171661377,5.349999904632568,5.449999809265137,2244034
2024-01-02 15:30:00+00:00,5.460000038146973,5.5106000900268555,5.420000076293945,5.510000228881836,761754
2024-01-02 16:30:00+00:00,5.474999904632568,5.510000228881836,5.445000171661377,5.460000038146973,337884
2024-01-02 17:30:00+00:00,5.400000095367432,5.489999771118164,5.389999866485596,5.471199989318848,633041
2024-01-02 18:30:00+00:00,5.355000019073486,5.414999961853027,5.329999923706055,5.400000095367432,778019
2024-01-02 19:30:00+00:00,5.298500061035156,5.375,5.269999980926514,5.349999904632568,883719
2024-01-02 20:30:00+00:00,5.309999942779541,5.309999942779541,5.269999980926514,5.291100025177002,752605
2024-01-03 14:30:00+00:00,5.164999961853027,5.199999809265137,5.070000171661377,5.170000076293945,2290461
2024-01-03 15:30:00+00:00,5.199999809265137,5.199999809265137,5.050000190734863,5.169300079345703,887771
2024-01-03 16:30:00+00:00,5.130000114440918,5.199999809265137,5.119999885559082,5.198699951171875,422117
2024-01-03 17:30:00+00:00,5.179800033569336,5.210000038146973,5.110000133514404,5.139999866485596,413606
2024-01-03 18:30:00+00:00,5.172299861907959,5.179999828338623,5.105000019073486,5.178899765014648,318052
2024-01-03 19:30:00+00:00,5.065000057220459,5.190000057220459,5.050000190734863,5.179999828338623,751264
2024-01-03 20:30:00+00:00,5.09499979019165,5.119999885559082,5.065000057220459,5.069900035858154,764734
2024-01-04 14:30:00+00:00,5.355000019073486,5.439899921417236,5.099999904632568,5.119999885559082,2086222
2024-01-04 15:30:00+00:00,5.389999866485596,5.420000076293945,5.340000152587891,5.355000019073486,681447
2024-01-04 16:30:00+00:00,5.380000114440918,5.4197998046875,5.329999923706055,5.389999866485596,748174
2024-01-04 17:30:00+00:00,5.489999771118164,5.5,5.360000133514404,5.389999866485596,890614
2024-01-04 18:30:00+00:00,5.460000038146973,5.550099849700928,5.460000038146973,5.494999885559082,1490468
2024-01-04 19:30:00+00:00,5.505000114440918,5.519999980926514,5.429999828338623,5.454999923706055,751759
2024-01-04 20:30:00+00:00,5.474999904632568,5.519999980926514,5.46999979019165,5.505000114440918,856356
2024-01-05 14:30:00+00:00,5.539999961853027,5.614999771118164,5.369999885559082,5.449999809265137,1937244
2024-01-05 15:30:00+00:00,5.440000057220459,5.574999809265137,5.429999828338623,5.539999961853027,942645
2024-01-05 16:30:00+00:00,5.364999771118164,5.445000171661377,5.364999771118164,5.43120002746582,622760
2024-01-05 17:30:00+00:00,5.429999828338623,5.45989990234375,5.360000133514404,5.369999885559082,617921
2024-01-05 18:30:00+00:00,5.465000152587891,5.489999771118164,5.429999828338623,5.429999828338623,307110
2024-01-05 19:30:00+00:00,5.429999828338623,5.489999771118164,5.380000114440918,5.465000152587891,511546
2024-01-05 20:30:00+00:00,5.400000095367432,5.440000057220459,5.400000095367432,5.425000190734863,533604
2024-01-08 14:30:00+00:00,5.385000228881836,5.425000190734863,5.320000171661377,5.420000076293945,1028244
2024-01-08 15:30:00+00:00,5.46999979019165,5.46999979019165,5.389999866485596,5.389999866485596,703624
2024-01-08 16:30:00+00:00,5.59499979019165,5.599999904632568,5.440000057220459,5.46999979019165,929748
2024-01-08 17:30:00+00:00,5.619999885559082,5.650000095367432,5.570000171661377,5.599999904632568,1006303
2024-01-08 18:30:00+00:00,5.59499979019165,5.639999866485596,5.559999942779541,5.628200054168701,416045
2024-01-08 19:30:00+00:00,5.550000190734863,5.610000133514404,5.550000190734863,5.59499979019165,406609
2024-01-08 20:30:00+00:00,5.545000076293945,5.589900016784668,5.53000020980835,5.554999828338623,634813
2024-01-09 14:30:00+00:00,5.505000114440918,5.670000076293945,5.400000095367432,5.659999847412109,2436667
2024-01-09 15:30:00+00:00,5.565000057220459,5.590000152587891,5.505000114440918,5.505000114440918,906703
2024-01-09 16:30:00+00:00,5.510000228881836,5.599999904632568,5.5,5.565000057220459,566737
2024-01-09 17:30:00+00:00,5.46999979019165,5.510000228881836,5.460000038146973,5.505000114440918,598992
2024-01-09 18:30:00+00:00,5.461900234222412,5.519999980926514,5.440000057220459,5.480000019073486,512471
2024-01-09 19:30:00+00:00,5.494999885559082,5.539999961853027,5.460000038146973,5.465000152587891,780586
2024-01-09 20:30:00+00:00,5.449999809265137,5.5,5.440000057220459,5.494999885559082,687743
2024-01-10 14:30:00+00:00,5.34499979019165,5.478300094604492,5.269999980926514,5.449999809265137,1931449
2024-01-10 15:30:00+00:00,5.389800071716309,5.420000076293945,5.320000171661377,5.34499979019165,782489
2024-01-10 16:30:00+00:00,5.399899959564209,5.420000076293945,5.369999885559082,5.389999866485596,493056
2024-01-10 17:30:00+00:00,5.390100002288818,5.425000190734863,5.380000114440918,5.3958001136779785,408544
2024-01-10 18:30:00+00:00,5.440000057220459,5.460000038146973,5.389999866485596,5.393599987030029,410895
2024-01-10 19:30:00+00:00,5.33650016784668,5.445000171661377,5.329999923706055,5.440899848937988,698701
2024-01-10 20:30:00+00:00,5.320000171661377,5.340000152587891,5.309999942779541,5.338900089263916,759767
2024-01-11 14:30:00+00:00,5.114799976348877,5.320000171661377,5.079999923706055,5.300000190734863,2100348
2024-01-11 15:30:00+00:00,5.085000038146973,5.130000114440918,5.070000171661377,5.110000133514404,856526
2024-01-11 16:30:00+00:00,5.099999904632568,5.135000228881836,5.059999942779541,5.085000038146973,739756
2024-01-11 17:30:00+00:00,5.164999961853027,5.179999828338623,5.099999904632568,5.099999904632568,460998
2024-01-11 18:30:00+00:00,5.19980001449585,5.199999809265137,5.150000095367432,5.164999961853027,415983
2024-01-11 19:30:00+00:00,5.210299968719482,5.235000133514404,5.179999828338623,5.190100193023682,552062
2024-01-11 20:30:00+00:00,5.159999847412109,5.218800067901611,5.159999847412109,5.210000038146973,625740
2024-01-12 14:30:00+00:00,5.1915998458862305,5.349999904632568,5.150000095367432,5.190000057220459,1569161
2024-01-12 15:30:00+00:00,5.179999828338623,5.228799819946289,5.130000114440918,5.195000171661377,462808
2024-01-12 16:30:00+00:00,5.150000095367432,5.184999942779541,5.110000133514404,5.184999942779541,317144
2024-01-12 17:30:00+00:00,5.15880012512207,5.159999847412109,5.110000133514404,5.144999980926514,270770
2024-01-12 18:30:00+00:00,5.144999980926514,5.178299903869629,5.139999866485596,5.150000095367432,289248
2024-01-12 19:30:00+00:00,5.184999942779541,5.199999809265137,5.130000114440918,5.144999980926514,486418
2024-01-12 20:30:00+00:00,5.159999847412109,5.190000057220459,5.15500020980835,5.184999942779541,607746
2024-01-16 14:30:00+00:00,5.009799957275391,5.159999847412109,4.929999828338623,5.110000133514404,2011513
2024-01-16 15:30:00+00:00,4.985000133514404,5.019999980926514,4.940000057220459,5.005000114440918,870654
2024-01-16 16:30:00+00:00,4.939899921417236,5.0,4.934999942779541,4.985000133514404,460680
2024-01-16 17:30:00+00:00,4.954999923706055,4.96999979019165,4.920000076293945,4.934999942779541,427973
2024-01-16 18:30:00+00:00,4.916100025177002,4.960000038146973,4.880000114440918,4.954999923706055,716660
2024-01-16 19:30:00+00:00,4.960000038146973,4.96999979019165,4.900000095367432,4.909999847412109,641776
2024-01-16 20:30:00+00:00,4.940000057220459,4.968800067901611,4.929999828338623,4.965000152587891,626372
2024-01-17 14:30:00+00:00,4.946499824523926,5.014999866485596,4.855500221252441,4.900000095367432,2048359
2024-01-17 15:30:00+00:00,4.909999847412109,4.969900131225586,4.90500020980835,4.940000057220459,478742
2024-01-17 16:30:00+00:00,4.914999961853027,4.940000057220459,4.909999847412109,4.920000076293945,227177
2024-01-17 17:30:00+00:00,4.875,4.920000076293945,4.869999885559082,4.920000076293945,399888
2024-01-17 18:30:00+00:00,4.90500020980835,4.909999847412109,4.864999771118164,4.869999885559082,443018
2024-01-17 19:30:00+00:00,4.894999980926514,4.920000076293945,4.884500026702881,4.900899887084961,375018
2024-01-17 20:30:00+00:00,4.920000076293945,4.940000057220459,4.889999866485596,4.894999980926514,534850
2024-01-18 14:30:00+00:00,4.909999847412109,5.050000190734863,4.900000095367432,5.0,895205
2024-01-18 15:30:00+00:00,4.900000095367432,4.920000076293945,4.840000152587891,4.909999847412109,867523
2024-01-18 16:30:00+00:00,4.835000038146973,4.900000095367432,4.804999828338623,4.897299766540527,788863
2024-01-18 17:30:00+00:00,4.784999847412109,4.84499979019165,4.769999980926514,4.835000038146973,773219
2024-01-18 18:30:00+00:00,4.848800182342529,4.849999904632568,4.78000020980835,4.784999847412109,409975
2024-01-18 19:30:00+00:00,4.875,4.880000114440918,4.829999923706055,4.84499979019165,439057
2024-01-18 20:30:00+00:00,4.855000019073486,4.880000114440918,4.840000152587891,4.880000114440918,457597
2024-01-19 14:30:00+00:00,4.739999771118164,4.900000095367432,4.710000038146973,4.900000095367432,1306298
2024-01-19 15:30:00+00:00,4.730100154876709,4.775000095367432,4.71999979019165,4.739999771118164,444867
2024-01-19 16:30:00+00:00,4.71999979019165,4.739999771118164,4.690000057220459,4.730100154876709,683733
2024-01-19 17:30:00+00:00,4.784999847412109,4.795000076293945,4.7133002281188965,4.716800212860107,348363
2024-01-19 18:30:00+00:00,4.836999893188477,4.840000152587891,4.784999847412109,4.784999847412109,517961
2024-01-19 19:30:00+00:00,4.860000133514404,4.869999885559082,4.820099830627441,4.8379998207092285,413349
2024-01-19 20:30:00+00:00,4.860000133514404,4.860000133514404,4.840000152587891,4.855000019073486,377370
2024-01-22 14:30:00+00:00,5.000100135803223,5.070000171661377,4.914000034332275,4.939899921417236,2054376
2024-01-22 15:30:00+00:00,4.940000057220459,5.019899845123291,4.9207000732421875,5.005000114440918,627446
2024-01-22 16:30:00+00:00,4.949999809265137,4.974999904632568,4.920000076293945,4.945000171661377,344102
2024-01-22 17:30:00+00:00,4.860000133514404,4.960000038146973,4.860000133514404,4.945000171661377,345382
2024-01-22 18:30:00+00:00,4.894999980926514,4.898799896240234,4.849999904632568,4.860000133514404,416558
2024-01-22 19:30:00+00:00,5.0,5.010000228881836,4.889999866485596,4.900000095367432,619282
2024-01-22 20:30:00+00:00,5.039999961853027,5.050000190734863,5.0,5.0,621861
2024-01-23 14:30:00+00:00,5.170000076293945,5.21999979019165,5.090000152587891,5.099999904632568,1202604
2024-01-23 15:30:00+00:00,5.090000152587891,5.162199974060059,5.060100078582764,5.162099838256836,455821
2024-01-23 16:30:00+00:00,5.074999809265137,5.09499979019165,5.034999847412109,5.085000038146973,336649
2024-01-23 17:30:00+00:00,5.060200214385986,5.079999923706055,5.054999828338623,5.074999809265137,294151
2024-01-23 18:30:00+00:00,5.090000152587891,5.119999885559082,5.050000190734863,5.064499855041504,250506
2024-01-23 19:30:00+00:00,5.112500190734863,5.125,5.079999923706055,5.0808000564575195,312416
2024-01-23 20:30:00+00:00,5.090000152587891,5.119999885559082,5.079999923706055,5.116700172424316,358195
2024-01-24 14:30:00+00:00,5.070000171661377,5.244999885559082,5.050000190734863,5.170000076293945,713751
2024-01-24 15:30:00+00:00,5.059999942779541,5.090000152587891,5.019999980926514,5.070000171661377,374907
2024-01-24 16:30:00+00:00,5.054999828338623,5.070000171661377,5.03000020980835,5.059999942779541,229924
2024-01-24 17:30:00+00:00,5.025000095367432,5.079999923706055,5.0,5.059999942779541,372376
2024-01-24 18:30:00+00:00,5.0,5.025000095367432,4.96999979019165,5.025000095367432,389960
2024-01-24 19:30:00+00:00,5.010000228881836,5.045000076293945,4.984499931335449,4.994999885559082,414765
2024-01-24 20:30:00+00:00,5.019999980926514,5.050000190734863,5.001100063323975,5.005000114440918,644788
2024-01-25 14:30:00+00:00,4.949999809265137,5.110000133514404,4.940000057220459,5.110000133514404,894633
2024-01-25 15:30:00+00:00,4.920000076293945,4.960000038146973,4.829999923706055,4.960000038146973,877275
2024-01-25 16:30:00+00:00,4.885000228881836,4.929999828338623,4.869999885559082,4.920000076293945,293469
2024-01-25 17:30:00+00:00,4.900000095367432,4.920000076293945,4.860000133514404,4.885000228881836,351451
2024-01-25 18:30:00+00:00,4.880000114440918,4.925000190734863,4.880000114440918,4.900000095367432,230942
2024-01-25 19:30:00+00:00,4.894999980926514,4.914999961853027,4.875,4.885000228881836,490501
2024-01-25 20:30:00+00:00,4.920000076293945,4.920000076293945,4.880000114440918,4.894999980926514,536549
2024-01-26 14:30:00+00:00,4.919899940490723,5.019999980926514,4.889999866485596,4.940000057220459,604182
2024-01-26 15:30:00+00:00,4.929999828338623,4.95989990234375,4.909999847412109,4.916600227355957,212078
2024-01-26 16:30:00+00:00,4.925000190734863,4.960000038146973,4.909999847412109,4.936699867248535,188160
2024-01-26 17:30:00+00:00,4.894999980926514,4.929900169372559,4.880000114440918,4.929900169372559,253922
2024-01-26 18:30:00+00:00,4.880000114440918,4.909999847412109,4.849999904632568,4.889999866485596,418339
2024-01-26 19:30:00+00:00,4.849999904632568,4.889999866485596,4.849999904632568,4.869999885559082,239598
2024-01-26 20:30:00+00:00,4.889999866485596,4.889999866485596,4.849999904632568,4.851500034332275,376032
2024-01-29 14:30:00+00:00,5.0,5.03000020980835,4.880000114440918,4.880000114440918,854579
2024-01-29 15:30:00+00:00,5.074999809265137,5.079999923706055,4.980000019073486,4.990600109100342,408439
2024-01-29 16:30:00+00:00,5.045000076293945,5.079999923706055,5.030900001525879,5.074999809265137,315118
2024-01-29 17:30:00+00:00,5.050000190734863,5.0671000480651855,5.03000020980835,5.050000190734863,183794
2024-01-29 18:30:00+00:00,5.074999809265137,5.074999809265137,5.039999961853027,5.054999828338623,154773
2024-01-29 19:30:00+00:00,5.114999771118164,5.119999885559082,5.050000190734863,5.074999809265137,461147
2024-01-29 20:30:00+00:00,5.139999866485596,5.139999866485596,5.099999904632568,5.110000133514404,422797
2024-01-30 14:30:00+00:00,5.010000228881836,5.110000133514404,5.0,5.079999923706055,420788
2024-01-30 15:30:00+00:00,4.989999771118164,5.019999980926514,4.960000038146973,5.005000114440918,465713
2024-01-30 16:30:00+00:00,4.949999809265137,5.025000095367432,4.949999809265137,4.989999771118164,308602
2024-01-30 17:30:00+00:00,5.010000228881836,5.010000228881836,4.920000076293945,4.954999923706055,636894
2024-01-30 18:30:00+00:00,5.010000228881836,5.019999980926514,4.980000019073486,5.010000228881836,313815
2024-01-30 19:30:00+00:00,4.994999885559082,5.025000095367432,4.96999979019165,5.010000228881836,480931
2024-01-30 20:30:00+00:00,4.974999904632568,5.0,4.974999904632568,4.994999885559082,374061
2024-01-31 14:30:00+00:00,5.005000114440918,5.0279998779296875,4.889999866485596,4.974999904632568,836051
2024-01-31 15:30:00+00:00,5.065000057220459,5.110000133514404,4.985000133514404,5.010000228881836,422240
2024-01-31 16:30:00+00:00,5.090099811553955,5.099999904632568,5.021100044250488,5.059999942779541,227243
2024-01-31 17:30:00+00:00,5.081999778747559,5.099999904632568,5.070000171661377,5.09499979019165,235637
2024-01-31 18:30:00+00:00,4.989999771118164,5.099999904632568,4.96999979019165,5.085000038146973,303552
2024-01-31 19:30:00+00:00,4.940000057220459,5.159999847412109,4.920000076293945,4.989999771118164,668544
2024-01-31 20:30:00+00:00,4.849999904632568,4.949900150299072,4.849999904632568,4.945000171661377,610717
2024-02-01 14:30:00+00:00,3.9149999618530273,4.28000020980835,3.9000000953674316,4.25,19556233
2024-02-01 15:30:00+00:00,3.950000047683716,4.0,3.890000104904175,3.9149999618530273,8962882
2024-02-01 16:30:00+00:00,4.054999828338623,4.110000133514404,3.944999933242798,3.944999933242798,4832716
2024-02-01 17:30:00+00:00,4.135000228881836,4.210000038146973,4.050000190734863,4.054999828338623,4026300
2024-02-01 18:30:00+00:00,4.229899883270264,4.289999961853027,4.110000133514404,4.130099773406982,5450282
2024-02-01 19:30:00+00:00,4.014999866485596,4.21999979019165,4.010000228881836,4.21999979019165,7003203
2024-02-01 20:30:00+00:00,4.010000228881836,4.059999942779541,4.0,4.011000156402588,10053252
2024-02-02 14:30:00+00:00,3.994999885559082,4.019999980926514,3.9200000762939453,4.010000228881836,24528300
2024-02-02 15:30:00+00:00,3.9649999141693115,4.010000228881836,3.940000057220459,3.994999885559082,3734418
2024-02-02 16:30:00+00:00,3.9649999141693115,3.9700000286102295,3.930000066757202,3.9649999141693115,5264170
2024-02-02 17:30:00+00:00,3.970099925994873,4.0,3.940000057220459,3.9649999141693115,2878081
2024-02-02 18:30:00+00:00,4.014999866485596,4.019999980926514,3.9600000381469727,3.978800058364868,1565718
2024-02-02 19:30:00+00:00,3.9800000190734863,4.019999980926514,3.9700000286102295,4.014999866485596,2061343
2024-02-02 20:30:00+00:00,3.9700000286102295,3.990000009536743,3.9600000381469727,3.9800000190734863,2465368
2024-02-05 14:30:00+00:00,4.0,4.039999961853027,3.950000047683716,3.9800000190734863,3404934
2024-02-05 15:30:00+00:00,4.079999923706055,4.105000019073486,3.990000009536743,4.0,2026193
2024-02-05 16:30:00+00:00,4.09499979019165,4.105000019073486,4.065000057220459,4.079999923706055,1310671
2024-02-05 17:30:00+00:00,4.065000057220459,4.110000133514404,4.059999942779541,4.09499979019165,710870
2024-02-05 18:30:00+00:00,4.045000076293945,4.090000152587891,4.03000020980835,4.065000057220459,1015581
2024-02-05 19:30:00+00:00,4.025000095367432,4.059999942779541,4.005000114440918,4.041399955749512,1038383
2024-02-05 20:30:00+00:00,4.070000171661377,4.079999923706055,4.019999980926514,4.025000095367432,1190175
2024-02-06 14:30:00+00:00,4.070000171661377,4.188899993896484,4.03000020980835,4.039999961853027,2049124
2024-02-06 15:30:00+00:00,4.170000076293945,4.170000076293945,4.070000171661377,4.079800128936768,1487886
2024-02-06 16:30:00+00:00,4.230000019073486,4.230000019073486,4.164999961853027,4.170000076293945,2353481
2024-02-06 17:30:00+00:00,4.195000171661377,4.230000019073486,4.170000076293945,4.230000019073486,1144342
2024-02-06 18:30:00+00:00,4.195000171661377,4.210000038146973,4.170000076293945,4.195000171661377,757091
2024-02-06 19:30:00+00:00,4.21999979019165,4.224999904632568,4.179999828338623,4.199999809265137,1850219
2024-02-06 20:30:00+00:00,4.25,4.260000228881836,4.210000038146973,4.210000038146973,740965
2024-02-07 14:30:00+00:00,4.394999980926514,4.46999979019165,4.28000020980835,4.289999961853027,2218095
2024-02-07 15:30:00+00:00,4.264999866485596,4.409999847412109,4.25,4.400000095367432,1122097
2024-02-07 16:30:00+00:00,4.21999979019165,4.269999980926514,4.190000057220459,4.264999866485596,1742011
2024-02-07 17:30:00+00:00,4.285200119018555,4.300000190734863,4.199999809265137,4.210100173950195,716721
2024-02-07 18:30:00+00:00,4.275000095367432,4.300000190734863,4.25,4.284999847412109,528539
2024-02-07 19:30:00+00:00,4.295000076293945,4.300000190734863,4.269999980926514,4.275000095367432,708388
2024-02-07 20:30:00+00:00,4.260000228881836,4.300000190734863,4.239999771118164,4.295000076293945,605798
2024-02-08 14:30:00+00:00,4.295000076293945,4.359399795532227,4.239999771118164,4.28000020980835,951498
2024-02-08 15:30:00+00:00,4.235000133514404,4.309999942779541,4.230000019073486,4.295000076293945,517065
2024-02-08 16:30:00+00:00,4.275000095367432,4.28000020980835,4.230000019073486,4.230000019073486,1248724
2024-02-08 17:30:00+00:00,4.295000076293945,4.297599792480469,4.260000228881836,4.275000095367432,301977
2024-02-08 18:30:00+00:00,4.315000057220459,4.340000152587891,4.295000076293945,4.295000076293945,600048
2024-02-08 19:30:00+00:00,4.340000152587891,4.349999904632568,4.295000076293945,4.315000057220459,786634
2024-02-08 20:30:00+00:00,4.284999847412109,4.340000152587891,4.28000020980835,4.332699775695801,565915
2024-02-09 14:30:00+00:00,4.289999961853027,4.420000076293945,4.260000228881836,4.389999866485596,1878201
2024-02-09 15:30:00+00:00,4.255000114440918,4.320000171661377,4.239999771118164,4.295000076293945,745792
2024-02-09 16:30:00+00:00,4.306000232696533,4.309999942779541,4.239999771118164,4.255000114440918,1795537
2024-02-09 17:30:00+00:00,4.355000019073486,4.360000133514404,4.289999961853027,4.308800220489502,663378
2024-02-09 18:30:00+00:00,4.369999885559082,4.389999866485596,4.340000152587891,4.355000019073486,473099
2024-02-09 19:30:00+00:00,4.349999904632568,4.369999885559082,4.309999942779541,4.369999885559082,499610
2024-02-09 20:30:00+00:00,4.340000152587891,4.360000133514404,4.329999923706055,4.3414998054504395,572289
2024-02-12 14:30:00+00:00,4.787899971008301,4.787899971008301,4.434999942779541,4.434999942779541,7669494
2024-02-12 15:30:00+00:00,4.659999847412109,4.789999961853027,4.610000133514404,4.788099765777588,2368537
2024-02-12 16:30:00+00:00,4.750899791717529,4.769999980926514,4.650000095367432,4.670000076293945,1038432
2024-02-12 17:30:00+00:00,4.735000133514404,4.760000228881836,4.711100101470947,4.75,653076
2024-02-12 18:30:00+00:00,4.639999866485596,4.739999771118164,4.619999885559082,4.735000133514404,1013293
2024-02-12 19:30:00+00:00,4.699999809265137,4.710000038146973,4.619999885559082,4.639999866485596,1093886
2024-02-12 20:30:00+00:00,4.730000019073486,4.739999771118164,4.700099945068359,4.704999923706055,1157499
2024-02-13 14:30:00+00:00,4.539000034332275,4.619999885559082,4.449999809265137,4.579999923706055,1935849
2024-02-13 15:30:00+00:00,4.604599952697754,4.625,4.489999771118164,4.5391998291015625,1878023
2024-02-13 16:30:00+00:00,4.565000057220459,4.650000095367432,4.562300205230713,4.605000019073486,465640
2024-02-13 17:30:00+00:00,4.585000038146973,4.599999904632568,4.559999942779541,4.559999942779541,668602
2024-02-13 18:30:00+00:00,4.460000038146973,4.590000152587891,4.440000057220459,4.579999923706055,873412
2024-02-13 19:30:00+00:00,4.40500020980835,4.489999771118164,4.380000114440918,4.460000038146973,1679062
2024-02-13 20:30:00+00:00,4.445000171661377,4.449999809265137,4.400000095367432,4.40500020980835,850323
2024-02-14 14:30:00+00:00,4.480000019073486,4.630000114440918,4.389999866485596,4.570000171661377,1701216
2024-02-14 15:30:00+00:00,4.529900074005127,4.539999961853027,4.474999904632568,4.480000019073486,553865
2024-02-14 16:30:00+00:00,4.559999942779541,4.570000171661377,4.480000019073486,4.525000095367432,502317
2024-02-14 17:30:00+00:00,4.644999980926514,4.650000095367432,4.533999919891357,4.559999942779541,1194620
2024-02-14 18:30:00+00:00,4.730000019073486,4.739999771118164,4.639999866485596,4.648200035095215,1337578
2024-02-14 19:30:00+00:00,4.71999979019165,4.789999961853027,4.710000038146973,4.735000133514404,2138187
2024-02-14 20:30:00+00:00,4.789999961853027,4.820000171661377,4.712100028991699,4.721399784088135,2151325
2024-02-15 14:30:00+00:00,4.958399772644043,5.034999847412109,4.860000133514404,4.875,2790921
2024-02-15 15:30:00+00:00,4.880000114440918,4.96999979019165,4.840000152587891,4.960000038146973,1724428
2024-02-15 16:30:00+00:00,4.875,4.900000095367432,4.860000133514404,4.885000228881836,672938
2024-02-15 17:30:00+00:00,4.878799915313721,4.900000095367432,4.849999904632568,4.875,588635
2024-02-15 18:30:00+00:00,4.880000114440918,4.889999866485596,4.849999904632568,4.880000114440918,620057
2024-02-15 19:30:00+00:00,4.835000038146973,4.889999866485596,4.800000190734863,4.880000114440918,944937
2024-02-15 20:30:00+00:00,4.889999866485596,4.889999866485596,4.829999923706055,4.835000038146973,867794
2024-02-16 14:30:00+00:00,4.934999942779541,5.079999923706055,4.840000152587891,4.869999885559082,2457924
2024-02-16 15:30:00+00:00,4.9120001792907715,5.010000228881836,4.909999847412109,4.929999828338623,787239
2024-02-16 16:30:00+00:00,4.954999923706055,4.96999979019165,4.875,4.914999961853027,1111716
2024-02-16 17:30:00+00:00,4.885000228881836,4.960000038146973,4.869999885559082,4.954999923706055,680051
2024-02-16 18:30:00+00:00,4.920000076293945,4.929999828338623,4.880000114440918,4.889999866485596,639362
2024-02-16 19:30:00+00:00,4.885000228881836,4.920000076293945,4.869999885559082,4.920000076293945,555249
2024-02-16 20:30:00+00:00,4.894999980926514,4.900000095367432,4.869999885559082,4.885000228881836,671101
2024-02-20 14:30:00+00:00,4.954999923706055,5.099999904632568,4.829999923706055,4.920000076293945,2371654
2024-02-20 15:30:00+00:00,4.96999979019165,5.070000171661377,4.929999828338623,4.949999809265137,1218854
2024-02-20 16:30:00+00:00,4.829999923706055,4.980000019073486,4.815000057220459,4.980000019073486,803856
2024-02-20 17:30:00+00:00,4.824999809265137,4.860000133514404,4.800000190734863,4.824999809265137,628279
2024-02-20 18:30:00+00:00,4.875,4.880000114440918,4.809999942779541,4.824999809265137,485618
2024-02-20 19:30:00+00:00,4.809999942779541,4.889999866485596,4.789999961853027,4.880000114440918,796780
2024-02-20 20:30:00+00:00,4.829999923706055,4.840000152587891,4.789999961853027,4.804999828338623,789433
2024-02-21 14:30:00+00:00,4.670000076293945,4.804999828338623,4.660299777984619,4.789999961853027,1331991
2024-02-21 15:30:00+00:00,4.726799964904785,4.769899845123291,4.639999866485596,4.670000076293945,807708
2024-02-21 16:30:00+00:00,4.684999942779541,4.727200031280518,4.670000076293945,4.724999904632568,380117
2024-02-21 17:30:00+00:00,4.684999942779541,4.699999809265137,4.659999847412109,4.679999828338623,366364
2024-02-21 18:30:00+00:00,4.684999942779541,4.71999979019165,4.6732001304626465,4.689199924468994,418198
2024-02-21 19:30:00+00:00,4.6427001953125,4.690000057220459,4.639999866485596,4.690000057220459,564645
2024-02-21 20:30:00+00:00,4.630000114440918,4.659999847412109,4.619999885559082,4.650000095367432,1094457
2024-02-22 14:30:00+00:00,4.548699855804443,4.75,4.539999961853027,4.710000038146973,1709830
2024-02-22 15:30:00+00:00,4.545000076293945,4.559999942779541,4.481299877166748,4.541999816894531,1869199
2024-02-22 16:30:00+00:00,4.574999809265137,4.610000133514404,4.514999866485596,4.550000190734863,1731258
2024-02-22 17:30:00+00:00,4.549900054931641,4.579999923706055,4.519999980926514,4.574999809265137,335382
2024-02-22 18:30:00+00:00,4.5,4.554999828338623,4.5,4.542099952697754,499147
2024-02-22 19:30:00+00:00,4.474999904632568,4.510000228881836,4.460000038146973,4.505000114440918,873723
2024-02-22 20:30:00+00:00,4.429999828338623,4.480000019073486,4.429999828338623,4.46999979019165,1429056
2024-02-23 14:30:00+00:00,4.409999847412109,4.53000020980835,4.360000133514404,4.460000038146973,1502361
2024-02-23 15:30:00+00:00,4.425000190734863,4.449999809265137,4.375,4.410099983215332,817335
2024-02-23 16:30:00+00:00,4.426000118255615,4.449999809265137,4.38040018081665,4.429999828338623,774339
2024-02-23 17:30:00+00:00,4.465000152587891,4.485000133514404,4.40500020980835,4.429999828338623,562958
2024-02-23 18:30:00+00:00,4.420000076293945,4.480000019073486,4.409999847412109,4.460000038146973,593140
2024-02-23 19:30:00+00:00,4.389999866485596,4.429999828338623,4.380000114440918,4.414999961853027,767632
2024-02-23 20:30:00+00:00,4.375,4.389999866485596,4.369999885559082,4.385000228881836,1182501
2024-02-26 14:30:00+00:00,4.409900188446045,4.440000057220459,4.349999904632568,4.389999866485596,1253254
2024-02-26 15:30:00+00:00,4.460000038146973,4.46999979019165,4.389999866485596,4.40369987487793,565273
2024-02-26 16:30:00+00:00,4.460000038146973,4.494999885559082,4.440000057220459,4.460000038146973,620287
2024-02-26 17:30:00+00:00,4.414999961853027,4.46999979019165,4.409999847412109,4.465000152587891,1019271
2024-02-26 18:30:00+00:00,4.465000152587891,4.46999979019165,4.409999847412109,4.409999847412109,460560
2024-02-26 19:30:00+00:00,4.574999809265137,4.599999904632568,4.460000038146973,4.460000038146973,1184654
2024-02-26 20:30:00+00:00,4.559999942779541,4.599999904632568,4.559999942779541,4.574999809265137,1284891
2024-02-27 14:30:00+00:00,4.689700126647949,4.699999809265137,4.570000171661377,4.599999904632568,1217462
2024-02-27 15:30:00+00:00,4.739999771118164,4.739999771118164,4.639999866485596,4.690000057220459,911779
2024-02-27 16:30:00+00:00,4.704999923706055,4.775000095367432,4.699999809265137,4.735000133514404,926639
2024-02-27 17:30:00+00:00,4.670000076293945,4.710000038146973,4.639999866485596,4.710000038146973,621793
2024-02-27 18:30:00+00:00,4.675000190734863,4.690000057220459,4.619999885559082,4.664999961853027,974847
2024-02-27 19:30:00+00:00,4.75,4.760000228881836,4.630000114440918,4.675000190734863,1585122
2024-02-27 20:30:00+00:00,4.699999809265137,4.795000076293945,4.690000057220459,4.747200012207031,2682322
2024-02-28 14:30:00+00:00,4.461699962615967,4.474999904632568,4.110000133514404,4.420000076293945,5334994
2024-02-28 15:30:00+00:00,4.699999809265137,4.699999809265137,4.440000057220459,4.465000152587891,1826451
2024-02-28 16:30:00+00:00,4.574999809265137,4.769999980926514,4.545000076293945,4.695000171661377,1283042
2024-02-28 17:30:00+00:00,4.559999942779541,4.579999923706055,4.53000020980835,4.577099800109863,472598
2024-02-28 18:30:00+00:00,4.545000076293945,4.570000171661377,4.519999980926514,4.559999942779541,649402
2024-02-28 19:30:00+00:00,4.574999809265137,4.579999923706055,4.53000020980835,4.550000190734863,960204
2024-02-28 20:30:00+00:00,4.585000038146973,4.599999904632568,4.570000171661377,4.574999809265137,948222
2024-02-29 14:30:00+00:00,4.675000190734863,4.809999942779541,4.590000152587891,4.635000228881836,1434809
2024-02-29 15:30:00+00:00,4.599999904632568,4.699999809265137,4.590000152587891,4.679999828338623,678487
2024-02-29 16:30:00+00:00,4.510000228881836,4.610000133514404,4.502900123596191,4.590000152587891,2099564
2024-02-29 17:30:00+00:00,4.579999923706055,4.587500095367432,4.489999771118164,4.505000114440918,762518
2024-02-29 18:30:00+00:00,4.582499980926514,4.599999904632568,4.565000057220459,4.580100059509277,1618464
2024-02-29 19:30:00+00:00,4.565000057220459,4.590000152587891,4.559999942779541,4.585000038146973,593149
2024-02-29 20:30:00+00:00,4.585299968719482,4.590000152587891,4.550000190734863,4.5625,1005153
2024-03-01 14:30:00+00:00,4.599999904632568,4.610000133514404,4.5,4.599999904632568,562796
2024-03-01 15:30:00+00:00,4.660099983215332,4.670000076293945,4.570000171661377,4.599999904632568,870790
2024-03-01 16:30:00+00:00,4.635000228881836,4.670000076293945,4.610000133514404,4.664000034332275,416962
2024-03-01 17:30:00+00:00,4.574999809265137,4.6350998878479,4.570000171661377,4.635000228881836,545213
2024-03-01 18:30:00+00:00,4.600100040435791,4.619999885559082,4.559999942779541,4.574999809265137,545694
2024-03-01 19:30:00+00:00,4.550000190734863,4.610000133514404,4.53000020980835,4.605000019073486,947602
2024-03-01 20:30:00+00:00,4.539999961853027,4.559899806976318,4.505000114440918,4.554999828338623,853368
2024-03-04 14:30:00+00:00,4.434999942779541,4.699999809265137,4.429999828338623,4.590000152587891,1574121
2024-03-04 15:30:00+00:00,4.454999923706055,4.46999979019165,4.409999847412109,4.432000160217285,68636
2024-03-04 16:30:00+00:00,4.40500020980835,4.454999923706055,4.389999866485596,4.450099945068359,569974
2024-03-04 17:30:00+00:00,4.40500020980835,4.440000057220459,4.400000095367432,4.409999847412109,289266
2024-03-04 18:30:00+00:00,4.40500020980835,4.420000076293945,4.390100002288818,4.409800052642822,311689
2024-03-04 19:30:00+00:00,4.414999961853027,4.460000038146973,4.400000095367432,4.401199817657471,517584
2024-03-04 20:30:00+00:00,4.440000057220459,4.440000057220459,4.389999866485596,4.420000076293945,2514112
2024-03-05 14:30:00+00:00,4.275000095367432,4.369999885559082,4.230000019073486,4.360000133514404,2205746
2024-03-05 15:30:00+00:00,4.264999866485596,4.320000171661377,4.260000228881836,4.28000020980835,776135
2024-03-05 16:30:00+00:00,4.264999866485596,4.28000020980835,4.239999771118164,4.269999980926514,0
2024-03-05 17:30:00+00:00,4.284999847412109,4.289999961853027,4.25,4.260000228881836,409353
2024-03-05 18:30:00+00:00,4.224999904632568,4.289999961853027,4.21999979019165,4.284999847412109,446498
2024-03-05 19:30:00+00:00,4.204999923706055,4.239999771118164,4.170000076293945,4.21999979019165,1176101
2024-03-05 20:30:00+00:00,4.235000133514404,4.260000228881836,4.199999809265137,4.204999923706055,3634020
2024-03-06 14:30:00+00:00,4.275000095367432,4.400000095367432,4.260000228881836,4.340000152587891,981359
2024-03-06 15:30:00+00:00,4.401199817657471,4.420000076293945,4.269999980926514,4.28000020980835,120384
2024-03-06 16:30:00+00:00,4.440000057220459,4.449999809265137,4.355000019073486,4.400000095367432,467597
2024-03-06 17:30:00+00:00,4.436200141906738,4.46999979019165,4.420000076293945,4.440000057220459,438930
2024-03-06 18:30:00+00:00,4.389999866485596,4.434999942779541,4.349999904632568,4.434999942779541,334443
2024-03-06 19:30:00+00:00,4.364999771118164,4.409999847412109,4.349999904632568,4.394999980926514,262280
2024-03-06 20:30:00+00:00,4.300000190734863,4.364999771118164,4.300000190734863,4.364999771118164,2164626
2024-03-07 14:30:00+00:00,4.348800182342529,4.429999828338623,4.289999961853027,4.340000152587891,1195496
2024-03-07 15:30:00+00:00,4.420000076293945,4.420000076293945,4.329999923706055,4.349899768829346,528213
2024-03-07 16:30:00+00:00,4.425000190734863,4.429900169372559,4.385000228881836,4.418300151824951,421228
2024-03-07 17:30:00+00:00,4.42080020904541,4.440000057220459,4.400000095367432,4.425000190734863,396707
2024-03-07 18:30:00+00:00,4.394999980926514,4.429999828338623,4.360000133514404,4.425000190734863,698178
2024-03-07 19:30:00+00:00,4.394999980926514,4.414999961853027,4.375,4.394999980926514,471155
2024-03-07 20:30:00+00:00,4.425000190734863,4.429999828338623,4.389999866485596,4.394999980926514,707422
2024-03-08 14:30:00+00:00,4.480000019073486,4.53000020980835,4.449999809265137,4.46999979019165,922038
2024-03-08 15:30:00+00:00,4.341300010681152,4.488399982452393,4.340000152587891,4.485000133514404,884950
2024-03-08 16:30:00+00:00,4.394999980926514,4.409999847412109,4.341000080108643,4.34499979019165,472783
2024-03-08 17:30:00+00:00,4.385000228881836,4.409999847412109,4.369999885559082,4.400000095367432,318368
2024-03-08 18:30:00+00:00,4.388800144195557,4.400000095367432,4.340000152587891,4.385000228881836,449407
2024-03-08 19:30:00+00:00,4.425000190734863,4.440000057220459,4.385000228881836,4.389999866485596,454060
2024-03-08 20:30:00+00:00,4.420000076293945,4.434999942779541,4.380000114440918,4.425000190734863,848767
2024-03-11 13:30:00+00:00,4.581999778747559,4.659999847412109,4.460000038146973,4.460000038146973,2265255
2024-03-11 14:30:00+00:00,4.630000114440918,4.724999904632568,4.570000171661377,4.585000038146973,1711930
2024-03-11 15:30:00+00:00,4.565000057220459,4.630000114440918,4.559999942779541,4.630000114440918,638274
2024-03-11 16:30:00+00:00,4.579999923706055,4.59499979019165,4.545000076293945,4.565000057220459,510436
2024-03-11 17:30:00+00:00,4.565000057220459,4.585000038146973,4.550000190734863,4.579999923706055,456604
2024-03-11 18:30:00+00:00,4.5,4.565000057220459,4.485000133514404,4.560100078582764,617068
2024-03-11 19:30:00+00:00,4.489999771118164,4.519999980926514,4.480000019073486,4.504000186920166,735809
2024-03-12 13:30:00+00:00,4.315000057220459,4.369999885559082,4.230000019073486,4.340000152587891,2776486
2024-03-12 14:30:00+00:00,4.364999771118164,4.375,4.309999942779541,4.314599990844727,1279159
2024-03-12 15:30:00+00:00,4.335000038146973,4.369999885559082,4.320000171661377,4.365699768066406,703791
2024-03-12 16:30:00+00:00,4.335000038146973,4.360000133514404,4.329999923706055,4.335000038146973,706674
2024-03-12 17:30:00+00:00,4.34499979019165,4.349999904632568,4.309999942779541,4.335000038146973,613599
2024-03-12 18:30:00+00:00,4.34499979019165,4.355000019073486,4.320000171661377,4.349999904632568,899224
2024-03-12 19:30:00+00:00,4.340000152587891,4.360000133514404,4.320000171661377,4.34499979019165,1110240
2024-03-13 13:30:00+00:00,4.34499979019165,4.449999809265137,4.284999847412109,4.340000152587891,1029396
2024-03-13 14:30:00+00:00,4.385000228881836,4.389999866485596,4.289999961853027,4.348199844360352,2708680
2024-03-13 15:30:00+00:00,4.360000133514404,4.414999961853027,4.340000152587891,4.380000114440918,622280
2024-03-13 16:30:00+00:00,4.380000114440918,4.380000114440918,4.340000152587891,4.364999771118164,259717
2024-03-13 17:30:00+00:00,4.340000152587891,4.389999866485596,4.329999923706055,4.380000114440918,490963
2024-03-13 18:30:00+00:00,4.320000171661377,4.380000114440918,4.311699867248535,4.340000152587891,601610
2024-03-13 19:30:00+00:00,4.295000076293945,4.329999923706055,4.289999961853027,4.315000057220459,800534
2024-03-14 13:30:00+00:00,4.184999942779541,4.297500133514404,4.179999828338623,4.289999961853027,1462310
2024-03-14 14:30:00+00:00,4.170100212097168,4.21999979019165,4.162099838256836,4.190000057220459,997832
2024-03-14 15:30:00+00:00,4.190000057220459,4.21999979019165,4.164999961853027,4.171800136566162,559169
2024-03-14 16:30:00+00:00,4.195000171661377,4.230000019073486,4.190000057220459,4.195000171661377,437352
2024-03-14 17:30:00+00:00,4.195000171661377,4.21999979019165,4.190000057220459,4.190000057220459,477454
2024-03-14 18:30:00+00:00,4.125,4.199999809265137,4.110000133514404,4.195000171661377,1802671
2024-03-14 19:30:00+00:00,4.179999828338623,4.179999828338623,4.110000133514404,4.125,992548
2024-03-15 13:30:00+00:00,4.210000038146973,4.264999866485596,4.12060022354126,4.139999866485596,1078704
2024-03-15 14:30:00+00:00,4.224999904632568,4.239999771118164,4.199999809265137,4.210599899291992,340273
2024-03-15 15:30:00+00:00,4.204999923706055,4.235000133514404,4.199999809265137,4.230000019073486,350808
2024-03-15 16:30:00+00:00,4.178800106048584,4.215000152587891,4.170000076293945,4.205900192260742,306174
2024-03-15 17:30:00+00:00,4.175000190734863,4.190000057220459,4.170000076293945,4.179999828338623,200734
2024-03-15 18:30:00+00:00,4.159999847412109,4.210000038146973,4.150000095367432,4.175000190734863,624299
2024-03-15 19:30:00+00:00,4.110000133514404,4.164999961853027,4.110000133514404,4.15500020980835,3039901
2024-03-18 13:30:00+00:00,4.070199966430664,4.150000095367432,4.03000020980835,4.139999866485596,4273145
2024-03-18 14:30:00+00:00,4.029799938201904,4.079999923706055,4.010000228881836,4.070099830627441,1604222
2024-03-18 15:30:00+00:00,4.034999847412109,4.039999961853027,4.0,4.03000020980835,1330458
2024-03-18 16:30:00+00:00,4.0,4.037499904632568,3.9800000190734863,4.034999847412109,1408717
2024-03-18 17:30:00+00:00,4.045000076293945,4.059999942779541,4.0,4.005000114440918,759454
2024-03-18 18:30:00+00:00,4.019999980926514,4.059999942779541,4.019999980926514,4.042699813842773,577743
2024-03-18 19:30:00+00:00,3.994999885559082,4.03000020980835,3.9749999046325684,4.020100116729736,1527091
2024-03-19 13:30:00+00:00,4.019999980926514,4.059999942779541,3.9800000190734863,4.0,1244609
2024-03-19 14:30:00+00:00,4.050000190734863,4.050000190734863,4.014999866485596,4.019999980926514,593971
2024-03-19 15:30:00+00:00,4.070000171661377,4.090000152587891,4.045000076293945,4.050000190734863,693165
2024-03-19 16:30:00+00:00,4.050000190734863,4.099999904632568,4.050000190734863,4.077499866485596,516563
2024-03-19 17:30:00+00:00,4.005000114440918,4.057499885559082,3.990000009536743,4.050000190734863,781523
2024-03-19 18:30:00+00:00,4.039899826049805,4.039999961853027,3.990000009536743,4.005000114440918,798004
2024-03-19 19:30:00+00:00,4.070000171661377,4.079999923706055,4.03000020980835,4.034999847412109,919032
2024-03-20 13:30:00+00:00,4.050000190734863,4.070000171661377,4.0,4.010000228881836,1797611
2024-03-20 14:30:00+00:00,3.994999885559082,4.059999942779541,3.9800000190734863,4.045000076293945,824086
2024-03-20 15:30:00+00:00,3.9749999046325684,3.9999001026153564,3.9700000286102295,3.9997000694274902,777222
2024-03-20 16:30:00+00:00,3.9779999256134033,3.984999895095825,3.950000047683716,3.9788999557495117,2463783
2024-03-20 17:30:00+00:00,4.013999938964844,4.070000171661377,3.9749999046325684,3.9749999046325684,1103584
2024-03-20 18:30:00+00:00,4.074999809265137,4.099999904632568,3.9800000190734863,4.014999866485596,1298040
2024-03-20 19:30:00+00:00,4.03000020980835,4.099999904632568,4.03000020980835,4.070000171661377,1287235
2024-03-21 13:30:00+00:00,4.125,4.28000020980835,4.050000190734863,4.099999904632568,2087943
2024-03-21 14:30:00+00:00,4.084000110626221,4.139999866485596,4.070000171661377,4.125,863493
2024-03-21 15:30:00+00:00,4.09499979019165,4.098400115966797,4.050000190734863,4.088799953460693,2687856
2024-03-21 16:30:00+00:00,4.116000175476074,4.150000095367432,4.090000152587891,4.09499979019165,529813
2024-03-21 17:30:00+00:00,4.085000038146973,4.119999885559082,4.079999923706055,4.119900226593018,495124
2024-03-21 18:30:00+00:00,4.090000152587891,4.09499979019165,4.059999942779541,4.090000152587891,724754
2024-03-21 19:30:00+00:00,4.085000038146973,4.09499979019165,4.070000171661377,4.090000152587891,835650
2024-03-22 13:30:00+00:00,4.054999828338623,4.099999904632568,4.019999980926514,4.059999942779541,1047968
2024-03-22 14:30:00+00:00,4.045000076293945,4.059999942779541,4.03000020980835,4.052499771118164,555859
2024-03-22 15:30:00+00:00,4.03000020980835,4.059999942779541,4.0,4.045000076293945,1748834
2024-03-22 16:30:00+00:00,4.110000133514404,4.119999885559082,4.010000228881836,4.029200077056885,2263276
2024-03-22 17:30:00+00:00,4.074999809265137,4.119999885559082,4.070000171661377,4.109899997711182,725451
2024-03-22 18:30:00+00:00,4.065000057220459,4.099999904632568,4.059999942779541,4.077600002288818,554581
2024-03-22 19:30:00+00:00,4.045000076293945,4.070000171661377,4.039999961853027,4.065000057220459,1039853
2024-03-25 13:30:00+00:00,4.105000019073486,4.199999809265137,4.070000171661377,4.099999904632568,1332861
2024-03-25 14:30:00+00:00,4.090000152587891,4.110000133514404,4.059999942779541,4.105000019073486,588656
2024-03-25 15:30:00+00:00,4.127399921417236,4.128900051116943,4.080100059509277,4.085000038146973,487958
2024-03-25 16:30:00+00:00,4.127900123596191,4.150000095367432,4.114999771118164,4.125,333179
2024-03-25 17:30:00+00:00,4.135000228881836,4.139999866485596,4.110000133514404,4.119999885559082,440397
2024-03-25 18:30:00+00:00,4.074999809265137,4.130000114440918,4.070000171661377,4.130000114440918,432324
2024-03-25 19:30:00+00:00,4.085700035095215,4.090000152587891,4.065000057220459,4.079999923706055,627413
2024-03-26 13:30:00+00:00,4.09499979019165,4.184999942779541,4.090000152587891,4.119999885559082,870333
2024-03-26 14:30:00+00:00,4.119900226593018,4.130000114440918,4.079999923706055,4.09499979019165,456808
2024-03-26 15:30:00+00:00,4.164999961853027,4.170000076293945,4.110000133514404,4.118299961090088,676040
2024-03-26 16:30:00+00:00,4.119999885559082,4.170000076293945,4.110000133514404,4.170000076293945,353861
2024-03-26 17:30:00+00:00,4.139999866485596,4.150000095367432,4.110000133514404,4.119999885559082,415937
2024-03-26 18:30:00+00:00,4.099999904632568,4.150000095367432,4.099999904632568,4.135000228881836,3224418
2024-03-26 19:30:00+00:00,4.050000190734863,4.110000133514404,4.050000190734863,4.105000019073486,1074886
2024-03-27 13:30:00+00:00,4.110000133514404,4.138999938964844,4.050000190734863,4.108799934387207,1062538
2024-03-27 14:30:00+00:00,4.110000133514404,4.119999885559082,4.090000152587891,4.109899997711182,548625
2024-03-27 15:30:00+00:00,4.110000133514404,4.119999885559082,4.099999904632568,4.114999771118164,461559
2024-03-27 16:30:00+00:00,4.110000133514404,4.119999885559082,4.110000133514404,4.110000133514404,293590
2024-03-27 17:30:00+00:00,4.139999866485596,4.139999866485596,4.099999904632568,4.119999885559082,425861
2024-03-27 18:30:00+00:00,4.125,4.150000095367432,4.119999885559082,4.131400108337402,551279
2024-03-27 19:30:00+00:00,4.135000228881836,4.139999866485596,4.119999885559082,4.119999885559082,682249
2024-03-28 13:30:00+00:00,4.15500020980835,4.190000057220459,4.130000114440918,4.135000228881836,644763
2024-03-28 14:30:00+00:00,4.209700107574463,4.230000019073486,4.150000095367432,4.159999847412109,666098
2024-03-28 15:30:00+00:00,4.215000152587891,4.230000019073486,4.190000057220459,4.210000038146973,361530
2024-03-28 16:30:00+00:00,4.167399883270264,4.21999979019165,4.151199817657471,4.210100173950195,419192
2024-03-28 17:30:00+00:00,4.1504998207092285,4.175000190734863,4.150000095367432,4.170000076293945,438230
2024-03-28 18:30:00+00:00,4.144999980926514,4.159999847412109,4.119999885559082,4.150100231170654,536144
2024-03-28 19:30:00+00:00,4.090000152587891,4.150000095367432,4.090000152587891,4.144999980926514,1838250
2024-04-01 13:30:00+00:00,4.045000076293945,4.139999866485596,4.039999961853027,4.110000133514404,1219264
2024-04-01 14:30:00+00:00,4.062099933624268,4.070000171661377,4.039999961853027,4.045000076293945,586075
2024-04-01 15:30:00+00:00,4.070000171661377,4.070000171661377,4.050000190734863,4.065000057220459,829039
2024-04-01 16:30:00+00:00,4.039899826049805,4.077199935913086,4.03000020980835,4.070000171661377,672029
2024-04-01 17:30:00+00:00,4.065000057220459,4.079999923706055,4.03000020980835,4.0370001792907715,1012490
2024-04-01 18:30:00+00:00,4.065000057220459,4.079999923706055,4.050000190734863,4.065000057220459,504303
2024-04-01 19:30:00+00:00,4.090000152587891,4.090000152587891,4.050000190734863,4.065000057220459,602523
2024-04-02 13:30:00+00:00,3.880000114440918,4.03000020980835,3.869999885559082,4.03000020980835,3835221
2024-04-02 14:30:00+00:00,3.9200000762939453,3.950000047683716,3.880000114440918,3.884999990463257,1252479
2024-04-02 15:30:00+00:00,3.923099994659424,3.934999942779541,3.9000000953674316,3.924999952316284,923513
2024-04-02 16:30:00+00:00,3.8949999809265137,3.940000057220459,3.884999990463257,3.924999952316284,1167079
2024-04-02 17:30:00+00:00,3.8768999576568604,3.9200000762939453,3.869999885559082,3.8970000743865967,997913
2024-04-02 18:30:00+00:00,3.8524999618530273,3.880000114440918,3.8350000381469727,3.869999885559082,1888121
2024-04-02 19:30:00+00:00,3.869999885559082,3.9000000953674316,3.8499999046325684,3.8499999046325684,1652804
2024-04-03 13:30:00+00:00,3.841200113296509,3.9000000953674316,3.799999952316284,3.9000000953674316,2026423
2024-04-03 14:30:00+00:00,3.853100061416626,3.869999885559082,3.8299999237060547,3.8399999141693115,1028402
2024-04-03 15:30:00+00:00,3.869999885559082,3.8798000812530518,3.8499999046325684,3.8499999046325684,1264157
2024-04-03 16:30:00+00:00,3.944999933242798,3.949899911880493,3.869999885559082,3.869999885559082,855880
2024-04-03 17:30:00+00:00,3.9198999404907227,3.950000047683716,3.9000000953674316,3.944999933242798,642140
2024-04-03 18:30:00+00:00,3.869999885559082,3.9200000762939453,3.869999885559082,3.9147000312805176,703236
2024-04-03 19:30:00+00:00,3.869999885559082,3.890000104904175,3.869999885559082,3.869999885559082,776373
2024-04-04 13:30:00+00:00,3.9600000381469727,3.9800000190734863,3.890000104904175,3.930000066757202,1054642
2024-04-04 14:30:00+00:00,3.9507999420166016,3.9700000286102295,3.944999933242798,3.9549999237060547,569506
2024-04-04 15:30:00+00:00,3.984999895095825,3.990000009536743,3.950000047683716,3.9549999237060547,530898
2024-04-04 16:30:00+00:00,4.019999980926514,4.03000020980835,3.9800000190734863,3.9820001125335693,888442
2024-04-04 17:30:00+00:00,3.930000066757202,4.039999961853027,3.930000066757202,4.014999866485596,769987
2024-04-04 18:30:00+00:00,3.875,3.939500093460083,3.869999885559082,3.930000066757202,1145842
2024-04-04 19:30:00+00:00,3.9000000953674316,3.9100000858306885,3.859999895095825,3.869999885559082,1140010
2024-04-05 13:30:00+00:00,3.890000104904175,3.919600009918213,3.8499999046325684,3.9100000858306885,880931
2024-04-05 14:30:00+00:00,3.8550000190734863,3.890000104904175,3.8399999141693115,3.880000114440918,659896
2024-04-05 15:30:00+00:00,3.859999895095825,3.880000114440918,3.8499999046325684,3.8550000190734863,714042
2024-04-05 16:30:00+00:00,3.859999895095825,3.880000114440918,3.8499999046325684,3.865000009536743,685697
2024-04-05 17:30:00+00:00,3.819999933242798,3.869999885559082,3.809999942779541,3.8550000190734863,924106
2024-04-05 18:30:00+00:00,3.8125,3.8299999237060547,3.809999942779541,3.825000047683716,819907
2024-04-05 19:30:00+00:00,3.799999952316284,3.819999933242798,3.7799999713897705,3.815000057220459,2437280
2024-04-08 13:30:00+00:00,3.7497000694274902,3.8399999141693115,3.7300000190734863,3.8299999237060547,1680949
2024-04-08 14:30:00+00:00,3.780100107192993,3.819999933242798,3.740000009536743,3.75,651487
2024-04-08 15:30:00+00:00,3.7750000953674316,3.7899999618530273,3.7699999809265137,3.7799999713897705,489471
2024-04-08 16:30:00+00:00,3.7950000762939453,3.799999952316284,3.7699999809265137,3.7699999809265137,360942
2024-04-08 17:30:00+00:00,3.7850000858306885,3.805000066757202,3.7699999809265137,3.799999952316284,527380
2024-04-08 18:30:00+00:00,3.740000009536743,3.7899999618530273,3.740000009536743,3.7799999713897705,1094306
2024-04-08 19:30:00+00:00,3.7750000953674316,3.7799999713897705,3.740000009536743,3.744999885559082,1157380
2024-04-09 13:30:00+00:00,3.880000114440918,3.9200000762939453,3.809999942779541,3.8399999141693115,1230840
2024-04-09 14:30:00+00:00,3.8350000381469727,3.880000114440918,3.8299999237060547,3.872499942779541,1070577
2024-04-09 15:30:00+00:00,3.8350000381469727,3.8399999141693115,3.809999942779541,3.8350000381469727,510380
2024-04-09 16:30:00+00:00,3.815000057220459,3.8399999141693115,3.809999942779541,3.8350000381469727,391738
2024-04-09 17:30:00+00:00,3.805000066757202,3.819999933242798,3.799999952316284,3.815000057220459,303827
2024-04-09 18:30:00+00:00,3.815000057220459,3.815000057220459,3.7799999713897705,3.805000066757202,737648
2024-04-09 19:30:00+00:00,3.8399999141693115,3.8399999141693115,3.809999942779541,3.815000057220459,581337
2024-04-10 13:30:00+00:00,3.75,3.755000114440918,3.6600000858306885,3.740000009536743,2692337
2024-04-10 14:30:00+00:00,3.744999885559082,3.7699999809265137,3.7100000381469727,3.75,746678
2024-04-10 15:30:00+00:00,3.744999885559082,3.755000114440918,3.7300000190734863,3.744999885559082,607526
2024-04-10 16:30:00+00:00,3.740000009536743,3.7699999809265137,3.7300000190734863,3.744999885559082,590430
2024-04-10 17:30:00+00:00,3.740000009536743,3.7799999713897705,3.7300000190734863,3.744999885559082,643769
2024-04-10 18:30:00+00:00,3.744999885559082,3.8399999141693115,3.7300000190734863,3.744999885559082,693786
2024-04-10 19:30:00+00:00,3.740000009536743,3.7699999809265137,3.7300000190734863,3.744999885559082,1300608
2024-04-11 13:30:00+00:00,3.8575000762939453,3.890000104904175,3.7799999713897705,3.8299999237060547,1705460
2024-04-11 14:30:00+00:00,3.859999895095825,3.9100000858306885,3.8499999046325684,3.8550000190734863,1067616
2024-04-11 15:30:00+00:00,3.924999952316284,3.9549999237060547,3.8499999046325684,3.859999895095825,1250737
2024-04-11 16:30:00+00:00,3.940000057220459,3.9472999572753906,3.9049999713897705,3.924999952316284,599374
2024-04-11 17:30:00+00:00,3.930000066757202,3.940000057220459,3.9100000858306885,3.934999942779541,515052
2024-04-11 18:30:00+00:00,3.865000009536743,3.930000066757202,3.859999895095825,3.928800106048584,426234
2024-04-11 19:30:00+00:00,3.8696999549865723,3.890000104904175,3.8299999237060547,3.859999895095825,1420241
2024-04-12 13:30:00+00:00,3.7899999618530273,3.859999895095825,3.7899999618530273,3.8499999046325684,1066766
2024-04-12 14:30:00+00:00,3.799999952316284,3.8299999237060547,3.7799999713897705,3.7950000762939453,889881
2024-04-12 15:30:00+00:00,3.7750000953674316,3.8099000453948975,3.765000104904175,3.8099000453948975,603376
2024-04-12 16:30:00+00:00,3.765000104904175,3.788599967956543,3.75,3.7799999713897705,1431461
2024-04-12 17:30:00+00:00,3.740000009536743,3.7669999599456787,3.7200000286102295,3.765000104904175,2151543
2024-04-12 18:30:00+00:00,3.7049999237060547,3.7499001026153564,3.700000047683716,3.740000009536743,1069045
2024-04-12 19:30:00+00:00,3.740000009536743,3.740000009536743,3.700000047683716,3.7049999237060547,1198020
2024-04-15 13:30:00+00:00,3.6700000762939453,3.7850000858306885,3.6600000858306885,3.759999990463257,2065827
2024-04-15 14:30:00+00:00,3.6844000816345215,3.690000057220459,3.6500000953674316,3.6649999618530273,1025353
2024-04-15 15:30:00+00:00,3.6600000858306885,3.7200000286102295,3.6600000858306885,3.680000066757202,1583639
2024-04-15 16:30:00+00:00,3.5399999618530273,3.6649999618530273,3.5299999713897705,3.6649999618530273,2147976
2024-04-15 17:30:00+00:00,3.549999952316284,3.5799999237060547,3.509999990463257,3.5399999618530273,2953204
2024-04-15 18:30:00+00:00,3.5399999618530273,3.559999942779541,3.5199999809265137,3.5450000762939453,2483229
2024-04-15 19:30:00+00:00,3.5297999382019043,3.549999952316284,3.5199999809265137,3.538599967956543,3144747
2024-04-16 13:30:00+00:00,3.5350000858306885,3.559999942779541,3.4700000286102295,3.509999990463257,1856315
2024-04-16 14:30:00+00:00,3.575000047683716,3.5950000286102295,3.5201001167297363,3.5350000858306885,756148
2024-04-16 15:30:00+00:00,3.5999999046325684,3.640000104904175,3.569999933242798,3.569999933242798,830484
2024-04-16 16:30:00+00:00,3.6050000190734863,3.615000009536743,3.5899999141693115,3.6050000190734863,436639
2024-04-16 17:30:00+00:00,3.5999999046325684,3.6500000953674316,3.569999933242798,3.6068999767303467,866929
2024-04-16 18:30:00+00:00,3.625,3.640000104904175,3.5999999046325684,3.5999999046325684,430859
2024-04-16 19:30:00+00:00,3.559999942779541,3.630000114440918,3.559999942779541,3.625,842013
2024-04-17 13:30:00+00:00,3.5950000286102295,3.6600000858306885,3.57069993019104,3.5799999237060547,802242
2024-04-17 14:30:00+00:00,3.575000047683716,3.5950000286102295,3.549999952316284,3.5950000286102295,794428
2024-04-17 15:30:00+00:00,3.575000047683716,3.5999999046325684,3.559999942779541,3.569999933242798,405483
2024-04-17 16:30:00+00:00,3.5899999141693115,3.5899999141693115,3.5399999618530273,3.569999933242798,431342
2024-04-17 17:30:00+00:00,3.5899999141693115,3.619999885559082,3.5799999237060547,3.5899999141693115,341453
2024-04-17 18:30:00+00:00,3.555000066757202,3.5999999046325684,3.5425000190734863,3.5799999237060547,544321
2024-04-17 19:30:00+00:00,3.559999942779541,3.569999933242798,3.5434999465942383,3.555000066757202,592534
2024-04-18 13:30:00+00:00,3.579900026321411,3.5799999237060547,3.4800000190734863,3.569999933242798,1218626
2024-04-18 14:30:00+00:00,3.5999999046325684,3.640000104904175,3.569999933242798,3.5799999237060547,1037104
2024-04-18 15:30:00+00:00,3.5850000381469727,3.609999895095825,3.569999933242798,3.6050000190734863,363406
2024-04-18 16:30:00+00:00,3.565000057220459,3.5899999141693115,3.549999952316284,3.5850000381469727,438337
2024-04-18 17:30:00+00:00,3.549999952316284,3.569999933242798,3.549999952316284,3.565000057220459,277693
2024-04-18 18:30:00+00:00,3.5399999618530273,3.559999942779541,3.5299999713897705,3.555000066757202,450810
2024-04-18 19:30:00+00:00,3.555000066757202,3.559999942779541,3.5299999713897705,3.5350000858306885,569910
2024-04-19 13:30:00+00:00,3.575000047683716,3.619999885559082,3.515000104904175,3.5299999713897705,1637237
2024-04-19 14:30:00+00:00,3.569999933242798,3.5799999237060547,3.5399999618530273,3.5789999961853027,390841
2024-04-19 15:30:00+00:00,3.5299999713897705,3.5799999237060547,3.5299999713897705,3.5624001026153564,424393
2024-04-19 16:30:00+00:00,3.5350000858306885,3.559999942779541,3.5199999809265137,3.5399999618530273,480558
2024-04-19 17:30:00+00:00,3.5350000858306885,3.549999952316284,3.5199999809265137,3.5350000858306885,544119
2024-04-19 18:30:00+00:00,3.5450000762939453,3.549999952316284,3.5199999809265137,3.5299999713897705,441570
2024-04-19 19:30:00+00:00,3.549999952316284,3.549999952316284,3.5199999809265137,3.549999952316284,974950
2024-04-22 13:30:00+00:00,3.5350000858306885,3.5850000381469727,3.490000009536743,3.5799999237060547,1584500
2024-04-22 14:30:00+00:00,3.5350000858306885,3.549999952316284,3.5299999713897705,3.5357000827789307,422249
2024-04-22 15:30:00+00:00,3.550299882888794,3.569999933242798,3.5399999618530273,3.5399999618530273,390604
2024-04-22 16:30:00+00:00,3.555000066757202,3.559999942779541,3.5311999320983887,3.549999952316284,612170
2024-04-22 17:30:00+00:00,3.5950000286102295,3.609999895095825,3.559799909591675,3.559799909591675,781453
2024-04-22 18:30:00+00:00,3.565000057220459,3.5999999046325684,3.559999942779541,3.5899999141693115,439900
2024-04-22 19:30:00+00:00,3.5799999237060547,3.5999999046325684,3.565000057220459,3.565000057220459,823497
2024-04-23 13:30:00+00:00,3.7049999237060547,3.7750000953674316,3.575000047683716,3.5899999141693115,2279483
2024-04-23 14:30:00+00:00,3.694999933242798,3.7160000801086426,3.6700000762939453,3.7049999237060547,561170
2024-04-23 15:30:00+00:00,3.6944000720977783,3.7100000381469727,3.6700000762939453,3.694999933242798,394569
2024-04-23 16:30:00+00:00,3.6810998916625977,3.7100000381469727,3.680000066757202,3.694999933242798,382881
2024-04-23 17:30:00+00:00,3.694999933242798,3.7100000381469727,3.680000066757202,3.680000066757202,333445
2024-04-23 18:30:00+00:00,3.700000047683716,3.7200000286102295,3.6700000762939453,3.691200017929077,614817
2024-04-23 19:30:00+00:00,3.6700000762939453,3.700000047683716,3.6600000858306885,3.700000047683716,751037
2024-04-24 13:30:00+00:00,3.690000057220459,3.7799999713897705,3.6600000858306885,3.740000009536743,935623
2024-04-24 14:30:00+00:00,3.658799886703491,3.694999933242798,3.619999885559082,3.690000057220459,1325115
2024-04-24 15:30:00+00:00,3.640000104904175,3.674999952316284,3.619999885559082,3.6600000858306885,586652
2024-04-24 16:30:00+00:00,3.6649999618530273,3.674999952316284,3.630000114440918,3.640000104904175,555564
2024-04-24 17:30:00+00:00,3.65120005607605,3.6700000762939453,3.6500000953674316,3.6700000762939453,368573
2024-04-24 18:30:00+00:00,3.66729998588562,3.6761999130249023,3.640000104904175,3.6549999713897705,666020
2024-04-24 19:30:00+00:00,3.684999942779541,3.697499990463257,3.6600000858306885,3.6614999771118164,887580
2024-04-25 13:30:00+00:00,3.6196999549865723,3.6600000858306885,3.5899999141693115,3.6500000953674316,1571252
2024-04-25 14:30:00+00:00,3.589900016784668,3.6282999515533447,3.5799999237060547,3.617000102996826,709312
2024-04-25 15:30:00+00:00,3.6050000190734863,3.609999895095825,3.559999942779541,3.589900016784668,621175
2024-04-25 16:30:00+00:00,3.609999895095825,3.630000114440918,3.5999999046325684,3.6050000190734863,287807
2024-04-25 17:30:00+00:00,3.625,3.6600000858306885,3.5999999046325684,3.6191000938415527,433145
2024-04-25 18:30:00+00:00,3.6500000953674316,3.684999942779541,3.619999885559082,3.625,568148
2024-04-25 19:30:00+00:00,3.6500000953674316,3.6600000858306885,3.630000114440918,3.6500000953674316,621446
2024-04-26 13:30:00+00:00,3.6905999183654785,3.7149999141693115,3.6500000953674316,3.6500000953674316,770178
2024-04-26 14:30:00+00:00,3.684999942779541,3.7100000381469727,3.6700000762939453,3.694999933242798,499803
2024-04-26 15:30:00+00:00,3.7249999046325684,3.7300000190734863,3.680000066757202,3.6882998943328857,463498
2024-04-26 16:30:00+00:00,3.740000009536743,3.75,3.7200000286102295,3.7249999046325684,411415
2024-04-26 17:30:00+00:00,3.7200000286102295,3.75,3.7200000286102295,3.744999885559082,637286
2024-04-26 18:30:00+00:00,3.734999895095825,3.75,3.7200000286102295,3.7200000286102295,309363
2024-04-26 19:30:00+00:00,3.7639999389648438,3.7750000953674316,3.7300000190734863,3.738300085067749,1023957
2024-04-29 13:30:00+00:00,3.7850000858306885,3.819999933242798,3.7300000190734863,3.799999952316284,1314134
2024-04-29 14:30:00+00:00,3.7699999809265137,3.809999942779541,3.7699999809265137,3.7850000858306885,347816
2024-04-29 15:30:00+00:00,3.759999990463257,3.7799999713897705,3.759999990463257,3.7750000953674316,245014
2024-04-29 16:30:00+00:00,3.7799999713897705,3.7899999618530273,3.744999885559082,3.765000104904175,329189
2024-04-29 17:30:00+00:00,3.7899999618530273,3.799999952316284,3.7799999713897705,3.7799999713897705,289826
2024-04-29 18:30:00+00:00,3.7750000953674316,3.7950000762939453,3.755000114440918,3.7799999713897705,428302
2024-04-29 19:30:00+00:00,3.7950000762939453,3.809999942779541,3.7750000953674316,3.7783000469207764,492495
2024-04-30 13:30:00+00:00,3.7850000858306885,3.835099935531616,3.740000009536743,3.8299999237060547,732904
2024-04-30 14:30:00+00:00,3.7750000953674316,3.809999942779541,3.75,3.7799999713897705,395626
2024-04-30 15:30:00+00:00,3.765000104904175,3.7869999408721924,3.755000114440918,3.7750000953674316,253945
2024-04-30 16:30:00+00:00,3.7300000190734863,3.7699999809265137,3.7300000190734863,3.7699999809265137,2016620
2024-04-30 17:30:00+00:00,3.7397000789642334,3.7599000930786133,3.7200000286102295,3.7325000762939453,360522
2024-04-30 18:30:00+00:00,3.7249999046325684,3.759999990463257,3.7200000286102295,3.734999895095825,494025
2024-04-30 19:30:00+00:00,3.755000114440918,3.7899999618530273,3.7149999141693115,3.7249999046325684,1728321
2024-05-01 13:30:00+00:00,3.7950000762939453,3.8099000453948975,3.7219998836517334,3.759999990463257,741873
2024-05-01 14:30:00+00:00,3.7750000953674316,3.809999942779541,3.75,3.7950000762939453,878980
2024-05-01 15:30:00+00:00,3.740000009536743,3.7799999713897705,3.740000009536743,3.7750000953674316,878982
2024-05-01 16:30:00+00:00,3.7300000190734863,3.75,3.7200000286102295,3.740000009536743,1084142
2024-05-01 17:30:00+00:00,3.8450000286102295,3.8450000286102295,3.7300000190734863,3.740000009536743,2147743
2024-05-01 18:30:00+00:00,3.9100000858306885,3.9800000190734863,3.805000066757202,3.84060001373291,2125492
2024-05-01 19:30:00+00:00,3.8399999141693115,3.9149999618530273,3.8299999237060547,3.9149999618530273,1254866
2024-05-02 13:30:00+00:00,3.865000009536743,3.940000057220459,3.809999942779541,3.9000000953674316,1044906
2024-05-02 14:30:00+00:00,3.875,3.9000000953674316,3.8399999141693115,3.869999885559082,639516
2024-05-02 15:30:00+00:00,3.884999990463257,3.9100000858306885,3.869999885559082,3.880000114440918,378946
2024-05-02 16:30:00+00:00,3.8949999809265137,3.9200000762939453,3.880000114440918,3.884999990463257,470234
2024-05-02 17:30:00+00:00,3.924999952316284,3.930000066757202,3.890000104904175,3.9000000953674316,1063281
2024-05-02 18:30:00+00:00,3.924999952316284,3.947499990463257,3.9200000762939453,3.924999952316284,610127
2024-05-02 19:30:00+00:00,3.950000047683716,3.9549999237060547,3.922499895095825,3.922499895095825,918582
2024-05-03 13:30:00+00:00,4.014999866485596,4.079999923706055,3.984999895095825,4.0,1688192
2024-05-03 14:30:00+00:00,3.988800048828125,4.03000020980835,3.9649999141693115,4.014999866485596,769143
2024-05-03 15:30:00+00:00,4.0,4.010000228881836,3.9800000190734863,3.984999895095825,614056
2024-05-03 16:30:00+00:00,3.986599922180176,4.010000228881836,3.9800000190734863,3.994999885559082,327038
2024-05-03 17:30:00+00:00,3.993000030517578,4.0,3.9600000381469727,3.984999895095825,518455
2024-05-03 18:30:00+00:00,4.005000114440918,4.014999866485596,3.9800000190734863,3.994999885559082,569989
2024-05-03 19:30:00+00:00,3.990000009536743,4.010000228881836,3.990000009536743,4.010000228881836,630662
2024-05-06 13:30:00+00:00,4.061999797821045,4.099999904632568,4.025000095367432,4.050000190734863,1633112
2024-05-06 14:30:00+00:00,4.074999809265137,4.119999885559082,4.0,4.074999809265137,1215443
2024-05-06 15:30:00+00:00,4.079999923706055,4.119999885559082,4.070000171661377,4.074999809265137,859666
2024-05-06 16:30:00+00:00,4.090000152587891,4.119999885559082,4.079999923706055,4.088099956512451,1270817
2024-05-06 17:30:00+00:00,4.090000152587891,4.110000133514404,4.079999923706055,4.09499979019165,670273
2024-05-06 18:30:00+00:00,4.074999809265137,4.099999904632568,4.059999942779541,4.090000152587891,836416
2024-05-06 19:30:00+00:00,4.065000057220459,4.079999923706055,4.059999942779541,4.074999809265137,928184
2024-05-07 13:30:00+00:00,3.720099925994873,3.9200000762939453,3.6549999713897705,3.9000000953674316,5484154
2024-05-07 14:30:00+00:00,3.755000114440918,3.7899999618530273,3.680000066757202,3.7249999046325684,2251605
2024-05-07 15:30:00+00:00,3.870300054550171,3.875,3.75,3.755000114440918,2625041
2024-05-07 16:30:00+00:00,3.9149999618530273,3.924999952316284,3.869999885559082,3.878000020980835,1460049
2024-05-07 17:30:00+00:00,3.8949999809265137,3.924999952316284,3.869999885559082,3.9200000762939453,1119819
2024-05-07 18:30:00+00:00,3.924999952316284,3.940000057220459,3.880000114440918,3.890000104904175,1183177
2024-05-07 19:30:00+00:00,3.9700000286102295,3.990000009536743,3.9200000762939453,3.924999952316284,2701982
2024-05-08 13:30:00+00:00,4.050000190734863,4.050000190734863,3.819999933242798,3.8499999046325684,1886657
2024-05-08 14:30:00+00:00,4.045000076293945,4.070000171661377,4.0,4.045000076293945,1631817
2024-05-08 15:30:00+00:00,4.009699821472168,4.059999942779541,4.0,4.045000076293945,817229
2024-05-08 16:30:00+00:00,4.019999980926514,4.03000020980835,3.990000009536743,4.005000114440918,572355
2024-05-08 17:30:00+00:00,4.050000190734863,4.070000171661377,4.019999980926514,4.019999980926514,700621
2024-05-08 18:30:00+00:00,4.099999904632568,4.119999885559082,4.03000020980835,4.054999828338623,1613264
2024-05-08 19:30:00+00:00,4.099999904632568,4.110000133514404,4.079999923706055,4.09499979019165,1345862
2024-05-09 13:30:00+00:00,4.236999988555908,4.260000228881836,4.114999771118164,4.127999782562256,2012162
2024-05-09 14:30:00+00:00,4.223800182342529,4.244999885559082,4.170000076293945,4.239999771118164,1511679
2024-05-09 15:30:00+00:00,4.224999904632568,4.230000019073486,4.199999809265137,4.223400115966797,667260
2024-05-09 16:30:00+00:00,4.235000133514404,4.25,4.21999979019165,4.226200103759766,632224
2024-05-09 17:30:00+00:00,4.244999885559082,4.255000114440918,4.230000019073486,4.235000133514404,736593
2024-05-09 18:30:00+00:00,4.272500038146973,4.300000190734863,4.239999771118164,4.25,938708
2024-05-09 19:30:00+00:00,4.255000114440918,4.279399871826172,4.25,4.275000095367432,836625
2024-05-10 13:30:00+00:00,4.0,4.199999809265137,3.9800000190734863,4.099999904632568,3428248
2024-05-10 14:30:00+00:00,4.010700225830078,4.034999847412109,3.9749999046325684,3.9999001026153564,1531278
2024-05-10 15:30:00+00:00,4.005000114440918,4.039999961853027,4.0,4.019899845123291,792090
2024-05-10 16:30:00+00:00,4.019999980926514,4.019999980926514,4.0,4.005000114440918,611300
2024-05-10 17:30:00+00:00,4.079999923706055,4.079999923706055,4.010000228881836,4.014999866485596,823605
2024-05-10 18:30:00+00:00,4.105000019073486,4.110000133514404,4.070000171661377,4.074999809265137,966470
2024-05-10 19:30:00+00:00,4.110000133514404,4.119999885559082,4.099999904632568,4.105000019073486,1186246
2024-05-13 13:30:00+00:00,4.295000076293945,4.460000038146973,4.164999961853027,4.170000076293945,4887193
2024-05-13 14:30:00+00:00,4.255000114440918,4.340000152587891,4.25,4.2947001457214355,1292943
2024-05-13 15:30:00+00:00,4.235000133514404,4.260000228881836,4.199999809265137,4.255000114440918,884367
2024-05-13 16:30:00+00:00,4.235000133514404,4.267899990081787,4.210000038146973,4.235000133514404,594066
2024-05-13 17:30:00+00:00,4.215000152587891,4.239999771118164,4.190000057220459,4.235000133514404,479982
2024-05-13 18:30:00+00:00,4.15500020980835,4.21999979019165,4.150000095367432,4.215000152587891,843508
2024-05-13 19:30:00+00:00,4.159999847412109,4.170000076293945,4.150000095367432,4.150000095367432,1223054
2024-05-14 13:30:00+00:00,4.454999923706055,4.46999979019165,4.239999771118164,4.239999771118164,3694630
2024-05-14 14:30:00+00:00,4.494999885559082,4.5,4.409999847412109,4.460000038146973,2527556
2024-05-14 15:30:00+00:00,4.445000171661377,4.5,4.400000095367432,4.494999885559082,1874111
2024-05-14 16:30:00+00:00,4.519999980926514,4.519999980926514,4.440000057220459,4.442500114440918,3003997
2024-05-14 17:30:00+00:00,4.491199970245361,4.53000020980835,4.489999771118164,4.519999980926514,902390
2024-05-14 18:30:00+00:00,4.530099868774414,4.539999961853027,4.46999979019165,4.494699954986572,4227849
2024-05-14 19:30:00+00:00,4.550000190734863,4.579999923706055,4.534999847412109,4.534999847412109,3133666
2024-05-15 13:30:00+00:00,4.408899784088135,4.639999866485596,4.381499767303467,4.599999904632568,4135793
2024-05-15 14:30:00+00:00,4.427499771118164,4.445000171661377,4.400000095367432,4.400000095367432,1531069
2024-05-15 15:30:00+00:00,4.40500020980835,4.449999809265137,4.385000228881836,4.423299789428711,1230854
2024-05-15 16:30:00+00:00,4.387700080871582,4.409999847412109,4.364999771118164,4.407800197601318,1016935
2024-05-15 17:30:00+00:00,4.389999866485596,4.409999847412109,4.360000133514404,4.389999866485596,964161
2024-05-15 18:30:00+00:00,4.34499979019165,4.389999866485596,4.320000171661377,4.385000228881836,1085111
2024-05-15 19:30:00+00:00,4.349999904632568,4.349999904632568,4.315000057220459,4.34499979019165,1226223
2024-05-16 13:30:00+00:00,4.340000152587891,4.445000171661377,4.300000190734863,4.340000152587891,1228436
2024-05-16 14:30:00+00:00,4.300000190734863,4.349999904632568,4.300000190734863,4.340000152587891,442529
2024-05-16 15:30:00+00:00,4.34499979019165,4.360000133514404,4.289999961853027,4.300000190734863,697537
2024-05-16 16:30:00+00:00,4.289999961853027,4.34499979019165,4.28000020980835,4.340000152587891,357165
2024-05-16 17:30:00+00:00,4.260000228881836,4.300000190734863,4.239999771118164,4.289999961853027,965539
2024-05-16 18:30:00+00:00,4.230000019073486,4.268799781799316,4.21999979019165,4.268799781799316,758825
2024-05-16 19:30:00+00:00,4.235000133514404,4.25,4.230000019073486,4.230000019073486,718898
2024-05-17 13:30:00+00:00,4.289999961853027,4.289999961853027,4.179999828338623,4.239999771118164,987677
2024-05-17 14:30:00+00:00,4.289899826049805,4.300000190734863,4.25,4.289899826049805,553156
2024-05-17 15:30:00+00:00,4.269999980926514,4.289999961853027,4.25,4.280099868774414,415573
2024-05-17 16:30:00+00:00,4.235000133514404,4.269999980926514,4.21999979019165,4.269899845123291,419363
2024-05-17 17:30:00+00:00,4.239999771118164,4.25,4.224999904632568,4.239999771118164,438617
2024-05-17 18:30:00+00:00,4.224999904632568,4.25,4.21999979019165,4.239999771118164,620936
2024-05-17 19:30:00+00:00,4.25,4.260000228881836,4.21999979019165,4.224999904632568,981309
2024-05-20 13:30:00+00:00,4.28000020980835,4.300000190734863,4.235000133514404,4.289999961853027,1085638
2024-05-20 14:30:00+00:00,4.324999809265137,4.329999923706055,4.280099868774414,4.289899826049805,466512
2024-05-20 15:30:00+00:00,4.3678998947143555,4.389999866485596,4.320000171661377,4.329999923706055,716552
2024-05-20 16:30:00+00:00,4.380000114440918,4.400000095367432,4.355000019073486,4.360099792480469,472854
2024-05-20 17:30:00+00:00,4.388800144195557,4.389999866485596,4.349999904632568,4.380000114440918,602615
2024-05-20 18:30:00+00:00,4.425000190734863,4.434999942779541,4.380000114440918,4.385000228881836,748292
2024-05-20 19:30:00+00:00,4.40500020980835,4.429999828338623,4.380000114440918,4.425000190734863,942042
2024-05-21 13:30:00+00:00,4.489999771118164,4.5,4.349999904632568,4.380000114440918,1430231
2024-05-21 14:30:00+00:00,4.474999904632568,4.53000020980835,4.474999904632568,4.485000133514404,1098570
2024-05-21 15:30:00+00:00,4.474999904632568,4.480000019073486,4.440000057220459,4.474999904632568,446340
2024-05-21 16:30:00+00:00,4.480000019073486,4.489999771118164,4.460000038146973,4.472499847412109,460839
2024-05-21 17:30:00+00:00,4.474999904632568,4.489999771118164,4.460000038146973,4.471199989318848,528746
2024-05-21 18:30:00+00:00,4.454999923706055,4.480000019073486,4.445000171661377,4.46999979019165,499692
2024-05-21 19:30:00+00:00,4.46999979019165,4.46999979019165,4.449999809265137,4.460000038146973,693498
2024-05-22 13:30:00+00:00,4.445000171661377,4.489500045776367,4.385000228881836,4.449999809265137,857755
2024-05-22 14:30:00+00:00,4.448299884796143,4.46999979019165,4.414999961853027,4.440000057220459,467421
2024-05-22 15:30:00+00:00,4.409999847412109,4.45989990234375,4.409999847412109,4.445000171661377,454084
2024-05-22 16:30:00+00:00,4.39300012588501,4.420000076293945,4.389999866485596,4.418399810791016,355731
2024-05-22 17:30:00+00:00,4.315000057220459,4.394999980926514,4.309999942779541,4.394999980926514,535081
2024-05-22 18:30:00+00:00,4.349999904632568,4.349999904632568,4.28000020980835,4.315000057220459,636488
2024-05-22 19:30:00+00:00,4.335000038146973,4.360000133514404,4.320000171661377,4.349899768829346,515526
2024-05-23 13:30:00+00:00,4.2494001388549805,4.380000114440918,4.230000019073486,4.360000133514404,1172239
2024-05-23 14:30:00+00:00,4.264999866485596,4.28000020980835,4.21999979019165,4.244999885559082,677920
2024-05-23 15:30:00+00:00,4.260000228881836,4.28000020980835,4.260000228881836,4.268199920654297,368577
2024-05-23 16:30:00+00:00,4.264999866485596,4.28000020980835,4.25,4.260000228881836,212726
2024-05-23 17:30:00+00:00,4.195000171661377,4.269999980926514,4.190000057220459,4.2600998878479,701899
2024-05-23 18:30:00+00:00,4.208000183105469,4.218599796295166,4.179999828338623,4.195000171661377,580384
2024-05-23 19:30:00+00:00,4.224999904632568,4.235000133514404,4.200200080871582,4.204999923706055,657649
2024-05-24 13:30:00+00:00,4.230000019073486,4.26800012588501,4.190000057220459,4.26800012588501,919238
2024-05-24 14:30:00+00:00,4.230000019073486,4.239999771118164,4.210000038146973,4.230000019073486,505896
2024-05-24 15:30:00+00:00,4.235000133514404,4.239999771118164,4.210000038146973,4.230000019073486,470957
2024-05-24 16:30:00+00:00,4.235000133514404,4.239999771118164,4.21999979019165,4.235000133514404,339935
2024-05-24 17:30:00+00:00,4.21999979019165,4.25,4.21999979019165,4.235000133514404,383498
2024-05-24 18:30:00+00:00,4.200300216674805,4.226900100708008,4.179999828338623,4.226900100708008,641587
2024-05-24 19:30:00+00:00,4.21999979019165,4.21999979019165,4.199999809265137,4.204999923706055,698533
2024-05-28 13:30:00+00:00,4.394999980926514,4.465000152587891,4.239999771118164,4.25,2009864
2024-05-28 14:30:00+00:00,4.425000190734863,4.46999979019165,4.364999771118164,4.394999980926514,1235401
2024-05-28 15:30:00+00:00,4.420300006866455,4.449999809265137,4.414999961853027,4.425000190734863,525371
2024-05-28 16:30:00+00:00,4.432000160217285,4.449999809265137,4.420000076293945,4.425000190734863,613530
2024-05-28 17:30:00+00:00,4.420000076293945,4.449999809265137,4.400000095367432,4.439700126647949,729530
2024-05-28 18:30:00+00:00,4.385000228881836,4.429999828338623,4.380000114440918,4.425000190734863,743080
2024-05-28 19:30:00+00:00,4.380000114440918,4.409999847412109,4.380000114440918,4.385000228881836,1358649
2024-05-29 13:30:00+00:00,4.230000019073486,4.320000171661377,4.230000019073486,4.269999980926514,1237753
2024-05-29 14:30:00+00:00,4.239999771118164,4.249899864196777,4.199999809265137,4.232699871063232,729919
2024-05-29 15:30:00+00:00,4.229899883270264,4.257999897003174,4.21999979019165,4.239999771118164,364201
2024-05-29 16:30:00+00:00,4.224999904632568,4.239999771118164,4.21999979019165,4.21999979019165,422236
2024-05-29 17:30:00+00:00,4.175000190734863,4.230000019073486,4.170000076293945,4.224999904632568,743426
2024-05-29 18:30:00+00:00,4.182499885559082,4.190000057220459,4.150000095367432,4.170000076293945,1319933
2024-05-29 19:30:00+00:00,4.175000190734863,4.190000057220459,4.170000076293945,4.189899921417236,1003169
2024-05-30 13:30:00+00:00,4.189199924468994,4.309999942779541,4.171500205993652,4.300000190734863,1206688
2024-05-30 14:30:00+00:00,4.260000228881836,4.269999980926514,4.175000190734863,4.189899921417236,517542
2024-05-30 15:30:00+00:00,4.284999847412109,4.300000190734863,4.260000228881836,4.264999866485596,432016
2024-05-30 16:30:00+00:00,4.324999809265137,4.329999923706055,4.28000020980835,4.284999847412109,402451
2024-05-30 17:30:00+00:00,4.324999809265137,4.375,4.309999942779541,4.3242998123168945,841278
2024-05-30 18:30:00+00:00,4.304999828338623,4.340000152587891,4.300099849700928,4.320099830627441,665457
2024-05-30 19:30:00+00:00,4.329999923706055,4.329999923706055,4.289999961853027,4.300000190734863,698706
2024-05-31 13:30:00+00:00,4.34499979019165,4.414999961853027,4.291999816894531,4.320000171661377,966631
2024-05-31 14:30:00+00:00,4.304999828338623,4.355000019073486,4.289999961853027,4.34499979019165,532233
2024-05-31 15:30:00+00:00,4.244999885559082,4.320000171661377,4.21999979019165,4.304999828338623,694076
2024-05-31 16:30:00+00:00,4.292200088500977,4.300000190734863,4.239999771118164,4.244999885559082,518743
2024-05-31 17:30:00+00:00,4.335000038146973,4.349999904632568,4.289999961853027,4.296299934387207,467384
2024-05-31 18:30:00+00:00,4.304999828338623,4.349999904632568,4.300000190734863,4.335000038146973,482069
2024-05-31 19:30:00+00:00,4.380000114440918,4.380000114440918,4.300000190734863,4.309999942779541,823491
2024-06-03 13:30:00+00:00,4.315000057220459,4.449999809265137,4.289999961853027,4.400000095367432,1316972
2024-06-03 14:30:00+00:00,4.304999828338623,4.340000152587891,4.289999961853027,4.315000057220459,595112
2024-06-03 15:30:00+00:00,4.284999847412109,4.324999809265137,4.260000228881836,4.309999942779541,515449
2024-06-03 16:30:00+00:00,4.284999847412109,4.315000057220459,4.269999980926514,4.284999847412109,264452
2024-06-03 17:30:00+00:00,4.324999809265137,4.328100204467773,4.28000020980835,4.284999847412109,490972
2024-06-03 18:30:00+00:00,4.324999809265137,4.340000152587891,4.320000171661377,4.324999809265137,375798
2024-06-03 19:30:00+00:00,4.335000038146973,4.340000152587891,4.320000171661377,4.320000171661377,446541
2024-06-04 13:30:00+00:00,4.275000095367432,4.309999942779541,4.25,4.28000020980835,793843
2024-06-04 14:30:00+00:00,4.279900074005127,4.28000020980835,4.255000114440918,4.275000095367432,400533
2024-06-04 15:30:00+00:00,4.244999885559082,4.279900074005127,4.230000019073486,4.279900074005127,626812
2024-06-04 16:30:00+00:00,4.244999885559082,4.260000228881836,4.230000019073486,4.239999771118164,300384
2024-06-04 17:30:00+00:00,4.28000020980835,4.289999961853027,4.239999771118164,4.244999885559082,315542
2024-06-04 18:30:00+00:00,4.275000095367432,4.300000190734863,4.260000228881836,4.284999847412109,390223
2024-06-04 19:30:00+00:00,4.28000020980835,4.289999961853027,4.260000228881836,4.275000095367432,581864
2024-06-05 13:30:00+00:00,4.335000038146973,4.349999904632568,4.264999866485596,4.329999923706055,884328
2024-06-05 14:30:00+00:00,4.3495001792907715,4.380000114440918,4.321199893951416,4.340000152587891,642926
2024-06-05 15:30:00+00:00,4.385000228881836,4.400000095367432,4.340000152587891,4.34499979019165,556268
2024-06-05 16:30:00+00:00,4.409999847412109,4.420000076293945,4.375,4.389999866485596,655681
2024-06-05 17:30:00+00:00,4.40500020980835,4.414999961853027,4.380099773406982,4.40880012512207,403368
2024-06-05 18:30:00+00:00,4.425000190734863,4.440000057220459,4.400000095367432,4.40500020980835,491260
2024-06-05 19:30:00+00:00,4.434999942779541,4.440000057220459,4.420000076293945,4.425000190734863,746402
2024-06-06 13:30:00+00:00,4.335000038146973,4.409999847412109,4.320000171661377,4.360000133514404,635536
2024-06-06 14:30:00+00:00,4.372499942779541,4.380000114440918,4.329999923706055,4.335000038146973,215603
2024-06-06 15:30:00+00:00,4.364999771118164,4.380000114440918,4.340000152587891,4.372600078582764,226617
2024-06-06 16:30:00+00:00,4.40500020980835,4.409999847412109,4.360000133514404,4.364999771118164,331370
2024-06-06 17:30:00+00:00,4.409800052642822,4.440000057220459,4.4004998207092285,4.408100128173828,401763
2024-06-06 18:30:00+00:00,4.375,4.409999847412109,4.369999885559082,4.40500020980835,571209
2024-06-06 19:30:00+00:00,4.375,4.400000095367432,4.369999885559082,4.375,605884
2024-06-07 13:30:00+00:00,4.3709001541137695,4.389999866485596,4.28000020980835,4.309999942779541,700797
2024-06-07 14:30:00+00:00,4.400000095367432,4.400000095367432,4.360000133514404,4.369999885559082,428320
2024-06-07 15:30:00+00:00,4.440000057220459,4.440000057220459,4.3968000411987305,4.3993000984191895,425716
2024-06-07 16:30:00+00:00,4.429999828338623,4.440000057220459,4.420000076293945,4.434999942779541,251919
2024-06-07 17:30:00+00:00,4.40500020980835,4.440000057220459,4.389999866485596,4.429999828338623,360132
2024-06-07 18:30:00+00:00,4.440000057220459,4.440000057220459,4.400000095367432,4.40500020980835,378595
2024-06-07 19:30:00+00:00,4.440000057220459,4.440000057220459,4.429999828338623,4.436600208282471,649221
2024-06-10 13:30:00+00:00,4.488699913024902,4.519999980926514,4.340000152587891,4.360000133514404,1789982
2024-06-10 14:30:00+00:00,4.468800067901611,4.489999771118164,4.434999942779541,4.485000133514404,538372
2024-06-10 15:30:00+00:00,4.480100154876709,4.489999771118164,4.449999809265137,4.460000038146973,672510
2024-06-10 16:30:00+00:00,4.490099906921387,4.5,4.480000019073486,4.485000133514404,327844
2024-06-10 17:30:00+00:00,4.519999980926514,4.550000190734863,4.480000019073486,4.494999885559082,683300
2024-06-10 18:30:00+00:00,4.591000080108643,4.610000133514404,4.519999980926514,4.525000095367432,1613556
2024-06-10 19:30:00+00:00,4.570000171661377,4.619999885559082,4.559999942779541,4.59499979019165,910230
2024-06-11 13:30:00+00:00,4.450099945068359,4.550000190734863,4.409999847412109,4.547100067138672,1617737
2024-06-11 14:30:00+00:00,4.474999904632568,4.5,4.440000057220459,4.449999809265137,694586
2024-06-11 15:30:00+00:00,4.434999942779541,4.480000019073486,4.414999961853027,4.46999979019165,755336
2024-06-11 16:30:00+00:00,4.449999809265137,4.460000038146973,4.429999828338623,4.434999942779541,255342
2024-06-11 17:30:00+00:00,4.480000019073486,4.480000019073486,4.420000076293945,4.454999923706055,596650
2024-06-11 18:30:00+00:00,4.545000076293945,4.590000152587891,4.474999904632568,4.478000164031982,1498374
2024-06-11 19:30:00+00:00,4.574999809265137,4.590000152587891,4.539999961853027,4.545000076293945,593965
2024-06-12 13:30:00+00:00,4.755000114440918,4.940000057220459,4.710000038146973,4.710000038146973,2863221
2024-06-12 14:30:00+00:00,4.775000095367432,4.829999923706055,4.679999828338623,4.750699996948242,1369773
2024-06-12 15:30:00+00:00,4.755000114440918,4.800000190734863,4.739999771118164,4.78000020980835,817870
2024-06-12 16:30:00+00:00,4.739999771118164,4.769999980926514,4.739999771118164,4.755000114440918,325011
2024-06-12 17:30:00+00:00,4.741199970245361,4.760000228881836,4.695000171661377,4.739999771118164,588452
2024-06-12 18:30:00+00:00,4.65500020980835,4.760000228881836,4.650000095367432,4.739999771118164,660318
2024-06-12 19:30:00+00:00,4.630000114440918,4.670000076293945,4.619999885559082,4.650300025939941,834246
2024-06-13 13:30:00+00:00,4.599999904632568,4.704999923706055,4.570000171661377,4.659999847412109,845855
2024-06-13 14:30:00+00:00,4.554999828338623,4.619999885559082,4.550000190734863,4.599999904632568,575934
2024-06-13 15:30:00+00:00,4.539899826049805,4.570000171661377,4.5100998878479,4.554999828338623,718514
2024-06-13 16:30:00+00:00,4.539999961853027,4.570000171661377,4.53000020980835,4.539999961853027,313585
2024-06-13 17:30:00+00:00,4.565000057220459,4.570000171661377,4.53000020980835,4.545000076293945,352675
2024-06-13 18:30:00+00:00,4.534999847412109,4.570000171661377,4.53000020980835,4.561999797821045,669129
2024-06-13 19:30:00+00:00,4.539999961853027,4.559999942779541,4.53000020980835,4.534999847412109,821930
2024-06-14 13:30:00+00:00,4.399899959564209,4.525000095367432,4.389999866485596,4.5,1533856
2024-06-14 14:30:00+00:00,4.375,4.400000095367432,4.329999923706055,4.400000095367432,772795
2024-06-14 15:30:00+00:00,4.360000133514404,4.394999980926514,4.340000152587891,4.379899978637695,486808
2024-06-14 16:30:00+00:00,4.369999885559082,4.389999866485596,4.340000152587891,4.355000019073486,422525
2024-06-14 17:30:00+00:00,4.380000114440918,4.400000095367432,4.369999885559082,4.370100021362305,294102
2024-06-14 18:30:00+00:00,4.369999885559082,4.380000114440918,4.360000133514404,4.375,307252
2024-06-14 19:30:00+00:00,4.400000095367432,4.400000095367432,4.360000133514404,4.380000114440918,541957
2024-06-17 13:30:00+00:00,4.25,4.375,4.21999979019165,4.349999904632568,2194102
2024-06-17 14:30:00+00:00,4.214099884033203,4.25,4.195000171661377,4.244999885559082,1117187
2024-06-17 15:30:00+00:00,4.235000133514404,4.244999885559082,4.210000038146973,4.219900131225586,682276
2024-06-17 16:30:00+00:00,4.239999771118164,4.25,4.21999979019165,4.235000133514404,511739
2024-06-17 17:30:00+00:00,4.304999828338623,4.320000171661377,4.239999771118164,4.239999771118164,661009
2024-06-17 18:30:00+00:00,4.320000171661377,4.320000171661377,4.28000020980835,4.300000190734863,635251
2024-06-17 19:30:00+00:00,4.340000152587891,4.340000152587891,4.300000190734863,4.315000057220459,799529
2024-06-18 13:30:00+00:00,4.735000133514404,4.809999942779541,4.539999961853027,4.559999942779541,6111667
2024-06-18 14:30:00+00:00,4.65500020980835,4.889999866485596,4.639999866485596,4.739999771118164,3549469
2024-06-18 15:30:00+00:00,4.779799938201904,4.804999828338623,4.639999866485596,4.650000095367432,1766426
2024-06-18 16:30:00+00:00,4.735000133514404,4.784999847412109,4.710000038146973,4.775000095367432,924276
2024-06-18 17:30:00+00:00,4.888000011444092,4.919899940490723,4.730000019073486,4.735000133514404,1826895
2024-06-18 18:30:00+00:00,4.934999942779541,4.989999771118164,4.869999885559082,4.885000228881836,2594299
2024-06-18 19:30:00+00:00,4.909999847412109,4.96999979019165,4.900000095367432,4.934800148010254,1883536
2024-06-20 13:30:00+00:00,4.739999771118164,4.917699813842773,4.670000076293945,4.909999847412109,3033391
2024-06-20 14:30:00+00:00,4.914999961853027,4.965000152587891,4.735000133514404,4.739999771118164,2296808
2024-06-20 15:30:00+00:00,4.840000152587891,4.949999809265137,4.840000152587891,4.914999961853027,1118314
2024-06-20 16:30:00+00:00,4.839900016784668,4.869999885559082,4.800000190734863,4.84499979019165,1042077
2024-06-20 17:30:00+00:00,4.894999980926514,4.920000076293945,4.809999942779541,4.840000152587891,1613314
2024-06-20 18:30:00+00:00,4.84499979019165,4.900000095367432,4.840000152587891,4.894999980926514,833175
2024-06-20 19:30:00+00:00,4.789999961853027,4.869999885559082,4.789999961853027,4.84499979019165,1494932
2024-06-21 13:30:00+00:00,4.809999942779541,4.840000152587891,4.71999979019165,4.789999961853027,2173613
2024-06-21 14:30:00+00:00,4.929800033569336,4.929999828338623,4.789999961853027,4.80810022354126,722011
2024-06-21 15:30:00+00:00,5.066199779510498,5.099999904632568,4.909999847412109,4.925000190734863,2616229
2024-06-21 16:30:00+00:00,5.025000095367432,5.099999904632568,5.019999980926514,5.065000057220459,1303149
2024-06-21 17:30:00+00:00,4.980000019073486,5.039999961853027,4.940000057220459,5.03000020980835,1126934
2024-06-21 18:30:00+00:00,4.985000133514404,4.989999771118164,4.951700210571289,4.980000019073486,762020
2024-06-21 19:30:00+00:00,5.03000020980835,5.03000020980835,4.929999828338623,4.985000133514404,1551261
2024-06-24 13:30:00+00:00,5.030099868774414,5.139999866485596,5.025000095367432,5.079999923706055,2991875
2024-06-24 14:30:00+00:00,4.954999923706055,5.054999828338623,4.920000076293945,5.03000020980835,2615418
2024-06-24 15:30:00+00:00,4.855000019073486,4.955100059509277,4.840000152587891,4.954999923706055,1175246
2024-06-24 16:30:00+00:00,4.784999847412109,4.880000114440918,4.75,4.860000133514404,1177893
2024-06-24 17:30:00+00:00,4.795000076293945,4.824999809265137,4.755000114440918,4.78000020980835,859845
2024-06-24 18:30:00+00:00,4.824999809265137,4.835000038146973,4.78000020980835,4.796000003814697,800811
2024-06-24 19:30:00+00:00,4.835000038146973,4.849999904632568,4.809999942779541,4.824999809265137,949097
2024-06-25 13:30:00+00:00,4.75,4.840000152587891,4.659999847412109,4.809999942779541,1595740
2024-06-25 14:30:00+00:00,4.775000095367432,4.78000020980835,4.710000038146973,4.758500099182129,755038
2024-06-25 15:30:00+00:00,4.795000076293945,4.809999942779541,4.75,4.775000095367432,578655
2024-06-25 16:30:00+00:00,4.775199890136719,4.789999961853027,4.739999771118164,4.789999961853027,301724
2024-06-25 17:30:00+00:00,4.744999885559082,4.789999961853027,4.739999771118164,4.775000095367432,780877
2024-06-25 18:30:00+00:00,4.71999979019165,4.769999980926514,4.71999979019165,4.739999771118164,506463
2024-06-25 19:30:00+00:00,4.739999771118164,4.75,4.710000038146973,4.71999979019165,754838
2024-06-26 13:30:00+00:00,4.699999809265137,4.789999961853027,4.670000076293945,4.679999828338623,1021408
2024-06-26 14:30:00+00:00,4.695000171661377,4.71999979019165,4.675000190734863,4.710000038146973,427233
2024-06-26 15:30:00+00:00,4.695000171661377,4.71999979019165,4.670000076293945,4.695000171661377,983330
2024-06-26 16:30:00+00:00,4.695000171661377,4.710000038146973,4.679999828338623,4.695000171661377,205756
2024-06-26 17:30:00+00:00,4.739999771118164,4.739999771118164,4.679999828338623,4.695099830627441,442999
2024-06-26 18:30:00+00:00,4.735000133514404,4.760000228881836,4.71999979019165,4.730000019073486,297481
2024-06-26 19:30:00+00:00,4.775000095367432,4.795000076293945,4.730000019073486,4.739999771118164,837999
2024-06-27 13:30:00+00:00,4.815000057220459,4.920000076293945,4.769999980926514,4.789999961853027,1007464
2024-06-27 14:30:00+00:00,4.78000020980835,4.835000038146973,4.78000020980835,4.815000057220459,544323
2024-06-27 15:30:00+00:00,4.849999904632568,4.849999904632568,4.760000228881836,4.783599853515625,331776
2024-06-27 16:30:00+00:00,4.855000019073486,4.875,4.840000152587891,4.8429999351501465,343661
2024-06-27 17:30:00+00:00,4.855000019073486,4.869999885559082,4.829999923706055,4.855000019073486,307190
2024-06-27 18:30:00+00:00,4.849999904632568,4.880000114440918,4.849999904632568,4.855000019073486,325961
2024-06-27 19:30:00+00:00,4.869999885559082,4.869999885559082,4.829999923706055,4.849999904632568,527318
2024-06-28 13:30:00+00:00,4.815000057220459,4.949999809265137,4.809999942779541,4.900000095367432,933754
2024-06-28 14:30:00+00:00,4.804999828338623,4.840000152587891,4.78000020980835,4.820000171661377,879849
2024-06-28 15:30:00+00:00,4.795000076293945,4.805500030517578,4.760000228881836,4.804999828338623,333649
2024-06-28 16:30:00+00:00,4.775000095367432,4.800000190734863,4.760000228881836,4.789999961853027,348890
2024-06-28 17:30:00+00:00,4.760000228881836,4.770999908447266,4.724999904632568,4.769999980926514,449373
2024-06-28 18:30:00+00:00,4.724999904632568,4.775000095367432,4.710000038146973,4.760000228881836,683381
2024-06-28 19:30:00+00:00,4.789999961853027,4.815000057220459,4.704999923706055,4.730000019073486,1321932
2024-07-01 13:30:00+00:00,4.670100212097168,4.800000190734863,4.659999847412109,4.78000020980835,1214479
2024-07-01 14:30:00+00:00,4.510000228881836,4.684999942779541,4.510000228881836,4.670000076293945,1642919
2024-07-01 15:30:00+00:00,4.569900035858154,4.579999923706055,4.505000114440918,4.514999866485596,921026
2024-07-01 16:30:00+00:00,4.5559000968933105,4.570000171661377,4.539999961853027,4.570000171661377,419347
2024-07-01 17:30:00+00:00,4.539999961853027,4.565000057220459,4.53000020980835,4.554999828338623,518478
2024-07-01 18:30:00+00:00,4.510000228881836,4.550000190734863,4.5,4.545000076293945,668114
2024-07-01 19:30:00+00:00,4.550000190734863,4.550000190734863,4.5,4.505000114440918,1064476
2024-07-02 13:30:00+00:00,4.559999942779541,4.630000114440918,4.489999771118164,4.510000228881836,1164057
2024-07-02 14:30:00+00:00,4.590000152587891,4.619999885559082,4.559999942779541,4.565000057220459,568338
2024-07-02 15:30:00+00:00,4.55079984664917,4.599899768829346,4.550000190734863,4.599899768829346,500856
2024-07-02 16:30:00+00:00,4.585000038146973,4.605000019073486,4.550000190734863,4.559899806976318,382849
2024-07-02 17:30:00+00:00,4.650000095367432,4.650000095367432,4.559999942779541,4.585000038146973,293499
2024-07-02 18:30:00+00:00,4.649899959564209,4.650000095367432,4.611199855804443,4.644999980926514,1353207
2024-07-02 19:30:00+00:00,4.614999771118164,4.650000095367432,4.610000133514404,4.639999866485596,614998
2024-07-03 13:30:00+00:00,4.691999912261963,4.730000019073486,4.619999885559082,4.630000114440918,664797
2024-07-03 14:30:00+00:00,4.664999961853027,4.699999809265137,4.610000133514404,4.690199851989746,803369
2024-07-03 15:30:00+00:00,4.675000190734863,4.715000152587891,4.639999866485596,4.659999847412109,576296
2024-07-05 13:30:00+00:00,4.728000164031982,4.744999885559082,4.639999866485596,4.650000095367432,863633
2024-07-05 14:30:00+00:00,4.744999885559082,4.78000020980835,4.699999809265137,4.724999904632568,786333
2024-07-05 15:30:00+00:00,4.781199932098389,4.800000190734863,4.739999771118164,4.75,579035
2024-07-05 16:30:00+00:00,4.764999866485596,4.800000190734863,4.760000228881836,4.78380012512207,467660
2024-07-05 17:30:00+00:00,4.78000020980835,4.820000171661377,4.760000228881836,4.764999866485596,485680
2024-07-05 18:30:00+00:00,4.835000038146973,4.840000152587891,4.769999980926514,4.78000020980835,412976
2024-07-05 19:30:00+00:00,4.880000114440918,4.880000114440918,4.829999923706055,4.836299896240234,714473
2024-07-08 13:30:00+00:00,5.03000020980835,5.119500160217285,4.960000038146973,4.96999979019165,1914329
2024-07-08 14:30:00+00:00,5.0167999267578125,5.065000057220459,4.989999771118164,5.025000095367432,596507
2024-07-08 15:30:00+00:00,4.989999771118164,5.019999980926514,4.960000038146973,5.014999866485596,468015
2024-07-08 16:30:00+00:00,4.945000171661377,4.989999771118164,4.929999828338623,4.989999771118164,419680
2024-07-08 17:30:00+00:00,4.969900131225586,4.96999979019165,4.941199779510498,4.941199779510498,232754
2024-07-08 18:30:00+00:00,4.965000152587891,4.96999979019165,4.924200057983398,4.965000152587891,369257
2024-07-08 19:30:00+00:00,4.960000038146973,4.989999771118164,4.949999809265137,4.965000152587891,524490
2024-07-09 13:30:00+00:00,4.954999923706055,5.06879997253418,4.909999847412109,4.96999979019165,1475600
2024-07-09 14:30:00+00:00,4.934999942779541,4.96999979019165,4.920100212097168,4.949999809265137,496982
2024-07-09 15:30:00+00:00,5.025000095367432,5.03000020980835,4.920000076293945,4.9344000816345215,520828
2024-07-09 16:30:00+00:00,5.019999980926514,5.065000057220459,5.010000228881836,5.03000020980835,632861
2024-07-09 17:30:00+00:00,5.045000076293945,5.085000038146973,5.019999980926514,5.019999980926514,446256
2024-07-09 18:30:00+00:00,5.053699970245361,5.070000171661377,5.034999847412109,5.045000076293945,368770
2024-07-09 19:30:00+00:00,5.074999809265137,5.079999923706055,5.050000190734863,5.054999828338623,519680
2024-07-10 13:30:00+00:00,5.050000190734863,5.244999885559082,5.050000190734863,5.150000095367432,2031527
2024-07-10 14:30:00+00:00,5.114999771118164,5.114999771118164,5.03000020980835,5.039999961853027,787013
2024-07-10 15:30:00+00:00,5.125,5.139999866485596,5.090000152587891,5.114999771118164,409862
2024-07-10 16:30:00+00:00,5.122099876403809,5.150000095367432,5.105000019073486,5.125,290318
2024-07-10 17:30:00+00:00,5.114999771118164,5.150000095367432,5.110000133514404,5.125,251715
2024-07-10 18:30:00+00:00,5.119999885559082,5.130000114440918,5.109899997711182,5.114999771118164,334838
2024-07-10 19:30:00+00:00,5.125,5.144999980926514,5.110000133514404,5.125,670257
2024-07-11 13:30:00+00:00,5.230999946594238,5.28000020980835,5.150000095367432,5.239999771118164,1772765
2024-07-11 14:30:00+00:00,5.204999923706055,5.28000020980835,5.190000057220459,5.235000133514404,1612800
2024-07-11 15:30:00+00:00,5.184999942779541,5.204999923706055,5.150000095367432,5.199999809265137,567797
2024-07-11 16:30:00+00:00,5.229400157928467,5.235000133514404,5.159999847412109,5.188799858093262,325783
2024-07-11 17:30:00+00:00,5.2428998947143555,5.244999885559082,5.195000171661377,5.224999904632568,360846
2024-07-11 18:30:00+00:00,5.299900054931641,5.300000190734863,5.239999771118164,5.244999885559082,1056757
2024-07-11 19:30:00+00:00,5.324999809265137,5.34499979019165,5.295000076293945,5.300000190734863,1237156
2024-07-12 13:30:00+00:00,5.494999885559082,5.549799919128418,5.380000114440918,5.380000114440918,2823224
2024-07-12 14:30:00+00:00,5.560299873352051,5.590000152587891,5.485000133514404,5.494999885559082,1942369
2024-07-12 15:30:00+00:00,5.514999866485596,5.619999885559082,5.489999771118164,5.569699764251709,1262515
2024-07-12 16:30:00+00:00,5.605000019073486,5.639999866485596,5.480000019073486,5.514999866485596,1388063
2024-07-12 17:30:00+00:00,5.625,5.630000114440918,5.560100078582764,5.599999904632568,938140
2024-07-12 18:30:00+00:00,5.644999980926514,5.679999828338623,5.619999885559082,5.630000114440918,1059652
2024-07-12 19:30:00+00:00,5.650000095367432,5.670000076293945,5.619999885559082,5.639999866485596,1125328
2024-07-15 13:30:00+00:00,5.605000019073486,5.648799896240234,5.360000133514404,5.579999923706055,2790265
2024-07-15 14:30:00+00:00,5.630099773406982,5.659900188446045,5.559999942779541,5.60099983215332,802922
2024-07-15 15:30:00+00:00,5.664999961853027,5.685999870300293,5.599999904632568,5.639999866485596,533653
2024-07-15 16:30:00+00:00,5.71999979019165,5.730000019073486,5.619999885559082,5.659999847412109,613188
2024-07-15 17:30:00+00:00,5.675000190734863,5.739999771118164,5.619999885559082,5.724999904632568,756060
2024-07-15 18:30:00+00:00,5.730000019073486,5.760000228881836,5.670000076293945,5.670000076293945,899534
2024-07-15 19:30:00+00:00,5.71999979019165,5.75,5.695000171661377,5.730000019073486,922027
2024-07-16 13:30:00+00:00,5.585400104522705,5.840000152587891,5.565000057220459,5.824999809265137,3087596
2024-07-16 14:30:00+00:00,5.565000057220459,5.630000114440918,5.510000228881836,5.584000110626221,1306858
2024-07-16 15:30:00+00:00,5.605000019073486,5.635000228881836,5.550000190734863,5.565000057220459,1211012
2024-07-16 16:30:00+00:00,5.6691999435424805,5.699999809265137,5.59499979019165,5.600100040435791,574295
2024-07-16 17:30:00+00:00,5.689899921417236,5.690000057220459,5.640600204467773,5.675000190734863,475023
2024-07-16 18:30:00+00:00,5.660600185394287,5.739999771118164,5.65500020980835,5.684999942779541,1459571
2024-07-16 19:30:00+00:00,5.625,5.667200088500977,5.610000133514404,5.664999961853027,1199709
2024-07-17 13:30:00+00:00,5.440000057220459,5.605000019073486,5.420000076293945,5.440000057220459,1983486
2024-07-17 14:30:00+00:00,5.40500020980835,5.494999885559082,5.385000228881836,5.440000057220459,4143755
2024-07-17 15:30:00+00:00,5.375,5.449999809265137,5.340000152587891,5.40500020980835,1059002
2024-07-17 16:30:00+00:00,5.40500020980835,5.409999847412109,5.340000152587891,5.375,576171
2024-07-17 17:30:00+00:00,5.457499980926514,5.46999979019165,5.401500225067139,5.409900188446045,624292
2024-07-17 18:30:00+00:00,5.454999923706055,5.460000038146973,5.420000076293945,5.454999923706055,616981
2024-07-17 19:30:00+00:00,5.445000171661377,5.480000019073486,5.440000057220459,5.460000038146973,891916
2024-07-18 13:30:00+00:00,5.421800136566162,5.550000190734863,5.369999885559082,5.5,1315756
2024-07-18 14:30:00+00:00,5.34499979019165,5.445000171661377,5.309999942779541,5.420000076293945,908009
2024-07-18 15:30:00+00:00,5.319900035858154,5.379700183868408,5.309999942779541,5.349899768829346,537285
2024-07-18 16:30:00+00:00,5.364999771118164,5.380000114440918,5.315000057220459,5.315000057220459,355564
2024-07-18 17:30:00+00:00,5.275000095367432,5.369999885559082,5.260000228881836,5.364999771118164,480558
2024-07-18 18:30:00+00:00,5.2006001472473145,5.269999980926514,5.190100193023682,5.269999980926514,996183
2024-07-18 19:30:00+00:00,5.25,5.300000190734863,5.199999809265137,5.204999923706055,1041018
2024-07-19 13:30:00+00:00,5.320000171661377,5.34499979019165,5.15500020980835,5.260000228881836,790511
2024-07-19 14:30:00+00:00,5.275000095367432,5.360000133514404,5.2600998878479,5.315000057220459,467304
2024-07-19 15:30:00+00:00,5.269999980926514,5.349999904632568,5.250400066375732,5.276400089263916,360350
2024-07-19 16:30:00+00:00,5.260000228881836,5.28000020980835,5.230000019073486,5.28000020980835,254413
2024-07-19 17:30:00+00:00,5.212500095367432,5.264999866485596,5.210000038146973,5.239999771118164,270261
2024-07-19 18:30:00+00:00,5.244999885559082,5.25,5.199999809265137,5.215799808502197,310978
2024-07-19 19:30:00+00:00,5.204999923706055,5.25,5.199999809265137,5.244999885559082,438388
2024-07-22 13:30:00+00:00,5.235000133514404,5.340000152587891,5.190000057220459,5.25,1063514
2024-07-22 14:30:00+00:00,5.215000152587891,5.28000020980835,5.215000152587891,5.235000133514404,469377
2024-07-22 15:30:00+00:00,5.215799808502197,5.230000019073486,5.180099964141846,5.215000152587891,359578
2024-07-22 16:30:00+00:00,5.21999979019165,5.239999771118164,5.191999912261963,5.215000152587891,234108
2024-07-22 17:30:00+00:00,5.242700099945068,5.25,5.210000038146973,5.21999979019165,347122
2024-07-22 18:30:00+00:00,5.334000110626221,5.340000152587891,5.239999771118164,5.241199970245361,465802
2024-07-22 19:30:00+00:00,5.329999923706055,5.369999885559082,5.329999923706055,5.333099842071533,580714
2024-07-23 13:30:00+00:00,5.474999904632568,5.519899845123291,5.300899982452393,5.329999923706055,1228880
2024-07-23 14:30:00+00:00,5.454999923706055,5.488399982452393,5.425000190734863,5.46999979019165,460401
2024-07-23 15:30:00+00:00,5.394999980926514,5.480000019073486,5.380000114440918,5.454999923706055,594577
2024-07-23 16:30:00+00:00,5.414999961853027,5.440000057220459,5.380000114440918,5.389999866485596,239272
2024-07-23 17:30:00+00:00,5.440100193023682,5.449999809265137,5.390600204467773,5.414999961853027,233514
2024-07-23 18:30:00+00:00,5.445000171661377,5.460000038146973,5.420000076293945,5.440000057220459,436697
2024-07-23 19:30:00+00:00,5.400000095367432,5.4440999031066895,5.400000095367432,5.4440999031066895,398819
2024-07-24 13:30:00+00:00,5.310200214385986,5.465000152587891,5.264999866485596,5.309999942779541,946461
2024-07-24 14:30:00+00:00,5.324999809265137,5.329999923706055,5.269999980926514,5.309999942779541,417931
2024-07-24 15:30:00+00:00,5.311200141906738,5.349999904632568,5.300000190734863,5.324999809265137,287166
2024-07-24 16:30:00+00:00,5.28000020980835,5.320000171661377,5.25,5.311200141906738,360821
2024-07-24 17:30:00+00:00,5.260000228881836,5.309999942779541,5.260000228881836,5.28000020980835,404644
2024-07-24 18:30:00+00:00,5.215000152587891,5.264999866485596,5.190000057220459,5.2600998878479,694014
2024-07-24 19:30:00+00:00,5.199999809265137,5.260000228881836,5.199999809265137,5.215000152587891,567786
2024-07-25 13:30:00+00:00,5.255000114440918,5.260000228881836,5.090000152587891,5.111000061035156,1368903
2024-07-25 14:30:00+00:00,5.244999885559082,5.29010009765625,5.199999809265137,5.253600120544434,493034
2024-07-25 15:30:00+00:00,5.360000133514404,5.380000114440918,5.24399995803833,5.245800018310547,587464
2024-07-25 16:30:00+00:00,5.34499979019165,5.400000095367432,5.329999923706055,5.364999771118164,510768
2024-07-25 17:30:00+00:00,5.304999828338623,5.369900226593018,5.304999828338623,5.34499979019165,312968
2024-07-25 18:30:00+00:00,5.28000020980835,5.320000171661377,5.230000019073486,5.300099849700928,509011
2024-07-25 19:30:00+00:00,5.239999771118164,5.289999961853027,5.230000019073486,5.279699802398682,648847
2024-07-26 13:30:00+00:00,5.355000019073486,5.449999809265137,5.320000171661377,5.349999904632568,1083069
2024-07-26 14:30:00+00:00,5.335000038146973,5.360000133514404,5.300000190734863,5.355000019073486,397503
2024-07-26 15:30:00+00:00,5.385000228881836,5.400000095367432,5.335000038146973,5.340000152587891,294240
2024-07-26 16:30:00+00:00,5.454999923706055,5.460000038146973,5.380000114440918,5.3856000900268555,556040
2024-07-26 17:30:00+00:00,5.400000095367432,5.460000038146973,5.380000114440918,5.454999923706055,498046
2024-07-26 18:30:00+00:00,5.409999847412109,5.409999847412109,5.360000133514404,5.404200077056885,420024
2024-07-26 19:30:00+00:00,5.400000095367432,5.40500020980835,5.369999885559082,5.40500020980835,576730
2024-07-29 13:30:00+00:00,5.34499979019165,5.5,5.340000152587891,5.420000076293945,1278255
2024-07-29 14:30:00+00:00,5.34499979019165,5.369999885559082,5.309999942779541,5.34499979019165,439787
2024-07-29 15:30:00+00:00,5.377799987792969,5.410299777984619,5.320000171661377,5.347599983215332,384290
2024-07-29 16:30:00+00:00,5.318999767303467,5.380000114440918,5.309999942779541,5.375,245630
2024-07-29 17:30:00+00:00,5.304999828338623,5.329999923706055,5.280200004577637,5.309999942779541,472474
2024-07-29 18:30:00+00:00,5.335000038146973,5.340000152587891,5.300000190734863,5.309999942779541,295584
2024-07-29 19:30:00+00:00,5.320000171661377,5.360000133514404,5.320000171661377,5.336900234222412,395673
2024-07-30 13:30:00+00:00,5.275000095367432,5.394999980926514,5.25,5.340000152587891,1217521
2024-07-30 14:30:00+00:00,5.199999809265137,5.275000095367432,5.159999847412109,5.269999980926514,677927
2024-07-30 15:30:00+00:00,5.235000133514404,5.239999771118164,5.179999828338623,5.204999923706055,424264
2024-07-30 16:30:00+00:00,5.235000133514404,5.260000228881836,5.190000057220459,5.232999801635742,342970
2024-07-30 17:30:00+00:00,5.28000020980835,5.320000171661377,5.222499847412109,5.230000019073486,380204
2024-07-30 18:30:00+00:00,5.255000114440918,5.279900074005127,5.240600109100342,5.275000095367432,308147
2024-07-30 19:30:00+00:00,5.25,5.300000190734863,5.244999885559082,5.255000114440918,487123
2024-07-31 13:30:00+00:00,5.235000133514404,5.314899921417236,5.210000038146973,5.300000190734863,657908
2024-07-31 14:30:00+00:00,5.2652997970581055,5.284999847412109,5.239999771118164,5.239999771118164,355944
2024-07-31 15:30:00+00:00,5.300000190734863,5.320000171661377,5.260000228881836,5.264999866485596,375399
2024-07-31 16:30:00+00:00,5.315000057220459,5.349999904632568,5.289999961853027,5.304999828338623,447034
2024-07-31 17:30:00+00:00,5.264999866485596,5.324999809265137,5.260000228881836,5.309999942779541,323474
2024-07-31 18:30:00+00:00,5.284999847412109,5.449999809265137,5.260000228881836,5.267000198364258,1194278
2024-07-31 19:30:00+00:00,5.239999771118164,5.309999942779541,5.210000038146973,5.284999847412109,915023
2024-08-01 13:30:00+00:00,5.15500020980835,5.25,5.150000095367432,5.239999771118164,1006123
2024-08-01 14:30:00+00:00,5.014999866485596,5.175000190734863,5.0142998695373535,5.15500020980835,1242482
2024-08-01 15:30:00+00:00,5.021500110626221,5.039999961853027,4.96999979019165,5.014999866485596,1147631
2024-08-01 16:30:00+00:00,4.920000076293945,5.034999847412109,4.900000095367432,5.025000095367432,828575
2024-08-01 17:30:00+00:00,4.925000190734863,4.969900131225586,4.900000095367432,4.917500019073486,712650
2024-08-01 18:30:00+00:00,4.91540002822876,4.940000057220459,4.889999866485596,4.921800136566162,683780
2024-08-01 19:30:00+00:00,4.980000019073486,4.980000019073486,4.920000076293945,4.920000076293945,1031444
2024-08-02 13:30:00+00:00,4.724999904632568,4.800000190734863,4.650000095367432,4.71999979019165,2494515
2024-08-02 14:30:00+00:00,4.7378997802734375,4.775000095367432,4.695000171661377,4.724999904632568,897046
2024-08-02 15:30:00+00:00,4.815000057220459,4.829999923706055,4.739999771118164,4.739999771118164,635135
2024-08-02 16:30:00+00:00,4.808499813079834,4.860000133514404,4.78000020980835,4.820000171661377,818061
2024-08-02 17:30:00+00:00,4.795000076293945,4.815000057220459,4.769999980926514,4.809299945831299,427271
2024-08-02 18:30:00+00:00,4.800000190734863,4.809999942779541,4.739999771118164,4.7906999588012695,1021832
2024-08-02 19:30:00+00:00,4.824999809265137,4.848800182342529,4.800000190734863,4.804999828338623,1705977
2024-08-05 13:30:00+00:00,4.550000190734863,4.667399883270264,4.230000019073486,4.25,2822407
2024-08-05 14:30:00+00:00,4.659999847412109,4.699999809265137,4.554999828338623,4.559999942779541,829363
2024-08-05 15:30:00+00:00,4.739999771118164,4.739999771118164,4.6605000495910645,4.664999961853027,548569
2024-08-05 16:30:00+00:00,4.710000038146973,4.740099906921387,4.679999828338623,4.740099906921387,389491
2024-08-05 17:30:00+00:00,4.65500020980835,4.739999771118164,4.630000114440918,4.704999923706055,913174
2024-08-05 18:30:00+00:00,4.630199909210205,4.668099880218506,4.585000038146973,4.659999847412109,636150
2024-08-05 19:30:00+00:00,4.659999847412109,4.659999847412109,4.610099792480469,4.635000228881836,593515
2024-08-06 13:30:00+00:00,4.724999904632568,4.860000133514404,4.625,4.809999942779541,984349
2024-08-06 14:30:00+00:00,4.690000057220459,4.809999942779541,4.690000057220459,4.724999904632568,665706
2024-08-06 15:30:00+00:00,4.724999904632568,4.730000019073486,4.680600166320801,4.690100193023682,308404
2024-08-06 16:30:00+00:00,4.704999923706055,4.728799819946289,4.690000057220459,4.728799819946289,503263
2024-08-06 17:30:00+00:00,4.784999847412109,4.789999961853027,4.703800201416016,4.710000038146973,530149
2024-08-06 18:30:00+00:00,4.744999885559082,4.800000190734863,4.730000019073486,4.78000020980835,437638
2024-08-06 19:30:00+00:00,4.710000038146973,4.760000228881836,4.710000038146973,4.749000072479248,416840
2024-08-07 13:30:00+00:00,4.755000114440918,4.809999942779541,4.731100082397461,4.809999942779541,924984
2024-08-07 14:30:00+00:00,4.784999847412109,4.820000171661377,4.744999885559082,4.755000114440918,413603
2024-08-07 15:30:00+00:00,4.749899864196777,4.804999828338623,4.730000019073486,4.785600185394287,347145
2024-08-07 16:30:00+00:00,4.65500020980835,4.764999866485596,4.650000095367432,4.739999771118164,483289
2024-08-07 17:30:00+00:00,4.599999904632568,4.670000076293945,4.579999923706055,4.65500020980835,433185
2024-08-07 18:30:00+00:00,4.605000019073486,4.639999866485596,4.565000057220459,4.59499979019165,495768
2024-08-07 19:30:00+00:00,4.579999923706055,4.605000019073486,4.550000190734863,4.605000019073486,1198676
2024-08-08 13:30:00+00:00,4.769999980926514,4.784999847412109,4.630000114440918,4.650000095367432,841548
2024-08-08 14:30:00+00:00,4.800000190734863,4.809999942779541,4.730000019073486,4.78000020980835,635291
2024-08-08 15:30:00+00:00,4.868800163269043,4.880000114440918,4.783599853515625,4.800000190734863,706179
2024-08-08 16:30:00+00:00,4.869999885559082,4.869999885559082,4.789999961853027,4.864999771118164,514813
2024-08-08 17:30:00+00:00,4.90500020980835,4.90500020980835,4.8506999015808105,4.869800090789795,508984
2024-08-08 18:30:00+00:00,4.864999771118164,4.929999828338623,4.849999904632568,4.90500020980835,644296
2024-08-08 19:30:00+00:00,4.769999980926514,4.869999885559082,4.769999980926514,4.868800163269043,1438650
2024-08-09 13:30:00+00:00,5.304999828338623,5.590000152587891,5.210000038146973,5.340000152587891,9081428
2024-08-09 14:30:00+00:00,5.241199970245361,5.329999923706055,5.210000038146973,5.304999828338623,1490399
2024-08-09 15:30:00+00:00,5.355000019073486,5.360000133514404,5.199999809265137,5.247499942779541,1215779
2024-08-09 16:30:00+00:00,5.420000076293945,5.454999923706055,5.331299781799316,5.359899997711182,1318109
2024-08-09 17:30:00+00:00,5.420000076293945,5.480000019073486,5.389999866485596,5.414999961853027,1329662
2024-08-09 18:30:00+00:00,5.414999961853027,5.474999904632568,5.389999866485596,5.416999816894531,1181293
2024-08-09 19:30:00+00:00,5.360000133514404,5.429999828338623,5.264999866485596,5.414999961853027,1376948
2024-08-12 13:30:00+00:00,5.324999809265137,5.539999961853027,5.28000020980835,5.409999847412109,1624927
2024-08-12 14:30:00+00:00,5.250999927520752,5.329400062561035,5.179999828338623,5.324999809265137,1052996
2024-08-12 15:30:00+00:00,5.25,5.28000020980835,5.21999979019165,5.239999771118164,504057
2024-08-12 16:30:00+00:00,5.409800052642822,5.409999847412109,5.239999771118164,5.248799800872803,826475
2024-08-12 17:30:00+00:00,5.431399822235107,5.460000038146973,5.391900062561035,5.409999847412109,856196
2024-08-12 18:30:00+00:00,5.417500019073486,5.460000038146973,5.400000095367432,5.434999942779541,594535
2024-08-12 19:30:00+00:00,5.394999980926514,5.429999828338623,5.369999885559082,5.414999961853027,939731
2024-08-13 13:30:00+00:00,5.085000038146973,5.300000190734863,5.050000190734863,5.269999980926514,3658381
2024-08-13 14:30:00+00:00,5.090000152587891,5.15500020980835,5.03000020980835,5.090000152587891,1343998
2024-08-13 15:30:00+00:00,5.09499979019165,5.159999847412109,5.059999942779541,5.099999904632568,1019617
2024-08-13 16:30:00+00:00,5.094099998474121,5.135000228881836,5.079999923706055,5.09499979019165,650355
2024-08-13 17:30:00+00:00,5.105000019073486,5.119999885559082,5.059999942779541,5.09499979019165,982401
2024-08-13 18:30:00+00:00,5.150000095367432,5.150000095367432,5.079999923706055,5.105000019073486,999084
2024-08-13 19:30:00+00:00,5.230000019073486,5.244999885559082,5.139999866485596,5.143799781799316,1515012
2024-08-14 13:30:00+00:00,5.235000133514404,5.349999904632568,5.210000038146973,5.28000020980835,1334339
2024-08-14 14:30:00+00:00,5.275000095367432,5.300000190734863,5.210000038146973,5.239999771118164,521047
2024-08-14 15:30:00+00:00,5.210000038146973,5.295000076293945,5.190000057220459,5.28000020980835,504917
2024-08-14 16:30:00+00:00,5.204999923706055,5.235000133514404,5.159999847412109,5.215000152587891,501365
2024-08-14 17:30:00+00:00,5.235000133514404,5.239999771118164,5.190100193023682,5.20989990234375,339041
2024-08-14 18:30:00+00:00,5.204999923706055,5.244999885559082,5.199999809265137,5.235000133514404,346522
2024-08-14 19:30:00+00:00,5.179999828338623,5.210000038146973,5.179999828338623,5.204999923706055,642693
2024-08-15 13:30:00+00:00,5.420000076293945,5.460000038146973,5.25,5.25,2628217
2024-08-15 14:30:00+00:00,5.449999809265137,5.489999771118164,5.414999961853027,5.418000221252441,1684628
2024-08-15 15:30:00+00:00,5.465000152587891,5.489999771118164,5.425000190734863,5.449999809265137,1132473
2024-08-15 16:30:00+00:00,5.465000152587891,5.509900093078613,5.460000038146973,5.46999979019165,1419396
2024-08-15 17:30:00+00:00,5.59499979019165,5.619999885559082,5.460000038146973,5.465000152587891,3819266
2024-08-15 18:30:00+00:00,5.864999771118164,6.039999961853027,5.574999809265137,5.599999904632568,6311963
2024-08-15 19:30:00+00:00,5.840000152587891,5.928999900817871,5.75,5.869900226593018,5043487
2024-08-16 13:30:00+00:00,6.695000171661377,7.099999904632568,5.920000076293945,6.25,33036168
2024-08-16 14:30:00+00:00,6.840000152587891,6.969900131225586,6.619999885559082,6.690000057220459,8214738
2024-08-16 15:30:00+00:00,7.079800128936768,7.099999904632568,6.699999809265137,6.835000038146973,6860620
2024-08-16 16:30:00+00:00,6.900000095367432,7.090000152587891,6.78000020980835,7.074999809265137,6860489
2024-08-16 17:30:00+00:00,6.804999828338623,6.949999809265137,6.775000095367432,6.90500020980835,4528005
2024-08-16 18:30:00+00:00,6.769999980926514,6.988999843597412,6.75,6.804999828338623,4735587
2024-08-16 19:30:00+00:00,6.550000190734863,6.789999961853027,6.5,6.775000095367432,8063682
2024-08-19 13:30:00+00:00,6.824999809265137,7.034999847412109,6.559999942779541,6.769999980926514,14611059
2024-08-19 14:30:00+00:00,6.70989990234375,6.849999904632568,6.46999979019165,6.824999809265137,6574602
2024-08-19 15:30:00+00:00,6.985000133514404,6.989999771118164,6.699999809265137,6.70989990234375,4055742
2024-08-19 16:30:00+00:00,7.169400215148926,7.199999809265137,6.960000038146973,6.984000205993652,6786315
2024-08-19 17:30:00+00:00,7.229300022125244,7.329999923706055,7.139999866485596,7.170000076293945,5580676
2024-08-19 18:30:00+00:00,7.238699913024902,7.360000133514404,7.199999809265137,7.224999904632568,3653216
2024-08-19 19:30:00+00:00,7.190000057220459,7.239999771118164,7.021200180053711,7.235000133514404,3820666
2024-08-20 13:30:00+00:00,7.045000076293945,7.257999897003174,6.809999942779541,7.257999897003174,9626531
2024-08-20 14:30:00+00:00,6.7399001121521,7.050000190734863,6.639999866485596,7.049099922180176,6290679
2024-08-20 15:30:00+00:00,6.840000152587891,6.888899803161621,6.715000152587891,6.738999843597412,2627881
2024-08-20 16:30:00+00:00,6.715000152587891,6.840000152587891,6.659999847412109,6.830900192260742,2022748
2024-08-20 17:30:00+00:00,6.746300220489502,6.775000095367432,6.644999980926514,6.715000152587891,1847752
2024-08-20 18:30:00+00:00,6.6956000328063965,6.764999866485596,6.684999942779541,6.740099906921387,1518582
2024-08-20 19:30:00+00:00,6.650000095367432,6.710000038146973,6.599999904632568,6.690000057220459,2801960
2024-08-21 13:30:00+00:00,6.605000019073486,6.710000038146973,6.21999979019165,6.710000038146973,7968035
2024-08-21 14:30:00+00:00,6.809999942779541,6.815000057220459,6.510000228881836,6.605000019073486,3226416
2024-08-21 15:30:00+00:00,6.684999942779541,6.824999809265137,6.599999904632568,6.804999828338623,2373789
2024-08-21 16:30:00+00:00,6.96589994430542,6.96999979019165,6.679999828338623,6.679999828338623,2733612
2024-08-21 17:30:00+00:00,7.139900207519531,7.264999866485596,6.960000038146973,6.9664998054504395,3911481
2024-08-21 18:30:00+00:00,7.050000190734863,7.15500020980835,6.940000057220459,7.139400005340576,3010527
2024-08-21 19:30:00+00:00,6.989999771118164,7.059999942779541,6.920000076293945,7.048799991607666,2885678
2024-08-22 13:30:00+00:00,7.149899959564209,7.230000019073486,6.860000133514404,7.0,4729643
2024-08-22 14:30:00+00:00,7.070000171661377,7.260000228881836,7.0,7.144999980926514,5981983
2024-08-22 15:30:00+00:00,7.085000038146973,7.105000019073486,6.949999809265137,7.065000057220459,1522727
2024-08-22 16:30:00+00:00,6.985000133514404,7.119999885559082,6.940000057220459,7.085000038146973,1200000
2024-08-22 17:30:00+00:00,6.909999847412109,6.989999771118164,6.869999885559082,6.989999771118164,1225131
2024-08-22 18:30:00+00:00,6.885000228881836,6.954999923706055,6.860000133514404,6.90500020980835,1214008
2024-08-22 19:30:00+00:00,6.849999904632568,6.940000057220459,6.829999923706055,6.889999866485596,3566566
2024-08-23 13:30:00+00:00,6.989999771118164,7.070000171661377,6.762400150299072,6.989999771118164,4997483
2024-08-23 14:30:00+00:00,6.945000171661377,7.039999961853027,6.800000190734863,6.989999771118164,2720879
2024-08-23 15:30:00+00:00,6.925000190734863,7.039999961853027,6.914999961853027,6.940000057220459,1331140
2024-08-23 16:30:00+00:00,6.914999961853027,6.980000019073486,6.909999847412109,6.925000190734863,801550
2024-08-23 17:30:00+00:00,6.964600086212158,6.989999771118164,6.869999885559082,6.914999961853027,1306716
2024-08-23 18:30:00+00:00,6.989999771118164,7.0,6.929999828338623,6.965000152587891,923629
2024-08-23 19:30:00+00:00,6.949999809265137,7.0,6.929999828338623,6.991399765014648,1529698
2024-08-26 13:30:00+00:00,6.610000133514404,6.96999979019165,6.550000190734863,6.960000038146973,5424276
2024-08-26 14:30:00+00:00,6.565000057220459,6.619200229644775,6.510000228881836,6.609899997711182,1840924
2024-08-26 15:30:00+00:00,6.59499979019165,6.619999885559082,6.53000020980835,6.570000171661377,1399928
2024-08-26 16:30:00+00:00,6.65500020980835,6.664999961853027,6.59499979019165,6.599899768829346,998354
2024-08-26 17:30:00+00:00,6.690000057220459,6.690000057220459,6.559999942779541,6.65500020980835,1053345
2024-08-26 18:30:00+00:00,6.735000133514404,6.75,6.659999847412109,6.695000171661377,913788
2024-08-26 19:30:00+00:00,6.730000019073486,6.759900093078613,6.699999809265137,6.730000019073486,1131367
2024-08-27 13:30:00+00:00,6.421299934387207,6.599999904632568,6.275000095367432,6.590000152587891,4868040
2024-08-27 14:30:00+00:00,6.375,6.5,6.364999771118164,6.429900169372559,1659969
2024-08-27 15:30:00+00:00,6.474999904632568,6.480000019073486,6.364999771118164,6.369999885559082,898955
2024-08-27 16:30:00+00:00,6.385000228881836,6.485000133514404,6.369999885559082,6.474999904632568,769416
2024-08-27 17:30:00+00:00,6.130000114440918,6.387599945068359,6.130000114440918,6.380000114440918,3046105
2024-08-27 18:30:00+00:00,6.144999980926514,6.230000019073486,6.130000114440918,6.139900207519531,1895581
2024-08-27 19:30:00+00:00,6.119999885559082,6.199999809265137,6.110000133514404,6.144999980926514,2167292
2024-08-28 13:30:00+00:00,6.118800163269043,6.25,5.960000038146973,6.019999980926514,4607518
2024-08-28 14:30:00+00:00,6.074999809265137,6.170000076293945,6.039999961853027,6.110099792480469,1025262
2024-08-28 15:30:00+00:00,6.045000076293945,6.144999980926514,6.019999980926514,6.074999809265137,1010787
2024-08-28 16:30:00+00:00,6.025000095367432,6.110000133514404,6.010000228881836,6.045000076293945,978372
2024-08-28 17:30:00+00:00,6.0,6.058000087738037,5.96999979019165,6.020100116729736,976392
2024-08-28 18:30:00+00:00,6.065000057220459,6.074999809265137,5.989999771118164,5.994999885559082,813383
2024-08-28 19:30:00+00:00,6.088699817657471,6.099999904632568,6.005000114440918,6.065000057220459,2793137
2024-08-29 13:30:00+00:00,6.315000057220459,6.355000019073486,6.139999866485596,6.179999828338623,2357152
2024-08-29 14:30:00+00:00,6.360000133514404,6.360000133514404,6.28000020980835,6.315000057220459,771790
2024-08-29 15:30:00+00:00,6.425000190734863,6.46999979019165,6.355000019073486,6.360000133514404,1144343
2024-08-29 16:30:00+00:00,6.439000129699707,6.449999809265137,6.389999866485596,6.425000190734863,585642
2024-08-29 17:30:00+00:00,6.349999904632568,6.460000038146973,6.329999923706055,6.430300235748291,770658
2024-08-29 18:30:00+00:00,6.29010009765625,6.360000133514404,6.239999771118164,6.349999904632568,987976
2024-08-29 19:30:00+00:00,6.224999904632568,6.300000190734863,6.199999809265137,6.296299934387207,823453
2024-08-30 13:30:00+00:00,6.380000114440918,6.440000057220459,6.239999771118164,6.244999885559082,1737211
2024-08-30 14:30:00+00:00,6.371799945831299,6.489999771118164,6.364999771118164,6.385000228881836,1380023
2024-08-30 15:30:00+00:00,6.329999923706055,6.440000057220459,6.289999961853027,6.380000114440918,1264749
2024-08-30 16:30:00+00:00,6.340000152587891,6.355000019073486,6.300000190734863,6.339900016784668,505778
2024-08-30 17:30:00+00:00,6.269999980926514,6.349999904632568,6.2600998878479,6.340000152587891,513485
2024-08-30 18:30:00+00:00,6.284999847412109,6.300000190734863,6.21999979019165,6.264999866485596,860843
2024-08-30 19:30:00+00:00,6.28000020980835,6.289999961853027,6.239999771118164,6.2895002365112305,903042
2024-09-03 13:30:00+00:00,6.050000190734863,6.25,5.994999885559082,6.199999809265137,2583082
2024-09-03 14:30:00+00:00,6.124800205230713,6.159999847412109,6.039999961853027,6.050099849700928,658504
2024-09-03 15:30:00+00:00,6.114999771118164,6.139999866485596,6.059999942779541,6.120100021362305,448164
2024-09-03 16:30:00+00:00,6.119999885559082,6.159999847412109,6.080100059509277,6.114999771118164,352705
2024-09-03 17:30:00+00:00,6.039999961853027,6.150000095367432,6.03000020980835,6.119999885559082,642754
2024-09-03 18:30:00+00:00,6.110000133514404,6.110000133514404,6.019999980926514,6.039000034332275,765219
2024-09-03 19:30:00+00:00,6.070000171661377,6.110000133514404,6.039999961853027,6.105000019073486,825363
2024-09-04 13:30:00+00:00,6.235000133514404,6.243800163269043,6.019999980926514,6.019999980926514,2264013
2024-09-04 14:30:00+00:00,6.369999885559082,6.46999979019165,6.235000133514404,6.235000133514404,1930710
2024-09-04 15:30:00+00:00,6.335000038146973,6.369900226593018,6.264999866485596,6.369500160217285,1159491
2024-09-04 16:30:00+00:00,6.385000228881836,6.440000057220459,6.315000057220459,6.339900016784668,760457
2024-09-04 17:30:00+00:00,6.385000228881836,6.400000095367432,6.320000171661377,6.385000228881836,828049
2024-09-04 18:30:00+00:00,6.340000152587891,6.414999961853027,6.300000190734863,6.385000228881836,1034848
2024-09-04 19:30:00+00:00,6.340000152587891,6.355000019073486,6.309999942779541,6.329999923706055,1064776
2024-09-05 13:30:00+00:00,6.179800033569336,6.340000152587891,6.150000095367432,6.25,1769106
2024-09-05 14:30:00+00:00,6.200399875640869,6.239999771118164,6.15500020980835,6.175000190734863,765083
2024-09-05 15:30:00+00:00,6.159999847412109,6.21999979019165,6.130000114440918,6.204999923706055,508077
2024-09-05 16:30:00+00:00,6.110000133514404,6.164999961853027,6.110000133514404,6.160999774932861,483968
2024-09-05 17:30:00+00:00,6.139999866485596,6.179999828338623,6.099999904632568,6.11329984664917,664047
2024-09-05 18:30:00+00:00,6.105000019073486,6.170000076293945,6.105000019073486,6.139999866485596,521340
2024-09-05 19:30:00+00:00,6.090000152587891,6.119999885559082,6.039999961853027,6.108799934387207,1081544
2024-09-06 13:30:00+00:00,5.96999979019165,6.199999809265137,5.96999979019165,6.110000133514404,1364894
2024-09-06 14:30:00+00:00,5.885000228881836,6.019899845123291,5.880000114440918,5.974100112915039,1632222
2024-09-06 15:30:00+00:00,5.760000228881836,5.90500020980835,5.739999771118164,5.889999866485596,2081012
2024-09-06 16:30:00+00:00,5.840000152587891,5.885000228881836,5.75,5.764999866485596,1033384
2024-09-06 17:30:00+00:00,5.824999809265137,5.869900226593018,5.800000190734863,5.838799953460693,610651
2024-09-06 18:30:00+00:00,5.875,5.880000114440918,5.800099849700928,5.829899787902832,593107
2024-09-06 19:30:00+00:00,5.820000171661377,5.900000095367432,5.800000190734863,5.875,1217612
2024-09-09 13:30:00+00:00,6.132999897003174,6.159900188446045,5.880000114440918,5.880000114440918,1844243
2024-09-09 14:30:00+00:00,6.125,6.150000095367432,6.045000076293945,6.105000019073486,892226
2024-09-09 15:30:00+00:00,6.255000114440918,6.269999980926514,6.119999885559082,6.119999885559082,1695270
2024-09-09 16:30:00+00:00,6.230500221252441,6.275000095367432,6.230000019073486,6.255000114440918,669324
2024-09-09 17:30:00+00:00,6.131800174713135,6.230000019073486,6.110000133514404,6.230000019073486,968686
2024-09-09 18:30:00+00:00,6.144999980926514,6.150000095367432,6.093999862670898,6.130000114440918,1312645
2024-09-09 19:30:00+00:00,6.144999980926514,6.159999847412109,6.110000133514404,6.144999980926514,1368109
2024-09-10 13:30:00+00:00,6.070000171661377,6.170000076293945,5.960000038146973,6.170000076293945,1795208
2024-09-10 14:30:00+00:00,6.045000076293945,6.099999904632568,6.03000020980835,6.059999942779541,702692
2024-09-10 15:30:00+00:00,5.989999771118164,6.049900054931641,5.961699962615967,6.049900054931641,543426
2024-09-10 16:30:00+00:00,6.014999866485596,6.034999847412109,5.980000019073486,5.985000133514404,553163
2024-09-10 17:30:00+00:00,6.130000114440918,6.135000228881836,6.010000228881836,6.010000228881836,618519
2024-09-10 18:30:00+00:00,6.150100231170654,6.150100231170654,6.110000133514404,6.125,532951
2024-09-10 19:30:00+00:00,6.159999847412109,6.16510009765625,6.110000133514404,6.159999847412109,942593
2024-09-11 13:30:00+00:00,6.340000152587891,6.420000076293945,6.1504998207092285,6.239999771118164,4557692
2024-09-11 14:30:00+00:00,6.494999885559082,6.50029993057251,6.300000190734863,6.34499979019165,1766431
2024-09-11 15:30:00+00:00,6.479899883270264,6.605000019073486,6.470099925994873,6.491099834442139,1522795
2024-09-11 16:30:00+00:00,6.630000114440918,6.639999866485596,6.449999809265137,6.479700088500977,1031720
2024-09-11 17:30:00+00:00,6.614999771118164,6.670000076293945,6.59499979019165,6.620100021362305,1091749
2024-09-11 18:30:00+00:00,6.679900169372559,6.698699951171875,6.585000038146973,6.619999885559082,1214307
2024-09-11 19:30:00+00:00,6.679999828338623,6.690000057220459,6.630000114440918,6.675000190734863,1468889
2024-09-12 13:30:00+00:00,6.784999847412109,6.909999847412109,6.639999866485596,6.815000057220459,2558071
2024-09-12 14:30:00+00:00,6.764999866485596,6.84499979019165,6.715000152587891,6.784999847412109,1119288
2024-09-12 15:30:00+00:00,6.826399803161621,6.849999904632568,6.739999771118164,6.764999866485596,693302
2024-09-12 16:30:00+00:00,6.864999771118164,6.880000114440918,6.800000190734863,6.824999809265137,662028
2024-09-12 17:30:00+00:00,6.90500020980835,7.050000190734863,6.860199928283691,6.860199928283691,6224771
2024-09-12 18:30:00+00:00,6.894999980926514,6.940000057220459,6.840000152587891,6.90500020980835,1120805
2024-09-12 19:30:00+00:00,6.864999771118164,6.900000095367432,6.804999828338623,6.894999980926514,1120369
2024-09-13 13:30:00+00:00,6.974999904632568,7.079899787902832,6.920000076293945,7.0,2368799
2024-09-13 14:30:00+00:00,7.180099964141846,7.199999809265137,6.960100173950195,6.974999904632568,1835747
2024-09-13 15:30:00+00:00,7.135000228881836,7.25,7.130000114440918,7.184999942779541,1460411
2024-09-13 16:30:00+00:00,7.28000020980835,7.300000190734863,7.110000133514404,7.133699893951416,1727814
2024-09-13 17:30:00+00:00,7.375,7.429999828338623,7.28000020980835,7.28879976272583,2195515
2024-09-13 18:30:00+00:00,7.349999904632568,7.389999866485596,7.289999961853027,7.380000114440918,1511624
2024-09-13 19:30:00+00:00,7.46999979019165,7.46999979019165,7.329999923706055,7.349999904632568,1943574
2024-09-16 13:30:00+00:00,7.25,7.525000095367432,7.230000019073486,7.460000038146973,3564899
2024-09-16 14:30:00+00:00,7.2866997718811035,7.320000171661377,7.170000076293945,7.25,1194022
2024-09-16 15:30:00+00:00,7.349999904632568,7.380000114440918,7.264999866485596,7.28000020980835,1007889
2024-09-16 16:30:00+00:00,7.364999771118164,7.366000175476074,7.300000190734863,7.360000133514404,4454743
2024-09-16 17:30:00+00:00,7.364999771118164,7.434999942779541,7.349999904632568,7.364999771118164,564599
2024-09-16 18:30:00+00:00,7.385000228881836,7.415500164031982,7.340000152587891,7.360000133514404,744606
2024-09-16 19:30:00+00:00,7.360000133514404,7.400000095367432,7.360000133514404,7.380000114440918,1080981
2024-09-17 13:30:00+00:00,7.485000133514404,7.500999927520752,7.25,7.480000019073486,2023940
2024-09-17 14:30:00+00:00,7.399400234222412,7.509900093078613,7.349999904632568,7.485000133514404,988947
2024-09-17 15:30:00+00:00,7.21999979019165,7.39900016784668,7.190000057220459,7.395199775695801,1158142
2024-09-17 16:30:00+00:00,7.189199924468994,7.230000019073486,7.070000171661377,7.210000038146973,1561907
2024-09-17 17:30:00+00:00,7.159999847412109,7.21999979019165,7.099999904632568,7.1828999519348145,665337
2024-09-17 18:30:00+00:00,7.152400016784668,7.190000057220459,7.105000019073486,7.159999847412109,666072
2024-09-17 19:30:00+00:00,7.159999847412109,7.188700199127197,7.130000114440918,7.150100231170654,878460
2024-09-18 13:30:00+00:00,7.328800201416016,7.385000228881836,7.184999942779541,7.239999771118164,1677008
2024-09-18 14:30:00+00:00,7.315000057220459,7.449999809265137,7.269999980926514,7.323999881744385,2170548
2024-09-18 15:30:00+00:00,7.295000076293945,7.349999904632568,7.260000228881836,7.309999942779541,588910
2024-09-18 16:30:00+00:00,7.238800048828125,7.300000190734863,7.180099964141846,7.289999961853027,447300
2024-09-18 17:30:00+00:00,7.420000076293945,7.5,7.190100193023682,7.239500045776367,1353031
2024-09-18 18:30:00+00:00,7.289999961853027,7.499499797821045,7.210000038146973,7.414999961853027,1844754
2024-09-18 19:30:00+00:00,7.114999771118164,7.320099830627441,7.099999904632568,7.300000190734863,1688607
2024-09-19 13:30:00+00:00,7.110000133514404,7.370100021362305,7.079999923706055,7.341800212860107,2333492
2024-09-19 14:30:00+00:00,7.114999771118164,7.159999847412109,7.0,7.119800090789795,1892488
2024-09-19 15:30:00+00:00,7.135000228881836,7.144999980926514,7.073999881744385,7.114999771118164,575921
2024-09-19 16:30:00+00:00,7.089700222015381,7.189899921417236,7.079999923706055,7.139900207519531,713805
2024-09-19 17:30:00+00:00,7.054999828338623,7.099999904632568,7.010000228881836,7.089900016784668,958771
2024-09-19 18:30:00+00:00,7.059000015258789,7.090000152587891,7.03000020980835,7.054999828338623,854529
2024-09-19 19:30:00+00:00,7.170100212097168,7.179999828338623,7.054999828338623,7.059599876403809,1073681
2024-09-20 13:30:00+00:00,7.566400051116943,7.679999828338623,7.150000095367432,7.190000057220459,5597409
2024-09-20 14:30:00+00:00,7.544600009918213,7.71999979019165,7.489999771118164,7.570000171661377,2735679
2024-09-20 15:30:00+00:00,7.53000020980835,7.630000114440918,7.460000038146973,7.539999961853027,1365199
2024-09-20 16:30:00+00:00,7.398799896240234,7.539899826049805,7.380000114440918,7.52869987487793,731339
2024-09-20 17:30:00+00:00,7.348800182342529,7.465000152587891,7.33050012588501,7.3902997970581055,645069
2024-09-20 18:30:00+00:00,7.449900150299072,7.449999809265137,7.304999828338623,7.340000152587891,842091
2024-09-20 19:30:00+00:00,7.485000133514404,7.489999771118164,7.420000076293945,7.449999809265137,1226569
2024-09-23 13:30:00+00:00,7.605000019073486,7.6697001457214355,7.505000114440918,7.610099792480469,3742640
2024-09-23 14:30:00+00:00,7.514999866485596,7.610000133514404,7.465000152587891,7.599999904632568,1358656
2024-09-23 15:30:00+00:00,7.505000114440918,7.554999828338623,7.480000019073486,7.514999866485596,540475
2024-09-23 16:30:00+00:00,7.538000106811523,7.579999923706055,7.480100154876709,7.5,696260
2024-09-23 17:30:00+00:00,7.510000228881836,7.539999961853027,7.46999979019165,7.534999847412109,688543
2024-09-23 18:30:00+00:00,7.59499979019165,7.614999771118164,7.5,7.510000228881836,1288587
2024-09-23 19:30:00+00:00,7.550000190734863,7.619900226593018,7.539999961853027,7.598700046539307,2557257
2024-09-24 13:30:00+00:00,7.349999904632568,7.614999771118164,7.329999923706055,7.579999923706055,2269140
2024-09-24 14:30:00+00:00,7.411200046539307,7.46999979019165,7.275000095367432,7.360000133514404,1006870
2024-09-24 15:30:00+00:00,7.398900032043457,7.469900131225586,7.389999866485596,7.409999847412109,611776
2024-09-24 16:30:00+00:00,7.565000057220459,7.590000152587891,7.389999866485596,7.394999980926514,1259624
2024-09-24 17:30:00+00:00,7.494999885559082,7.559999942779541,7.449999809265137,7.554999828338623,984033
2024-09-24 18:30:00+00:00,7.514999866485596,7.53000020980835,7.474999904632568,7.494999885559082,657833
2024-09-24 19:30:00+00:00,7.579999923706055,7.599999904632568,7.494999885559082,7.514999866485596,1255539
2024-09-25 13:30:00+00:00,8.420000076293945,8.609999656677246,7.579999923706055,7.599999904632568,8921901
2024-09-25 14:30:00+00:00,8.46500015258789,8.640000343322754,8.234999656677246,8.414999961853027,5871759
2024-09-25 15:30:00+00:00,8.65999984741211,8.789999961853027,8.380000114440918,8.461199760437012,4139012
2024-09-25 16:30:00+00:00,8.675000190734863,8.710000038146973,8.479999542236328,8.654999732971191,2828956
2024-09-25 17:30:00+00:00,8.5600004196167,8.680000305175781,8.5,8.67870044708252,2314060
2024-09-25 18:30:00+00:00,8.666299819946289,8.678999900817871,8.529999732971191,8.5649995803833,1590288
2024-09-25 19:30:00+00:00,8.619999885559082,8.699999809265137,8.579999923706055,8.664999961853027,2574087
2024-09-26 13:30:00+00:00,8.820500373840332,8.979999542236328,8.640000343322754,8.75,5810539
2024-09-26 14:30:00+00:00,8.71500015258789,8.930000305175781,8.640000343322754,8.829999923706055,2611983
2024-09-26 15:30:00+00:00,8.719300270080566,8.930000305175781,8.710000038146973,8.725000381469727,2426481
2024-09-26 16:30:00+00:00,8.748800277709961,8.760000228881836,8.65999984741211,8.719200134277344,1247529
2024-09-26 17:30:00+00:00,8.795000076293945,8.8100004196167,8.710000038146973,8.739999771118164,562294
2024-09-26 18:30:00+00:00,8.795000076293945,8.875,8.779999732971191,8.7923002243042,868981
2024-09-26 19:30:00+00:00,8.680000305175781,8.795000076293945,8.63010025024414,8.795000076293945,1293417
2024-09-27 13:30:00+00:00,9.88010025024414,10.289999961853027,8.842599868774414,8.864999771118164,16781178
2024-09-27 14:30:00+00:00,9.990099906921387,10.119999885559082,9.720000267028809,9.885000228881836,6416022
2024-09-27 15:30:00+00:00,9.78499984741211,10.199999809265137,9.670000076293945,9.994999885559082,4534947
2024-09-27 16:30:00+00:00,9.725000381469727,9.8100004196167,9.619999885559082,9.78499984741211,2487287
2024-09-27 17:30:00+00:00,9.579999923706055,9.8100004196167,9.574999809265137,9.725000381469727,2157386
2024-09-27 18:30:00+00:00,9.73799991607666,9.800000190734863,9.550000190734863,9.570099830627441,2100420
2024-09-27 19:30:00+00:00,9.770000457763672,9.8100004196167,9.680000305175781,9.730899810791016,1961470
2024-09-30 13:30:00+00:00,10.04580020904541,10.149999618530273,9.720000267028809,10.0,7818302
2024-09-30 14:30:00+00:00,9.895099639892578,10.130000114440918,9.8100004196167,10.050000190734863,2974501
2024-09-30 15:30:00+00:00,9.675000190734863,9.890000343322754,9.630000114440918,9.890000343322754,1693424
2024-09-30 16:30:00+00:00,9.845000267028809,9.859999656677246,9.579999923706055,9.670000076293945,1890243
2024-09-30 17:30:00+00:00,9.631099700927734,9.90999984741211,9.600000381469727,9.845000267028809,1384423
2024-09-30 18:30:00+00:00,9.579999923706055,9.720000267028809,9.520000457763672,9.635000228881836,1579743
2024-09-30 19:30:00+00:00,9.720000267028809,9.744999885559082,9.5600004196167,9.579999923706055,1708621
2024-10-01 13:30:00+00:00,9.289999961853027,9.720000267028809,9.18220043182373,9.65999984741211,4228989
2024-10-01 14:30:00+00:00,9.284299850463867,9.329999923706055,9.204999923706055,9.28499984741211,1791714
2024-10-01 15:30:00+00:00,9.369999885559082,9.470000267028809,9.270000457763672,9.279999732971191,1042224
2024-10-01 16:30:00+00:00,9.234999656677246,9.390000343322754,9.229999542236328,9.364999771118164,1031899
2024-10-01 17:30:00+00:00,9.390000343322754,9.404999732971191,9.09000015258789,9.239999771118164,3235021
2024-10-01 18:30:00+00:00,9.335000038146973,9.399999618530273,9.270099639892578,9.380000114440918,860190
2024-10-01 19:30:00+00:00,9.220000267028809,9.335000038146973,9.210000038146973,9.335000038146973,1282500
2024-10-02 13:30:00+00:00,8.981200218200684,9.140000343322754,8.800000190734863,8.949999809265137,4143253
2024-10-02 14:30:00+00:00,8.9753999710083,9.175000190734863,8.949999809265137,8.994999885559082,1495798
2024-10-02 15:30:00+00:00,9.1899995803833,9.1899995803833,8.930000305175781,8.97819995880127,1475380
2024-10-02 16:30:00+00:00,9.378999710083008,9.380000114440918,9.15999984741211,9.18120002746582,1742808
2024-10-02 17:30:00+00:00,9.640000343322754,9.649999618530273,9.345000267028809,9.378000259399414,2205716
2024-10-02 18:30:00+00:00,9.6850004196167,9.710000038146973,9.600000381469727,9.641200065612793,1657457
2024-10-02 19:30:00+00:00,9.710000038146973,9.760000228881836,9.619999885559082,9.699999809265137,2208669
2024-10-03 13:30:00+00:00,9.324999809265137,9.859999656677246,9.319999694824219,9.59000015258789,2670809
2024-10-03 14:30:00+00:00,9.354999542236328,9.439900398254395,9.279999732971191,9.3149995803833,1245920
2024-10-03 15:30:00+00:00,9.274999618530273,9.46500015258789,9.260000228881836,9.357500076293945,795157
2024-10-03 16:30:00+00:00,9.229999542236328,9.300000190734863,9.1899995803833,9.270000457763672,984439
2024-10-03 17:30:00+00:00,9.189499855041504,9.281200408935547,9.170000076293945,9.229999542236328,623885
2024-10-03 18:30:00+00:00,9.194999694824219,9.255000114440918,9.164999961853027,9.1850004196167,589176
2024-10-03 19:30:00+00:00,9.270000457763672,9.270000457763672,9.194999694824219,9.194999694824219,1037514
2024-10-04 13:30:00+00:00,9.579999923706055,9.640000343322754,9.420000076293945,9.515000343322754,2119689
2024-10-04 14:30:00+00:00,9.835000038146973,9.899900436401367,9.510000228881836,9.574999809265137,2051950
2024-10-04 15:30:00+00:00,9.919899940490723,10.010000228881836,9.8149995803833,9.829999923706055,2176095
2024-10-04 16:30:00+00:00,9.786299705505371,9.9399995803833,9.779999732971191,9.919899940490723,995681
2024-10-04 17:30:00+00:00,9.771200180053711,9.864999771118164,9.710000038146973,9.789999961853027,981846
2024-10-04 18:30:00+00:00,9.8149995803833,9.829999923706055,9.760000228881836,9.775199890136719,804938
2024-10-04 19:30:00+00:00,9.805000305175781,9.84000015258789,9.770000457763672,9.8100004196167,993182
2024-10-07 13:30:00+00:00,9.845000267028809,10.109999656677246,9.770000457763672,9.96500015258789,4803439
2024-10-07 14:30:00+00:00,9.565999984741211,9.890000343322754,9.479999542236328,9.84000015258789,3038131
2024-10-07 15:30:00+00:00,9.6850004196167,9.720000267028809,9.550000190734863,9.5649995803833,750692
2024-10-07 16:30:00+00:00,9.744999885559082,9.78499984741211,9.660300254821777,9.6899995803833,472284
2024-10-07 17:30:00+00:00,9.685999870300293,9.859999656677246,9.6850004196167,9.739999771118164,738792
2024-10-07 18:30:00+00:00,9.629799842834473,9.6850004196167,9.5600004196167,9.6850004196167,791024
2024-10-07 19:30:00+00:00,9.680000305175781,9.699999809265137,9.609999656677246,9.630000114440918,986854
2024-10-08 13:30:00+00:00,9.960000038146973,10.050000190734863,9.569999694824219,9.600000381469727,3893064
2024-10-08 14:30:00+00:00,9.774999618530273,10.140000343322754,9.760000228881836,9.960000038146973,2096633
2024-10-08 15:30:00+00:00,9.545000076293945,9.795000076293945,9.5,9.779800415039062,1338855
2024-10-08 16:30:00+00:00,9.419899940490723,9.578700065612793,9.362000465393066,9.545000076293945,1412856
2024-10-08 17:30:00+00:00,9.520000457763672,9.520000457763672,9.399999618530273,9.416500091552734,775250
2024-10-08 18:30:00+00:00,9.404999732971191,9.520000457763672,9.390000343322754,9.510100364685059,769306
2024-10-08 19:30:00+00:00,9.399999618530273,9.484999656677246,9.399999618530273,9.409899711608887,1553543
2024-10-09 13:30:00+00:00,9.430000305175781,9.52750015258789,8.989999771118164,9.270000457763672,3272345
2024-10-09 14:30:00+00:00,9.425000190734863,9.520000457763672,9.359999656677246,9.420000076293945,857014
2024-10-09 15:30:00+00:00,9.561800003051758,9.630000114440918,9.390000343322754,9.425000190734863,1676921
2024-10-09 16:30:00+00:00,9.603799819946289,9.640000343322754,9.520000457763672,9.562000274658203,631274
2024-10-09 17:30:00+00:00,9.604999542236328,9.65999984741211,9.539999961853027,9.600000381469727,665473
2024-10-09 18:30:00+00:00,9.53499984741211,9.629500389099121,9.510000228881836,9.600000381469727,701397
2024-10-09 19:30:00+00:00,9.4399995803833,9.609800338745117,9.4399995803833,9.539999961853027,1516267
2024-10-10 13:30:00+00:00,9.4350004196167,9.5,9.270000457763672,9.34000015258789,1798069
2024-10-10 14:30:00+00:00,9.5,9.52869987487793,9.34000015258789,9.4399995803833,786789
2024-10-10 15:30:00+00:00,9.359000205993652,9.505000114440918,9.300000190734863,9.505000114440918,1189323
2024-10-10 16:30:00+00:00,9.345000267028809,9.36989974975586,9.270000457763672,9.359999656677246,802843
2024-10-10 17:30:00+00:00,9.375,9.390000343322754,9.319999694824219,9.343999862670898,534501
2024-10-10 18:30:00+00:00,9.404999732971191,9.420000076293945,9.359999656677246,9.371299743652344,502493
2024-10-10 19:30:00+00:00,9.385000228881836,9.430000305175781,9.369999885559082,9.399999618530273,705234
2024-10-11 13:30:00+00:00,9.600099563598633,9.734999656677246,9.199999809265137,9.279999732971191,2407954
2024-10-11 14:30:00+00:00,9.596500396728516,9.710000038146973,9.579999923706055,9.600099563598633,1101539
2024-10-11 15:30:00+00:00,9.710000038146973,9.71500015258789,9.545000076293945,9.595000267028809,969359
2024-10-11 16:30:00+00:00,9.738800048828125,9.770000457763672,9.608699798583984,9.710000038146973,950231
2024-10-11 17:30:00+00:00,9.732000350952148,9.760000228881836,9.65999984741211,9.736900329589844,590010
2024-10-11 18:30:00+00:00,9.720000267028809,9.779999732971191,9.710000038146973,9.739999771118164,801122
2024-10-11 19:30:00+00:00,9.699999809265137,9.739999771118164,9.699999809265137,9.722599983215332,686660
2024-10-14 13:30:00+00:00,10.013699531555176,10.109999656677246,9.65999984741211,9.937999725341797,5467996
2024-10-14 14:30:00+00:00,9.908599853515625,10.055000305175781,9.899999618530273,10.020000457763672,2002715
2024-10-14 15:30:00+00:00,9.925000190734863,9.968899726867676,9.871999740600586,9.912099838256836,723581
2024-10-14 16:30:00+00:00,9.9399995803833,9.994999885559082,9.810099601745605,9.925000190734863,918129
2024-10-14 17:30:00+00:00,9.9350004196167,9.979000091552734,9.90999984741211,9.930100440979004,1569699
2024-10-14 18:30:00+00:00,9.975000381469727,10.069999694824219,9.911199569702148,9.9399995803833,1417180
2024-10-14 19:30:00+00:00,9.880000114440918,10.050000190734863,9.880000114440918,9.96500015258789,1274652
2024-10-15 13:30:00+00:00,9.645000457763672,9.944999694824219,9.59000015258789,9.819999694824219,2711937
2024-10-15 14:30:00+00:00,9.885000228881836,9.890000343322754,9.479999542236328,9.645999908447266,2619967
2024-10-15 15:30:00+00:00,10.220000267028809,10.25,9.880000114440918,9.885000228881836,3969173
2024-10-15 16:30:00+00:00,9.895000457763672,10.34000015258789,9.845000267028809,10.225000381469727,3194197
2024-10-15 17:30:00+00:00,10.039999961853027,10.100000381469727,9.864999771118164,9.895000457763672,1253271
2024-10-15 18:30:00+00:00,9.960000038146973,10.114999771118164,9.920000076293945,10.039999961853027,1096826
2024-10-15 19:30:00+00:00,9.930000305175781,9.979999542236328,9.890000343322754,9.970000267028809,1340449
2024-10-16 13:30:00+00:00,10.515000343322754,10.600000381469727,9.979999542236328,10.020000457763672,7121893
2024-10-16 14:30:00+00:00,10.800000190734863,10.970000267028809,10.511099815368652,10.511099815368652,4823506
2024-10-16 15:30:00+00:00,10.614999771118164,10.850000381469727,10.460000038146973,10.789999961853027,5133062
2024-10-16 16:30:00+00:00,10.774999618530273,10.828800201416016,10.600000381469727,10.619999885559082,1325616
2024-10-16 17:30:00+00:00,11.059700012207031,11.0649995803833,10.739999771118164,10.778900146484375,2214755
2024-10-16 18:30:00+00:00,11.03499984741211,11.09000015258789,10.880000114440918,11.057999610900879,2009763
2024-10-16 19:30:00+00:00,11.1899995803833,11.1899995803833,11.020000457763672,11.050000190734863,2438702
2024-10-17 13:30:00+00:00,10.704999923706055,11.170000076293945,10.65999984741211,11.15999984741211,4574382
2024-10-17 14:30:00+00:00,10.760000228881836,10.800000190734863,10.550000190734863,10.70989990234375,2680903
2024-10-17 15:30:00+00:00,10.864999771118164,10.899999618530273,10.710000038146973,10.765000343322754,1500111
2024-10-17 16:30:00+00:00,10.763099670410156,10.890000343322754,10.729999542236328,10.859999656677246,761883
2024-10-17 17:30:00+00:00,10.707099914550781,10.875,10.6899995803833,10.765000343322754,971703
2024-10-17 18:30:00+00:00,10.628899574279785,10.71500015258789,10.579999923706055,10.706500053405762,1170693
2024-10-17 19:30:00+00:00,10.680000305175781,10.699999809265137,10.569999694824219,10.625,1971262
2024-10-18 13:30:00+00:00,10.8100004196167,11.0,10.580100059509277,10.765000343322754,2338766
2024-10-18 14:30:00+00:00,10.56879997253418,10.8100004196167,10.479999542236328,10.805000305175781,1506433
2024-10-18 15:30:00+00:00,10.571900367736816,10.628899574279785,10.505000114440918,10.5649995803833,891339
2024-10-18 16:30:00+00:00,10.494999885559082,10.639900207519531,10.489999771118164,10.574999809265137,783914
2024-10-18 17:30:00+00:00,10.604999542236328,10.61970043182373,10.5,10.5,550593
2024-10-18 18:30:00+00:00,10.869999885559082,10.875,10.600000381469727,10.604000091552734,1272890
2024-10-18 19:30:00+00:00,10.8100004196167,10.890000343322754,10.789999961853027,10.869999885559082,2190010
2024-10-21 13:30:00+00:00,10.815500259399414,11.140000343322754,10.789999961853027,10.84000015258789,3212733
2024-10-21 14:30:00+00:00,10.829999923706055,10.864999771118164,10.680000305175781,10.8149995803833,1584083
2024-10-21 15:30:00+00:00,11.060799598693848,11.140000343322754,10.819999694824219,10.825400352478027,1627232
2024-10-21 16:30:00+00:00,11.03499984741211,11.09000015258789,10.979999542236328,11.06879997253418,784742
2024-10-21 17:30:00+00:00,11.020000457763672,11.079999923706055,10.960000038146973,11.03499984741211,571846
2024-10-21 18:30:00+00:00,11.100000381469727,11.100000381469727,10.984999656677246,11.018699645996094,723778
2024-10-21 19:30:00+00:00,11.25,11.289999961853027,11.095000267028809,11.100000381469727,1449324
2024-10-22 13:30:00+00:00,11.061699867248535,11.468999862670898,11.029999732971191,11.239500045776367,3413366
2024-10-22 14:30:00+00:00,11.420000076293945,11.460000038146973,11.0600004196167,11.079999923706055,2234078
2024-10-22 15:30:00+00:00,11.181300163269043,11.51990032196045,11.111200332641602,11.420000076293945,1510402
2024-10-22 16:30:00+00:00,11.189299583435059,11.300000190734863,11.100000381469727,11.18120002746582,907779
2024-10-22 17:30:00+00:00,11.104700088500977,11.21969985961914,11.09000015258789,11.1899995803833,592886
2024-10-22 18:30:00+00:00,11.1899995803833,11.220000267028809,11.100000381469727,11.10990047454834,660841
2024-10-22 19:30:00+00:00,11.164999961853027,11.229999542236328,11.130000114440918,11.18179988861084,622819
2024-10-23 13:30:00+00:00,11.01990032196045,11.270000457763672,10.960000038146973,11.15999984741211,2191209
2024-10-23 14:30:00+00:00,10.861100196838379,11.079899787902832,10.850000381469727,11.020000457763672,1312912
2024-10-23 15:30:00+00:00,10.930000305175781,10.994999885559082,10.819999694824219,10.854999542236328,862913
2024-10-23 16:30:00+00:00,10.904999732971191,10.979999542236328,10.76200008392334,10.9350004196167,1294790
2024-10-23 17:30:00+00:00,10.678000450134277,10.899999618530273,10.649999618530273,10.899999618530273,1454855
2024-10-23 18:30:00+00:00,10.739999771118164,10.8100004196167,10.649800300598145,10.670000076293945,902320
2024-10-23 19:30:00+00:00,10.890000343322754,10.954999923706055,10.704999923706055,10.739999771118164,1362265
2024-10-24 13:30:00+00:00,11.9399995803833,12.085000038146973,11.045000076293945,11.050000190734863,6678635
2024-10-24 14:30:00+00:00,11.508199691772461,12.059900283813477,11.420999526977539,11.948699951171875,3006602
2024-10-24 15:30:00+00:00,11.324999809265137,11.5649995803833,11.239999771118164,11.5,1396545
2024-10-24 16:30:00+00:00,11.489999771118164,11.600000381469727,11.319999694824219,11.319999694824219,1108995
2024-10-24 17:30:00+00:00,11.404999732971191,11.505000114440918,11.399999618530273,11.484999656677246,750713
2024-10-24 18:30:00+00:00,11.279999732971191,11.40999984741211,11.260000228881836,11.399999618530273,970406
2024-10-24 19:30:00+00:00,11.170000076293945,11.329899787902832,11.170000076293945,11.274999618530273,1927864
2024-10-25 13:30:00+00:00,11.045700073242188,11.279999732971191,10.90999984741211,11.265000343322754,3020114
2024-10-25 14:30:00+00:00,11.045000076293945,11.244999885559082,10.960000038146973,11.048399925231934,1722339
2024-10-25 15:30:00+00:00,11.050000190734863,11.100000381469727,10.949999809265137,11.045000076293945,1583368
2024-10-25 16:30:00+00:00,11.210000038146973,11.239999771118164,11.020099639892578,11.055000305175781,1016470
2024-10-25 17:30:00+00:00,11.199999809265137,11.279999732971191,11.050000190734863,11.20740032196045,1106634
2024-10-25 18:30:00+00:00,11.239999771118164,11.329999923706055,11.1899995803833,11.199999809265137,879032
2024-10-25 19:30:00+00:00,11.180000305175781,11.258199691772461,11.170000076293945,11.240900039672852,783802
2024-10-28 13:30:00+00:00,11.444999694824219,11.449999809265137,11.060600280761719,11.239999771118164,2385341
2024-10-28 14:30:00+00:00,11.385000228881836,11.470000267028809,11.25,11.449899673461914,1530916
2024-10-28 15:30:00+00:00,11.359999656677246,11.430000305175781,11.260000228881836,11.390000343322754,855761
2024-10-28 16:30:00+00:00,11.364999771118164,11.390000343322754,11.279999732971191,11.364999771118164,640272
2024-10-28 17:30:00+00:00,11.25,11.378600120544434,11.210000038146973,11.369999885559082,873328
2024-10-28 18:30:00+00:00,11.234999656677246,11.26990032196045,11.135000228881836,11.239999771118164,698340
2024-10-28 19:30:00+00:00,11.260000228881836,11.270000457763672,11.210000038146973,11.239999771118164,863894
2024-10-29 13:30:00+00:00,11.03499984741211,11.300000190734863,11.0,11.170000076293945,2041084
2024-10-29 14:30:00+00:00,11.210000038146973,11.239999771118164,10.869999885559082,11.03499984741211,1636859
2024-10-29 15:30:00+00:00,11.239999771118164,11.359999656677246,11.180000305175781,11.204999923706055,902168
2024-10-29 16:30:00+00:00,11.489999771118164,11.550000190734863,11.220000267028809,11.230199813842773,1152883
2024-10-29 17:30:00+00:00,11.500100135803223,11.579999923706055,11.454999923706055,11.49429988861084,1072998
2024-10-29 18:30:00+00:00,11.529999732971191,11.550000190734863,11.40999984741211,11.508500099182129,1171402
2024-10-29 19:30:00+00:00,11.460000038146973,11.529999732971191,11.404999732971191,11.524999618530273,938874
2024-10-30 13:30:00+00:00,11.568699836730957,11.630000114440918,11.350000381469727,11.350000381469727,1748221
2024-10-30 14:30:00+00:00,11.437299728393555,11.600000381469727,11.40999984741211,11.5649995803833,719879
2024-10-30 15:30:00+00:00,11.154999732971191,11.4399995803833,11.150099754333496,11.4306001663208,1537513
2024-10-30 16:30:00+00:00,11.114999771118164,11.170000076293945,11.069999694824219,11.150500297546387,919836
2024-10-30 17:30:00+00:00,11.164999961853027,11.170000076293945,11.039999961853027,11.109999656677246,695249
2024-10-30 18:30:00+00:00,11.130000114440918,11.239999771118164,11.125,11.15999984741211,641611
2024-10-30 19:30:00+00:00,10.960000038146973,11.139100074768066,10.949999809265137,11.139100074768066,2004599
2024-10-31 13:30:00+00:00,10.492799758911133,10.869999885559082,10.289999961853027,10.869999885559082,4242321
2024-10-31 14:30:00+00:00,10.404999732971191,10.515000343322754,10.295000076293945,10.489999771118164,2158377
2024-10-31 15:30:00+00:00,10.444999694824219,10.5,10.324999809265137,10.419699668884277,1438195
2024-10-31 16:30:00+00:00,10.569000244140625,10.579999923706055,10.444999694824219,10.444999694824219,656581
2024-10-31 17:30:00+00:00,10.595000267028809,10.65999984741211,10.53499984741211,10.5649995803833,1059809
2024-10-31 18:30:00+00:00,10.6850004196167,10.765000343322754,10.579999923706055,10.600000381469727,790373
2024-10-31 19:30:00+00:00,10.6899995803833,10.789999961853027,10.664999961853027,10.6850004196167,1476958
2024-11-01 13:30:00+00:00,11.380000114440918,11.404999732971191,10.850000381469727,10.899999618530273,3162401
2024-11-01 14:30:00+00:00,11.300000190734863,11.417400360107422,11.210000038146973,11.372400283813477,1262063
2024-11-01 15:30:00+00:00,11.417900085449219,11.449999809265137,11.289999961853027,11.305000305175781,1143734
2024-11-01 16:30:00+00:00,11.300000190734863,11.5,11.161999702453613,11.417400360107422,1014582
2024-11-01 17:30:00+00:00,11.204999923706055,11.289999961853027,11.149999618530273,11.289999961853027,802261
2024-11-01 18:30:00+00:00,11.430000305175781,11.470000267028809,11.194999694824219,11.20110034942627,1389773
2024-11-01 19:30:00+00:00,11.420000076293945,11.430000305175781,11.3149995803833,11.430000305175781,1197007
2024-11-04 14:30:00+00:00,11.25,11.3100004196167,10.970000267028809,11.229999542236328,2632233
2024-11-04 15:30:00+00:00,11.364999771118164,11.390000343322754,11.229999542236328,11.25,896947
2024-11-04 16:30:00+00:00,11.26990032196045,11.375,11.0802001953125,11.350199699401855,865513
2024-11-04 17:30:00+00:00,11.32859992980957,11.395000457763672,11.265000343322754,11.270000457763672,929415
2024-11-04 18:30:00+00:00,11.319999694824219,11.369999885559082,11.305000305175781,11.329999923706055,413318
2024-11-04 19:30:00+00:00,11.27649974822998,11.35789966583252,11.260000228881836,11.3149995803833,497046
2024-11-04 20:30:00+00:00,11.239999771118164,11.289999961853027,11.220000267028809,11.274999618530273,734376
2024-11-05 14:30:00+00:00,11.574999809265137,11.84000015258789,11.279999732971191,11.329999923706055,2828818
2024-11-05 15:30:00+00:00,11.555000305175781,11.630000114440918,11.470000267028809,11.574899673461914,1294322
2024-11-05 16:30:00+00:00,11.595000267028809,11.65999984741211,11.510100364685059,11.550100326538086,570670
2024-11-05 17:30:00+00:00,11.491999626159668,11.619999885559082,11.454999923706055,11.595000267028809,512311
2024-11-05 18:30:00+00:00,11.619999885559082,11.630000114440918,11.470000267028809,11.496600151062012,490527
2024-11-05 19:30:00+00:00,11.70989990234375,11.710000038146973,11.574999809265137,11.616900444030762,665960
2024-11-05 20:30:00+00:00,11.8100004196167,11.8100004196167,11.680000305175781,11.710000038146973,1432552
2024-11-06 14:30:00+00:00,12.649999618530273,12.729999542236328,12.069999694824219,12.3100004196167,6222866
2024-11-06 15:30:00+00:00,12.625,12.6899995803833,12.444999694824219,12.649999618530273,1591365
2024-11-06 16:30:00+00:00,12.675000190734863,12.729999542236328,12.520000457763672,12.619999885559082,1003989
2024-11-06 17:30:00+00:00,12.645000457763672,12.699999809265137,12.5,12.675000190734863,1118846
2024-11-06 18:30:00+00:00,12.816800117492676,12.84000015258789,12.585000038146973,12.645000457763672,1233721
2024-11-06 19:30:00+00:00,12.979999542236328,12.989999771118164,12.6899995803833,12.810099601745605,1673378
2024-11-06 20:30:00+00:00,13.0600004196167,13.0600004196167,12.860099792480469,12.979999542236328,2723951
2024-11-07 14:30:00+00:00,13.505000114440918,13.6850004196167,13.079999923706055,13.5,5233134
2024-11-07 15:30:00+00:00,13.646900177001953,13.864999771118164,13.510000228881836,13.510000228881836,2039091
2024-11-07 16:30:00+00:00,13.699999809265137,13.739999771118164,13.470000267028809,13.640000343322754,1606827
2024-11-07 17:30:00+00:00,13.5600004196167,13.819999694824219,13.550000190734863,13.710000038146973,1086370
2024-11-07 18:30:00+00:00,13.727100372314453,13.75,13.479999542236328,13.5600004196167,1331697
2024-11-07 19:30:00+00:00,13.768400192260742,13.890000343322754,13.609999656677246,13.729999542236328,1718912
2024-11-07 20:30:00+00:00,13.4399995803833,13.829999923706055,13.4399995803833,13.765000343322754,1818027
2024-11-08 14:30:00+00:00,13.09000015258789,13.390000343322754,12.899999618530273,13.319999694824219,4905410
2024-11-08 15:30:00+00:00,13.220000267028809,13.289899826049805,13.0649995803833,13.095000267028809,1577625
2024-11-08 16:30:00+00:00,13.114999771118164,13.25,13.015000343322754,13.225000381469727,2103211
2024-11-08 17:30:00+00:00,13.258299827575684,13.369999885559082,13.0649995803833,13.112299919128418,1397958
2024-11-08 18:30:00+00:00,13.353400230407715,13.380000114440918,13.164999961853027,13.255000114440918,1348915
2024-11-08 19:30:00+00:00,13.567999839782715,13.569000244140625,13.329999923706055,13.350000381469727,2366932
2024-11-08 20:30:00+00:00,13.5,13.569999694824219,13.449999809265137,13.569899559020996,2684877
2024-11-11 14:30:00+00:00,14.89799976348877,14.9399995803833,14.010000228881836,14.630000114440918,10595627
2024-11-11 15:30:00+00:00,15.095000267028809,15.130000114440918,14.850000381469727,14.895299911499023,3906453
2024-11-11 16:30:00+00:00,15.114500045776367,15.239999771118164,14.925000190734863,15.085000038146973,2518154
2024-11-11 17:30:00+00:00,14.781999588012695,15.114999771118164,14.640000343322754,15.109999656677246,2429644
2024-11-11 18:30:00+00:00,15.029999732971191,15.140000343322754,14.770000457763672,14.789999961853027,1599455
2024-11-11 19:30:00+00:00,14.90999984741211,15.140000343322754,14.90999984741211,15.020000457763672,1931548
2024-11-11 20:30:00+00:00,14.779999732971191,14.9399995803833,14.739999771118164,14.914999961853027,3352926
2024-11-12 14:30:00+00:00,14.898099899291992,15.020000457763672,14.239999771118164,14.489999771118164,5588298
2024-11-12 15:30:00+00:00,14.612199783325195,14.9399995803833,14.569999694824219,14.899999618530273,2346120
2024-11-12 16:30:00+00:00,14.444999694824219,14.699999809265137,14.350000381469727,14.614999771118164,1893042
2024-11-12 17:30:00+00:00,14.494999885559082,14.5,14.3100004196167,14.444999694824219,1177880
2024-11-12 18:30:00+00:00,14.628899574279785,14.6850004196167,14.491900444030762,14.491900444030762,1636397
2024-11-12 19:30:00+00:00,14.614999771118164,14.720000267028809,14.489999771118164,14.619999885559082,1514578
2024-11-12 20:30:00+00:00,14.649999618530273,14.65999984741211,14.510000228881836,14.614999771118164,2153122
2024-11-13 14:30:00+00:00,20.934999465942383,21.440000534057617,18.649999618530273,19.219999313354492,49751432
2024-11-13 15:30:00+00:00,21.979999542236328,22.549999237060547,20.559999465942383,20.934999465942383,21368166
2024-11-13 16:30:00+00:00,20.470800399780273,22.200000762939453,20.3435001373291,21.989999771118164,14870552
2024-11-13 17:30:00+00:00,20.100000381469727,20.6299991607666,19.829999923706055,20.459999084472656,9096320
2024-11-13 18:30:00+00:00,20.093799591064453,20.190000534057617,19.719999313354492,20.100000381469727,7303013
2024-11-13 19:30:00+00:00,19.780000686645508,20.1200008392334,19.65999984741211,20.094999313354492,6659203
2024-11-13 20:30:00+00:00,18.81999969482422,19.84000015258789,18.719999313354492,19.780000686645508,8776860
2024-11-14 14:30:00+00:00,17.635000228881836,19.43000030517578,17.344999313354492,19.43000030517578,21329794
2024-11-14 15:30:00+00:00,18.014999389648438,18.264999389648438,17.250499725341797,17.614999771118164,8327069
2024-11-14 16:30:00+00:00,17.96500015258789,18.25,17.899999618530273,18.020000457763672,3086943
2024-11-14 17:30:00+00:00,18.0,18.100000381469727,17.680299758911133,17.959999084472656,2200201
2024-11-14 18:30:00+00:00,17.770000457763672,18.0049991607666,17.6200008392334,17.9950008392334,2092974
2024-11-14 19:30:00+00:00,17.520000457763672,17.850000381469727,17.40999984741211,17.780000686645508,2803245
2024-11-14 20:30:00+00:00,17.3799991607666,17.530000686645508,17.270000457763672,17.510000228881836,3351601
2024-11-15 14:30:00+00:00,17.585599899291992,17.639999389648438,16.799999237060547,16.989999771118164,7799253
2024-11-15 15:30:00+00:00,18.605300903320312,18.607099533081055,17.584999084472656,17.58799934387207,7411048
2024-11-15 16:30:00+00:00,18.70789909362793,19.039899826049805,18.40999984741211,18.604999542236328,7943939
2024-11-15 17:30:00+00:00,18.7450008392334,18.875699996948242,18.530000686645508,18.700000762939453,3191073
2024-11-15 18:30:00+00:00,18.727100372314453,18.7549991607666,18.389999389648438,18.7450008392334,2786385
2024-11-15 19:30:00+00:00,19.3700008392334,19.479999542236328,18.71500015258789,18.729999542236328,5884042
2024-11-15 20:30:00+00:00,19.03499984741211,19.467500686645508,18.969999313354492,19.364999771118164,5078807
2024-11-18 14:30:00+00:00,19.259899139404297,20.34000015258789,18.469999313354492,19.5049991607666,12456104
2024-11-18 15:30:00+00:00,19.61910057067871,19.780000686645508,19.170000076293945,19.25,4260653
2024-11-18 16:30:00+00:00,19.780000686645508,19.920000076293945,19.610000610351562,19.610000610351562,2761637
2024-11-18 17:30:00+00:00,19.385000228881836,19.780000686645508,19.354999542236328,19.780000686645508,1894803
2024-11-18 18:30:00+00:00,19.029699325561523,19.530000686645508,18.93000030517578,19.389999389648438,2327439
2024-11-18 19:30:00+00:00,19.510000228881836,19.610000610351562,19.0049991607666,19.030000686645508,2161177
2024-11-18 20:30:00+00:00,19.270000457763672,19.600000381469727,19.25,19.514999389648438,2495705
2024-11-19 14:30:00+00:00,20.155000686645508,20.540000915527344,18.729999542236328,19.024999618530273,8627004
2024-11-19 15:30:00+00:00,20.670000076293945,20.75,19.969999313354492,20.15089988708496,4873435
2024-11-19 16:30:00+00:00,20.77989959716797,20.924999237060547,20.469999313354492,20.66900062561035,3562685
2024-11-19 17:30:00+00:00,20.739999771118164,20.969999313354492,20.621599197387695,20.774999618530273,2319898
2024-11-19 18:30:00+00:00,20.639999389648438,20.8700008392334,20.614999771118164,20.690000534057617,2101386
2024-11-19 19:30:00+00:00,20.75,20.780000686645508,20.344999313354492,20.649999618530273,3105209
2024-11-19 20:30:00+00:00,20.489999771118164,20.809999465942383,20.475000381469727,20.7450008392334,3014534
2024-11-20 14:30:00+00:00,20.071300506591797,20.7549991607666,19.889999389648438,20.75,5592337
2024-11-20 15:30:00+00:00,20.010000228881836,20.379499435424805,19.959999084472656,20.075000762939453,2270630
2024-11-20 16:30:00+00:00,20.229999542236328,20.350000381469727,19.809999465942383,20.0049991607666,1951454
2024-11-20 17:30:00+00:00,19.959999084472656,20.280000686645508,19.864999771118164,20.229999542236328,1316884
2024-11-20 18:30:00+00:00,19.80500030517578,19.971099853515625,19.639999389648438,19.971099853515625,2172368
2024-11-20 19:30:00+00:00,20.024999618530273,20.110000610351562,19.790000915527344,19.799999237060547,1363238
2024-11-20 20:30:00+00:00,20.174999237060547,20.229999542236328,19.90999984741211,20.030000686645508,1847115
2024-11-21 14:30:00+00:00,20.452699661254883,21.299999237060547,19.75,20.399999618530273,7172541
2024-11-21 15:30:00+00:00,21.73819923400879,21.8700008392334,20.28070068359375,20.459999084472656,4666179
2024-11-21 16:30:00+00:00,22.059999465942383,22.139999389648438,21.360000610351562,21.75,3438538
2024-11-21 17:30:00+00:00,22.100099563598633,22.139999389648438,21.829999923706055,22.040000915527344,2536564
2024-11-21 18:30:00+00:00,22.267000198364258,22.299999237060547,21.934999465942383,22.100000381469727,2571285
2024-11-21 19:30:00+00:00,22.399999618530273,22.479999542236328,21.969999313354492,22.260000228881836,2759153
2024-11-21 20:30:00+00:00,22.420000076293945,22.440000534057617,22.204999923706055,22.395000457763672,3620990
2024-11-22 14:30:00+00:00,22.8799991607666,23.799999237060547,22.3799991607666,23.0,10863487
2024-11-22 15:30:00+00:00,23.440000534057617,23.549999237060547,22.540000915527344,22.899999618530273,4759891
2024-11-22 16:30:00+00:00,23.06999969482422,23.449899673461914,22.920000076293945,23.449899673461914,2605481
2024-11-22 17:30:00+00:00,23.030000686645508,23.149999618530273,22.81999969482422,23.06999969482422,1857652
2024-11-22 18:30:00+00:00,23.375,23.5049991607666,23.0,23.030000686645508,2378108
2024-11-22 19:30:00+00:00,23.385000228881836,23.469999313354492,23.184999465942383,23.375,2068237
2024-11-22 20:30:00+00:00,23.2549991607666,23.479999542236328,23.209999084472656,23.385000228881836,2589671
2024-11-25 14:30:00+00:00,23.73110008239746,25.57990074157715,23.170000076293945,25.375,18282320
2024-11-25 15:30:00+00:00,24.13010025024414,24.187999725341797,23.440099716186523,23.729999542236328,5548255
2024-11-25 16:30:00+00:00,23.559999465942383,24.770000457763672,22.820199966430664,24.131200790405273,6361009
2024-11-25 17:30:00+00:00,23.92970085144043,24.049999237060547,23.5,23.559999465942383,2681816
2024-11-25 18:30:00+00:00,23.90999984741211,24.225000381469727,23.42009925842285,23.93000030517578,2307910
2024-11-25 19:30:00+00:00,23.940000534057617,24.036399841308594,23.670000076293945,23.890300750732422,1599064
2024-11-25 20:30:00+00:00,24.049999237060547,24.174999237060547,23.8799991607666,23.940000534057617,2076875
2024-11-26 14:30:00+00:00,26.12380027770996,26.709999084472656,23.6200008392334,23.711999893188477,18196628
2024-11-26 15:30:00+00:00,26.020000457763672,26.440000534057617,25.510000228881836,26.114999771118164,5444678
2024-11-26 16:30:00+00:00,26.299999237060547,26.69499969482422,25.96339988708496,26.020000457763672,5543583
2024-11-26 17:30:00+00:00,25.788000106811523,26.399999618530273,25.670000076293945,26.299699783325195,2871744
2024-11-26 18:30:00+00:00,25.688400268554688,26.059999465942383,25.440000534057617,25.78499984741211,3077068
2024-11-26 19:30:00+00:00,25.729999542236328,25.84000015258789,25.299999237060547,25.684999465942383,2656309
2024-11-26 20:30:00+00:00,25.440000534057617,25.815000534057617,25.100000381469727,25.739999771118164,2487984
2024-11-27 14:30:00+00:00,26.239999771118164,27.200000762939453,25.40999984741211,25.780000686645508,10944754
2024-11-27 15:30:00+00:00,25.295000076293945,26.309999465942383,24.729999542236328,26.239999771118164,6558690
2024-11-27 16:30:00+00:00,25.0,25.57990074157715,24.86009979248047,25.270000457763672,2435623
2024-11-27 17:30:00+00:00,25.18000030517578,25.350000381469727,24.969999313354492,25.018800735473633,1174355
2024-11-27 18:30:00+00:00,25.5049991607666,25.690000534057617,25.15999984741211,25.184999465942383,1553564
2024-11-27 19:30:00+00:00,25.450000762939453,25.690000534057617,25.389999389648438,25.5,1468416
2024-11-27 20:30:00+00:00,25.671499252319336,25.770000457763672,25.389999389648438,25.457199096679688,1736977
2024-11-29 14:30:00+00:00,27.53499984741211,27.950000762939453,25.65999984741211,25.9950008392334,10034586
2024-11-29 15:30:00+00:00,27.5,28.030000686645508,27.260000228881836,27.540000915527344,4884396
2024-11-29 16:30:00+00:00,27.288299560546875,27.510000228881836,27.15999984741211,27.489999771118164,2210795
2024-12-02 14:30:00+00:00,25.09000015258789,28.0,24.260099411010742,27.950000762939453,18994695
2024-12-02 15:30:00+00:00,24.382999420166016,25.260000228881836,24.3700008392334,25.09000015258789,5906044
2024-12-02 16:30:00+00:00,24.57309913635254,24.90999984741211,24.385000228881836,24.385000228881836,3657225
2024-12-02 17:30:00+00:00,24.159700393676758,24.93000030517578,24.040000915527344,24.560100555419922,3427762
2024-12-02 18:30:00+00:00,24.274999618530273,24.719999313354492,24.1200008392334,24.158000946044922,2662299
2024-12-02 19:30:00+00:00,24.145000457763672,24.350000381469727,24.084999084472656,24.272899627685547,2284454
2024-12-02 20:30:00+00:00,24.15999984741211,24.489999771118164,24.0,24.145000457763672,3339680
2024-12-03 14:30:00+00:00,23.2549991607666,24.259899139404297,22.5,23.780000686645508,12140882
2024-12-03 15:30:00+00:00,23.166799545288086,23.850000381469727,23.1299991607666,23.260000228881836,3527063
2024-12-03 16:30:00+00:00,23.21500015258789,23.440000534057617,22.8799991607666,23.170000076293945,3345912
2024-12-03 17:30:00+00:00,22.924999237060547,23.3700008392334,22.8799991607666,23.21299934387207,2193288
2024-12-03 18:30:00+00:00,22.831899642944336,23.02989959716797,22.639999389648438,22.920000076293945,2871023
2024-12-03 19:30:00+00:00,23.024999618530273,23.280000686645508,22.81999969482422,22.84000015258789,2868314
2024-12-03 20:30:00+00:00,23.010000228881836,23.1200008392334,22.940000534057617,23.030000686645508,2566012
2024-12-04 14:30:00+00:00,23.65999984741211,23.68000030517578,22.34000015258789,22.969999313354492,6839762
2024-12-04 15:30:00+00:00,23.399999618530273,24.0,23.219999313354492,23.65999984741211,4380921
2024-12-04 16:30:00+00:00,22.969999313354492,23.450000762939453,22.93000030517578,23.399999618530273,1964254
2024-12-04 17:30:00+00:00,22.604999542236328,23.018800735473633,22.530000686645508,22.969999313354492,2534412
2024-12-04 18:30:00+00:00,23.06999969482422,23.08989906311035,22.350000381469727,22.604999542236328,2304377
2024-12-04 19:30:00+00:00,22.962200164794922,23.18000030517578,22.780000686645508,23.077899932861328,1855653
2024-12-04 20:30:00+00:00,23.09000015258789,23.270000457763672,22.8700008392334,22.959999084472656,1425919
2024-12-05 14:30:00+00:00,23.834999084472656,24.0049991607666,22.65999984741211,23.104999542236328,6817139
2024-12-05 15:30:00+00:00,23.455799102783203,24.100000381469727,23.40999984741211,23.84000015258789,2812415
2024-12-05 16:30:00+00:00,24.299999237060547,24.520000457763672,23.1200008392334,23.450000762939453,2910329
2024-12-05 17:30:00+00:00,23.719999313354492,24.389999389648438,23.68000030517578,24.308500289916992,1977582
2024-12-05 18:30:00+00:00,24.128000259399414,24.13789939880371,23.510000228881836,23.719999313354492,1447780
2024-12-05 19:30:00+00:00,23.859899520874023,24.290000915527344,23.850000381469727,24.139999389648438,1735662
2024-12-05 20:30:00+00:00,23.899999618530273,24.0049991607666,23.8700008392334,23.8700008392334,1528416
2024-12-06 14:30:00+00:00,24.059999465942383,24.575000762939453,23.43000030517578,24.424999237060547,5729297
2024-12-06 15:30:00+00:00,24.709999084472656,24.950000762939453,24.030000686645508,24.06999969482422,3505135
2024-12-06 16:30:00+00:00,24.843900680541992,24.899999618530273,24.510000228881836,24.704999923706055,2043638
2024-12-06 17:30:00+00:00,24.739999771118164,24.989999771118164,24.56999969482422,24.849899291992188,1420478
2024-12-06 18:30:00+00:00,24.864999771118164,25.0,24.510000228881836,24.748899459838867,1817551
2024-12-06 19:30:00+00:00,24.702299118041992,24.854999542236328,24.4950008392334,24.854999542236328,1347124
2024-12-06 20:30:00+00:00,24.68000030517578,24.790000915527344,24.56999969482422,24.700000762939453,1693065
2024-12-09 14:30:00+00:00,22.120100021362305,25.0,22.020000457763672,24.940000534057617,12019723
2024-12-09 15:30:00+00:00,22.454999923706055,22.454999923706055,21.8700008392334,22.1299991607666,4852830
2024-12-09 16:30:00+00:00,22.67180061340332,22.895000457763672,22.40999984741211,22.459999084472656,2185629
2024-12-09 17:30:00+00:00,22.969999313354492,22.989999771118164,22.610000610351562,22.670000076293945,1113634
2024-12-09 18:30:00+00:00,23.00189971923828,23.117000579833984,22.834999084472656,22.954999923706055,1319114
2024-12-09 19:30:00+00:00,22.93000030517578,23.16699981689453,22.91010093688965,23.010000228881836,1294717
2024-12-09 20:30:00+00:00,23.239999771118164,23.329999923706055,22.920000076293945,22.924999237060547,1742725
2024-12-10 14:30:00+00:00,23.62030029296875,24.399999618530273,22.799999237060547,22.829999923706055,5437530
2024-12-10 15:30:00+00:00,23.19849967956543,23.90999984741211,23.1200008392334,23.6200008392334,1432317
2024-12-10 16:30:00+00:00,23.274999618530273,23.5,22.850000381469727,23.1914005279541,1212194
2024-12-10 17:30:00+00:00,23.05500030517578,23.440000534057617,22.920000076293945,23.270099639892578,883358
2024-12-10 18:30:00+00:00,23.24180030822754,23.290000915527344,23.040000915527344,23.059999465942383,660583
2024-12-10 19:30:00+00:00,23.024999618530273,23.34000015258789,22.940000534057617,23.2450008392334,946273
2024-12-10 20:30:00+00:00,22.844999313354492,23.045000076293945,22.809999465942383,23.030000686645508,1429220
2024-12-11 14:30:00+00:00,22.439300537109375,22.950000762939453,21.93000030517578,22.899999618530273,4329490
2024-12-11 15:30:00+00:00,23.399999618530273,23.399999618530273,22.353300094604492,22.450000762939453,2249750
2024-12-11 16:30:00+00:00,23.790000915527344,23.985000610351562,23.18000030517578,23.389999389648438,2140836
2024-12-11 17:30:00+00:00,23.864999771118164,23.93000030517578,23.639999389648438,23.80500030517578,1107396
2024-12-11 18:30:00+00:00,23.56999969482422,23.899999618530273,23.549999237060547,23.8700008392334,1030200
2024-12-11 19:30:00+00:00,23.6299991607666,23.834999084472656,23.520000457763672,23.56999969482422,1164412
2024-12-11 20:30:00+00:00,23.329999923706055,23.68000030517578,23.329999923706055,23.61009979248047,1545701
2024-12-12 14:30:00+00:00,23.890100479125977,23.959999084472656,22.670000076293945,22.90999984741211,3396951
2024-12-12 15:30:00+00:00,23.496400833129883,23.892099380493164,23.399999618530273,23.889999389648438,1465405
2024-12-12 16:30:00+00:00,23.088899612426758,23.511499404907227,23.040000915527344,23.489999771118164,849645
2024-12-12 17:30:00+00:00,23.09869956970215,23.329999923706055,22.950000762939453,23.09000015258789,895779
2024-12-12 18:30:00+00:00,22.434999465942383,23.100000381469727,22.329999923706055,23.09000015258789,2309973
2024-12-12 19:30:00+00:00,22.575000762939453,22.73870086669922,22.40999984741211,22.440000534057617,1312001
2024-12-12 20:30:00+00:00,22.569000244140625,22.770000457763672,22.510000228881836,22.579999923706055,1390813
2024-12-13 14:30:00+00:00,23.3799991607666,23.649999618530273,22.420000076293945,22.43000030517578,3872228
2024-12-13 15:30:00+00:00,23.323999404907227,23.65999984741211,22.84000015258789,23.3799991607666,2345341
2024-12-13 16:30:00+00:00,23.895000457763672,24.239999771118164,23.329999923706055,23.329999923706055,3059832
2024-12-13 17:30:00+00:00,24.29010009765625,24.34000015258789,23.6299991607666,23.889999389648438,1797626
2024-12-13 18:30:00+00:00,24.1299991607666,24.3700008392334,24.030099868774414,24.29840087890625,1558579
2024-12-13 19:30:00+00:00,24.479999542236328,24.56100082397461,24.114999771118164,24.1299991607666,2839132
2024-12-13 20:30:00+00:00,24.415000915527344,24.545499801635742,24.209999084472656,24.469999313354492,1998745
2024-12-16 14:30:00+00:00,24.43000030517578,24.479999542236328,23.350000381469727,24.479999542236328,4925827
2024-12-16 15:30:00+00:00,24.34000015258789,24.799999237060547,24.261999130249023,24.43000030517578,2363024
2024-12-16 16:30:00+00:00,25.03499984741211,25.25,24.331300735473633,24.346500396728516,3052515
2024-12-16 17:30:00+00:00,25.200000762939453,25.299999237060547,24.950000762939453,25.030000686645508,1725112
2024-12-16 18:30:00+00:00,25.395000457763672,25.6200008392334,25.190000534057617,25.200000762939453,1789145
2024-12-16 19:30:00+00:00,25.68000030517578,25.84000015258789,25.299999237060547,25.395000457763672,2418690
2024-12-16 20:30:00+00:00,25.8799991607666,25.950000762939453,25.469999313354492,25.68000030517578,2057390
2024-12-17 14:30:00+00:00,24.89739990234375,26.258800506591797,24.530000686645508,25.950000762939453,5399939
2024-12-17 15:30:00+00:00,25.328500747680664,25.420000076293945,24.885000228881836,24.89929962158203,1452496
2024-12-17 16:30:00+00:00,25.690000534057617,25.704999923706055,25.18000030517578,25.32979965209961,1456739
2024-12-17 17:30:00+00:00,25.860000610351562,26.049999237060547,25.540300369262695,25.684999465942383,1270536
2024-12-17 18:30:00+00:00,26.045000076293945,26.145000457763672,25.84000015258789,25.85919952392578,2183489
2024-12-17 19:30:00+00:00,25.969999313354492,26.059999465942383,25.8700008392334,26.045000076293945,1077011
2024-12-17 20:30:00+00:00,26.350000381469727,26.450000762939453,25.975000381469727,25.979999542236328,1643834
2024-12-18 14:30:00+00:00,25.395000457763672,26.780000686645508,25.389999389648438,26.280000686645508,4079916
2024-12-18 15:30:00+00:00,25.729999542236328,25.989999771118164,25.399999618530273,25.399999618530273,1469055
2024-12-18 16:30:00+00:00,25.489999771118164,26.040000915527344,25.270000457763672,25.739999771118164,1389343
2024-12-18 17:30:00+00:00,25.521099090576172,25.719999313354492,25.43000030517578,25.479999542236328,910481
2024-12-18 18:30:00+00:00,24.709999084472656,25.889999389648438,24.700000762939453,25.530000686645508,2425113
2024-12-18 19:30:00+00:00,23.81999969482422,25.139999389648438,23.59000015258789,24.719999313354492,4848108
2024-12-18 20:30:00+00:00,22.90999984741211,23.924999237060547,22.889999389648438,23.829999923706055,4744237
2024-12-19 14:30:00+00:00,23.010000228881836,24.700000762939453,22.940000534057617,23.735000610351562,6130451
2024-12-19 15:30:00+00:00,23.389999389648438,23.405000686645508,22.829999923706055,23.0049991607666,2730216
2024-12-19 16:30:00+00:00,22.780099868774414,23.54990005493164,22.770999908447266,23.389999389648438,1553781
2024-12-19 17:30:00+00:00,23.179899215698242,23.179899215698242,22.700000762939453,22.781200408935547,1123728
2024-12-19 18:30:00+00:00,23.295000076293945,23.43000030517578,23.1200008392334,23.170000076293945,1068663
2024-12-19 19:30:00+00:00,23.350099563598633,23.438800811767578,23.11009979248047,23.299999237060547,909373
2024-12-19 20:30:00+00:00,23.200000762939453,23.405000686645508,23.13010025024414,23.354999542236328,1239357
2024-12-20 14:30:00+00:00,23.850000381469727,23.950000762939453,22.010000228881836,22.139999389648438,5190561
2024-12-20 15:30:00+00:00,24.45479965209961,24.610000610351562,23.850000381469727,23.854999542236328,2928286
2024-12-20 16:30:00+00:00,24.808700561523438,24.81999969482422,24.40999984741211,24.459999084472656,2411464
2024-12-20 17:30:00+00:00,24.47209930419922,24.875,24.43000030517578,24.799999237060547,1863934
2024-12-20 18:30:00+00:00,25.177900314331055,25.190000534057617,24.450000762939453,24.479900360107422,2016856
2024-12-20 19:30:00+00:00,24.858999252319336,25.290000915527344,24.829999923706055,25.170000076293945,1831932
2024-12-20 20:30:00+00:00,24.905000686645508,24.940000534057617,24.5,24.860000610351562,2062689
2024-12-23 14:30:00+00:00,24.56999969482422,26.31999969482422,24.344999313354492,24.969999313354492,5849487
2024-12-23 15:30:00+00:00,25.3700008392334,25.3799991607666,24.520000457763672,24.56999969482422,1677850
2024-12-23 16:30:00+00:00,25.34000015258789,25.510000228881836,25.101900100708008,25.363399505615234,1080851
2024-12-23 17:30:00+00:00,25.50909996032715,25.655000686645508,25.31999969482422,25.34000015258789,745010
2024-12-23 18:30:00+00:00,25.931699752807617,25.950000762939453,25.469999313354492,25.489999771118164,1151126
2024-12-23 19:30:00+00:00,25.460100173950195,26.03499984741211,25.399999618530273,25.940000534057617,1584771
2024-12-23 20:30:00+00:00,25.579999923706055,25.674999237060547,25.3700008392334,25.459999084472656,1102342
2024-12-24 14:30:00+00:00,26.26849937438965,26.399999618530273,25.09000015258789,25.579999923706055,3439989
2024-12-24 15:30:00+00:00,26.409000396728516,26.59000015258789,26.149999618530273,26.25,2416416
2024-12-24 16:30:00+00:00,26.21500015258789,26.5049991607666,26.030000686645508,26.40019989013672,1080015
2024-12-26 14:30:00+00:00,27.468000411987305,27.789899826049805,26.110000610351562,26.59000015258789,5877491
2024-12-26 15:30:00+00:00,27.700000762939453,27.959999084472656,27.454999923706055,27.46500015258789,3188547
2024-12-26 16:30:00+00:00,28.368000030517578,28.389999389648438,27.674999237060547,27.704999923706055,3341223
2024-12-26 17:30:00+00:00,28.230300903320312,28.3799991607666,27.825000762939453,28.368600845336914,1271711
2024-12-26 18:30:00+00:00,28.040000915527344,28.25,27.905000686645508,28.235000610351562,1569488
2024-12-26 19:30:00+00:00,28.08139991760254,28.1299991607666,27.934999465942383,28.045000076293945,1236097
2024-12-26 20:30:00+00:00,28.44499969482422,28.799999237060547,28.059999465942383,28.079999923706055,2896104
2024-12-27 14:30:00+00:00,26.969999313354492,28.709999084472656,26.829999923706055,28.219999313354492,6790457
2024-12-27 15:30:00+00:00,27.566999435424805,27.809999465942383,26.799999237060547,26.979999542236328,2509282
2024-12-27 16:30:00+00:00,27.26099967956543,27.670000076293945,26.8799991607666,27.559999465942383,1447345
2024-12-27 17:30:00+00:00,27.127399444580078,27.389999389648438,27.059999465942383,27.260000228881836,667524
2024-12-27 18:30:00+00:00,26.90999984741211,27.247699737548828,26.739999771118164,27.1200008392334,1031570
2024-12-27 19:30:00+00:00,27.209999084472656,27.360000610351562,26.882999420166016,26.899999618530273,969157
2024-12-27 20:30:00+00:00,27.211000442504883,27.280000686645508,26.97170066833496,27.200000762939453,1217811
2024-12-30 14:30:00+00:00,25.200000762939453,26.780000686645508,24.899999618530273,26.219999313354492,5705871
2024-12-30 15:30:00+00:00,25.881900787353516,25.889999389648438,25.125,25.190000534057617,1778688
2024-12-30 16:30:00+00:00,26.329999923706055,26.489999771118164,25.860000610351562,25.88159942626953,1813597
2024-12-30 17:30:00+00:00,26.549999237060547,26.674999237060547,26.299999237060547,26.329999923706055,951802
2024-12-30 18:30:00+00:00,26.709999084472656,26.809999465942383,26.479999542236328,26.549999237060547,771191
2024-12-30 19:30:00+00:00,26.459999084472656,26.78499984741211,26.450000762939453,26.704999923706055,740639
2024-12-30 20:30:00+00:00,26.31999969482422,26.510000228881836,26.295000076293945,26.479999542236328,1000806
2024-12-31 14:30:00+00:00,26.6200008392334,26.690000534057617,25.510000228881836,26.5,3201934
2024-12-31 15:30:00+00:00,25.450000762939453,26.8799991607666,25.389999389648438,26.6299991607666,2270174
2024-12-31 16:30:00+00:00,25.3700008392334,25.770000457763672,25.34000015258789,25.440000534057617,1713288
2024-12-31 17:30:00+00:00,25.575000762939453,25.93000030517578,25.290000915527344,25.36989974975586,1201135
2024-12-31 18:30:00+00:00,25.350000381469727,25.659799575805664,25.329999923706055,25.549999237060547,869897
2024-12-31 19:30:00+00:00,25.68000030517578,25.69499969482422,25.18000030517578,25.350000381469727,1093499
2024-12-31 20:30:00+00:00,25.450000762939453,25.71500015258789,25.4143009185791,25.674999237060547,1154190
2025-01-02 14:30:00+00:00,24.959999084472656,25.659900665283203,23.700000762939453,25.385000228881836,5107349
2025-01-02 15:30:00+00:00,24.899999618530273,25.024999618530273,24.395000457763672,24.95240020751953,1790976
2025-01-02 16:30:00+00:00,24.90920066833496,25.599899291992188,24.799999237060547,24.864999771118164,1395991
2025-01-02 17:30:00+00:00,24.339000701904297,24.899999618530273,24.209999084472656,24.899999618530273,1690340
2025-01-02 18:30:00+00:00,24.399999618530273,24.440000534057617,24.070999145507812,24.329999923706055,997954
2025-01-02 19:30:00+00:00,24.84000015258789,24.8799991607666,24.31999969482422,24.40999984741211,869770
2025-01-02 20:30:00+00:00,24.958999633789062,25.030000686645508,24.735000610351562,24.850000381469727,1020911
2025-01-03 14:30:00+00:00,27.08930015563965,27.540000915527344,25.02899932861328,25.030000686645508,6814843
2025-01-03 15:30:00+00:00,27.65999984741211,27.950000762939453,26.940000534057617,27.084999084472656,4014862
2025-01-03 16:30:00+00:00,27.399999618530273,27.68000030517578,27.274900436401367,27.68000030517578,1346247
2025-01-03 17:30:00+00:00,27.684999465942383,27.738500595092773,27.328399658203125,27.403099060058594,1057235
2025-01-03 18:30:00+00:00,28.100000381469727,28.174999237060547,27.65999984741211,27.68000030517578,1806030
2025-01-03 19:30:00+00:00,28.635000228881836,28.770000457763672,27.940000534057617,28.094999313354492,2886689
2025-01-03 20:30:00+00:00,28.729999542236328,28.75,28.420000076293945,28.6299991607666,2474080
2025-01-06 14:30:00+00:00,29.700000762939453,29.989999771118164,28.829999923706055,28.989999771118164,7075911
2025-01-06 15:30:00+00:00,29.84000015258789,30.260000228881836,29.170000076293945,29.709999084472656,4980955
2025-01-06 16:30:00+00:00,29.43000030517578,29.8799991607666,28.868999481201172,29.829999923706055,2162985
2025-01-06 17:30:00+00:00,29.259899139404297,29.739999771118164,29.209999084472656,29.40999984741211,1269531
2025-01-06 18:30:00+00:00,29.344999313354492,29.552900314331055,28.969999313354492,29.25,1371063
2025-01-06 19:30:00+00:00,29.079999923706055,29.40999984741211,28.579999923706055,29.34000015258789,1891477
2025-01-06 20:30:00+00:00,28.801000595092773,29.104999542236328,28.700000762939453,29.06999969482422,1748035
2025-01-07 14:30:00+00:00,27.725000381469727,29.959999084472656,27.700000762939453,29.18000030517578,5689629
2025-01-07 15:30:00+00:00,28.959999084472656,29.0049991607666,27.420000076293945,27.725000381469727,2447532
2025-01-07 16:30:00+00:00,28.700000762939453,28.959999084472656,28.209999084472656,28.950000762939453,2807614
2025-01-07 17:30:00+00:00,29.432600021362305,29.674999237060547,28.654199600219727,28.700000762939453,2301057
2025-01-07 18:30:00+00:00,28.65999984741211,29.43779945373535,28.522300720214844,29.43000030517578,1470728
2025-01-07 19:30:00+00:00,28.010000228881836,28.69499969482422,27.940000534057617,28.639999389648438,1232911
2025-01-07 20:30:00+00:00,27.959999084472656,28.049999237060547,27.700000762939453,28.0,1736858
2025-01-08 14:30:00+00:00,26.780000686645508,28.31999969482422,26.280000686645508,27.299999237060547,6996304
2025-01-08 15:30:00+00:00,26.199499130249023,27.079999923706055,26.100000381469727,26.790000915527344,3047478
2025-01-08 16:30:00+00:00,25.92919921875,27.1200008392334,25.90999984741211,26.190000534057617,2113756
2025-01-08 17:30:00+00:00,27.209999084472656,27.350000381469727,25.889999389648438,25.93000030517578,1843521
2025-01-08 18:30:00+00:00,27.700199127197266,27.786699295043945,27.032400131225586,27.200000762939453,1242392
2025-01-08 19:30:00+00:00,27.270000457763672,27.709999084472656,27.238000869750977,27.709999084472656,1047603
2025-01-08 20:30:00+00:00,27.360000610351562,27.455900192260742,27.17020034790039,27.270000457763672,948749
2025-01-10 14:30:00+00:00,27.350000381469727,27.559999465942383,26.010000228881836,26.68000030517578,5982661
2025-01-10 15:30:00+00:00,26.18000030517578,27.989999771118164,26.1299991607666,27.340200424194336,3503452
2025-01-10 16:30:00+00:00,26.701400756835938,26.725299835205078,26.110000610351562,26.149999618530273,1292437
2025-01-10 17:30:00+00:00,27.05139923095703,27.215599060058594,26.469999313354492,26.68000030517578,1510037
2025-01-10 18:30:00+00:00,27.049999237060547,27.09000015258789,26.65999984741211,27.06999969482422,802103
2025-01-10 19:30:00+00:00,26.979999542236328,27.170000076293945,26.82270050048828,27.049999237060547,811393
2025-01-10 20:30:00+00:00,26.920000076293945,26.9950008392334,26.77039909362793,26.969999313354492,821232
2025-01-13 14:30:00+00:00,24.3700008392334,25.670000076293945,24.25,25.670000076293945,7165421
2025-01-13 15:30:00+00:00,23.864599227905273,24.863100051879883,23.81999969482422,24.3700008392334,2847608
2025-01-13 16:30:00+00:00,24.34000015258789,24.479999542236328,23.6200008392334,23.875,2369624
2025-01-13 17:30:00+00:00,24.450000762939453,24.5,24.170000076293945,24.361900329589844,930917
2025-01-13 18:30:00+00:00,24.100000381469727,24.4950008392334,23.920000076293945,24.456100463867188,975720
2025-01-13 19:30:00+00:00,24.018199920654297,24.280000686645508,23.869699478149414,24.059999465942383,1207578
2025-01-13 20:30:00+00:00,23.899999618530273,24.197999954223633,23.850000381469727,24.010000228881836,1761303
2025-01-14 14:30:00+00:00,24.43000030517578,24.860000610351562,24.1200008392334,24.450000762939453,4572360
2025-01-14 15:30:00+00:00,23.90999984741211,24.475000381469727,23.75,24.447500228881836,2478843
2025-01-14 16:30:00+00:00,23.62339973449707,23.950000762939453,23.420000076293945,23.900100708007812,1504674
2025-01-14 17:30:00+00:00,24.1299991607666,24.149999618530273,23.454999923706055,23.611000061035156,1026308
2025-01-14 18:30:00+00:00,24.55500030517578,24.75,24.079999923706055,24.1299991607666,1514116
2025-01-14 19:30:00+00:00,24.264999389648438,24.625,23.875,24.559999465942383,1373473
2025-01-14 20:30:00+00:00,24.155000686645508,24.350000381469727,24.100000381469727,24.274999618530273,948825
2025-01-15 14:30:00+00:00,26.260000228881836,26.479999542236328,24.875,25.040000915527344,5920661
2025-01-15 15:30:00+00:00,25.290000915527344,26.299999237060547,25.110000610351562,26.229999542236328,2303600
2025-01-15 16:30:00+00:00,25.176000595092773,25.290000915527344,24.979999542236328,25.270000457763672,1441852
2025-01-15 17:30:00+00:00,24.979999542236328,25.239999771118164,24.81999969482422,25.15999984741211,977487
2025-01-15 18:30:00+00:00,25.170000076293945,25.209800720214844,24.795000076293945,24.979999542236328,914979
2025-01-15 19:30:00+00:00,25.07990074157715,25.239999771118164,25.010000228881836,25.18000030517578,1321298
2025-01-15 20:30:00+00:00,24.860000610351562,25.079999923706055,24.780000686645508,25.079999923706055,1633280
2025-01-16 14:30:00+00:00,24.928300857543945,25.776899337768555,24.271099090576172,25.030000686645508,4257566
2025-01-16 15:30:00+00:00,24.729999542236328,25.059999465942383,24.200000762939453,24.90999984741211,1765131
2025-01-16 16:30:00+00:00,24.729999542236328,24.780000686645508,24.5,24.729999542236328,704376
2025-01-16 17:30:00+00:00,24.875,25.059999465942383,24.620500564575195,24.719999313354492,967827
2025-01-16 18:30:00+00:00,25.075000762939453,25.170000076293945,24.649999618530273,24.860000610351562,679177
2025-01-16 19:30:00+00:00,25.054899215698242,25.235000610351562,24.850000381469727,25.079299926757812,817798
2025-01-16 20:30:00+00:00,24.6299991607666,25.097999572753906,24.6200008392334,25.059999465942383,1028246
2025-01-17 14:30:00+00:00,24.78820037841797,25.653200149536133,24.53499984741211,25.100000381469727,4983517
2025-01-17 15:30:00+00:00,24.909900665283203,25.559999465942383,24.751699447631836,24.809999465942383,2342318
2025-01-17 16:30:00+00:00,24.608600616455078,24.989999771118164,24.56999969482422,24.905000686645508,1726758
2025-01-17 17:30:00+00:00,24.469499588012695,24.610000610351562,24.35580062866211,24.604999542236328,973892
2025-01-17 18:30:00+00:00,24.610000610351562,24.649999618530273,24.3799991607666,24.459999084472656,679883
2025-01-17 19:30:00+00:00,24.209999084472656,24.6200008392334,24.079999923706055,24.6200008392334,1112636
2025-01-17 20:30:00+00:00,24.0,24.290000915527344,23.950000762939453,24.21500015258789,1621161
2025-01-21 14:30:00+00:00,30.828699111938477,30.899999618530273,25.520000457763672,26.0,23804411
2025-01-21 15:30:00+00:00,30.909900665283203,31.639999389648438,30.530000686645508,30.799999237060547,15546901
2025-01-21 16:30:00+00:00,30.43000030517578,30.979999542236328,29.770000457763672,30.889999389648438,6899914
2025-01-21 17:30:00+00:00,30.940000534057617,31.170000076293945,29.829999923706055,30.43000030517578,4737083
2025-01-21 18:30:00+00:00,30.799999237060547,31.139999389648438,30.459999084472656,30.95989990234375,2794765
2025-01-21 19:30:00+00:00,30.649599075317383,30.829999923706055,30.100000381469727,30.799999237060547,3407651
2025-01-21 20:30:00+00:00,31.270000457763672,31.299999237060547,30.479999542236328,30.6299991607666,3229839
2025-01-22 14:30:00+00:00,29.924999237060547,30.075000762939453,28.600000381469727,29.700000762939453,12092747
2025-01-22 15:30:00+00:00,28.790000915527344,30.179899215698242,28.75,29.92770004272461,3825466
2025-01-22 16:30:00+00:00,28.860000610351562,29.040000915527344,28.649999618530273,28.799999237060547,2452797
2025-01-22 17:30:00+00:00,29.084999084472656,29.450000762939453,28.440000534057617,28.8700008392334,2750324
2025-01-22 18:30:00+00:00,29.247299194335938,29.459999084472656,28.959999084472656,29.100000381469727,1567348
2025-01-22 19:30:00+00:00,29.5,29.719999313354492,29.20009994506836,29.25,2408567
2025-01-22 20:30:00+00:00,29.610000610351562,29.920000076293945,29.469999313354492,29.489999771118164,1860531
2025-01-23 14:30:00+00:00,29.329999923706055,30.329999923706055,28.510000228881836,29.0,5851256
2025-01-23 15:30:00+00:00,29.270000457763672,29.799999237060547,28.90999984741211,29.31999969482422,2692330
2025-01-23 16:30:00+00:00,28.88409996032715,29.709999084472656,28.729999542236328,29.2450008392334,1810052
2025-01-23 17:30:00+00:00,29.497600555419922,29.739999771118164,28.649999618530273,28.8799991607666,1939676
2025-01-23 18:30:00+00:00,29.984800338745117,30.399999618530273,29.09000015258789,29.475000381469727,2424238
2025-01-23 19:30:00+00:00,31.129899978637695,31.190000534057617,29.8700008392334,29.979999542236328,4751534
2025-01-23 20:30:00+00:00,31.59000015258789,31.75,30.950000762939453,31.1200008392334,3359410
2025-01-24 14:30:00+00:00,31.834999084472656,33.34000015258789,31.450000762939453,32.029998779296875,10594819
2025-01-24 15:30:00+00:00,31.729999542236328,32.029998779296875,31.100000381469727,31.795000076293945,3568297
2025-01-24 16:30:00+00:00,31.415000915527344,31.950000762939453,31.049999237060547,31.760000228881836,2195220
2025-01-24 17:30:00+00:00,30.829999923706055,31.450000762939453,30.6299991607666,31.43000030517578,2013600
2025-01-24 18:30:00+00:00,30.530000686645508,30.8700008392334,30.31100082397461,30.829999923706055,1600689
2025-01-24 19:30:00+00:00,30.3700008392334,30.670000076293945,30.200000762939453,30.540000915527344,1448169
2025-01-24 20:30:00+00:00,30.360000610351562,30.540000915527344,30.264999389648438,30.3799991607666,1369891
2025-01-27 14:30:00+00:00,29.660499572753906,29.75,28.489999771118164,28.950000762939453,7254844
2025-01-27 15:30:00+00:00,29.08799934387207,30.229999542236328,29.049999237060547,29.639999389648438,2597319
2025-01-27 16:30:00+00:00,29.309999465942383,29.68000030517578,29.040000915527344,29.06999969482422,1253618
2025-01-27 17:30:00+00:00,28.780899047851562,29.510000228881836,28.559999465942383,29.299999237060547,1849536
2025-01-27 18:30:00+00:00,29.139999389648438,29.15999984741211,28.639999389648438,28.774999618530273,985791
2025-01-27 19:30:00+00:00,29.010000228881836,29.219999313354492,28.68000030517578,29.1299991607666,1428742
2025-01-27 20:30:00+00:00,29.399999618530273,29.475000381469727,28.97010040283203,29.0049991607666,1432960
2025-01-28 14:30:00+00:00,30.174999237060547,30.489999771118164,28.960100173950195,29.764999389648438,4685257
2025-01-28 15:30:00+00:00,27.979999542236328,30.239999771118164,27.850099563598633,30.190000534057617,4560395
2025-01-28 16:30:00+00:00,28.674999237060547,28.80620002746582,27.889999389648438,27.989999771118164,2226865
2025-01-28 17:30:00+00:00,28.770000457763672,28.920000076293945,28.610000610351562,28.670000076293945,747698
2025-01-28 18:30:00+00:00,28.550500869750977,28.84000015258789,28.280000686645508,28.770000457763672,1115860
2025-01-28 19:30:00+00:00,29.134899139404297,29.31999969482422,28.559999465942383,28.559999465942383,1327597
2025-01-28 20:30:00+00:00,28.959999084472656,29.18000030517578,28.860000610351562,29.1299991607666,985551
2025-01-29 14:30:00+00:00,29.809999465942383,30.450000762939453,29.1299991607666,29.270000457763672,5400461
2025-01-29 15:30:00+00:00,28.799999237060547,29.8700008392334,28.729999542236328,29.770000457763672,1668162
2025-01-29 16:30:00+00:00,28.80500030517578,28.874500274658203,28.40999984741211,28.760000228881836,1303046
2025-01-29 17:30:00+00:00,28.760000228881836,28.912900924682617,28.350000381469727,28.799999237060547,650331
2025-01-29 18:30:00+00:00,28.350000381469727,28.8799991607666,28.260000228881836,28.78499984741211,781402
2025-01-29 19:30:00+00:00,29.239900588989258,29.329999923706055,28.31999969482422,28.34000015258789,1595088
2025-01-29 20:30:00+00:00,28.860000610351562,29.34000015258789,28.780000686645508,29.239999771118164,868432
2025-01-30 14:30:00+00:00,28.524099349975586,30.809499740600586,28.462299346923828,29.184999465942383,7745902
2025-01-30 15:30:00+00:00,27.996299743652344,28.850000381469727,27.770000457763672,28.549999237060547,4204661
2025-01-30 16:30:00+00:00,28.33639907836914,28.549999237060547,27.8799991607666,28.010000228881836,1925576
2025-01-30 17:30:00+00:00,28.239999771118164,28.450000762939453,28.149999618530273,28.34000015258789,1038868
2025-01-30 18:30:00+00:00,28.040000915527344,28.542400360107422,28.010000228881836,28.2450008392334,911487
2025-01-30 19:30:00+00:00,28.34000015258789,28.587499618530273,27.959999084472656,28.045000076293945,1634503
2025-01-30 20:30:00+00:00,28.520000457763672,28.584999084472656,28.0,28.329999923706055,1388413
2025-01-31 14:30:00+00:00,30.135000228881836,30.399999618530273,28.258800506591797,28.69499969482422,7164812
2025-01-31 15:30:00+00:00,30.270000457763672,30.520000457763672,29.59000015258789,30.1299991607666,3941937
2025-01-31 16:30:00+00:00,30.450000762939453,30.530000686645508,29.972400665283203,30.270000457763672,1671052
2025-01-31 17:30:00+00:00,30.0,30.520000457763672,29.8799991607666,30.450000762939453,1408513
2025-01-31 18:30:00+00:00,29.934999465942383,30.251800537109375,29.489999771118164,30.008399963378906,2182905
2025-01-31 19:30:00+00:00,28.975000381469727,30.078500747680664,28.889999389648438,29.942699432373047,2007606
2025-01-31 20:30:00+00:00,29.030000686645508,29.200000762939453,28.924999237060547,28.969999313354492,1331451
2025-02-03 14:30:00+00:00,27.97249984741211,28.1299991607666,26.450000762939453,27.020000457763672,8741646
2025-02-03 15:30:00+00:00,28.670000076293945,28.790000915527344,27.799999237060547,27.959999084472656,3099132
2025-02-03 16:30:00+00:00,28.729999542236328,29.18000030517578,28.510099411010742,28.68000030517578,1700724
2025-02-03 17:30:00+00:00,28.3700008392334,28.760000228881836,28.290000915527344,28.739999771118164,1074838
2025-02-03 18:30:00+00:00,28.479999542236328,28.579999923706055,28.260000228881836,28.36440086364746,922403
2025-02-03 19:30:00+00:00,28.55699920654297,28.68000030517578,28.395000457763672,28.5,1159570
2025-02-03 20:30:00+00:00,28.399999618530273,28.639999389648438,28.350000381469727,28.56999969482422,1225389
2025-02-04 14:30:00+00:00,29.399999618530273,30.15999984741211,28.40999984741211,29.020000457763672,6847299
2025-02-04 15:30:00+00:00,29.790000915527344,30.045000076293945,28.889999389648438,29.389999389648438,2941514
2025-02-04 16:30:00+00:00,28.530500411987305,29.822500228881836,28.489999771118164,29.780000686645508,2383560
2025-02-04 17:30:00+00:00,28.670000076293945,28.75,28.450000762939453,28.540000915527344,1243901
2025-02-04 18:30:00+00:00,28.950000762939453,29.127399444580078,28.65999984741211,28.690000534057617,1012276
2025-02-04 19:30:00+00:00,28.549999237060547,29.010000228881836,28.440000534057617,28.959999084472656,933223
2025-02-04 20:30:00+00:00,28.68000030517578,28.829999923706055,28.530000686645508,28.540000915527344,921182
2025-02-05 14:30:00+00:00,28.139999389648438,29.040000915527344,27.850000381469727,28.975000381469727,5057164
2025-02-05 15:30:00+00:00,28.360000610351562,29.059999465942383,28.051000595092773,28.149999618530273,2423761
2025-02-05 16:30:00+00:00,28.408000946044922,28.868600845336914,28.200000762939453,28.3700008392334,1869743
2025-02-05 17:30:00+00:00,28.668399810791016,28.780000686645508,28.110000610351562,28.420000076293945,1574082
2025-02-05 18:30:00+00:00,28.940000534057617,29.13559913635254,28.42770004272461,28.65999984741211,1757577
2025-02-05 19:30:00+00:00,28.600000381469727,28.98780059814453,28.458099365234375,28.940000534057617,1066910
2025-02-05 20:30:00+00:00,28.59000015258789,28.639999389648438,28.440000534057617,28.600000381469727,805046
2025-02-06 14:30:00+00:00,28.325000762939453,28.920000076293945,27.950000762939453,28.579999923706055,4756735
2025-02-06 15:30:00+00:00,28.360000610351562,28.530000686645508,28.079999923706055,28.34000015258789,1753161
2025-02-06 16:30:00+00:00,28.360000610351562,28.40999984741211,27.700000762939453,28.34000015258789,1910780
2025-02-06 17:30:00+00:00,28.559999465942383,28.700000762939453,28.25,28.350000381469727,1433171
2025-02-06 18:30:00+00:00,27.81999969482422,28.579999923706055,27.770000457763672,28.55500030517578,1176030
2025-02-06 19:30:00+00:00,27.719999313354492,28.600000381469727,27.25,27.81999969482422,2671111
2025-02-06 20:30:00+00:00,27.68000030517578,27.82990074157715,27.5,27.719999313354492,1194510
2025-02-07 14:30:00+00:00,29.239999771118164,29.69099998474121,27.770000457763672,27.979999542236328,8795179
2025-02-07 15:30:00+00:00,28.21500015258789,29.299999237060547,27.899999618530273,29.239999771118164,3053756
2025-02-07 16:30:00+00:00,27.979999542236328,28.417499542236328,27.854999542236328,28.219999313354492,1472383
2025-02-07 17:30:00+00:00,28.28499984741211,28.40999984741211,27.93000030517578,27.959999084472656,966711
2025-02-07 18:30:00+00:00,27.459999084472656,28.3125,27.399999618530273,28.280000686645508,1737501
2025-02-07 19:30:00+00:00,27.405000686645508,27.670000076293945,27.219999313354492,27.41900062561035,1376728
2025-02-07 20:30:00+00:00,27.420000076293945,27.700000762939453,27.395000457763672,27.399999618530273,1017663
2025-02-10 14:30:00+00:00,28.435199737548828,29.135000228881836,27.360000610351562,27.75,7947071
2025-02-10 15:30:00+00:00,28.8799991607666,29.15999984741211,28.229999542236328,28.459999084472656,2772959
2025-02-10 16:30:00+00:00,29.170000076293945,29.350000381469727,28.59000015258789,28.885000228881836,2156445
2025-02-10 17:30:00+00:00,29.799999237060547,29.979999542236328,29.100000381469727,29.184999465942383,2854766
2025-02-10 18:30:00+00:00,31.059999465942383,31.079999923706055,29.670000076293945,29.790000915527344,4961282
2025-02-10 19:30:00+00:00,30.73539924621582,31.079999923706055,30.270000457763672,31.05500030517578,2867957
2025-02-10 20:30:00+00:00,30.6200008392334,30.89780044555664,30.34000015258789,30.7450008392334,1825041
2025-02-11 14:30:00+00:00,28.979999542236328,30.31999969482422,28.899999618530273,29.860000610351562,6958021
2025-02-11 15:30:00+00:00,29.420000076293945,30.049999237060547,28.975000381469727,28.98889923095703,3127181
2025-02-11 16:30:00+00:00,28.819900512695312,29.469999313354492,28.399999618530273,29.43000030517578,3258326
2025-02-11 17:30:00+00:00,28.735000610351562,28.950000762939453,28.6200008392334,28.8700008392334,966492
2025-02-11 18:30:00+00:00,28.600000381469727,29.020000457763672,28.510000228881836,28.739999771118164,1066860
2025-02-11 19:30:00+00:00,28.262300491333008,28.719999313354492,28.229999542236328,28.610000610351562,2166686
2025-02-11 20:30:00+00:00,28.190000534057617,28.299999237060547,28.079999923706055,28.260000228881836,1923065
2025-02-12 14:30:00+00:00,27.8799991607666,28.440000534057617,27.520000457763672,28.0,5651187
2025-02-12 15:30:00+00:00,28.040000915527344,28.449800491333008,27.85140037536621,27.868000030517578,1988541
2025-02-12 16:30:00+00:00,28.5,28.5762996673584,28.030000686645508,28.049999237060547,1290904
2025-02-12 17:30:00+00:00,28.399999618530273,28.579200744628906,28.290000915527344,28.489999771118164,959607
2025-02-12 18:30:00+00:00,27.799999237060547,28.40999984741211,27.71500015258789,28.389999389648438,1488157
2025-02-12 19:30:00+00:00,27.6299991607666,27.959999084472656,27.6200008392334,27.795000076293945,1512057
2025-02-12 20:30:00+00:00,27.6299991607666,27.709999084472656,27.41119956970215,27.625,1834606
2025-02-13 14:30:00+00:00,27.305999755859375,28.260000228881836,27.1200008392334,28.096500396728516,6352281
2025-02-13 15:30:00+00:00,27.200000762939453,27.59000015258789,27.09000015258789,27.299999237060547,2533114
2025-02-13 16:30:00+00:00,27.9060001373291,28.010000228881836,27.010000228881836,27.209999084472656,2454678
2025-02-13 17:30:00+00:00,27.260000228881836,27.920000076293945,27.030000686645508,27.90999984741211,1600703
2025-02-13 18:30:00+00:00,27.8799991607666,28.030000686645508,27.260000228881836,27.260000228881836,1932958
2025-02-13 19:30:00+00:00,28.17099952697754,28.239999771118164,27.8302001953125,27.8799991607666,1755020
2025-02-13 20:30:00+00:00,28.290000915527344,28.381000518798828,28.139999389648438,28.170000076293945,1321869
2025-02-14 14:30:00+00:00,27.650999069213867,28.309999465942383,27.045000076293945,28.229999542236328,5157889
2025-02-14 15:30:00+00:00,27.809999465942383,27.889999389648438,27.34000015258789,27.65999984741211,2143578
2025-02-14 16:30:00+00:00,27.5,27.850000381469727,27.3700008392334,27.800100326538086,1498509
2025-02-14 17:30:00+00:00,27.760000228881836,27.90999984741211,27.489999771118164,27.510000228881836,1111692
2025-02-14 18:30:00+00:00,28.1200008392334,28.649999618530273,27.723899841308594,27.755599975585938,2327921
2025-02-14 19:30:00+00:00,28.28499984741211,28.405000686645508,28.028600692749023,28.110000610351562,1216177
2025-02-14 20:30:00+00:00,28.0,28.350000381469727,27.90999984741211,28.280000686645508,1285558
2025-02-18 14:30:00+00:00,28.610000610351562,29.139999389648438,28.149999618530273,28.270000457763672,6831974
2025-02-18 15:30:00+00:00,28.737499237060547,29.788400650024414,28.510000228881836,28.639999389648438,5105344
2025-02-18 16:30:00+00:00,28.02199935913086,28.770000457763672,28.0,28.700000762939453,2512896
2025-02-18 17:30:00+00:00,27.770000457763672,28.15489959716797,27.751699447631836,28.020000457763672,1785268
2025-02-18 18:30:00+00:00,27.469999313354492,27.799999237060547,27.389799118041992,27.780000686645508,1618048
2025-02-18 19:30:00+00:00,27.772199630737305,28.059999465942383,27.450000762939453,27.46500015258789,1408880
2025-02-18 20:30:00+00:00,27.739999771118164,27.950000762939453,27.670000076293945,27.780000686645508,1064145
2025-02-19 14:30:00+00:00,27.239999771118164,28.295000076293945,27.1200008392334,27.950000762939453,4416774
2025-02-19 15:30:00+00:00,27.46500015258789,27.639999389648438,27.149999618530273,27.2450008392334,1782922
2025-02-19 16:30:00+00:00,27.420000076293945,27.714000701904297,27.370800018310547,27.459999084472656,1033733
2025-02-19 17:30:00+00:00,26.979999542236328,27.479999542236328,26.90999984741211,27.43000030517578,2194770
2025-02-19 18:30:00+00:00,27.459999084472656,27.469999313354492,26.989999771118164,26.989999771118164,1597770
2025-02-19 19:30:00+00:00,26.459999084472656,27.600000381469727,26.350099563598633,27.450000762939453,2273615
2025-02-19 20:30:00+00:00,25.940000534057617,26.659799575805664,25.729999542236328,26.469999313354492,4177774
2025-02-20 14:30:00+00:00,24.469999313354492,26.149900436401367,23.8700008392334,26.08989906311035,11342170
2025-02-20 15:30:00+00:00,24.4375,24.6200008392334,24.030000686645508,24.46500015258789,2909902
2025-02-20 16:30:00+00:00,24.729999542236328,24.86989974975586,24.350000381469727,24.434999465942383,2189873
2025-02-20 17:30:00+00:00,24.70439910888672,25.020000457763672,24.6299991607666,24.719999313354492,1445586
2025-02-20 18:30:00+00:00,24.905000686645508,25.020000457763672,24.659700393676758,24.709999084472656,1158805
2025-02-20 19:30:00+00:00,25.34000015258789,25.40999984741211,24.899999618530273,24.905000686645508,1777481
2025-02-20 20:30:00+00:00,25.260000228881836,25.524999618530273,25.15999984741211,25.34000015258789,1463444
2025-02-21 14:30:00+00:00,25.030000686645508,25.93000030517578,24.940000534057617,25.920000076293945,3931585
2025-02-21 15:30:00+00:00,24.690000534057617,25.06999969482422,24.549999237060547,25.0049991607666,1385368
2025-02-21 16:30:00+00:00,24.290000915527344,24.735000610351562,24.174999237060547,24.719999313354492,1481061
2025-02-21 17:30:00+00:00,23.540000915527344,24.290000915527344,23.514999389648438,24.290000915527344,2644696
2025-02-21 18:30:00+00:00,23.420000076293945,23.780000686645508,23.3700008392334,23.54490089416504,2219925
2025-02-21 19:30:00+00:00,23.670000076293945,23.799999237060547,23.360000610351562,23.420000076293945,2032408
2025-02-21 20:30:00+00:00,23.540000915527344,23.850000381469727,23.520000457763672,23.68000030517578,1633792
2025-02-24 14:30:00+00:00,22.040000915527344,23.899999618530273,21.719999313354492,23.719999313354492,8252408
2025-02-24 15:30:00+00:00,22.329999923706055,22.40999984741211,21.8799991607666,22.045000076293945,3127472
2025-02-24 16:30:00+00:00,22.920000076293945,22.950000762939453,22.25,22.325000762939453,1849873
2025-02-24 17:30:00+00:00,23.079999923706055,23.170000076293945,22.8700008392334,22.924999237060547,1289822
2025-02-24 18:30:00+00:00,22.601200103759766,23.08489990234375,22.600000381469727,23.075000762939453,1154102
2025-02-24 19:30:00+00:00,22.434999465942383,22.77989959716797,22.43000030517578,22.600000381469727,1363191
2025-02-24 20:30:00+00:00,22.479999542236328,22.674999237060547,22.43000030517578,22.434999465942383,1480917
2025-02-25 14:30:00+00:00,20.170000076293945,22.15999984741211,19.780000686645508,21.719999313354492,11446654
2025-02-25 15:30:00+00:00,20.219999313354492,20.629899978637695,19.880699157714844,20.170000076293945,5326949
2025-02-25 16:30:00+00:00,20.346500396728516,20.618000030517578,20.049999237060547,20.21500015258789,2725195
2025-02-25 17:30:00+00:00,20.29010009765625,20.6299991607666,20.25,20.34000015258789,1723320
2025-02-25 18:30:00+00:00,20.010000228881836,20.40999984741211,19.959999084472656,20.309999465942383,2177875
2025-02-25 19:30:00+00:00,20.659000396728516,20.719999313354492,19.969999313354492,20.014999389648438,2817744
2025-02-25 20:30:00+00:00,20.274999618530273,20.709999084472656,20.079999923706055,20.65999984741211,2054131
2025-02-26 14:30:00+00:00,20.790000915527344,21.280000686645508,20.5049991607666,21.030000686645508,5814373
2025-02-26 15:30:00+00:00,21.22010040283203,21.399999618530273,20.780000686645508,20.790000915527344,2051363
2025-02-26 16:30:00+00:00,21.204999923706055,21.459999084472656,21.122400283813477,21.229999542236328,1304779
2025-02-26 17:30:00+00:00,20.930999755859375,21.25,20.93000030517578,21.209999084472656,1242184
2025-02-26 18:30:00+00:00,20.80500030517578,21.020000457763672,20.639999389648438,20.924999237060547,1770388
2025-02-26 19:30:00+00:00,20.90999984741211,21.020000457763672,20.610000610351562,20.799999237060547,1224309
2025-02-26 20:30:00+00:00,21.25,21.315000534057617,20.885000228881836,20.90999984741211,2031971
2025-02-27 14:30:00+00:00,21.420000076293945,22.149999618530273,20.280000686645508,22.0,5583103
2025-02-27 15:30:00+00:00,21.270000457763672,21.510000228881836,21.18000030517578,21.40999984741211,1693744
2025-02-27 16:30:00+00:00,21.09000015258789,21.395999908447266,20.809999465942383,21.25,1292386
2025-02-27 17:30:00+00:00,21.125,21.299999237060547,20.86240005493164,21.100000381469727,991197
2025-02-27 18:30:00+00:00,20.774999618530273,21.209999084472656,20.770000457763672,21.1299991607666,962774
2025-02-27 19:30:00+00:00,20.437999725341797,20.774999618530273,20.424999237060547,20.77389907836914,2141118
2025-02-27 20:30:00+00:00,19.81999969482422,20.549999237060547,19.7549991607666,20.440000534057617,4416764
2025-02-28 14:30:00+00:00,20.2450008392334,20.34000015258789,16.170000076293945,16.360000610351562,17848360
2025-02-28 15:30:00+00:00,19.799999237060547,20.389999389648438,19.59000015258789,20.239999771118164,5588539
2025-02-28 16:30:00+00:00,20.125,20.440000534057617,19.739999771118164,19.790000915527344,2591993
2025-02-28 17:30:00+00:00,19.780000686645508,20.190000534057617,19.530000686645508,20.1299991607666,2650094
2025-02-28 18:30:00+00:00,19.850000381469727,20.010000228881836,19.559999465942383,19.780000686645508,1829401
2025-02-28 19:30:00+00:00,19.889999389648438,20.190000534057617,19.791200637817383,19.854999542236328,1922604
2025-02-28 20:30:00+00:00,20.489999771118164,20.489999771118164,19.750999450683594,19.8799991607666,3924789
2025-03-03 14:30:00+00:00,20.859800338745117,21.450000762939453,20.170000076293945,21.239999771118164,6418851
2025-03-03 15:30:00+00:00,20.46500015258789,21.200000762939453,20.354999542236328,20.850099563598633,2761643
2025-03-03 16:30:00+00:00,20.360000610351562,20.540000915527344,20.250099182128906,20.469999313354492,1647126
2025-03-03 17:30:00+00:00,19.219999313354492,20.3799991607666,19.170000076293945,20.361900329589844,3868841
2025-03-03 18:30:00+00:00,19.361299514770508,19.56999969482422,19.06999969482422,19.219999313354492,2748536
2025-03-03 19:30:00+00:00,18.584999084472656,19.559999465942383,18.545000076293945,19.360000610351562,4504235
2025-03-03 20:30:00+00:00,18.639999389648438,18.709999084472656,18.399999618530273,18.584999084472656,3635045
2025-03-04 14:30:00+00:00,17.829999923706055,18.530000686645508,17.510000228881836,17.969999313354492,8037586
2025-03-04 15:30:00+00:00,17.889999389648438,18.299999237060547,17.78499984741211,17.81999969482422,3111242
2025-03-04 16:30:00+00:00,18.645000457763672,18.770000457763672,17.889999389648438,17.899999618530273,2619780
2025-03-04 17:30:00+00:00,19.0049991607666,19.26689910888672,18.501399993896484,18.639999389648438,2552918
2025-03-04 18:30:00+00:00,19.55109977722168,19.690000534057617,18.921899795532227,19.0,2675320
2025-03-04 19:30:00+00:00,19.665000915527344,19.950000762939453,19.520000457763672,19.559999465942383,2705536
2025-03-04 20:30:00+00:00,19.0,19.67020034790039,18.829999923706055,19.670000076293945,2523418
2025-03-05 14:30:00+00:00,19.58009910583496,20.037799835205078,18.770000457763672,19.114999771118164,4990187
2025-03-05 15:30:00+00:00,19.739999771118164,20.020000457763672,19.479999542236328,19.610000610351562,2313886
2025-03-05 16:30:00+00:00,19.979999542236328,20.129899978637695,19.44499969482422,19.729999542236328,1765469
2025-03-05 17:30:00+00:00,20.229999542236328,20.535999298095703,19.952600479125977,19.989999771118164,2254443
2025-03-05 18:30:00+00:00,20.549999237060547,20.84000015258789,20.079999923706055,20.229999542236328,2176457
2025-03-05 19:30:00+00:00,20.649999618530273,20.809999465942383,20.40999984741211,20.549999237060547,2085756
2025-03-05 20:30:00+00:00,20.399999618530273,20.687400817871094,20.399999618530273,20.655000686645508,1523853
2025-03-06 14:30:00+00:00,20.045000076293945,20.209999084472656,19.329999923706055,19.579999923706055,4597414
2025-03-06 15:30:00+00:00,19.967199325561523,20.270000457763672,19.802000045776367,20.030000686645508,1581287
2025-03-06 16:30:00+00:00,19.040000915527344,20.09000015258789,19.040000915527344,19.969999313354492,2389947
2025-03-06 17:30:00+00:00,18.985000610351562,19.184999465942383,18.709999084472656,19.03499984741211,2799954
2025-03-06 18:30:00+00:00,18.559999465942383,19.045000076293945,18.5,18.979999542236328,1798943
2025-03-06 19:30:00+00:00,18.625,19.05500030517578,18.370100021362305,18.559999465942383,2302628
2025-03-06 20:30:00+00:00,18.649999618530273,18.719999313354492,18.524999618530273,18.6200008392334,1685655
2025-03-07 14:30:00+00:00,18.350000381469727,18.78499984741211,17.799999237060547,18.290000915527344,4954520
2025-03-07 15:30:00+00:00,17.979999542236328,18.549999237060547,17.920000076293945,18.34000015258789,1913228
2025-03-07 16:30:00+00:00,18.1299991607666,18.135000228881836,17.670000076293945,18.0,1658233
2025-03-07 17:30:00+00:00,18.459999084472656,18.670000076293945,18.031999588012695,18.1200008392334,1627143
2025-03-07 18:30:00+00:00,18.750099182128906,18.90999984741211,18.450000762939453,18.469999313354492,926553
2025-03-07 19:30:00+00:00,18.81999969482422,19.100000381469727,18.688800811767578,18.754100799560547,1289790
2025-03-07 20:30:00+00:00,18.790000915527344,18.920000076293945,18.6200008392334,18.809999465942383,1282128
2025-03-10 13:30:00+00:00,17.239999771118164,18.229999542236328,17.239999771118164,18.200000762939453,4752253
2025-03-10 14:30:00+00:00,17.479900360107422,17.520000457763672,17.149999618530273,17.2450008392334,2596183
2025-03-10 15:30:00+00:00,17.559999465942383,17.8799991607666,17.440000534057617,17.479999542236328,2185927
2025-03-10 16:30:00+00:00,16.829999923706055,17.64859962463379,16.770000457763672,17.559999465942383,3066415
2025-03-10 17:30:00+00:00,16.594999313354492,16.8700008392334,16.469999313354492,16.84000015258789,2920728
2025-03-10 18:30:00+00:00,16.854999542236328,16.969999313354492,16.530000686645508,16.600000381469727,2314504
2025-03-10 19:30:00+00:00,17.111600875854492,17.170000076293945,16.850000381469727,16.850000381469727,2301842
2025-03-11 13:30:00+00:00,17.270000457763672,17.770000457763672,16.049999237060547,16.30500030517578,5533525
2025-03-11 14:30:00+00:00,17.8700008392334,17.950000762939453,17.079999923706055,17.270000457763672,2484856
2025-03-11 15:30:00+00:00,17.670000076293945,18.1387996673584,17.531700134277344,17.8799991607666,1406969
2025-03-11 16:30:00+00:00,17.03499984741211,17.79800033569336,17.010000228881836,17.68000030517578,1177351
2025-03-11 17:30:00+00:00,17.702299118041992,17.829999923706055,17.030000686645508,17.030000686645508,1078861
2025-03-11 18:30:00+00:00,17.760000228881836,18.030000686645508,17.610000610351562,17.709999084472656,1298122
2025-03-11 19:30:00+00:00,17.799999237060547,17.889999389648438,17.690099716186523,17.760000228881836,1330155
2025-03-12 13:30:00+00:00,18.125,19.3799991607666,17.90999984741211,18.920000076293945,6909990
2025-03-12 14:30:00+00:00,17.850000381469727,18.209999084472656,17.579999923706055,18.1200008392334,2077952
2025-03-12 15:30:00+00:00,18.290000915527344,18.40999984741211,17.850000381469727,17.8700008392334,2026002
2025-03-12 16:30:00+00:00,18.41189956665039,18.450000762939453,18.113100051879883,18.299999237060547,1245029
2025-03-12 17:30:00+00:00,18.426000595092773,18.56999969482422,18.05500030517578,18.40999984741211,3359757
2025-03-12 18:30:00+00:00,18.367700576782227,18.56999969482422,18.31439971923828,18.43000030517578,1097425
2025-03-12 19:30:00+00:00,18.399999618530273,18.600000381469727,18.280000686645508,18.3700008392334,1443063
2025-03-13 13:30:00+00:00,17.985000610351562,18.520000457763672,17.479999542236328,18.479999542236328,3387803
2025-03-13 14:30:00+00:00,17.588499069213867,18.139999389648438,17.510000228881836,17.99340057373047,1621036
2025-03-13 15:30:00+00:00,17.610000610351562,17.780000686645508,17.479999542236328,17.56999969482422,929614
2025-03-13 16:30:00+00:00,17.3700008392334,17.829700469970703,17.290700912475586,17.59000015258789,1129590
2025-03-13 17:30:00+00:00,17.739999771118164,17.75,17.31999969482422,17.360000610351562,936431
2025-03-13 18:30:00+00:00,17.559999465942383,17.80500030517578,17.540000915527344,17.729999542236328,874095
2025-03-13 19:30:00+00:00,17.56999969482422,17.68000030517578,17.518600463867188,17.575000762939453,1071262
2025-03-14 13:30:00+00:00,18.219999313354492,18.389999389648438,17.799999237060547,18.094999313354492,3573873
2025-03-14 14:30:00+00:00,18.8700008392334,18.915000915527344,18.139999389648438,18.229999542236328,2557118
2025-03-14 15:30:00+00:00,18.549999237060547,18.96500015258789,18.520000457763672,18.8799991607666,1542633
2025-03-14 16:30:00+00:00,18.639999389648438,18.74690055847168,18.520000457763672,18.540000915527344,646198
2025-03-14 17:30:00+00:00,18.684999465942383,18.735000610351562,18.55500030517578,18.6299991607666,645904
2025-03-14 18:30:00+00:00,18.659900665283203,18.786300659179688,18.590099334716797,18.690000534057617,944071
2025-03-14 19:30:00+00:00,18.81999969482422,18.81999969482422,18.510000228881836,18.65999984741211,1458207
2025-03-17 13:30:00+00:00,19.165000915527344,19.950000762939453,18.850000381469727,19.09000015258789,5878782
2025-03-17 14:30:00+00:00,19.709999084472656,19.889999389648438,19.030000686645508,19.170000076293945,2553692
2025-03-17 15:30:00+00:00,19.0,19.78499984741211,18.959999084472656,19.704999923706055,1523087
2025-03-17 16:30:00+00:00,19.239999771118164,19.309999465942383,18.99489974975586,19.0049991607666,1024416
2025-03-17 17:30:00+00:00,19.428600311279297,19.489999771118164,19.200000762939453,19.248899459838867,947809
2025-03-17 18:30:00+00:00,19.295000076293945,19.510000228881836,19.2549991607666,19.420000076293945,1207696
2025-03-17 19:30:00+00:00,19.09000015258789,19.34510040283203,19.075000762939453,19.290000915527344,1595787
2025-03-18 13:30:00+00:00,18.37969970703125,18.59000015258789,18.079999923706055,18.530000686645508,2786305
2025-03-18 14:30:00+00:00,18.344999313354492,18.49839973449707,18.040000915527344,18.3700008392334,1342993
2025-03-18 15:30:00+00:00,18.434999465942383,18.440000534057617,18.135000228881836,18.34000015258789,915942
2025-03-18 16:30:00+00:00,18.239999771118164,18.459999084472656,18.139999389648438,18.440000534057617,1081804
2025-03-18 17:30:00+00:00,18.014999389648438,18.299999237060547,17.989999771118164,18.239999771118164,937454
2025-03-18 18:30:00+00:00,18.024999618530273,18.200000762939453,18.014999389648438,18.020000457763672,886953
2025-03-18 19:30:00+00:00,17.979999542236328,18.110000610351562,17.959999084472656,18.030000686645508,1157069
2025-03-19 13:30:00+00:00,17.854999542236328,18.40999984741211,17.780000686645508,18.299999237060547,2148038
2025-03-19 14:30:00+00:00,18.170000076293945,18.28849983215332,17.80500030517578,17.860000610351562,1105895
2025-03-19 15:30:00+00:00,18.349899291992188,18.440000534057617,18.111099243164062,18.170000076293945,1330235
2025-03-19 16:30:00+00:00,18.179899215698242,18.34000015258789,18.155000686645508,18.34000015258789,666868
2025-03-19 17:30:00+00:00,18.354999542236328,18.540000915527344,18.030000686645508,18.170000076293945,1353795
2025-03-19 18:30:00+00:00,18.6299991607666,19.06999969482422,18.360000610351562,18.360000610351562,2757444
2025-03-19 19:30:00+00:00,18.770000457763672,19.0049991607666,18.579999923706055,18.6299991607666,1378033
2025-03-20 13:30:00+00:00,18.614999771118164,18.780000686645508,18.15999984741211,18.399999618530273,2161724
2025-03-20 14:30:00+00:00,18.780000686645508,18.8700008392334,18.59000015258789,18.6200008392334,1030171
2025-03-20 15:30:00+00:00,18.540000915527344,18.780000686645508,18.520000457763672,18.725000381469727,874075
2025-03-20 16:30:00+00:00,18.530000686645508,18.8075008392334,18.459199905395508,18.545000076293945,774755
2025-03-20 17:30:00+00:00,18.459999084472656,18.7450008392334,18.44499969482422,18.530000686645508,778960
2025-03-20 18:30:00+00:00,18.431100845336914,18.579999923706055,18.40999984741211,18.450000762939453,669837
2025-03-20 19:30:00+00:00,18.520000457763672,18.649900436401367,18.440000534057617,18.440000534057617,958748
2025-03-21 13:30:00+00:00,18.440000534057617,18.59000015258789,17.989999771118164,18.094999313354492,2278684
2025-03-21 14:30:00+00:00,18.501100540161133,18.670000076293945,18.34000015258789,18.43000030517578,787123
2025-03-21 15:30:00+00:00,18.725000381469727,18.790000915527344,18.420000076293945,18.510000228881836,1023937
2025-03-21 16:30:00+00:00,18.59000015258789,18.8700008392334,18.540000915527344,18.719999313354492,1099198
2025-03-21 17:30:00+00:00,18.6299991607666,18.719999313354492,18.540000915527344,18.600000381469727,663114
2025-03-21 18:30:00+00:00,18.530099868774414,18.7450008392334,18.489999771118164,18.625,1319059
2025-03-21 19:30:00+00:00,18.969999313354492,18.979999542236328,18.530000686645508,18.530000686645508,2745333
2025-03-24 13:30:00+00:00,19.985000610351562,20.399999618530273,19.40999984741211,19.549999237060547,4611582
2025-03-24 14:30:00+00:00,20.309999465942383,20.450000762939453,19.969999313354492,19.989999771118164,2103135
2025-03-24 15:30:00+00:00,20.082799911499023,20.329999923706055,20.0,20.315000534057617,1043397
2025-03-24 16:30:00+00:00,20.03219985961914,20.130199432373047,19.950000762939453,20.083799362182617,778869
2025-03-24 17:30:00+00:00,19.985000610351562,20.06999969482422,19.89240074157715,20.040000915527344,961478
2025-03-24 18:30:00+00:00,20.041000366210938,20.160999298095703,19.940000534057617,19.989999771118164,934438
2025-03-24 19:30:00+00:00,20.200000762939453,20.3700008392334,20.049999237060547,20.049999237060547,1708711
2025-03-25 13:30:00+00:00,19.904699325561523,20.389999389648438,19.8799991607666,20.3700008392334,2492580
2025-03-25 14:30:00+00:00,19.884899139404297,20.21500015258789,19.809999465942383,19.905000686645508,2092470
2025-03-25 15:30:00+00:00,19.725000381469727,19.889999389648438,19.610000610351562,19.885000228881836,1243551
2025-03-25 16:30:00+00:00,20.13010025024414,20.360000610351562,19.704999923706055,19.719999313354492,1772270
2025-03-25 17:30:00+00:00,20.0049991607666,20.290000915527344,19.989999771118164,20.139999389648438,958332
2025-03-25 18:30:00+00:00,20.024999618530273,20.09000015258789,19.860000610351562,20.010000228881836,791165
2025-03-25 19:30:00+00:00,20.280000686645508,20.290000915527344,20.014999389648438,20.030000686645508,1457313
2025-03-26 13:30:00+00:00,20.079999923706055,20.34000015258789,19.662799835205078,20.040000915527344,3524577
2025-03-26 14:30:00+00:00,20.190000534057617,20.344999313354492,20.020000457763672,20.06999969482422,1667015
2025-03-26 15:30:00+00:00,20.028799057006836,20.295000076293945,19.810199737548828,20.184999465942383,1717039
2025-03-26 16:30:00+00:00,20.135000228881836,20.185300827026367,19.889799118041992,20.025999069213867,1407562
2025-03-26 17:30:00+00:00,20.09000015258789,20.149999618530273,19.90999984741211,20.1299991607666,1014087
2025-03-26 18:30:00+00:00,19.700000762939453,20.149999618530273,19.489999771118164,20.09000015258789,1612441
2025-03-26 19:30:00+00:00,19.43000030517578,19.719999313354492,19.392000198364258,19.709999084472656,1317371
2025-03-27 13:30:00+00:00,19.010000228881836,19.132400512695312,18.399999618530273,19.049999237060547,2991164
2025-03-27 14:30:00+00:00,19.075000762939453,19.290000915527344,18.940000534057617,19.020000457763672,946294
2025-03-27 15:30:00+00:00,18.924999237060547,19.145000457763672,18.704999923706055,19.075000762939453,1215135
2025-03-27 16:30:00+00:00,18.56999969482422,18.96500015258789,18.565000534057617,18.939800262451172,851396
2025-03-27 17:30:00+00:00,18.690000534057617,18.790000915527344,18.475000381469727,18.565000534057617,1640956
2025-03-27 18:30:00+00:00,18.681100845336914,18.75,18.485000610351562,18.68000030517578,637876
2025-03-27 19:30:00+00:00,18.405000686645508,18.68000030517578,18.309999465942383,18.68000030517578,1236635
2025-03-28 13:30:00+00:00,18.56999969482422,19.790000915527344,18.549999237060547,19.524999618530273,9977729
2025-03-28 14:30:00+00:00,18.83970069885254,19.1299991607666,18.56999969482422,18.59000015258789,3341689
2025-03-28 15:30:00+00:00,18.850000381469727,19.094999313354492,18.59000015258789,18.84000015258789,2078817
2025-03-28 16:30:00+00:00,18.635000228881836,18.979999542236328,18.559999465942383,18.849899291992188,2017326
2025-03-28 17:30:00+00:00,18.850299835205078,18.96500015258789,18.43000030517578,18.635000228881836,2624642
2025-03-28 18:30:00+00:00,18.69499969482422,18.979999542236328,18.614999771118164,18.854999542236328,1962817
2025-03-28 19:30:00+00:00,18.610000610351562,18.790000915527344,18.469999313354492,18.69499969482422,2079699
2025-03-31 13:30:00+00:00,17.790000915527344,18.395000457763672,17.35059928894043,17.860000610351562,5422258
2025-03-31 14:30:00+00:00,17.829999923706055,18.06999969482422,17.639999389648438,17.790000915527344,2182493
2025-03-31 15:30:00+00:00,17.940000534057617,17.959999084472656,17.645000457763672,17.823999404907227,1031849
2025-03-31 16:30:00+00:00,17.670000076293945,17.940000534057617,17.6200008392334,17.940000534057617,946677
2025-03-31 17:30:00+00:00,17.899999618530273,17.959999084472656,17.479999542236328,17.670000076293945,1287709
2025-03-31 18:30:00+00:00,17.80500030517578,18.084999084472656,17.78499984741211,17.895000457763672,1114654
2025-03-31 19:30:00+00:00,17.889999389648438,18.0,17.729999542236328,17.809999465942383,1081736
2025-04-01 13:30:00+00:00,17.417200088500977,17.760000228881836,17.1200008392334,17.690000534057617,3181501
2025-04-01 14:30:00+00:00,18.31999969482422,18.459999084472656,17.40999984741211,17.40999984741211,2213820
2025-04-01 15:30:00+00:00,18.385000228881836,18.799999237060547,18.229999542236328,18.309999465942383,2782181
2025-04-01 16:30:00+00:00,18.18000030517578,18.520000457763672,18.15999984741211,18.3700008392334,1667317
2025-04-01 17:30:00+00:00,17.860000610351562,18.360000610351562,17.81999969482422,18.174999237060547,1220856
2025-04-01 18:30:00+00:00,18.094999313354492,18.16550064086914,17.774999618530273,17.8700008392334,1004323
2025-04-01 19:30:00+00:00,18.170000076293945,18.219999313354492,18.040000915527344,18.09000015258789,1154146
2025-04-02 13:30:00+00:00,18.440000534057617,18.489999771118164,17.5,17.59000015258789,2010597
2025-04-02 14:30:00+00:00,19.09000015258789,19.100000381469727,18.290000915527344,18.43000030517578,1975599
2025-04-02 15:30:00+00:00,19.315000534057617,19.315000534057617,18.780000686645508,19.079999923706055,2422640
2025-04-02 16:30:00+00:00,19.489999771118164,19.75,18.149999618530273,19.315000534057617,2454257
2025-04-02 17:30:00+00:00,18.989999771118164,19.530000686645508,18.149999618530273,19.479999542236328,1531344
2025-04-02 18:30:00+00:00,18.915000915527344,19.260000228881836,18.84000015258789,18.989999771118164,1077067
2025-04-02 19:30:00+00:00,19.34000015258789,19.3700008392334,18.860000610351562,18.90999984741211,1621565
2025-04-03 13:30:00+00:00,17.950000762939453,18.309999465942383,17.65999984741211,17.770000457763672,4047693
2025-04-03 14:30:00+00:00,17.65999984741211,18.075000762939453,17.43000030517578,17.959999084472656,3565263
2025-04-03 15:30:00+00:00,18.19499969482422,18.274999618530273,17.65999984741211,17.65999984741211,2455008
2025-04-03 16:30:00+00:00,18.020000457763672,18.219999313354492,17.909299850463867,18.19499969482422,1088894
2025-04-03 17:30:00+00:00,17.938800811767578,18.199899673461914,17.850000381469727,18.020000457763672,1490540
2025-04-03 18:30:00+00:00,18.070100784301758,18.28499984741211,17.834999084472656,17.940000534057617,1549750
2025-04-03 19:30:00+00:00,17.915000915527344,18.084999084472656,17.90999984741211,18.075000762939453,1288078
2025-04-04 13:30:00+00:00,15.710000038146973,17.375,15.680000305175781,17.0,7326193
2025-04-04 14:30:00+00:00,16.1299991607666,16.520000457763672,15.0,15.71500015258789,5457961
2025-04-04 15:30:00+00:00,15.787300109863281,16.344999313354492,15.699999809265137,16.139999389648438,2109457
2025-04-04 16:30:00+00:00,16.040000915527344,16.114999771118164,15.720000267028809,15.779999732971191,1523601
2025-04-04 17:30:00+00:00,16.204999923706055,16.6200008392334,15.930000305175781,16.03499984741211,1601653
2025-04-04 18:30:00+00:00,16.200000762939453,16.389999389648438,16.010000228881836,16.184999465942383,2166165
2025-04-04 19:30:00+00:00,16.3700008392334,16.610000610351562,16.172399520874023,16.200000762939453,1952504
2025-04-07 13:30:00+00:00,16.635000228881836,18.239999771118164,14.71500015258789,14.71500015258789,9745227
2025-04-07 14:30:00+00:00,16.809999465942383,17.600000381469727,16.270000457763672,16.6200008392334,3493465
2025-04-07 15:30:00+00:00,17.139999389648438,17.59000015258789,16.809999465942383,16.809999465942383,1863238
2025-04-07 16:30:00+00:00,17.690000534057617,17.690000534057617,16.850000381469727,17.1299991607666,2034769
2025-04-07 17:30:00+00:00,17.405000686645508,17.989999771118164,17.38010025024414,17.698299407958984,1949333
2025-04-07 18:30:00+00:00,17.34000015258789,17.75,17.329999923706055,17.434999465942383,1807587
2025-04-07 19:30:00+00:00,17.510000228881836,17.719999313354492,17.25,17.344999313354492,1797338
2025-04-08 13:30:00+00:00,19.020000457763672,19.389999389648438,18.299999237060547,18.53700065612793,5728093
2025-04-08 14:30:00+00:00,18.155000686645508,19.170000076293945,18.149999618530273,19.00200080871582,3057119
2025-04-08 15:30:00+00:00,17.920000076293945,18.639999389648438,17.815000534057617,18.149999618530273,2149364
2025-04-08 16:30:00+00:00,17.40999984741211,17.969999313354492,17.32200050354004,17.920000076293945,2121621
2025-04-08 17:30:00+00:00,17.420000076293945,17.899999618530273,17.344999313354492,17.389999389648438,1408501
2025-04-08 18:30:00+00:00,16.989999771118164,17.93000030517578,16.80500030517578,17.43000030517578,2696392
2025-04-08 19:30:00+00:00,17.170000076293945,17.25,16.729999542236328,16.983999252319336,1996143
2025-04-09 13:30:00+00:00,17.899999618530273,18.236400604248047,17.200000762939453,17.469999313354492,4664083
2025-04-09 14:30:00+00:00,17.760000228881836,18.155000686645508,17.350000381469727,17.93000030517578,2341806
2025-04-09 15:30:00+00:00,17.90999984741211,18.100000381469727,17.65999984741211,17.75,1712174
2025-04-09 16:30:00+00:00,19.51420021057129,20.290000915527344,17.8700008392334,17.899999618530273,5590371
2025-04-09 17:30:00+00:00,21.25,21.299999237060547,19.440000534057617,19.520000457763672,7080068
2025-04-09 18:30:00+00:00,20.700199127197266,21.389999389648438,20.079999923706055,21.25,4231813
2025-04-09 19:30:00+00:00,20.549999237060547,20.875,20.430999755859375,20.709999084472656,3303192
2025-04-10 13:30:00+00:00,20.09000015258789,20.440000534057617,19.612499237060547,19.82200050354004,3722229
2025-04-10 14:30:00+00:00,19.799999237060547,20.719999313354492,19.790000915527344,20.100000381469727,3344425
2025-04-10 15:30:00+00:00,19.040000915527344,20.020000457763672,18.93000030517578,19.819900512695312,2427700
2025-04-10 16:30:00+00:00,19.43000030517578,19.784000396728516,19.024999618530273,19.030000686645508,2028612
2025-04-10 17:30:00+00:00,19.8887996673584,19.959999084472656,19.344999313354492,19.420000076293945,1460125
2025-04-10 18:30:00+00:00,19.309999465942383,19.959999084472656,19.290000915527344,19.889999389648438,1364764
2025-04-10 19:30:00+00:00,19.639999389648438,19.665000915527344,19.15999984741211,19.299999237060547,1491209
2025-04-11 13:30:00+00:00,18.915000915527344,19.865400314331055,18.8700008392334,19.549999237060547,2239677
2025-04-11 14:30:00+00:00,19.170000076293945,19.72279930114746,18.875,18.889999389648438,2580124
2025-04-11 15:30:00+00:00,19.15999984741211,19.469999313354492,19.049999237060547,19.174999237060547,2301093
2025-04-11 16:30:00+00:00,19.3799991607666,19.635000228881836,19.170000076293945,19.170000076293945,1762577
2025-04-11 17:30:00+00:00,19.684999465942383,19.799999237060547,19.267000198364258,19.40999984741211,2557550
2025-04-11 18:30:00+00:00,19.770000457763672,19.969999313354492,19.459999084472656,19.684999465942383,1411767
2025-04-11 19:30:00+00:00,19.6299991607666,19.829999923706055,19.6200008392334,19.760000228881836,1906555
2025-04-14 13:30:00+00:00,19.46500015258789,20.459999084472656,19.25,20.309999465942383,3827779
2025-04-14 14:30:00+00:00,19.03499984741211,19.65999984741211,19.020000457763672,19.459999084472656,1955096
2025-04-14 15:30:00+00:00,18.889999389648438,19.15999984741211,18.65999984741211,19.040000915527344,2152847
2025-04-14 16:30:00+00:00,18.920000076293945,19.139999389648438,18.809999465942383,18.8799991607666,883747
2025-04-14 17:30:00+00:00,18.985000610351562,19.030000686645508,18.790000915527344,18.93000030517578,654716
2025-04-14 18:30:00+00:00,19.045000076293945,19.205299377441406,18.954999923706055,18.979999542236328,870258
2025-04-14 19:30:00+00:00,19.09000015258789,19.209999084472656,19.030000686645508,19.04829978942871,1208177
2025-04-15 13:30:00+00:00,20.81999969482422,22.100000381469727,19.770000457763672,19.950000762939453,14812527
2025-04-15 14:30:00+00:00,20.409900665283203,20.989999771118164,20.280000686645508,20.829999923706055,3824660
2025-04-15 15:30:00+00:00,20.700000762939453,20.84000015258789,20.310100555419922,20.40999984741211,2574952
2025-04-15 16:30:00+00:00,20.299999237060547,20.8799991607666,20.270000457763672,20.704999923706055,1806574
2025-04-15 17:30:00+00:00,20.299999237060547,20.469999313354492,20.190000534057617,20.295400619506836,1356764
2025-04-15 18:30:00+00:00,20.658700942993164,20.725000381469727,20.299999237060547,20.299999237060547,1720565
2025-04-15 19:30:00+00:00,21.065000534057617,21.149999618530273,20.655000686645508,20.65999984741211,3163603
2025-04-16 13:30:00+00:00,20.084999084472656,20.639999389648438,19.920000076293945,20.31999969482422,4090812
2025-04-16 14:30:00+00:00,20.325000762939453,20.46980094909668,20.049999237060547,20.079999923706055,1874728
2025-04-16 15:30:00+00:00,20.184999465942383,20.360000610351562,20.100000381469727,20.325000762939453,1020676
2025-04-16 16:30:00+00:00,20.235000610351562,20.264999389648438,19.959999084472656,20.184999465942383,1784614
2025-04-16 17:30:00+00:00,19.90880012512207,20.229999542236328,19.579999923706055,20.229999542236328,2073572
2025-04-16 18:30:00+00:00,19.56999969482422,19.91900062561035,19.510000228881836,19.899999618530273,1430078
2025-04-16 19:30:00+00:00,19.979999542236328,20.020000457763672,19.565000534057617,19.56999969482422,1881951
2025-04-17 13:30:00+00:00,19.639999389648438,20.43000030517578,19.600000381469727,20.0226993560791,3454239
2025-04-17 14:30:00+00:00,19.510000228881836,19.790000915527344,19.420000076293945,19.6299991607666,1463316
2025-04-17 15:30:00+00:00,19.739999771118164,19.854999542236328,19.479999542236328,19.520000457763672,845231
2025-04-17 16:30:00+00:00,19.6200008392334,19.829999923706055,19.6200008392334,19.735000610351562,581109
2025-04-17 17:30:00+00:00,19.790000915527344,19.93000030517578,19.584999084472656,19.6200008392334,678550
2025-04-17 18:30:00+00:00,19.649999618530273,19.927400588989258,19.59000015258789,19.799999237060547,716184
2025-04-17 19:30:00+00:00,19.739999771118164,19.790000915527344,19.635000228881836,19.649999618530273,1010534
2025-04-21 13:30:00+00:00,19.075000762939453,19.719999313354492,19.030000686645508,19.510000228881836,1953403
2025-04-21 14:30:00+00:00,18.734899520874023,19.128999710083008,18.709999084472656,19.06999969482422,1232673
2025-04-21 15:30:00+00:00,18.614999771118164,18.75,18.469999313354492,18.739999771118164,1112316
2025-04-21 16:30:00+00:00,18.30500030517578,18.65999984741211,18.274999618530273,18.61440086364746,1303356
2025-04-21 17:30:00+00:00,18.3700008392334,18.415000915527344,18.209999084472656,18.299999237060547,803049
2025-04-21 18:30:00+00:00,18.489999771118164,18.61989974975586,18.378799438476562,18.378799438476562,1012307
2025-04-21 19:30:00+00:00,18.649999618530273,18.65999984741211,18.489999771118164,18.4950008392334,1129291
2025-04-22 13:30:00+00:00,19.05500030517578,19.06999969482422,18.549699783325195,18.8799991607666,2967140
2025-04-22 14:30:00+00:00,18.959999084472656,19.040000915527344,18.81999969482422,18.979999542236328,1131119
2025-04-22 15:30:00+00:00,19.321199417114258,19.385000228881836,18.889999389648438,18.954999923706055,1134461
2025-04-22 16:30:00+00:00,18.81999969482422,19.420000076293945,18.799999237060547,19.325000762939453,1062088
2025-04-22 17:30:00+00:00,19.174999237060547,19.200000762939453,18.80500030517578,18.829999923706055,743684
2025-04-22 18:30:00+00:00,18.954999923706055,19.219999313354492,18.93000030517578,19.18000030517578,590341
2025-04-22 19:30:00+00:00,19.020000457763672,19.100000381469727,18.889999389648438,18.954999923706055,958737
2025-04-23 13:30:00+00:00,21.309999465942383,21.33880043029785,20.3799991607666,20.450000762939453,7195018
2025-04-23 14:30:00+00:00,20.329999923706055,21.399799346923828,20.290000915527344,21.309999465942383,3330803
2025-04-23 15:30:00+00:00,20.239999771118164,20.489999771118164,20.09000015258789,20.350000381469727,1341231
2025-04-23 16:30:00+00:00,20.5,20.59000015258789,20.226999282836914,20.25,1140894
2025-04-23 17:30:00+00:00,20.510000228881836,20.70479965209961,20.360000610351562,20.510000228881836,1561512
2025-04-23 18:30:00+00:00,20.229999542236328,20.610000610351562,20.18000030517578,20.510000228881836,1351452
2025-04-23 19:30:00+00:00,20.270000457763672,20.364999771118164,20.145000457763672,20.239999771118164,977897
2025-04-24 13:30:00+00:00,21.354000091552734,21.844999313354492,20.020099639892578,20.274999618530273,5860370
2025-04-24 14:30:00+00:00,21.360000610351562,21.729999542236328,21.299999237060547,21.33799934387207,2202910
2025-04-24 15:30:00+00:00,21.74970054626465,21.879899978637695,21.350000381469727,21.354999542236328,1423971
2025-04-24 16:30:00+00:00,21.760000228881836,21.929899215698242,21.7189998626709,21.739999771118164,998636
2025-04-24 17:30:00+00:00,21.934999465942383,22.06999969482422,21.6200008392334,21.760000228881836,1348200
2025-04-24 18:30:00+00:00,21.885000228881836,22.030000686645508,21.758399963378906,21.924999237060547,1284527
2025-04-24 19:30:00+00:00,21.860000610351562,22.049999237060547,21.842500686645508,21.889999389648438,1485359
2025-04-25 13:30:00+00:00,21.920000076293945,22.559999465942383,21.75,22.020000457763672,4607335
2025-04-25 14:30:00+00:00,21.934999465942383,22.09000015258789,21.809999465942383,21.93000030517578,2009631
2025-04-25 15:30:00+00:00,21.889999389648438,22.067399978637695,21.770000457763672,21.93000030517578,1497589
2025-04-25 16:30:00+00:00,22.424999237060547,22.5,21.915800094604492,21.924999237060547,2156810
2025-04-25 17:30:00+00:00,22.239999771118164,22.45789909362793,21.962099075317383,22.424999237060547,1133706
2025-04-25 18:30:00+00:00,22.31999969482422,22.389999389648438,22.210800170898438,22.25,871600
2025-04-25 19:30:00+00:00,22.389999389648438,22.448999404907227,22.280000686645508,22.325000762939453,1120432
2025-04-28 13:30:00+00:00,22.649999618530273,23.770000457763672,22.459999084472656,23.184999465942383,5202260
2025-04-28 14:30:00+00:00,21.81999969482422,22.684999465942383,21.780000686645508,22.670000076293945,2137334
2025-04-28 15:30:00+00:00,21.82990074157715,22.100000381469727,21.722000122070312,21.809999465942383,1050955
2025-04-28 16:30:00+00:00,22.041799545288086,22.139999389648438,21.829999923706055,21.84000015258789,723947
2025-04-28 17:30:00+00:00,22.209999084472656,22.260000228881836,22.020000457763672,22.040000915527344,727383
2025-04-28 18:30:00+00:00,22.519800186157227,22.530000686645508,22.200000762939453,22.209999084472656,875635
2025-04-28 19:30:00+00:00,22.665000915527344,22.864999771118164,22.469999313354492,22.5049991607666,1550780
2025-04-29 13:30:00+00:00,22.392499923706055,23.0,22.300100326538086,22.770000457763672,1819835
2025-04-29 14:30:00+00:00,22.43000030517578,22.6299991607666,22.34000015258789,22.399999618530273,872049
2025-04-29 15:30:00+00:00,22.510000228881836,22.529699325561523,22.3700008392334,22.43000030517578,546048
2025-04-29 16:30:00+00:00,22.5049991607666,22.639999389648438,22.334999084472656,22.510000228881836,544156
2025-04-29 17:30:00+00:00,22.569900512695312,22.729999542236328,22.440000534057617,22.5049991607666,689980
2025-04-29 18:30:00+00:00,22.514999389648438,22.65999984741211,22.479999542236328,22.56100082397461,687534
2025-04-29 19:30:00+00:00,22.399999618530273,22.549999237060547,22.3799991607666,22.520000457763672,818522
2025-04-30 13:30:00+00:00,21.4950008392334,21.514999389648438,20.729999542236328,21.200000762939453,4177127
2025-04-30 14:30:00+00:00,21.719999313354492,21.920000076293945,21.390899658203125,21.489999771118164,1661793
2025-04-30 15:30:00+00:00,21.709999084472656,21.939199447631836,21.690099716186523,21.725000381469727,608736
2025-04-30 16:30:00+00:00,21.809999465942383,21.875,21.610000610351562,21.700199127197266,639842
2025-04-30 17:30:00+00:00,21.809999465942383,22.100000381469727,21.79170036315918,21.803499221801758,923271
2025-04-30 18:30:00+00:00,21.700000762939453,21.854999542236328,21.68000030517578,21.80500030517578,694079
2025-04-30 19:30:00+00:00,21.78499984741211,21.860000610351562,21.59119987487793,21.68199920654297,929160
2025-05-01 13:30:00+00:00,22.1200008392334,22.3799991607666,21.700000762939453,22.34000015258789,2290524
2025-05-01 14:30:00+00:00,22.190000534057617,22.315000534057617,22.06999969482422,22.1200008392334,1373769
2025-05-01 15:30:00+00:00,21.969999313354492,22.270000457763672,21.800100326538086,22.200000762939453,1070923
2025-05-01 16:30:00+00:00,21.989999771118164,22.065399169921875,21.829999923706055,21.969999313354492,501405
2025-05-01 17:30:00+00:00,22.100000381469727,22.149999618530273,21.790000915527344,21.989999771118164,735022
2025-05-01 18:30:00+00:00,22.28499984741211,22.30500030517578,22.100200653076172,22.110000610351562,757948
2025-05-01 19:30:00+00:00,22.110000610351562,22.309799194335938,22.079999923706055,22.28499984741211,994447
2025-05-02 13:30:00+00:00,23.25,23.329999923706055,22.34000015258789,22.507999420166016,3965296
2025-05-02 14:30:00+00:00,22.829999923706055,23.41990089416504,22.760000228881836,23.239999771118164,2448388
2025-05-02 15:30:00+00:00,23.1200008392334,23.25,22.799999237060547,22.850000381469727,1425984
2025-05-02 16:30:00+00:00,23.11989974975586,23.280000686645508,23.049999237060547,23.125,912091
2025-05-02 17:30:00+00:00,23.122600555419922,23.249799728393555,23.110000610351562,23.1200008392334,746492
2025-05-02 18:30:00+00:00,23.030000686645508,23.21500015258789,22.889999389648438,23.125200271606445,1140909
2025-05-02 19:30:00+00:00,22.989999771118164,23.06999969482422,22.815000534057617,23.030000686645508,1303124
2025-05-05 13:30:00+00:00,22.3799991607666,22.920000076293945,22.260099411010742,22.469999313354492,2818024
2025-05-05 14:30:00+00:00,22.628700256347656,22.639799118041992,22.325000762939453,22.40999984741211,941822
2025-05-05 15:30:00+00:00,22.59000015258789,22.6299991607666,22.429000854492188,22.610000610351562,527247
2025-05-05 16:30:00+00:00,22.700000762939453,22.739999771118164,22.579999923706055,22.579999923706055,455946
2025-05-05 17:30:00+00:00,22.760000228881836,22.850000381469727,22.671600341796875,22.684200286865234,682735
2025-05-05 18:30:00+00:00,22.603599548339844,22.924999237060547,22.59000015258789,22.758699417114258,1030583
2025-05-05 19:30:00+00:00,22.475000381469727,22.729999542236328,22.405000686645508,22.600000381469727,1029210
2025-05-06 13:30:00+00:00,21.81999969482422,22.149999618530273,21.50200080871582,21.915000915527344,2231061
2025-05-06 14:30:00+00:00,21.93000030517578,21.985000610351562,21.74020004272461,21.829999923706055,917670
2025-05-06 15:30:00+00:00,21.739999771118164,21.979999542236328,21.690000534057617,21.93000030517578,791495
2025-05-06 16:30:00+00:00,21.780000686645508,21.829999923706055,21.559999465942383,21.739999771118164,660541
2025-05-06 17:30:00+00:00,22.014999389648438,22.020000457763672,21.626300811767578,21.780000686645508,632491
2025-05-06 18:30:00+00:00,22.219999313354492,22.25,22.0,22.010000228881836,734024
2025-05-06 19:30:00+00:00,22.3700008392334,22.440000534057617,22.219999313354492,22.219999313354492,1044504
2025-05-07 13:30:00+00:00,22.209999084472656,22.479999542236328,22.065000534057617,22.479999542236328,1968855
2025-05-07 14:30:00+00:00,21.979999542236328,22.34000015258789,21.969999313354492,22.200000762939453,1238380
2025-05-07 15:30:00+00:00,22.040000915527344,22.170000076293945,21.979999542236328,21.979999542236328,712879
2025-05-07 16:30:00+00:00,22.184999465942383,22.225000381469727,22.03499984741211,22.040000915527344,501823
2025-05-07 17:30:00+00:00,22.030000686645508,22.209999084472656,21.844999313354492,22.200000762939453,796762
2025-05-07 18:30:00+00:00,21.96500015258789,22.209999084472656,21.93000030517578,22.03499984741211,823883
2025-05-07 19:30:00+00:00,22.290000915527344,22.309999465942383,21.93000030517578,21.959999084472656,1044053
2025-05-08 13:30:00+00:00,22.470800399780273,23.049999237060547,22.25,23.049999237060547,3269260
2025-05-08 14:30:00+00:00,22.610000610351562,22.719999313354492,22.280000686645508,22.479999542236328,1955599
2025-05-08 15:30:00+00:00,22.947999954223633,22.950000762939453,22.549999237060547,22.610000610351562,1888308
2025-05-08 16:30:00+00:00,23.069000244140625,23.155000686645508,22.854999542236328,22.946199417114258,1553472
2025-05-08 17:30:00+00:00,23.065000534057617,23.149999618530273,22.97130012512207,23.059999465942383,1254291
2025-05-08 18:30:00+00:00,22.999900817871094,23.200000762939453,22.81999969482422,23.06999969482422,1567861
2025-05-08 19:30:00+00:00,23.1299991607666,23.1299991607666,22.924699783325195,22.994600296020508,1872415
2025-05-09 13:30:00+00:00,20.59000015258789,22.885000228881836,20.5,22.885000228881836,12224182
2025-05-09 14:30:00+00:00,20.979000091552734,21.295000076293945,20.23189926147461,20.58989906311035,6379475
2025-05-09 15:30:00+00:00,20.8125,21.149999618530273,20.590099334716797,20.969999313354492,3197236
2025-05-09 16:30:00+00:00,20.729999542236328,20.93000030517578,20.684999465942383,20.818500518798828,1549636
2025-05-09 17:30:00+00:00,20.729999542236328,20.829999923706055,20.634000778198242,20.739900588989258,1609575
2025-05-09 18:30:00+00:00,20.680999755859375,20.84000015258789,20.649999618530273,20.735000610351562,1596472
2025-05-09 19:30:00+00:00,20.5049991607666,20.768400192260742,20.5,20.662500381469727,2640644
2025-05-12 13:30:00+00:00,21.15999984741211,21.799999237060547,21.1200008392334,21.739999771118164,5871796
2025-05-12 14:30:00+00:00,21.068500518798828,21.549999237060547,21.020000457763672,21.18000030517578,2168992
2025-05-12 15:30:00+00:00,21.118999481201172,21.190000534057617,20.885000228881836,21.065000534057617,1455722
2025-05-12 16:30:00+00:00,21.19499969482422,21.229999542236328,20.991199493408203,21.11199951171875,1243295
2025-05-12 17:30:00+00:00,21.020000457763672,21.290000915527344,21.020000457763672,21.191200256347656,1030358
2025-05-12 18:30:00+00:00,21.068599700927734,21.219999313354492,20.905000686645508,21.028600692749023,1165829
2025-05-12 19:30:00+00:00,21.2450008392334,21.360000610351562,21.060100555419922,21.061500549316406,1597682
2025-05-13 13:30:00+00:00,21.68120002746582,22.3700008392334,21.440000534057617,21.690000534057617,5378419
2025-05-13 14:30:00+00:00,21.989999771118164,22.135000228881836,21.604999542236328,21.709999084472656,2259935
2025-05-13 15:30:00+00:00,21.885000228881836,22.083200454711914,21.709999084472656,21.99690055847168,1588333
2025-05-13 16:30:00+00:00,21.924999237060547,21.979999542236328,21.81999969482422,21.8700008392334,1003334
2025-05-13 17:30:00+00:00,21.969999313354492,22.145000457763672,21.899999618530273,21.93000030517578,1491409
2025-05-13 18:30:00+00:00,21.924999237060547,21.98080062866211,21.81999969482422,21.969999313354492,1078832
2025-05-13 19:30:00+00:00,21.81999969482422,22.018400192260742,21.81999969482422,21.924999237060547,1441197
2025-05-14 13:30:00+00:00,22.635099411010742,23.190000534057617,21.860000610351562,21.989999771118164,7953952
2025-05-14 14:30:00+00:00,23.75,23.770000457763672,22.381000518798828,22.637500762939453,6524529
2025-05-14 15:30:00+00:00,23.899999618530273,24.225000381469727,23.290000915527344,23.739999771118164,7222027
2025-05-14 16:30:00+00:00,23.670299530029297,24.264999389648438,23.662799835205078,23.895000457763672,3785030
2025-05-14 17:30:00+00:00,23.939800262451172,24.065000534057617,23.56999969482422,23.670000076293945,3067790
2025-05-14 18:30:00+00:00,24.475000381469727,24.510000228881836,23.940000534057617,23.940000534057617,4033252
2025-05-14 19:30:00+00:00,24.1299991607666,24.520000457763672,23.915000915527344,24.459999084472656,2811347
2025-05-15 13:30:00+00:00,23.1299991607666,23.78529930114746,23.110000610351562,23.59000015258789,7047805
2025-05-15 14:30:00+00:00,23.815000534057617,23.850000381469727,22.770000457763672,23.149999618530273,3604871
2025-05-15 15:30:00+00:00,24.149999618530273,24.334999084472656,23.6299991607666,23.815000534057617,3415002
2025-05-15 16:30:00+00:00,24.719999313354492,24.844999313354492,24.09000015258789,24.149999618530273,4211792
2025-05-15 17:30:00+00:00,24.65999984741211,24.739099502563477,24.270000457763672,24.710100173950195,2434383
2025-05-15 18:30:00+00:00,24.58880043029785,24.789899826049805,24.41010093688965,24.649999618530273,1828484
2025-05-15 19:30:00+00:00,25.225000381469727,25.229999542236328,24.59000015258789,24.59000015258789,3861999
2025-05-16 13:30:00+00:00,25.489999771118164,25.749900817871094,24.949899673461914,25.299999237060547,6957561
2025-05-16 14:30:00+00:00,25.05500030517578,25.4950008392334,24.940000534057617,25.49449920654297,5095502
2025-05-16 15:30:00+00:00,25.28499984741211,25.40999984741211,24.979999542236328,25.05500030517578,2509989
2025-05-16 16:30:00+00:00,25.110000610351562,25.334999084472656,25.0,25.290000915527344,2234470
2025-05-16 17:30:00+00:00,25.5049991607666,25.639999389648438,25.110200881958008,25.1200008392334,1959312
2025-05-16 18:30:00+00:00,25.584999084472656,25.6200008392334,25.389999389648438,25.5049991607666,1411590
2025-05-16 19:30:00+00:00,25.56999969482422,25.625,25.350000381469727,25.584999084472656,2207779
2025-05-19 13:30:00+00:00,25.22010040283203,25.485000610351562,24.413400650024414,24.764999389648438,5884665
2025-05-19 14:30:00+00:00,25.059999465942383,25.46500015258789,25.0,25.235000610351562,2193937
2025-05-19 15:30:00+00:00,25.18000030517578,25.30500030517578,25.045000076293945,25.049999237060547,1539541
2025-05-19 16:30:00+00:00,25.28499984741211,25.354999542236328,24.969999313354492,25.184999465942383,1550316
2025-05-19 17:30:00+00:00,25.204999923706055,25.28689956665039,25.0,25.280000686645508,2042296
2025-05-19 18:30:00+00:00,25.344999313354492,25.434999465942383,25.145000457763672,25.200000762939453,1499634
2025-05-19 19:30:00+00:00,25.809999465942383,25.81999969482422,25.344999313354492,25.34869956970215,1980824
2025-05-20 13:30:00+00:00,25.709999084472656,25.940000534057617,25.34000015258789,25.940000534057617,5051148
2025-05-20 14:30:00+00:00,26.030000686645508,26.219999313354492,25.580699920654297,25.700000762939453,2269912
2025-05-20 15:30:00+00:00,25.810800552368164,26.079999923706055,25.690000534057617,26.023000717163086,1157031
2025-05-20 16:30:00+00:00,25.95240020751953,26.030000686645508,25.770000457763672,25.81999969482422,1192706
2025-05-20 17:30:00+00:00,25.901500701904297,26.396799087524414,25.860000610351562,25.959999084472656,2581273
2025-05-20 18:30:00+00:00,25.747600555419922,25.999900817871094,25.360000610351562,25.899999618530273,3239060
2025-05-20 19:30:00+00:00,26.010000228881836,26.059999465942383,25.68000030517578,25.75,2029908
2025-05-21 13:30:00+00:00,25.850099563598633,26.280000686645508,25.61009979248047,25.655000686645508,3058616
2025-05-21 14:30:00+00:00,26.040000915527344,26.19499969482422,25.75,25.85110092163086,1573525
2025-05-21 15:30:00+00:00,26.350000381469727,26.375,25.994600296020508,26.03070068359375,1542027
2025-05-21 16:30:00+00:00,25.329999923706055,26.65999984741211,25.31999969482422,26.354999542236328,3045359
2025-05-21 17:30:00+00:00,25.5,25.84000015258789,25.139999389648438,25.34000015258789,2283818
2025-05-21 18:30:00+00:00,25.18000030517578,25.760000228881836,25.040000915527344,25.5049991607666,2262303
2025-05-21 19:30:00+00:00,25.170000076293945,25.427900314331055,25.1299991607666,25.18000030517578,2561498
2025-05-22 13:30:00+00:00,25.25079917907715,25.3439998626709,23.920299530029297,24.75,4920627
2025-05-22 14:30:00+00:00,25.5049991607666,25.69499969482422,25.09119987487793,25.260000228881836,2255168
2025-05-22 15:30:00+00:00,25.6200008392334,25.635000228881836,25.3700008392334,25.5,1289304
2025-05-22 16:30:00+00:00,25.975000381469727,26.065000534057617,25.44499969482422,25.6200008392334,1898916
2025-05-22 17:30:00+00:00,26.202299118041992,26.449899673461914,25.93000030517578,25.975000381469727,2273853
2025-05-22 18:30:00+00:00,26.270000457763672,26.56839942932129,26.200000762939453,26.204999923706055,3346597
2025-05-22 19:30:00+00:00,25.80500030517578,26.279399871826172,25.799999237060547,26.274999618530273,1912512
2025-05-23 13:30:00+00:00,24.8799991607666,25.3799991607666,24.790000915527344,25.3700008392334,4841152
2025-05-23 14:30:00+00:00,24.860000610351562,25.114999771118164,24.795000076293945,24.899999618530273,1509895
2025-05-23 15:30:00+00:00,24.899999618530273,24.989999771118164,24.670000076293945,24.860000610351562,1482814
2025-05-23 16:30:00+00:00,25.50670051574707,25.514999389648438,24.799999237060547,24.898700714111328,1730603
2025-05-23 17:30:00+00:00,25.18000030517578,25.510000228881836,25.1117000579834,25.4950008392334,1395777
2025-05-23 18:30:00+00:00,25.274999618530273,25.420000076293945,25.135000228881836,25.190000534057617,1260402
2025-05-23 19:30:00+00:00,25.429000854492188,25.514999389648438,25.264999389648438,25.270000457763672,1319227
2025-05-27 13:30:00+00:00,28.35460090637207,28.579999923706055,26.579999923706055,26.600000381469727,8083586
2025-05-27 14:30:00+00:00,27.979999542236328,28.5,27.90999984741211,28.351999282836914,2483506
2025-05-27 15:30:00+00:00,28.08880043029785,28.200000762939453,27.799999237060547,27.971799850463867,2115462
2025-05-27 16:30:00+00:00,28.197999954223633,28.299999237060547,27.969999313354492,28.0846004486084,1734588
2025-05-27 17:30:00+00:00,28.309999465942383,28.489999771118164,28.110000610351562,28.19499969482422,1486745
2025-05-27 18:30:00+00:00,28.447500228881836,28.450000762939453,28.190000534057617,28.315000534057617,1236845
2025-05-27 19:30:00+00:00,28.75,28.760000228881836,28.360000610351562,28.44499969482422,2079460
2025-05-28 13:30:00+00:00,28.79800033569336,30.780000686645508,28.52039909362793,29.90999984741211,13612816
2025-05-28 14:30:00+00:00,29.680099487304688,29.864999771118164,28.719999313354492,28.795000076293945,5192004
2025-05-28 15:30:00+00:00,29.360000610351562,29.774999618530273,29.260000228881836,29.670000076293945,2371268
2025-05-28 16:30:00+00:00,29.249900817871094,29.600000381469727,29.049999237060547,29.360000610351562,1799829
2025-05-28 17:30:00+00:00,28.989999771118164,29.315000534057617,28.920000076293945,29.2450008392334,1397534
2025-05-28 18:30:00+00:00,28.881200790405273,29.1299991607666,28.725000381469727,28.993999481201172,2450997
2025-05-28 19:30:00+00:00,28.920000076293945,28.969999313354492,28.799999237060547,28.8799991607666,1774497
2025-05-29 13:30:00+00:00,28.065000534057617,30.020000457763672,27.700000762939453,29.690000534057617,7023988
2025-05-29 14:30:00+00:00,28.09000015258789,28.19499969482422,27.68000030517578,28.079999923706055,1920913
2025-05-29 15:30:00+00:00,27.78499984741211,28.165000915527344,27.440000534057617,28.100000381469727,1879858
2025-05-29 16:30:00+00:00,27.55500030517578,27.850000381469727,27.524999618530273,27.780000686645508,1008459
2025-05-29 17:30:00+00:00,27.299699783325195,27.719999313354492,27.260000228881836,27.549999237060547,1214108
2025-05-29 18:30:00+00:00,27.399999618530273,27.514999389648438,27.28499984741211,27.295000076293945,1025643
2025-05-29 19:30:00+00:00,27.350000381469727,27.649999618530273,27.329999923706055,27.399999618530273,1458704
2025-05-30 13:30:00+00:00,26.75,27.200000762939453,26.030000686645508,27.014999389648438,4394278
2025-05-30 14:30:00+00:00,26.924999237060547,27.0049991607666,26.73699951171875,26.75,1566280
2025-05-30 15:30:00+00:00,26.399999618530273,26.989999771118164,26.375,26.920000076293945,956398
2025-05-30 16:30:00+00:00,26.34000015258789,26.454999923706055,26.100000381469727,26.405000686645508,1328515
2025-05-30 17:30:00+00:00,26.610000610351562,26.68910026550293,26.329999923706055,26.349899291992188,860649
2025-05-30 18:30:00+00:00,26.764999389648438,26.788799285888672,26.5802001953125,26.614999771118164,766495
2025-05-30 19:30:00+00:00,26.774999618530273,26.950000762939453,26.719999313354492,26.770000457763672,1380938
2025-06-02 13:30:00+00:00,26.4950008392334,27.0,25.809999465942383,26.5,3158071
2025-06-02 14:30:00+00:00,26.368900299072266,26.969499588012695,25.969999313354492,26.5,1292496
2025-06-02 15:30:00+00:00,26.639999389648438,26.7549991607666,26.360000610351562,26.3700008392334,1850626
2025-06-02 16:30:00+00:00,26.56999969482422,26.7549991607666,26.469999313354492,26.6299991607666,884393
2025-06-02 17:30:00+00:00,26.635000228881836,26.68000030517578,26.479999542236328,26.575000762939453,732064
2025-06-02 18:30:00+00:00,26.598499298095703,26.674999237060547,26.524999618530273,26.639999389648438,946419
2025-06-02 19:30:00+00:00,26.600000381469727,26.610000610351562,26.469999313354492,26.594999313354492,1019642
2025-06-03 13:30:00+00:00,26.979999542236328,28.0,26.6200008392334,27.409700393676758,4701309
2025-06-03 14:30:00+00:00,26.75,27.030000686645508,26.68239974975586,26.969999313354492,1212302
2025-06-03 15:30:00+00:00,26.704999923706055,26.9950008392334,26.56999969482422,26.739999771118164,1232524
2025-06-03 16:30:00+00:00,26.782400131225586,26.850000381469727,26.59079933166504,26.699199676513672,819599
2025-06-03 17:30:00+00:00,26.739999771118164,27.135000228881836,26.469999313354492,26.790000915527344,1485088
2025-06-03 18:30:00+00:00,26.950000762939453,26.975000381469727,26.700000762939453,26.744600296020508,845146
2025-06-03 19:30:00+00:00,26.719999313354492,26.96500015258789,26.690000534057617,26.944599151611328,1174743
2025-06-04 13:30:00+00:00,26.450000762939453,27.450000762939453,26.16029930114746,26.860000610351562,3615563
2025-06-04 14:30:00+00:00,26.869800567626953,27.040000915527344,26.401199340820312,26.44499969482422,1612972
2025-06-04 15:30:00+00:00,26.752199172973633,26.969999313354492,26.649999618530273,26.8700008392334,808497
2025-06-04 16:30:00+00:00,27.190000534057617,27.350000381469727,26.760299682617188,26.764299392700195,1556868
2025-06-04 17:30:00+00:00,26.989999771118164,27.350000381469727,26.93000030517578,27.200000762939453,1410853
2025-06-04 18:30:00+00:00,26.899999618530273,27.05299949645996,26.81999969482422,26.985000610351562,1178726
2025-06-04 19:30:00+00:00,26.920000076293945,27.024999618530273,26.84000015258789,26.905000686645508,791078
2025-06-05 13:30:00+00:00,26.3700008392334,26.94809913635254,26.010000228881836,26.8799991607666,3534277
2025-06-05 14:30:00+00:00,26.88010025024414,26.959999084472656,26.209999084472656,26.389999389648438,1830159
2025-06-05 15:30:00+00:00,26.536300659179688,26.885000228881836,26.420000076293945,26.880800247192383,998439
2025-06-05 16:30:00+00:00,26.132200241088867,26.665000915527344,25.520000457763672,26.549999237060547,2772023
2025-06-05 17:30:00+00:00,25.878999710083008,26.239999771118164,25.829999923706055,26.139999389648438,1081294
2025-06-05 18:30:00+00:00,26.020000457763672,26.719999313354492,25.6299991607666,25.8700008392334,6287000
2025-06-05 19:30:00+00:00,26.454999923706055,26.65999984741211,26.030000686645508,26.030000686645508,3134675
2025-06-06 13:30:00+00:00,27.520000457763672,28.389999389648438,26.350000381469727,28.15999984741211,14530962
2025-06-06 14:30:00+00:00,28.209999084472656,28.385000228881836,27.459999084472656,27.514999389648438,4099962
2025-06-06 15:30:00+00:00,28.575000762939453,28.65999984741211,28.010000228881836,28.469999313354492,4166326
2025-06-06 16:30:00+00:00,28.454999923706055,28.75,28.18000030517578,28.56999969482422,2355507
2025-06-06 17:30:00+00:00,28.69499969482422,28.889999389648438,28.450300216674805,28.450300216674805,2195076
2025-06-06 18:30:00+00:00,28.940000534057617,28.978599548339844,28.540000915527344,28.690000534057617,2194474
2025-06-06 19:30:00+00:00,28.90999984741211,29.084999084472656,28.760000228881836,28.94499969482422,3237337
2025-06-09 13:30:00+00:00,32.244998931884766,32.70000076293945,28.354799270629883,30.014999389648438,28383045
2025-06-09 14:30:00+00:00,31.079999923706055,32.349998474121094,30.850000381469727,32.25,8589699
2025-06-09 15:30:00+00:00,31.25,31.780000686645508,31.09000015258789,31.09000015258789,4732118
2025-06-09 16:30:00+00:00,30.73699951171875,31.293899536132812,30.639999389648438,31.260000228881836,4302251
2025-06-09 17:30:00+00:00,30.09000015258789,30.8700008392334,30.040000915527344,30.739999771118164,3180581
2025-06-09 18:30:00+00:00,30.18000030517578,30.290000915527344,29.81999969482422,30.079999923706055,2858135
2025-06-09 19:30:00+00:00,29.6299991607666,30.188800811767578,29.1200008392334,30.170000076293945,6064742
2025-06-10 13:30:00+00:00,28.560800552368164,29.780000686645508,28.459999084472656,29.549999237060547,8224177
2025-06-10 14:30:00+00:00,27.729999542236328,28.746000289916992,27.59000015258789,28.559999465942383,6984986
2025-06-10 15:30:00+00:00,28.024999618530273,28.1299991607666,27.485000610351562,27.738000869750977,3184656
2025-06-10 16:30:00+00:00,27.591999053955078,28.114999771118164,27.56999969482422,28.020000457763672,1761212
2025-06-10 17:30:00+00:00,27.239999771118164,27.648799896240234,27.09000015258789,27.59000015258789,2838395
2025-06-10 18:30:00+00:00,27.341999053955078,27.479000091552734,27.09000015258789,27.235000610351562,2896728
2025-06-10 19:30:00+00:00,27.18000030517578,27.42650032043457,27.1299991607666,27.34000015258789,2736171
2025-06-11 13:30:00+00:00,27.850000381469727,28.040000915527344,27.2450008392334,27.71500015258789,6717395
2025-06-11 14:30:00+00:00,27.420000076293945,27.918899536132812,27.405000686645508,27.850000381469727,2103617
2025-06-11 15:30:00+00:00,27.145000457763672,27.559999465942383,26.889999389648438,27.409799575805664,2728167
2025-06-11 16:30:00+00:00,27.475000381469727,27.532400131225586,27.06999969482422,27.139999389648438,2218927
2025-06-11 17:30:00+00:00,27.09000015258789,27.954999923706055,26.969999313354492,27.479999542236328,2396847
2025-06-11 18:30:00+00:00,27.18000030517578,27.45989990234375,27.040000915527344,27.079999923706055,1252768
2025-06-11 19:30:00+00:00,27.360000610351562,27.549999237060547,27.16029930114746,27.18000030517578,1609464
2025-06-12 13:30:00+00:00,26.93000030517578,27.40999984741211,26.75,27.040000915527344,3496732
2025-06-12 14:30:00+00:00,26.850000381469727,27.077299118041992,26.75,26.940000534057617,1405951
2025-06-12 15:30:00+00:00,26.510000228881836,26.8700008392334,26.420000076293945,26.85460090637207,1828735
2025-06-12 16:30:00+00:00,26.530000686645508,26.719999313354492,26.31999969482422,26.5,1362057
2025-06-12 17:30:00+00:00,26.389999389648438,26.684999465942383,26.360000610351562,26.548500061035156,1162288
2025-06-12 18:30:00+00:00,26.639999389648438,26.704999923706055,26.280000686645508,26.389999389648438,1439501
2025-06-12 19:30:00+00:00,26.399999618530273,26.64080047607422,26.371200561523438,26.64080047607422,1425717
2025-06-13 13:30:00+00:00,25.739999771118164,26.509700775146484,25.469999313354492,25.649999618530273,4621396
2025-06-13 14:30:00+00:00,26.135000228881836,26.149999618530273,25.729999542236328,25.75,1889787
2025-06-13 15:30:00+00:00,26.261499404907227,26.389999389648438,26.06999969482422,26.1299991607666,1379101
2025-06-13 16:30:00+00:00,25.889999389648438,26.389999389648438,25.850000381469727,26.264999389648438,1394296
2025-06-13 17:30:00+00:00,25.594999313354492,26.020000457763672,25.540000915527344,25.8700008392334,1423711
2025-06-13 18:30:00+00:00,25.3799991607666,25.6299991607666,25.3700008392334,25.59000015258789,2057342
2025-06-13 19:30:00+00:00,25.399999618530273,25.479999542236328,25.239999771118164,25.38629913330078,1986587
2025-06-16 13:30:00+00:00,26.139999389648438,26.399999618530273,25.600000381469727,25.8700008392334,4151374
2025-06-16 14:30:00+00:00,25.860000610351562,26.2450008392334,25.799999237060547,26.148799896240234,2025445
2025-06-16 15:30:00+00:00,25.796499252319336,25.934999465942383,25.700000762939453,25.850000381469727,1492807
2025-06-16 16:30:00+00:00,25.899999618530273,25.92460060119629,25.68000030517578,25.799999237060547,1127210
2025-06-16 17:30:00+00:00,25.88129997253418,26.010000228881836,25.81999969482422,25.899999618530273,833682
2025-06-16 18:30:00+00:00,26.19879913330078,26.277999877929688,25.795000076293945,25.889999389648438,1246654
2025-06-16 19:30:00+00:00,26.56999969482422,26.579999923706055,26.1200008392334,26.200000762939453,1740348
2025-06-17 13:30:00+00:00,26.940000534057617,26.956100463867188,25.709999084472656,26.110000610351562,4253623
2025-06-17 14:30:00+00:00,26.670000076293945,27.219999313354492,26.649999618530273,26.94499969482422,2804824
2025-06-17 15:30:00+00:00,26.43120002746582,26.75,26.420000076293945,26.649999618530273,1512173
2025-06-17 16:30:00+00:00,25.924999237060547,26.479999542236328,25.920000076293945,26.424999237060547,1677820
2025-06-17 17:30:00+00:00,26.040000915527344,26.209999084472656,25.899999618530273,25.920000076293945,986118
2025-06-17 18:30:00+00:00,26.454999923706055,26.56999969482422,26.030000686645508,26.040000915527344,1244311
2025-06-17 19:30:00+00:00,26.429000854492188,26.600000381469727,26.385000228881836,26.454999923706055,1259439
2025-06-18 13:30:00+00:00,27.719999313354492,27.81999969482422,26.229999542236328,26.386999130249023,5459573
2025-06-18 14:30:00+00:00,27.350000381469727,28.065000534057617,27.2450008392334,27.71500015258789,3155846
2025-06-18 15:30:00+00:00,27.049999237060547,27.350000381469727,26.809999465942383,27.322399139404297,1508616
2025-06-18 16:30:00+00:00,27.441099166870117,27.647600173950195,26.989999771118164,27.049999237060547,1407022
2025-06-18 17:30:00+00:00,27.639999389648438,27.729900360107422,27.420000076293945,27.440000534057617,1754652
2025-06-18 18:30:00+00:00,27.579999923706055,27.779199600219727,27.1299991607666,27.639999389648438,2201577
2025-06-18 19:30:00+00:00,27.860000610351562,27.8700008392334,27.545000076293945,27.575000762939453,2016900
2025-06-20 13:30:00+00:00,28.969999313354492,29.440000534057617,27.84000015258789,28.354999542236328,9617933
2025-06-20 14:30:00+00:00,29.3799991607666,29.48940086364746,28.729999542236328,28.969999313354492,4686705
2025-06-20 15:30:00+00:00,29.597200393676758,30.104999542236328,29.353599548339844,29.3799991607666,5123088
2025-06-20 16:30:00+00:00,29.04330062866211,30.0049991607666,28.959999084472656,29.59000015258789,2977708
2025-06-20 17:30:00+00:00,29.609800338745117,29.690000534057617,28.825000762939453,29.040000915527344,2650268
2025-06-20 18:30:00+00:00,29.7549991607666,29.969900131225586,29.56999969482422,29.600000381469727,3211734
2025-06-20 19:30:00+00:00,30.049999237060547,30.110000610351562,29.725000381469727,29.759000778198242,3613449
2025-06-23 13:30:00+00:00,31.594999313354492,32.599998474121094,28.440000534057617,28.924999237060547,16439313
2025-06-23 14:30:00+00:00,32.06010055541992,32.34000015258789,31.435699462890625,31.620399475097656,5847401
2025-06-23 15:30:00+00:00,30.825000762939453,32.11000061035156,30.780000686645508,31.961999893188477,4473649
2025-06-23 16:30:00+00:00,31.868999481201172,31.899999618530273,30.28499984741211,30.81999969482422,4381997
2025-06-23 17:30:00+00:00,32.029998779296875,32.65999984741211,31.799999237060547,31.889999389648438,4574035
2025-06-23 18:30:00+00:00,32.599998474121094,32.650001525878906,32.0,32.040000915527344,2250484
2025-06-23 19:30:00+00:00,32.77000045776367,32.93000030517578,32.5099983215332,32.595001220703125,4325503
2025-06-24 13:30:00+00:00,32.720001220703125,33.900001525878906,32.43000030517578,33.119998931884766,10225003
2025-06-24 14:30:00+00:00,33.29999923706055,33.54690170288086,32.709999084472656,32.720001220703125,3332402
2025-06-24 15:30:00+00:00,33.32500076293945,33.64469909667969,33.28499984741211,33.29499816894531,2529346
2025-06-24 16:30:00+00:00,33.292301177978516,33.51539993286133,33.150001525878906,33.314998626708984,1700713
2025-06-24 17:30:00+00:00,33.81999969482422,33.93000030517578,33.209999084472656,33.29499816894531,2285334
2025-06-24 18:30:00+00:00,34.010101318359375,34.209999084472656,33.79059982299805,33.84000015258789,3199757
2025-06-24 19:30:00+00:00,33.439998626708984,34.22880172729492,33.060001373291016,34.01449966430664,3948836
2025-06-25 13:30:00+00:00,33.6349983215332,34.5,33.38999938964844,34.060001373291016,6366224
2025-06-25 14:30:00+00:00,33.939998626708984,34.13079833984375,33.415000915527344,33.66999816894531,2421105
2025-06-25 15:30:00+00:00,33.334999084472656,34.0,33.310001373291016,33.970001220703125,1856761
2025-06-25 16:30:00+00:00,32.49769973754883,33.47999954223633,32.27000045776367,33.349998474121094,4607761
2025-06-25 17:30:00+00:00,32.95000076293945,32.985198974609375,32.15999984741211,32.4900016784668,2110593
2025-06-25 18:30:00+00:00,32.119998931884766,32.959999084472656,32.060001373291016,32.959999084472656,2055001
2025-06-25 19:30:00+00:00,32.369998931884766,32.40999984741211,31.780000686645508,32.119998931884766,2657093
2025-06-26 13:30:00+00:00,36.82899856567383,37.27000045776367,32.459999084472656,32.49250030517578,17974150
2025-06-26 14:30:00+00:00,35.16999816894531,36.85499954223633,35.0099983215332,36.84000015258789,6151260
2025-06-26 15:30:00+00:00,36.095001220703125,36.31999969482422,34.81999969482422,35.16999816894531,3910858
2025-06-26 16:30:00+00:00,35.90999984741211,36.115501403808594,35.36000061035156,36.10499954223633,3759137
2025-06-26 17:30:00+00:00,36.11000061035156,36.439998626708984,35.77000045776367,35.91809844970703,2747349
2025-06-26 18:30:00+00:00,36.19499969482422,36.349998474121094,35.70500183105469,36.11000061035156,2566825
2025-06-26 19:30:00+00:00,36.125,36.4900016784668,36.0099983215332,36.19499969482422,3136910
2025-06-27 13:30:00+00:00,36.8849983215332,37.650001525878906,35.869998931884766,36.64500045776367,9575671
2025-06-27 14:30:00+00:00,36.658599853515625,37.0099983215332,36.254600524902344,36.88679885864258,2512290
2025-06-27 15:30:00+00:00,36.649898529052734,36.869998931884766,36.26499938964844,36.654998779296875,1903143
2025-06-27 16:30:00+00:00,36.29930114746094,36.778900146484375,36.15999984741211,36.6349983215332,1748120
2025-06-27 17:30:00+00:00,35.595401763916016,36.30500030517578,35.58000183105469,36.29499816894531,2746765
2025-06-27 18:30:00+00:00,35.40999984741211,35.720001220703125,34.83000183105469,35.584999084472656,4177704
2025-06-27 19:30:00+00:00,35.400001525878906,35.828800201416016,35.11000061035156,35.415000915527344,4227914
2025-06-30 13:30:00+00:00,35.525001525878906,37.95000076293945,35.459999084472656,36.53499984741211,6852100
2025-06-30 14:30:00+00:00,36.095001220703125,36.2599983215332,35.41999816894531,35.52000045776367,2321662
2025-06-30 15:30:00+00:00,36.40999984741211,36.43000030517578,35.9900016784668,36.08919906616211,1320697
2025-06-30 16:30:00+00:00,36.060001373291016,36.59000015258789,35.92409896850586,36.40999984741211,1598730
2025-06-30 17:30:00+00:00,35.97999954223633,36.21799850463867,35.720001220703125,36.06999969482422,1187808
2025-06-30 18:30:00+00:00,35.92499923706055,36.189998626708984,35.7400016784668,35.97999954223633,1059620
2025-06-30 19:30:00+00:00,35.7400016784668,36.02989959716797,35.720001220703125,35.92499923706055,1581766
2025-07-01 13:30:00+00:00,35.935001373291016,38.22999954223633,35.849998474121094,37.01499938964844,11463538
2025-07-01 14:30:00+00:00,35.04499816894531,36.36000061035156,34.709999084472656,35.93000030517578,4722021
2025-07-01 15:30:00+00:00,34.79999923706055,35.109901428222656,34.29999923706055,35.02000045776367,2780305
2025-07-01 16:30:00+00:00,34.77000045776367,35.27000045776367,34.75,34.79999923706055,1559929
2025-07-01 17:30:00+00:00,34.32500076293945,35.06999969482422,34.29999923706055,34.77000045776367,995090
2025-07-01 18:30:00+00:00,34.225399017333984,34.65999984741211,33.880001068115234,34.31999969482422,2133267
2025-07-01 19:30:00+00:00,34.310001373291016,34.39500045776367,34.0099983215332,34.22999954223633,1728871
2025-07-02 13:30:00+00:00,35.310001373291016,35.38999938964844,33.72999954223633,34.404998779296875,4033067
2025-07-02 14:30:00+00:00,34.81999969482422,35.720001220703125,34.77000045776367,35.290000915527344,2949652
2025-07-02 15:30:00+00:00,35.08919906616211,35.130001068115234,34.5,34.81999969482422,1373921
2025-07-02 16:30:00+00:00,35.23500061035156,35.599998474121094,35.0802001953125,35.0974006652832,1182431
2025-07-02 17:30:00+00:00,35.33000183105469,35.54999923706055,35.0099983215332,35.237998962402344,949056
2025-07-02 18:30:00+00:00,35.667999267578125,35.667999267578125,35.08000183105469,35.33980178833008,1247098
2025-07-02 19:30:00+00:00,35.689998626708984,35.790000915527344,35.494998931884766,35.65999984741211,1447100
2025-07-03 13:30:00+00:00,35.529998779296875,36.209999084472656,35.290000915527344,35.76499938964844,3243387
2025-07-03 14:30:00+00:00,35.720001220703125,35.81999969482422,35.25,35.540000915527344,1264633
2025-07-03 15:30:00+00:00,35.36000061035156,35.814998626708984,35.310001373291016,35.709999084472656,1402379
2025-07-07 13:30:00+00:00,36.724998474121094,37.72999954223633,35.61000061035156,36.97999954223633,9108921
2025-07-07 14:30:00+00:00,37.82500076293945,37.880001068115234,36.56999969482422,36.71540069580078,5091407
2025-07-07 15:30:00+00:00,37.59989929199219,38.15999984741211,37.040000915527344,37.81999969482422,5015199
2025-07-07 16:30:00+00:00,38.0,38.2599983215332,37.26100158691406,37.61000061035156,4111729
2025-07-07 17:30:00+00:00,37.68790054321289,38.7400016784668,37.625,38.02989959716797,3806645
2025-07-07 18:30:00+00:00,38.415000915527344,38.560001373291016,37.61000061035156,37.68000030517578,2875744
2025-07-07 19:30:00+00:00,38.86000061035156,39.060001373291016,38.38999938964844,38.43000030517578,4136983
2025-07-08 13:30:00+00:00,38.55500030517578,39.09159851074219,38.140098571777344,38.4900016784668,6836829
2025-07-08 14:30:00+00:00,38.50400161743164,38.70000076293945,37.9900016784668,38.55500030517578,3337156
2025-07-08 15:30:00+00:00,39.47999954223633,39.619998931884766,38.5,38.5,3330342
2025-07-08 16:30:00+00:00,39.77000045776367,39.939998626708984,38.90449905395508,39.47999954223633,2644035
2025-07-08 17:30:00+00:00,38.65999984741211,39.869998931884766,38.5,39.75,2653855
2025-07-08 18:30:00+00:00,38.595001220703125,39.119998931884766,38.400001525878906,38.654998779296875,2744816
2025-07-08 19:30:00+00:00,38.70000076293945,38.845001220703125,38.36000061035156,38.59000015258789,1593089
2025-07-09 13:30:00+00:00,38.13399887084961,39.41999816894531,38.04999923706055,38.540000915527344,4568216
2025-07-09 14:30:00+00:00,38.464500427246094,38.58000183105469,37.77000045776367,38.150001525878906,3301441
2025-07-09 15:30:00+00:00,38.38999938964844,38.575199127197266,38.099998474121094,38.492698669433594,1218172
2025-07-09 16:30:00+00:00,38.355499267578125,38.64500045776367,38.189998626708984,38.38949966430664,1131491
2025-07-09 17:30:00+00:00,38.47999954223633,38.533199310302734,37.95100021362305,38.36000061035156,1344213
2025-07-09 18:30:00+00:00,38.685001373291016,38.880001068115234,38.38999938964844,38.45000076293945,1457434
2025-07-09 19:30:00+00:00,39.15999984741211,39.15999984741211,38.66999816894531,38.66999816894531,2152874
2025-07-10 13:30:00+00:00,38.48500061035156,39.59000015258789,38.130001068115234,39.189998626708984,4006325
2025-07-10 14:30:00+00:00,38.869998931884766,39.15999984741211,38.400001525878906,38.459999084472656,2141059
2025-07-10 15:30:00+00:00,39.43000030517578,39.63999938964844,38.83000183105469,38.86000061035156,2014816
2025-07-10 16:30:00+00:00,39.08000183105469,39.6172981262207,39.0,39.45000076293945,1164893
2025-07-10 17:30:00+00:00,39.04999923706055,39.220001220703125,38.709999084472656,39.099998474121094,1328688
2025-07-10 18:30:00+00:00,39.06999969482422,39.34000015258789,39.0,39.060001373291016,1404608
2025-07-10 19:30:00+00:00,39.099998474121094,39.325199127197266,39.0,39.08000183105469,988446
2025-07-11 13:30:00+00:00,39.279998779296875,40.29999923706055,38.79999923706055,38.869998931884766,4668539
2025-07-11 14:30:00+00:00,39.0900993347168,39.29999923706055,38.599998474121094,39.279998779296875,2366460
2025-07-11 15:30:00+00:00,39.61000061035156,39.630001068115234,38.86909866333008,39.099998474121094,1767045
2025-07-11 16:30:00+00:00,39.989601135253906,40.13999938964844,39.314998626708984,39.599998474121094,1556554
2025-07-11 17:30:00+00:00,39.5099983215332,40.099998474121094,39.400001525878906,39.9900016784668,1453857
2025-07-11 18:30:00+00:00,39.369998931884766,39.785499572753906,38.939998626708984,39.529998779296875,1764188
2025-07-11 19:30:00+00:00,39.029998779296875,39.38999938964844,38.939998626708984,39.36000061035156,1733209
2025-07-14 13:30:00+00:00,42.340999603271484,42.58000183105469,38.77000045776367,39.25,8526550
2025-07-14 14:30:00+00:00,42.28499984741211,42.869998931884766,42.09000015258789,42.31999969482422,5424119
2025-07-14 15:30:00+00:00,41.689998626708984,42.436100006103516,41.540000915527344,42.29999923706055,3460314
2025-07-14 16:30:00+00:00,42.299598693847656,42.46070098876953,41.2400016784668,41.70000076293945,3025339
2025-07-14 17:30:00+00:00,42.060001373291016,42.36000061035156,41.380001068115234,42.29499816894531,2019073
2025-07-14 18:30:00+00:00,42.58000183105469,42.66999816894531,41.911399841308594,42.060001373291016,1927624
2025-07-14 19:30:00+00:00,43.220001220703125,43.470001220703125,42.560001373291016,42.56999969482422,3457224
2025-07-15 13:30:00+00:00,44.2599983215332,44.47999954223633,42.82059860229492,43.27000045776367,8965065
2025-07-15 14:30:00+00:00,44.775001525878906,45.25,44.189998626708984,44.27000045776367,5212940
2025-07-15 15:30:00+00:00,45.20000076293945,45.47999954223633,44.52000045776367,44.77439880371094,4143611
2025-07-15 16:30:00+00:00,45.09000015258789,45.400001525878906,44.66999816894531,45.189998626708984,2977215
2025-07-15 17:30:00+00:00,44.56999969482422,45.21080017089844,44.41999816894531,45.099998474121094,2479571
2025-07-15 18:30:00+00:00,44.36000061035156,44.77000045776367,44.0099983215332,44.59000015258789,2850069
2025-07-15 19:30:00+00:00,44.599998474121094,45.08000183105469,44.345001220703125,44.380001068115234,2121302
2025-07-16 13:30:00+00:00,45.849998474121094,46.540000915527344,44.93000030517578,45.52000045776367,7873625
2025-07-16 14:30:00+00:00,45.66999816894531,46.220001220703125,45.369998931884766,45.849998474121094,3333731
2025-07-16 15:30:00+00:00,46.7599983215332,46.849998474121094,44.86000061035156,45.66999816894531,4063923
2025-07-16 16:30:00+00:00,47.209999084472656,47.380001068115234,46.70009994506836,46.75,2689354
2025-07-16 17:30:00+00:00,47.33000183105469,47.38999938964844,46.90999984741211,47.20000076293945,1802636
2025-07-16 18:30:00+00:00,47.7400016784668,47.95000076293945,47.220001220703125,47.33000183105469,2744791
2025-07-16 19:30:00+00:00,47.689998626708984,48.069000244140625,47.540000915527344,47.74039840698242,3248138
2025-07-17 13:30:00+00:00,51.33000183105469,51.970001220703125,48.599998474121094,48.650001525878906,16263098
2025-07-17 14:30:00+00:00,52.619998931884766,52.7400016784668,50.70970153808594,51.345298767089844,6725123
2025-07-17 15:30:00+00:00,52.59479904174805,53.439998626708984,52.12300109863281,52.6150016784668,7091887
2025-07-17 16:30:00+00:00,53.060001373291016,53.40999984741211,52.439998626708984,52.6150016784668,3539169
2025-07-17 17:30:00+00:00,52.45000076293945,53.18000030517578,52.11000061035156,53.02640151977539,3232226
2025-07-17 18:30:00+00:00,51.310001373291016,52.70000076293945,51.20000076293945,52.439998626708984,4072696
2025-07-17 19:30:00+00:00,51.33000183105469,51.41999816894531,50.599998474121094,51.327999114990234,4170357
2025-07-18 13:30:00+00:00,49.7599983215332,50.70000076293945,47.90999984741211,50.64500045776367,13893561
2025-07-18 14:30:00+00:00,49.47999954223633,49.974998474121094,48.834999084472656,49.73500061035156,3687512
2025-07-18 15:30:00+00:00,50.255001068115234,50.45000076293945,49.5,49.5,3112009
2025-07-18 16:30:00+00:00,50.54999923706055,50.88959884643555,50.0099983215332,50.25,2021169
2025-07-18 17:30:00+00:00,50.8650016784668,51.290000915527344,50.29999923706055,50.56999969482422,2665315
2025-07-18 18:30:00+00:00,51.72800064086914,51.84989929199219,50.8650016784668,50.8650016784668,2421569
2025-07-18 19:30:00+00:00,51.41999816894531,51.790000915527344,51.025001525878906,51.720001220703125,2276763
2025-07-21 13:30:00+00:00,49.79499816894531,51.58000183105469,49.145999908447266,49.96200180053711,8395425
2025-07-21 14:30:00+00:00,49.51409912109375,50.939998626708984,49.439998626708984,49.790000915527344,3356017
2025-07-21 15:30:00+00:00,47.8046989440918,49.81999969482422,47.040000915527344,49.540000915527344,6640043
2025-07-21 16:30:00+00:00,48.29999923706055,48.5989990234375,47.72999954223633,47.79999923706055,2544419
2025-07-21 17:30:00+00:00,47.970001220703125,48.43000030517578,47.81650161743164,48.29999923706055,1560619
2025-07-21 18:30:00+00:00,47.244998931884766,47.9900016784668,47.060001373291016,47.96500015258789,2919435
2025-07-21 19:30:00+00:00,47.15999984741211,47.334999084472656,46.849998474121094,47.2599983215332,2597479
2025-07-22 13:30:00+00:00,45.5099983215332,47.869998931884766,44.459999084472656,45.814998626708984,9383510
2025-07-22 14:30:00+00:00,46.459999084472656,46.84000015258789,45.43000030517578,45.51499938964844,3835557
2025-07-22 15:30:00+00:00,45.79819869995117,47.08000183105469,45.689998626708984,46.470001220703125,2715050
2025-07-22 16:30:00+00:00,46.215999603271484,46.220001220703125,45.510101318359375,45.779998779296875,1589358
2025-07-22 17:30:00+00:00,46.23500061035156,46.59000015258789,45.86009979248047,46.207000732421875,1355676
2025-07-22 18:30:00+00:00,47.178199768066406,47.38999938964844,46.19499969482422,46.22999954223633,2616931
2025-07-22 19:30:00+00:00,46.86000061035156,47.45000076293945,46.83000183105469,47.150001525878906,1707025
2025-07-23 13:30:00+00:00,48.310001373291016,49.25,47.470001220703125,47.619998931884766,6152716
2025-07-23 14:30:00+00:00,48.20000076293945,48.63999938964844,47.84000015258789,48.32500076293945,2062993
2025-07-23 15:30:00+00:00,47.7599983215332,48.53350067138672,47.709999084472656,48.220001220703125,1360323
2025-07-23 16:30:00+00:00,47.1697998046875,48.0099983215332,47.06999969482422,47.775001525878906,1237721
2025-07-23 17:30:00+00:00,47.832298278808594,48.22999954223633,46.93000030517578,47.15010070800781,1799763
2025-07-23 18:30:00+00:00,48.889198303222656,49.27399826049805,47.7401008605957,47.79999923706055,2795931
2025-07-23 19:30:00+00:00,49.16999816894531,49.27000045776367,48.81999969482422,48.905601501464844,1596241
2025-07-24 13:30:00+00:00,48.2599983215332,49.619998931884766,47.9369010925293,49.345001220703125,3908689
2025-07-24 14:30:00+00:00,48.630001068115234,48.900001525878906,47.7400016784668,48.22999954223633,2060356
2025-07-24 15:30:00+00:00,47.46989822387695,48.65999984741211,47.31999969482422,48.630001068115234,1473273
2025-07-24 16:30:00+00:00,47.6150016784668,48.08000183105469,47.31999969482422,47.459999084472656,1452202
2025-07-24 17:30:00+00:00,47.98500061035156,48.11000061035156,47.56010055541992,47.62350082397461,873445
2025-07-24 18:30:00+00:00,48.150001525878906,48.279998779296875,47.80009841918945,47.984798431396484,883329
2025-07-24 19:30:00+00:00,48.130001068115234,48.27000045776367,47.834999084472656,48.150001525878906,1230012
2025-07-25 13:30:00+00:00,47.24869918823242,47.900001525878906,46.45000076293945,47.900001525878906,3941427
2025-07-25 14:30:00+00:00,47.15650177001953,47.380001068115234,46.72999954223633,47.2400016784668,2290139
2025-07-25 15:30:00+00:00,47.20500183105469,47.43000030517578,46.630001068115234,47.14500045776367,1831974
2025-07-25 16:30:00+00:00,47.01499938964844,47.220001220703125,46.95000076293945,47.19940185546875,729936
2025-07-25 17:30:00+00:00,47.04999923706055,47.189998626708984,46.709999084472656,47.0099983215332,1232874
2025-07-25 18:30:00+00:00,47.8827018737793,48.22999954223633,47.060001373291016,47.060001373291016,2365453
2025-07-25 19:30:00+00:00,47.415000915527344,48.119998931884766,47.369998931884766,47.88999938964844,1489093
2025-07-28 13:30:00+00:00,45.29999923706055,48.165000915527344,44.88010025024414,47.95500183105469,7152435
2025-07-28 14:30:00+00:00,45.189998626708984,45.7400016784668,45.0,45.30659866333008,2851999
2025-07-28 15:30:00+00:00,44.5099983215332,45.279998779296875,44.41999816894531,45.189998626708984,3089094
2025-07-28 16:30:00+00:00,44.66999816894531,44.81999969482422,44.40999984741211,44.504798889160156,1534539
2025-07-28 17:30:00+00:00,44.709999084472656,45.12730026245117,44.66889953613281,44.66889953613281,1569631
2025-07-28 18:30:00+00:00,44.59000015258789,44.91999816894531,44.5,44.70970153808594,1357655
2025-07-28 19:30:00+00:00,45.119998931884766,45.130001068115234,44.44499969482422,44.584999084472656,1931721
2025-07-29 13:30:00+00:00,44.209999084472656,45.5,44.1619987487793,45.40999984741211,3413802
2025-07-29 14:30:00+00:00,43.18939971923828,44.489898681640625,43.150001525878906,44.20000076293945,3000105
2025-07-29 15:30:00+00:00,43.404998779296875,43.54999923706055,42.83000183105469,43.18000030517578,2656218
2025-07-29 16:30:00+00:00,44.09400177001953,44.22990036010742,43.369998931884766,43.40760040283203,1463714
2025-07-29 17:30:00+00:00,43.91999816894531,44.380001068115234,43.81999969482422,44.06669998168945,1227946
2025-07-29 18:30:00+00:00,43.939998626708984,44.209999084472656,43.77000045776367,43.92300033569336,920871
2025-07-29 19:30:00+00:00,43.790000915527344,43.96989822387695,43.54999923706055,43.93000030517578,1155496
2025-07-30 13:30:00+00:00,45.209999084472656,45.35499954223633,43.36000061035156,43.8849983215332,3767103
2025-07-30 14:30:00+00:00,45.71500015258789,46.08000183105469,45.21500015258789,45.24800109863281,2706831
2025-07-30 15:30:00+00:00,45.98500061035156,46.16999816894531,45.56999969482422,45.71500015258789,1544326
2025-07-30 16:30:00+00:00,45.974998474121094,46.150001525878906,45.67499923706055,45.98500061035156,1266460
2025-07-30 17:30:00+00:00,46.2599983215332,46.419898986816406,45.54999923706055,45.970001220703125,2150034
2025-07-30 18:30:00+00:00,45.80939865112305,46.400001525878906,45.09000015258789,46.26499938964844,2462763
2025-07-30 19:30:00+00:00,46.46500015258789,46.560001373291016,45.779998779296875,45.78499984741211,1853975
2025-07-31 13:30:00+00:00,47.101200103759766,47.380001068115234,46.02000045776367,46.36199951171875,3712276
2025-07-31 14:30:00+00:00,46.755001068115234,47.400001525878906,46.5099983215332,47.099998474121094,1955690
2025-07-31 15:30:00+00:00,47.29499816894531,47.589900970458984,46.63999938964844,46.76499938964844,1329302
2025-07-31 16:30:00+00:00,46.849998474121094,47.720001220703125,46.779998779296875,47.310001373291016,1004416
2025-07-31 17:30:00+00:00,45.810001373291016,47.06999969482422,45.43000030517578,46.86000061035156,2064625
2025-07-31 18:30:00+00:00,46.005001068115234,46.32500076293945,45.79999923706055,45.81119918823242,1183818
2025-07-31 19:30:00+00:00,45.93000030517578,46.15999984741211,45.61859893798828,46.040000915527344,1075629
2025-08-01 13:30:00+00:00,45.125,45.147701263427734,42.314998626708984,43.209999084472656,7358120
2025-08-01 14:30:00+00:00,44.900001525878906,45.529998779296875,44.68000030517578,45.13999938964844,2073165
2025-08-01 15:30:00+00:00,46.082000732421875,46.16999816894531,44.83000183105469,44.88999938964844,1707986
2025-08-01 16:30:00+00:00,45.11249923706055,46.150001525878906,45.04999923706055,46.060001373291016,1431362
2025-08-01 17:30:00+00:00,45.189998626708984,45.339900970458984,44.5900993347168,45.119998931884766,1429277
2025-08-01 18:30:00+00:00,45.25,45.459999084472656,44.66999816894531,45.185001373291016,1011755
2025-08-01 19:30:00+00:00,44.79999923706055,45.329898834228516,44.724998474121094,45.25,1073792
2025-08-04 13:30:00+00:00,44.415000915527344,45.78990173339844,44.349998474121094,45.099998474121094,2834249
2025-08-04 14:30:00+00:00,44.45000076293945,44.58000183105469,44.070098876953125,44.41999816894531,1345600
2025-08-04 15:30:00+00:00,44.939998626708984,45.029998779296875,44.31999969482422,44.45500183105469,1018100
2025-08-04 16:30:00+00:00,45.02560043334961,45.25,44.869998931884766,44.95000076293945,1067418
2025-08-04 17:30:00+00:00,44.91999816894531,45.2400016784668,44.779998779296875,45.040000915527344,1236483
2025-08-04 18:30:00+00:00,44.709999084472656,45.0,44.369998931884766,44.91999816894531,1001641
2025-08-04 19:30:00+00:00,44.529998779296875,44.869998931884766,44.439998626708984,44.720001220703125,1129745
2025-08-05 13:30:00+00:00,44.5099983215332,45.369998931884766,44.31999969482422,45.119998931884766,3113595
2025-08-05 14:30:00+00:00,43.4900016784668,44.54990005493164,43.27009963989258,44.54990005493164,2303988
2025-08-05 15:30:00+00:00,43.869998931884766,43.96699905395508,43.130001068115234,43.48500061035156,1246902
2025-08-05 16:30:00+00:00,44.08000183105469,44.15999984741211,43.63999938964844,43.869998931884766,815664
2025-08-05 17:30:00+00:00,43.90999984741211,44.599998474121094,43.850101470947266,44.09000015258789,794394
2025-08-05 18:30:00+00:00,44.55500030517578,44.560001373291016,43.79999923706055,43.900001525878906,803692
2025-08-05 19:30:00+00:00,44.7599983215332,44.76499938964844,44.440101623535156,44.55500030517578,1127571
2025-08-06 13:30:00+00:00,44.22999954223633,45.099998474121094,43.8400993347168,44.709999084472656,2333897
2025-08-06 14:30:00+00:00,44.107601165771484,44.290000915527344,43.66999816894531,44.22999954223633,1137536
2025-08-06 15:30:00+00:00,44.099998474121094,44.349998474121094,43.87009811401367,44.104000091552734,650997
2025-08-06 16:30:00+00:00,43.94499969482422,44.11000061035156,43.80609893798828,44.11000061035156,623532
2025-08-06 17:30:00+00:00,43.96030044555664,44.25,43.77000045776367,43.939998626708984,659308
2025-08-06 18:30:00+00:00,44.439998626708984,44.582801818847656,43.8754997253418,43.95000076293945,838143
2025-08-06 19:30:00+00:00,44.08000183105469,44.540000915527344,44.029998779296875,44.439998626708984,861187
2025-08-07 13:30:00+00:00,44.29999923706055,44.58000183105469,43.34000015258789,44.185001373291016,3230621
2025-08-07 14:30:00+00:00,43.65999984741211,44.470001220703125,43.52000045776367,44.31159973144531,1726835
2025-08-07 15:30:00+00:00,43.790000915527344,43.95000076293945,43.540000915527344,43.659400939941406,1488210
2025-08-07 16:30:00+00:00,43.904998779296875,44.45000076293945,43.099998474121094,43.78499984741211,2839600
2025-08-07 17:30:00+00:00,43.37350082397461,44.38999938964844,43.25,43.900001525878906,3845682
2025-08-07 18:30:00+00:00,44.05500030517578,44.279998779296875,43.290000915527344,43.369998931884766,2270675
2025-08-07 19:30:00+00:00,44.22999954223633,44.31999969482422,44.054298400878906,44.05500030517578,1752263
2025-08-08 13:30:00+00:00,43.88999938964844,49.91999816894531,43.5,47.5,18062953
2025-08-08 14:30:00+00:00,44.630001068115234,45.059600830078125,43.54999923706055,43.87710189819336,4968514
2025-08-08 15:30:00+00:00,45.8202018737793,45.88999938964844,44.5099983215332,44.62110137939453,4205160
2025-08-08 16:30:00+00:00,45.890098571777344,46.619998931884766,45.04999923706055,45.83000183105469,4165725
2025-08-08 17:30:00+00:00,44.974998474121094,46.47999954223633,44.630001068115234,45.89400100708008,2698404
2025-08-08 18:30:00+00:00,44.689998626708984,45.58000183105469,44.470001220703125,44.970001220703125,1994522
2025-08-08 19:30:00+00:00,44.65999984741211,45.099998474121094,44.20000076293945,44.689998626708984,2114498
2025-08-11 13:30:00+00:00,43.540000915527344,45.880001068115234,41.505001068115234,44.650001525878906,9398660
2025-08-11 14:30:00+00:00,43.33000183105469,43.79999923706055,42.86040115356445,43.4900016784668,3456782
2025-08-11 15:30:00+00:00,44.20069885253906,44.70000076293945,43.18009948730469,43.31800079345703,2916887
2025-08-11 16:30:00+00:00,45.70000076293945,45.79999923706055,43.849998474121094,44.23500061035156,3042819
2025-08-11 17:30:00+00:00,45.06999969482422,46.099998474121094,44.54999923706055,45.72999954223633,2218661
2025-08-11 18:30:00+00:00,45.060001373291016,45.54999923706055,44.939998626708984,45.09000015258789,1774602
2025-08-11 19:30:00+00:00,45.04899978637695,45.25,44.77000045776367,45.060001373291016,1590811
2025-08-12 13:30:00+00:00,44.36000061035156,47.27000045776367,44.040000915527344,45.349998474121094,7028835
2025-08-12 14:30:00+00:00,44.41999816894531,44.974998474121094,43.97119903564453,44.369998931884766,2966634
2025-08-12 15:30:00+00:00,44.02000045776367,44.720001220703125,43.72010040283203,44.38999938964844,2080334
2025-08-12 16:30:00+00:00,43.78499984741211,44.22999954223633,43.720001220703125,44.025001525878906,1414823
2025-08-12 17:30:00+00:00,43.72919845581055,44.369998931884766,43.599998474121094,43.79999923706055,3501775
2025-08-12 18:30:00+00:00,43.650001525878906,43.91999816894531,43.52050018310547,43.7400016784668,1238188
2025-08-12 19:30:00+00:00,43.42879867553711,43.880001068115234,43.41999816894531,43.659698486328125,1840218
2025-08-13 13:30:00+00:00,42.889400482177734,44.70000076293945,42.709999084472656,43.97999954223633,4722059
2025-08-13 14:30:00+00:00,43.06999969482422,43.36000061035156,42.70000076293945,42.8849983215332,2011942
2025-08-13 15:30:00+00:00,42.81999969482422,43.47999954223633,42.79499816894531,43.05500030517578,1684983
2025-08-13 16:30:00+00:00,43.2400016784668,43.279998779296875,42.439998626708984,42.81999969482422,1473056
2025-08-13 17:30:00+00:00,42.8650016784668,43.45000076293945,42.79999923706055,43.25,1010199
2025-08-13 18:30:00+00:00,42.93000030517578,43.0,42.5099983215332,42.880001068115234,1604812
2025-08-13 19:30:00+00:00,43.0099983215332,43.05500030517578,42.70000076293945,42.939998626708984,1160672
2025-08-14 13:30:00+00:00,44.709999084472656,45.689998626708984,42.0099983215332,42.70500183105469,8271913
2025-08-14 14:30:00+00:00,43.349998474121094,45.0,43.209999084472656,44.720001220703125,2210376
2025-08-14 15:30:00+00:00,42.560001373291016,43.459999084472656,42.209999084472656,43.36199951171875,2701891
2025-08-14 16:30:00+00:00,42.810001373291016,43.279998779296875,42.560001373291016,42.56999969482422,1538687
2025-08-14 17:30:00+00:00,42.7400016784668,42.90999984741211,42.599998474121094,42.79999923706055,909587
2025-08-14 18:30:00+00:00,42.970001220703125,43.149898529052734,42.65999984741211,42.75,1214939
2025-08-14 19:30:00+00:00,42.810001373291016,43.130001068115234,42.77000045776367,42.970001220703125,1123559
2025-08-15 13:30:00+00:00,42.900001525878906,43.060001373291016,41.75,42.90999984741211,3273793
2025-08-15 14:30:00+00:00,43.52000045776367,43.62900161743164,42.810001373291016,42.903499603271484,1805918
2025-08-15 15:30:00+00:00,44.14860153198242,44.189998626708984,43.5,43.5,1885580
2025-08-15 16:30:00+00:00,44.25,44.75,43.810001373291016,44.15409851074219,2082261
2025-08-15 17:30:00+00:00,44.779998779296875,44.880001068115234,43.970001220703125,44.26499938964844,1975144
2025-08-15 18:30:00+00:00,44.775001525878906,44.810001373291016,44.380001068115234,44.790000915527344,1170061
2025-08-15 19:30:00+00:00,44.290000915527344,44.834999084472656,44.20009994506836,44.790000915527344,1326108
2025-08-18 13:30:00+00:00,45.72999954223633,45.959999084472656,44.029998779296875,44.310001373291016,5826418
2025-08-18 14:30:00+00:00,46.769901275634766,47.08000183105469,45.62900161743164,45.68000030517578,4992969
2025-08-18 15:30:00+00:00,46.25,46.95349884033203,46.22999954223633,46.75,1765694
2025-08-18 16:30:00+00:00,45.687599182128906,46.45000076293945,45.459999084472656,46.275001525878906,1834009
2025-08-18 17:30:00+00:00,45.15999984741211,45.777099609375,44.64500045776367,45.689998626708984,2629426
2025-08-18 18:30:00+00:00,45.23400115966797,45.529998779296875,45.099998474121094,45.15999984741211,1612898
2025-08-18 19:30:00+00:00,44.95000076293945,45.2599983215332,44.900001525878906,45.2400016784668,1390631
2025-08-19 13:30:00+00:00,42.15999984741211,45.15999984741211,42.119998931884766,45.099998474121094,8824739
2025-08-19 14:30:00+00:00,41.9900016784668,42.43000030517578,41.650001525878906,42.15420150756836,3577967
2025-08-19 15:30:00+00:00,41.779998779296875,42.310001373291016,41.56999969482422,41.959999084472656,2228093
2025-08-19 16:30:00+00:00,41.279998779296875,41.880001068115234,40.900001525878906,41.790000915527344,2637171
2025-08-19 17:30:00+00:00,41.415000915527344,41.56800079345703,41.2400016784668,41.279998779296875,1216171
2025-08-19 18:30:00+00:00,41.113800048828125,41.459999084472656,41.0,41.41889953613281,1497959
2025-08-19 19:30:00+00:00,40.90999984741211,41.220001220703125,40.90999984741211,41.119998931884766,1862111
2025-08-20 13:30:00+00:00,38.63999938964844,40.86000061035156,38.380001068115234,40.22999954223633,8185347
2025-08-20 14:30:00+00:00,39.709999084472656,39.7244987487793,38.2599983215332,38.638999938964844,3103616
2025-08-20 15:30:00+00:00,40.10499954223633,40.130001068115234,39.220001220703125,39.709999084472656,2338548
2025-08-20 16:30:00+00:00,40.0099983215332,40.109901428222656,39.720001220703125,40.10070037841797,1290131
2025-08-20 17:30:00+00:00,39.849998474121094,40.2400016784668,39.750099182128906,40.0099983215332,1245163
2025-08-20 18:30:00+00:00,40.369998931884766,40.47999954223633,39.77000045776367,39.86000061035156,1316616
2025-08-20 19:30:00+00:00,40.70000076293945,40.77000045776367,40.33509826660156,40.36000061035156,1509113
2025-08-21 13:30:00+00:00,41.36539840698242,41.380001068115234,40.220001220703125,40.810001373291016,2810970
2025-08-21 14:30:00+00:00,41.459999084472656,41.6786003112793,41.032501220703125,41.349998474121094,1701613
2025-08-21 15:30:00+00:00,41.31999969482422,41.83000183105469,41.07040023803711,41.459999084472656,1430664
2025-08-21 16:30:00+00:00,41.0536003112793,41.599700927734375,40.920101165771484,41.327999114990234,1090492
2025-08-21 17:30:00+00:00,41.40019989013672,41.59080123901367,41.040000915527344,41.064998626708984,1132638
2025-08-21 18:30:00+00:00,41.790000915527344,41.86000061035156,41.33000183105469,41.41999816894531,1351582
2025-08-21 19:30:00+00:00,41.540000915527344,41.849998474121094,41.47999954223633,41.790000915527344,3152439
2025-08-22 13:30:00+00:00,43.060001373291016,43.54999923706055,40.41999816894531,40.970001220703125,4564071
2025-08-22 14:30:00+00:00,44.0099983215332,44.255001068115234,43.0,43.029998779296875,4006483
2025-08-22 15:30:00+00:00,44.0099983215332,44.2400016784668,43.77000045776367,44.02000045776367,1873296
2025-08-22 16:30:00+00:00,44.06999969482422,44.439998626708984,43.869998931884766,44.04999923706055,1789767
2025-08-22 17:30:00+00:00,44.51499938964844,44.55500030517578,44.0629997253418,44.0724983215332,1691058
2025-08-22 18:30:00+00:00,44.43000030517578,44.683998107910156,44.26499938964844,44.52000045776367,2030031
2025-08-22 19:30:00+00:00,44.36000061035156,44.540000915527344,44.25,44.41999816894531,1446317
2025-08-25 13:30:00+00:00,48.13999938964844,48.189998626708984,44.09000015258789,45.15999984741211,10065601
2025-08-25 14:30:00+00:00,49.140098571777344,49.59000015258789,48.084999084472656,48.119998931884766,8293116
2025-08-25 15:30:00+00:00,48.34000015258789,49.279998779296875,48.209999084472656,49.1422004699707,3020520
2025-08-25 16:30:00+00:00,48.084999084472656,48.790000915527344,48.02000045776367,48.33000183105469,2016779
2025-08-25 17:30:00+00:00,48.10499954223633,48.31999969482422,47.652000427246094,48.09159851074219,2221941
2025-08-25 18:30:00+00:00,47.810001373291016,48.31999969482422,47.75,48.11000061035156,1642029
2025-08-25 19:30:00+00:00,47.209999084472656,47.91999816894531,47.189998626708984,47.81999969482422,1755425
2025-08-26 13:30:00+00:00,49.619998931884766,50.91999816894531,47.38999938964844,47.849998474121094,11508374
2025-08-26 14:30:00+00:00,48.7599983215332,49.97999954223633,48.72999954223633,49.619998931884766,3564064
2025-08-26 15:30:00+00:00,48.99039840698242,49.22999954223633,48.67499923706055,48.750999450683594,1925675
2025-08-26 16:30:00+00:00,48.58000183105469,49.150001525878906,48.5099983215332,48.989498138427734,1494924
2025-08-26 17:30:00+00:00,49.079898834228516,49.189998626708984,48.33000183105469,48.599998474121094,1783848
2025-08-26 18:30:00+00:00,48.79999923706055,49.13999938964844,48.540000915527344,49.07360076904297,1617501
2025-08-26 19:30:00+00:00,48.11000061035156,48.84000015258789,48.09000015258789,48.790000915527344,2502930
2025-08-27 13:30:00+00:00,47.7400016784668,48.7400016784668,46.78559875488281,48.5,5686692
2025-08-27 14:30:00+00:00,47.599998474121094,47.920501708984375,47.290000915527344,47.75,1941427
2025-08-27 15:30:00+00:00,46.25979995727539,47.689998626708984,46.210201263427734,47.599998474121094,2121080
2025-08-27 16:30:00+00:00,46.37289810180664,46.56999969482422,45.81999969482422,46.24380111694336,2241187
2025-08-27 17:30:00+00:00,46.21500015258789,46.44049835205078,45.9900016784668,46.369998931884766,1272254
2025-08-27 18:30:00+00:00,46.38079833984375,46.81999969482422,46.20000076293945,46.22999954223633,1348166
2025-08-27 19:30:00+00:00,46.220001220703125,46.4900016784668,46.119998931884766,46.38999938964844,1136560
2025-08-28 13:30:00+00:00,45.540000915527344,47.68000030517578,45.34000015258789,46.810001373291016,5059309
2025-08-28 14:30:00+00:00,46.810001373291016,47.08000183105469,45.540000915527344,45.549800872802734,2679805
2025-08-28 15:30:00+00:00,47.43239974975586,47.54990005493164,46.7599983215332,46.779998779296875,1995919
2025-08-28 16:30:00+00:00,47.071998596191406,47.45000076293945,46.529998779296875,47.435001373291016,1273431
2025-08-28 17:30:00+00:00,47.560001373291016,47.810001373291016,47.029998779296875,47.09000015258789,1681086
2025-08-28 18:30:00+00:00,47.72999954223633,47.846500396728516,47.410099029541016,47.560001373291016,1642817
2025-08-28 19:30:00+00:00,47.90999984741211,47.974998474121094,47.650001525878906,47.724998474121094,1541191
2025-08-29 13:30:00+00:00,46.56380081176758,48.650001525878906,46.02000045776367,47.849998474121094,4685192
2025-08-29 14:30:00+00:00,47.5547981262207,47.599998474121094,46.22999954223633,46.56999969482422,2152339
2025-08-29 15:30:00+00:00,47.310001373291016,47.58000183105469,47.0099983215332,47.52000045776367,1337609
2025-08-29 16:30:00+00:00,47.529998779296875,47.87699890136719,47.209999084472656,47.310001373291016,1435730
2025-08-29 17:30:00+00:00,47.356998443603516,47.720001220703125,47.224998474121094,47.54119873046875,905191
2025-08-29 18:30:00+00:00,48.11009979248047,48.15999984741211,47.27000045776367,47.369998931884766,1644917
2025-08-29 19:30:00+00:00,48.619998931884766,48.654998779296875,47.98210144042969,48.119998931884766,2368375
2025-09-02 13:30:00+00:00,48.01210021972656,48.06999969482422,45.68000030517578,46.75,6145855
2025-09-02 14:30:00+00:00,47.38029861450195,48.41999816894531,47.02000045776367,48.01959991455078,2643175
2025-09-02 15:30:00+00:00,46.77000045776367,47.380001068115234,46.380001068115234,47.380001068115234,2061752
2025-09-02 16:30:00+00:00,47.540000915527344,47.72999954223633,46.7599983215332,46.790000915527344,1462224
2025-09-02 17:30:00+00:00,48.03269958496094,48.29999923706055,47.45009994506836,47.540000915527344,1547852
2025-09-02 18:30:00+00:00,49.273799896240234,49.32979965209961,48.029998779296875,48.04010009765625,2824331
2025-09-02 19:30:00+00:00,49.31999969482422,49.540000915527344,49.02000045776367,49.2599983215332,2639809
2025-09-03 13:30:00+00:00,46.89500045776367,50.899898529052734,46.81999969482422,50.27000045776367,8758509
2025-09-03 14:30:00+00:00,46.189998626708984,47.2400016784668,46.180198669433594,46.89580154418945,4288637
2025-09-03 15:30:00+00:00,45.13999938964844,46.359798431396484,45.12200164794922,46.20000076293945,4474856
2025-09-03 16:30:00+00:00,44.689998626708984,45.252601623535156,44.43339920043945,45.150001525878906,4745033
2025-09-03 17:30:00+00:00,44.479698181152344,45.185001373291016,44.375,44.66400146484375,3065081
2025-09-03 18:30:00+00:00,43.82120132446289,44.47999954223633,43.709999084472656,44.472900390625,3540964
2025-09-03 19:30:00+00:00,43.525001525878906,44.0,43.51179885864258,43.82500076293945,2726574
2025-09-04 13:30:00+00:00,43.97999954223633,44.55630111694336,42.8400993347168,44.185001373291016,6214926
2025-09-04 14:30:00+00:00,43.119998931884766,44.150001525878906,43.0,43.97999954223633,2114844
2025-09-04 15:30:00+00:00,42.98500061035156,43.18000030517578,42.790000915527344,43.119998931884766,1605462
2025-09-04 16:30:00+00:00,43.119998931884766,43.4900016784668,42.939998626708984,42.977500915527344,1568180
2025-09-04 17:30:00+00:00,43.090301513671875,43.16999816894531,42.70000076293945,43.12260055541992,1547201
2025-09-04 18:30:00+00:00,43.099998474121094,43.309898376464844,42.900001525878906,43.095001220703125,1723420
2025-09-04 19:30:00+00:00,42.98500061035156,43.099998474121094,42.790000915527344,43.095001220703125,1629659
2025-09-05 13:30:00+00:00,42.86000061035156,44.81800079345703,42.540000915527344,43.564998626708984,4863038
2025-09-05 14:30:00+00:00,43.47999954223633,43.54999923706055,42.400001525878906,42.869998931884766,2142794
2025-09-05 15:30:00+00:00,44.029998779296875,44.18000030517578,43.42499923706055,43.52000045776367,1645338
2025-09-05 16:30:00+00:00,44.87990188598633,44.88999938964844,43.935001373291016,44.060001373291016,1710601
2025-09-05 17:30:00+00:00,45.25,45.400001525878906,44.720001220703125,44.8650016784668,2149620
2025-09-05 18:30:00+00:00,45.640098571777344,45.91999816894531,45.09000015258789,45.2400016784668,2051148
2025-09-05 19:30:00+00:00,45.84000015258789,45.98500061035156,45.599998474121094,45.64720153808594,1727495
2025-09-08 13:30:00+00:00,46.959999084472656,48.19969940185547,45.487998962402344,45.4900016784668,7035611
2025-09-08 14:30:00+00:00,46.7400016784668,47.189998626708984,45.959999084472656,46.989498138427734,2244741
2025-09-08 15:30:00+00:00,46.8849983215332,47.46289825439453,46.3849983215332,46.75,2155492
2025-09-08 16:30:00+00:00,46.869998931884766,47.189998626708984,46.455299377441406,46.900001525878906,1506005
2025-09-08 17:30:00+00:00,47.7599983215332,47.84299850463867,46.803001403808594,46.8650016784668,1731081
2025-09-08 18:30:00+00:00,47.45640182495117,47.849998474121094,47.224998474121094,47.760101318359375,1682439
2025-09-08 19:30:00+00:00,47.7599983215332,47.77000045776367,47.15999984741211,47.45500183105469,1584509
2025-09-09 13:30:00+00:00,46.529998779296875,47.529998779296875,46.04999923706055,47.0099983215332,3386391
2025-09-09 14:30:00+00:00,46.369998931884766,46.599998474121094,46.11000061035156,46.525001525878906,1439367
2025-09-09 15:30:00+00:00,46.25859832763672,46.43000030517578,45.75,46.36000061035156,1610698
2025-09-09 16:30:00+00:00,45.91999816894531,46.253299713134766,45.51169967651367,46.253299713134766,1663317
2025-09-09 17:30:00+00:00,46.970001220703125,47.0,45.873600006103516,45.91999816894531,1370011
2025-09-09 18:30:00+00:00,47.22999954223633,47.369998931884766,46.779998779296875,46.959999084472656,1786799
2025-09-09 19:30:00+00:00,47.0,47.369998931884766,46.79999923706055,47.2400016784668,1182615
2025-09-10 13:30:00+00:00,46.75680160522461,48.11000061035156,46.36980056762695,47.66019821166992,3506832
2025-09-10 14:30:00+00:00,46.82160186767578,47.099998474121094,46.51969909667969,46.7599983215332,1640122
2025-09-10 15:30:00+00:00,45.77840042114258,46.87160110473633,45.619998931884766,46.83000183105469,1576905
2025-09-10 16:30:00+00:00,45.76499938964844,46.13959884643555,45.599998474121094,45.78499984741211,1186714
2025-09-10 17:30:00+00:00,45.970001220703125,46.33000183105469,45.68000030517578,45.77000045776367,919092
2025-09-10 18:30:00+00:00,45.7400016784668,46.2599983215332,45.63999938964844,45.95000076293945,958678
2025-09-10 19:30:00+00:00,46.20000076293945,46.31999969482422,45.6786003112793,45.7400016784668,1067287
2025-09-11 13:30:00+00:00,47.400001525878906,48.040000915527344,46.07680130004883,46.349998474121094,5320177
2025-09-11 14:30:00+00:00,48.56999969482422,48.689998626708984,47.290000915527344,47.415000915527344,3948880
2025-09-11 15:30:00+00:00,49.310001373291016,49.494998931884766,48.599998474121094,48.599998474121094,3131806
2025-09-11 16:30:00+00:00,49.18000030517578,49.665000915527344,48.65999984741211,49.29999923706055,3228492
2025-09-11 17:30:00+00:00,49.125,49.47999954223633,48.9900016784668,49.16999816894531,2979844
2025-09-11 18:30:00+00:00,48.970001220703125,49.16999816894531,48.56999969482422,49.125,1710978
2025-09-11 19:30:00+00:00,48.40999984741211,49.13999938964844,48.37419891357422,48.970001220703125,1514563
2025-09-12 13:30:00+00:00,49.939998626708984,50.25,48.610599517822266,48.75,5232518
2025-09-12 14:30:00+00:00,51.790000915527344,52.150001525878906,49.814998626708984,49.932498931884766,6624377
2025-09-12 15:30:00+00:00,51.82500076293945,52.079898834228516,51.099998474121094,51.77000045776367,3292624
2025-09-12 16:30:00+00:00,51.935001373291016,52.25,51.52000045776367,51.801700592041016,2079467
2025-09-12 17:30:00+00:00,52.9739990234375,53.16999816894531,51.86009979248047,51.94940185546875,3457885
2025-09-12 18:30:00+00:00,53.77000045776367,54.029998779296875,52.95000076293945,52.97999954223633,3492596
2025-09-12 19:30:00+00:00,53.34000015258789,53.7681999206543,53.119998931884766,53.7681999206543,2492801
2025-09-15 13:30:00+00:00,53.488399505615234,55.16999816894531,52.742000579833984,53.58000183105469,8512852
2025-09-15 14:30:00+00:00,54.09000015258789,54.20000076293945,53.29999923706055,53.459999084472656,2528812
2025-09-15 15:30:00+00:00,54.4900016784668,54.5099983215332,53.529998779296875,54.08000183105469,2109106
2025-09-15 16:30:00+00:00,53.68000030517578,54.779998779296875,53.505001068115234,54.51649856567383,2021284
2025-09-15 17:30:00+00:00,54.14780044555664,54.23649978637695,53.54999923706055,53.66999816894531,1742436
2025-09-15 18:30:00+00:00,54.459999084472656,54.529998779296875,53.5,54.15760040283203,2902167
2025-09-15 19:30:00+00:00,54.029998779296875,54.599998474121094,53.952701568603516,54.45000076293945,2190396
2025-09-16 13:30:00+00:00,47.83000183105469,51.20000076293945,47.750701904296875,51.0,10253671
2025-09-16 14:30:00+00:00,48.84000015258789,49.41999816894531,47.83000183105469,47.8568000793457,4645481
2025-09-16 15:30:00+00:00,47.994998931884766,48.93000030517578,47.869998931884766,48.84000015258789,2614484
2025-09-16 16:30:00+00:00,47.494998931884766,48.0,47.33000183105469,47.9900016784668,2921457
2025-09-16 17:30:00+00:00,47.4900016784668,47.84000015258789,47.391700744628906,47.48500061035156,2249455
2025-09-16 18:30:00+00:00,47.999900817871094,48.084999084472656,47.119998931884766,47.5,2743293
2025-09-16 19:30:00+00:00,47.25,48.060001373291016,47.0099983215332,48.0,2646610
2025-09-17 13:30:00+00:00,47.91999816894531,48.540000915527344,47.25,47.59000015258789,5774477
2025-09-17 14:30:00+00:00,47.543399810791016,48.2400016784668,47.400001525878906,47.92100143432617,2323360
2025-09-17 15:30:00+00:00,47.46500015258789,47.935001373291016,47.20000076293945,47.53010177612305,1570483
2025-09-17 16:30:00+00:00,47.369998931884766,47.52239990234375,47.09000015258789,47.47999954223633,1435929
2025-09-17 17:30:00+00:00,47.56959915161133,48.040000915527344,46.45000076293945,47.36009979248047,3565030
2025-09-17 18:30:00+00:00,48.15999984741211,48.36000061035156,46.79999923706055,47.55500030517578,3061786
2025-09-17 19:30:00+00:00,48.05500030517578,48.28350067138672,47.77000045776367,48.13999938964844,1773124
2025-09-18 13:30:00+00:00,47.79999923706055,49.189998626708984,47.455299377441406,48.91999816894531,4850729
2025-09-18 14:30:00+00:00,48.38999938964844,48.68000030517578,47.79999923706055,47.79999923706055,2245493
2025-09-18 15:30:00+00:00,48.2400016784668,48.869998931884766,48.02000045776367,48.40999984741211,1931260
2025-09-18 16:30:00+00:00,48.760101318359375,48.84000015258789,47.95000076293945,48.220001220703125,1969700
2025-09-18 17:30:00+00:00,48.64759826660156,48.97999954223633,48.310001373291016,48.7599983215332,1733620
2025-09-18 18:30:00+00:00,47.26499938964844,48.68000030517578,47.25,48.654998779296875,2278083
2025-09-18 19:30:00+00:00,47.17499923706055,47.3656005859375,47.0,47.2599983215332,2255139
2025-09-19 13:30:00+00:00,48.099998474121094,48.380001068115234,47.130001068115234,47.77000045776367,4439640
2025-09-19 14:30:00+00:00,47.900001525878906,48.650001525878906,47.58000183105469,48.07500076293945,3707252
2025-09-19 15:30:00+00:00,48.24919891357422,48.5099983215332,47.70000076293945,47.93000030517578,2168222
2025-09-19 16:30:00+00:00,48.54359817504883,48.599998474121094,48.04999923706055,48.2599983215332,1557305
2025-09-19 17:30:00+00:00,48.4900016784668,48.93000030517578,48.220001220703125,48.560001373291016,2098770
2025-09-19 18:30:00+00:00,48.20000076293945,48.63999938964844,47.733299255371094,48.5099983215332,2600789
2025-09-19 19:30:00+00:00,47.75,48.2400016784668,47.689998626708984,48.20100021362305,2481118
2025-09-22 13:30:00+00:00,49.05500030517578,49.64149856567383,46.79999923706055,47.130001068115234,7861103
2025-09-22 14:30:00+00:00,49.310001373291016,49.959999084472656,48.86000061035156,49.05500030517578,3722169
2025-09-22 15:30:00+00:00,50.03499984741211,50.25,49.220001220703125,49.316001892089844,3402235
2025-09-22 16:30:00+00:00,49.96500015258789,50.11000061035156,49.540000915527344,50.029998779296875,2087035
2025-09-22 17:30:00+00:00,49.772499084472656,50.11000061035156,49.68000030517578,49.970001220703125,1425003
2025-09-22 18:30:00+00:00,49.849998474121094,50.0,49.570701599121094,49.77000045776367,1476482
2025-09-22 19:30:00+00:00,49.81999969482422,49.95000076293945,49.439998626708984,49.845001220703125,1402989
2025-09-23 13:30:00+00:00,48.90959930419922,49.417598724365234,47.910099029541016,49.025001525878906,5735362
2025-09-23 14:30:00+00:00,49.91999816894531,50.25,48.834800720214844,48.89400100708008,2574273
2025-09-23 15:30:00+00:00,51.92499923706055,52.06999969482422,49.79999923706055,49.888099670410156,3963640
2025-09-23 16:30:00+00:00,53.4900016784668,54.157901763916016,51.75,51.94990158081055,5438506
2025-09-23 17:30:00+00:00,52.189998626708984,53.900001525878906,51.400001525878906,53.465301513671875,11940190
2025-09-23 18:30:00+00:00,53.06999969482422,53.93000030517578,52.15999984741211,52.18000030517578,4260534
2025-09-23 19:30:00+00:00,52.900001525878906,53.11249923706055,52.52000045776367,53.084999084472656,2633416
2025-09-24 13:30:00+00:00,49.150001525878906,51.900001525878906,48.439998626708984,51.5,9586093
2025-09-24 14:30:00+00:00,50.279998779296875,50.399898529052734,49.099998474121094,49.15999984741211,2613740
2025-09-24 15:30:00+00:00,49.41350173950195,50.58000183105469,48.790000915527344,50.2599983215332,2630057
2025-09-24 16:30:00+00:00,50.29999923706055,50.40890121459961,49.380001068115234,49.43000030517578,1404052
2025-09-24 17:30:00+00:00,49.45000076293945,50.40999984741211,49.099998474121094,50.310001373291016,1347100
2025-09-24 18:30:00+00:00,49.16999816894531,49.769901275634766,48.970001220703125,49.4900016784668,1588691
2025-09-24 19:30:00+00:00,48.68000030517578,49.20000076293945,48.65999984741211,49.16999816894531,1595101
2025-09-25 13:30:00+00:00,48.27000045776367,48.619998931884766,46.02000045776367,48.0,5857055
2025-09-25 14:30:00+00:00,47.42499923706055,48.619998931884766,47.369998931884766,48.290000915527344,1638911
2025-09-25 15:30:00+00:00,47.18989944458008,48.095001220703125,47.04819869995117,47.41999816894531,1445278
2025-09-25 16:30:00+00:00,46.38999938964844,47.43000030517578,46.370201110839844,47.1879997253418,1671423
2025-09-25 17:30:00+00:00,46.179901123046875,46.50979995727539,45.209999084472656,46.400001525878906,2748884
2025-09-25 18:30:00+00:00,46.810001373291016,47.02000045776367,46.09000015258789,46.19409942626953,1236397
2025-09-25 19:30:00+00:00,46.61000061035156,46.90480041503906,46.61000061035156,46.83000183105469,967895
2025-09-26 13:30:00+00:00,46.09590148925781,47.68989944458008,45.83000183105469,46.75,3285765
2025-09-26 14:30:00+00:00,46.27330017089844,46.709999084472656,45.93000030517578,46.095001220703125,1663870
2025-09-26 15:30:00+00:00,46.34510040283203,46.53950119018555,45.9900016784668,46.279998779296875,1050048
2025-09-26 16:30:00+00:00,46.45000076293945,46.540000915527344,45.939998626708984,46.369998931884766,1029244
2025-09-26 17:30:00+00:00,46.05500030517578,46.4900016784668,45.95009994506836,46.44649887084961,820875
2025-09-26 18:30:00+00:00,46.130001068115234,46.4900016784668,46.058998107910156,46.06999969482422,825287
2025-09-26 19:30:00+00:00,46.279998779296875,46.400001525878906,46.02009963989258,46.119998931884766,833914
2025-09-29 13:30:00+00:00,47.35499954223633,48.099998474121094,46.86000061035156,47.5,3920474
2025-09-29 14:30:00+00:00,47.095001220703125,47.709999084472656,46.904998779296875,47.369998931884766,1584863
2025-09-29 15:30:00+00:00,46.525001525878906,47.31949996948242,46.470001220703125,47.06520080566406,1251883
2025-09-29 16:30:00+00:00,46.6427001953125,46.72999954223633,46.369998931884766,46.52989959716797,816564
2025-09-29 17:30:00+00:00,47.119998931884766,47.310001373291016,46.6150016784668,46.619998931884766,802504
2025-09-29 18:30:00+00:00,46.56999969482422,47.47100067138672,46.52000045776367,47.12160110473633,904665
2025-09-29 19:30:00+00:00,47.040000915527344,47.15999984741211,46.41999816894531,46.58000183105469,4702647
2025-09-30 13:30:00+00:00,46.959999084472656,47.79499816894531,46.61000061035156,47.209999084472656,2744956
2025-09-30 14:30:00+00:00,46.88999938964844,47.349998474121094,46.689998626708984,46.970001220703125,1479599
2025-09-30 15:30:00+00:00,47.0,47.04999923706055,46.5099983215332,46.92499923706055,1056507
2025-09-30 16:30:00+00:00,46.95000076293945,47.231300354003906,46.7052001953125,46.98619842529297,966965
2025-09-30 17:30:00+00:00,47.04499816894531,47.380001068115234,46.75,46.95000076293945,1077703
2025-09-30 18:30:00+00:00,47.5015983581543,47.630001068115234,46.980098724365234,47.05099868774414,1113245
2025-09-30 19:30:00+00:00,47.93000030517578,47.9900016784668,47.48749923706055,47.5099983215332,1150382
2025-10-01 13:30:00+00:00,48.439998626708984,49.41999816894531,47.119998931884766,47.5,5180724
2025-10-01 14:30:00+00:00,48.470001220703125,48.619998931884766,47.810001373291016,48.459999084472656,1995866
2025-10-01 15:30:00+00:00,48.43000030517578,49.066200256347656,48.349998474121094,48.4900016784668,2110217
2025-10-01 16:30:00+00:00,48.77000045776367,48.970001220703125,48.0,48.439998626708984,1398806
2025-10-01 17:30:00+00:00,47.97999954223633,48.97999954223633,47.84000015258789,48.78499984741211,5940728
2025-10-01 18:30:00+00:00,47.560001373291016,48.20000076293945,47.45000076293945,47.97999954223633,1646114
2025-10-01 19:30:00+00:00,47.9900016784668,48.029998779296875,47.45000076293945,47.56999969482422,1552916
2025-10-02 13:30:00+00:00,50.7599983215332,51.34000015258789,48.53499984741211,48.63999938964844,9772505
2025-10-02 14:30:00+00:00,51.272499084472656,51.369998931884766,49.72010040283203,50.7599983215332,4712146
2025-10-02 15:30:00+00:00,51.34000015258789,51.619998931884766,50.709999084472656,51.250099182128906,3403934
2025-10-02 16:30:00+00:00,51.72010040283203,51.81999969482422,51.0099983215332,51.355098724365234,2912059
2025-10-02 17:30:00+00:00,52.327301025390625,52.400001525878906,51.54999923706055,51.72999954223633,2386844
2025-10-02 18:30:00+00:00,52.5989990234375,52.599998474121094,51.790000915527344,52.310001373291016,2912152
2025-10-02 19:30:00+00:00,52.470001220703125,52.650001525878906,52.36000061035156,52.60210037231445,1884360
2025-10-03 13:30:00+00:00,52.388999938964844,53.83980178833008,51.2599983215332,52.040000915527344,9405801
2025-10-03 14:30:00+00:00,54.28499984741211,54.76499938964844,52.20000076293945,52.380001068115234,5133803
2025-10-03 15:30:00+00:00,55.15999984741211,55.2400016784668,54.02000045776367,54.2599983215332,4073595
2025-10-03 16:30:00+00:00,54.82500076293945,55.470001220703125,54.16849899291992,55.150001525878906,4340090
2025-10-03 17:30:00+00:00,55.58000183105469,55.9900016784668,53.900001525878906,54.81999969482422,5604326
2025-10-03 18:30:00+00:00,56.6349983215332,56.66999816894531,55.209999084472656,55.59000015258789,4122082
2025-10-03 19:30:00+00:00,56.14899826049805,56.93920135498047,56.099998474121094,56.60300064086914,3330138
2025-10-06 13:30:00+00:00,56.900001525878906,58.349998474121094,55.81100082397461,56.8650016784668,8708823
2025-10-06 14:30:00+00:00,57.150001525878906,57.849998474121094,56.36000061035156,56.880001068115234,3231593
2025-10-06 15:30:00+00:00,57.22999954223633,57.51060104370117,56.4900016784668,57.130001068115234,2007561
2025-10-06 16:30:00+00:00,57.90999984741211,58.02000045776367,57.130001068115234,57.21730041503906,2589885
2025-10-06 17:30:00+00:00,58.40079879760742,58.415000915527344,57.66999816894531,57.88999938964844,2823815
2025-10-06 18:30:00+00:00,59.08000183105469,59.25,58.150001525878906,58.400001525878906,3026699
2025-10-06 19:30:00+00:00,58.470001220703125,59.2599983215332,58.2400016784668,59.08000183105469,1671527
2025-10-07 13:30:00+00:00,60.599998474121094,60.77949905395508,58.400001525878906,59.0099983215332,7065015
2025-10-07 14:30:00+00:00,58.70000076293945,61.07500076293945,58.14500045776367,60.60100173950195,5085751
2025-10-07 15:30:00+00:00,59.349998474121094,59.43230056762695,57.02000045776367,58.689998626708984,4112482
2025-10-07 16:30:00+00:00,62.185001373291016,62.269798278808594,59.25,59.31999969482422,4801119
2025-10-07 17:30:00+00:00,61.62409973144531,62.560001373291016,61.209999084472656,62.16999816894531,4053183
2025-10-07 18:30:00+00:00,61.59000015258789,62.279998779296875,61.08000183105469,61.650001525878906,2696276
2025-10-07 19:30:00+00:00,61.51499938964844,61.68989944458008,61.13999938964844,61.56999969482422,1808814
2025-10-08 13:30:00+00:00,65.9749984741211,68.53410339355469,64.13999938964844,64.16000366210938,13893484
2025-10-08 14:30:00+00:00,65.41999816894531,66.95999908447266,65.37000274658203,65.98999786376953,4351573
2025-10-08 15:30:00+00:00,65.25,65.5,64.62000274658203,65.41000366210938,2955322
2025-10-08 16:30:00+00:00,65.7135009765625,66.18879699707031,64.98059844970703,65.24639892578125,2289448
2025-10-08 17:30:00+00:00,64.13999938964844,65.9000015258789,63.91999816894531,65.72000122070312,2613732
2025-10-08 18:30:00+00:00,64.29000091552734,64.72959899902344,63.650001525878906,64.12000274658203,2724518
2025-10-08 19:30:00+00:00,65.29000091552734,65.3499984741211,64.28299713134766,64.28299713134766,1993243
2025-10-09 13:30:00+00:00,66.46499633789062,68.01010131835938,64.75,64.95130157470703,7596633
2025-10-09 14:30:00+00:00,66.91999816894531,68.12300109863281,66.19499969482422,66.8115005493164,3277980
2025-10-09 15:30:00+00:00,66.91999816894531,67.33000183105469,66.5999984741211,66.70999908447266,2177848
2025-10-09 16:30:00+00:00,66.72000122070312,67.46990203857422,66.4000015258789,67.19000244140625,2379751
2025-10-09 17:30:00+00:00,67.61499786376953,67.90170288085938,67.33999633789062,67.37999725341797,2482442
2025-10-09 18:30:00+00:00,66.9000015258789,67.24500274658203,66.57250213623047,67.24500274658203,1698303
2025-10-09 19:30:00+00:00,66.43499755859375,67.0,66.43499755859375,66.97000122070312,1260746
2025-10-10 13:30:00+00:00,71.0363998413086,73.5,70.8501968383789,73.1614990234375,15469453
2025-10-10 14:30:00+00:00,68.27149963378906,71.05999755859375,67.7699966430664,71.00499725341797,5363821
2025-10-10 15:30:00+00:00,69.1500015258789,70.33989715576172,66.3499984741211,67.02010345458984,6022869
2025-10-10 16:30:00+00:00,68.86000061035156,69.5999984741211,67.31999969482422,69.12999725341797,3093375
2025-10-10 17:30:00+00:00,66.8915023803711,69.0,66.81999969482422,68.8499984741211,2174075
2025-10-10 18:30:00+00:00,65.02999877929688,67.2499008178711,64.87999725341797,66.91999816894531,3443071
2025-10-10 19:30:00+00:00,64.19999694824219,65.19000244140625,64.13999938964844,65.05000305175781,2620678
2025-10-13 13:30:00+00:00,67.29000091552734,70.44000244140625,66.63999938964844,67.87999725341797,8213041
2025-10-13 14:30:00+00:00,66.54149627685547,68.24859619140625,66.11000061035156,67.33000183105469,4087867
2025-10-13 15:30:00+00:00,67.05000305175781,67.06999969482422,66.18000030517578,66.5999984741211,1733122
2025-10-13 16:30:00+00:00,67.08000183105469,68.0,66.70999908447266,67.05000305175781,1825440
2025-10-13 17:30:00+00:00,66.05000305175781,67.38999938964844,65.58999633789062,67.0999984741211,1972582
2025-10-13 18:30:00+00:00,65.20999908447266,66.05999755859375,64.62210083007812,66.05999755859375,1964187
2025-10-13 19:30:00+00:00,65.41999816894531,65.9000015258789,65.0999984741211,65.20500183105469,1560585
2025-10-14 13:30:00+00:00,69.01000213623047,69.0199966430664,62.189998626708984,65.30000305175781,7803745
2025-10-14 14:30:00+00:00,66.7699966430664,69.38999938964844,65.6500015258789,68.9800033569336,4227870
2025-10-14 15:30:00+00:00,68.8499984741211,69.19999694824219,66.01000213623047,66.80999755859375,2912366
2025-10-14 16:30:00+00:00,68.1449966430664,69.30000305175781,67.66999816894531,68.84500122070312,2678344
2025-10-14 17:30:00+00:00,69.30000305175781,69.38999938964844,67.8499984741211,68.18000030517578,1693136
2025-10-14 18:30:00+00:00,69.0824966430664,69.66999816894531,68.86000061035156,69.30000305175781,1616033
2025-10-14 19:30:00+00:00,68.01000213623047,69.18000030517578,67.61039733886719,69.0719985961914,2040064
2025-10-15 13:30:00+00:00,73.0999984741211,73.0999984741211,69.63159942626953,70.0199966430664,7455160
2025-10-15 14:30:00+00:00,70.66999816894531,73.97000122070312,70.51000213623047,73.05500030517578,4251400
2025-10-15 15:30:00+00:00,69.29180145263672,70.74400329589844,68.6166000366211,70.62999725341797,3774744
2025-10-15 16:30:00+00:00,68.13999938964844,69.36000061035156,67.23999786376953,69.30999755859375,2927982
2025-10-15 17:30:00+00:00,67.19999694824219,68.69999694824219,67.0999984741211,68.12999725341797,2416651
2025-10-15 18:30:00+00:00,69.75499725341797,69.94000244140625,67.08999633789062,67.22000122070312,3089003
2025-10-15 19:30:00+00:00,69.27999877929688,70.16000366210938,69.0999984741211,69.73999786376953,1317460
2025-10-16 13:30:00+00:00,71.33830261230469,71.33999633789062,68.63999938964844,70.08999633789062,4837139
2025-10-16 14:30:00+00:00,68.46499633789062,72.25,68.20010375976562,71.33999633789062,7625888
2025-10-16 15:30:00+00:00,66.95649719238281,69.0999984741211,66.56009674072266,68.44999694824219,2693785
2025-10-16 16:30:00+00:00,69.16000366210938,69.27999877929688,66.42489624023438,66.96499633789062,2501953
2025-10-16 17:30:00+00:00,67.55999755859375,69.23999786376953,67.38999938964844,69.16000366210938,1545342
2025-10-16 18:30:00+00:00,66.8499984741211,68.52999877929688,66.81999969482422,67.58000183105469,1750193
2025-10-16 19:30:00+00:00,66.98999786376953,67.08999633789062,66.49500274658203,66.87999725341797,1553194
2025-10-17 13:30:00+00:00,67.44000244140625,68.48999786376953,65.63999938964844,65.9000015258789,5711446
2025-10-17 14:30:00+00:00,64.63719940185547,67.45999908447266,64.11000061035156,67.45999908447266,3378827
2025-10-17 15:30:00+00:00,65.36000061035156,65.57510375976562,63.70000076293945,64.68000030517578,2175665
2025-10-17 16:30:00+00:00,64.5199966430664,65.61000061035156,64.31999969482422,65.41000366210938,1044380
2025-10-17 17:30:00+00:00,64.89759826660156,65.3499984741211,64.47899627685547,64.54920196533203,1290186
2025-10-17 18:30:00+00:00,65.77970123291016,66.0,64.70999908447266,64.93280029296875,1243673
2025-10-17 19:30:00+00:00,66.25,66.38739776611328,65.41999816894531,65.77999877929688,1239889
2025-10-20 13:30:00+00:00,69.68499755859375,72.18000030517578,68.33999633789062,69.13500213623047,8945053
2025-10-20 14:30:00+00:00,70.53500366210938,71.76000213623047,68.68000030517578,69.69999694824219,3547370
2025-10-20 15:30:00+00:00,69.53579711914062,70.58999633789062,69.18009948730469,70.58000183105469,1730465
2025-10-20 16:30:00+00:00,69.4541015625,70.18000030517578,69.05999755859375,69.55000305175781,1477917
2025-10-20 17:30:00+00:00,67.77519989013672,69.54000091552734,67.62000274658203,69.41829681396484,1894284
2025-10-20 18:30:00+00:00,66.81500244140625,68.84750366210938,66.69000244140625,67.77999877929688,2048489
2025-10-20 19:30:00+00:00,67.33100128173828,67.66000366210938,66.67739868164062,66.81500244140625,1546208
2025-10-21 13:30:00+00:00,66.7699966430664,68.04000091552734,65.69999694824219,68.04000091552734,4710265
2025-10-21 14:30:00+00:00,66.8499984741211,67.41000366210938,66.33000183105469,66.83999633789062,1480190
2025-10-21 15:30:00+00:00,67.02999877929688,67.30989837646484,66.6500015258789,66.88999938964844,1178280
2025-10-21 16:30:00+00:00,66.62000274658203,67.23999786376953,66.2699966430664,67.06120300292969,1067717
2025-10-21 17:30:00+00:00,65.83999633789062,66.75,65.43499755859375,66.6500015258789,1739452
2025-10-21 18:30:00+00:00,64.9000015258789,66.02999877929688,64.88999938964844,65.8219985961914,1607094
2025-10-21 19:30:00+00:00,65.36000061035156,65.58000183105469,64.86000061035156,64.9000015258789,1184787
2025-10-22 13:30:00+00:00,60.97999954223633,64.0199966430664,60.79999923706055,62.970001220703125,5989272
2025-10-22 14:30:00+00:00,59.84000015258789,62.189998626708984,59.650001525878906,60.939998626708984,4968321
2025-10-22 15:30:00+00:00,60.006099700927734,60.839298248291016,59.650001525878906,59.83000183105469,2315457
2025-10-22 16:30:00+00:00,58.77000045776367,60.21260070800781,58.40999984741211,59.9900016784668,2876014
2025-10-22 17:30:00+00:00,59.560001373291016,59.65999984741211,58.580101013183594,58.77000045776367,1646310
2025-10-22 18:30:00+00:00,60.7599983215332,60.78519821166992,59.12910079956055,59.56999969482422,1983501
2025-10-22 19:30:00+00:00,60.560001373291016,60.959999084472656,60.4900016784668,60.77000045776367,1360821
2025-10-23 13:30:00+00:00,62.790000915527344,62.935001373291016,60.75,61.599998474121094,3696804
2025-10-23 14:30:00+00:00,63.439998626708984,63.59000015258789,62.59000015258789,62.744998931884766,1895927
2025-10-23 15:30:00+00:00,63.2495002746582,63.87990188598633,62.66999816894531,63.459999084472656,1777081
2025-10-23 16:30:00+00:00,63.41999816894531,63.810001373291016,63.124298095703125,63.290000915527344,1018435
2025-10-23 17:30:00+00:00,64.15440368652344,64.25,63.38999938964844,63.41080093383789,1281935
2025-10-23 18:30:00+00:00,64.22989654541016,64.69000244140625,63.99250030517578,64.16000366210938,1212700
2025-10-23 19:30:00+00:00,63.56999969482422,64.23999786376953,62.790000915527344,64.2300033569336,1597106
2025-10-24 13:30:00+00:00,65.28500366210938,66.18000030517578,63.849998474121094,64.92980194091797,4795839
2025-10-24 14:30:00+00:00,64.08999633789062,65.30000305175781,63.650001525878906,65.26000213623047,1843027
2025-10-24 15:30:00+00:00,65.18920135498047,65.43000030517578,63.850101470947266,64.11000061035156,1451167
2025-10-24 16:30:00+00:00,65.0,65.26000213623047,64.61000061035156,65.18499755859375,775054
2025-10-24 17:30:00+00:00,64.86000061035156,65.22000122070312,64.75090026855469,64.99500274658203,655386
2025-10-24 18:30:00+00:00,64.52999877929688,64.85679626464844,64.25,64.85679626464844,758408
2025-10-24 19:30:00+00:00,64.55000305175781,64.79000091552734,64.26000213623047,64.51499938964844,935152
2025-10-27 13:30:00+00:00,65.13999938964844,66.25,64.69999694824219,66.19000244140625,6091420
2025-10-27 14:30:00+00:00,64.8499984741211,65.5,64.72000122070312,65.16999816894531,1240054
2025-10-27 15:30:00+00:00,64.97000122070312,65.01000213623047,64.15010070800781,64.80999755859375,1307079
2025-10-27 16:30:00+00:00,65.7300033569336,66.12000274658203,64.7738037109375,64.94499969482422,1359179
2025-10-27 17:30:00+00:00,65.94999694824219,66.3499984741211,65.44029998779297,65.72550201416016,1045060
2025-10-27 18:30:00+00:00,65.36000061035156,66.05999755859375,65.2300033569336,65.98999786376953,686342
2025-10-27 19:30:00+00:00,65.62000274658203,65.63999938964844,65.3187026977539,65.36000061035156,729578
2025-10-28 13:30:00+00:00,65.91510009765625,66.1500015258789,64.69000244140625,65.63999938964844,3435083
2025-10-28 14:30:00+00:00,66.08000183105469,66.54000091552734,65.56580352783203,65.91000366210938,1257722
2025-10-28 15:30:00+00:00,65.8499984741211,66.29000091552734,65.2300033569336,66.08000183105469,1130060
2025-10-28 16:30:00+00:00,64.63639831542969,66.45099639892578,64.36000061035156,65.87000274658203,1460914
2025-10-28 17:30:00+00:00,65.1500015258789,65.46099853515625,64.53009796142578,64.61000061035156,953905
2025-10-28 18:30:00+00:00,63.875999450683594,65.18000030517578,63.689998626708984,65.12999725341797,1636039
2025-10-28 19:30:00+00:00,63.7400016784668,63.9567985534668,63.61000061035156,63.83000183105469,785852
2025-10-29 13:30:00+00:00,64.9000015258789,65.25,63.47999954223633,64.16000366210938,6732008
2025-10-29 14:30:00+00:00,66.71499633789062,67.38770294189453,64.7843017578125,64.9000015258789,2908766
2025-10-29 15:30:00+00:00,66.68000030517578,67.19000244140625,66.41999816894531,66.63500213623047,1425575
2025-10-29 16:30:00+00:00,66.2699966430664,66.81999969482422,66.0999984741211,66.68319702148438,739012
2025-10-29 17:30:00+00:00,65.58999633789062,67.13999938964844,65.36000061035156,66.19999694824219,1306980
2025-10-29 18:30:00+00:00,66.5,67.38999938964844,64.25,65.67500305175781,2466552
2025-10-29 19:30:00+00:00,66.1500015258789,66.67620086669922,65.75,66.48999786376953,1315178
2025-10-30 13:30:00+00:00,63.465301513671875,65.18000030517578,62.79999923706055,65.0,2427434
2025-10-30 14:30:00+00:00,64.02999877929688,64.19999694824219,63.0099983215332,63.43000030517578,954124
2025-10-30 15:30:00+00:00,63.43370056152344,64.12000274658203,62.9567985534668,64.04000091552734,725538
2025-10-30 16:30:00+00:00,62.89910125732422,63.58000183105469,62.5,63.43349838256836,786499
2025-10-30 17:30:00+00:00,61.95500183105469,62.93000030517578,61.90999984741211,62.880001068115234,967425
2025-10-30 18:30:00+00:00,61.23749923706055,62.22999954223633,61.11000061035156,61.95500183105469,1292311
2025-10-30 19:30:00+00:00,60.91999816894531,61.5,60.900001525878906,61.2599983215332,4024333
2025-10-31 13:30:00+00:00,61.51060104370117,62.130001068115234,60.849998474121094,61.875,1983877
2025-10-31 14:30:00+00:00,62.76499938964844,63.449501037597656,61.4900016784668,61.5099983215332,1532128
2025-10-31 15:30:00+00:00,61.73500061035156,63.09960174560547,61.5,62.76499938964844,943781
2025-10-31 16:30:00+00:00,60.93000030517578,61.88990020751953,60.40039825439453,61.730098724365234,1078565
2025-10-31 17:30:00+00:00,61.994998931884766,62.13999938964844,60.86000061035156,60.95000076293945,757172
2025-10-31 18:30:00+00:00,62.780601501464844,62.834999084472656,61.949501037597656,61.994998931884766,728391
2025-10-31 19:30:00+00:00,63.0,63.25,62.349998474121094,62.77000045776367,1367886
2025-11-03 14:30:00+00:00,59.34989929199219,63.09000015258789,59.130001068115234,63.029998779296875,2993867
2025-11-03 15:30:00+00:00,60.7599983215332,60.95000076293945,59.15999984741211,59.334999084472656,1657290
2025-11-03 16:30:00+00:00,60.61149978637695,60.95000076293945,60.200599670410156,60.779998779296875,728542
2025-11-03 17:30:00+00:00,60.93000030517578,61.369998931884766,60.595001220703125,60.630001068115234,711272
2025-11-03 18:30:00+00:00,61.099998474121094,61.40999984741211,60.768001556396484,60.959999084472656,553493
2025-11-03 19:30:00+00:00,60.869998931884766,61.314998626708984,60.77000045776367,61.10499954223633,542833
2025-11-03 20:30:00+00:00,61.326499938964844,61.459999084472656,60.66999816894531,60.849998474121094,693822
2025-11-04 14:30:00+00:00,59.390098571777344,59.489898681640625,57.33000183105469,57.79999923706055,3079682
2025-11-04 15:30:00+00:00,58.84000015258789,59.439998626708984,58.619998931884766,59.40999984741211,785294
2025-11-04 16:30:00+00:00,58.20000076293945,59.03839874267578,57.9900016784668,58.790000915527344,775047
2025-11-04 17:30:00+00:00,57.54499816894531,58.54999923706055,57.34000015258789,58.189998626708984,3515251
2025-11-04 18:30:00+00:00,57.85049819946289,58.20000076293945,56.88999938964844,57.520999908447266,0
2025-11-04 19:30:00+00:00,57.209999084472656,57.939998626708984,56.970001220703125,57.91999816894531,907880
2025-11-04 20:30:00+00:00,56.564998626708984,57.28499984741211,56.5099983215332,57.22930145263672,952034
2025-11-05 14:30:00+00:00,55.8650016784668,57.2599983215332,54.869998931884766,56.54999923706055,3039753
2025-11-05 15:30:00+00:00,56.20000076293945,56.4900016784668,55.72010040283203,55.86000061035156,1243073
2025-11-05 16:30:00+00:00,56.14950180053711,56.349998474121094,55.94499969482422,56.22999954223633,762422
2025-11-05 17:30:00+00:00,56.47999954223633,56.994998931884766,56.09000015258789,56.15999984741211,842575
2025-11-05 18:30:00+00:00,57.07320022583008,57.15999984741211,56.400001525878906,56.45000076293945,849641
2025-11-05 19:30:00+00:00,56.45000076293945,57.279998779296875,56.29999923706055,57.07500076293945,1363168
2025-11-05 20:30:00+00:00,56.40999984741211,56.74489974975586,56.25,56.439998626708984,711873
2025-11-06 14:30:00+00:00,53.41999816894531,56.209999084472656,53.372100830078125,56.20000076293945,3081910
2025-11-06 15:30:00+00:00,52.04999923706055,53.5,51.77000045776367,53.439998626708984,3053955
2025-11-06 16:30:00+00:00,51.220001220703125,52.119998931884766,51.08000183105469,52.029998779296875,1751958
2025-11-06 17:30:00+00:00,51.68000030517578,52.290000915527344,51.13999938964844,51.189998626708984,1409633
2025-11-06 18:30:00+00:00,51.80970001220703,51.82500076293945,51.15999984741211,51.69300079345703,947404
2025-11-06 19:30:00+00:00,50.69499969482422,51.80009841918945,50.65010070800781,51.78820037841797,1234091
2025-11-06 20:30:00+00:00,49.609901428222656,50.709999084472656,49.40999984741211,50.69499969482422,2344382
2025-11-07 14:30:00+00:00,48.38800048828125,49.32500076293945,46.470001220703125,47.65700149536133,5501422
2025-11-07 15:30:00+00:00,46.8828010559082,48.400001525878906,46.56999969482422,48.38999938964844,2151896
2025-11-07 16:30:00+00:00,47.41999816894531,47.630001068115234,46.3109016418457,46.869998931884766,1672181
2025-11-07 17:30:00+00:00,49.858001708984375,50.0,47.3120002746582,47.439998626708984,2262892
2025-11-07 18:30:00+00:00,50.41999816894531,50.5099983215332,49.18000030517578,49.84000015258789,1820460
2025-11-07 19:30:00+00:00,50.904998779296875,52.099998474121094,50.43000030517578,50.43000030517578,2825067
2025-11-07 20:30:00+00:00,51.650001525878906,51.650001525878906,50.77000045776367,50.91999816894531,1314092
2025-11-10 14:30:00+00:00,52.45000076293945,54.5,52.369998931884766,53.7400016784668,4391519
2025-11-10 15:30:00+00:00,50.91999816894531,52.47999954223633,50.7599983215332,52.45000076293945,1938400
2025-11-10 16:30:00+00:00,52.38999938964844,52.470001220703125,50.95000076293945,50.95000076293945,1535829
2025-11-10 17:30:00+00:00,51.89030075073242,52.5,51.84000015258789,52.400001525878906,1175191
2025-11-10 18:30:00+00:00,51.6349983215332,52.13859939575195,51.53499984741211,51.90999984741211,994554
2025-11-10 19:30:00+00:00,51.470001220703125,52.68000030517578,51.27000045776367,51.619998931884766,1778158
2025-11-10 20:30:00+00:00,51.939998626708984,52.16999816894531,51.27000045776367,51.470001220703125,6368470
2025-11-11 14:30:00+00:00,54.064998626708984,56.959999084472656,53.56999969482422,55.97999954223633,8861098
2025-11-11 15:30:00+00:00,53.05500030517578,55.06999969482422,52.93000030517578,54.06999969482422,8636703
2025-11-11 16:30:00+00:00,53.27000045776367,54.369998931884766,52.5099983215332,53.05149841308594,0
2025-11-11 17:30:00+00:00,53.540000915527344,53.880001068115234,53.02000045776367,53.290000915527344,1707318
2025-11-11 18:30:00+00:00,52.529998779296875,53.779998779296875,52.5,53.540000915527344,1739520
2025-11-11 19:30:00+00:00,51.86000061035156,52.86000061035156,51.75,52.560001373291016,2707626
2025-11-11 20:30:00+00:00,51.25,52.064998626708984,51.220001220703125,51.84000015258789,10055031
2025-11-12 14:30:00+00:00,52.255001068115234,55.33000183105469,51.36000061035156,51.869998931884766,5929511
2025-11-12 15:30:00+00:00,50.90999984741211,52.400001525878906,50.72999954223633,52.2599983215332,2914259
2025-11-12 16:30:00+00:00,50.439998626708984,51.279998779296875,50.14030075073242,50.90999984741211,1663925
2025-11-12 17:30:00+00:00,50.225399017333984,50.989601135253906,50.099998474121094,50.435001373291016,993318
2025-11-12 18:30:00+00:00,49.84000015258789,50.4900016784668,49.660099029541016,50.2224006652832,1103464
2025-11-12 19:30:00+00:00,50.33000183105469,50.4098014831543,49.84000015258789,49.849998474121094,1063486
2025-11-12 20:30:00+00:00,49.970001220703125,50.349998474121094,49.845001220703125,50.33000183105469,1281433
2025-11-13 14:30:00+00:00,46.724998474121094,49.380001068115234,46.41999816894531,48.7599983215332,4994807
2025-11-13 15:30:00+00:00,45.970001220703125,46.849998474121094,45.643001556396484,46.7400016784668,3077411
2025-11-13 16:30:00+00:00,46.130001068115234,46.41999816894531,45.75,45.95000076293945,1589294
2025-11-13 17:30:00+00:00,45.13999938964844,46.41999816894531,45.08000183105469,46.130001068115234,2388030
2025-11-13 18:30:00+00:00,45.41999816894531,45.429901123046875,44.369998931884766,45.119998931884766,2752432
2025-11-13 19:30:00+00:00,45.220401763916016,45.439998626708984,44.650001525878906,45.400001525878906,1715059
2025-11-13 20:30:00+00:00,45.244998931884766,45.62969970703125,45.04999923706055,45.22999954223633,1767223
2025-11-14 14:30:00+00:00,46.06999969482422,47.209999084472656,43.310001373291016,43.665000915527344,6206163
2025-11-14 15:30:00+00:00,46.88999938964844,47.18000030517578,45.81999969482422,46.09000015258789,2301763
2025-11-14 16:30:00+00:00,46.59000015258789,46.970001220703125,46.38999938964844,46.900001525878906,1229394
2025-11-14 17:30:00+00:00,45.93000030517578,46.60409927368164,45.53070068359375,46.60409927368164,1290242
2025-11-14 18:30:00+00:00,46.349998474121094,46.52989959716797,45.75,45.90999984741211,1073159
2025-11-14 19:30:00+00:00,45.880001068115234,46.594200134277344,45.7599983215332,46.349998474121094,1121290
2025-11-14 20:30:00+00:00,45.505001068115234,45.849998474121094,45.150001525878906,45.849998474121094,1341422
2025-11-17 14:30:00+00:00,44.220001220703125,45.68199920654297,43.560001373291016,45.16999816894531,3237589
2025-11-17 15:30:00+00:00,43.619998931884766,44.20000076293945,42.720001220703125,44.189998626708984,2134833
2025-11-17 16:30:00+00:00,43.4567985534668,43.75,43.220001220703125,43.619998931884766,1062418
2025-11-17 17:30:00+00:00,43.22999954223633,43.56999969482422,42.961299896240234,43.470001220703125,947713
2025-11-17 18:30:00+00:00,42.67639923095703,43.47999954223633,42.5,43.22999954223633,1591274
2025-11-17 19:30:00+00:00,42.75,42.83000183105469,42.224998474121094,42.67499923706055,1533001
2025-11-17 20:30:00+00:00,43.30500030517578,43.560001373291016,42.54999923706055,42.77000045776367,1469843
2025-11-18 14:30:00+00:00,42.064998626708984,43.54999923706055,41.22999954223633,42.5,3933634
2025-11-18 15:30:00+00:00,42.54999923706055,42.61000061035156,41.529998779296875,42.064998626708984,1642918
2025-11-18 16:30:00+00:00,42.09000015258789,42.79999923706055,41.9900016784668,42.54499816894531,1383120
2025-11-18 17:30:00+00:00,43.11000061035156,43.599998474121094,42.029998779296875,42.06999969482422,1542386
2025-11-18 18:30:00+00:00,43.01499938964844,43.4900016784668,42.890098571777344,43.1150016784668,900528
2025-11-18 19:30:00+00:00,43.06930160522461,43.61000061035156,42.93000030517578,43.0099983215332,1092011
2025-11-18 20:30:00+00:00,42.77000045776367,43.13999938964844,42.65999984741211,43.08000183105469,5381968
2025-11-19 14:30:00+00:00,44.34000015258789,44.529998779296875,42.5,42.5,2820856
2025-11-19 15:30:00+00:00,43.310001373291016,44.41999816894531,43.15999984741211,44.32500076293945,1939400
2025-11-19 16:30:00+00:00,42.9900016784668,43.52000045776367,42.849998474121094,43.32500076293945,1236333
2025-11-19 17:30:00+00:00,43.439998626708984,43.86000061035156,42.43000030517578,42.97999954223633,1171811
2025-11-19 18:30:00+00:00,43.16999816894531,43.84000015258789,43.02000045776367,43.41999816894531,744204
2025-11-19 19:30:00+00:00,43.86000061035156,44.01530075073242,42.9900016784668,43.16999816894531,1057847
2025-11-19 20:30:00+00:00,43.599998474121094,44.11000061035156,43.459999084472656,43.880001068115234,1146600
2025-11-20 14:30:00+00:00,44.720001220703125,46.2599983215332,44.20000076293945,46.08000183105469,3536488
2025-11-20 15:30:00+00:00,42.130001068115234,44.709999084472656,42.04999923706055,44.689998626708984,2050590
2025-11-20 16:30:00+00:00,40.625,42.15999984741211,40.29999923706055,42.099998474121094,3087854
2025-11-20 17:30:00+00:00,41.029998779296875,41.730098724365234,40.06999969482422,40.61000061035156,2228308
2025-11-20 18:30:00+00:00,40.60430145263672,41.18040084838867,40.099998474121094,41.029998779296875,1549919
2025-11-20 19:30:00+00:00,40.29999923706055,40.869998931884766,40.09000015258789,40.56999969482422,1476730
2025-11-20 20:30:00+00:00,39.439998626708984,40.369998931884766,39.33000183105469,40.279998779296875,2847457
2025-11-21 14:30:00+00:00,38.18000030517578,41.04499816894531,37.900001525878906,39.845001220703125,4532761
2025-11-21 15:30:00+00:00,38.84299850463867,39.0099983215332,37.56999969482422,38.21379852294922,2469533
2025-11-21 16:30:00+00:00,39.915000915527344,40.152000427246094,38.83000183105469,38.84000015258789,1855979
2025-11-21 17:30:00+00:00,39.83000183105469,40.20000076293945,39.47999954223633,39.90999984741211,1126149
2025-11-21 18:30:00+00:00,40.851898193359375,40.900001525878906,39.815399169921875,39.83000183105469,1257452
2025-11-21 19:30:00+00:00,40.359901428222656,40.970001220703125,40.310001373291016,40.849998474121094,853237
2025-11-21 20:30:00+00:00,40.310001373291016,40.720001220703125,40.220001220703125,40.31999969482422,5714032
2025-11-24 14:30:00+00:00,41.06999969482422,41.189998626708984,39.29999923706055,40.67499923706055,5213620
2025-11-24 15:30:00+00:00,41.185001373291016,41.369998931884766,40.529998779296875,41.029998779296875,1639167
2025-11-24 16:30:00+00:00,41.46500015258789,41.54999923706055,41.08700180053711,41.16999816894531,1030430
2025-11-24 17:30:00+00:00,41.36000061035156,41.63999938964844,41.165000915527344,41.45000076293945,907569
2025-11-24 18:30:00+00:00,41.529998779296875,41.7599983215332,41.290000915527344,41.36000061035156,674119
2025-11-24 19:30:00+00:00,41.9900016784668,42.09000015258789,41.15999984741211,41.560001373291016,1077732
2025-11-24 20:30:00+00:00,42.45000076293945,42.52000045776367,41.880001068115234,41.97999954223633,3849682
2025-11-25 14:30:00+00:00,41.295101165771484,42.349998474121094,40.38029861450195,42.0,2576309
2025-11-25 15:30:00+00:00,41.470001220703125,41.790000915527344,41.14500045776367,41.290000915527344,995515
2025-11-25 16:30:00+00:00,41.70000076293945,41.79999923706055,41.189998626708984,41.474998474121094,611065
2025-11-25 17:30:00+00:00,42.10499954223633,42.22959899902344,41.709999084472656,41.709999084472656,861541
2025-11-25 18:30:00+00:00,41.869998931884766,42.18000030517578,41.66999816894531,42.12269973754883,524979
2025-11-25 19:30:00+00:00,42.47999954223633,42.6150016784668,41.77000045776367,41.88999938964844,714112
2025-11-25 20:30:00+00:00,42.599998474121094,42.80500030517578,42.439998626708984,42.5099983215332,688084
2025-11-26 14:30:00+00:00,41.81999969482422,43.58980178833008,41.529998779296875,43.210601806640625,2447075
2025-11-26 15:30:00+00:00,41.83140182495117,42.148799896240234,41.59000015258789,41.869998931884766,833476
2025-11-26 16:30:00+00:00,41.58209991455078,42.04999923706055,41.37990188598633,41.84000015258789,813724
2025-11-26 17:30:00+00:00,42.029998779296875,42.130001068115234,41.54029846191406,41.599998474121094,745937
2025-11-26 18:30:00+00:00,42.264801025390625,42.279998779296875,41.834999084472656,42.060001373291016,525232
2025-11-26 19:30:00+00:00,42.084999084472656,42.29790115356445,41.86000061035156,42.26499938964844,592791
2025-11-26 20:30:00+00:00,41.939998626708984,42.22959899902344,41.77000045776367,42.084999084472656,744223
2025-11-28 14:30:00+00:00,42.4900016784668,42.65999984741211,41.79999923706055,42.5,1595174
2025-11-28 15:30:00+00:00,42.40999984741211,42.650001525878906,42.2671012878418,42.494998931884766,741350
2025-11-28 16:30:00+00:00,42.209999084472656,42.69990158081055,42.165000915527344,42.400001525878906,698676
2025-12-01 14:30:00+00:00,40.45000076293945,41.198699951171875,40.400001525878906,41.099998474121094,2279999
2025-12-01 15:30:00+00:00,40.47999954223633,40.812198638916016,39.97999954223633,40.435001373291016,1431118
2025-12-01 16:30:00+00:00,40.720001220703125,40.97999954223633,40.4900016784668,40.4900016784668,916575
2025-12-01 17:30:00+00:00,41.2400016784668,41.29999923706055,40.65999984741211,40.75,663757
2025-12-01 18:30:00+00:00,40.86000061035156,41.2859992980957,40.68000030517578,41.2599983215332,619099
2025-12-01 19:30:00+00:00,40.817501068115234,40.900001525878906,40.650001525878906,40.86000061035156,704892
2025-12-01 20:30:00+00:00,40.380001068115234,40.86000061035156,40.22999954223633,40.81999969482422,1875329
2025-12-02 14:30:00+00:00,42.34000015258789,42.989601135253906,40.41999816894531,40.560001373291016,2729100
2025-12-02 15:30:00+00:00,41.923301696777344,42.690101623535156,41.77000045776367,42.349998474121094,1633008
2025-12-02 16:30:00+00:00,42.38999938964844,42.5,41.68989944458008,41.93000030517578,953704
2025-12-02 17:30:00+00:00,41.873199462890625,42.47999954223633,41.81999969482422,42.38999938964844,745070
2025-12-02 18:30:00+00:00,41.849998474121094,41.939998626708984,41.470001220703125,41.869998931884766,901648
2025-12-02 19:30:00+00:00,42.02000045776367,42.34000015258789,41.83000183105469,41.84000015258789,768321
2025-12-02 20:30:00+00:00,41.88999938964844,42.189998626708984,41.81999969482422,42.040000915527344,874623
2025-12-03 14:30:00+00:00,42.137901306152344,42.61000061035156,41.5,41.89500045776367,2390259
2025-12-03 15:30:00+00:00,42.58000183105469,42.91999816894531,42.0098991394043,42.13999938964844,1073455
2025-12-03 16:30:00+00:00,43.4900016784668,43.560001373291016,42.56079864501953,42.58000183105469,1249755
2025-12-03 17:30:00+00:00,43.7599983215332,43.86000061035156,43.31999969482422,43.48929977416992,1224858
2025-12-03 18:30:00+00:00,43.75,44.14500045776367,43.56010055541992,43.77000045776367,891570
2025-12-03 19:30:00+00:00,44.529998779296875,44.56999969482422,43.73350143432617,43.75,1034811
2025-12-03 20:30:00+00:00,44.72999954223633,44.7400016784668,44.47999954223633,44.540000915527344,1264518
2025-12-04 14:30:00+00:00,47.13999938964844,47.36989974975586,44.81999969482422,45.209999084472656,5008389
2025-12-04 15:30:00+00:00,48.15739822387695,48.40999984741211,46.93000030517578,47.13999938964844,3053905
2025-12-04 16:30:00+00:00,48.297401428222656,48.47999954223633,47.704200744628906,48.13999938964844,1474911
2025-12-04 17:30:00+00:00,48.77320098876953,48.79999923706055,48.16999816894531,48.279998779296875,1369243
2025-12-04 18:30:00+00:00,48.61000061035156,49.02000045776367,48.02000045776367,48.77980041503906,1687594
2025-12-04 19:30:00+00:00,49.400001525878906,49.470001220703125,47.0,48.630001068115234,5078346
2025-12-04 20:30:00+00:00,49.380001068115234,49.68000030517578,49.06999969482422,49.39500045776367,1796316
2025-12-05 14:30:00+00:00,49.34000015258789,49.69990158081055,48.04999923706055,48.875,3407499
2025-12-05 15:30:00+00:00,48.61180114746094,49.59000015258789,48.369998931884766,49.33000183105469,1160886
2025-12-05 16:30:00+00:00,47.88999938964844,48.65999984741211,47.75,48.58000183105469,1299003
2025-12-05 17:30:00+00:00,48.56840133666992,48.689998626708984,47.84000015258789,47.92499923706055,614300
2025-12-05 18:30:00+00:00,48.83000183105469,49.334999084472656,48.2599983215332,48.540000915527344,1219536
2025-12-05 19:30:00+00:00,49.470001220703125,49.650001525878906,48.75,48.83000183105469,1016276
2025-12-05 20:30:00+00:00,49.04999923706055,49.54100036621094,49.04999923706055,49.470001220703125,867500
2025-12-08 14:30:00+00:00,49.49620056152344,51.75,49.33700180053711,50.07500076293945,4566488
2025-12-08 15:30:00+00:00,50.619998931884766,50.77000045776367,49.220001220703125,49.52000045776367,1851197
2025-12-08 16:30:00+00:00,50.40999984741211,51.0,50.040000915527344,50.619998931884766,990863
2025-12-08 17:30:00+00:00,50.689998626708984,51.310001373291016,50.380001068115234,50.41999816894531,1240749
2025-12-08 18:30:00+00:00,50.5099983215332,50.904998779296875,50.0099983215332,50.689998626708984,726784
2025-12-08 19:30:00+00:00,51.66999816894531,51.709999084472656,50.4900016784668,50.494998931884766,1091462
2025-12-08 20:30:00+00:00,51.54999923706055,52.369998931884766,51.27000045776367,51.650001525878906,2011766
2025-12-09 14:30:00+00:00,51.41999816894531,51.959999084472656,50.34000015258789,51.560001373291016,2552734
2025-12-09 15:30:00+00:00,51.81050109863281,51.959999084472656,51.11000061035156,51.41999816894531,1278594
2025-12-09 16:30:00+00:00,52.15999984741211,52.58399963378906,51.76430130004883,51.81050109863281,1099385
2025-12-09 17:30:00+00:00,52.404998779296875,52.470001220703125,51.72999954223633,52.15999984741211,961019
2025-12-09 18:30:00+00:00,52.11000061035156,52.40999984741211,51.27000045776367,52.404998779296875,889377
2025-12-09 19:30:00+00:00,52.43000030517578,52.869998931884766,52.11000061035156,52.11000061035156,1153176
2025-12-09 20:30:00+00:00,53.415000915527344,53.75,51.560001373291016,52.43000030517578,2374933
2025-12-10 14:30:00+00:00,53.92279815673828,55.84000015258789,52.25,53.439998626708984,5692456
2025-12-10 15:30:00+00:00,55.70000076293945,55.77000045776367,53.35139846801758,53.900001525878906,2658759
2025-12-10 16:30:00+00:00,56.66999816894531,58.150001525878906,55.650001525878906,55.72999954223633,5506708
2025-12-10 17:30:00+00:00,56.700599670410156,57.04999923706055,55.95240020751953,56.65999984741211,2158366
2025-12-10 18:30:00+00:00,57.720001220703125,58.83000183105469,56.099998474121094,56.70000076293945,3625063
2025-12-10 19:30:00+00:00,58.147098541259766,58.349998474121094,56.80009841918945,57.7400016784668,3104468
2025-12-10 20:30:00+00:00,57.47999954223633,58.369998931884766,57.349998474121094,58.1515998840332,2142869
2025-12-11 14:30:00+00:00,59.755001068115234,60.560001373291016,56.86000061035156,57.5099983215332,6696267
2025-12-11 15:30:00+00:00,59.83000183105469,60.599998474121094,58.720001220703125,59.790000915527344,3189274
2025-12-11 16:30:00+00:00,61.83319854736328,61.869998931884766,59.81169891357422,59.875,2241588
2025-12-11 17:30:00+00:00,62.470001220703125,62.93000030517578,61.52000045776367,61.83000183105469,2428110
2025-12-11 18:30:00+00:00,62.86000061035156,63.5,62.400001525878906,62.47119903564453,2128631
2025-12-11 19:30:00+00:00,63.54999923706055,63.70669937133789,62.660400390625,62.86629867553711,2183363
2025-12-11 20:30:00+00:00,63.52000045776367,64.12999725341797,63.27000045776367,63.54999923706055,1973690
2025-12-12 14:30:00+00:00,62.650001525878906,65.18000030517578,62.400001525878906,62.602500915527344,6092510
2025-12-12 15:30:00+00:00,61.2400016784668,63.86000061035156,60.290000915527344,62.650001525878906,5077813
2025-12-12 16:30:00+00:00,62.13999938964844,62.86880111694336,59.79999923706055,61.220001220703125,3495621
2025-12-12 17:30:00+00:00,64.0199966430664,64.41999816894531,61.90999984741211,62.1431999206543,2721831
2025-12-12 18:30:00+00:00,63.50400161743164,64.4000015258789,62.90999984741211,64.05000305175781,2078522
2025-12-12 19:30:00+00:00,61.400001525878906,63.964599609375,61.38999938964844,63.5,1840560
2025-12-12 20:30:00+00:00,61.47999954223633,61.93000030517578,61.209999084472656,61.400001525878906,1808344
2025-12-15 14:30:00+00:00,56.70009994506836,64.55999755859375,56.33000183105469,63.0,9560226
2025-12-15 15:30:00+00:00,57.61920166015625,58.32500076293945,56.20000076293945,56.744998931884766,3666524
2025-12-15 16:30:00+00:00,56.920101165771484,57.64120101928711,56.16999816894531,57.64120101928711,2114090
2025-12-15 17:30:00+00:00,55.790000915527344,57.099998474121094,55.68000030517578,56.93119812011719,1744524
2025-12-15 18:30:00+00:00,55.90999984741211,56.63990020751953,55.52000045776367,55.779998779296875,2023257
2025-12-15 19:30:00+00:00,55.505001068115234,56.72999954223633,55.34000015258789,55.93370056152344,1760130
2025-12-15 20:30:00+00:00,55.38999938964844,55.66999816894531,55.08000183105469,55.5099983215332,1792994
2025-12-16 14:30:00+00:00,53.29999923706055,56.72999954223633,52.68000030517578,54.189998626708984,5928263
2025-12-16 15:30:00+00:00,54.7599983215332,55.0099983215332,52.71009826660156,53.27000045776367,2885813
2025-12-16 16:30:00+00:00,55.439998626708984,55.5,54.29999923706055,54.75,1771258
2025-12-16 17:30:00+00:00,55.334999084472656,55.95000076293945,54.80009841918945,55.43000030517578,1627772
2025-12-16 18:30:00+00:00,54.79999923706055,55.98929977416992,54.529998779296875,55.314998626708984,1271204
2025-12-16 19:30:00+00:00,54.9900016784668,55.0,54.220001220703125,54.79999923706055,1068517
2025-12-16 20:30:00+00:00,55.470001220703125,55.62990188598633,54.95000076293945,54.97999954223633,6288367
2025-12-17 14:30:00+00:00,55.709999084472656,56.90999984741211,53.349998474121094,56.290000915527344,4362839
2025-12-17 15:30:00+00:00,54.599998474121094,55.899898529052734,53.880001068115234,55.72919845581055,3068459
2025-12-17 16:30:00+00:00,55.184898376464844,55.54999923706055,53.927398681640625,54.59000015258789,1374267
2025-12-17 17:30:00+00:00,54.56999969482422,55.4900016784668,54.31999969482422,55.209999084472656,764755
2025-12-17 18:30:00+00:00,53.77730178833008,54.65999984741211,53.084999084472656,54.54999923706055,1738094
2025-12-17 19:30:00+00:00,53.599998474121094,53.90999984741211,53.349998474121094,53.7599983215332,1107626
2025-12-17 20:30:00+00:00,53.91999816894531,54.22999954223633,53.5,53.630001068115234,1102512
2025-12-18 14:30:00+00:00,57.69160079956055,58.82680130004883,56.029998779296875,56.099998474121094,4989989
2025-12-18 15:30:00+00:00,57.26499938964844,58.22999954223633,56.84980010986328,57.70000076293945,1950240
2025-12-18 16:30:00+00:00,58.745201110839844,59.4838981628418,57.22999954223633,57.22999954223633,3279709
2025-12-18 17:30:00+00:00,58.7318000793457,59.209999084472656,58.310001373291016,58.70000076293945,1614848
2025-12-18 18:30:00+00:00,59.26300048828125,59.459999084472656,58.56850051879883,58.77000045776367,1612371
2025-12-18 19:30:00+00:00,59.42300033569336,59.63999938964844,58.230098724365234,59.27799987792969,1871220
2025-12-18 20:30:00+00:00,59.90999984741211,60.25,59.34000015258789,59.40999984741211,1944011
2025-12-19 14:30:00+00:00,66.1449966430664,66.25,60.746498107910156,61.17879867553711,7312055
2025-12-19 15:30:00+00:00,68.16010284423828,68.44999694824219,64.62999725341797,66.12000274658203,5210922
2025-12-19 16:30:00+00:00,69.74449920654297,70.3499984741211,68.01000213623047,68.16999816894531,5837732
2025-12-19 17:30:00+00:00,70.05139923095703,70.33809661865234,69.06999969482422,69.7300033569336,3679073
2025-12-19 18:30:00+00:00,70.23999786376953,70.38999938964844,68.7300033569336,70.0718002319336,3050272
2025-12-19 19:30:00+00:00,70.22460174560547,70.47000122070312,69.80000305175781,70.21499633789062,2348966
2025-12-19 20:30:00+00:00,70.52999877929688,70.55560302734375,69.7699966430664,70.20999908447266,3097037
2025-12-22 14:30:00+00:00,75.62000274658203,77.08799743652344,72.75199890136719,72.94999694824219,12052799
2025-12-22 15:30:00+00:00,76.80999755859375,77.3499984741211,74.75,75.6449966430664,5119451
2025-12-22 16:30:00+00:00,78.1500015258789,78.44000244140625,76.26000213623047,76.80999755859375,4471702
2025-12-22 17:30:00+00:00,78.1500015258789,78.37000274658203,77.52999877929688,78.1500015258789,2533486
2025-12-22 18:30:00+00:00,77.76000213623047,78.30000305175781,76.75,78.16999816894531,2804192
2025-12-22 19:30:00+00:00,77.52999877929688,78.22000122070312,76.87999725341797,77.7699966430664,2261576
2025-12-22 20:30:00+00:00,77.55999755859375,77.90499877929688,76.94999694824219,77.51000213623047,2465537
2025-12-23 14:30:00+00:00,77.94000244140625,79.17990112304688,74.2699966430664,75.5,11488913
2025-12-23 15:30:00+00:00,76.91000366210938,78.22000122070312,76.58000183105469,77.96050262451172,3117893
2025-12-23 16:30:00+00:00,77.04440307617188,77.91999816894531,76.87999725341797,76.93000030517578,2158525
2025-12-23 17:30:00+00:00,77.08999633789062,77.27639770507812,75.52999877929688,77.05999755859375,2205258
2025-12-23 18:30:00+00:00,77.6500015258789,77.80000305175781,76.1500015258789,77.0999984741211,1751673
2025-12-23 19:30:00+00:00,77.48999786376953,78.18000030517578,77.16999816894531,77.65499877929688,1907582
2025-12-23 20:30:00+00:00,77.13500213623047,77.87909698486328,76.98310089111328,77.44999694824219,1304254
2025-12-24 14:30:00+00:00,76.05999755859375,79.28990173339844,74.80069732666016,79.0,5381264
2025-12-24 15:30:00+00:00,76.76899719238281,76.94999694824219,75.86000061035156,76.11000061035156,1553740
2025-12-24 16:30:00+00:00,77.1449966430664,78.04000091552734,76.23999786376953,76.77999877929688,2104364
2025-12-26 14:30:00+00:00,72.01000213623047,76.98999786376953,71.19999694824219,76.25,6127482
2025-12-26 15:30:00+00:00,72.05999755859375,72.66000366210938,70.88999938964844,72.0199966430664,2766008
2025-12-26 16:30:00+00:00,72.30999755859375,72.4000015258789,71.23999786376953,72.11000061035156,1510108
2025-12-26 17:30:00+00:00,71.95999908447266,72.64179992675781,71.80000305175781,72.33999633789062,1110374
2025-12-26 18:30:00+00:00,71.55999755859375,72.02880096435547,71.44999694824219,71.98999786376953,902013
2025-12-26 19:30:00+00:00,70.78500366210938,71.95999908447266,70.69000244140625,71.55999755859375,1635947
2025-12-26 20:30:00+00:00,70.5999984741211,71.19000244140625,70.38999938964844,70.80000305175781,7004373
2025-12-29 14:30:00+00:00,71.31999969482422,72.73999786376953,69.4000015258789,69.5,5483997
2025-12-29 15:30:00+00:00,71.55999755859375,72.11139678955078,70.75309753417969,71.33200073242188,1999680
2025-12-29 16:30:00+00:00,70.78500366210938,72.0,70.58999633789062,71.54080200195312,1338304
2025-12-29 17:30:00+00:00,71.0510025024414,71.80000305175781,70.5000991821289,70.79000091552734,1248264
2025-12-29 18:30:00+00:00,70.33999633789062,71.09300231933594,69.9000015258789,71.07499694824219,1031429
2025-12-29 19:30:00+00:00,70.2593994140625,70.66000366210938,69.9000015258789,70.35790252685547,915705
2025-12-29 20:30:00+00:00,70.08000183105469,70.40499877929688,69.87999725341797,70.25,1053210
2025-12-30 14:30:00+00:00,70.99800109863281,74.02999877929688,70.48999786376953,73.5,7924150
2025-12-30 15:30:00+00:00,73.91999816894531,74.69000244140625,70.44000244140625,70.96499633789062,4486542
2025-12-30 16:30:00+00:00,72.02999877929688,74.23999786376953,71.93000030517578,73.87999725341797,2668892
2025-12-30 17:30:00+00:00,72.24729919433594,72.74009704589844,71.9968032836914,72.02999877929688,1447949
2025-12-30 18:30:00+00:00,71.95500183105469,72.44999694824219,71.37999725341797,72.25,1339909
2025-12-30 19:30:00+00:00,70.83000183105469,72.11000061035156,70.71150207519531,71.97319793701172,1586376
2025-12-30 20:30:00+00:00,70.46179962158203,71.02999877929688,70.44499969482422,70.81999969482422,1235262
2025-12-31 14:30:00+00:00,70.7699966430664,73.1958999633789,69.94999694824219,71.68000030517578,3919800
2025-12-31 15:30:00+00:00,70.48999786376953,71.31999969482422,70.19999694824219,70.77999877929688,1962595
2025-12-31 16:30:00+00:00,70.55000305175781,70.83000183105469,70.12999725341797,70.5199966430664,1272009
2025-12-31 17:30:00+00:00,70.73500061035156,70.94000244140625,70.4000015258789,70.5438003540039,820025
2025-12-31 18:30:00+00:00,70.29530334472656,71.02999877929688,70.16000366210938,70.76000213623047,733169
2025-12-31 19:30:00+00:00,69.5999984741211,70.33499908447266,69.12999725341797,70.28500366210938,1415627
2025-12-31 20:30:00+00:00,69.76000213623047,69.88999938964844,69.25,69.61000061035156,1243252
2026-01-02 14:30:00+00:00,69.68499755859375,71.94999694824219,66.8499984741211,70.5,6128628
2026-01-02 15:30:00+00:00,71.48999786376953,71.83989715576172,69.52999877929688,69.67500305175781,2975577
2026-01-02 16:30:00+00:00,73.44999694824219,73.9800033569336,71.13009643554688,71.50499725341797,2926894
2026-01-02 17:30:00+00:00,72.83000183105469,73.58000183105469,72.15010070800781,73.43499755859375,2092423
2026-01-02 18:30:00+00:00,74.80269622802734,74.95819854736328,72.54000091552734,72.87000274658203,1834047
2026-01-02 19:30:00+00:00,75.30000305175781,75.54889678955078,74.23999786376953,74.82029724121094,2756674
2026-01-02 20:30:00+00:00,76.0199966430664,76.06999969482422,75.13999938964844,75.30799865722656,2063902
2026-01-05 14:30:00+00:00,73.94349670410156,74.71839904785156,71.30999755859375,74.55000305175781,7311607
2026-01-05 15:30:00+00:00,74.62999725341797,75.69000244140625,73.7300033569336,73.91000366210938,2915241
2026-01-05 16:30:00+00:00,74.69170379638672,74.75879669189453,72.95079803466797,74.61000061035156,3051646
2026-01-05 17:30:00+00:00,76.22000122070312,76.4999008178711,74.54000091552734,74.72049713134766,2679442
2026-01-05 18:30:00+00:00,76.70279693603516,76.94999694824219,75.56999969482422,76.24500274658203,2079083
2026-01-05 19:30:00+00:00,77.2300033569336,77.50499725341797,76.32119750976562,76.70999908447266,2105056
2026-01-05 20:30:00+00:00,78.16000366210938,78.25,77.12999725341797,77.23989868164062,1983402
2026-01-06 14:30:00+00:00,77.77010345458984,78.87000274658203,74.05000305175781,77.22000122070312,6065755
2026-01-06 15:30:00+00:00,79.5999984741211,79.67990112304688,77.27999877929688,77.7699966430664,4403166
2026-01-06 16:30:00+00:00,81.21009826660156,81.9800033569336,78.90010070800781,79.58000183105469,5030503
2026-01-06 17:30:00+00:00,82.9343032836914,83.46800231933594,81.20999908447266,81.2300033569336,3830837
2026-01-06 18:30:00+00:00,84.56999969482422,85.33989715576172,82.84539794921875,82.94000244140625,4251926
2026-01-06 19:30:00+00:00,85.80000305175781,85.87000274658203,84.44000244140625,84.8550033569336,3336218
2026-01-06 20:30:00+00:00,86.02799987792969,86.25,85.55000305175781,85.78500366210938,1967953
2026-01-07 14:30:00+00:00,83.9800033569336,85.41000366210938,82.1583023071289,84.13999938964844,5303351
2026-01-07 15:30:00+00:00,84.51000213623047,85.16999816894531,83.68009948730469,83.9800033569336,2653525
2026-01-07 16:30:00+00:00,83.76000213623047,85.95989990234375,83.4000015258789,84.56600189208984,2192026
2026-01-07 17:30:00+00:00,83.74259948730469,83.98300170898438,81.8499984741211,83.73999786376953,2480738
2026-01-07 18:30:00+00:00,85.42269897460938,85.54000091552734,83.22000122070312,83.76000213623047,2498530
2026-01-07 19:30:00+00:00,83.68499755859375,85.63990020751953,83.38999938964844,85.44000244140625,2573140
2026-01-07 20:30:00+00:00,84.08000183105469,84.45999908447266,83.29000091552734,83.69999694824219,1455405
2026-01-08 14:30:00+00:00,86.55000305175781,89.87000274658203,84.12010192871094,85.5,8127657
2026-01-08 15:30:00+00:00,85.34500122070312,86.86000061035156,82.5,86.58499908447266,3653980
2026-01-08 16:30:00+00:00,83.62999725341797,85.8499984741211,83.23200225830078,85.3499984741211,2314811
2026-01-08 17:30:00+00:00,83.58999633789062,85.12000274658203,83.33000183105469,83.69860076904297,1780510
2026-01-08 18:30:00+00:00,83.82879638671875,83.93000030517578,82.26000213623047,83.56780242919922,1675788
2026-01-08 19:30:00+00:00,82.62999725341797,84.20999908447266,82.61000061035156,83.8550033569336,1529254
2026-01-08 20:30:00+00:00,83.04000091552734,83.30999755859375,82.60009765625,82.6500015258789,8626031
2026-01-09 14:30:00+00:00,87.81999969482422,88.42990112304688,82.44999694824219,84.5250015258789,5827159
2026-01-09 15:30:00+00:00,86.86000061035156,88.0,84.22000122070312,87.8499984741211,3059310
2026-01-09 16:30:00+00:00,87.01499938964844,87.5291976928711,86.05999755859375,86.86000061035156,2134928
2026-01-09 17:30:00+00:00,85.0530014038086,87.25,84.55999755859375,87.0199966430664,1735981
2026-01-09 18:30:00+00:00,85.36270141601562,86.69999694824219,85.02999877929688,85.05000305175781,1530804
2026-01-09 19:30:00+00:00,84.5248031616211,85.5999984741211,83.7699966430664,85.29010009765625,1450227
2026-01-09 20:30:00+00:00,84.79000091552734,85.30000305175781,84.2699966430664,84.4800033569336,1013901
2026-01-12 14:30:00+00:00,84.88999938964844,88.83989715576172,83.41889953613281,84.9800033569336,5587166
2026-01-12 15:30:00+00:00,86.50499725341797,86.69999694824219,83.80000305175781,84.8499984741211,2205802
2026-01-12 16:30:00+00:00,85.04560089111328,86.83999633789062,84.91999816894531,86.58000183105469,1460698
2026-01-12 17:30:00+00:00,86.12999725341797,86.4000015258789,84.75,85.05500030517578,1149145
2026-01-12 18:30:00+00:00,87.21499633789062,87.23999786376953,86.08000183105469,86.11000061035156,1461003
2026-01-12 19:30:00+00:00,87.7699966430664,88.23999786376953,86.87999725341797,87.23999786376953,1662233
2026-01-12 20:30:00+00:00,87.94000244140625,88.44999694824219,87.41000366210938,87.73999786376953,1314745
2026-01-13 14:30:00+00:00,86.3511962890625,89.72920227050781,85.75350189208984,88.631103515625,4693780
2026-01-13 15:30:00+00:00,86.40070343017578,87.68000030517578,85.65010070800781,86.31999969482422,2002572
2026-01-13 16:30:00+00:00,87.5,87.93000030517578,85.95999908447266,86.38739776611328,1408398
2026-01-13 17:30:00+00:00,88.20069885253906,88.62999725341797,87.0999984741211,87.52999877929688,1926246
2026-01-13 18:30:00+00:00,88.41010284423828,88.6500015258789,86.57499694824219,88.20999908447266,1817556
2026-01-13 19:30:00+00:00,86.34140014648438,89.1500015258789,86.29000091552734,88.43000030517578,1783683
2026-01-13 20:30:00+00:00,86.58999633789062,86.98989868164062,85.81900024414062,86.3499984741211,6607181
2026-01-14 14:30:00+00:00,86.7699966430664,88.9800033569336,84.5,86.27999877929688,5073896
2026-01-14 15:30:00+00:00,89.25,90.49140167236328,85.9000015258789,86.80000305175781,3275300
2026-01-14 16:30:00+00:00,88.20700073242188,89.4000015258789,86.5,89.19000244140625,2795994
2026-01-14 17:30:00+00:00,89.6500015258789,90.05989837646484,87.0999984741211,88.19999694824219,2164174
2026-01-14 18:30:00+00:00,90.05000305175781,90.30999755859375,88.55010223388672,89.6500015258789,2012292
2026-01-14 19:30:00+00:00,91.8021011352539,92.12000274658203,89.5,90.08999633789062,2565645
2026-01-14 20:30:00+00:00,91.7490005493164,92.19000244140625,91.19999694824219,91.83000183105469,8775981
2026-01-15 14:30:00+00:00,87.95999908447266,90.12999725341797,87.52660369873047,89.26499938964844,5433315
2026-01-15 15:30:00+00:00,87.75,88.69999694824219,86.66000366210938,87.96499633789062,2453966
2026-01-15 16:30:00+00:00,89.05000305175781,89.06780242919922,87.62000274658203,87.69999694824219,1888025
2026-01-15 17:30:00+00:00,91.11080169677734,91.27999877929688,89.0199966430664,89.0199966430664,2206923
2026-01-15 18:30:00+00:00,91.33000183105469,92.45899963378906,90.55999755859375,91.10579681396484,2408187
2026-01-15 19:30:00+00:00,90.66999816894531,91.49859619140625,90.0,91.3385009765625,1738237
2026-01-15 20:30:00+00:00,90.75,91.13999938964844,89.80999755859375,90.61000061035156,1189847
2026-01-16 14:30:00+00:00,96.8499984741211,97.98999786376953,92.4010009765625,92.5250015258789,9246038
2026-01-16 15:30:00+00:00,96.23999786376953,99.58000183105469,95.70999908447266,96.8906021118164,5265994
2026-01-16 16:30:00+00:00,96.36000061035156,97.41999816894531,95.7300033569336,96.23999786376953,2225590
2026-01-16 17:30:00+00:00,97.21499633789062,97.53630065917969,95.62010192871094,96.4000015258789,1778757
2026-01-16 18:30:00+00:00,98.20050048828125,99.23739624023438,97.1155014038086,97.24169921875,2765444
2026-01-16 19:30:00+00:00,97.45700073242188,99.18000030517578,97.26000213623047,98.23500061035156,2205229
2026-01-16 20:30:00+00:00,96.18499755859375,97.47000122070312,96.15480041503906,97.44000244140625,1535567
2026-01-20 14:30:00+00:00,92.18000030517578,98.2698974609375,91.60009765625,93.73999786376953,7215167
2026-01-20 15:30:00+00:00,92.375,93.44000244140625,91.8499984741211,92.17500305175781,2243905
2026-01-20 16:30:00+00:00,91.26480102539062,93.08000183105469,90.5999984741211,92.3499984741211,2201549
2026-01-20 17:30:00+00:00,90.33000183105469,91.37999725341797,89.54000091552734,91.19000244140625,1950466
2026-01-20 18:30:00+00:00,89.83999633789062,90.66999816894531,89.43000030517578,90.41999816894531,1271419
2026-01-20 19:30:00+00:00,89.25,90.2708969116211,88.51010131835938,89.79060363769531,2070174
2026-01-20 20:30:00+00:00,89.08000183105469,89.44999694824219,88.30000305175781,89.27999877929688,1682794
2026-01-21 14:30:00+00:00,88.55000305175781,91.25,85.80999755859375,90.0199966430664,5465188
2026-01-21 15:30:00+00:00,87.06999969482422,89.6500015258789,86.53800201416016,88.66510009765625,1867100
2026-01-21 16:30:00+00:00,83.78199768066406,87.11000061035156,83.5,87.01000213623047,3585717
2026-01-21 17:30:00+00:00,84.38500213623047,84.98999786376953,82.70999908447266,83.73500061035156,2483886
2026-01-21 18:30:00+00:00,86.0250015258789,86.5999984741211,83.4800033569336,84.41999816894531,1679713
2026-01-21 19:30:00+00:00,86.69989776611328,88.08999633789062,85.56999969482422,86.0250015258789,2765171
2026-01-21 20:30:00+00:00,87.83000183105469,87.9000015258789,86.1500015258789,86.58999633789062,1417932
2026-01-22 14:30:00+00:00,83.27999877929688,87.3499984741211,81.35060119628906,86.37999725341797,7068334
2026-01-22 15:30:00+00:00,83.37000274658203,85.08999633789062,82.91000366210938,83.26499938964844,2522947
2026-01-22 16:30:00+00:00,83.7300033569336,84.27999877929688,82.5999984741211,83.33999633789062,1857938
2026-01-22 17:30:00+00:00,85.69390106201172,86.0199966430664,83.71009826660156,83.71009826660156,1994623
2026-01-22 18:30:00+00:00,88.34010314941406,88.4000015258789,85.66000366210938,85.68000030517578,2692321
2026-01-22 19:30:00+00:00,88.60549926757812,89.4000015258789,88.30999755859375,88.37000274658203,2402710
2026-01-22 20:30:00+00:00,87.94999694824219,88.58000183105469,87.2699966430664,88.58000183105469,1473284
2026-01-23 14:30:00+00:00,89.6604995727539,90.31999969482422,86.131103515625,90.25,3989577
2026-01-23 15:30:00+00:00,90.68409729003906,91.95719909667969,89.56999969482422,89.62000274658203,3221131
2026-01-23 16:30:00+00:00,94.0344009399414,94.44989776611328,90.52999877929688,90.63999938964844,3080010
2026-01-23 17:30:00+00:00,92.58000183105469,94.15989685058594,92.04000091552734,94.02999877929688,2126383
2026-01-23 18:30:00+00:00,91.45999908447266,92.79000091552734,90.7699966430664,92.61000061035156,1715555
2026-01-23 19:30:00+00:00,88.62000274658203,91.4124984741211,88.5,91.41000366210938,1922677
2026-01-23 20:30:00+00:00,88.87100219726562,89.2249984741211,87.6613998413086,88.5999984741211,1447747
2026-01-26 14:30:00+00:00,84.99099731445312,87.12999725341797,84.27999877929688,86.79000091552734,3695261
2026-01-26 15:30:00+00:00,83.19000244140625,85.37999725341797,82.4000015258789,84.94999694824219,2713038
2026-01-26 16:30:00+00:00,83.51000213623047,84.5,82.81999969482422,83.17240142822266,1605122
2026-01-26 17:30:00+00:00,82.80220031738281,83.70999908447266,82.16999816894531,83.5,1460428
2026-01-26 18:30:00+00:00,82.46330261230469,83.1050033569336,82.27999877929688,82.77999877929688,947402
2026-01-26 19:30:00+00:00,80.24500274658203,82.47000122070312,80.01000213623047,82.44000244140625,2777478
2026-01-26 20:30:00+00:00,80.44999694824219,80.83999633789062,80.1500015258789,80.24009704589844,1648676
2026-01-27 14:30:00+00:00,85.83499908447266,85.9800033569336,82.0,82.81500244140625,4200488
2026-01-27 15:30:00+00:00,85.32319641113281,85.9800033569336,83.90139770507812,85.80010223388672,2173164
2026-01-27 16:30:00+00:00,85.20880126953125,86.27999877929688,85.0250015258789,85.30000305175781,1404248
2026-01-27 17:30:00+00:00,85.91000366210938,86.4000015258789,85.0,85.16999816894531,1210603
2026-01-27 18:30:00+00:00,86.19999694824219,86.4000015258789,85.55000305175781,85.92500305175781,1035259
2026-01-27 19:30:00+00:00,86.29969787597656,86.73999786376953,85.63420104980469,86.19000244140625,1249248
2026-01-27 20:30:00+00:00,86.98999786376953,87.0,85.75499725341797,86.29000091552734,1152687
2026-01-28 14:30:00+00:00,88.18499755859375,89.30000305175781,86.33000183105469,87.22000122070312,3292609
2026-01-28 15:30:00+00:00,88.6500015258789,88.79000091552734,87.30999755859375,88.18499755859375,1517028
2026-01-28 16:30:00+00:00,88.8550033569336,89.15989685058594,87.55000305175781,88.58999633789062,1154170
2026-01-28 17:30:00+00:00,88.54499816894531,88.9000015258789,87.05999755859375,88.76000213623047,1064169
2026-01-28 18:30:00+00:00,87.1050033569336,89.19999694824219,87.05000305175781,88.55000305175781,1218220
2026-01-28 19:30:00+00:00,87.56500244140625,89.80000305175781,86.02760314941406,87.23159790039062,2047134
2026-01-28 20:30:00+00:00,88.55999755859375,88.5999984741211,87.3949966430664,87.52999877929688,932304
2026-01-29 14:30:00+00:00,85.06999969482422,89.0,84.29000091552734,87.93499755859375,3129773
2026-01-29 15:30:00+00:00,84.06999969482422,85.56999969482422,83.0,85.08000183105469,2052628
2026-01-29 16:30:00+00:00,86.00569915771484,86.3499984741211,83.80000305175781,84.06999969482422,1325162
2026-01-29 17:30:00+00:00,86.48500061035156,86.76909637451172,85.63020324707031,85.95999908447266,1024138
2026-01-29 18:30:00+00:00,87.05000305175781,87.08999633789062,85.33000183105469,86.44999694824219,1024896
2026-01-29 19:30:00+00:00,83.30999755859375,87.05000305175781,83.30999755859375,87.0250015258789,1155467
2026-01-29 20:30:00+00:00,85.66999816894531,85.75,83.19999694824219,83.33499908447266,1135163
2026-01-30 14:30:00+00:00,81.78500366210938,89.31999969482422,81.44000244140625,84.95999908447266,4952797
2026-01-30 15:30:00+00:00,81.45999908447266,84.05000305175781,81.13999938964844,81.73999786376953,1697736
2026-01-30 16:30:00+00:00,82.02999877929688,82.27989959716797,80.66000366210938,81.41000366210938,1478064
2026-01-30 17:30:00+00:00,79.30999755859375,81.96499633789062,78.02999877929688,81.87000274658203,2804871
2026-01-30 18:30:00+00:00,79.68000030517578,80.78009796142578,78.37999725341797,79.293701171875,1860472
2026-01-30 19:30:00+00:00,78.30500030517578,80.16000366210938,78.27999877929688,79.68000030517578,1362827
2026-01-30 20:30:00+00:00,80.05000305175781,80.5999984741211,78.25,78.29000091552734,1462780
2026-02-02 14:30:00+00:00,77.23999786376953,80.69999694824219,75.30000305175781,79.17500305175781,4260825
2026-02-02 15:30:00+00:00,76.16999816894531,77.91000366210938,75.69000244140625,77.23999786376953,1481552
2026-02-02 16:30:00+00:00,75.95999908447266,76.37000274658203,75.16999816894531,76.12000274658203,1459874
2026-02-02 17:30:00+00:00,75.72000122070312,76.02999877929688,75.29000091552734,75.91999816894531,930531
2026-02-02 18:30:00+00:00,75.80000305175781,76.19999694824219,75.27999877929688,75.70999908447266,1076368
2026-02-02 19:30:00+00:00,74.2699966430664,75.87000274658203,74.20999908447266,75.80000305175781,1783098
2026-02-02 20:30:00+00:00,74.16000366210938,74.38999938964844,73.87899780273438,74.26000213623047,5544154
2026-02-03 14:30:00+00:00,78.5999984741211,78.86000061035156,75.96499633789062,78.61000061035156,3909706
2026-02-03 15:30:00+00:00,77.79000091552734,79.44999694824219,77.27999877929688,78.63500213623047,1936374
2026-02-03 16:30:00+00:00,78.39949798583984,79.4800033569336,77.54000091552734,77.83999633789062,1542458
2026-02-03 17:30:00+00:00,77.78720092773438,78.8499984741211,77.0199966430664,78.44000244140625,1204933
2026-02-03 18:30:00+00:00,77.57510375976562,78.33000183105469,75.7699966430664,77.77649688720703,1367412
2026-02-03 19:30:00+00:00,78.76000213623047,79.30000305175781,76.74600219726562,77.58000183105469,1141110
2026-02-03 20:30:00+00:00,81.31999969482422,81.31999969482422,78.80750274658203,78.80750274658203,1666216
2026-02-04 14:30:00+00:00,75.05999755859375,81.3499984741211,74.88999938964844,81.3499984741211,3555581
2026-02-04 15:30:00+00:00,71.69999694824219,75.19000244140625,70.7300033569336,75.04989624023438,3656532
2026-02-04 16:30:00+00:00,69.5199966430664,71.8949966430664,69.31999969482422,71.7249984741211,2623865
2026-02-04 17:30:00+00:00,70.24500274658203,70.4000015258789,68.56279754638672,69.53500366210938,2270865
2026-02-04 18:30:00+00:00,69.73999786376953,70.44860076904297,68.56999969482422,70.33889770507812,2031448
2026-02-04 19:30:00+00:00,72.04499816894531,73.77999877929688,69.5,69.80000305175781,3020345
2026-02-04 20:30:00+00:00,73.16000366210938,73.44000244140625,71.93000030517578,72.04499816894531,1366989
2026-02-05 14:30:00+00:00,68.22029876708984,72.9800033569336,67.87999725341797,69.79199981689453,4689669
2026-02-05 15:30:00+00:00,69.5999984741211,69.9000015258789,67.05010223388672,68.23999786376953,2275570
2026-02-05 16:30:00+00:00,69.38500213623047,70.0,68.31220245361328,69.55999755859375,1338544
2026-02-05 17:30:00+00:00,67.75499725341797,69.94000244140625,67.62999725341797,69.33000183105469,1266955
2026-02-05 18:30:00+00:00,67.13500213623047,68.02999877929688,66.91000366210938,67.75499725341797,1372749
2026-02-05 19:30:00+00:00,65.54000091552734,67.18000030517578,65.5,67.11000061035156,1754064
2026-02-05 20:30:00+00:00,66.29000091552734,66.38500213623047,65.27999877929688,65.55000305175781,1628262
2026-02-06 14:30:00+00:00,68.1449966430664,69.76000213623047,67.0,69.0,3863070
2026-02-06 15:30:00+00:00,70.63999938964844,70.8479995727539,67.86000061035156,68.18000030517578,2327065
2026-02-06 16:30:00+00:00,70.3864974975586,71.2300033569336,69.58499908447266,70.6500015258789,1958411
2026-02-06 17:30:00+00:00,71.0,71.07990264892578,70.09500122070312,70.37999725341797,1073282
2026-02-06 18:30:00+00:00,71.96700286865234,72.18000030517578,70.84380340576172,71.02999877929688,1311814
2026-02-06 19:30:00+00:00,71.95999908447266,72.22000122070312,71.41999816894531,71.95999908447266,1292151
2026-02-06 20:30:00+00:00,72.31500244140625,72.66000366210938,71.4000015258789,71.94999694824219,1421734
2026-02-09 14:30:00+00:00,74.8927001953125,76.59989929199219,70.75,72.12999725341797,4454484
2026-02-09 15:30:00+00:00,75.8499984741211,76.44999694824219,74.88999938964844,74.88999938964844,1443491
2026-02-09 16:30:00+00:00,75.63990020751953,76.31999969482422,75.33000183105469,75.83000183105469,947511
2026-02-09 17:30:00+00:00,75.0022964477539,75.9000015258789,74.41000366210938,75.625,1051637
2026-02-09 18:30:00+00:00,76.08000183105469,76.19999694824219,74.8499984741211,75.04000091552734,868585
2026-02-09 19:30:00+00:00,76.19000244140625,76.45999908447266,75.77999877929688,76.07499694824219,898268
2026-02-09 20:30:00+00:00,75.81999969482422,76.80000305175781,75.81999969482422,76.18000030517578,1207906
2026-02-10 14:30:00+00:00,74.02999877929688,75.48989868164062,72.2699966430664,74.59500122070312,2914336
2026-02-10 15:30:00+00:00,74.33999633789062,75.35990142822266,73.9800033569336,74.01000213623047,1196231
2026-02-10 16:30:00+00:00,74.44999694824219,74.80000305175781,74.05000305175781,74.33000183105469,749939
2026-02-10 17:30:00+00:00,72.27349853515625,74.66000366210938,72.2699966430664,74.4800033569336,871978
2026-02-10 18:30:00+00:00,72.05999755859375,72.5999984741211,71.55000305175781,72.27999877929688,1322209
2026-02-10 19:30:00+00:00,71.81999969482422,73.05000305175781,71.80999755859375,72.12999725341797,1064527
2026-02-10 20:30:00+00:00,72.01000213623047,72.68000030517578,71.62000274658203,71.80999755859375,978185
2026-02-11 14:30:00+00:00,67.2979965209961,73.37000274658203,67.19999694824219,73.12999725341797,4307416
2026-02-11 15:30:00+00:00,69.43769836425781,70.05500030517578,67.0199966430664,67.26000213623047,2428172
2026-02-11 16:30:00+00:00,68.66000366210938,69.80000305175781,68.05000305175781,69.2699966430664,1346698
2026-02-11 17:30:00+00:00,68.08070373535156,68.7300033569336,67.12999725341797,68.63999938964844,1130743
2026-02-11 18:30:00+00:00,69.69000244140625,69.91000366210938,67.7300033569336,68.0999984741211,1031417
2026-02-11 19:30:00+00:00,68.77179718017578,70.24009704589844,68.76000213623047,69.68000030517578,1124364
2026-02-11 20:30:00+00:00,69.58999633789062,69.69000244140625,68.7300033569336,68.79000091552734,883949
2026-02-12 14:30:00+00:00,66.58619689941406,68.44950103759766,65.25,67.5,3588132
2026-02-12 15:30:00+00:00,63.92499923706055,66.875,63.88999938964844,66.57499694824219,2098907
2026-02-12 16:30:00+00:00,65.43250274658203,66.0,63.869998931884766,63.941001892089844,1958558
2026-02-12 17:30:00+00:00,65.1050033569336,66.39939880371094,64.86180114746094,65.5,1179456
2026-02-12 18:30:00+00:00,64.70999908447266,65.81999969482422,64.66999816894531,65.02999877929688,1108759
2026-02-12 19:30:00+00:00,65.54499816894531,66.3499984741211,64.61009979248047,64.68000030517578,1201452
2026-02-12 20:30:00+00:00,66.04000091552734,66.05999755859375,65.18000030517578,65.51000213623047,1529595
2026-02-13 14:30:00+00:00,68.81999969482422,69.11000061035156,65.51000213623047,66.69499969482422,3609367
2026-02-13 15:30:00+00:00,67.87000274658203,69.5999984741211,67.72000122070312,68.80000305175781,1676169
2026-02-13 16:30:00+00:00,68.1135025024414,68.54000091552734,67.59200286865234,67.83000183105469,952590
2026-02-13 17:30:00+00:00,67.08999633789062,68.61000061035156,66.94999694824219,68.16000366210938,1058891
2026-02-13 18:30:00+00:00,66.87000274658203,67.80999755859375,66.73999786376953,67.11000061035156,766983
2026-02-13 19:30:00+00:00,66.87000274658203,67.4000015258789,66.58999633789062,66.9000015258789,1009898
2026-02-13 20:30:00+00:00,67.44000244140625,67.62999725341797,66.7699966430664,66.84500122070312,1229651
2026-02-17 14:30:00+00:00,66.22509765625,67.5479965209961,65.0,66.08399963378906,2091848
2026-02-17 15:30:00+00:00,68.56500244140625,69.5,65.93000030517578,66.23889923095703,1657985
2026-02-17 16:30:00+00:00,69.01000213623047,69.6050033569336,68.4000015258789,68.61990356445312,1137290
2026-02-17 17:30:00+00:00,69.80500030517578,69.95999908447266,68.35009765625,69.0199966430664,832997
2026-02-17 18:30:00+00:00,70.13999938964844,70.98999786376953,69.66999816894531,69.80500030517578,1170464
2026-02-17 19:30:00+00:00,69.43499755859375,70.81999969482422,69.31999969482422,70.16000366210938,808953
2026-02-17 20:30:00+00:00,69.9000015258789,70.23999786376953,69.2699966430664,69.4000015258789,799147
2026-02-18 14:30:00+00:00,75.12010192871094,75.55000305175781,69.98899841308594,71.0,4953227
2026-02-18 15:30:00+00:00,74.94029998779297,75.72000122070312,74.08999633789062,75.16999816894531,2145568
2026-02-18 16:30:00+00:00,75.23500061035156,75.4800033569336,74.62999725341797,74.93499755859375,1254514
2026-02-18 17:30:00+00:00,75.1050033569336,75.76000213623047,74.87999725341797,75.23999786376953,1195092
2026-02-18 18:30:00+00:00,74.38999938964844,75.37000274658203,74.31999969482422,75.17500305175781,1080041
2026-02-18 19:30:00+00:00,73.33000183105469,74.55999755859375,73.29000091552734,74.4000015258789,1385738
2026-02-18 20:30:00+00:00,74.41999816894531,74.66000366210938,73.08999633789062,73.27999877929688,1074527
2026-02-19 14:30:00+00:00,75.24189758300781,75.48999786376953,72.3499984741211,72.8499984741211,2825952
2026-02-19 15:30:00+00:00,76.09500122070312,77.11000061035156,75.05999755859375,75.19000244140625,2137357
2026-02-19 16:30:00+00:00,75.8499984741211,76.62000274658203,75.06999969482422,76.13999938964844,1378900
2026-02-19 17:30:00+00:00,74.93000030517578,76.0199966430664,74.77989959716797,75.81999969482422,977791
2026-02-19 18:30:00+00:00,75.30999755859375,76.12000274658203,74.62999725341797,74.94000244140625,958103
2026-02-19 19:30:00+00:00,76.21170043945312,76.55999755859375,75.30999755859375,75.31999969482422,997722
2026-02-19 20:30:00+00:00,76.66000366210938,77.08999633789062,75.91000366210938,76.16999816894531,1172764
2026-02-20 14:30:00+00:00,76.7699966430664,78.18000030517578,74.6500015258789,75.48200225830078,3748552
2026-02-20 15:30:00+00:00,75.08999633789062,76.86000061035156,74.80999755859375,76.72000122070312,1281211
2026-02-20 16:30:00+00:00,71.86000061035156,75.5,71.53009796142578,75.05000305175781,1810399
2026-02-20 17:30:00+00:00,71.0,72.75,70.80999755859375,71.8499984741211,1324716
2026-02-20 18:30:00+00:00,71.20999908447266,73.0999984741211,70.61160278320312,70.97000122070312,1300509
2026-02-20 19:30:00+00:00,69.83999633789062,71.38999938964844,69.4000015258789,71.1500015258789,1701210
2026-02-20 20:30:00+00:00,70.86000061035156,71.19000244140625,69.63749694824219,69.81999969482422,1231504
2026-02-23 14:30:00+00:00,69.6500015258789,71.25,68.5,68.75499725341797,3016487
2026-02-23 15:30:00+00:00,70.41999816894531,70.5,68.94000244140625,69.69999694824219,1196537
2026-02-23 16:30:00+00:00,69.47000122070312,70.48880004882812,69.27130126953125,70.3949966430664,669470
2026-02-23 17:30:00+00:00,70.38999938964844,70.5999984741211,69.05000305175781,69.51000213623047,704311
2026-02-23 18:30:00+00:00,69.75,70.41999816894531,69.47000122070312,70.38999938964844,648456
2026-02-23 19:30:00+00:00,70.08999633789062,71.20999908447266,69.66000366210938,69.75,1140277
2026-02-23 20:30:00+00:00,70.19999694824219,70.94000244140625,69.8499984741211,70.08999633789062,1614962
2026-02-24 14:30:00+00:00,69.55999755859375,69.83000183105469,66.5999984741211,68.87999725341797,2742408
2026-02-24 15:30:00+00:00,68.4749984741211,69.81999969482422,68.0199966430664,69.54000091552734,1516224
2026-02-24 16:30:00+00:00,68.2699966430664,68.68479919433594,68.01000213623047,68.4800033569336,734659
2026-02-24 17:30:00+00:00,68.84500122070312,68.87999725341797,68.22000122070312,68.2300033569336,780579
2026-02-24 18:30:00+00:00,69.2750015258789,69.48999786376953,68.75,68.81999969482422,1145662
2026-02-24 19:30:00+00:00,69.0,69.52999877929688,68.63999938964844,69.29000091552734,840788
2026-02-24 20:30:00+00:00,70.0,70.05500030517578,69.00499725341797,69.01000213623047,4069064
2026-02-25 14:30:00+00:00,70.13999938964844,71.8499984741211,68.87999725341797,71.09500122070312,2657456
2026-02-25 15:30:00+00:00,70.72509765625,71.19000244140625,69.61720275878906,70.11000061035156,1101633
2026-02-25 16:30:00+00:00,70.77999877929688,71.67500305175781,70.72000122070312,70.72000122070312,1211309
2026-02-25 17:30:00+00:00,71.27999877929688,71.58000183105469,70.5,70.75,848513
2026-02-25 18:30:00+00:00,71.18499755859375,71.63990020751953,71.1500015258789,71.2699966430664,694744
2026-02-25 19:30:00+00:00,70.24870300292969,71.73999786376953,70.24870300292969,71.19000244140625,844836
2026-02-25 20:30:00+00:00,70.19000244140625,70.61000061035156,70.0,70.27999877929688,3394302
2026-02-26 14:30:00+00:00,70.44000244140625,72.23999786376953,69.19000244140625,69.83999633789062,2888672
2026-02-26 15:30:00+00:00,71.87000274658203,72.59989929199219,69.8499984741211,70.41999816894531,1804818
2026-02-26 16:30:00+00:00,69.99500274658203,72.1449966430664,69.83999633789062,71.9000015258789,1283452
2026-02-26 17:30:00+00:00,69.31999969482422,70.48999786376953,68.80999755859375,69.95999908447266,1315257
2026-02-26 18:30:00+00:00,70.26000213623047,70.84989929199219,69.20999908447266,69.30500030517578,1191609
2026-02-26 19:30:00+00:00,70.91000366210938,71.31999969482422,70.03679656982422,70.2699966430664,1345522
2026-02-26 20:30:00+00:00,72.66500091552734,72.72000122070312,70.91510009765625,70.91510009765625,1927863
2026-02-27 14:30:00+00:00,68.23999786376953,68.87989807128906,64.0999984741211,67.69999694824219,4557450
2026-02-27 15:30:00+00:00,66.16999816894531,68.4800033569336,65.62999725341797,68.25,2048731
2026-02-27 16:30:00+00:00,65.41590118408203,66.66999816894531,65.25,66.18000030517578,1787417
2026-02-27 17:30:00+00:00,64.9489974975586,66.19000244140625,64.5,65.43280029296875,1195062
2026-02-27 18:30:00+00:00,66.12879943847656,66.44000244140625,64.91999816894531,64.91999816894531,953939
2026-02-27 19:30:00+00:00,66.5000991821289,67.20999908447266,65.98999786376953,66.11000061035156,1786126
2026-02-27 20:30:00+00:00,69.0999984741211,69.58499908447266,66.45999908447266,66.5,2733125
2026-03-02 14:30:00+00:00,69.95999908447266,70.87090301513672,66.45999908447266,66.68000030517578,4140965
2026-03-02 15:30:00+00:00,68.82980346679688,72.0999984741211,68.6500015258789,69.98560333251953,2448217
2026-03-02 16:30:00+00:00,70.08999633789062,70.9000015258789,68.83000183105469,68.83000183105469,1661274
2026-03-02 17:30:00+00:00,70.58899688720703,71.01000213623047,69.98999786376953,70.08999633789062,1048438
2026-03-02 18:30:00+00:00,70.41000366210938,71.3499984741211,69.99250030517578,70.62999725341797,1243691
2026-03-02 19:30:00+00:00,70.01499938964844,70.77999877929688,69.8727035522461,70.43000030517578,1007731
2026-03-02 20:30:00+00:00,70.86499786376953,71.18900299072266,69.94999694824219,70.01000213623047,1238211
2026-03-03 14:30:00+00:00,66.33000183105469,70.69000244140625,66.2300033569336,68.8550033569336,4847739
2026-03-03 15:30:00+00:00,69.84950256347656,70.08000183105469,66.19999694824219,66.3290023803711,2634984
2026-03-03 16:30:00+00:00,72.12999725341797,72.86990356445312,69.25,69.73999786376953,2670257
2026-03-03 17:30:00+00:00,72.73999786376953,73.02999877929688,71.44010162353516,72.08039855957031,1940671
2026-03-03 18:30:00+00:00,71.0999984741211,73.25,70.96499633789062,72.7699966430664,1780439
2026-03-03 19:30:00+00:00,71.13999938964844,71.92549896240234,70.80999755859375,71.12999725341797,1201122
2026-03-03 20:30:00+00:00,70.08999633789062,71.30000305175781,69.94039916992188,71.12999725341797,1142463
2026-03-04 14:30:00+00:00,73.26499938964844,73.4000015258789,69.48999786376953,70.80999755859375,5437315
2026-03-04 15:30:00+00:00,73.0999984741211,74.0999984741211,72.30999755859375,73.26799774169922,2926206
2026-03-04 16:30:00+00:00,72.0999984741211,73.1500015258789,71.70999908447266,73.12000274658203,1658819
2026-03-04 17:30:00+00:00,70.5999984741211,72.33000183105469,70.59120178222656,72.12000274658203,1725501
2026-03-04 18:30:00+00:00,71.44999694824219,72.18000030517578,70.58999633789062,70.58999633789062,1596189
2026-03-04 19:30:00+00:00,71.62000274658203,72.0,71.19999694824219,71.44999694824219,1288901
2026-03-04 20:30:00+00:00,71.9000015258789,72.2300033569336,71.37999725341797,71.54000091552734,1357574
2026-03-05 14:30:00+00:00,70.38999938964844,72.30999755859375,70.08000183105469,70.91999816894531,3797705
2026-03-05 15:30:00+00:00,68.24199676513672,71.06999969482422,68.14009857177734,70.33000183105469,2513897
2026-03-05 16:30:00+00:00,69.31500244140625,69.83999633789062,68.17769622802734,68.19999694824219,1749903
2026-03-05 17:30:00+00:00,68.55999755859375,69.37010192871094,67.33999633789062,69.30500030517578,1760551
2026-03-05 18:30:00+00:00,68.72000122070312,69.4198989868164,68.33999633789062,68.55500030517578,1436301
2026-03-05 19:30:00+00:00,69.52999877929688,69.69000244140625,68.11000061035156,68.67500305175781,1260228
2026-03-05 20:30:00+00:00,70.00499725341797,70.12000274658203,69.44000244140625,69.48999786376953,1136340
2026-03-06 14:30:00+00:00,74.0999984741211,75.0999984741211,68.19999694824219,68.20999908447266,7216897
2026-03-06 15:30:00+00:00,71.63999938964844,74.64350128173828,70.9000015258789,74.08499908447266,3751152
2026-03-06 16:30:00+00:00,72.14099884033203,72.68000030517578,71.12000274658203,71.6449966430664,1704606
2026-03-06 17:30:00+00:00,74.39099884033203,74.5999984741211,71.70999908447266,72.16000366210938,2279470
2026-03-06 18:30:00+00:00,72.9000015258789,75.08000183105469,72.53900146484375,74.37999725341797,2246767
2026-03-06 19:30:00+00:00,69.86000061035156,73.2698974609375,69.80999755859375,72.91999816894531,2017544
2026-03-06 20:30:00+00:00,70.11000061035156,70.5,69.38999938964844,69.83599853515625,2000580
2026-03-09 13:30:00+00:00,69.5999984741211,71.76000213623047,67.83999633789062,69.18000030517578,4936888
2026-03-09 14:30:00+00:00,68.79000091552734,69.87999725341797,67.81999969482422,69.68000030517578,2153425
2026-03-09 15:30:00+00:00,69.55999755859375,69.63999938964844,67.87000274658203,68.7500991821289,1859549
2026-03-09 16:30:00+00:00,69.05000305175781,70.29989624023438,68.91999816894531,69.5999984741211,2016436
2026-03-09 17:30:00+00:00,70.16999816894531,70.43199920654297,68.81999969482422,69.0999984741211,1475996
2026-03-09 18:30:00+00:00,71.91220092773438,72.12000274658203,69.08999633789062,70.13999938964844,2149098
2026-03-09 19:30:00+00:00,71.45999908447266,72.125,71.20999908447266,71.93000030517578,1918246
2026-03-10 13:30:00+00:00,71.11000061035156,71.75,69.19000244140625,70.33999633789062,5580653
2026-03-10 14:30:00+00:00,71.30000305175781,72.93499755859375,71.05000305175781,71.06060028076172,2922402
2026-03-10 15:30:00+00:00,71.4800033569336,72.36000061035156,71.25,71.27999877929688,1827772
2026-03-10 16:30:00+00:00,71.88999938964844,72.31999969482422,71.33999633789062,71.51000213623047,1592677
2026-03-10 17:30:00+00:00,70.20999908447266,72.5,70.05999755859375,71.8499984741211,1693973
2026-03-10 18:30:00+00:00,70.14320373535156,70.79000091552734,69.62999725341797,70.29000091552734,1375302
2026-03-10 19:30:00+00:00,68.93000030517578,70.2300033569336,68.62139892578125,70.08999633789062,1716461
2026-03-11 13:30:00+00:00,72.08999633789062,72.56999969482422,68.33000183105469,68.80000305175781,5065337
2026-03-11 14:30:00+00:00,70.52999877929688,73.30000305175781,70.5,72.04000091552734,4029314
2026-03-11 15:30:00+00:00,71.1500015258789,72.28500366210938,70.16999816894531,70.54000091552734,2238493
2026-03-11 16:30:00+00:00,71.67990112304688,72.44000244140625,71.0999984741211,71.16000366210938,1637867
2026-03-11 17:30:00+00:00,71.13999938964844,71.76899719238281,70.55999755859375,71.67990112304688,1543529
2026-03-11 18:30:00+00:00,70.7300033569336,71.71499633789062,70.5,71.16000366210938,1159069
2026-03-11 19:30:00+00:00,71.97000122070312,72.27989959716797,70.70999908447266,70.72000122070312,1295066
2026-03-12 13:30:00+00:00,70.19999694824219,72.5999984741211,69.69999694824219,71.94999694824219,4455204
2026-03-12 14:30:00+00:00,69.41500091552734,70.55000305175781,68.69999694824219,70.1500015258789,2967579
2026-03-12 15:30:00+00:00,69.55999755859375,70.5999984741211,68.87999725341797,69.38999938964844,2286553
2026-03-12 16:30:00+00:00,70.63999938964844,71.06999969482422,69.58999633789062,69.58999633789062,1753564
2026-03-12 17:30:00+00:00,69.76000213623047,70.93990325927734,69.52999877929688,70.69000244140625,1474842
2026-03-12 18:30:00+00:00,69.36009979248047,70.04000091552734,69.2300033569336,69.6803970336914,1276380
2026-03-12 19:30:00+00:00,68.37000274658203,69.93990325927734,68.27999877929688,69.41999816894531,2294269
2026-03-13 13:30:00+00:00,69.65499877929688,71.30000305175781,69.0199966430664,69.05000305175781,4155193
2026-03-13 14:30:00+00:00,70.0999984741211,70.73999786376953,69.0770034790039,69.58000183105469,2864361
2026-03-13 15:30:00+00:00,68.87999725341797,70.88999938964844,68.63009643554688,70.12999725341797,2125526
2026-03-13 16:30:00+00:00,68.71009826660156,69.5,67.83999633789062,68.86499786376953,1996626
2026-03-13 17:30:00+00:00,68.2699966430664,68.94000244140625,68.05999755859375,68.7750015258789,1049828
2026-03-13 18:30:00+00:00,67.97000122070312,68.9800033569336,67.44000244140625,68.30000305175781,1414121
2026-03-13 19:30:00+00:00,68.37999725341797,68.63999938964844,67.94580078125,67.95999908447266,1013013
2026-03-16 13:30:00+00:00,70.79000091552734,71.56999969482422,69.2699966430664,69.32499694824219,3212654
2026-03-16 14:30:00+00:00,69.80950164794922,71.05000305175781,69.4800033569336,70.87999725341797,1668437
2026-03-16 15:30:00+00:00,68.77999877929688,70.9000015258789,68.7699966430664,69.80999755859375,4065930
2026-03-16 16:30:00+00:00,69.7239990234375,70.0,68.66999816894531,68.80000305175781,0
2026-03-16 17:30:00+00:00,71.18000030517578,71.2300033569336,69.70010375976562,69.76000213623047,1142700
2026-03-16 18:30:00+00:00,70.97000122070312,72.37999725341797,70.76000213623047,71.19999694824219,2146024
2026-03-16 19:30:00+00:00,71.30999755859375,71.41000366210938,70.73500061035156,70.97000122070312,992252
2026-03-17 13:30:00+00:00,76.06999969482422,76.9800033569336,71.2699966430664,71.5479965209961,6256907
2026-03-17 14:30:00+00:00,76.2699966430664,78.08000183105469,75.77999877929688,76.08999633789062,4238878
2026-03-17 15:30:00+00:00,75.76000213623047,76.75,75.12999725341797,76.2699966430664,7082787
2026-03-17 16:30:00+00:00,75.9469985961914,76.16000366210938,74.9800033569336,75.75509643554688,0
2026-03-17 17:30:00+00:00,76.07389831542969,77.06990051269531,75.83000183105469,75.91999816894531,1653271
2026-03-17 18:30:00+00:00,77.30000305175781,77.51000213623047,76.02999877929688,76.06500244140625,1765184
2026-03-17 19:30:00+00:00,78.58000183105469,78.66999816894531,77.16999816894531,77.30999755859375,1867293
2026-03-18 13:30:00+00:00,72.30000305175781,76.87999725341797,71.48639678955078,76.04000091552734,7759475
2026-03-18 14:30:00+00:00,71.62999725341797,73.12000274658203,71.5999984741211,72.30999755859375,3314973
2026-03-18 15:30:00+00:00,71.79000091552734,72.11000061035156,71.01000213623047,71.62000274658203,2116436
2026-03-18 16:30:00+00:00,71.7249984741211,72.72000122070312,71.40499877929688,71.76000213623047,2095282
2026-03-18 17:30:00+00:00,72.37000274658203,72.68000030517578,71.55000305175781,71.73999786376953,1633550
2026-03-18 18:30:00+00:00,70.45999908447266,72.47959899902344,70.18109893798828,72.33999633789062,2491845
2026-03-18 19:30:00+00:00,69.47000122070312,70.45999908447266,69.4000015258789,70.44999694824219,2451806
2026-03-19 13:30:00+00:00,69.1500015258789,70.25,68.0,68.83000183105469,4357616
2026-03-19 14:30:00+00:00,71.13999938964844,71.7750015258789,69.02999877929688,69.13999938964844,3172704
2026-03-19 15:30:00+00:00,71.5625,71.8550033569336,70.3582992553711,71.12999725341797,2588718
2026-03-19 16:30:00+00:00,71.1500015258789,72.12000274658203,70.98999786376953,71.57499694824219,2098335
2026-03-19 17:30:00+00:00,71.82019805908203,72.30000305175781,70.7300033569336,71.20999908447266,2042610
2026-03-19 18:30:00+00:00,72.19000244140625,72.7300033569336,71.0,71.83999633789062,3246097
2026-03-19 19:30:00+00:00,71.83000183105469,72.41500091552734,71.60250091552734,72.19999694824219,2063976
2026-03-20 13:30:00+00:00,69.30000305175781,73.9800033569336,68.95999908447266,72.0,7390330
2026-03-20 14:30:00+00:00,69.13999938964844,70.30999755859375,68.68000030517578,69.30000305175781,2775712
2026-03-20 15:30:00+00:00,68.80999755859375,69.3905029296875,68.56999969482422,69.1500015258789,2086744
2026-03-20 16:30:00+00:00,67.8988037109375,68.81999969482422,67.8301010131836,68.79000091552734,2135832
2026-03-20 17:30:00+00:00,67.33999633789062,67.94000244140625,66.94999694824219,67.87000274658203,2190966
2026-03-20 18:30:00+00:00,67.01000213623047,67.44000244140625,66.38999938964844,67.35910034179688,2104614
2026-03-20 19:30:00+00:00,67.2300033569336,67.81999969482422,66.5999984741211,67.01499938964844,3095590
2026-03-23 13:30:00+00:00,67.98999786376953,68.55000305175781,66.05999755859375,68.02200317382812,6089354
2026-03-23 14:30:00+00:00,68.8499984741211,69.44999694824219,67.33000183105469,67.9800033569336,3488348
2026-03-23 15:30:00+00:00,66.72000122070312,69.1500015258789,66.37200164794922,68.86000061035156,2505062
2026-03-23 16:30:00+00:00,67.08499908447266,67.80000305175781,66.72000122070312,66.72000122070312,1535779
2026-03-23 17:30:00+00:00,68.4000015258789,68.55999755859375,67.07009887695312,67.08999633789062,2203607
2026-03-23 18:30:00+00:00,68.54000091552734,69.01499938964844,68.2249984741211,68.44000244140625,2106384
2026-03-23 19:30:00+00:00,67.95999908447266,68.75,67.9000015258789,68.54000091552734,1619932
2026-03-24 13:30:00+00:00,65.08000183105469,68.5999984741211,64.45999908447266,66.98999786376953,5687165
2026-03-24 14:30:00+00:00,66.76000213623047,66.91999816894531,64.58000183105469,65.06999969482422,3093549
2026-03-24 15:30:00+00:00,65.36000061035156,66.93000030517578,64.91000366210938,66.75,1618982
2026-03-24 16:30:00+00:00,65.28939819335938,66.48500061035156,64.88009643554688,65.37999725341797,1591876
2026-03-24 17:30:00+00:00,65.83000183105469,66.33999633789062,64.7699966430664,65.27999877929688,1789583
2026-03-24 18:30:00+00:00,66.48999786376953,67.33000183105469,65.44999694824219,65.81500244140625,2245593
2026-03-24 19:30:00+00:00,66.05999755859375,66.52999877929688,65.97000122070312,66.5,1450475
2026-03-25 13:30:00+00:00,74.02999877929688,74.44999694824219,68.94000244140625,68.94000244140625,14101505
2026-03-25 14:30:00+00:00,72.8499984741211,75.05989837646484,72.08999633789062,74.0250015258789,6897570
2026-03-25 15:30:00+00:00,72.9749984741211,73.50019836425781,72.30000305175781,72.87999725341797,3059190
2026-03-25 16:30:00+00:00,72.38999938964844,73.5999984741211,72.13009643554688,73.0,2120213
2026-03-25 17:30:00+00:00,71.48729705810547,72.75,71.04010009765625,72.43000030517578,2195317
2026-03-25 18:30:00+00:00,72.22000122070312,72.4281997680664,71.29000091552734,71.49500274658203,1878800
2026-03-25 19:30:00+00:00,72.86000061035156,72.91000366210938,71.86100006103516,72.25,2245833
2026-03-26 13:30:00+00:00,69.97000122070312,72.08989715576172,69.25,71.19999694824219,5073840
2026-03-26 14:30:00+00:00,68.03500366210938,70.11000061035156,67.31999969482422,69.97000122070312,4397166
2026-03-26 15:30:00+00:00,67.81999969482422,69.37999725341797,67.70999908447266,68.0199966430664,2724570
2026-03-26 16:30:00+00:00,67.5,67.95999908447266,66.95999908447266,67.79010009765625,2310803
2026-03-26 17:30:00+00:00,66.08529663085938,67.98999786376953,65.95999908447266,67.49479675292969,2420316
2026-03-26 18:30:00+00:00,66.01499938964844,66.3467025756836,65.58999633789062,66.09989929199219,2280557
2026-03-26 19:30:00+00:00,65.9000015258789,66.19969940185547,65.80999755859375,66.0199966430664,1875394
2026-03-27 13:30:00+00:00,61.76499938964844,66.09500122070312,61.5,66.01000213623047,6940373
2026-03-27 14:30:00+00:00,62.5,62.540000915527344,61.29999923706055,61.7599983215332,3521879
2026-03-27 15:30:00+00:00,61.689998626708984,62.95000076293945,61.560001373291016,62.5,1832415
2026-03-27 16:30:00+00:00,61.00149917602539,62.029998779296875,60.90999984741211,61.68000030517578,1851630
2026-03-27 17:30:00+00:00,60.869998931884766,61.22999954223633,60.51499938964844,60.9900016784668,1548142
2026-03-27 18:30:00+00:00,60.595001220703125,61.56999969482422,60.5,60.880001068115234,1643917
2026-03-27 19:30:00+00:00,60.939998626708984,61.0099983215332,60.349998474121094,60.599998474121094,1788294
2026-03-30 13:30:00+00:00,59.29600143432617,61.63999938964844,57.90999984741211,61.349998474121094,6038096
2026-03-30 14:30:00+00:00,59.176998138427734,59.78900146484375,58.040000915527344,59.27000045776367,2540077
2026-03-30 15:30:00+00:00,57.869998931884766,59.78990173339844,57.834999084472656,59.18000030517578,1848110
2026-03-30 16:30:00+00:00,56.70500183105469,58.31999969482422,56.65999984741211,57.869998931884766,2246953
2026-03-30 17:30:00+00:00,57.2599983215332,57.529998779296875,56.650001525878906,56.720001220703125,1676528
2026-03-30 18:30:00+00:00,56.75,57.49089813232422,56.13199996948242,57.2599983215332,2311645
2026-03-30 19:30:00+00:00,57.36000061035156,57.7599983215332,56.56999969482422,56.75,2479026
2026-03-31 13:30:00+00:00,61.2400016784668,62.09000015258789,60.5,61.599998474121094,6774442
2026-03-31 14:30:00+00:00,59.810001373291016,61.290000915527344,59.03010177612305,61.26499938964844,3125687
2026-03-31 15:30:00+00:00,59.95009994506836,60.08000183105469,59.130001068115234,59.7599983215332,1630685
2026-03-31 16:30:00+00:00,63.869998931884766,64.45999908447266,59.814998626708984,59.939998626708984,5205747
2026-03-31 17:30:00+00:00,63.929901123046875,64.58000183105469,63.45000076293945,63.849998474121094,2606966
2026-03-31 18:30:00+00:00,64.12999725341797,64.43000030517578,63.849998474121094,63.915000915527344,2080786
2026-03-31 19:30:00+00:00,64.16999816894531,64.52970123291016,63.68000030517578,64.12999725341797,2632863
2026-04-01 13:30:00+00:00,67.70500183105469,67.9000015258789,65.31999969482422,65.51000213623047,8560383
2026-04-01 14:30:00+00:00,67.22000122070312,68.20999908447266,66.86000061035156,67.71990203857422,4083323
2026-04-01 15:30:00+00:00,68.0250015258789,68.66999816894531,67.06999969482422,67.2300033569336,3135307
2026-04-01 16:30:00+00:00,66.77999877929688,68.26000213623047,66.7699966430664,68.02999877929688,2837095
2026-04-01 17:30:00+00:00,65.70500183105469,67.32099914550781,65.55000305175781,66.77999877929688,3004932
2026-04-01 18:30:00+00:00,66.0999984741211,66.44000244140625,65.32099914550781,65.72000122070312,1953789
2026-04-01 19:30:00+00:00,65.51000213623047,66.36000061035156,65.30000305175781,66.11499786376953,1973733
2026-04-02 13:30:00+00:00,66.58999633789062,68.41999816894531,61.869998931884766,62.04499816894531,9368407
2026-04-02 14:30:00+00:00,68.34500122070312,69.38999938964844,66.52899932861328,66.55500030517578,6579983
2026-04-02 15:30:00+00:00,66.36000061035156,69.0,66.2699966430664,68.37000274658203,3287677
2026-04-02 16:30:00+00:00,65.95999908447266,66.80000305175781,65.51000213623047,66.31999969482422,3167312
2026-04-02 17:30:00+00:00,65.30999755859375,66.11499786376953,65.2300033569336,65.94499969482422,2389144
2026-04-02 18:30:00+00:00,65.91000366210938,66.34989929199219,65.30000305175781,65.33999633789062,2782396
2026-04-02 19:30:00+00:00,67.7300033569336,67.77999877929688,65.87000274658203,65.91000366210938,3800045
2026-04-06 13:30:00+00:00,68.77999877929688,70.31999969482422,67.2300033569336,67.7249984741211,7543192
2026-04-06 14:30:00+00:00,68.375,69.12999725341797,67.45010375976562,68.7300033569336,3369051
2026-04-06 15:30:00+00:00,68.45999908447266,68.69000244140625,67.69000244140625,68.4000015258789,1808260
2026-04-06 16:30:00+00:00,67.19000244140625,68.57990264892578,66.5999984741211,68.4800033569336,2514028
2026-04-06 17:30:00+00:00,68.2698974609375,68.48999786376953,67.22000122070312,67.22000122070312,1958529
2026-04-06 18:30:00+00:00,68.75,69.04000091552734,67.92009735107422,68.23500061035156,1832366
2026-04-06 19:30:00+00:00,67.63999938964844,68.84989929199219,67.63999938964844,68.72000122070312,1794887
2026-04-07 13:30:00+00:00,65.29000091552734,68.29989624023438,64.54000091552734,67.11499786376953,5812286
2026-04-07 14:30:00+00:00,65.9000015258789,66.0,64.13999938964844,65.31999969482422,3115480
2026-04-07 15:30:00+00:00,66.78990173339844,67.02999877929688,65.30999755859375,65.91000366210938,2968067
2026-04-07 16:30:00+00:00,65.51000213623047,66.82559967041016,65.44000244140625,66.76000213623047,1776912
2026-04-07 17:30:00+00:00,65.22000122070312,66.28500366210938,65.22000122070312,65.51000213623047,1700536
2026-04-07 18:30:00+00:00,65.88999938964844,66.12999725341797,63.959999084472656,65.22000122070312,2941818
2026-04-07 19:30:00+00:00,66.33999633789062,66.4000015258789,65.5,65.86000061035156,2357428
2026-04-08 13:30:00+00:00,70.16000366210938,73.6675033569336,69.41000366210938,72.0,9503583
2026-04-08 14:30:00+00:00,70.13999938964844,70.64800262451172,68.84529876708984,70.19499969482422,3335336
2026-04-08 15:30:00+00:00,69.5,70.76000213623047,69.3550033569336,70.19000244140625,5610962
2026-04-08 16:30:00+00:00,69.22000122070312,70.19999694824219,68.97000122070312,69.51000213623047,0
2026-04-08 17:30:00+00:00,69.44999694824219,70.19999694824219,69.16010284423828,69.20120239257812,1973947
2026-04-08 18:30:00+00:00,68.2699966430664,69.69000244140625,67.81069946289062,69.4800033569336,2489578
2026-04-08 19:30:00+00:00,69.06999969482422,69.19000244140625,68.27999877929688,68.27999877929688,1830077
2026-04-09 13:30:00+00:00,67.26219940185547,69.79000091552734,66.7699966430664,69.06629943847656,4016769
2026-04-09 14:30:00+00:00,67.41000366210938,68.1500015258789,67.0,67.23999786376953,2041914
2026-04-09 15:30:00+00:00,68.37000274658203,68.58999633789062,67.1500015258789,67.41999816894531,2502372
2026-04-09 16:30:00+00:00,68.7300033569336,68.9000015258789,67.75279998779297,68.36009979248047,1535751
2026-04-09 17:30:00+00:00,66.9800033569336,68.75,66.80000305175781,68.7300033569336,2222606
2026-04-09 18:30:00+00:00,66.73999786376953,67.30999755859375,66.5801010131836,66.99500274658203,1406011
2026-04-09 19:30:00+00:00,66.83999633789062,66.91999816894531,66.54499816894531,66.7300033569336,1418980
2026-04-10 13:30:00+00:00,68.5250015258789,69.12000274658203,66.33999633789062,67.55419921875,5403423
2026-04-10 14:30:00+00:00,68.6500015258789,70.05999755859375,67.87000274658203,68.53500366210938,3639998
2026-04-10 15:30:00+00:00,67.5250015258789,68.68070220947266,67.0999984741211,68.68000030517578,1993729
2026-04-10 16:30:00+00:00,67.8499984741211,68.46499633789062,67.45999908447266,67.54000091552734,2792865
2026-04-10 17:30:00+00:00,68.37000274658203,68.4749984741211,67.69499969482422,67.80999755859375,857313
2026-04-10 18:30:00+00:00,68.83999633789062,68.94000244140625,67.7699966430664,68.37000274658203,1640180
2026-04-10 19:30:00+00:00,68.02999877929688,68.86000061035156,68.0,68.80999755859375,1286230
2026-04-13 13:30:00+00:00,70.66210174560547,70.69999694824219,66.58999633789062,67.06999969482422,5778740
2026-04-13 14:30:00+00:00,70.05500030517578,71.12999725341797,69.62000274658203,70.63999938964844,2608853
2026-04-13 15:30:00+00:00,70.01499938964844,70.33989715576172,69.43000030517578,70.0,1902302
2026-04-13 16:30:00+00:00,71.33000183105469,71.44000244140625,69.83000183105469,70.0,2234470
2026-04-13 17:30:00+00:00,71.0999984741211,71.5,70.88009643554688,71.32009887695312,1483001
2026-04-13 18:30:00+00:00,70.61000061035156,71.55000305175781,70.55999755859375,71.12000274658203,1506632
2026-04-13 19:30:00+00:00,70.62999725341797,70.83000183105469,70.2300033569336,70.62999725341797,1411119
2026-04-14 13:30:00+00:00,72.68499755859375,74.75,71.22480010986328,73.5199966430664,7990042
2026-04-14 14:30:00+00:00,73.62010192871094,74.0999984741211,72.52999877929688,72.68499755859375,3325065
2026-04-14 15:30:00+00:00,72.81500244140625,73.93000030517578,72.31400299072266,73.6449966430664,2004736
2026-04-14 16:30:00+00:00,72.22000122070312,72.83000183105469,71.80000305175781,72.81999969482422,1554620
2026-04-14 17:30:00+00:00,70.75,72.30829620361328,70.4800033569336,72.2499008178711,1958172
2026-04-14 18:30:00+00:00,72.2699966430664,72.29000091552734,70.61000061035156,70.75990295410156,1364562
2026-04-14 19:30:00+00:00,72.20999908447266,72.38999938964844,71.91000366210938,72.26000213623047,1145991
2026-04-15 13:30:00+00:00,73.20020294189453,74.58989715576172,71.92500305175781,73.57499694824219,5768691
2026-04-15 14:30:00+00:00,72.8499984741211,73.91100311279297,72.76000213623047,73.22000122070312,2880624
2026-04-15 15:30:00+00:00,72.27989959716797,73.0,72.02010345458984,72.87000274658203,2587768
2026-04-15 16:30:00+00:00,70.5250015258789,72.32990264892578,69.60009765625,72.27999877929688,3760199
2026-04-15 17:30:00+00:00,72.37999725341797,72.40979766845703,70.49500274658203,70.53500366210938,2670783
2026-04-15 18:30:00+00:00,72.65989685058594,73.15989685058594,72.2699966430664,72.3499984741211,2238196
2026-04-15 19:30:00+00:00,73.62999725341797,73.66000366210938,72.61000061035156,72.6500015258789,1684450
2026-04-16 13:30:00+00:00,79.5365982055664,80.9000015258789,76.9000015258789,76.95999908447266,15628717
2026-04-16 14:30:00+00:00,80.37999725341797,81.22000122070312,79.18000030517578,79.52189636230469,5528056
2026-04-16 15:30:00+00:00,80.8499984741211,82.0199966430664,80.16000366210938,80.37999725341797,4223712
2026-04-16 16:30:00+00:00,81.37000274658203,81.44989776611328,79.76010131835938,80.875,3168561
2026-04-16 17:30:00+00:00,82.01499938964844,82.7699966430664,81.31999969482422,81.33999633789062,3863661
2026-04-16 18:30:00+00:00,83.26200103759766,83.30000305175781,81.9000015258789,82.02999877929688,3011138
2026-04-16 19:30:00+00:00,82.93499755859375,83.48999786376953,82.44999694824219,83.26000213623047,3271583
2026-04-17 13:30:00+00:00,85.45999908447266,86.98999786376953,83.69999694824219,84.08000183105469,9649451
2026-04-17 14:30:00+00:00,84.98500061035156,86.56999969482422,84.0999984741211,85.4800033569336,4121268
2026-04-17 15:30:00+00:00,85.23999786376953,85.29989624023438,83.5999984741211,84.94000244140625,2826745
2026-04-17 16:30:00+00:00,84.5999984741211,85.58999633789062,84.30999755859375,85.23999786376953,2152445
2026-04-17 17:30:00+00:00,85.55670166015625,85.80719757080078,84.5,84.58999633789062,1813923
2026-04-17 18:30:00+00:00,85.27999877929688,86.16000366210938,84.81999969482422,85.57649993896484,2186245
2026-04-17 19:30:00+00:00,84.80999755859375,85.36000061035156,84.4000015258789,85.25,1667910
2026-04-20 13:30:00+00:00,89.12760162353516,90.33000183105469,84.61000061035156,84.81999969482422,10468239
2026-04-20 14:30:00+00:00,88.11000061035156,89.58999633789062,85.69000244140625,89.14900207519531,5205863
2026-04-20 15:30:00+00:00,87.88500213623047,89.02989959716797,87.45999908447266,88.11000061035156,2527238
2026-04-20 16:30:00+00:00,87.30000305175781,88.4800033569336,87.12699890136719,87.9000015258789,1955533
2026-04-20 17:30:00+00:00,88.63999938964844,88.7499008178711,86.80500030517578,87.26750183105469,1955602
2026-04-20 18:30:00+00:00,89.12999725341797,89.56999969482422,88.5,88.66000366210938,2271987
2026-04-20 19:30:00+00:00,89.44000244140625,89.61000061035156,88.97000122070312,89.0999984741211,2942082
2026-04-21 13:30:00+00:00,91.28500366210938,91.61000061035156,88.80000305175781,90.052001953125,7673547
2026-04-21 14:30:00+00:00,88.31500244140625,91.94999694824219,86.7699966430664,91.30000305175781,5866639
2026-04-21 15:30:00+00:00,88.31999969482422,90.05999755859375,88.19999694824219,88.30999755859375,2618243
2026-04-21 16:30:00+00:00,86.62999725341797,89.22989654541016,86.2699966430664,88.31999969482422,2704279
2026-04-21 17:30:00+00:00,87.30000305175781,87.9000015258789,86.45010375976562,86.5999984741211,1994594
2026-04-21 18:30:00+00:00,87.98999786376953,88.48999786376953,87.02999877929688,87.31999969482422,1935709
2026-04-21 19:30:00+00:00,86.62000274658203,87.99500274658203,85.75,87.99500274658203,2141718
2026-04-22 13:30:00+00:00,90.50499725341797,93.08999633789062,89.75,90.56999969482422,7959907
2026-04-22 14:30:00+00:00,90.5199966430664,91.19999694824219,89.5999984741211,90.4800033569336,2815451
2026-04-22 15:30:00+00:00,88.87000274658203,90.68000030517578,88.63999938964844,90.52030181884766,2373924
2026-04-22 16:30:00+00:00,88.40010070800781,89.30000305175781,87.91999816894531,88.84989929199219,1847560
2026-04-22 17:30:00+00:00,88.61000061035156,89.19999694824219,87.76000213623047,88.41000366210938,1892366
2026-04-22 18:30:00+00:00,89.10990142822266,89.5,88.44000244140625,88.61000061035156,1760186
2026-04-22 19:30:00+00:00,90.04000091552734,90.05999755859375,88.9000015258789,89.0999984741211,1618668
2026-04-23 13:30:00+00:00,86.0647964477539,90.29499816894531,85.31999969482422,89.8499984741211,5907555
2026-04-23 14:30:00+00:00,86.19999694824219,87.54499816894531,85.94000244140625,86.08999633789062,2333275
2026-04-23 15:30:00+00:00,84.2699966430664,86.72200012207031,84.18000030517578,86.18000030517578,3064350
2026-04-23 16:30:00+00:00,83.18000030517578,84.8595962524414,82.81999969482422,84.30000305175781,2916168
2026-04-23 17:30:00+00:00,84.72000122070312,84.83000183105469,81.56520080566406,83.1500015258789,3453047
2026-04-23 18:30:00+00:00,84.5199966430664,85.05000305175781,83.5999984741211,84.75,1649669
2026-04-23 19:30:00+00:00,84.61100006103516,84.69999694824219,83.81999969482422,84.52999877929688,1437820
2026-04-24 13:30:00+00:00,81.76000213623047,86.40989685058594,81.5999984741211,86.30999755859375,5740176
2026-04-24 14:30:00+00:00,81.86000061035156,82.94049835205078,81.44499969482422,81.80509948730469,3064011
2026-04-24 15:30:00+00:00,81.06999969482422,82.76499938964844,80.70999908447266,81.87999725341797,3381397
2026-04-24 16:30:00+00:00,81.27999877929688,81.83999633789062,80.8550033569336,81.08000183105469,1874518
2026-04-24 17:30:00+00:00,80.79000091552734,81.37999725341797,80.54000091552734,81.26000213623047,1658263
2026-04-24 18:30:00+00:00,79.97000122070312,80.91000366210938,79.70999908447266,80.80999755859375,2229445
2026-04-24 19:30:00+00:00,79.6500015258789,79.9800033569336,79.08000183105469,79.97000122070312,2657366
2026-04-27 13:30:00+00:00,78.0999984741211,80.25,77.05349731445312,79.69999694824219,5426283
2026-04-27 14:30:00+00:00,77.97000122070312,78.98999786376953,77.56999969482422,78.08000183105469,2262596
2026-04-27 15:30:00+00:00,77.7300033569336,78.0,77.5199966430664,77.97000122070312,1120582
2026-04-27 16:30:00+00:00,79.55159759521484,79.58999633789062,77.68000030517578,77.73999786376953,1787181
2026-04-27 17:30:00+00:00,81.76499938964844,81.79930114746094,79.54499816894531,79.55000305175781,3029184
2026-04-27 18:30:00+00:00,81.91999816894531,82.4800033569336,81.3499984741211,81.76000213623047,2544758
2026-04-27 19:30:00+00:00,82.26000213623047,82.43499755859375,81.37000274658203,81.8550033569336,1570878
2026-04-28 13:30:00+00:00,79.70500183105469,81.77999877929688,78.97000122070312,80.07499694824219,3910754
2026-04-28 14:30:00+00:00,78.91999816894531,79.96499633789062,77.5999984741211,79.68000030517578,3069854
2026-04-28 15:30:00+00:00,78.56999969482422,79.12999725341797,78.26000213623047,78.87000274658203,1273777
2026-04-28 16:30:00+00:00,79.08000183105469,79.31999969482422,78.47000122070312,78.54000091552734,1142626
2026-04-28 17:30:00+00:00,78.88999938964844,79.60990142822266,78.69999694824219,79.08999633789062,1175089
2026-04-28 18:30:00+00:00,78.08000183105469,79.23999786376953,77.95999908447266,78.87999725341797,1557680
2026-04-28 19:30:00+00:00,78.58000183105469,78.70999908447266,77.84010314941406,78.08000183105469,1264708
2026-04-29 13:30:00+00:00,75.76000213623047,78.01000213623047,73.98999786376953,77.83000183105469,7123283
2026-04-29 14:30:00+00:00,75.66000366210938,76.80999755859375,74.76000213623047,75.75,2843894
2026-04-29 15:30:00+00:00,75.20999908447266,75.77999877929688,74.96499633789062,75.66500091552734,1278523
2026-04-29 16:30:00+00:00,75.80999755859375,76.04000091552734,74.87000274658203,75.19000244140625,1232318
2026-04-29 17:30:00+00:00,76.0999984741211,76.34500122070312,75.4000015258789,75.80999755859375,1489051
2026-04-29 18:30:00+00:00,76.27999877929688,76.70999908447266,75.93000030517578,76.08000183105469,1490160
2026-04-29 19:30:00+00:00,77.0199966430664,77.05999755859375,75.9800033569336,76.2699966430664,1314257
2026-04-30 13:30:00+00:00,81.98500061035156,82.05000305175781,77.47000122070312,77.66000366210938,6389260
2026-04-30 14:30:00+00:00,81.93000030517578,82.75,81.493896484375,81.9800033569336,2904595
2026-04-30 15:30:00+00:00,81.83499908447266,82.05500030517578,80.88999938964844,81.86000061035156,1601040
2026-04-30 16:30:00+00:00,82.40499877929688,82.5,81.70500183105469,81.83999633789062,1238002
2026-04-30 17:30:00+00:00,83.1709976196289,83.30999755859375,82.2301025390625,82.43000030517578,1536966
2026-04-30 18:30:00+00:00,82.02999877929688,83.58999633789062,82.0199966430664,83.19999694824219,1498549
2026-04-30 19:30:00+00:00,82.49500274658203,82.6500015258789,81.9000015258789,82.01000213623047,1195696
2026-05-01 13:30:00+00:00,79.81500244140625,83.79000091552734,79.75,83.52999877929688,5039407
2026-05-01 14:30:00+00:00,80.39849853515625,80.75,78.9520034790039,79.81500244140625,2654215
2026-05-01 15:30:00+00:00,79.75,81.52999877929688,79.61000061035156,80.36499786376953,2155669
2026-05-01 16:30:00+00:00,80.31999969482422,80.55999755859375,79.5999984741211,79.72000122070312,988392
2026-05-01 17:30:00+00:00,80.33999633789062,80.54000091552734,80.01000213623047,80.3550033569336,965681
2026-05-01 18:30:00+00:00,78.97000122070312,80.37000274658203,78.97000122070312,80.33999633789062,1661065
2026-05-01 19:30:00+00:00,78.83000183105469,79.26499938964844,78.43000030517578,78.98999786376953,1677621
2026-05-04 13:30:00+00:00,79.8499984741211,80.05999755859375,76.25,78.30799865722656,5021606
2026-05-04 14:30:00+00:00,80.27999877929688,81.06999969482422,79.5199966430664,79.80999755859375,3183774
2026-05-04 15:30:00+00:00,80.12999725341797,80.5,78.72010040283203,80.29000091552734,2014060
2026-05-04 16:30:00+00:00,80.54000091552734,80.95999908447266,79.82009887695312,80.18000030517578,1266134
2026-05-04 17:30:00+00:00,81.80999755859375,81.81999969482422,80.36000061035156,80.5199966430664,1378684
2026-05-04 18:30:00+00:00,80.18000030517578,81.83300018310547,79.8550033569336,81.81999969482422,1713241
2026-05-04 19:30:00+00:00,80.30000305175781,80.51000213623047,80.06999969482422,80.16999816894531,866651
2026-05-05 13:30:00+00:00,78.55000305175781,83.0,77.36000061035156,82.72000122070312,5888935
2026-05-05 14:30:00+00:00,78.68000030517578,79.38990020751953,77.54000091552734,78.54000091552734,2407975
2026-05-05 15:30:00+00:00,77.20999908447266,78.7499008178711,76.87999725341797,78.69640350341797,2191413
2026-05-05 16:30:00+00:00,77.06999969482422,77.7698974609375,76.79000091552734,77.19000244140625,1365161
2026-05-05 17:30:00+00:00,77.13999938964844,77.37000274658203,76.56999969482422,77.05000305175781,1198655
2026-05-05 18:30:00+00:00,78.41000366210938,78.79000091552734,77.09010314941406,77.13500213623047,1647115
2026-05-05 19:30:00+00:00,78.79000091552734,78.9000015258789,77.88999938964844,78.4000015258789,1203416
2026-05-06 13:30:00+00:00,81.98999786376953,82.80000305175781,78.86000061035156,79.75,5750407
2026-05-06 14:30:00+00:00,81.75,83.06999969482422,81.41200256347656,82.0,3071564
2026-05-06 15:30:00+00:00,81.76000213623047,81.88500213623047,80.93000030517578,81.70999908447266,1547136
2026-05-06 16:30:00+00:00,83.37999725341797,83.4000015258789,81.61000061035156,81.80500030517578,2438606
2026-05-06 17:30:00+00:00,83.43150329589844,83.79000091552734,82.30000305175781,83.4000015258789,1850820
2026-05-06 18:30:00+00:00,84.17849731445312,84.30999755859375,83.3115005493164,83.40010070800781,1863518
2026-05-06 19:30:00+00:00,84.66500091552734,84.67500305175781,84.00140380859375,84.16500091552734,1510931
2026-05-07 13:30:00+00:00,82.44999694824219,84.79000091552734,81.20999908447266,84.70999908447266,5276198
2026-05-07 14:30:00+00:00,81.48999786376953,83.25,81.3844985961914,82.52899932861328,2031653
2026-05-07 15:30:00+00:00,79.59500122070312,81.69999694824219,78.7300033569336,81.45999908447266,3006143
2026-05-07 16:30:00+00:00,78.66000366210938,79.9000015258789,78.5,79.60980224609375,1909342
2026-05-07 17:30:00+00:00,78.41999816894531,79.9928970336914,78.19999694824219,78.67500305175781,1676494
2026-05-07 18:30:00+00:00,78.15910339355469,78.94000244140625,77.93000030517578,78.44000244140625,2075557
2026-05-07 19:30:00+00:00,78.5999984741211,78.9800033569336,78.08000183105469,78.15950012207031,2157990
2026-05-08 13:30:00+00:00,96.30999755859375,99.0,85.87000274658203,86.06999969482422,28377599
2026-05-08 14:30:00+00:00,98.83999633789062,99.0,94.7300033569336,96.31500244140625,10880486
2026-05-08 15:30:00+00:00,99.55999755859375,100.37000274658203,98.30999755859375,98.8499984741211,9316436
2026-05-08 16:30:00+00:00,99.5,100.30989837646484,98.80000305175781,99.54000091552734,4706570
2026-05-08 17:30:00+00:00,101.8104019165039,102.44000244140625,99.32499694824219,99.55000305175781,6581695
2026-05-08 18:30:00+00:00,102.86000061035156,103.19999694824219,101.30999755859375,101.87000274658203,5521237
2026-05-08 19:30:00+00:00,105.47000122070312,105.62000274658203,102.36000061035156,102.87999725341797,6711240
2026-05-11 13:30:00+00:00,114.52999877929688,117.27999877929688,104.00189971923828,105.31999969482422,17940873
2026-05-11 14:30:00+00:00,118.50050354003906,118.94999694824219,114.11009979248047,114.51000213623047,7001496
2026-05-11 15:30:00+00:00,118.69999694824219,120.30000305175781,117.83999633789062,118.50409698486328,5840399
2026-05-11 16:30:00+00:00,118.69999694824219,118.80999755859375,116.30000305175781,118.78990173339844,4151428
2026-05-11 17:30:00+00:00,122.38999938964844,122.44999694824219,118.4000015258789,118.69999694824219,4149123
2026-05-11 18:30:00+00:00,120.0199966430664,123.94000244140625,119.93000030517578,122.38999938964844,5492760
2026-05-11 19:30:00+00:00,117.38999938964844,121.47000122070312,116.77059936523438,120.06990051269531,4701902
2026-05-12 13:30:00+00:00,117.4000015258789,121.48999786376953,112.70010375976562,112.76000213623047,12052236
2026-05-12 14:30:00+00:00,113.84500122070312,119.19999694824219,113.68000030517578,117.3499984741211,4903705
2026-05-12 15:30:00+00:00,116.73999786376953,117.97889709472656,113.44000244140625,113.78009796142578,4336539
2026-05-12 16:30:00+00:00,117.47350311279297,117.51000213623047,114.25,116.88999938964844,2548220
2026-05-12 17:30:00+00:00,118.0999984741211,118.95500183105469,116.5199966430664,117.44999694824219,2421912
2026-05-12 18:30:00+00:00,118.70999908447266,119.41999816894531,117.22000122070312,118.16000366210938,2203556
2026-05-12 19:30:00+00:00,117.55999755859375,120.29000091552734,117.12000274658203,118.69000244140625,2914395
2026-05-13 13:30:00+00:00,121.05999755859375,127.22000122070312,116.88999938964844,123.83999633789062,9905622
2026-05-13 14:30:00+00:00,123.83999633789062,124.58000183105469,121.12999725341797,121.2300033569336,3374231
2026-05-13 15:30:00+00:00,125.0,125.73999786376953,122.80000305175781,123.8499984741211,2986935
2026-05-13 16:30:00+00:00,124.94000244140625,126.81999969482422,124.77999877929688,125.0199966430664,2279339
2026-05-13 17:30:00+00:00,126.57499694824219,126.96990203857422,124.5999984741211,124.94999694824219,1937641
2026-05-13 18:30:00+00:00,126.32499694824219,127.0,125.62999725341797,126.5250015258789,2146849
2026-05-13 19:30:00+00:00,124.1500015258789,126.84220123291016,123.41210174560547,126.3499984741211,2162119
2026-05-14 13:30:00+00:00,126.87000274658203,127.5,121.30999755859375,123.0999984741211,6270887
2026-05-14 14:30:00+00:00,129.10000610351562,130.25,126.19999694824219,126.80000305175781,4336751
2026-05-14 15:30:00+00:00,131.4499969482422,131.99000549316406,127.75,129.07000732421875,2734591
2026-05-14 16:30:00+00:00,129.5500030517578,133.17990112304688,129.2100067138672,131.47500610351562,3331032
2026-05-14 17:30:00+00:00,131.8800048828125,132.85000610351562,129.3300018310547,129.52999877929688,2466306
2026-05-14 18:30:00+00:00,130.1999969482422,133.08999633789062,130.10009765625,131.7801055908203,1966004
2026-05-14 19:30:00+00:00,132.55999755859375,133.00999450683594,130.00999450683594,130.14999389648438,2234177
2026-05-15 13:30:00+00:00,126.06500244140625,130.3699951171875,123.5999984741211,128.0399932861328,7505181
2026-05-15 14:30:00+00:00,124.44000244140625,126.8499984741211,123.33000183105469,126.12000274658203,2958768
2026-05-15 15:30:00+00:00,122.8499984741211,125.61000061035156,121.80000305175781,124.44000244140625,2628603
2026-05-15 16:30:00+00:00,124.83999633789062,125.18990325927734,122.75,122.88999938964844,1373495
2026-05-15 17:30:00+00:00,124.5250015258789,125.9800033569336,124.19999694824219,124.83999633789062,1398813
2026-05-15 18:30:00+00:00,125.45500183105469,128.16000366210938,123.76000213623047,124.52999877929688,2409816
2026-05-15 19:30:00+00:00,124.7300033569336,127.05000305175781,124.48999786376953,125.45500183105469,2166902
2026-05-18 13:30:00+00:00,128.56790161132812,138.3800048828125,125.7699966430664,132.7550048828125,14173798
2026-05-18 14:30:00+00:00,127.1050033569336,129.8699951171875,125.68000030517578,128.53500366210938,4057744
2026-05-18 15:30:00+00:00,126.36849975585938,129.77999877929688,126.19000244140625,127.0199966430664,2389894
2026-05-18 16:30:00+00:00,127.97000122070312,130.0,125.91999816894531,126.3499984741211,2406364
2026-05-18 17:30:00+00:00,127.19000244140625,128.83999633789062,126.80999755859375,128.03990173339844,1675093
2026-05-18 18:30:00+00:00,128.2899932861328,131.17990112304688,126.40010070800781,127.25499725341797,2435078
2026-05-18 19:30:00+00:00,131.24000549316406,132.02999877929688,128.32040405273438,128.33999633789062,2481375
2026-05-19 13:30:00+00:00,116.49759674072266,127.19999694824219,115.2300033569336,125.97000122070312,11179902
2026-05-19 14:30:00+00:00,119.21499633789062,121.04000091552734,115.55000305175781,116.44000244140625,4696099
2026-05-19 15:30:00+00:00,123.33799743652344,123.41999816894531,119.02999877929688,119.16000366210938,3118631
2026-05-19 16:30:00+00:00,129.0399932861328,129.08999633789062,123.08000183105469,123.33000183105469,3407130
2026-05-19 17:30:00+00:00,127.30000305175781,129.57000732421875,126.0999984741211,129.0399932861328,2696683
2026-05-19 18:30:00+00:00,127.19850158691406,128.35000610351562,125.6500015258789,127.30999755859375,1943746
2026-05-19 19:30:00+00:00,127.30000305175781,127.7499008178711,126.26499938964844,127.2155990600586,1712254
2026-05-20 13:30:00+00:00,129.4600067138672,129.8800048828125,124.26000213623047,127.5,5211308
2026-05-20 14:30:00+00:00,132.16009521484375,132.389892578125,128.60000610351562,129.49000549316406,4131777
2026-05-20 15:30:00+00:00,131.89230346679688,134.19000244140625,131.14999389648438,132.27720642089844,3692758
2026-05-20 16:30:00+00:00,131.61000061035156,133.0,130.2100067138672,131.88999938964844,2005731
2026-05-20 17:30:00+00:00,134.7050018310547,134.7050018310547,131.20010375976562,131.60000610351562,2242441
2026-05-20 18:30:00+00:00,134.67999267578125,134.95750427246094,132.5500030517578,134.77000427246094,1999869
2026-05-20 19:30:00+00:00,134.27000427246094,135.35000610351562,133.33009338378906,134.67999267578125,2058746
2026-05-21 13:30:00+00:00,126.1050033569336,130.85000610351562,123.80000305175781,125.99500274658203,10761315
2026-05-21 14:30:00+00:00,128.3498992919922,130.0,125.8499984741211,126.0999984741211,4392744
2026-05-21 15:30:00+00:00,128.61500549316406,129.4499969482422,127.4800033569336,128.30999755859375,2450822
2026-05-21 16:30:00+00:00,127.58000183105469,129.64999389648438,126.66000366210938,128.52000427246094,2881027
2026-05-21 17:30:00+00:00,125.63999938964844,128.14999389648438,124.69000244140625,127.60990142822266,2851184
2026-05-21 18:30:00+00:00,125.0,125.9800033569336,124.0,125.6449966430664,2695306
2026-05-21 19:30:00+00:00,125.43499755859375,125.58000183105469,123.91000366210938,124.95999908447266,2657231
2026-05-22 13:30:00+00:00,136.92999267578125,137.10000610351562,131.6649932861328,131.6750030517578,11671322
2026-05-22 14:30:00+00:00,137.43499755859375,139.75999450683594,135.60000610351562,137.0,4939325
2026-05-22 15:30:00+00:00,137.1999969482422,138.6999969482422,136.7050018310547,137.39999389648438,2526577
2026-05-22 16:30:00+00:00,134.43499755859375,137.22999572753906,132.47000122070312,137.22999572753906,4032099
2026-05-22 17:30:00+00:00,136.97430419921875,137.47999572753906,133.02000427246094,134.5500030517578,2690991
2026-05-22 18:30:00+00:00,134.73049926757812,136.9499053955078,134.3699951171875,136.9250030517578,2751665
2026-05-22 19:30:00+00:00,135.75999450683594,136.7799072265625,134.33999633789062,134.78500366210938,2578705
2026-05-26 13:30:00+00:00,142.22999572753906,144.7899932861328,138.55999755859375,141.96499633789062,12231001
2026-05-26 14:30:00+00:00,145.0,146.0,141.30999755859375,142.05999755859375,5187658
2026-05-26 15:30:00+00:00,142.99249267578125,145.64999389648438,140.8800048828125,145.1300048828125,3230925
2026-05-26 16:30:00+00:00,143.6649932861328,144.1300048828125,142.00999450683594,143.0399932861328,1615926
2026-05-26 17:30:00+00:00,144.0800018310547,145.39999389648438,142.99000549316406,143.66000366210938,1863913
2026-05-26 18:30:00+00:00,143.26499938964844,144.52999877929688,140.60009765625,144.0800018310547,3273682
2026-05-26 19:30:00+00:00,143.3000030517578,144.10000610351562,140.99000549316406,143.30999755859375,2167191
2026-05-27 13:30:00+00:00,138.6049041748047,150.74989318847656,137.91000366210938,149.72000122070312,12089846
2026-05-27 14:30:00+00:00,142.32000732421875,145.60899353027344,138.58999633789062,138.593505859375,3530820
2026-05-27 15:30:00+00:00,146.99000549316406,149.07290649414062,142.11000061035156,142.36000061035156,3229909
2026-05-27 16:30:00+00:00,148.38499450683594,149.8800048828125,146.5709991455078,146.99000549316406,2539560
2026-05-27 17:30:00+00:00,148.81039428710938,149.6999969482422,147.26010131835938,148.38499450683594,1618476
2026-05-27 18:30:00+00:00,148.4199981689453,149.19729614257812,146.1300048828125,148.83999633789062,1770597
2026-05-27 19:30:00+00:00,150.22999572753906,150.99989318847656,148.35499572753906,148.47000122070312,2296509
2026-05-28 13:30:00+00:00,144.0,150.8300018310547,142.3699951171875,147.1699981689453,8021700
2026-05-28 14:30:00+00:00,146.6750030517578,147.55999755859375,143.75,143.9199981689453,2418863
2026-05-28 15:30:00+00:00,147.0850067138672,147.89999389648438,146.0,146.6300048828125,1545262
2026-05-28 16:30:00+00:00,146.75999450683594,148.5500030517578,146.42010498046875,147.13999938964844,1309407
2026-05-28 17:30:00+00:00,149.57000732421875,149.8800048828125,146.34500122070312,146.7100067138672,1997042
2026-05-28 18:30:00+00:00,148.2899932861328,150.55990600585938,147.1009979248047,149.57000732421875,2043044
2026-05-28 19:30:00+00:00,148.0500030517578,149.24000549316406,147.52999877929688,148.3000030517578,1613093
2026-05-29 13:30:00+00:00,135.27000427246094,141.14999389648438,134.0500030517578,139.61000061035156,10979193
2026-05-29 14:30:00+00:00,138.98500061035156,139.5500030517578,135.19500732421875,135.25,4101852
2026-05-29 15:30:00+00:00,141.125,142.5800018310547,138.26499938964844,139.0,3049991
2026-05-29 16:30:00+00:00,141.22999572753906,143.10000610351562,140.5,141.125,1884292
2026-05-29 17:30:00+00:00,139.97999572753906,141.8800048828125,139.19000244140625,141.3000030517578,1472546
2026-05-29 18:30:00+00:00,139.62750244140625,140.1199951171875,137.88999938964844,139.97500610351562,1759071
2026-05-29 19:30:00+00:00,143.4949951171875,144.0,139.6699981689453,139.6699981689453,3727100
2026-06-01 13:30:00+00:00,126.0999984741211,135.62899780273438,124.69999694824219,132.6999969482422,11937289
2026-06-01 14:30:00+00:00,123.91000366210938,126.5999984741211,122.5,126.11599731445312,6023048
2026-06-01 15:30:00+00:00,122.10009765625,126.73930358886719,122.02999877929688,123.95500183105469,4339495
2026-06-01 16:30:00+00:00,125.69000244140625,125.95999908447266,121.75,122.16000366210938,3302144
2026-06-01 17:30:00+00:00,125.87999725341797,126.99960327148438,124.66000366210938,125.72000122070312,2770449
2026-06-01 18:30:00+00:00,125.04859924316406,126.5999984741211,124.0999984741211,125.83999633789062,2498041
2026-06-01 19:30:00+00:00,122.25,125.05999755859375,121.80000305175781,125.04000091552734,3357615
2026-06-02 13:30:00+00:00,126.85769653320312,128.27999877929688,123.01000213623047,125.26000213623047,7622587
2026-06-02 14:30:00+00:00,124.41500091552734,127.48989868164062,124.2300033569336,126.76010131835938,2351471
2026-06-02 15:30:00+00:00,124.12000274658203,125.25,123.44499969482422,124.37000274658203,1810134
2026-06-02 16:30:00+00:00,123.93000030517578,124.29989624023438,122.55999755859375,124.1500015258789,1387363
2026-06-02 17:30:00+00:00,124.72000122070312,126.23999786376953,123.8905029296875,123.8905029296875,1514435
2026-06-02 18:30:00+00:00,123.7750015258789,124.97000122070312,123.3499984741211,124.72000122070312,1128925
2026-06-02 19:30:00+00:00,123.29000091552734,124.19000244140625,123.12999725341797,123.73999786376953,1571609
2026-06-03 13:30:00+00:00,120.16000366210938,122.50489807128906,115.69000244140625,119.4000015258789,7145122
2026-06-03 14:30:00+00:00,114.91000366210938,120.94000244140625,114.2699966430664,120.125,3611286
2026-06-03 15:30:00+00:00,114.65499877929688,116.44000244140625,114.44999694824219,114.94000244140625,2716019
2026-06-03 16:30:00+00:00,114.8499984741211,115.36000061035156,113.66000366210938,114.6500015258789,1790756
2026-06-03 17:30:00+00:00,115.87000274658203,115.9000015258789,114.61000061035156,114.8499984741211,1365884
2026-06-03 18:30:00+00:00,114.68000030517578,116.11000061035156,114.37999725341797,115.9000015258789,1160548
2026-06-03 19:30:00+00:00,114.66999816894531,115.48799896240234,114.14009857177734,114.68000030517578,1650804
2026-06-04 13:30:00+00:00,117.64009857177734,119.3499984741211,110.38999938964844,113.08999633789062,9073059
2026-06-04 14:30:00+00:00,117.43009948730469,118.80000305175781,116.5,117.77999877929688,2955780
2026-06-04 15:30:00+00:00,118.6500015258789,118.75,116.49009704589844,117.45999908447266,1487499
2026-06-04 16:30:00+00:00,121.16000366210938,121.26799774169922,118.19999694824219,118.66500091552734,2036654
2026-06-04 17:30:00+00:00,122.18000030517578,122.4800033569336,120.91999816894531,121.26000213623047,2635064
2026-06-04 18:30:00+00:00,121.0199966430664,122.62999725341797,120.55000305175781,122.18000030517578,1893116
2026-06-04 19:30:00+00:00,119.91000366210938,121.5199966430664,114.69999694824219,121.06999969482422,1571475
2026-06-05 13:30:00+00:00,112.94499969482422,117.97000122070312,111.52999877929688,114.2699966430664,6505448
2026-06-05 14:30:00+00:00,112.42500305175781,115.5999984741211,112.06999969482422,112.98999786376953,2509832
2026-06-05 15:30:00+00:00,111.45500183105469,113.06900024414062,111.19999694824219,112.27010345458984,1905616
2026-06-05 16:30:00+00:00,110.58999633789062,111.47000122070312,108.55010223388672,111.44999694824219,2724578
2026-06-05 17:30:00+00:00,107.91000366210938,110.83999633789062,107.62999725341797,110.5999984741211,1895928
2026-06-05 18:30:00+00:00,109.76000213623047,109.7699966430664,106.7300033569336,107.9800033569336,2404996
2026-06-05 19:30:00+00:00,110.0999984741211,110.55500030517578,109.13999938964844,109.81999969482422,1855844
2026-06-08 13:30:00+00:00,113.12999725341797,115.55989837646484,111.0,114.56700134277344,4633476
2026-06-08 14:30:00+00:00,115.12999725341797,116.2499008178711,112.94000244140625,113.08000183105469,2049149
2026-06-08 15:30:00+00:00,113.76190185546875,115.41940307617188,113.45999908447266,115.12000274658203,1344835
2026-06-08 16:30:00+00:00,113.79000091552734,114.34600067138672,113.25,113.80000305175781,865092
2026-06-08 17:30:00+00:00,113.69000244140625,114.61000061035156,113.13999938964844,113.8499984741211,894708
2026-06-08 18:30:00+00:00,112.33999633789062,113.87889862060547,111.65699768066406,113.69000244140625,1041895
2026-06-08 19:30:00+00:00,113.6500015258789,113.7300033569336,112.14340209960938,112.3499984741211,1209583
2026-06-09 13:30:00+00:00,110.68990325927734,119.79000091552734,109.76000213623047,118.4000015258789,7070508
2026-06-09 14:30:00+00:00,106.25,111.45069885253906,106.0999984741211,110.55000305175781,2936138
2026-06-09 15:30:00+00:00,103.5199966430664,107.08000183105469,101.9000015258789,106.3499984741211,3691245
2026-06-09 16:30:00+00:00,106.69000244140625,106.9000015258789,101.19999694824219,103.5,3099405
2026-06-09 17:30:00+00:00,107.68000030517578,107.93990325927734,106.0,106.6500015258789,1951717
2026-06-09 18:30:00+00:00,107.38500213623047,108.54000091552734,106.29000091552734,107.6449966430664,1878777
2026-06-09 19:30:00+00:00,108.20999908447266,108.38999938964844,107.06999969482422,107.3499984741211,1618243
2026-06-10 13:30:00+00:00,108.62999725341797,111.95999908447266,106.71009826660156,107.94999694824219,3931467
2026-06-10 14:30:00+00:00,107.27999877929688,108.58999633789062,105.51349639892578,108.58000183105469,1626311
2026-06-10 15:30:00+00:00,107.0,108.16999816894531,106.02010345458984,107.27999877929688,1276290
2026-06-10 16:30:00+00:00,108.33999633789062,108.3573989868164,106.4000015258789,107.0,758437
2026-06-10 17:30:00+00:00,106.7300033569336,109.29499816894531,106.55000305175781,108.37000274658203,1548078
2026-06-10 18:30:00+00:00,104.7750015258789,106.8290023803711,104.41000366210938,106.77999877929688,1315031
2026-06-10 19:30:00+00:00,105.04000091552734,105.4800033569336,104.66000366210938,104.79000091552734,1550521
2026-06-11 13:30:00+00:00,109.98999786376953,111.11000061035156,105.4000015258789,106.36000061035156,6822261
2026-06-11 14:30:00+00:00,110.40670013427734,110.95899963378906,107.40499877929688,110.0,3177195
2026-06-11 15:30:00+00:00,110.38999938964844,111.38999938964844,109.69499969482422,110.3949966430664,1901888
2026-06-11 16:30:00+00:00,111.68000030517578,111.89990234375,109.69000244140625,110.41999816894531,1828309
2026-06-11 17:30:00+00:00,112.23999786376953,113.8302001953125,111.29010009765625,111.80500030517578,2922852
2026-06-11 18:30:00+00:00,113.83999633789062,114.39299774169922,112.16010284423828,112.2750015258789,2347668
2026-06-11 19:30:00+00:00,114.7699966430664,115.04499816894531,113.51000213623047,113.9000015258789,3507465
2026-06-12 13:30:00+00:00,106.44499969482422,118.00499725341797,103.2699966430664,118.0,21857383
2026-06-12 14:30:00+00:00,107.125,108.37999725341797,103.66000366210938,106.4800033569336,7521816
2026-06-12 15:30:00+00:00,106.61990356445312,107.20999908447266,99.61000061035156,107.15499877929688,14063460
2026-06-12 16:30:00+00:00,106.8666000366211,107.68789672851562,105.1500015258789,106.61969757080078,5830148
2026-06-12 17:30:00+00:00,104.63500213623047,106.94000244140625,104.58000183105469,106.8666000366211,3089102
2026-06-12 18:30:00+00:00,104.5999984741211,104.83999633789062,103.1500015258789,104.6500015258789,3758154
2026-06-12 19:30:00+00:00,102.41999816894531,104.8386001586914,101.9801025390625,104.62000274658203,4151732
2026-06-15 13:30:00+00:00,106.69499969482422,110.62000274658203,105.80000305175781,107.95999908447266,10445216
2026-06-15 14:30:00+00:00,107.28500366210938,108.33999633789062,106.33000183105469,106.66000366210938,3122213
2026-06-15 15:30:00+00:00,109.90499877929688,110.77999877929688,106.68009948730469,107.28500366210938,4592295
2026-06-15 16:30:00+00:00,110.13999938964844,110.69999694824219,108.12000274658203,109.88999938964844,2989867
2026-06-15 17:30:00+00:00,109.48500061035156,110.44999694824219,108.87000274658203,110.15499877929688,1843818
2026-06-15 18:30:00+00:00,109.2300033569336,109.8499984741211,108.5999984741211,109.4800033569336,1830046
2026-06-15 19:30:00+00:00,109.27999877929688,110.2300033569336,109.01499938964844,109.13999938964844,2119356
2026-06-16 13:30:00+00:00,104.02999877929688,108.48999786376953,103.06999969482422,107.70999908447266,9683906
2026-06-16 14:30:00+00:00,105.18000030517578,106.08999633789062,103.41999816894531,103.95999908447266,3340003
2026-06-16 15:30:00+00:00,106.9749984741211,107.13999938964844,104.80000305175781,105.19999694824219,2435936
2026-06-16 16:30:00+00:00,106.20999908447266,107.0199966430664,105.66000366210938,107.0199966430664,1565395
2026-06-16 17:30:00+00:00,107.02999877929688,107.47969818115234,106.01000213623047,106.19599914550781,1404958
2026-06-16 18:30:00+00:00,106.25499725341797,107.80000305175781,105.54199981689453,107.04499816894531,2032493
2026-06-16 19:30:00+00:00,104.66999816894531,106.98999786376953,104.37000274658203,106.2699966430664,2455013
2026-06-17 13:30:00+00:00,109.00499725341797,110.39990234375,104.04000091552734,104.12000274658203,8140595
2026-06-17 14:30:00+00:00,106.80999755859375,109.02999877929688,106.44000244140625,108.94000244140625,2604758
2026-06-17 15:30:00+00:00,109.51390075683594,109.58999633789062,106.80000305175781,106.94000244140625,2002140
2026-06-17 16:30:00+00:00,110.30999755859375,110.60990142822266,108.37999725341797,109.5199966430664,2623628
2026-06-17 17:30:00+00:00,108.13500213623047,110.37999725341797,107.13999938964844,110.31999969482422,2710479
2026-06-17 18:30:00+00:00,109.18000030517578,111.33000183105469,108.0,108.13999938964844,3744606
2026-06-17 19:30:00+00:00,107.86000061035156,109.44989776611328,107.41000366210938,109.18000030517578,2631356
2026-06-18 13:30:00+00:00,102.66000366210938,109.29000091552734,100.95999908447266,108.91999816894531,7351782
2026-06-18 14:30:00+00:00,105.65280151367188,106.17500305175781,102.33000183105469,102.58999633789062,3665642
2026-06-18 15:30:00+00:00,103.7699966430664,106.0,103.75,105.66999816894531,2027797
2026-06-18 16:30:00+00:00,103.93000030517578,104.38999938964844,103.2300033569336,103.76000213623047,1390421
2026-06-18 17:30:00+00:00,103.5199966430664,104.55000305175781,103.19999694824219,103.95999908447266,1150438
2026-06-18 18:30:00+00:00,106.39990234375,106.65989685058594,103.38500213623047,103.48999786376953,2207052
2026-06-18 19:30:00+00:00,107.30000305175781,108.33000183105469,105.47000122070312,106.33499908447266,4794392
2026-06-22 13:30:00+00:00,96.88999938964844,107.29000091552734,96.5,106.98999786376953,9944177
2026-06-22 14:30:00+00:00,99.7499008178711,99.77999877929688,96.77010345458984,96.94999694824219,4270198
2026-06-22 15:30:00+00:00,98.43389892578125,100.37999725341797,98.01000213623047,99.69999694824219,2534327
2026-06-22 16:30:00+00:00,98.93000030517578,99.94999694824219,97.91100311279297,98.42500305175781,1628064
2026-06-22 17:30:00+00:00,101.2699966430664,101.58999633789062,98.30999755859375,98.91000366210938,1821440
2026-06-22 18:30:00+00:00,99.79000091552734,101.7698974609375,99.38600158691406,101.2301025390625,1719741
2026-06-22 19:30:00+00:00,100.26000213623047,100.66000366210938,98.83000183105469,99.8499984741211,1922889
2026-06-23 13:30:00+00:00,98.69000244140625,101.7300033569336,96.0250015258789,96.0250015258789,7227785
2026-06-23 14:30:00+00:00,97.5,99.19999694824219,97.25,98.66999816894531,2129609
2026-06-23 15:30:00+00:00,97.62999725341797,98.80000305175781,97.30999755859375,97.5199966430664,1747579
2026-06-23 16:30:00+00:00,97.27690124511719,97.74669647216797,97.02100372314453,97.625,1508869
2026-06-23 17:30:00+00:00,96.33999633789062,97.58999633789062,96.04750061035156,97.26499938964844,1761450
2026-06-23 18:30:00+00:00,96.16000366210938,96.71499633789062,95.63999938964844,96.31999969482422,2090827
2026-06-23 19:30:00+00:00,95.08999633789062,96.25,94.88500213623047,96.19000244140625,2148041
2026-06-24 13:30:00+00:00,88.42500305175781,94.30000305175781,86.9375,94.01499938964844,7800202
2026-06-24 14:30:00+00:00,88.8550033569336,89.55999755859375,88.2699966430664,88.44000244140625,2715998
2026-06-24 15:30:00+00:00,87.05000305175781,88.92500305175781,87.04000091552734,88.8550033569336,2122523
2026-06-24 16:30:00+00:00,85.24500274658203,87.02999877929688,85.05139923095703,87.0199966430664,2782174
2026-06-24 17:30:00+00:00,87.27999877929688,87.62560272216797,84.85009765625,85.26000213623047,2661569
2026-06-24 18:30:00+00:00,86.30999755859375,87.31999969482422,85.4000015258789,87.29000091552734,2490591
2026-06-24 19:30:00+00:00,85.41999816894531,86.37000274658203,85.15499877929688,86.2750015258789,2836251
2026-06-25 13:30:00+00:00,81.2249984741211,86.01000213623047,80.0,86.01000213623047,9094899
2026-06-25 14:30:00+00:00,80.91000366210938,82.92990112304688,80.16999816894531,81.23999786376953,3864186
2026-06-25 15:30:00+00:00,81.43000030517578,81.57499694824219,80.30000305175781,80.91999816894531,2532079
2026-06-25 16:30:00+00:00,80.93000030517578,81.5999984741211,80.19010162353516,81.43499755859375,1939245
2026-06-25 17:30:00+00:00,81.64510345458984,81.83000183105469,80.49500274658203,80.91000366210938,1789509
2026-06-25 18:30:00+00:00,80.3228988647461,81.76000213623047,80.0999984741211,81.64910125732422,2180166
2026-06-25 19:30:00+00:00,80.6500015258789,80.70999908447266,80.0,80.32499694824219,2539231
2026-06-26 13:30:00+00:00,84.77400207519531,85.52999877929688,80.7300033569336,81.1050033569336,8447242
2026-06-26 14:30:00+00:00,84.75499725341797,85.06890106201172,83.73999786376953,84.73999786376953,2986011
2026-06-26 15:30:00+00:00,85.08999633789062,86.2750015258789,84.80000305175781,84.80000305175781,2887509
2026-06-26 16:30:00+00:00,85.33999633789062,85.9000015258789,84.98999786376953,85.08999633789062,1605210
2026-06-26 17:30:00+00:00,85.44999694824219,86.20999908447266,85.20999908447266,85.37000274658203,1853969
2026-06-26 18:30:00+00:00,83.77999877929688,85.58999633789062,83.43000030517578,85.48600006103516,2180871
2026-06-26 19:30:00+00:00,84.55999755859375,84.80000305175781,82.37999725341797,83.78500366210938,4200453
2026-06-29 13:30:00+00:00,92.37999725341797,95.45989990234375,89.85009765625,91.41999816894531,16222396
2026-06-29 14:30:00+00:00,91.67500305175781,92.83999633789062,90.69999694824219,92.36000061035156,4085468
2026-06-29 15:30:00+00:00,95.33999633789062,95.61100006103516,91.69999694824219,91.69999694824219,3988287
2026-06-29 16:30:00+00:00,97.58000183105469,98.08499908447266,94.61000061035156,95.33999633789062,4017527
2026-06-29 17:30:00+00:00,97.06500244140625,98.48999786376953,96.57009887695312,97.58000183105469,3300168
2026-06-29 18:30:00+00:00,97.70999908447266,97.94000244140625,96.68000030517578,97.04000091552734,2710902
2026-06-29 19:30:00+00:00,98.0199966430664,99.04000091552734,97.68000030517578,97.7300033569336,3651278
2026-06-30 13:30:00+00:00,100.2300033569336,101.05000305175781,97.02999877929688,97.41999816894531,9093223
2026-06-30 14:30:00+00:00,98.86000061035156,100.4000015258789,95.63999938964844,100.19499969482422,4548624
2026-06-30 15:30:00+00:00,102.08000183105469,102.62999725341797,98.0999984741211,98.86000061035156,4312026
2026-06-30 16:30:00+00:00,103.92859649658203,104.16000366210938,101.44999694824219,102.08000183105469,3612404
2026-06-30 17:30:00+00:00,101.25,104.12000274658203,101.05999755859375,103.94999694824219,2783225
2026-06-30 18:30:00+00:00,101.37999725341797,101.9999008178711,100.33999633789062,101.23500061035156,3134438
2026-06-30 19:30:00+00:00,101.58000183105469,102.33000183105469,100.80999755859375,101.37999725341797,2747725
2026-07-01 13:30:00+00:00,101.31999969482422,103.2699966430664,99.80000305175781,101.19499969482422,4737843
2026-07-01 14:30:00+00:00,105.80000305175781,105.81999969482422,97.62000274658203,101.3550033569336,4621617
2026-07-01 15:30:00+00:00,106.87999725341797,107.59989929199219,104.62999725341797,105.66999816894531,3477476
2026-07-01 16:30:00+00:00,105.94010162353516,107.30000305175781,105.5999984741211,106.87000274658203,1957415
2026-07-01 17:30:00+00:00,103.4761962890625,105.95909881591797,103.42769622802734,105.8927993774414,1558959
2026-07-01 18:30:00+00:00,102.19999694824219,104.0,101.94999694824219,103.44000244140625,1615018
2026-07-01 19:30:00+00:00,100.0,102.37000274658203,100.0,102.23999786376953,1871255
2026-07-02 13:30:00+00:00,103.1500015258789,106.98999786376953,100.19999694824219,101.12999725341797,6264458
2026-07-02 14:30:00+00:00,100.06999969482422,104.0199966430664,98.69999694824219,103.13999938964844,3711279
2026-07-02 15:30:00+00:00,99.97000122070312,101.94499969482422,99.6500015258789,100.18000030517578,2577455
2026-07-02 16:30:00+00:00,98.94000244140625,100.48500061035156,98.30130004882812,100.0199966430664,2085216
2026-07-02 17:30:00+00:00,99.7300033569336,100.13999938964844,97.92500305175781,98.87000274658203,1960165
2026-07-02 18:30:00+00:00,99.18000030517578,99.9000015258789,98.2249984741211,99.7300033569336,1644576
2026-07-02 19:30:00+00:00,100.5,100.69000244140625,99.02999877929688,99.2249984741211,2351730
2026-07-06 13:30:00+00:00,97.19999694824219,102.09989929199219,95.80999755859375,100.36000061035156,5005020
2026-07-06 14:30:00+00:00,96.55000305175781,98.02999877929688,95.3499984741211,97.20999908447266,2357093
2026-07-06 15:30:00+00:00,95.58000183105469,96.87999725341797,95.16529846191406,96.47000122070312,1659183
2026-07-06 16:30:00+00:00,93.7699966430664,95.98999786376953,93.7699966430664,95.55500030517578,1849035
2026-07-06 17:30:00+00:00,93.6050033569336,94.40519714355469,92.96119689941406,93.76000213623047,2029412
2026-07-06 18:30:00+00:00,94.4800033569336,94.76000213623047,93.36000061035156,93.61000061035156,1320481
2026-07-06 19:30:00+00:00,93.12999725341797,94.48999786376953,92.30000305175781,94.4800033569336,3165202
2026-07-07 13:30:00+00:00,84.16000366210938,90.69000244140625,83.33000183105469,90.01000213623047,8257876
2026-07-07 14:30:00+00:00,83.79000091552734,84.98889923095703,83.47010040283203,84.08999633789062,3616132
2026-07-07 15:30:00+00:00,84.90989685058594,85.30500030517578,82.8499984741211,83.79000091552734,2633172
2026-07-07 16:30:00+00:00,85.12999725341797,85.25,84.27999877929688,84.88999938964844,2072392
2026-07-07 17:30:00+00:00,85.44999694824219,86.41000366210938,85.08930206298828,85.18000030517578,1934030
2026-07-07 18:30:00+00:00,83.57499694824219,85.4800033569336,83.31500244140625,85.45600128173828,3463070
2026-07-07 19:30:00+00:00,83.41000366210938,83.98500061035156,83.3550033569336,83.5999984741211,2066035
2026-07-08 13:30:00+00:00,84.29000091552734,86.5,83.46009826660156,86.3499984741211,5856982
2026-07-08 14:30:00+00:00,81.5,84.75,81.32499694824219,84.25499725341797,2595107
2026-07-08 15:30:00+00:00,82.16999816894531,82.41999816894531,81.0,81.4800033569336,2189759
2026-07-08 16:30:00+00:00,82.08499908447266,82.52989959716797,81.11000061035156,82.16000366210938,1840627
2026-07-08 17:30:00+00:00,82.45500183105469,82.8499984741211,81.6050033569336,82.06999969482422,1637169
2026-07-08 18:30:00+00:00,83.16000366210938,83.49220275878906,82.12000274658203,82.43000030517578,1968807
2026-07-08 19:30:00+00:00,83.34500122070312,83.44999694824219,82.70999908447266,83.16000366210938,1679098
2026-07-09 13:30:00+00:00,83.83000183105469,86.29499816894531,82.41500091552734,86.29499816894531,5907613
2026-07-09 14:30:00+00:00,84.02989959716797,84.28500366210938,83.11000061035156,83.81500244140625,1827734
2026-07-09 15:30:00+00:00,83.80000305175781,85.29989624023438,83.52999877929688,83.95999908447266,2080469
2026-07-09 16:30:00+00:00,83.91000366210938,84.16999816894531,83.21499633789062,83.80000305175781,1344150
2026-07-09 17:30:00+00:00,83.94000244140625,84.18499755859375,83.2750015258789,83.91999816894531,1225887
2026-07-09 18:30:00+00:00,83.46499633789062,84.73999786376953,83.45999908447266,84.0199966430664,1469349
2026-07-09 19:30:00+00:00,82.54000091552734,83.66999816894531,82.51000213623047,83.47000122070312,2012176
2026-07-10 13:30:00+00:00,80.33000183105469,82.25920104980469,79.05999755859375,82.1500015258789,5140640
2026-07-10 14:30:00+00:00,80.69999694824219,80.88999938964844,79.5,80.3499984741211,2068626
2026-07-10 15:30:00+00:00,80.83000183105469,80.9800033569336,79.8499984741211,80.71499633789062,1295621
2026-07-10 16:30:00+00:00,81.29000091552734,81.94999694824219,80.80999755859375,80.8499984741211,1430333
2026-07-10 17:30:00+00:00,81.4000015258789,82.08000183105469,81.23999786376953,81.2750015258789,1147167
2026-07-10 18:30:00+00:00,81.13500213623047,81.81929779052734,80.95999908447266,81.44000244140625,920139
2026-07-10 19:30:00+00:00,81.05000305175781,81.48999786376953,80.7699966430664,81.1500015258789,1387091
2026-07-13 13:30:00+00:00,78.55000305175781,79.97000122070312,77.05000305175781,79.61000061035156,5380784
2026-07-13 14:30:00+00:00,78.19999694824219,78.77999877929688,77.70999908447266,78.568603515625,1833280
2026-07-13 15:30:00+00:00,76.25,78.25,76.01000213623047,78.19000244140625,2282077
2026-07-13 16:30:00+00:00,75.93499755859375,77.08000183105469,75.5999984741211,76.24500274658203,2465250
2026-07-13 17:30:00+00:00,76.25,76.81999969482422,75.87999725341797,75.95999908447266,1410866
2026-07-13 18:30:00+00:00,76.25,76.44000244140625,75.81999969482422,76.25,1512330
2026-07-13 19:30:00+00:00,76.76499938964844,77.18930053710938,75.91999816894531,76.29000091552734,1963018
2026-07-14 13:30:00+00:00,79.88369750976562,82.54000091552734,78.58999633789062,78.76000213623047,6035805
2026-07-14 14:30:00+00:00,80.93000030517578,81.08989715576172,79.12000274658203,79.7699966430664,2264292
2026-07-14 15:30:00+00:00,80.58000183105469,81.1500015258789,79.8499984741211,80.93499755859375,1036212
2026-07-14 16:30:00+00:00,80.02989959716797,80.76000213623047,79.2699966430664,80.57499694824219,977156
2026-07-14 17:30:00+00:00,79.12999725341797,80.16000366210938,79.05000305175781,80.04000091552734,853344
2026-07-14 18:30:00+00:00,78.87000274658203,79.25,78.6500015258789,79.16000366210938,1014200
2026-07-14 19:30:00+00:00,78.80999755859375,79.62950134277344,78.51000213623047,78.8499984741211,3391258
2026-07-15 13:30:00+00:00,78.6449966430664,81.05000305175781,76.9000015258789,78.94000244140625,4149199
2026-07-15 14:30:00+00:00,77.33000183105469,79.12999725341797,76.78500366210938,78.66000366210938,2265702
2026-07-15 15:30:00+00:00,75.37000274658203,77.56999969482422,75.13400268554688,77.33999633789062,1845660
2026-07-15 16:30:00+00:00,76.33999633789062,76.75,74.83999633789062,75.38999938964844,1797361
2026-07-15 17:30:00+00:00,77.22000122070312,77.25,76.26000213623047,76.31999969482422,1035705
2026-07-15 18:30:00+00:00,75.98999786376953,77.4000015258789,75.70999908447266,77.22000122070312,1263500
2026-07-15 19:30:00+00:00,76.20999908447266,76.93000030517578,76.01000213623047,76.01000213623047,1640791
2026-07-16 13:30:00+00:00,69.6500015258789,73.94999694824219,68.78500366210938,73.26000213623047,8966023
2026-07-16 14:30:00+00:00,68.43000030517578,69.6449966430664,67.91999816894531,69.5999984741211,4251882
2026-07-16 15:30:00+00:00,66.69000244140625,76.19999694824219,66.0,68.43000030517578,4612073
2026-07-16 16:30:00+00:00,67.36499786376953,67.47000122070312,66.34010314941406,66.69999694824219,3045207
2026-07-16 17:30:00+00:00,67.27999877929688,67.45999908447266,66.56999969482422,67.3499984741211,2453284
2026-07-16 18:30:00+00:00,67.18499755859375,67.44000244140625,66.6500015258789,67.27999877929688,2297228
2026-07-16 19:30:00+00:00,67.3499984741211,67.5250015258789,66.76000213623047,67.15499877929688,2910057
2026-07-17 13:30:00+00:00,68.625,69.11160278320312,64.51000213623047,65.83999633789062,8068621
2026-07-17 14:30:00+00:00,68.30999755859375,69.44000244140625,67.3604965209961,68.62999725341797,3043298
2026-07-17 15:30:00+00:00,69.2500991821289,70.05999755859375,67.96499633789062,68.32499694824219,2513179
2026-07-17 16:30:00+00:00,70.22000122070312,70.62999725341797,69.06009674072266,69.26000213623047,2106894
2026-07-17 17:30:00+00:00,68.80999755859375,70.39990234375,68.66999816894531,70.23999786376953,1672519
2026-07-17 18:30:00+00:00,67.49500274658203,69.21990203857422,67.25,68.78500366210938,2120516
2026-07-17 19:30:00+00:00,67.5999984741211,67.83000183105469,67.26499938964844,67.5199966430664,1871115
2026-07-20 13:30:00+00:00,67.11750030517578,69.54000091552734,65.86000061035156,68.45500183105469,5466091
2026-07-20 14:30:00+00:00,66.3009033203125,67.13999938964844,65.9375991821289,67.1240005493164,2025992
2026-07-20 15:30:00+00:00,67.45500183105469,67.69999694824219,65.93000030517578,66.32499694824219,1998065
2026-07-20 16:30:00+00:00,66.61949920654297,67.6500015258789,66.44010162353516,67.45999908447266,1282423
2026-07-20 17:30:00+00:00,67.0250015258789,68.4000015258789,66.27999877929688,66.61000061035156,2103442
2026-07-20 18:30:00+00:00,65.9000015258789,67.02999877929688,65.55999755859375,67.02999877929688,1762147
2026-07-20 19:30:00+00:00,65.73999786376953,66.30999755859375,65.44210052490234,66.01000213623047,1579285
2026-07-21 13:30:00+00:00,68.8499984741211,68.87999725341797,65.9009017944336,66.33999633789062,5426080
2026-07-21 14:30:00+00:00,69.18499755859375,69.31999969482422,67.83000183105469,68.86499786376953,3166039
2026-07-21 15:30:00+00:00,68.91500091552734,69.28720092773438,68.51200103759766,69.16000366210938,1384814
2026-07-21 16:30:00+00:00,68.95500183105469,69.74089813232422,68.69999694824219,68.91500091552734,1346541
2026-07-21 17:30:00+00:00,69.04000091552734,69.27999877929688,68.58000183105469,68.95999908447266,1227372
2026-07-21 18:30:00+00:00,68.15499877929688,69.04000091552734,67.83999633789062,69.03250122070312,1661675
2026-07-21 19:30:00+00:00,69.12999725341797,69.2750015258789,68.12999725341797,68.1500015258789,1932522
2026-07-22 13:30:00+00:00,71.9800033569336,72.27999877929688,69.25,70.48999786376953,8169888
2026-07-22 14:30:00+00:00,72.58000183105469,72.77999877929688,70.94999694824219,72.04000091552734,2811431
2026-07-22 15:30:00+00:00,72.05000305175781,72.94000244140625,71.8499984741211,72.5999984741211,2484335
2026-07-22 16:30:00+00:00,71.69499969482422,72.13999938964844,71.36419677734375,72.0199966430664,1544940
2026-07-22 17:30:00+00:00,70.18499755859375,71.75,70.05999755859375,71.69999694824219,1603207
2026-07-22 18:30:00+00:00,70.0,70.36969757080078,69.5199966430664,70.18000030517578,1687937
2026-07-22 19:30:00+00:00,69.75,70.0999984741211,69.62059783935547,69.99500274658203,1409010
2026-07-23 13:30:00+00:00,68.7300033569336,70.80999755859375,67.72000122070312,68.12999725341797,3938970
2026-07-23 14:30:00+00:00,67.30999755859375,68.83989715576172,66.8499984741211,68.7249984741211,2467744
2026-07-23 15:30:00+00:00,69.81379699707031,69.93000030517578,67.23500061035156,67.30000305175781,1586838
2026-07-23 16:30:00+00:00,69.8949966430664,70.08999633789062,69.1500015258789,69.83999633789062,1098962
2026-07-23 17:30:00+00:00,69.70999908447266,69.88999938964844,69.36499786376953,69.87999725341797,678039
2026-07-23 18:30:00+00:00,69.63500213623047,70.19000244140625,69.01000213623047,69.70999908447266,1223143
2026-07-23 19:30:00+00:00,69.9800033569336,70.19000244140625,69.20999908447266,69.75,1636293
2026-07-24 13:30:00+00:00,65.95999908447266,69.55000305175781,65.22000122070312,69.30000305175781,4956003
2026-07-24 14:30:00+00:00,66.0,66.31500244140625,64.54000091552734,65.94999694824219,2829834
2026-07-24 15:30:00+00:00,65.625,66.2499008178711,65.37000274658203,65.97000122070312,1407175
2026-07-24 16:30:00+00:00,64.86000061035156,65.5999984741211,64.33999633789062,65.58999633789062,1782103
2026-07-24 17:30:00+00:00,64.58000183105469,64.97000122070312,64.4000015258789,64.88999938964844,1435737
2026-07-24 18:30:00+00:00,63.98500061035156,64.58000183105469,63.5099983215332,64.57499694824219,2500860
2026-07-24 19:30:00+00:00,63.91999816894531,64.41999816894531,63.68000030517578,64.01000213623047,2067712
2026-07-27 13:30:00+00:00,65.38999938964844,68.33999633789062,64.70999908447266,64.80999755859375,6105254
2026-07-27 14:30:00+00:00,64.87999725341797,65.75,64.02999877929688,65.4000015258789,2369939
2026-07-27 15:30:00+00:00,65.47000122070312,65.47000122070312,64.12000274658203,64.88999938964844,1227561
2026-07-27 16:30:00+00:00,64.80500030517578,65.88999938964844,64.75,65.45999908447266,949857
2026-07-27 17:30:00+00:00,64.9000015258789,65.27999877929688,64.55000305175781,64.80999755859375,687239
2026-07-27 18:30:00+00:00,66.38999938964844,66.4000015258789,64.41999816894531,64.94000244140625,1132643
2026-07-27 19:30:00+00:00,66.94999694824219,67.06999969482422,66.01000213623047,66.41000366210938,1577216
