Date,Close,High,Low,Open,Volume
1998-09-21,0.6960922479629517,0.8415160078673026,0.637923671926462,0.8298815650822512,639911924
1998-09-28,0.620472252368927,0.78916299720399,0.5429135437512371,0.7368112115866033,264425990
1998-10-05,0.47698843479156494,0.6068998935598419,0.39167315972134825,0.6068998935598419,204853017
1998-10-12,0.5584250092506409,0.5661806697774969,0.45178153998715026,0.4963776688383206,147053490
1998-10-19,0.7775296568870544,0.8298815088525967,0.5739373874638871,0.5758762765994342,338779583
1998-10-26,1.2894195318222046,1.4086659126567487,0.9113187615723379,0.93070891507504,1391665018
1998-11-02,1.3029917478561401,1.3611612520356755,1.2215543154695745,1.3475879248538611,329370625
1998-11-09,1.922494649887085,2.1716532433911917,1.3107475002439997,1.3126864415193271,1446316819
1998-11-16,2.2802352905273438,2.406268773812247,1.8953485472548575,2.0087789141924617,568346804
1998-11-23,3.3815746307373047,3.631702100707308,2.352947356440367,2.3733068756414966,767149575
1998-11-30,2.830904722213745,3.490156319058304,2.4857666563097998,3.481431083793518,570473799
1998-12-07,2.9782660007476807,3.0170462957123076,2.5827150903608143,2.838660144433237,529963949
1998-12-14,3.912853956222534,4.067972245157083,2.8774405269462116,2.8832573520629197,400519469
1998-12-21,4.43637752532959,4.8280509227764385,3.986535032762514,4.009802755167434,307057133
1998-12-28,3.7422242164611816,4.684566671377301,3.558020975059726,4.459645236062953,231426201
1999-01-04,4.535266876220703,4.979293125601033,3.4087219293550963,3.6666050669917314,436781031
1999-01-11,3.464949607849121,4.731101025417654,3.294319824689674,4.716558755093433,300259872
1999-01-18,3.0519485473632812,3.8779521793552103,2.574960290957406,3.8391729275034816,305055590
1999-01-25,4.3064656257629395,4.870707275724548,2.838660831375685,3.1023612912225347,603308217
1999-02-01,3.4319870471954346,4.343305696456557,3.4125978450965038,4.327794166063791,492293895
1999-02-08,3.6607868671417236,3.843051182141839,2.978267160211396,3.5677159788428545,344721484
1999-02-15,3.715078353881836,3.815905004982981,3.4513776546566213,3.7422243800559505,182248704
1999-02-22,5.180943965911865,5.213906392605511,3.7461015527840384,3.7965144526650962,581348276
1999-03-01,6.945411205291748,7.029757048485124,4.750490885596977,5.068482314984552,832462963
1999-03-08,6.608030796051025,8.2542212487229,6.456790405086022,7.183906128206624,511301895
1999-03-15,7.434032440185547,7.6987027445360035,6.625479258339187,6.77090321164111,211023014
1999-03-22,7.189723491668701,7.608541615125099,6.386987349096908,7.375865254790753,180463852
1999-03-29,6.450973987579346,7.160639281808788,6.165944083118676,6.8988775206116415,212363079
1999-04-05,8.533432960510254,8.888265546633349,6.305549328143889,6.491691067983422,373970995
1999-04-12,8.190237045288086,9.074409792309854,7.096654341868639,8.376378853833389,435153945
1999-04-19,9.312902450561523,9.493226115522713,6.805806008258763,8.04481195754707,313305062
1999-04-26,9.685184478759766,10.889288558875595,8.3298404437978,9.749170808171929,640411833
1999-05-03,8.222229957580566,9.487412152887908,7.817953177392661,9.309996221817016,311048813
1999-05-10,8.649772644042969,9.603749649914576,8.376377232014534,8.481081768156459,218088288
1999-05-17,8.863546371459961,9.260552448543361,8.14951884463247,8.469449761873879,185898239
1999-05-24,8.24549674987793,8.841731638773073,7.04720888180663,8.838823015416697,296448768
1999-05-31,7.8412184715271,8.50434819102899,7.0501156766415445,8.097162935158249,256395110
1999-06-07,7.7190656661987305,8.696309260087151,7.608543024852885,7.881939317324009,292272710
1999-06-14,6.802898406982422,7.445668314089397,5.895457272773133,7.422401014483542,764083584
1999-06-21,6.328817844390869,7.445668002602892,6.151401950721524,7.061751248405386,305950868
1999-06-28,6.683650016784668,7.303152555869911,5.933266612057857,6.312821248953628,372936961
1999-07-05,6.317183494567871,6.904693264492216,6.119408103850078,6.63129705268385,305475668
1999-07-12,5.722403526306152,6.259014552751099,5.595885167369106,6.259014552751099,375848986
1999-07-19,5.017101287841797,5.752942107085023,4.996741767275159,5.750033905421319,321617261
1999-07-26,4.545929431915283,5.136348336662184,4.537203983671483,4.932755247280384,451934208
1999-08-02,3.8740737438201904,4.653542035885466,3.27056700424141,4.508118491383763,919732492
1999-08-09,4.5604705810546875,4.5895551174862845,3.641396108614729,3.8682564207059533,857806330
1999-08-16,5.72385835647583,6.020521496147117,4.452859092766457,4.551747227774358,1007114169
1999-08-23,5.921632289886475,6.212478531161972,5.502813398765254,5.909997799123724,591331277
1999-08-30,6.212479114532471,6.235746411106708,5.3922917260639895,5.921632845945632,530427744
1999-09-06,7.352597236633301,7.399131829291554,6.075780519772623,6.151401341762625,431935892
1999-09-13,6.561493396759033,7.492201557340852,6.427703932597946,7.201355336243535,625954350
1999-09-20,6.797081470489502,7.233350501266966,6.064148047845988,6.427705714088582,675757210
1999-09-27,6.432066917419434,6.930869138543521,6.177577193371733,6.8988759759496245,494092051
1999-10-04,7.0326666831970215,7.323513398463745,6.334634650913709,6.433522356955069,454523097
1999-10-11,6.24156379699707,7.169363991868572,6.189211953209247,7.029758090938118,304435929
1999-10-18,6.637117385864258,7.122831454387681,5.793662380990552,6.259016502831018,414596793
1999-10-25,6.28809928894043,7.2304412790271995,6.212479307374614,6.629843517513653,603838541
1999-11-01,6.2008466720581055,6.468424870736426,5.875098529539467,6.30555122126129,368013887
1999-11-08,6.369535446166992,6.526592649812541,6.07578055596125,6.160126403685022,247978369
1999-11-15,6.791264057159424,7.16645665245657,6.328818242927783,6.366628238262685,283342751
1999-11-22,8.24549674987793,8.655589866784066,6.730185807326738,6.765088444035001,377346816
1999-11-29,8.318204879760742,8.440360264658123,7.259524596127456,8.312387635311179,334253778
1999-12-06,7.652169704437256,8.463631762068312,7.346780277273761,8.271672741769445,342149703
1999-12-13,6.997764587402344,7.913930667271515,6.686558788534771,7.6696189815473135,303567265
1999-12-20,6.622572898864746,7.195540895031755,6.462607475862091,6.974497335611529,204775084
1999-12-27,5.825653553009033,6.82325643250967,5.816927683812835,6.546952425523872,248542906
2000-01-03,6.270648002624512,6.858157806794572,5.4620959205838675,6.0554221273219975,457554872
2000-01-10,6.227022647857666,6.782538956299595,6.029246790835378,6.564403999756491,265517049
2000-01-17,7.0035810470581055,7.387498185247946,6.099048663072107,6.101956864222836,239274604
2000-01-24,6.866883754730225,7.339508858105494,6.206661740560124,7.021031921642234,448381612
2000-01-31,7.820859909057617,7.969191253035302,6.747636601862757,6.794171619463373,250983533
2000-02-07,7.137371063232422,8.143699901151482,7.061751496452485,7.695796372845421,168460302
2000-02-14,6.386987209320068,7.42530915628896,6.375353560271592,7.178088841707604,182360851
2000-02-21,7.018124580383301,7.631810845938561,6.171761499519418,6.47715095315694,212640596
2000-02-28,6.957045078277588,7.233349490242663,6.445156131218276,6.884333723905775,177918682
2000-03-06,8.992973327636719,9.47577874598473,6.951230694232856,6.968682015905358,350750822
2000-03-13,10.188348770141602,10.44720101147471,8.417093676620015,8.565425845220627,404687924
2000-03-20,11.343008041381836,11.622220624883669,8.841729280187275,10.217431839633054,315445363
2000-03-27,8.190237045288086,11.866536920489407,8.137885188864985,11.171413762372119,364256006
2000-04-03,8.417094230651855,8.737025883848212,6.107773721361799,8.335657849445639,526705977
2000-04-10,6.49459981918335,8.32402378649943,6.218296230657618,8.32402378649943,450846950
2000-04-17,6.991947174072266,7.631809690058815,6.142676019986638,6.154310090971318,256921632
2000-04-24,7.407857894897461,7.623085055793569,5.848921405941354,6.837799775524244,397717690
2000-05-01,6.23574686050415,7.42240058229765,6.125225506675186,7.4165841795189875,245300141
2000-05-08,5.645329475402832,6.282283436493948,5.121805925992361,6.15431075086125,261181325
2000-05-15,5.499905586242676,6.42188850092011,5.3690247162107845,5.619152385582084,203313370
2000-05-22,5.764576435089111,6.500417233169801,5.095629334759472,5.543532869365942,349210225
2000-05-29,7.183906555175781,7.1897238018624074,5.816928239609334,5.944900496384929,137128464
2000-06-05,6.811623573303223,7.381682126386396,6.328818239101797,6.957046307746363,137333749
2000-06-12,5.6889567375183105,6.817440658492381,5.584251352441539,6.817440658492381,164351720
2000-06-19,5.014193058013916,6.107775245119119,4.6535435460242995,5.648238011333789,232002144
2000-06-26,5.054910659790039,5.1479819667732,4.519753913463841,5.03746060693744,213744961
2000-07-03,4.630274772644043,5.043276886504304,4.531386651474404,5.025825570186278,79738560
2000-07-10,5.694773197174072,5.764576360959951,4.048582234228545,4.647726162170028,326324593
2000-07-17,5.4679131507873535,5.840195841935011,5.211967798886056,5.630786775441439,149173833
2000-07-24,4.362696647644043,5.526082279754414,4.304527134057258,5.485363240637954,192950207
2000-07-31,4.723347187042236,4.932756302556315,4.194006728543041,4.467402197010986,110876516
2000-08-07,4.513935565948486,4.7989650035451925,4.391780574731683,4.461583728129901,104048841
2000-08-14,5.118896484375,6.369535640428919,4.3568794265108,4.3568794265108,306676973
2000-08-21,5.787844657897949,5.904182853994959,5.118897499635137,5.252687015644533,151304630
2000-08-28,5.851830959320068,5.933267780334453,5.537716482503045,5.77039371652152,82653438
2000-09-04,6.123770713806152,6.416071291967775,5.828561934483761,5.840195160910906,177182121
2000-09-11,6.276466369628906,6.468424125335216,5.572617891099362,6.043788730001605,127891527
2000-09-18,6.68801212310791,7.218807110972143,5.898364464496466,6.206661192901318,300308341
2000-09-25,6.392802715301514,7.073383276003593,5.83437797511787,6.7185507264493145,168803394
2000-10-02,5.531898498535156,6.538227219460326,5.130530037575064,6.514959500931513,143129290
2000-10-09,5.2003326416015625,5.851828163843198,4.688442549511773,5.47954434547318,178979329
2000-10-16,5.403926372528076,6.189211573250354,4.223089948397626,5.078178306191934,373100429
2000-10-23,4.781515598297119,5.700589942671636,4.560472038494132,5.380658674328212,252507974
2000-10-30,5.101446628570557,5.48536295167085,4.473217770778297,4.810599919526581,268623907
2000-11-06,4.287075519561768,5.392290922400794,4.281257852717125,5.101445540729489,169611235
2000-11-13,4.042765140533447,4.56628862322352,3.775186574705745,4.188187861520582,188110770
2000-11-20,3.437804698944092,3.466889247218379,2.7223231664384095,3.426171048348039,265139741
2000-11-27,3.2342116832733154,3.6181292585705513,2.8793790731327182,3.5541429257236645,229629945
2000-12-04,3.5948612689971924,3.7170171155133804,2.861928931496732,3.181860187409239,244296518
2000-12-11,3.536691904067993,4.1765541932692365,3.2574799014563207,3.594861203086288,166360867
2000-12-18,3.2574801445007324,3.6704823037912244,2.4896451292781223,3.5250585181651295,222924873
2000-12-25,3.071338415145874,3.6297635623640256,3.0306200048963765,3.3505513050930706,117179568
2001-01-01,2.844477891921997,3.676299280676179,2.6757872215463556,3.1353244207388062,219649796
2001-01-08,3.728651762008667,3.9438785462311854,2.6467029128066573,2.8851976341790517,311975453
2001-01-15,4.665176868438721,5.101447190994642,3.7112006711105847,3.7170174962688916,381722458
2001-01-22,4.641908168792725,5.130530281089688,4.426682289415848,4.717528995722755,277678368
2001-01-29,4.303072452545166,4.979290617333164,4.228906782514676,4.7291625317989725,189171419
2001-02-05,4.147468566894531,4.548836941718889,3.972960926270711,4.246356243974162,162679968
2001-02-12,4.537203311920166,4.938572184574194,4.141652528658286,4.14746935269824,201240547
2001-02-19,4.135836124420166,4.577922388443106,3.7519185284851493,4.560471914551962,188637293
2001-02-26,3.507608413696289,4.30452737867032,3.1644091919563655,4.1532869721774475,264589460
2001-03-05,3.1644089221954346,4.170737513874701,3.129507341570555,3.6413971907354497,290387116
2001-03-12,3.0248029232025146,3.397086041944022,2.90264728102151,3.1193281199986247,261891275
2001-03-19,3.4610722064971924,3.6297630718506637,2.9549998213288307,3.0422532445122337,260109274
2001-03-26,3.3680009841918945,3.810087859987658,3.1353240030293494,3.5250581942747643,211528627
2001-04-02,3.3040149211883545,3.5134248195841806,2.7223227741684046,3.3738187127350745,310202957
2001-04-09,3.874539375305176,3.885707796034981,3.415700084531681,3.519939380983336,199577348
2001-04-16,4.714039325714111,5.23895855621562,3.7070123775864365,3.7163194666112473,400695294
2001-04-23,4.36223030090332,4.6395811275876495,4.095117015796995,4.638650672053656,303313507
2001-04-30,4.872258186340332,5.141233666053387,4.458092829378146,4.490668054518765,331793194
2001-05-07,4.956023216247559,5.189630897590106,4.490669187009721,4.852714781191167,264757680
2001-05-14,5.829958915710449,5.8709099401558955,4.872259589862169,4.960676938728432,379352161
2001-05-21,5.789007186889648,6.189211980431645,5.542369349009116,5.891385579114737,277708781
2001-05-28,5.700589656829834,5.81692783390219,5.4520909158133675,5.746194218867925,198737193
2001-06-04,5.914653301239014,6.173390896919666,5.536786140291186,5.58518334338781,202221360
2001-06-11,6.0607733726501465,6.086832879208769,5.628924276385229,5.9276819422226215,266247907
2001-06-18,6.309272766113281,6.561495023166733,5.769462498105523,6.0086541569215335,349130391
2001-06-25,6.374421119689941,6.635949991257861,6.281351100397373,6.388381749119033,253035447
2001-07-02,6.07194185256958,6.533573547858324,6.051466345021852,6.385591029625492,123835220
2001-07-09,6.236677646636963,6.398621239731507,5.510725164864919,6.119409006301721,288640281
2001-07-16,6.217133045196533,6.354877187240436,5.922098442405218,6.217133045196533,289665764
2001-07-23,5.919304847717285,6.229230909520674,5.560982864507765,6.228300453950111,323295667
2001-07-30,5.98445463180542,6.050535537791652,5.547021979228491,5.942573163491072,294690527
2001-08-06,5.685698509216309,6.151982933655325,5.584250577230025,5.910929106299372,225785578
2001-08-13,5.491179466247559,5.838334332988049,5.281770421182009,5.6689450045979815,321369207
2001-08-20,5.492111682891846,5.770393474387155,4.95509273366816,5.4539524494003695,453545136
2001-08-27,5.233373165130615,5.426960227974641,4.886219174186794,5.416722264054374,310973731
2001-09-03,4.928101539611816,5.278978260380058,4.7568517063661035,5.198007098772723,292929437
2001-09-10,5.078876972198486,5.095629394491599,4.782911466114216,4.887150775573344,65742970
2001-09-17,4.075573921203613,4.850854223098829,3.862440873713967,4.718693622241017,578139725
2001-09-24,4.257991790771484,4.500906527332211,3.767507930219185,4.094186456307905,422892836
2001-10-01,4.969983100891113,5.032340920067098,4.095117360827098,4.123037777743512,495888308
2001-10-08,5.482804298400879,5.668014768427282,4.839684316510317,4.8759822146081415,362647928
2001-10-15,4.835031032562256,5.908137959715433,4.803386679755679,5.436268252693787,591115535
2001-10-22,5.305037975311279,5.520030995999506,4.7940786795874955,4.7940786795874955,454808218
2001-10-29,4.811763763427734,5.429753884556626,4.654473705741413,5.319930571423779,628526131
2001-11-05,5.300386428833008,5.463260080180071,4.852715236255722,4.8638832379865535,315673459
2001-11-12,5.5842509269714355,5.8169281368002705,5.1887000920465365,5.282701431746913,309390365
2001-11-19,5.728511333465576,5.816927824891321,5.426030555123265,5.6177563126712435,179065814
2001-11-26,6.33533239364624,6.374422077564843,5.802967906010746,5.803898361708756,439263475
2001-12-03,6.324164390563965,6.769974173178672,6.170597433622839,6.272045370941562,397002988
2001-12-10,6.197588920593262,6.623853244892035,6.144538177667295,6.245054398026924,303936018
2001-12-17,6.048673152923584,6.513096593972723,5.9109281903205115,6.190141203144269,329842974
2001-12-24,6.327887535095215,6.339055956796832,5.887662592052273,6.054259727161164,121139884
2001-12-31,6.3753533363342285,6.468423369021103,5.99376232190446,6.35673916108322,188815967
2002-01-07,5.944434642791748,6.439572461152729,5.909998503109962,6.3837290921165595,256201228
2002-01-14,5.601004600524902,6.0635664212437455,5.567498911153388,5.9053459070261,382940871
2002-01-21,5.644747257232666,5.745263463983339,5.37484130015599,5.687559184528005,219504384
2002-01-28,5.402763366699219,5.7071046408650705,5.128203846473217,5.700589763563949,274740682
2002-02-04,5.454883098602295,5.461397976755558,4.9550929093260105,5.379495928341694,265955184
2002-02-11,5.485595703125,5.652192828108677,5.2343043320827105,5.415792544502142,220488048
2002-02-18,4.858296871185303,5.4399897062333435,4.8257224942065955,5.4399897062333435,303856186
2002-02-25,5.105864524841309,5.146816370760514,4.546509431286292,4.889009375527166,425806761
2002-03-04,5.625202655792236,5.637301532985756,5.232443197597218,5.232443197597218,300109709
2002-03-11,5.3701863288879395,5.668012625496976,5.214757672799421,5.491178011451132,241573623
2002-03-18,5.510725021362305,5.539577163696731,5.1682245106461275,5.402763472345576,247112554
2002-03-25,5.271533012390137,5.54981434270639,5.20452164386385,5.464189642442994,164704320
2002-04-01,4.943923473358154,5.312483459259397,4.776395900287353,5.203590621120191,269374723
2002-04-08,5.033271312713623,5.2352350100015705,4.712176821158597,4.84899048968032,264754828
2002-04-15,5.0621232986450195,5.242680184948218,4.816415963742528,5.053746667784871,353185746
2002-04-22,4.625621795654297,5.0574714234294955,4.619107339143483,5.0360641896483465,319286880
2002-04-29,4.772673606872559,5.117035867307656,4.611660476257922,4.649819706263021,303161444
2002-05-06,4.932754993438721,5.039786506319125,4.583739612351944,4.770812251404379,279225618
2002-05-13,5.241751194000244,5.433476975021402,4.8592292442224965,4.882497388590584,234032197
2002-05-20,5.332029819488525,5.465121286211126,4.998836768301839,5.19242389613379,223548336
2002-05-27,5.138441562652588,5.388802472996948,5.138441562652588,5.345989279396627,169098019
2002-06-03,5.274324893951416,5.298522645483927,4.923447373912562,5.1607785160307325,281436250
2002-06-10,5.494901657104492,5.577734974648629,5.16729273970874,5.267808929957525,283353207
2002-06-17,5.560983657836914,5.965841552636471,5.49117965623707,5.545160849471707,346130928
2002-06-24,5.7350263595581055,5.947228069017131,5.41765530564146,5.533062616515035,395795980
2002-07-01,5.635440349578857,5.7471245586600155,5.15705578766041,5.681044488912945,199899533
2002-07-08,5.678253173828125,5.7703936098669,5.215691347289958,5.398110464102442,572098032
2002-07-15,5.297591686248779,5.814134969637153,5.273393093448509,5.612171283732197,894875733
2002-07-22,5.116105556488037,5.505141577637422,4.751268137839397,5.4669831838279,715735786
2002-07-29,5.109587669372559,5.5163075967439985,4.983942451242361,5.211965598191487,414663321
2002-08-05,5.325514316558838,5.390663509706368,4.904834030214309,5.049093891848622,353086905
2002-08-12,5.4883880615234375,5.558191222024752,5.104005661790151,5.2575721931089365,364662777
2002-08-19,5.598211288452148,5.769461946760872,5.4679124888592625,5.481873119721079,338906938
2002-08-26,5.260364055633545,5.617755594585904,5.096559582706045,5.599141421177049,230592701
2002-09-02,5.253849983215332,5.271534128353554,4.988598772530572,5.223136924887049,206272915
2002-09-09,5.398110389709473,5.626133649906386,5.174739830474484,5.21196818671629,305145878
2002-09-16,5.301315784454346,5.497695509155885,5.264087010824198,5.388802664363017,210585830
2002-09-23,5.3515753746032715,5.426962554924211,5.138443169901568,5.263158014452782,290238855
2002-09-30,4.872258186340332,5.206382850982498,4.724275676948359,5.206382850982498,537173684
2002-10-07,5.239889621734619,5.239889621734619,4.674018549926834,4.811763545702643,417498365
2002-10-14,5.580528259277344,5.609379556255475,5.16543155789666,5.16543155789666,537455002
2002-10-21,5.769462585449219,5.998416282074026,5.570290221584108,5.5814594867213385,392340327
2002-10-28,6.030061721801758,6.03750705581245,5.60845007048278,5.820651790823233,307711958
2002-11-04,5.941642761230469,6.184557472911343,5.853225436895704,6.033782329776401,259719609
2002-11-11,6.139883995056152,6.15198287166028,5.747124555994226,5.936989820264574,205186608
2002-11-18,6.523335933685303,6.561494316054058,6.04029785869122,6.188280797090867,367442698
2002-11-25,6.414442539215088,6.538226449789447,6.265528314592504,6.53171115194109,158994317
2002-12-02,6.379075527191162,6.594069418244249,6.151982759754029,6.49913763140409,304133702
2002-12-09,6.27390718460083,6.417236196308527,6.230163947660235,6.342779479206518,234789668
2002-12-16,6.500067710876465,6.568009530395221,6.285073832266826,6.318579514210996,229245984
2002-12-23,6.238539218902588,6.563356407606089,6.189211570238871,6.484246162962948,129867408
2002-12-30,6.508444786071777,6.514959663065162,6.215271103528623,6.281352016292674,192572899
2003-01-06,6.827678203582764,6.899343127099126,6.479593661648096,6.496346084605225,387226224
2003-01-13,6.966352939605713,6.989621081731539,6.580109203717303,6.8537370044381545,367878931
2003-01-20,7.006373405456543,7.113404917539102,6.862113541345269,6.975660352460134,335604298
2003-01-27,6.995204925537109,7.026849699350683,5.961188131466218,6.89003516936531,329095958
2003-02-03,6.735538482666016,7.333984384823661,6.666666193343499,7.007305394884363,233218655
2003-02-10,6.980314254760742,6.980314254760742,6.691794933512703,6.729022865668213,207499882
2003-02-17,7.292100429534912,7.299545761578973,6.975659477004631,6.982174775219259,197499772
2003-02-24,7.2986159324646,7.320022318388882,7.1050280034527065,7.266040703947414,207916157
2003-03-03,7.436361789703369,7.451253299547107,7.189723530452105,7.306061711246839,212693818
2003-03-10,7.809575080871582,7.833773679388687,7.153425771446552,7.375865436941119,300987879
2003-03-17,8.356832504272461,8.37451622553051,7.763040594138062,7.776069505783846,381718656
2003-03-24,8.310297012329102,8.417328107886874,8.10181755586942,8.25073181486987,349538112
2003-03-31,8.257246017456055,8.383821735371997,7.849595069892561,8.146491420711428,395328384
2003-04-07,8.2172269821167,8.507608509830858,8.050629828208566,8.463864430287687,304686834
2003-04-14,8.394990921020508,8.415466852232488,8.051559117652197,8.078549926166122,254391667
2003-04-21,8.699329376220703,8.841727855213849,8.245143140782305,8.408017543359472,473617584
2003-04-28,8.864067077636719,8.87802813010703,8.554140992045212,8.664894738325088,280266307
2003-05-05,8.811017036437988,8.914325453623846,8.658380971619785,8.833354721077656,237243599
2003-05-12,9.231698989868164,9.308947917376415,8.67978849600784,8.684442462560169,369288376
2003-05-19,9.254964828491211,9.306153386396907,8.912464356357864,9.162824411979196,273391113
2003-05-26,9.460650444030762,9.63097021078432,9.175853429342252,9.202844233175,304308576
2003-06-02,9.025078773498535,9.582573535906345,8.965513585621853,9.487641754981414,353463265
2003-06-09,9.237282752990723,9.42807849665127,8.954347419994976,9.037180764026438,309613710
2003-06-16,9.485777854919434,9.665404677120657,9.265200028037208,9.339656706936456,318065616
2003-06-23,9.5267333984375,9.696122761062902,9.362929301672043,9.48950504125111,271299283
2003-06-30,10.249895095825195,10.32621272265961,9.502534890104227,9.616081718055954,283563245
2003-07-07,10.523521423339844,10.74782200130808,10.349479797720353,10.37367755277035,336957667
2003-07-14,10.248030662536621,10.727346101965619,10.162405961641932,10.639859646099408,246992804
2003-07-21,10.446273803710938,10.969332575639728,10.154961815441373,10.242449132365689,357126105
2003-07-28,9.79849910736084,10.493738477382157,9.774300510516237,10.4872236003191,347410166
2003-08-04,9.353622436523438,9.78826343273334,9.282888387460579,9.758480408843186,396949766
2003-08-11,9.592811584472656,9.664476917111653,9.307084927432813,9.334074890563702,227151302
2003-08-18,10.32900333404541,10.625899692584834,9.651446825454943,9.658893001952453,347856855
2003-08-25,10.314111709594727,10.465816482207012,10.08981114567438,10.317834376017865,233775115
2003-09-01,9.837587356567383,10.502114027809709,9.459719464417534,10.492806941025565,250329181
2003-09-08,9.79477596282959,10.033038430213015,9.387126685487246,9.867371756071778,238491475
2003-09-15,10.221040725708008,10.610076656059586,9.865510479955326,9.939967181922569,200285395
2003-09-22,10.092602729797363,10.656611543148731,9.964165262979716,10.07957213277308,232913101
2003-09-29,10.675225257873535,10.814831560822261,9.76313158884329,10.22848508843761,234476985
2003-10-06,11.254129409790039,11.466330709629744,10.517008439108697,10.768299851661766,209240064
2003-10-13,10.211730003356934,11.056812932472141,9.995805307077548,10.902316005733901,372770640
2003-10-20,10.226625442504883,10.604492541050258,9.92135244947928,10.194980668400078,222113707
2003-10-27,10.410903930664062,10.881842684298896,10.280604717444755,10.396012423296812,199600157
2003-11-03,10.44813346862793,10.902319855492449,10.332725749616714,10.379261188215443,165880440
2003-11-10,10.122385025024414,10.526313292015121,10.053512747152611,10.479777011564924,173572027
2003-11-17,9.651447296142578,10.200566355288945,9.424354507905273,10.04606767557321,258786316
2003-11-24,10.403458595275879,10.459301115208286,9.703565341362482,9.75940786129489,138346402
2003-12-01,10.405323028564453,10.626832272082524,10.174507538808992,10.47977974701052,154332129
2003-12-08,10.736652374267578,10.7720189674951,10.150305892359581,10.353200051846532,172049487
2003-12-15,11.423516273498535,11.447714871023372,10.52259049210901,10.904181100285552,213792955
2003-12-22,11.801385879516602,12.061984380388934,11.36953626035922,11.414210795221187,123657019
2003-12-29,11.7269287109375,12.099211425629866,11.65061024406675,11.801385422589632,115557710
2004-01-05,11.801385879516602,12.287215435716169,11.71948298738716,11.784632612605243,205286399
2004-01-12,12.458463668823242,12.549672791754489,11.6841144706959,11.833027875362871,182128003
2004-01-19,12.908929824829102,12.97035678855477,11.959607472757666,12.445437072620543,207122573
2004-01-26,12.458463668823242,12.841916023267968,12.123408508322555,12.49569286355817,212336942
2004-02-02,12.612960815429688,12.62971407869315,12.02475340482228,12.415650227447625,147681229
2004-02-09,12.76932144165039,13.02061283582406,12.441712426498267,12.586903178512264,120670387
2004-02-16,12.894034385681152,13.029918872825519,12.678110466012985,12.836330950442033,90638222
2004-02-23,12.787934303283691,12.918232679137537,12.324440859484667,12.845637737172547,150200264
2004-03-01,12.901480674743652,12.990828882506127,12.473354654301271,12.75256727632891,116963353
2004-03-08,12.867976188659668,13.409649063219328,12.527337432946473,12.88100678708788,225336513
2004-03-15,12.713479995727539,12.957325217473844,12.51803028629541,12.899620929172444,145541880
2004-03-22,12.434266090393066,12.657636215690689,12.0601216366605,12.618546106336304,189650894
2004-03-29,13.731672286987305,13.793099232199086,12.545950371107761,12.562702790907272,195720625
2004-04-05,14.135602951049805,14.187721974187932,13.644188149548537,13.731674616751295,109448539
2004-04-12,13.934569358825684,14.273347219706157,13.737258740425972,14.1449097327269,141905650
2004-04-19,15.289680480957031,15.477683152738967,13.65721656809902,13.969934894149695,289320768
2004-04-26,14.896920204162598,15.775509988815621,14.850385607593173,14.90622813575833,264990528
2004-05-03,14.857828140258789,15.533522772419278,14.768480786888848,14.796401202140919,187920691
2004-05-10,14.695887565612793,15.055141327006176,14.304989874095973,14.593508755218764,232976303
2004-05-17,14.954622268676758,15.075613544691054,14.435286356944085,14.485544453287755,158317631
2004-05-24,16.529382705688477,16.713663548422026,14.993714077651308,15.021634497203229,239145826
2004-05-31,16.39536476135254,16.789984342601628,16.237143396792963,16.337659625642413,167900990
2004-06-07,16.268781661987305,16.572192841674998,15.997014406755081,16.50704239452356,137150323
2004-06-14,16.101255416870117,16.399082200283367,15.825766317067352,16.138483764796774,148675349
2004-06-21,16.886770248413086,17.035683619860198,15.68243521268415,16.13289714903007,215137772
2004-06-28,16.989154815673828,17.52152063717017,16.64665428223156,17.01149081670947,199175329
2004-07-05,15.594944953918457,16.97053254051312,15.284088502285881,16.955641880261023,191180088
2004-07-12,14.958349227905273,15.872304892791774,14.898783181415421,15.533527853898601,181917965
2004-07-19,13.962488174438477,14.982544244825787,13.299823236087716,14.945315896459299,394647897
2004-07-26,14.580477714538574,14.954623795834463,13.6404619202512,13.923398042099125,248618937
2004-08-02,13.729812622070312,14.818741940664838,13.50830426050145,14.414812794660822,230951477
2004-08-09,14.399920463562012,14.552557367136595,13.554837290758554,13.791237134818717,233258573
2004-08-16,15.146347999572754,15.248726799099225,14.437148483529299,14.44645641400271,209490970
2004-08-23,15.99143123626709,16.17012593721607,15.192882753749172,15.233832919743296,209442024
2004-08-30,16.637344360351562,16.82906883053676,15.831348785403048,15.892777414301957,194941770
2004-09-06,16.76578140258789,16.83651627653756,16.14779014684522,16.67084962070076,181211817
2004-09-13,17.329792022705078,17.84912632897794,16.789980942748784,16.812318627808406,321583996
2004-09-20,16.607563018798828,17.400525546547765,16.482846524343966,17.17901635163337,220800254
2004-09-27,17.206933975219727,17.30745015944972,16.35254472212886,16.49959548948403,256057718
2004-10-04,17.23486328125,18.014796177746682,17.12503912219243,17.240447703501793,221971621
2004-10-11,17.45264434814453,17.891939180134663,17.126895468353954,17.275808856341378,199672862
2004-10-18,17.85284996032715,19.0087897401639,16.834654740264977,17.353990737207432,386132314
2004-10-25,18.173017501831055,18.52110246963041,17.56619494780884,17.76350557652162,237734006
2004-11-01,18.55460548400879,19.15212004625745,18.05202271620445,18.0576071378937,268502255
2004-11-08,20.455106735229492,20.52211808978243,18.863595922061123,18.94922144803788,270491919
2004-11-15,20.166593551635742,20.64311512340718,19.97300476507507,20.36948689580188,176367154
2004-11-22,20.75479507446289,20.966997985411442,19.73660003266664,20.17961833946627,142207877
2004-11-29,21.66875457763672,21.840005668140588,20.665451693034537,20.993061521269208,202660921
2004-12-06,21.29646873474121,21.759962162948955,20.942801123914712,21.6259394383402,190375099
2004-12-13,21.359758377075195,21.998226440108752,21.24807501339224,21.374650729466232,159704265
2004-12-20,21.099159240722656,21.640832900620143,20.955830265534352,21.454691155292963,121944873
2004-12-27,21.65572738647461,22.042903297352844,20.998646740816287,21.23318571873943,146147284
2005-01-03,19.838985443115234,21.921910808350223,19.64912015010552,21.813949249351985,314766303
2005-01-10,19.582107543945312,20.21126774167038,18.951088121789294,19.973005262711776,355615445
2005-01-17,16.017494201660156,20.06049052224848,15.151934175631984,19.660286582528737,804016541
2005-01-24,15.096095085144043,16.155242444970586,14.779654021652766,16.03983385284258,588894451
2005-01-31,14.124432563781738,15.406949017012458,13.945736971369463,15.293403043864378,512068867
2005-02-07,15.27664852142334,15.349244311627887,14.020192525428513,14.258454982842272,502898457
2005-02-14,15.807150840759277,16.17571078001318,15.079337204898287,15.079337204898287,331413270
2005-02-21,15.725247383117676,16.02307242765303,15.226386595286712,15.736414535846604,162946793
2005-02-28,15.542830467224121,16.12359169265895,15.226389504365727,15.654515512938849,173341555
2005-03-07,14.23984146118164,15.688022011868231,14.187720755384392,15.423701721322047,203543367
2005-03-14,13.03364086151123,14.102095005525541,13.029919038817846,14.068589322035391,301670978
2005-03-21,13.216060638427734,13.755871738190823,13.104375583304337,13.134158602097855,179264210
2005-03-28,13.800545692443848,14.265900069438175,13.23839693018017,13.257011948828106,223201203
2005-04-04,13.089485168457031,14.42598318910703,13.044810639410152,13.71864364952793,231014915
2005-04-11,11.901899337768555,13.182554698542582,11.875839831171321,13.122989509485956,365684220
2005-04-18,11.7306489944458,12.586901004477326,11.61896394965908,11.864670879476241,449061387
2005-04-25,11.805109024047852,12.080598204116088,11.458884950028187,11.704591949218743,270284256
2005-05-02,12.579455375671387,12.940570875658228,11.682253155820458,11.723204171975954,263477967
2005-05-09,13.052255630493164,13.271903072739551,12.050813651444166,12.583178570984321,232215745
2005-05-16,13.610682487487793,13.610682487487793,12.881007726434836,12.970355105457948,172422994
2005-05-23,14.258454322814941,14.295680984757222,13.551114846754212,13.573451687487719,214116567
2005-05-30,14.072311401367188,15.24128170352823,13.968072532550964,14.329187172653652,186697764
2005-06-06,13.636741638183594,14.593509116287063,13.525056580701223,14.403645530848893,216441721
2005-06-13,14.165383338928223,14.370137570116807,13.506440215701069,13.52505523366237,204190827
2005-06-20,12.795378684997559,13.975516060811396,12.694862489194984,13.74470149883455,260688781
2005-06-27,12.240677833557129,12.847500287583314,12.222063658201334,12.706032217452002,183919745
2005-07-04,12.84377670288086,12.847500212784881,12.192281412789233,12.192281412789233,157212317
2005-07-11,13.05970287322998,13.342638198608958,12.925680965794493,12.992691497728106,176635165
2005-07-18,15.271063804626465,15.829487307019559,12.89217232851834,12.959182845121006,479720578
2005-07-25,15.554003715515137,16.123596260311064,14.835497734247234,15.077482068514197,214911338
2005-08-01,16.1347599029541,16.745304056927846,15.93372583727786,15.98212302089266,226921305
2005-08-08,15.24872875213623,16.26878493275073,15.066308813146401,16.183161071964292,190312135
2005-08-15,14.895057678222656,15.565167943571279,14.705192428186054,15.248726984934429,146402230
2005-08-22,14.507883071899414,14.96951563931884,14.370138509809824,14.939732620914947,152778700
2005-08-29,14.775927543640137,15.133320406670778,14.370139171503146,14.396200368266811,164265235
2005-09-05,14.377584457397461,15.18916110376904,14.28823540884996,14.857829477471377,166531701
2005-09-12,13.811715126037598,14.731254289499748,13.77448677201097,14.157938312344283,303100380
2005-09-19,14.437150001525879,14.552558566140812,13.49527321381598,13.6441866199584,213908905
2005-09-26,15.338077545166016,15.408812433546252,14.30313060248983,14.630738784183153,188565538
2005-10-03,14.854105949401855,15.68057663354693,14.552557339659629,15.319460304377126,181559901
2005-10-10,14.77964973449707,15.271065299082583,14.418535080689349,14.891334783332633,157981903
2005-10-17,14.627015113830566,15.66196192581714,14.470656376469286,14.768483185590343,290248596
2005-10-24,14.306849479675293,14.705192467720664,13.856386635471283,14.69402531297715,206321860
2005-10-31,15.479545593261719,15.62845901622703,14.277069365389512,14.280792875818276,229379041
2005-11-07,16.339515686035156,16.469816587065257,15.390194529087022,15.393916351488,215140384
2005-11-14,16.629899978637695,16.67829717523382,15.814599718263517,16.287399466562494,175241167
2005-11-21,17.389352798461914,17.72068434143382,16.499594482130195,16.521932160433487,144060682
2005-11-28,16.823482513427734,17.694626754394335,16.473536763083892,17.45264252420406,181126995
2005-12-05,16.1645450592041,17.0840850172941,16.041692847163958,16.886774414027077,154692806
2005-12-12,17.102697372436523,17.340959812440676,16.116147835409624,16.116147835409624,156126960
2005-12-19,16.607563018798828,17.307454668911845,16.209219999944366,17.19576961574874,113430479
2005-12-26,16.090089797973633,16.74158601718739,16.090089797973633,16.622455617387043,74992026
2006-01-02,17.367023468017578,17.467539694426165,15.822046653502595,16.27251044777005,138805920
2006-01-09,17.11386489868164,17.441474674042624,16.57777740237174,17.32978963838339,115781530
2006-01-16,16.74158477783203,17.817485181053907,16.514492839085033,17.046858619088173,263762611
2006-01-23,16.40652847290039,16.853268673628413,16.10870167241504,16.771366640922206,145092817
2006-01-30,15.107258796691895,16.469816999532195,15.040247433298136,16.194326213832568,163206014
2006-02-06,14.716361045837402,15.330628779715495,14.370137076587964,15.26361741677428,161801798
2006-02-13,15.379029273986816,15.617290074386288,14.470658074435192,14.545114785452098,131029035
2006-02-20,15.446039199829102,15.554002444732584,15.08120265998977,15.393920176176795,80673754
2006-02-27,15.029084205627441,15.516774676419507,14.593511073325253,15.352968891196607,154648613
2006-03-06,14.090927124023438,15.103538812459513,13.759595463494666,15.029082107878988,149607928
2006-03-13,14.228672981262207,14.690303889329476,13.834052603284588,13.990410506827104,134831347
2006-03-20,13.886170387268066,14.54883451375703,13.819159863143023,14.277067220251226,123459099
2006-03-27,14.519050598144531,14.809432048762838,13.748424135180105,13.942012050115014,150441192
2006-04-03,14.243562698364258,14.723807751150728,14.18027483912566,14.627015050884745,128046204
2006-04-10,14.366415977478027,14.481822848281187,14.031360833037898,14.262176261780507,73388937
2006-04-17,13.063422203063965,15.19660572631633,12.974073168608841,14.299401995469351,352038378
2006-04-24,12.810269355773926,13.096928123512916,12.50499725877195,12.948014740864524,258059499
2006-05-01,12.058259010314941,13.02991874846858,11.91679094698364,12.851222336215162,262948356
2006-05-08,11.72320556640625,12.28535354776145,11.578014815886737,12.11782595337007,330196046
2006-05-15,11.056818008422852,11.85722763713653,10.814833702067553,11.66363968591133,288232084
2006-05-22,12.732093811035156,12.884729905240775,10.747822899225474,10.881845658594616,346254954
2006-05-29,12.14760684967041,12.694864106446415,11.931682080019769,12.665081088712476,156557253
2006-06-05,11.384425163269043,12.259292202149592,11.272740960627077,12.032198600001225,201356021
2006-06-12,11.272743225097656,11.611520254373445,11.183395001467668,11.436547317589621,187640799
2006-06-19,11.168502807617188,11.503557993073894,11.101491433098548,11.324861556736352,150652181
2006-06-26,10.904180526733398,11.205729993497979,10.498391342376244,11.161055467286236,191756743
2006-07-03,9.910184860229492,10.974914760912062,9.891570683429414,10.96374676097296,205194924
2006-07-10,9.5230073928833,10.409042320723064,9.493224380148105,10.021866529437627,230331579
2006-07-17,9.113496780395508,10.140999042057068,9.053931590826515,9.519285952409481,323730950
2006-07-24,9.094884872436523,9.530456285598058,8.715155147833496,9.195401092837411,244603974
2006-07-31,9.009258270263672,9.411324792196957,8.499230206974971,9.016703602919849,242766850
2006-08-07,9.009258270263672,9.537900508760982,8.890127042787654,9.009258270263672,184963996
2006-08-14,10.144721031188965,10.334586272897932,8.849175081146132,9.1507245186132,264948947
2006-08-21,9.418770790100098,10.386708056004075,9.400156611909637,10.085158538032266,194975510
2006-08-28,10.479778289794922,10.632414372671604,9.545347615511618,9.671923344414855,287110850
2006-09-04,10.613801956176758,10.788775755359078,10.2340730193443,10.394155305724324,187689032
2006-09-11,10.368090629577637,10.67708622816088,10.252682929666705,10.449993494097166,204248326
2006-09-18,9.720320701599121,10.41276883317268,9.493227887195303,10.345757451546744,219521491
2006-09-25,10.557955741882324,10.70686913094958,9.604911064133614,9.761269785226991,218918938
2006-10-02,10.941411018371582,11.380705972479376,10.051653109093248,10.572850111934477,227154153
2006-10-09,11.075431823730469,11.190839551197696,10.69197944415381,10.9860844499289,121053399
2006-10-16,11.350918769836426,11.518446316209916,10.535617875438508,11.060537352028504,256172717
2006-10-23,11.939129829406738,12.423098448160692,11.22806841210497,11.23923725611891,205070897
2006-10-30,12.058259010314941,12.281628260279511,11.607796157070947,11.961464628262927,152738071
2006-11-06,12.214615821838379,12.41564819962052,11.875838068516325,12.14388180127118,167066539
2006-11-13,12.560844421386719,12.653915313702564,12.12527213920758,12.259294898997048,200325787
2006-11-20,12.430542945861816,12.639022396313699,12.303967221246602,12.590625200265606,93045823
2006-11-27,11.7269287109375,12.482663828065657,11.626411644066149,12.411930626850765,166020624
2006-12-04,11.823720932006836,12.136439254341203,11.633856507450748,11.797660579730858,151725183
2006-12-11,12.255571365356445,12.367255592356695,11.73065170239786,11.890733974306794,205086816
2006-12-18,11.250404357910156,12.337471908082541,11.246681691392292,12.337471908082541,186902337
2006-12-25,11.194561004638672,11.440268786669227,11.175946829852608,11.242958196509695,98324582
2007-01-01,11.458882331848145,11.816275169268344,11.023310971148504,11.30252359815293,131105779
2007-01-08,11.168502807617188,11.548232523942403,10.86323064273949,11.343475733706168,252992203
2007-01-15,11.041926383972168,11.34719939652264,10.926518653921248,11.202007801924008,176561985
2007-01-22,11.782768249511719,12.583176852740978,10.647303685450384,11.13127218816505,519970968
2007-01-29,12.061983108520508,12.229510698559306,11.689699575100956,11.726927928442912,249159240
2007-02-05,12.475215911865234,12.57945563107578,11.968911355485425,12.02475388144075,199873635
2007-02-12,12.516165733337402,12.575730915938664,12.166219125648942,12.378421195848983,129088079
2007-02-19,12.653913497924805,12.74326086687243,12.285352648527168,12.467770896435399,133357990
2007-02-26,11.477499008178711,12.787937729300186,11.447716827615618,12.761877372293087,232931634
2007-03-05,11.473773956298828,11.782769604058316,11.276463360466648,11.332306729998475,161356060
2007-03-12,11.816279411315918,11.946577840460325,11.261575780913233,11.473777959758138,183132576
2007-03-19,11.849780082702637,12.155051354048759,11.596626136350935,11.93168126696963,156880153
2007-03-26,12.341197967529297,12.534785115362649,11.857230097945916,11.920517976853777,172395908
2007-04-02,12.549671173095703,12.7581505875943,12.199725392118935,12.344916111656147,115957116
2007-04-09,12.948018074035645,12.981523762470419,12.452881455408983,12.564565677577765,153300707
2007-04-16,12.478939056396484,13.18255503154514,12.266736957838683,13.02991896711678,330503501
2007-04-23,12.720926284790039,12.87356238469098,12.330028523703843,12.426822929875101,163835893
2007-04-30,12.713479995727539,13.175110927865617,12.277907731375713,12.821441551540563,172111738
2007-05-07,12.732093811035156,13.0559810214195,12.579457716829536,12.71720229959766,128026720
2007-05-14,12.173666000366211,12.933124494619353,12.132714984859572,12.881005480466253,167543402
2007-05-21,12.155051231384277,12.508720532357128,12.114100217879988,12.17366540511969,141124659
2007-05-28,12.013582229614258,12.445430827306721,11.939125545751144,11.968908556723582,126714932
2007-06-04,11.6971435546875,12.140160233333974,11.321138241728935,11.95774284149151,188227433
2007-06-11,11.927961349487305,11.98380472769332,11.47749840545676,11.708314721433617,172394958
2007-06-18,11.823720932006836,12.07315055044371,11.507279943223956,11.961465495579164,194749077
2007-06-25,11.98007583618164,12.043364519818386,11.682249962121372,11.853499312476073,137729354
2007-07-02,12.430542945861816,12.631576219615718,11.864672320953565,12.013585732094496,89922571
2007-07-09,12.639021873474121,12.754429593620618,12.151330640875582,12.445433940858146,171725875
2007-07-16,12.48266315460205,12.88100704659051,12.192282500966307,12.594348216054623,280752199
2007-07-23,12.12527084350586,12.61668476499389,12.080596313827167,12.441711843564967,258906305
2007-07-30,12.4044828414917,12.612961438377924,11.924237788446566,12.099209857150994,178762875
2007-08-06,13.402201652526855,13.938290056055191,12.516167437237888,12.523612769738609,288295761
2007-08-13,12.70975399017334,13.476657792196642,12.449155553515162,13.476657792196642,201025758
2007-08-20,12.687417030334473,12.933123956723362,12.497552625559791,12.732090710198596,139602356
2007-08-27,12.694867134094238,12.739540827781381,12.199729618481289,12.523616006633997,133537854
2007-09-03,13.122987747192383,13.364971980637826,12.657632608536977,12.676246780340472,129952469
2007-09-10,14.07603645324707,14.254732892316929,12.795381732996708,13.10810007958483,176365729
2007-09-17,14.519050598144531,14.667965676660783,13.718641963044965,13.960626224037519,158109258
2007-09-24,14.526497840881348,14.720084915226066,14.269621224517564,14.373860937514335,121745527
2007-10-01,14.425981521606445,14.857829347498113,14.269621109800191,14.522774214432538,114116667
2007-10-08,14.854105949401855,15.163101578532684,14.049973792718216,14.414811100877953,133165771
2007-10-15,13.670245170593262,15.14448761937447,13.536223283170996,14.816877811392807,341508894
2007-10-22,13.640461921691895,13.718642127960727,13.02991852811684,13.491549372089851,203674047
2007-10-29,13.03736400604248,13.763316852831624,12.478939582849785,13.726089345282416,213648257
2007-11-05,12.456602096557617,12.91823295168022,11.860948509490369,12.83633092088573,266782982
2007-11-12,12.188560485839844,12.679975322651522,11.842337259008339,12.519893044172374,195829920
2007-11-19,11.890729904174805,12.333746524266616,11.581734310608628,12.188555813511808,122376593
2007-11-26,12.48266315460205,12.899620379931028,11.51844946558276,12.009863398546788,193118428
2007-12-03,12.557119369506836,12.687418602755345,12.173667002805367,12.36725409763301,131617332
2007-12-10,12.173666000366211,13.074592559352991,12.128992318644084,12.452879463617998,161425915
2007-12-17,12.76932144165039,12.929403704254998,11.730651020587162,12.106657234266706,162108302
2007-12-24,12.57573413848877,12.907066658795772,12.45660374275891,12.765598575744344,52172208
2007-12-31,11.652467727661133,12.508718754203247,11.592902548888809,12.471491255592529,92937003
2008-01-07,11.049371719360352,11.734373609892899,10.799942081994905,11.69714525544622,196030454
2008-01-14,10.546789169311523,11.235512843265042,10.215457508709694,11.179671158385545,256210732
2008-01-21,9.988363265991211,11.12754976346268,9.586296748651032,9.712874150905408,328319245
2008-01-28,10.725486755371094,10.796220806649435,9.545348948314203,9.835729644280763,268531481
2008-02-04,10.449994087219238,10.863228568325333,10.19311832537445,10.67336332463478,200201522
2008-02-11,10.345759391784668,10.584021095665722,10.126111870338566,10.386710424427859,155171572
2008-02-18,10.315974235534668,10.479778318939877,9.91390767328783,10.47605565223853,127631830
2008-02-25,9.813390731811523,10.472332214311281,9.742656695422102,10.312249965828284,163350951
2008-03-03,9.597465515136719,10.100048236051219,9.429937941498553,9.764993088774885,169041945
2008-03-10,9.772438049316406,10.126106483882435,9.519284965435322,9.612355828102183,161193543
2008-03-17,10.647306442260742,10.755268843379815,9.344314825763696,9.534179272659559,192321993
2008-03-24,11.250404357910156,11.678530409533314,10.535620330888342,10.569126016685535,175509180
2008-03-31,12.263015747070312,12.460326360514154,10.963746868532967,11.120106461328534,197575330
2008-04-07,11.492385864257812,12.434262443545299,11.425375352463007,12.318855591604468,126207892
2008-04-14,11.805109024047852,12.162501099558511,11.261574311101993,11.559402024857295,212679326
2008-04-21,11.652467727661133,11.80882642738448,11.25040129470398,11.592902548888809,154392955
2008-04-28,11.58173656463623,11.913068216872137,11.410486317100869,11.641301758096159,152711459
2008-05-05,11.168502807617188,11.671084742233997,10.904181663359436,11.507280659754207,119384971
2008-05-12,11.604073524475098,11.950297533049085,11.239236183601205,11.26157218236109,163773404
2008-05-19,11.235512733459473,11.678530290195285,11.086600169289131,11.615242429333684,131928351
2008-05-26,11.172223091125488,11.529615043996245,10.83344531125392,11.246679783122232,123166375
2008-06-02,10.893013000488281,11.283910723340254,10.751545759311382,11.1647803261841,154805904
2008-06-09,10.565403938293457,11.019590404223862,10.289914768685689,10.874399641807026,184118617
2008-06-16,10.487225532531738,10.919074314644138,10.449997174701904,10.628692786144104,177212535
2008-06-23,10.278742790222168,10.647303584429299,10.1074934108604,10.576570401865805,167679548
2008-06-30,9.977193832397461,10.420211339765455,9.958580502072529,10.211732760877018,113958662
2008-07-07,10.427656173706055,10.844613277831817,9.76499133095361,10.010698226012291,180683633
2008-07-14,8.927356719970703,10.57284871647964,8.756105623927887,10.535620364047414,368787988
2008-07-21,9.455998420715332,9.727764871052248,8.84917597498829,8.942247694062555,201221777
2008-07-28,9.150727272033691,9.709152636692744,8.882683434424678,9.448554133185187,178142026
2008-08-04,9.813390731811523,9.872955925351176,9.046486861514037,9.117220054335267,159099574
2008-08-11,9.671923637390137,10.05537518954259,9.500673372302849,9.709151992564255,147069886
2008-08-18,9.318256378173828,9.71287770744017,9.012984133886606,9.593746437703144,134544326
2008-08-25,9.281026840209961,9.489505481410102,9.091162378466409,9.258689993575723,91657763
2008-09-01,8.849176406860352,9.426215863159804,8.651866647298881,9.381542178163903,163125230
2008-09-08,8.394990921020508,9.053932419937059,8.249800178197207,9.020426734121187,197761132
2008-09-15,8.625808715820312,8.860346870293979,8.078551334911708,8.130671205984198,247973379
2008-09-22,8.402437210083008,8.625808193081053,7.8700722172497874,8.622084682569243,171077941
2008-09-29,7.051048755645752,8.435943357902158,7.047326510284234,8.294475257818949,250319916
2008-10-06,6.228301048278809,6.887242069760624,5.584250269835091,6.887242069760624,369198562
2008-10-13,5.714550495147705,6.980314074651288,5.096560426193236,6.574525280250112,389012263
2008-10-20,5.543299198150635,5.863462804873752,5.275255444514553,5.718271665050144,238182833
2008-10-27,5.684767723083496,5.990040292522682,5.360880977724654,5.468843366772301,196980855
2008-11-03,5.2827019691467285,5.874633019881019,5.171017740635691,5.558191982322823,161275990
2008-11-10,4.601422309875488,5.44650503761781,4.240307255322641,5.4390601273405235,245675786
2008-11-17,4.47112512588501,4.724277473528615,4.061613156527491,4.586532454024246,289137340
2008-11-24,4.8880815505981445,5.036994980060189,4.452510106848993,4.541857911455723,167193654
2008-12-01,5.197076797485352,5.204522130876892,4.545580600836718,4.8285159232390455,240784077
2008-12-08,5.312485218048096,5.450230241421516,4.925310929180567,5.230583581087663,201054745
2008-12-15,5.379495620727539,5.7629480153936035,5.1226202238031275,5.290147821625884,205570806
2008-12-22,5.06305456161499,5.424169235375819,4.962537505968104,5.39066355016019,78240492
2008-12-29,5.457674026489258,5.480010443333588,4.880634670155002,5.085390149005709,86057295
2009-01-05,5.2827019691467285,5.762948369585819,5.2380282777423135,5.446506488459296,124981402
2009-01-12,4.936478137969971,5.360881106024767,4.757782129221419,5.33854468488435,203612982
2009-01-19,4.467401027679443,4.966260697330859,4.217971403745789,4.917863501729062,228032086
2009-01-26,4.474846363067627,4.821069923966937,4.322210301076941,4.467400608920359,147316989
2009-02-02,5.074222564697266,5.0965598269287,4.441340638469044,4.456232146623334,159216235
2009-02-09,4.91041898727417,5.204522767524422,4.802457000264905,5.0407182425428605,171741319
2009-02-16,4.534411907196045,4.750335399991156,4.4487859466647155,4.73544431370159,110562170
2009-02-23,4.0467209815979,4.582808615311328,3.908975984622897,4.560472192952113,219188613
2009-03-02,3.8829164505004883,4.091395067205659,3.6893285007563383,3.957373159578639,270297800
2009-03-09,4.441339492797852,4.560470261949452,3.8047350646391678,3.823349655922312,206735285
2009-03-16,4.5009074211120605,4.653543521404005,4.2961510287106,4.467401729933744,154449267
2009-03-23,4.783842086791992,4.9104186666446195,4.560472371272084,4.638652172398994,145955779
2009-03-30,5.327375888824463,5.446506290621177,4.549303923122135,4.690771169809698,230018422
2009-04-06,5.5916972160339355,5.5991425494705656,5.003489723924189,5.230582516560491,125745285
2009-04-13,5.357158660888672,5.4800121552922025,5.137512028262681,5.446506465098439,199541231
2009-04-20,6.246916770935059,6.306481971667353,5.089114649258858,5.316207451557895,370561911
2009-04-27,6.146398544311523,6.35115446315397,5.98259364052394,6.034713919454257,221451753
2009-05-04,6.470285415649414,6.55963320198715,6.105447672422819,6.153844442745435,215000438
2009-05-11,6.295312404632568,6.511237195975586,5.997485993429499,6.347432690903105,163606133
2009-05-18,6.462839126586914,6.8313999514168255,6.276698224641779,6.332540326511691,163383264
2009-05-25,6.559634208679199,6.600585230978979,6.146399631711822,6.380938608579722,152719301
2009-06-01,6.641536712646484,6.846292234084795,6.537296564158201,6.652704712499494,244766729
2009-06-08,6.626644611358643,6.756944274700203,6.45167168155169,6.645259210508122,204221952
2009-06-15,6.433055877685547,6.604306519219085,6.284142496413267,6.5670777521169885,177320404
2009-06-22,6.459116458892822,6.514958978887309,5.986316371916025,6.3623225044986205,204518714
2009-06-29,6.083110809326172,6.585693598878092,6.03843712101553,6.488900466943658,257810731
2009-07-06,6.0682196617126465,6.176182058247381,5.870909467637838,6.079388927250399,209888236
2009-07-13,6.905857563018799,7.017543046882807,5.993762889366422,6.068219597419677,266106299
2009-07-20,7.907299041748047,8.030152932058252,6.842568418809457,6.924470871754904,341652405
2009-07-27,7.9110236167907715,8.212573150640472,7.907300949670325,7.951974642252374,206144611
2009-08-03,8.394990921020508,8.614637524947216,7.8849619878789845,8.264691687845172,265404902
2009-08-10,8.056212425231934,8.43594125060353,8.004093411074841,8.43594125060353,176309179
2009-08-17,8.220013618469238,8.227459791870196,7.650420579200996,7.858899093774363,170973158
2009-08-24,8.361485481262207,8.540181915159968,8.104610517440502,8.216295577734543,151541280
2009-08-31,8.156731605529785,8.629531476559047,7.877518884000272,8.26841669414159,223205955
2009-09-07,8.77099895477295,8.87896136795673,8.048769442482836,8.19395937226033,175527713
2009-09-14,9.06137752532959,9.210290917068626,8.696539378141708,8.707708219949382,238892306
2009-09-21,8.730047225952148,9.147004488842772,8.640699843595817,9.0613797734899,163314360
2009-09-28,8.450830459594727,8.93852153393361,8.391265285645412,8.770994007694213,181648763
2009-10-05,9.091160774230957,9.359204573679236,8.409882432479826,8.48061562707853,226734314
2009-10-12,9.117219924926758,9.485780767351336,9.057654732232566,9.180508627563484,190461586
2009-10-19,8.77099895477295,9.604914391117765,8.663036541589168,9.206570431242215,358504660
2009-10-26,8.290749549865723,8.864065328743749,8.238629703540095,8.730043469312106,202017261
2009-11-02,8.689094543457031,8.748659740632098,8.007816177245795,8.212572122488254,164659651
2009-11-09,8.838006019592285,8.96458256305532,8.614635946505068,8.703984144453566,158281754
2009-11-16,8.484338760375977,8.979475318418833,8.469447251386137,8.867791109915483,154880748
2009-11-23,8.64442253112793,8.841733181286045,8.488063752806394,8.555074296272021,86136178
2009-11-30,8.811945915222168,9.214012356832791,8.63697304064362,8.640696549796013,231795669
2009-12-07,8.450830459594727,8.923630029554303,8.212568920229558,8.763547833720603,182172197
2009-12-14,8.439664840698242,8.562517888396627,8.287027932285833,8.458279015522374,159453121
2009-12-21,8.893851280212402,9.024149673763095,8.443388372029181,8.488062058756947,108985933
2009-12-28,8.759828567504883,8.934801475193114,8.752382391359072,8.886404282733904,57479955
2010-01-04,8.75238037109375,8.92735408196189,8.599744339938793,8.830559719385999,131267585
2010-01-11,8.365209579467773,8.84173203074382,8.234909489730759,8.759829984865089,174874312
2010-01-18,8.778441429138184,9.1432795772806,8.257245400256055,8.2944729047201,355106268
2010-01-25,8.569962501525879,9.068822513651348,8.51411998174097,8.826838261250076,249623986
2010-02-01,8.454556465148926,8.703986098670994,8.279582695804692,8.529013172895006,172443903
2010-02-08,8.104612350463867,8.543906514168155,8.007817934795744,8.462003611954238,159160399
2010-02-15,8.718879699707031,8.74494005980834,8.18651461780323,8.18651461780323,130766249
2010-02-22,8.569962501525879,8.748658058696739,8.402434942171153,8.71887588761897,158730106
2010-03-01,9.169342994689941,9.288473410821238,8.54762886841467,8.607194920048714,199339272
2010-03-08,9.66819953918457,9.67936838151054,9.083713943344543,9.094883629238664,200451241
2010-03-15,10.122385025024414,10.342032455821316,9.601188131945461,9.668199498482872,205580311
2010-03-22,10.219175338745117,10.56167655220735,9.910180641541444,9.954854309417097,189669902
2010-03-29,9.891572952270508,10.245242392593543,9.884126773701594,10.237796214024629,106417476
2010-04-05,9.884124755859375,10.30108283283831,9.738934848011475,9.865511422158084,179262547
2010-04-12,9.802220344543457,10.129829279178233,9.761269333160117,9.917628047012162,163539131
2010-04-19,9.139557838439941,9.89529287402462,8.897573551680514,9.753824799722597,318408711
2010-04-26,8.852900505065918,9.228906716727659,8.808225973533826,9.094884809267903,230157655
2010-05-03,7.996650218963623,8.972032996995878,7.6541496150845685,8.804505362661207,319139330
2010-05-10,8.283305168151855,8.677925501046662,8.17906545294124,8.424773232570814,194458968
2010-05-17,7.97430944442749,8.476891256468111,7.561074985196197,8.249798521536324,300113272
2010-05-24,7.970587730407715,8.20512582489001,7.654146761312947,7.940804713536244,218711038
2010-05-31,8.186511993408203,8.502952975767878,7.706266098525179,7.825396483868609,248207177
2010-06-07,8.432218551635742,8.447109216440992,7.7918912836932375,8.190234282164612,268688060
2010-06-14,8.249800682067871,8.532736851955407,8.156729795543884,8.488062320282934,174845327
2010-06-21,7.799337863922119,8.424774567123809,7.6467017767027405,8.354039680141206,162326181
2010-06-28,7.1701788902282715,7.8067835541103685,7.0957221846615175,7.769555201326992,266197297
2010-07-05,7.553629398345947,7.5610755740386475,7.132949574808133,7.3116451379113085,152332250
2010-07-12,7.479174613952637,7.9892036147199725,7.468006612912032,7.512680304211098,182248941
2010-07-19,7.851456642150879,8.018984216919195,7.415884441612364,7.50895531648365,206718178
2010-07-26,7.784445285797119,7.933358685801236,7.642977218365944,7.814228303225207,113929914
2010-08-02,7.985480785369873,8.033877991379505,7.706268082010605,7.922192910035798,130285109
2010-08-09,8.0040922164917,8.424771994588069,7.8961298509384665,8.13811408523419,176167569
2010-08-16,8.700263977050781,8.730046152986409,7.96686492477461,7.989202611186602,257579309
2010-08-23,8.629528045654297,8.789610279780197,8.327978595005339,8.722598915827932,205456997
2010-08-30,8.983197212219238,9.113496428430285,8.465723856978423,8.636974086713606,198597959
2010-09-06,8.972028732299805,9.169339300822136,8.730044486617125,8.93107687740675,148712177
2010-09-13,9.016703605651855,9.109775325291285,8.804502345636651,8.934801572136415,155687162
2010-09-20,9.210291862487793,9.266133546553863,8.703985603749196,9.035318103092832,171875801
2010-09-27,9.106050491333008,9.366648906440348,9.005533453650777,9.199121353871343,133597966
2010-10-04,9.161894798278809,9.258688345509954,8.908742508871827,9.10232960333412,118569291
2010-10-11,9.560239791870117,9.64214184627756,8.964586033071594,9.135837163580877,138758400
2010-10-18,10.449994087219238,10.587738633065241,9.355480521685843,9.623525125007049,265496854
2010-10-25,11.116379737854004,11.131271243849373,10.260128687720362,10.304802362138464,242906320
2010-11-01,11.492385864257812,11.514723545090755,10.878119043416065,10.967466392475805,189231768
2010-11-08,11.220621109008789,11.633855611468691,11.198284268469791,11.462604532344075,164329149
2010-11-15,11.280187606811523,11.484943548712398,10.952578605911064,11.23179041038948,158180299
2010-11-22,11.596627235412598,11.71948113237675,11.038202808358626,11.194561546705556,105612963
2010-11-29,11.0233154296875,11.779050739639969,10.718043171451487,11.473778481403958,203106182
2010-12-06,11.42537784576416,11.470051530042937,10.948854610138975,10.974914118706897,125546652
2010-12-13,11.101491928100586,11.473775484096597,11.086601260715375,11.440270638911585,148597890
2010-12-20,10.543066024780273,11.127549948370705,10.494668831559268,11.112659282981017,108309960
2010-12-27,10.360647201538086,10.610076819544405,10.308527340644291,10.490945588420278,69132333
2011-01-03,10.312249183654785,10.919071603010611,10.133553616589701,10.50211443629062,135672927
2011-01-10,10.863231658935547,10.870676992992644,10.230349582759104,10.28991478592087,115011942
2011-01-17,11.175948143005371,11.533341015745295,10.74782207262191,10.881844821683504,185744513
2011-01-24,11.28391170501709,11.615244258116228,11.149889785664723,11.16478129749684,147131899
2011-01-31,11.99124813079834,12.069427497989542,11.053094037367572,11.269017963725743,143714974
2011-02-07,12.84749984741211,12.948016053462322,11.81627490545938,11.965187459635636,178509355
2011-02-14,12.854944229125977,13.160216334496951,12.527335284458994,12.840052721739276,114154682
2011-02-21,12.519891738891602,12.851224262680542,12.099210995582188,12.706033511405808,96729810
2011-02-28,11.916791915893555,12.653913621911352,11.838611701946057,12.545951232545564,117260828
2011-03-07,11.511003494262695,12.088042988740144,11.406764607852887,11.961466414786278,128313029
2011-03-14,11.343476295471191,11.563123763306322,11.023312604448465,11.443992518658787,136069006
2011-03-21,11.801385879516602,12.054538202794445,11.157334961361936,11.525895867023614,95039526
2011-03-28,11.674808502197266,11.864672942636796,11.276464600381981,11.846058765268838,151214818
2011-04-04,11.592906951904297,12.229511676230558,11.49238988370438,11.674808998376848,100852171
2011-04-11,11.767881393432617,11.812555089297579,11.23923900356747,11.630135951306903,96536880
2011-04-18,11.89445686340332,11.998695758406281,11.332308833090641,11.61524418176772,71404027
2011-04-25,12.802827835083008,12.899621393903361,12.0061408320509,12.076875722146193,160822412
2011-05-02,12.181113243103027,12.799103726741867,11.980079970612069,12.549673258506862,102686681
2011-05-09,12.497552871704102,12.799102325646334,12.050812689991721,12.128992053077763,112943636
2011-05-16,12.091764450073242,12.43426407227877,11.93540488160153,12.40820456598421,74830220
2011-05-23,11.421655654907227,11.913068733139669,11.291356419505874,11.913068733139669,137957688
2011-05-30,11.280187606811523,11.693422157206912,11.272742273624239,11.600351274524698,113749813
2011-06-06,11.153614044189453,11.522174136229673,10.9749167337901,11.250406768667668,172742802
2011-06-13,10.732930183410645,11.26901863002603,10.52072891083516,11.187116591662774,165855017
2011-06-20,10.554234504699707,11.123828632420748,10.483501310171391,10.673364894654124,177323969
2011-06-27,12.188560485839844,12.218343509974497,10.513285202121827,10.51700871281492,259641202
2011-07-04,12.4417085647583,12.508719076264487,12.043365630617293,12.192279003166156,91768010
2011-07-11,12.214615821838379,12.683692775943378,11.883283399705292,12.322577341918416,162142993
2011-07-18,12.471494674682617,13.02619645036368,12.04336862225579,12.214618874512878,208750133
2011-07-25,12.192282676696777,12.840055367603622,12.177391166241483,12.266738541836732,125190252
2011-08-01,10.907902717590332,12.419373495394218,10.61752210592735,12.330025290433253,224276105
2011-08-08,11.365811347961426,11.421653868685992,10.029313516573206,10.55051037666915,246845490
2011-08-15,10.111217498779297,11.53706296428649,9.999533279294175,11.406764567625805,139389467
2011-08-22,10.96746826171875,11.045648470822695,10.096324711368675,10.342032493864243,130681664
2011-08-29,10.948854446411133,11.760432832695479,10.855783569248626,11.067984831751872,129377952
2011-09-05,10.595183372497559,11.41048429120795,10.528172858090702,10.613797544871915,136157631
2011-09-12,12.542224884033203,12.62040508028754,10.572846186479937,10.58773769260305,200169209
2011-09-19,11.942851066589355,12.572009476360934,11.458881696385795,12.359808229032641,203504639
2011-09-26,10.978638648986816,12.393316134482772,10.848339406901664,12.032200585991527,180118146
2011-10-03,11.566847801208496,11.734375422090672,10.204289986747135,10.863232468358065,184675788
2011-10-10,12.542224884033203,12.612958905441978,11.69341915783195,11.797658013557712,134081007
2011-10-17,11.957745552062988,12.81771959739778,11.410488191074945,12.50127855888078,193619053
2011-10-24,12.378422737121582,12.397036911725182,11.414208323941462,11.905622196049253,139227422
2011-10-31,12.17739200592041,12.322581923058232,11.429101356950692,12.196006184380984,147132137
2011-11-07,11.823720932006836,12.281629150810556,11.347198537392357,12.132715744324495,117110901
2011-11-14,11.097769737243652,11.831168036584332,10.829725902857295,11.790217855950338,110771733
2011-11-21,10.509559631347656,10.971191316482079,10.479776615441649,10.919071460430624,86842563
2011-11-28,11.0195894241333,11.276464392214523,10.610077529597932,10.907904361987292,125057672
2011-12-05,11.779046058654785,11.827443251771424,11.317415186933795,11.443990903882225,136012933
2011-12-12,11.317415237426758,11.805106462835699,10.82600050209364,11.63757888470199,140921985
2011-12-19,11.481219291687012,11.503556131722895,11.03447827312879,11.391871087975368,90760112
2011-12-26,11.29135799407959,11.555679168325275,11.13499838365277,11.470053607122372,39652352
2012-01-02,11.40303897857666,11.726926108528206,11.000973331021502,11.477495673705553,152225806
2012-01-09,11.399319648742676,11.913070489349279,11.235514702805128,11.544510415450237,113204758
2012-01-16,11.887011528015137,11.894457706194022,11.127552811440617,11.596629981111576,199234729
2012-01-23,11.857226371765137,12.080595633302853,11.708312968361207,11.816275354542691,97238988
2012-01-30,12.266735076904297,12.385866283327907,11.663636244149837,11.745539106735073,112824360
2012-02-06,12.296520233154297,12.426820302872896,12.058259465905184,12.173666339642338,97004002
2012-02-13,13.052255630493164,13.108099001230698,12.181112881505967,12.393314990890385,132882076
2012-02-20,13.536223411560059,13.595788601694018,12.806547934390732,13.052254870923404,107426325
2012-02-27,13.49527359008789,13.700029529242675,13.26818080810259,13.461767904058009,126474243
2012-03-05,13.49527359008789,13.558562295603936,12.966631320970098,13.245843121703858,112076396
2012-03-12,14.031363487243652,14.109542023453011,13.305410536967068,13.536226009371275,149939381
2012-03-19,13.807991981506348,14.14304717662045,13.748426782199717,13.871280691168865,101013026
2012-03-26,13.737257957458496,14.21378036688351,13.651633252208672,13.960628074130033,113682808
2012-04-02,13.260736465454102,13.722368269925676,13.160220237030924,13.655356888598002,104115846
2012-04-09,13.446877479553223,13.670247613022026,13.145327968083995,13.227230856496861,105431199
2012-04-16,14.999298095703125,15.57633751800362,13.190000462881013,13.498996103862734,253893421
2012-04-23,15.349248886108398,15.479548152747547,14.548839105325063,14.664247702060194,160291850
2012-04-30,14.682854652404785,15.621008572783328,14.641902799630282,15.397638511401007,141717233
2012-05-07,15.166828155517578,15.412534292353593,14.519053750106442,14.597233972407702,163960870
2012-05-14,14.280794143676758,15.151937070509852,14.228675115866368,15.051420838511685,140588871
2012-05-21,15.021632194519043,15.137040739245538,14.291957642448345,14.336631319165146,140685098
2012-05-28,14.452043533325195,15.509328128328198,14.146770519690138,15.103539738343091,184415378
2012-06-04,15.282231330871582,15.531662604644534,14.440871703773189,14.504159556033837,137658312
2012-06-11,15.140766143798828,15.486990172759226,14.74242478132992,15.35669093401021,150420758
2012-06-18,15.933728218078613,16.358130719359988,15.110981035101045,15.148211071021157,217249797
2012-06-25,15.639628410339355,15.970960113233717,14.958349138888767,15.72525396898272,136244831
2012-07-02,15.043970108032227,15.743863344489938,14.872719042989468,15.714080330508224,76410496
2012-07-09,14.872721672058105,15.338076075483242,14.340355897112465,15.077479296701586,113953435
2012-07-16,16.696908950805664,16.931447879708827,14.169104806419679,14.787096055639289,241223164
2012-07-23,16.83466148376465,16.931455908939597,15.937458887310163,16.291126672496738,151929994
2012-07-30,16.56661033630371,17.18087809824137,16.104979480974773,16.786258608914704,116209447
2012-08-06,16.37674331665039,17.121310143919164,16.27994895425108,16.600111677695097,98182735
2012-08-13,17.44891929626465,17.515930652363032,16.402803850401806,16.406525672490808,143258069
2012-08-20,17.5345516204834,17.899388180503465,16.93517437964468,17.523382775615364,133307856
2012-08-27,17.67229461669922,17.836098702890233,17.303734579201173,17.627620928386808,94826635
2012-09-03,18.33123207092285,18.342400912294348,17.259057041982405,17.67229067563849,112647111
2012-09-10,18.602996826171875,18.85614988549229,17.750468481709344,18.24188225148666,128601476
2012-09-17,18.4168643951416,18.792869820941583,18.35729834395706,18.78542448632771,112268613
2012-09-24,18.00734519958496,18.47642133747923,17.631338237684734,18.364737988859158,117453758
2012-10-01,18.141366958618164,18.703515669349933,17.85098720370174,18.08180261610492,91067328
2012-10-08,17.813764572143555,18.186048159051676,17.16971362936516,17.992459344150085,130651012
2012-10-15,18.602996826171875,18.96411140085709,17.218102861477277,17.783973314164367,231497481
2012-10-22,18.431745529174805,18.81892128730524,17.944055275050534,18.588105910860968,117428336
2012-10-29,18.126480102539062,18.461535293644484,17.910555308621596,18.4205851159024,75808418
2012-11-05,17.769088745117188,18.606726715062162,17.612728307684918,18.15626295414826,100835063
2012-11-12,17.594114303588867,17.947783672154596,16.998462317351535,17.776534253341527,98181072
2012-11-19,18.245615005493164,18.2977357270405,17.676022389661913,17.769093299064004,63603382
2012-11-26,19.664012908935547,19.73102260230459,18.37963458326693,18.394526938455222,159008810
2012-12-03,19.261943817138672,19.786864261423037,19.13908991665335,19.75708124204229,90498513
2012-12-10,18.748193740844727,19.60072409338259,18.67746054030694,19.336402094693156,112272891
2012-12-17,19.11675262451172,19.559769313751556,18.692348423097513,18.807756982716118,133452317
2012-12-24,18.543434143066406,19.280555773992518,18.49131513050179,19.01995733689696,59724086
2012-12-31,19.64911651611328,19.991616995151592,18.31634294957587,18.524820695142697,91784642
2013-01-07,19.99161148071289,20.17775317744712,19.38106739027895,19.55604024778196,115450315
2013-01-14,20.18148422241211,20.430913851750898,19.314063254290833,19.946945259518202,184127883
2013-01-21,21.04518699645996,21.09358420533587,19.753363149838105,20.159151627897952,108812246
2013-01-28,21.298328399658203,21.320664392592516,20.583544570177033,20.918599648415327,91026222
2013-02-04,21.078683853149414,21.249934931253577,20.60588585134971,21.089852695136425,89244698
2013-02-11,21.108469009399414,21.31694845717196,20.75479966248499,21.041459324956346,96122505
2013-02-18,20.4830265045166,21.257374597900842,20.06606776237333,21.1680272600906,68699189
2013-02-25,20.438352584838867,20.71756343385399,19.775686141144448,20.62821609714001,93757197
2013-03-04,19.779417037963867,20.847870404637206,19.455530712475632,20.22988077273542,134602301
2013-03-11,18.766809463500977,19.85760070598636,18.73702643924611,19.768253320358472,199122818
2013-03-18,19.8315372467041,19.902270438991522,18.446642922193874,18.562049798406846,157179765
2013-03-25,20.185203552246094,20.293166775613855,18.96783857594324,19.879931430740495,155819981
2013-04-01,20.66917610168457,21.14197588400376,20.289447209079263,20.713849791319916,143720676
2013-04-08,21.335559844970703,21.607325431583895,20.58354756408185,20.6319447531829,90429847
2013-04-15,19.50392723083496,21.398849610046685,19.321507299792348,21.212707856209136,174624596
2013-04-22,19.559772491455078,19.86504467299864,19.046020841613355,19.410859067566847,139606632
2013-04-29,20.18148422241211,20.293169282158118,19.32895560787218,19.58583057043341,97981250
2013-05-06,20.717575073242188,20.844152506358157,19.768253604124432,20.125644838902904,93816360
2013-05-13,21.112192153930664,21.26110556057938,20.509093194430644,20.7696916560659,107147860
2013-05-20,20.341564178466797,21.09357649162071,19.850148621447314,21.05634814258204,118822335
2013-05-27,20.14052391052246,20.94093316961656,20.099573751408403,20.568649793293723,95045227
2013-06-03,19.153982162475586,20.06235504925497,18.92316838286389,20.051186205173998,142066028
2013-06-10,19.094417572021484,19.876213028200077,18.85243326415668,19.284282857662333,123714280
2013-06-17,19.034849166870117,19.727297159836485,18.70724103274133,19.321507127800974,119422511
2013-06-24,19.25449562072754,19.52253938102044,18.647673228739432,18.923164008122395,126682617
2013-07-01,20.04745864868164,20.062351000162803,19.369903052535026,19.433192593841568,61414135
2013-07-08,21.235044479370117,21.246211634332717,19.868762724833356,20.207541374726894,91351022
2013-07-15,19.42947006225586,21.40629442821009,19.40341055477229,21.22759801139426,221843081
2013-07-22,19.451814651489258,19.53371502571612,18.956677085006238,19.515102531309587,154328090
2013-07-29,19.559772491455078,19.637951026714447,19.13536990822825,19.39596671289607,94216953
2013-08-05,19.85387420654297,20.05863014765892,19.481590677241233,19.593275736031753,82672921
2013-08-12,19.70123863220215,20.296894006963075,19.239607699147896,19.637950765319374,103871829
2013-08-19,19.228439331054688,19.83526187777049,18.915721812165575,19.634229428075574,103055674
2013-08-26,18.61045265197754,19.407138933530867,18.472708048343705,19.235889478547705,106373520
2013-09-02,19.66773796081543,19.820374925514866,18.643957967954872,18.830101471975535,86637751
2013-09-09,20.036287307739258,20.330392232526094,19.39596013945888,19.64911321170071,97163669
2013-09-16,20.456972122192383,20.568657175171843,19.89482503447758,20.281999209951834,107928850
2013-09-23,20.765966415405273,21.182923581845106,20.1107468059025,20.479308468923907,101052467
2013-09-30,20.691518783569336,20.94094849077026,20.285730281342232,20.576111864754846,77843938
2013-10-07,20.241046905517578,20.63566637222455,19.395962077219664,20.438357482439155,98053717
2013-10-14,19.433189392089844,20.401124593442287,18.699789707641806,20.144249709428593,235841048
2013-10-21,19.224716186523438,19.701237765961572,19.005067886587696,19.518819507001957,140890147
2013-10-28,19.33639907836914,19.920883830641017,19.157702662562524,19.28428006369635,120907749
2013-11-04,19.731019973754883,20.047460968357818,18.807758186269577,19.355014627743838,153902787
2013-11-11,19.582107543945312,19.90971739805308,19.343846752123216,19.593276387623085,110225492
2013-11-18,18.737022399902344,19.615612146761812,18.562049489938797,19.481589410076015,210526193
2013-11-25,18.80775260925293,18.89337813159421,17.891936426366307,18.88220929178693,191524133
2013-12-02,19.362464904785156,19.76080803874735,18.804039477603524,19.436921628409372,176053996
2013-12-09,19.191211700439453,19.470424359438226,19.05718894926543,19.358739295838717,97742462
2013-12-16,20.319223403930664,20.40112542193238,19.194927771379056,19.448080843768377,163778155
2013-12-23,20.170316696166992,20.594719276061458,19.995343761899505,20.36390549541093,85387501
2013-12-30,19.82781219482422,20.475584779211474,19.801752688488868,20.270830551070148,76146047
2014-01-06,19.418304443359375,19.961839116582393,19.027406704806776,19.507651823031047,179612532
2014-01-13,19.805479049682617,20.162871949467718,19.280560231597992,19.40341414634516,189480534
2014-01-20,20.241046905517578,20.81063926604701,19.92088244582323,20.103302358769522,327426105
2014-01-27,19.805479049682617,20.2187144846131,19.377354634037975,20.028850877400775,192262356
2014-02-03,20.32295036315918,20.378792887704215,19.373627445893607,19.783139292557188,165051691
2014-02-10,20.38995933532715,20.456969007202144,19.8910984956988,20.2782726122179,128978784
2014-02-17,20.32295036315918,20.672896175453538,20.293167345974567,20.41974306008879,89857470
2014-02-24,21.879091262817383,22.22531520862258,20.430909317682215,20.512811339226133,203804726
2014-03-03,21.987058639526367,22.206706945682473,21.387683138016033,21.547765401487236,121476564
2014-03-10,21.123363494873047,21.942387393713446,21.000511259756372,21.812089824216475,118324087
2014-03-17,21.205263137817383,21.65572518287271,21.086132749337313,21.555208970315665,97363016
2014-03-24,20.54631805419922,21.410015399468634,20.188926921916828,21.22387534464439,101687810
2014-03-31,20.103303909301758,20.940940095945052,20.054906716945005,20.728738838681483,123039260
2014-04-07,19.902267456054688,20.83297609474458,19.67889738276911,20.118192197657965,210343241
2014-04-14,20.46442413330078,20.53888085344682,19.70124106466712,20.01023679070053,89021830
2014-04-21,19.999069213867188,20.706408040452054,19.898551294064156,20.460700194257353,88825810
2014-04-28,19.362464904785156,20.34901649280604,18.941784078880954,20.147984013875394,192820479
2014-05-05,18.815202713012695,19.489034848597722,18.528544749966226,19.28428060682426,172521836
2014-05-12,19.34012222290039,19.53743282702385,18.85615533134807,18.956671544879217,160602869
2014-05-19,19.366182327270508,19.52998809429724,18.725856674195303,19.265666110649825,122889809
2014-05-26,18.885936737060547,19.477868551739498,18.543436232849263,19.474145041649724,145738614
2014-06-02,18.502487182617188,18.964119834228033,18.428030466596407,18.867325428546348,133892589
2014-06-09,18.25678062438965,18.513657301207758,17.921725409777316,18.282840136987723,228422938
2014-06-16,18.368459701538086,18.53971076353051,18.1450896313581,18.212100989839314,133192620
2014-06-23,18.64395523071289,18.681185275760576,18.1190363964497,18.416863259737756,116641641
2014-06-30,18.9641170501709,19.016236068879355,18.539714506012206,18.684904406083223,79279042
2014-07-07,19.17259407043457,19.295447966507737,18.517376103271637,18.960392806564396,121025837
2014-07-14,19.165151596069336,19.299172655955644,18.80031339551752,19.079524358731447,159809047
2014-07-21,19.6379451751709,19.917157761764006,19.001341490020263,19.086967020669366,146683311
2014-07-28,19.556055068969727,19.946952928366173,19.410865110334463,19.6975232031311,130390840
2014-08-04,20.136810302734375,20.19637634209699,19.448085775610195,19.511373637972696,127312259
2014-08-11,19.59699821472168,20.26710853219458,19.54487919821722,20.18892832030153,122467117
2014-08-18,20.661724090576172,21.238763420317373,19.660282315750703,19.75335317538638,205915327
2014-08-25,20.661724090576172,21.112187726067265,20.45324637727388,20.702675943670286,98762003
2014-09-01,20.066076278686523,20.69523648050504,19.842706152223823,20.65428461579894,115433208
2014-09-08,19.42947006225586,20.475585681394637,18.629060539994573,20.02140015037596,284218307
2014-09-15,19.507648468017578,19.75335625056163,18.822647509313406,19.440637101220446,167941620
2014-09-22,19.704959869384766,19.801754257311877,19.29544800638546,19.459253763867007,105938949
2014-09-29,20.267112731933594,21.331842778047,19.47042653092596,19.548605071882758,310386860
2014-10-06,19.306617736816406,20.352733440838556,19.2954488935211,20.28200024519571,124469849
2014-10-13,17.850988388061523,19.332677024318645,17.251611290816033,19.194930782507345,216102189
2014-10-20,19.0311336517334,19.213551954476056,17.836102531801675,17.88449974083653,135909813
2014-10-27,19.544876098632812,19.630499942577448,18.88965655060366,19.023679267698384,89358746
2014-11-03,19.924610137939453,20.01023400447571,19.466701035373227,19.477869879267338,87399021
2014-11-10,20.237323760986328,20.334116452843965,19.827811935781316,19.905992140902214,74234318
2014-11-17,20.25966453552246,20.7212971687279,20.188931332977543,20.24105204439603,84245832
2014-11-24,20.430910110473633,20.550040481627107,20.188925858669077,20.35645341761069,46730218
2014-12-01,20.404850006103516,20.62449656874366,20.2596584470034,20.386235833434483,69980329
2014-12-08,20.762243270874023,21.45469124111556,20.311781257662084,20.60588622873727,175691894
2014-12-15,21.272275924682617,21.477030186330154,20.531430661345684,20.79575265190334,137816316
2014-12-22,21.235044479370117,21.57009961951861,21.19781444332846,21.395125029954272,56472055
2014-12-29,20.926050186157227,21.40257342009056,20.74735376254018,21.272274190577185,47027692
2015-01-05,20.71013069152832,21.00795757777888,20.267113873085336,20.79203274781986,103581720
2015-01-12,19.976726531982422,20.996782646906958,19.641671382054994,20.721293531821154,101263456
2015-01-19,21.130809783935547,21.324396906796554,19.70123983413963,20.066078077494993,160647775
2015-01-26,19.731019973754883,21.194094556816907,19.71612930768696,20.985615109047465,107560094
2015-02-02,20.28944206237793,20.438357135282324,19.559767484395252,19.77196872168776,86038761
2015-02-09,21.022846221923828,21.07496693427852,20.05863244543343,20.107029647213988,96681578
2015-02-16,21.599882125854492,21.611050968561923,20.777136582497942,20.911157633578032,66931444
2015-02-23,21.55893325805664,21.912600926215646,21.49564539506264,21.532872061115174,77980558
2015-03-02,22.28860092163086,22.511970970145327,21.424903738135445,21.424903738135445,89987198
2015-03-09,21.99077796936035,22.683224226469484,21.823250404185142,22.288604751894056,132130311
2015-03-16,21.566375732421875,22.329556871628782,21.104744888926827,22.15830579480591,152121736
2015-03-23,21.45469093322754,22.348171301550092,21.316946380538397,21.562652469545345,102498027
2015-03-30,21.186647415161133,21.741349142316622,21.130804891468852,21.4993648729834,43014629
2015-04-06,21.346731185913086,21.558932453746372,20.64311432460937,20.661728500509422,70970169
2015-04-13,20.769689559936523,21.678060573964043,20.62449799082529,21.279717588807785,72722707
2015-04-20,22.0391788482666,22.329560347273528,20.62822490467661,20.844149695586196,122545526
2015-04-27,22.076404571533203,22.38912203342178,21.56637651927231,21.983333697502516,87340096
2015-05-04,21.897708892822266,22.143416683385833,21.194093736328245,22.016839278163005,72394819
2015-05-11,22.117361068725586,22.646003406643025,21.43235827994051,21.908881592326505,66020248
2015-05-18,22.232759475708008,22.400287020127895,21.823247700459394,22.046617759685912,51010581
2015-05-25,22.843311309814453,22.947549348426374,21.79347040630011,22.348173877862024,81397720
2015-06-01,23.539480209350586,23.565539717936797,22.89915121473864,22.91404356759961,111502116
2015-06-08,22.344446182250977,23.275154832210273,22.240208163164446,23.275154832210273,106411061
2015-06-15,22.772571563720703,23.036893488228262,22.05778767673384,22.199255725243013,94100054
2015-06-22,22.724180221557617,23.226763008593885,22.597604490788278,22.92893617183165,75620239
2015-06-29,23.025726318359375,23.167192689999208,22.00567026559353,22.582707968169547,97571391
2015-07-06,23.219314575195312,23.338444956568335,22.660889330818982,22.880535918752486,164424427
2015-07-13,24.678667068481445,24.842471142102188,23.223039520448655,23.237930186364576,227855548
2015-07-20,24.970714569091797,25.961406093255558,23.520060749876333,23.78542367729602,172050900
2015-07-27,24.873416900634766,25.536825937573635,24.60805227357736,24.784962024948964,86683300
2015-08-03,25.253772735595703,25.40414553442185,24.625746255704296,24.84688262532295,58189500
2015-08-10,24.99725341796875,25.598744565000054,24.156934606003873,25.306844648015623,42961300
2015-08-17,22.79473304748535,25.17415871705147,22.750504769696064,24.87341486376576,67003000
2015-08-24,24.103862762451172,24.12155407581344,20.547989759187818,21.11409997682481,92007100
2015-08-31,23.422760009765625,24.413451524931883,23.254697611256468,23.953487546921252,59383800
2015-09-07,23.281232833862305,23.80311471394128,22.79473357683643,23.608515348558196,44167600
2015-09-14,23.0158748626709,23.67928400345947,22.40553798074714,23.19278295459917,72960500
2015-09-21,22.405534744262695,23.440452921884173,22.193244052332194,23.22816222995367,45437100
2015-09-28,22.582441329956055,22.600130953116466,21.016795798565532,22.2463131828651,77799300
2015-10-05,21.49445152282715,22.936261401048263,20.89296209662979,22.635515844381395,98326800
2015-10-12,21.715585708618164,22.0251768906163,21.167168585888863,21.26446910549473,61251400
2015-10-19,24.908794403076172,25.27145782494474,21.388304670864308,21.706741504558153,107082900
2015-10-26,24.678813934326172,25.183004493592232,24.493060228127643,24.537286818993113,54324500
2015-11-02,26.005630493164062,26.262149430229968,24.51959417575991,24.52843983087972,66291600
2015-11-09,24.93532943725586,25.987937001098267,24.891101165370003,25.987937001098267,73385100
2015-11-16,25.70488929748535,25.793344176447004,24.731889003180147,25.023790609894547,45762200
2015-11-23,25.740266799926758,25.84641128384185,25.138775767287388,25.581048386917967,27110400
2015-11-30,25.961408615112305,26.385990015081614,24.87341814501476,25.731426601678134,63963800
2015-12-07,24.74073600769043,25.979101006347978,24.652282811046245,25.90833743675068,41041200
2015-12-14,24.28961944580078,25.4306839894122,24.280775475180416,24.855729732296307,62065600
2015-12-21,24.466522216796875,24.829185645246973,24.112704443569488,24.431141283042248,31010300
2015-12-28,24.30730628967285,24.767270285603946,24.165779165868884,24.342688914192042,17014800
2016-01-04,22.777040481567383,24.10385837369752,22.644359029781608,23.98002257698229,72522700
2016-01-11,22.3436222076416,23.405075922446674,21.936730351613686,22.95395914811505,63927800
2016-01-18,23.3785343170166,23.65274290835633,21.901343486813975,22.653207386103286,57182600
2016-01-25,20.751432418823242,23.94464156720736,19.813814851052285,23.35199613470935,122576100
2016-02-01,20.52145004272461,21.432530551272407,20.264931115800888,20.645285835233366,90517100
2016-02-08,19.893423080444336,20.34454137424258,19.035414768986623,20.220705575326438,79108700
2016-02-15,21.06102752685547,21.10525581339039,19.663445727947785,19.72536364196005,42180300
2016-02-22,21.3883056640625,21.706742512543435,20.592215229996427,21.184860649593578,44291700
2016-02-29,21.591751098632812,21.777506492906276,20.857578551456605,21.335233833471545,41712300
2016-03-07,21.246776580810547,21.662512226675183,20.32684874255333,21.54752209046109,61872300
2016-03-14,21.0256404876709,21.538676652747494,20.238394087004156,21.24677679480971,78363400
2016-03-21,21.520986557006836,21.662513666586648,21.007950362995963,21.061022607304338,44889700
2016-03-28,21.12294578552246,21.73328265257002,20.662983408010614,21.48561099247979,56719600
2016-04-04,21.29100799560547,22.57359952983039,20.698362496548896,20.698362496548896,79288000
2016-04-11,22.3082275390625,22.64435563277393,21.255620050618244,21.37945582875617,47550400
2016-04-18,21.582904815673828,22.529368009413098,21.299850591804468,21.936722595510528,54327000
2016-04-25,21.60944175720215,23.183931297464557,21.282159256766153,21.582904791068554,97109400
2016-05-02,21.06987190246582,21.57406252833726,20.82220026148281,21.3883087976,44144600
2016-05-09,21.03449058532715,21.423689353360178,20.786817261649002,21.04333624193742,43310600
2016-05-16,20.919496536254883,21.122941555483685,20.503760842117376,20.946033503294586,36457300
2016-05-23,21.547521591186523,21.582902521841778,20.64528508314049,20.680666013795744,34323300
2016-05-30,21.211395263671875,21.77750538623285,21.007950255583133,21.48560551332493,35908100
2016-06-06,21.29100799560547,21.56521660348642,21.11409992383629,21.211398772811563,40238200
2016-06-13,21.043333053588867,21.34407689708892,20.76027714635642,21.246778063390995,50458100
2016-06-20,20.459535598754883,22.069409741448638,20.176481323554043,21.529836474886686,62808200
2016-06-27,21.03449058532715,21.184863373428794,19.725362088327223,20.300317958039475,53149300
2016-07-04,21.768659591674805,21.812886180233143,20.609904075520785,20.972567500535032,35674500
2016-07-11,23.29892349243164,23.29892349243164,21.795195797543595,21.88365066556106,65405300
2016-07-18,26.96978759765625,27.031705502394914,23.14855194445978,23.201624193216293,122197800
2016-07-25,27.562435150146484,28.119699709500818,26.77519026628965,26.810571205775997,60932900
2016-08-01,27.765880584716797,27.81895452540208,27.146699794283823,27.68627136082539,47802800
2016-08-08,27.323604583740234,27.863177772552653,27.323604583740234,27.75703159107914,40916800
2016-08-15,27.093624114990234,27.695115240400053,26.85479814577809,27.4209066463349,34404200
2016-08-22,27.695114135742188,27.978168374730583,26.86364273049786,26.943250258969044,41797400
2016-08-29,28.553123474121094,28.74772453535851,27.5447422918414,27.642042822460105,41119700
2016-09-05,28.208148956298828,29.021932383435054,28.18161367717969,28.482359212862477,38076700
2016-09-12,28.10201072692871,28.809646446710907,27.712810237480184,28.01355584017178,44010800
2016-09-19,28.36737060546875,28.64158089321533,27.624352337184927,28.137388599844094,34015500
2016-09-26,29.101537704467773,29.358053241628298,27.942782306607207,28.199299530903765,47134800
2016-10-03,27.969316482543945,29.216523237087678,27.456280397932023,27.68626063660645,43820200
2016-10-10,28.208148956298828,28.526585802818545,27.491667738765724,28.31429344704789,50083200
2016-10-17,25.70488929748535,28.8715618169298,25.297999216252833,28.650425463093914,124556500
2016-10-24,25.29800033569336,26.279844642918654,25.183008481813857,25.88180020068242,58154700
2016-10-31,24.723039627075195,25.448366439094812,24.71419397239982,25.448366439094812,39590800
2016-11-07,25.3333797454834,25.448371592413118,24.17462574253835,25.068016800030367,56811100
2016-11-14,25.377607345581055,25.60758934612134,24.643434749952473,25.324533408208083,53067800
2016-11-21,25.607585906982422,26.041012881166587,25.342221317165702,25.412984870356258,23854700
2016-11-28,25.13878059387207,25.554516328776046,24.130399367391185,25.51028973317605,52516400
2016-12-05,26.509824752807617,26.63366225476259,24.793807909529743,25.253770230485625,57289500
2016-12-12,26.191389083862305,26.996325239841088,26.147160802846958,26.55405255250609,61051800
2016-12-19,26.350610733032227,26.37714601773932,25.66066464932531,26.271001504637713,44684000
2016-12-26,26.26215362548828,26.872488742027627,26.15600743423039,26.385989442675427,30941600
2017-01-02,27.465131759643555,27.562432285607525,26.102932831829577,26.385987066848777,39617200
2017-01-09,26.79288101196289,27.44744440638937,26.394834906571432,27.42090743698445,48247500
2017-01-16,27.102462768554688,27.385516945698445,26.633654920336326,26.828254245338666,39579400
2017-01-23,28.756572723388672,29.0573183283917,26.27100202765832,27.102473583008667,95865800
2017-01-30,28.36737060546875,28.553124328971478,27.889716968507123,28.508897733986007,41869100
2017-02-06,29.74726104736328,29.933014760925847,28.128541438188215,28.314295151750777,54514900
2017-02-13,29.86224937438965,30.207224893465845,29.596886445638713,29.73841356592406,43043700
2017-02-20,30.12761688232422,30.277987977396965,29.526125753487545,29.862250568687628,28932800
2017-02-27,29.84455680847168,30.454891787373775,29.534963961047453,30.11876366347143,32467800
2017-03-06,29.30498695373535,29.924169343236933,29.20768643012149,29.782638854873085,33068600
2017-03-13,29.809181213378906,29.93301703181551,28.800799978368882,29.304990595873896,50340000
2017-03-20,29.5438175201416,30.10107868908944,29.23422460756435,29.791489150785086,30875900
2017-03-27,29.694181442260742,30.03030955567882,29.048463865347124,29.331518053192216,32063200
2017-04-03,29.99492835998535,30.72910251431057,29.473046543739787,29.517273130010313,45249900
2017-04-10,30.3664493560791,30.69373025405792,29.826876048376516,30.074547714493093,29673500
2017-04-17,28.464672088623047,30.463743267405302,28.25238138876484,30.38413404406641,72036000
2017-04-24,29.55265998840332,29.58804261220468,28.208150652406225,28.50889620617232,60752600
2017-05-01,29.632272720336914,29.818026455922432,29.313835816891384,29.596890092337826,34705000
2017-05-08,30.136455535888672,30.32220922325219,29.26960162058667,29.649956337153256,37283300
2017-05-15,29.924179077148438,30.844103930844028,29.181160642907685,30.23376868546806,42104900
2017-05-22,30.870635986328125,31.224452123788648,29.764954230002232,29.950707955239476,42344900
2017-05-29,31.242141723632812,31.348286221623216,30.162995308866634,30.764486421266856,30542100
2017-06-05,30.906023025512695,32.285915419838894,30.684886618527496,31.86133392334017,36904100
2017-06-12,30.039155960083008,30.755638829226996,29.977238062360083,30.693720931504075,43220700
2017-06-19,31.463275909423828,31.613650364368628,30.074540064617135,30.180684555343007,51593600
2017-06-26,30.888320922851562,31.81709620731053,30.15415006263148,31.746330962132753,39396700
2017-07-03,30.277986526489258,31.233297111548097,30.03031491152112,31.091769992384492,27555100
2017-07-10,32.798946380615234,32.90509088811964,30.32221646084351,30.3487551184244,53246400
2017-07-17,32.38320541381836,33.15275891426438,31.887858809039127,32.75471283669827,69537900
2017-07-24,31.790559768676758,32.967006744697834,31.4367436409487,32.241679802441546,53786700
2017-07-31,31.50751304626465,31.95863318783547,31.33060325298734,31.92325055432528,28306400
2017-08-07,31.003313064575195,32.40974027074991,30.746794109687432,31.498659662881984,43204600
2017-08-14,30.76448631286621,31.401360047110085,30.737951032030296,31.348286111165518,31203400
2017-08-21,30.6760311126709,31.074077170432787,30.15414925344365,31.074077170432787,33358000
2017-08-28,32.15322494506836,32.356673362786225,30.446051999777943,30.737953610550772,34196500
2017-09-04,33.42697525024414,33.87809197050206,31.640192935576238,32.01170042587414,42412100
2017-09-11,33.966552734375,34.382286876087434,33.59504182398289,33.64811577525997,33729700
2017-09-18,33.86924743652344,34.38228206329296,33.6569550354053,33.87809140669479,27858000
2017-09-25,34.01961898803711,34.143454817672385,33.11738217662874,33.807329958454716,40630100
2017-10-02,34.32919692993164,34.568024514517084,33.93999492204197,34.06383069754439,30900400
2017-10-09,33.92231750488281,34.74494506386693,33.66580188242479,34.320363642177256,41502000
2017-10-16,33.26776123046875,34.05500629054828,32.011704698376825,33.86925252060735,81802400
2017-10-23,32.5512580871582,33.480029741111295,32.24166866059773,33.3119673915887,45453300
2017-10-30,33.17045974731445,33.69234178230982,32.49820658111596,32.60435110751074,33001000
2017-11-06,31.81709861755371,33.26775251086354,31.14484223452978,33.064307476974754,42438800
2017-11-13,31.472131729125977,31.932092437587922,30.773339947223764,31.578276248442315,42540500
2017-11-20,31.702106475830078,32.02054335172682,31.33059566252626,31.507505412943658,19569300
2017-11-27,31.13599967956543,32.02054510583562,30.030317896727688,31.737490839371006,68570200
2017-12-04,33.30313491821289,33.60388048248769,31.29521650000656,31.47212625092224,59453500
2017-12-11,33.93998718261719,33.98421375317269,32.81661474429797,33.17927802168677,41021900
2017-12-18,33.400428771972656,34.19652088521416,33.19698375953816,34.05499377333484,39737300
2017-12-25,33.38274383544922,33.68348939700363,33.12622486765546,33.426970429209874,16832200
2018-01-01,35.10761260986328,35.24029579564453,33.52427859718757,33.76310293275608,32380700
2018-01-08,33.630409240722656,35.4968001710207,33.13506270909741,34.983762330308245,56430000
2018-01-15,33.993080139160156,34.514962062391255,33.064308139992384,33.67464325389739,46802000
2018-01-22,36.16905212402344,36.18674343266018,33.904618606873754,33.93115388269282,45989300
2018-01-29,39.18535614013672,41.56478515818867,35.549874414934514,35.903693884869185,82451600
2018-02-05,36.85017013549805,39.31805320779634,35.76217943544985,38.93769832392497,80138500
2018-02-12,38.33620071411133,38.601563679629145,36.832472743812794,37.10668305360267,51966100
2018-02-19,38.63694381713867,38.734244352219044,37.69932446686862,38.13275320287946,43074200
2018-02-26,37.9912223815918,39.238431154804815,37.19513023942492,38.74308455809291,40582200
2018-03-05,38.751930236816406,39.18535553783825,37.69931918578982,37.84969363919611,36055800
2018-03-12,37.55780029296875,39.11460222827344,37.292437323668,38.94653642744016,52581100
2018-03-19,35.12528991699219,37.823152166257444,35.11644594946174,37.35434427888245,45287800
2018-03-26,35.59410095214844,36.416724898134746,35.01914521243322,35.647171505537884,49367300
2018-04-02,34.576881408691406,35.68256320946272,34.40881898971247,35.41720025213222,39809400
2018-04-09,35.29335403442383,36.345961583966854,34.33804362029974,34.68301570064275,54075600
2018-04-16,37.32781219482422,38.03544775731511,35.213749475638444,35.57641291230706,58922300
2018-04-23,33.81616973876953,37.593178946023976,33.60388073549067,37.46049578827004,64558000
2018-04-30,33.61273193359375,34.16114924666104,32.56012391146444,33.86925096080736,44252100
2018-05-07,33.84270477294922,34.35574271328562,33.15276045593266,33.68348970879165,39995600
2018-05-14,33.895774841308594,34.355738791572286,33.338510370413985,33.745403763440784,38319600
2018-05-21,33.559654235839844,34.338055201630254,33.143920155496616,34.04615694837961,38081200
2018-05-28,33.91347885131836,34.364595628122984,32.88740607781349,33.373905488874,34756600
2018-06-04,35.63833999633789,36.14253067542337,33.95770214987069,34.028467411490674,43955800
2018-06-11,34.399959564208984,36.054058012435554,33.99306961425325,35.62063278834807,50073000
2018-06-18,33.69232940673828,35.019147309275716,33.3031307033987,34.05499283179428,46413900
2018-06-25,32.073612213134766,33.391586240830286,31.454433180934846,33.36505096067105,53449100
2018-07-02,33.073158264160156,33.20584144913587,31.55173880667249,31.76403122777892,18690500
2018-07-09,33.26776123046875,33.55081555826647,32.53358674793021,33.20584330715511,41850600
2018-07-16,30.2514591217041,33.91347723591262,30.012631413263517,33.31198597930824,108361300
2018-07-23,29.906476974487305,30.817557528335673,29.534966204216577,30.127613293326032,58328300
2018-07-30,29.773792266845703,30.03915516063489,29.057309416769854,29.826866195312444,43441400
2018-08-06,30.154157638549805,30.48143854404142,29.57035771624993,29.77380278584058,40660000
2018-08-13,30.083385467529297,30.720259190801134,29.720722013837875,30.171842025912987,45083800
2018-08-20,30.54334831237793,30.86178516217096,30.01262247890459,30.25145011624936,38497700
2018-08-27,30.61412811279297,31.215619476337277,30.481444904200426,30.622972085371195,32206400
2018-09-03,30.065692901611328,30.879472867826447,29.313827455324233,30.428356299471922,31249300
2018-09-10,30.163000106811523,30.82640922975553,29.703039417597505,30.19838273652746,30887300
2018-09-17,30.10993194580078,30.552204729819216,29.924178186338693,30.10108460052722,69654800
2018-09-24,29.207691192626953,30.1629985249441,28.8361803486397,29.924174222569647,59074500
2018-10-01,28.51774787902832,29.32268413422044,28.39390867692141,29.27845416061707,54894600
2018-10-08,28.057781219482422,30.60527138702041,27.20861839268195,28.455825661868932,72131600
2018-10-15,25.43067741394043,28.65042177098702,25.0945509417657,27.898559614544755,71477900
2018-10-22,24.183469772338867,25.572205688595577,23.84734159776198,25.183005265925203,75495300
2018-10-29,26.42137336730957,26.607127102219327,23.31661863142021,24.519599297691236,101949100
2018-11-05,26.209083557128906,26.766348191046816,25.943720570497238,26.456756915218726,61444300
2018-11-12,24.873416900634766,26.27099853763386,24.369224615366626,26.164852349383615,65700600
2018-11-19,25.156465530395508,25.696036945920014,24.413447440125122,24.784956485260317,46766500
2018-11-26,26.40367889404297,26.43021417463411,25.129933124441216,25.474905269216883,71416100
2018-12-03,25.70488929748535,26.854799349713858,25.448372004346695,26.686735248400367,63590000
2018-12-10,25.572208404541016,26.138316943359772,24.988408552100044,25.79334476340916,59420600
2018-12-17,23.51121711730957,25.855262135025495,23.263543793170584,25.457217709641558,102841100
2018-12-24,24.979557037353516,25.333374791141726,23.007021583740126,23.484675129570178,36270400
2018-12-31,25.625276565551758,25.72257708779716,24.37806783570325,25.10339470700394,44217200
2019-01-07,26.899028778076172,27.10247384011506,25.589901830430282,25.616437115917385,54338900
2019-01-14,27.420900344848633,27.43859165320957,26.527509518253694,26.69557357341053,54061800
2019-01-21,29.82686424255371,30.737944688814835,28.597346994884642,30.37528130371625,104662900
2019-01-28,30.3487491607666,30.49912023568959,28.986548647155626,29.62342231570567,113078900
2019-02-04,31.189062118530273,31.587108131485795,30.251446370537426,30.561035839351643,64315700
2019-02-11,32.35667037963867,32.57780671616128,31.144840826018438,31.38366847437558,46848800
2019-02-18,33.16161346435547,33.170457434991164,32.25052927230179,32.3301385051167,38983000
2019-02-25,33.16130447387695,34.75056197838392,32.90382970680752,33.516446988778966,58241400
2019-03-04,31.865036010742188,33.36550938966302,31.527651003064953,33.27672207875343,65708800
2019-03-11,32.22906494140625,32.61972244984998,31.802895885105393,31.900560262216324,74230100
2019-03-18,32.539817810058594,33.241219192356866,32.12252576488949,32.237947617425995,55030600
2019-03-25,32.974857330322266,33.23233549328213,32.211303267415175,32.486538895429874,40075000
2019-04-01,33.59635925292969,34.031408733847385,33.170190199092865,33.214582173825555,38372900
2019-04-08,32.113643646240234,33.72953933599619,31.865045872535003,33.551968046110744,54931500
2019-04-15,31.94495391845703,32.62860120732307,31.465512434801763,32.184674660284664,41929600
2019-04-22,34.058048248291016,34.395433402262526,31.616452023250133,31.89168433918991,59743900
2019-04-29,33.98701477050781,34.572997667003094,33.32112496144996,34.04916421506862,45189400
2019-05-06,33.18794250488281,33.791682750645585,32.59307929792977,33.41878276972621,35631700
2019-05-13,32.76176834106445,33.418777489660215,31.72297884616968,32.451017841580935,48421500
2019-05-20,32.078128814697266,32.80616798051388,31.59868739714283,32.40663346588517,34936600
2019-05-27,32.024757385253906,32.71106625352474,31.85540976843771,32.29214961183403,28827100
2019-06-03,33.43303298950195,33.869776338319625,31.596936764053144,31.953458685462667,49567700
2019-06-10,34.68085861206055,35.15325164216697,33.468676934731256,33.56672154099708,42154700
2019-06-17,35.69694519042969,36.14259994536658,34.51150531033705,34.70759109045764,60059300
2019-06-24,35.206722259521484,35.81281294004588,34.68976116139601,35.670203568162236,42956600
2019-07-01,35.47411346435547,35.85737677862481,35.171068132144256,35.62563783049884,18529400
2019-07-08,35.70586395263672,35.99108275384966,35.01064014961341,35.3939035512576,28001500
2019-07-15,35.839561462402344,37.435006607651594,34.69868615857462,35.73260525268765,68656800
2019-07-22,36.74868392944336,36.89129328880761,35.81280979611074,35.884112775755206,38393800
2019-07-29,36.16934585571289,37.42609227849208,35.884123650472205,36.79325986696214,39931500
2019-08-05,35.92869567871094,36.77543718420028,34.35107708204409,35.65238844424046,34947900
2019-08-12,35.67021179199219,36.570433022041094,34.80564036307659,35.625646990518234,28037400
2019-08-19,34.493682861328125,36.35652009704549,34.35998505873435,36.15151929312437,29931100
2019-08-26,36.035343170166016,36.50043114530517,34.622190852028346,35.00678276585761,38077200
2019-09-02,36.106895446777344,36.74192148407034,34.90840035913089,35.82068797019272,25810300
2019-09-09,36.106895446777344,37.0370714516085,35.48081531230014,36.249999185069655,32297500
2019-09-16,36.09794998168945,36.55409204370739,35.48081238901216,35.552365958194095,32514900
2019-09-23,34.31808853149414,36.37520554053899,34.07660039307833,36.10688652403078,41507100
2019-09-30,34.264427185058594,35.30192989666231,33.49524349317178,34.496969425650185,29734400
2019-10-07,34.47907638549805,34.87261407907255,33.298470128496504,34.02293445469058,30013200
2019-10-14,34.72056198120117,35.22142654956182,34.29125095626094,34.47013140295122,28960400
2019-10-21,32.05525588989258,35.2035403465266,31.473895255066672,34.84577943096282,50416900
2019-10-28,31.52756690979004,32.439854361709486,31.3844631964612,32.03737410176537,36810400
2019-11-04,31.429180145263672,31.98370656696354,31.017757426320586,31.527564580632973,44307500
2019-11-11,31.545455932617188,31.82272087543774,30.874656623221234,31.321856162818538,28635000
2019-11-18,31.411287307739258,31.670663798461945,31.071418194234617,31.42917569453333,34292700
2019-11-25,31.89360809326172,32.80049126405829,31.73198480733946,32.764577642371876,33080800
2019-12-02,31.300987243652344,31.983393937599562,30.941823662477326,31.830751642004724,39671000
2019-12-09,31.857683181762695,32.11807656982611,31.031611857856074,31.29200182068221,34220900
2019-12-16,32.495201110839844,32.62988831546357,31.66912963651216,31.938500620521715,57500200
2019-12-23,32.387451171875,32.79150933268223,32.315620512863525,32.5221383672233,18215900
2019-12-30,32.2886848449707,32.77355469539811,31.911566133685874,32.477244200613114,22913700
2020-01-06,31.327922821044922,32.39643257436669,31.238133639781214,32.12705818010015,35257700
2020-01-13,32.16297149658203,32.3156171973314,30.98671417696708,31.29200215322851,45219100
2020-01-20,31.74993896484375,32.387451046517825,31.51648161717533,31.965434366281745,32172300
2020-01-27,30.133710861206055,32.7286572984263,30.10677136610743,31.23813425359195,78114600
2020-02-03,32.50418472290039,35.242796228887315,30.26839818114771,30.304315228661064,131106200
2020-02-10,34.246124267578125,34.326935920932854,31.86667611922406,32.48622984478462,50833700
2020-02-17,34.299983978271484,34.964431998279764,33.35718407541612,34.371814622893226,46457400
2020-02-24,31.246116638183594,34.15965428876899,30.40723388642025,33.94317041531666,79702800
2020-03-02,32.82466506958008,34.76401877031514,30.92139316814934,31.228081580336518,70081500
2020-03-09,30.65980339050293,33.02310577850499,29.32480457614232,30.68686301479768,82266100
2020-03-16,24.877832412719727,30.614706318307487,24.54408263402222,27.854512188238143,95832900
2020-03-23,27.223093032836914,27.845490267476315,23.470672167444626,24.58016161840742,89560300
2020-03-30,26.528535842895508,28.44984866078295,25.52728826961684,27.619986194749035,68038000
2020-04-06,30.515485763549805,30.75902931281843,27.313298251890824,27.665087201889794,50937200
2020-04-13,33.78982925415039,33.95219390247484,30.632744222652153,30.930413891563514,65745700
2020-04-20,35.494659423828125,35.65702409412414,33.62746915637399,33.798855997769834,66917800
2020-04-27,35.40446090698242,36.40570863222875,33.87101859989121,36.11706107335868,77424400
2020-05-04,38.02033615112305,38.28192065544723,35.2330801545537,35.431523215666815,55195000
2020-05-11,37.98424530029297,38.66076355159446,36.81161435289367,37.77678011614115,58670100
2020-05-18,39.192955017089844,39.2380555421668,38.074443414053974,38.42623232698355,49925100
2020-05-25,41.227325439453125,41.3269089016914,38.801123363518535,39.82411240272675,49473200
2020-06-01,44.19670486450195,46.966921546716556,40.747513809989464,41.10058338447585,75096900
2020-06-08,43.14655685424805,45.57275882459798,42.41326330794902,43.72594775102854,53048500
2020-06-15,43.71690368652344,44.45019390362874,42.223158471739836,42.49474756894338,79699200
2020-06-22,46.070682525634766,46.42374871312109,43.463419478396155,43.762169916080204,62552900
2020-06-29,49.212074279785156,49.68283036634993,45.37360343349551,46.23363852523034,40842000
2020-07-06,53.657081604003906,54.79775702558743,49.737134585276415,50.23505188581112,58823600
2020-07-13,52.62504959106445,55.27757683222228,51.81933376179095,54.580495952635275,47767700
2020-07-20,49.90008544921875,53.91056074043766,48.92236421653477,53.15010935793145,49957700
2020-07-27,50.0449333190918,51.946063507850305,48.57834973889215,50.452318606214476,50101800
2020-08-03,49.98155975341797,51.53867522550829,49.59228088539539,50.416102883280935,36950900
2020-08-10,50.959285736083984,52.14522531356118,48.61456099482323,49.990616002574896,37029200
2020-08-17,52.69746017456055,53.466966487355506,50.968339018823144,51.321405117901364,30948200
2020-08-24,49.130592346191406,53.37644472668596,48.9314253994647,52.92379508662904,38093500
2020-08-31,47.70505905151367,50.32002739274752,46.26137709777574,49.03070315745696,54564400
2020-09-07,47.91389083862305,49.57548501012255,46.279534836993804,46.46112725433335,35962500
2020-09-14,44.13671875,48.64936107279432,43.07438491250612,48.386047172667624,50254800
2020-09-21,47.65058517456055,47.8775791989041,43.33769871203301,43.51929462423864,37541400
2020-09-28,46.9242057800293,49.35758203908507,46.479295960811804,48.304329886930624,34736500
2020-10-05,50.3472785949707,50.71954868076932,44.93574153089424,47.16028034447024,39201000
2020-10-12,50.69230651855469,52.971324969265986,49.51193483642253,51.02825670038341,35492800
2020-10-19,48.84003829956055,51.663844701046976,46.82433012334237,51.23709479903397,30584800
2020-10-26,43.24690246582031,49.12150545756696,42.665798317980205,48.56764294791894,56019600
2020-11-02,46.02530288696289,46.461130957895016,42.865546774964784,43.755362852741236,56806900
2020-11-09,44.19119644165039,44.71782425790145,41.18579767780718,43.58285409907146,70400400
2020-11-16,44.481754302978516,45.444206830998105,43.54653648816436,43.991446337579355,60093600
2020-11-23,46.61549758911133,47.15120367810225,44.58162940578779,44.6542691633174,24680700
2020-11-30,46.424224853515625,46.9433889375888,44.95781267852633,46.47887151006086,37330600
2020-12-07,44.74832534790039,46.46065441201888,44.3293479624838,46.3695743355487,27911700
2020-12-14,48.32783889770508,49.99462832530882,44.83941623131784,44.83941623131784,46889000
2020-12-21,45.650028228759766,47.98171492961588,45.48608131759508,47.92706480106696,19756100
2020-12-28,45.768436431884766,46.91606136886733,45.47697602012786,45.99614009572499,23200200
2021-01-04,49.621185302734375,49.68494205488549,45.95060310968109,45.97792643932231,41404400
2021-01-11,50.47734832763672,51.65230010871656,48.70126246610009,49.34794006053047,43615600
2021-01-18,51.42458724975586,52.408268604547835,50.38625924712989,50.595746170950775,22323400
2021-01-25,51.47013854980469,55.14983087045186,50.3771636600526,51.91643929355666,51461600
2021-02-01,56.679996490478516,59.0663299527421,51.59765243920858,51.761599357747826,68852800
2021-02-08,57.390438079833984,58.34679290928337,56.16994612883226,57.017004156925836,28577100
2021-02-15,56.45228958129883,58.29213552576875,56.35209941744679,58.2739188164791,21163500
2021-02-22,51.55101776123047,56.91444607864012,51.39569023710623,56.74084062756795,36011700
2021-03-01,49.12055969238281,53.63424444646917,47.06473263214288,52.17232089011423,43191300
2021-03-08,50.98451614379883,52.05354814808034,48.83732014415886,49.22107289895704,34145500
2021-03-15,54.57536697387695,54.93170984969768,50.810919370280445,51.03020568517329,35387300
2021-03-22,55.58042907714844,55.76316647420283,52.06267841597247,54.74895788728577,32800000
2021-03-29,57.663673400878906,57.782455512447015,53.954045910268924,55.62612049256007,26217700
2021-04-05,57.07889938354492,58.45858628253528,56.12864956033047,57.88295370888714,26667200
2021-04-12,59.32661437988281,59.38143421671781,56.768251924618575,57.078910446825226,29119200
2021-04-19,55.653526306152344,59.491071102272414,55.22408573209468,59.05249156657931,27805400
2021-04-26,50.975379943847656,57.44438125166196,50.207870959650094,55.7357613469635,59082300
2021-05-03,54.62104034423828,54.83119113935669,51.276895088172516,51.32257943746044,47142800
2021-05-10,55.607852935791016,56.92358134622015,53.04949039498771,54.42004212957805,44690800
2021-05-17,55.754032135009766,57.27991104156979,53.97231459347233,55.562155772896084,40350100
2021-05-24,55.79487991333008,56.949634410825674,54.365180705703295,56.124810768633736,49072700
2021-05-31,59.78154754638672,60.3864161985355,55.65741481355203,56.38142945195182,32436100
2021-06-07,61.52284622192383,61.78862430117584,59.37830219174245,59.85486520107077,29598300
2021-06-14,57.97608947753906,61.64198554495087,57.86611367929766,61.63281885572466,35418700
2021-06-21,62.2285270690918,62.4943051164616,58.06773821022972,58.08606809240015,30778200
2021-06-28,64.22642517089844,64.85878674344539,61.92607613880174,62.55844470348231,32654800
2021-07-05,63.65821838378906,64.6296775971585,62.6684257934874,64.29058703739311,22977000
2021-07-12,62.48514938354492,64.43723498006344,61.990252966370576,63.98816502438419,25461600
2021-07-19,67.3974380493164,67.60822296372274,61.66031402276368,61.96275184827061,34273500
2021-07-26,62.51262664794922,67.93814549062672,62.39348766719491,66.80172085285356,37912500
2021-08-02,60.01982116699219,63.56657456968428,59.81819596690302,63.062511569461364,38313000
2021-08-09,67.83732604980469,67.95647201067179,59.63489577882825,60.24893098959278,53235000
2021-08-16,67.23247528076172,70.15602705970147,66.04105731027319,67.56240619590821,39656500
2021-08-23,70.02770233154297,70.18350105685717,65.78442804561378,67.2782834475493,26862400
2021-08-30,70.30087280273438,71.49506267131589,69.72215390184515,70.20901366093655,27555700
2021-09-06,66.65399932861328,70.23656145421985,66.5805162298929,70.1906353935699,22949800
2021-09-13,68.07784271240234,68.99644805785815,65.24853656638182,67.02144516344764,38621500
2021-09-20,67.04900360107422,68.35342854521707,64.99132954668391,66.7642381807317,26860400
2021-09-27,64.21969604492188,67.80225089386435,63.40213092910477,66.81016255560435,23266000
2021-10-04,68.94132232666016,69.76806139110451,62.72236126441055,63.77875863480229,25429700
2021-10-11,68.80353546142578,69.58434853171846,68.16050757358325,68.61062919759361,18284100
2021-10-18,74.0303955078125,74.58156427774429,67.8757429886598,68.59225397948869,29020500
2021-10-25,70.47537994384766,74.46212246211043,64.80758851670252,74.03037697102476,54887900
2021-11-01,69.41899871826172,71.29295427618327,67.84818457597495,70.24574484799209,35031300
2021-11-08,67.89411926269531,70.30086059864792,66.62643949738084,69.62109465726608,30759200
2021-11-15,68.55550384521484,70.34678819789164,67.04899187146498,68.4085306569571,33080200
2021-11-22,66.5713119506836,69.06991891521527,65.13829025389657,68.37177708491362,23895200
2021-11-29,61.75002670288086,66.9165840738772,61.040887519858124,66.80606696025173,60239700
2021-12-06,61.6026725769043,62.3578553123557,60.35938486963199,61.82369978509469,31507000
2021-12-13,58.968746185302734,62.10920603655136,57.992536155919346,61.21587858264594,53428100
2021-12-20,59.760765075683594,60.267293099665224,57.85438864429683,57.93727472884253,29840700
2021-12-27,61.243507385253906,62.30260703853538,59.83444736210657,60.05547459432032,24848500
2022-01-03,61.07773971557617,62.15525545682126,59.014802334449506,61.19746134471578,34872800
2022-01-10,58.43458938598633,61.69476707751146,57.68861464869378,60.52515744052445,26591100
2022-01-17,54.833648681640625,58.64640092523334,54.677084541518006,57.835959731640486,26980100
2022-01-24,52.99174880981445,54.99943088731022,51.49059125355897,54.308714672937754,34528800
2022-01-31,54.603424072265625,55.82829242411309,52.4299696592453,53.16673297387136,38840300
2022-02-07,53.765350341796875,55.8651264792577,53.461433525498975,54.50211359062837,22811300
2022-02-14,51.07616424560547,55.248092848984086,49.98022904342026,53.90349585821455,27599000
2022-02-21,50.284141540527344,52.264196193658634,45.614899976614,50.76303856159083,50884500
2022-02-28,51.260353088378906,51.978696835142706,49.18820442210084,50.026273297713395,41516800
2022-03-07,46.29405212402344,52.21258627318852,46.238564576551475,51.324806679972134,57904800
2022-03-14,51.805694580078125,52.406793877258856,46.2478164552838,46.4235252801415,42257000
2022-03-21,53.10035705566406,53.682963860421175,50.53874410755765,51.39878154819655,31501600
2022-03-28,53.36854934692383,55.84693664211662,52.647228882466464,53.10036483095598,32771300
2022-04-04,50.89016342163086,53.97889969936845,49.456768614668036,53.71071870390396,26798000
2022-04-11,50.07636642456055,51.99988886028374,49.90065762291123,50.270567547488476,16328400
2022-04-18,49.17008972167969,51.65772684694736,49.08686368893385,49.78044218359701,23074900
2022-04-25,48.01411819458008,49.9838818048615,47.644211837500805,48.9481390662286,29710600
2022-05-02,45.138092041015625,50.39079372826277,43.49199659622182,48.06036944214134,54265300
2022-05-09,43.14057540893555,47.089345101342055,41.790406853550536,44.46299843106586,42907900
2022-05-16,40.97661590576172,43.57522089528967,40.0240991066655,42.992617539954324,33642800
2022-05-23,45.147335052490234,45.15658474111089,40.33852353702188,41.374269943734966,36954100
2022-05-30,43.74460983276367,45.797605104960724,43.15007758594568,44.99870106941465,36259600
2022-06-06,41.13423538208008,45.295964396583145,41.13423538208008,44.58067026757531,28770000
2022-06-13,39.21129608154297,40.92057806064987,37.64135914795834,39.95446138904777,53893700
2022-06-20,42.42548370361328,42.527669586883825,38.85829060996671,39.6664825737653,40660600
2022-06-27,39.842979431152344,42.67629858705242,38.10583021129612,42.611271857260924,25178600
2022-07-04,40.075225830078125,41.7659281901309,38.91402895950937,39.25774224096407,22790100
2022-07-11,40.511837005615234,40.83697071204408,38.291629155079804,39.96375194071259,25209800
2022-07-18,43.36373519897461,44.004714580736675,40.270305107502544,40.85554930874971,20773100
2022-07-25,45.17520523071289,46.19705708616088,42.03532781803793,43.36373735633534,24155900
2022-08-01,43.921104431152344,47.2096144546622,43.345151839409944,44.45060986195752,34898200
2022-08-08,45.92765808105469,46.00197638292764,43.679582604773124,44.24624725363349,23177300
2022-08-15,43.72602844238281,46.605795222276534,43.24297012596802,45.67683773925384,20768500
2022-08-22,41.36647415161133,43.856080403339035,41.347894577351695,43.38231366263845,20047800
2022-08-29,41.18012619018555,42.440455066894245,40.73200917710429,41.32016075353238,24966800
2022-09-05,42.104373931884766,42.16038990401215,40.07851101773842,41.2828277085916,21245200
2022-09-12,39.21028137207031,42.804555739982916,38.407403612259905,42.35643866594598,34375300
2022-09-19,35.65334701538086,39.08891477173525,35.00917939655862,38.99555838453824,31302900
2022-09-26,34.365013122558594,36.50290438810328,34.31833136581538,35.6253422056286,25487500
2022-10-03,35.05586242675781,36.997706887966,33.776861226844154,34.48637912685891,37614000
2022-10-10,34.6170768737793,35.90541205846543,33.534122883429845,35.39194482735275,31322300
2022-10-17,35.858734130859375,36.70829004643098,34.61707712870908,35.485301472035864,25954700
2022-10-24,37.641868591308594,37.93127908349278,35.10253502749785,35.858734568246206,32180400
2022-10-31,37.40847396850586,38.211351699732575,35.48530181141205,37.669874695391655,41735500
2022-11-07,43.42071533203125,43.86883594850058,36.75496834951058,37.688546438072414,34860300
2022-11-14,42.645851135253906,43.99954019543796,41.60957879565565,43.262012585647724,24327400
2022-11-21,42.048362731933594,42.73920860147509,41.460207472272344,42.347107469246374,15224500
2022-11-28,42.41090393066406,43.245985301805945,40.8439505568412,42.22324435101999,28305700
2022-12-05,40.94715881347656,42.14817425870954,40.102696170787766,42.08249395025513,26804400
2022-12-12,38.470062255859375,43.03017264717009,38.11350945713532,41.00345731539959,35282400
2022-12-19,37.6912727355957,38.93920562178334,37.04385108730247,38.54512381307649,22492400
2022-12-26,38.911067962646484,39.33329755803154,37.250286528389516,37.63498706993092,18320400
2023-01-02,42.32646179199219,42.64548203746034,38.97675100423116,39.48343084926455,17280200
2023-01-09,43.40549087524414,43.91217063447438,40.64690704050487,41.99804948581029,23926400
2023-01-16,43.78080368041992,44.4751429070398,42.16693664184421,43.377336920775996,17695000
2023-01-23,45.97642135620117,46.633228091437225,43.461792309966285,44.04353378206279,22129200
2023-01-30,47.53398513793945,49.007106779967174,45.328995148213686,45.33837651553692,23155600
2023-02-06,45.113197326660156,47.29004008964847,44.70973044065455,46.94286857795397,16926900
2023-02-13,45.2633171081543,46.595693251968996,44.803551341482056,45.225784478362975,21644400
2023-02-20,42.28892517089844,45.79814754033812,41.012844309284006,44.934914895412966,31593700
2023-02-27,43.199073791503906,43.45241370172834,42.298312052467445,42.523500697572075,22649400
2023-03-06,39.66997528076172,43.50108848917937,39.320831620174836,43.35954697240579,26014300
2023-03-13,39.68883514404297,39.924741194020214,37.867640150247354,39.27363819231299,35584500
2023-03-20,40.255008697509766,41.60439160721891,39.311384486504245,39.72657784347602,26760900
2023-03-27,41.86861038208008,41.91579087850296,40.15121439487078,40.35881289870085,17968700
2023-04-03,41.113704681396484,42.11394759460767,40.802310577999755,41.661008426259365,14515000
2023-04-10,41.07596206665039,41.67044634649278,40.09459559155092,40.66076869640219,18739700
2023-04-17,40.67964172363281,41.896917861972966,40.34937107853884,41.519466724620095,18210000
2023-04-24,43.81248092651367,44.03894876540435,40.74570164425516,40.84006264385271,36556900
2023-05-01,43.05758285522461,43.736989982968616,41.783687741376866,43.425595799344585,21450000
2023-05-08,42.378170013427734,43.765298979416656,42.1233910033701,43.208560461062845,19402400
2023-05-15,41.02878189086914,42.916030387779266,40.53809684971561,42.37816485413114,21728700
2023-05-22,41.859161376953125,42.03844864177239,40.50977876379155,41.44396451158654,24247400
2023-05-29,42.128936767578125,42.214352644793294,39.870164163747525,41.99606842977468,22479300
2023-06-05,43.47660446166992,44.16942044952347,42.034027367090786,42.48957745689626,26221000
2023-06-12,42.76481246948242,43.581004226465176,42.119448851112224,43.51457005578508,28672500
2023-06-19,41.160888671875,43.16341351299089,40.91413372073215,42.641429239903395,17777500
2023-06-26,42.41365051269531,42.831240809137704,41.05648929003811,41.246302732021896,20987100
2023-07-03,42.005558013916016,43.4955913623622,41.3317236518814,42.38518494428548,14990600
2023-07-10,44.13146209716797,45.108996550687735,41.87268947504438,41.88218213947332,22976800
2023-07-17,45.87773895263672,46.836291687258935,43.61896635509171,43.71387489639483,36806000
2023-07-24,42.71735382080078,46.95966954718987,41.09445582816261,45.934682675141225,43064500
2023-07-31,40.8571891784668,43.31526416294772,40.62941593116745,42.84073234061851,26245400
2023-08-07,42.233333587646484,42.31874946331353,40.35418794336212,41.12293082436552,22037100
2023-08-14,40.80025100708008,42.09097462804037,40.07896055084704,41.95810628620555,20345200
2023-08-21,41.36968231201172,42.09096905230608,40.58195778921009,40.800245602326186,24008000
2023-08-28,43.04323196411133,43.46316827876757,41.56391979199949,41.88841438026586,23954300
2023-09-04,41.449398040771484,42.83327228346489,40.85767383326596,42.83327228346489,19790000
2023-09-11,42.527862548828125,42.756915417944974,41.34441058929204,41.707081879578375,23897400
2023-09-18,41.1630744934082,43.14821502605608,40.89584130654308,42.317892050042225,35181500
2023-09-25,42.07929229736328,42.56603233747872,40.47590777351447,40.89584042853033,23441300
2023-10-02,41.048553466796875,42.03158341798244,40.199141958842695,41.907510969632746,19746900
2023-10-09,39.88418960571289,41.82161134390575,39.3879034990333,40.69542434042705,29185100
2023-10-16,38.90115737915039,40.88630168510668,38.83434998815473,40.21822413442025,21796000
2023-10-23,36.25748825073242,39.24474367654494,36.200223207536595,38.60530041081021,25628000
2023-10-30,38.69119644165039,38.86298793177948,36.27657322627154,36.648790548704625,30490100
2023-11-06,38.03266143798828,39.11112943532337,35.4748810574784,38.78663480075928,49419800
2023-11-13,38.30943298339844,39.531058000835564,36.839663108838316,37.822692903241375,34013000
2023-11-20,39.588321685791016,39.95099296572129,37.20233312969901,38.185359249775445,30755900
2023-11-27,40.07343292236328,40.22708121431612,38.58496440720807,39.698915439682246,36352200
2023-12-04,39.650901794433594,40.53437857426072,39.3628116994145,39.91978539468284,25635900
2023-12-11,40.092647552490234,41.22580530931044,39.01710929056877,39.12274319958395,71990500
2023-12-18,42.080467224121094,42.51260420466836,39.871771578647106,39.88137299454177,26368800
2023-12-25,41.8884162902832,42.09968412482794,41.389058285255366,42.08047762502703,13433500
2024-01-01,41.09135818481445,42.44538500254982,40.7072355948942,41.542698015216565,19646200
2024-01-08,39.57408142089844,41.27381798451703,39.43003818461777,41.27381798451703,23111400
2024-01-15,39.497257232666016,39.718126448498495,38.56576229624084,39.19956203049286,22984700
2024-01-22,40.995323181152344,41.18738446428507,39.25717754379869,39.67010802039155,31282900
2024-01-29,40.27510070800781,41.091360338555226,39.15154811798821,40.99532785440952,27452600
2024-02-05,40.74565124511719,41.187389688062936,39.31479835073148,39.91979018718789,24272900
2024-02-12,41.72515106201172,41.82117986213621,39.122731748040565,40.79365631509574,29762100
2024-02-19,42.26292037963867,42.87751718717233,41.26420835183268,41.293016260700284,28060400
2024-02-26,46.14255142211914,46.430641545791524,41.93642389405536,42.30134000444821,66757100
2024-03-04,48.62901306152344,49.37239926585123,46.379548968343855,46.51470942679504,48141800
2024-03-11,50.3957633972168,50.9943327271233,48.63867005118591,48.64832279139649,47492100
2024-03-18,49.64271545410156,50.64676973959373,49.47859310814304,50.38610158761907,31263900
2024-03-25,50.955711364746094,51.100528239201104,49.12138515777721,49.555832098296136,23374200
2024-04-01,50.26060104370117,51.09087293584557,49.55583318379773,50.830208448670554,23584400
2024-04-08,49.536521911621094,50.83020628393917,49.285506492136946,50.23163331922837,20340700
2024-04-15,48.64832305908203,50.10613358960437,47.70219615084755,49.83580898521856,25246000
2024-04-22,50.22198486328125,50.386107227610886,48.64832303610612,48.88002931363505,23198900
2024-04-29,47.933902740478516,51.052260830128255,46.842958941263525,50.35714567553514,38744200
2024-05-06,49.23724365234375,49.32413305316175,47.54773038976332,48.08837595961385,22207400
2024-05-13,49.700645446777344,51.20672695104797,49.275854927399216,49.37239705544321,22270700
2024-05-20,52.52937698364258,52.703155772730355,49.25654926056677,49.67168706973797,24132700
2024-05-27,52.612213134765625,53.51463609990238,49.856427631875086,52.53458360153328,26946800
2024-06-03,51.506019592285156,52.6413237847085,51.22461807906604,52.44725364795118,25164500
2024-06-10,50.58417892456055,52.728644430440916,50.409516207182314,51.08875969681109,22745800
2024-06-17,52.544288635253906,53.32056545216227,50.18634525905861,50.46774306035175,25136400
2024-06-24,52.127037048339844,53.70869984221308,51.10816983433919,52.70924371212905,24896000
2024-07-01,51.30223846435547,52.311400107053274,50.487146937804106,52.25317796173547,14165300
2024-07-08,52.58309555053711,53.019752382334794,50.60359074902017,51.24401953513026,17136800
2024-07-15,52.01059341430664,54.038618624504565,51.91356020297037,52.117332167724385,18120400
2024-07-22,52.57339859008789,53.20412559473379,51.52542209650639,52.18525832544736,22965700
2024-07-29,54.53349685668945,55.96960983335812,52.14644435634475,52.825684229270706,29937700
2024-08-05,54.8440055847168,55.096294142443185,52.932421064633864,53.27204469037963,22372100
2024-08-12,53.854251861572266,55.48443491675163,53.17500830498426,55.06718546205813,21983100
2024-08-19,57.134029388427734,57.59979547971629,53.650483693767605,53.786331674362614,18935400
2024-08-26,57.612945556640625,58.34407432623613,56.22867687118882,57.45697156787545,20186200
2024-09-02,57.71044158935547,58.285596469504554,56.95981547670572,57.41799077475899,17235900
2024-09-09,61.84375,62.29217851373523,57.15477943011344,57.856660586191026,28057700
2024-09-16,61.14187240600586,63.325508581241046,60.683697117300476,61.84375360297456,41999100
2024-09-23,62.3896598815918,63.79342960890426,61.13211740711222,61.190609051988076,23397700
2024-09-30,64.6220474243164,64.79751865824026,62.33117463418343,62.33117463418343,22093600
2024-10-07,64.6610336303711,66.01605842758394,64.13461999558363,64.54405034349827,17841600
2024-10-14,63.31576156616211,66.09405741513805,62.84784322181086,64.57330420242656,20338500
2024-10-21,61.51230239868164,63.71543929546762,61.42456679272621,63.18902565973503,19024000
2024-10-28,56.64786148071289,62.12645238884051,54.912650273926474,61.99972235233067,33294500
2024-11-04,60.33275604248047,61.054138191103185,56.589375937553164,56.589375937553164,25335300
2024-11-11,59.88432312011719,61.3075862895017,59.42614788281276,60.439980709790774,21055400
2024-11-18,61.64878463745117,61.8340026024814,58.6072860244335,59.84533129059604,16998800
2024-11-25,61.9576530456543,64.52250087000573,61.91849420839879,62.407968470915776,16849300
2024-12-02,62.28070831298828,63.12260843313276,59.87249567541349,61.87933954005915,16290000
2024-12-09,62.49607467651367,64.66933788666084,60.55775702370508,62.38838974007003,23349900
2024-12-16,63.64143753051758,65.11964423595418,61.282168303160105,62.14364394018416,33793200
2024-12-23,61.487762451171875,63.798077993027995,61.14512820309525,63.43587179375552,9441200
2024-12-30,60.31301498413086,61.63459390624726,59.46133087286456,61.145119678146074,12662300
2025-01-06,64.51270294189453,70.01438833089468,60.499012143788,60.70459041755077,39666900
2025-01-13,64.7966079711914,65.07071237465586,62.84849494739727,63.14218250470051,19651900
2025-01-20,63.44565200805664,64.71828808795571,62.163231820356415,64.51270979236303,15952000
2025-01-27,66.0594482421875,66.53913091720533,62.94639170514577,63.318389447374074,17462500
2025-02-03,66.4020767211914,67.20481417036162,64.74765141168359,65.19796681304403,16448000
2025-02-10,68.42850494384766,68.55576556622268,65.66787033946234,66.60766004853132,16837600
2025-02-17,67.92923736572266,68.79070937659473,66.0986009402369,68.51660498535291,14148500
2025-02-24,63.37712860107422,70.10250799444498,60.254283993825204,68.21313694752854,47658600
2025-03-03,69.0256576538086,69.23123593310599,63.386912461708306,63.64144115126966,32419500
2025-03-10,64.19551086425781,70.29251559257827,63.00561333322966,69.17144735812981,28348700
2025-03-17,64.68720245361328,66.870323023328,63.80215256012783,64.23484528642031,34402400
2025-03-24,66.0442886352539,66.73265668130252,63.79233102368201,65.2379039203841,21832600
2025-03-31,61.36336135864258,67.82421481282832,61.31418899872241,65.90660531567303,29338800
2025-04-07,63.507144927978516,64.24468530186373,57.73465956741672,60.18329525929833,39349800
2025-04-14,65.15924072265625,66.24096518777847,63.182630266495686,63.95950708760008,19302000
2025-04-21,66.7031478881836,66.91949424767054,63.60547706470283,65.1690589312071,24441100
2025-04-28,67.4603500366211,69.27961457608758,63.92015816202321,66.87031930796275,41619700
2025-05-05,68.3552474975586,70.34168637308083,67.01784028333903,67.18501430945422,22389800
2025-05-12,70.64653015136719,70.70553848291712,66.74248941854228,69.6238141047177,27283400
2025-05-19,70.72520446777344,71.72826359686769,69.54514284811424,69.91882727705493,20755000
2025-05-26,72.24244689941406,72.41029005918391,70.78121257614359,71.6006852225937,22541400
2025-06-02,77.61348724365234,78.49220440099889,71.90675962576437,71.91662743549334,29919900
2025-06-09,76.37934112548828,78.82789901288459,75.75733007653163,77.31729537064703,25292800
2025-06-16,76.63604736328125,77.25805841253752,75.8856794471848,76.82363369279537,27705900
2025-06-23,72.82498168945312,76.96186193113327,71.91663836681404,76.5175693800631,34310300
2025-06-30,75.39202117919922,76.09301994276547,72.74599396399407,73.298892699724,17193500
2025-07-07,76.13250732421875,76.71502450954075,74.16773588420563,75.2044209257142,19244500
2025-07-14,77.14944458007812,77.43576925035465,74.81936091333333,76.27072741698224,22012500
2025-07-21,80.39773559570312,82.47111299274381,77.29754107582691,77.62335956851757,25100400
2025-07-28,90.57704162597656,91.61373415204027,76.14237913266032,80.16078484837917,54254100
2025-08-04,91.95929718017578,92.31473419251533,89.60947029431273,90.7251429797411,27982800
2025-08-11,99.42346954345703,99.86776962066634,91.62362022504729,91.93956343136757,31787100
2025-08-18,97.96222686767578,99.57156126364937,96.57009728762705,99.36422425798501,26565200
2025-08-25,89.74181365966797,98.78433111591343,89.44468511108802,98.56643785446052,32709200
2025-09-01,91.77217864990234,93.29741643739472,87.1073010273687,88.56321738081374,22364000
2025-09-08,89.93000793457031,92.69326905710906,88.49389649415876,92.07921438823108,23737200
2025-09-15,90.23703002929688,90.53415860145138,87.19644554026208,89.65267918573792,32209600
2025-09-22,90.26673889160156,93.47569262362725,88.94948051094372,90.32616158188009,26668300
2025-09-29,91.286865234375,91.37600682269378,85.5226302516241,90.62328669720632,33526700
2025-10-06,87.70155334472656,93.74310414250785,87.18653153931723,90.66290227880542,24436400
2025-10-13,91.12840270996094,92.54470138032161,86.0673638809563,88.01848941526012,27917700
2025-10-20,96.2686767578125,97.82363352608665,92.14853965944965,92.237673698892,23912600
2025-10-27,80.53092956542969,100.15112610196334,79.94658625025136,96.4766742026852,45585700
2025-11-03,82.99706268310547,83.10600930864305,78.35199809554342,79.8871495962694,25651500
2025-11-10,83.04658508300781,87.80059664043831,82.59099350516712,83.49227791693177,25622900
2025-11-17,80.06542205810547,83.63093444240818,79.0155809428902,82.40281015168482,20495200
2025-11-24,82.2860336303711,83.00165199014302,79.45338394206735,80.71564973897739,14705000
2025-12-01,81.96797943115234,83.27000260743813,79.72173466487489,81.2225449257151,16983700
2025-12-08,84.84038543701172,85.13856226879967,81.75925770132743,82.63389811404596,20423600
2025-12-15,84.1446533203125,85.02923502191683,80.71564993522689,84.78075684544478,33228200
2025-12-22,84.69129943847656,84.83044660849549,82.99170964785792,83.82659266797148,9993800
2025-12-29,86.530029296875,87.9115672164915,84.49251299857545,84.74099115077915,15486000
2026-01-05,90.35660552978516,91.6884448833964,86.11259413263174,86.22192513425082,21023200
2026-01-12,92.46369171142578,97.37362258092429,89.45213762466757,89.90933652923945,21654100
2026-01-19,93.04016876220703,93.65639736811355,90.03854815179888,92.00649864082457,17823400
2026-01-26,90.66471862792969,96.71764339257726,90.4162404504065,93.56694192149189,17458200
2026-02-02,86.02313995361328,93.99431579795657,80.72558389007806,91.18154127458405,33719200
2026-02-09,81.87852478027344,87.96127318095475,78.80733820394184,85.77466829325307,26849600
2026-02-16,87.53388977050781,88.11036094709642,77.55500551388374,81.03369990764314,42101000
2026-02-23,90.30690002441406,90.33671618933393,82.04748869174945,86.96735306026382,30642200
2026-03-02,92.45368957519531,93.99940743090634,85.28356488177373,89.17278431848048,23223000
2026-03-09,91.08747100830078,92.94232932298782,89.68137315521324,91.48636666028864,22089200
2026-03-16,88.7340087890625,94.91686519434508,87.91627606954702,91.6559088005572,29908000
2026-03-23,87.73677062988281,91.62598246095769,86.95892065536582,90.22985903867544,25832500
2026-03-30,93.8797378540039,94.40827138689029,87.16834802230387,88.79383894906982,16132500
2026-04-06,95.1362533569336,98.2276814022475,94.01934703245743,94.15895937197922,21693700
2026-04-13,104.36067962646484,105.10860612984376,94.71741573555849,95.35564574311101,22368500
2026-04-20,97.66923522949219,107.04324168391086,97.02103071297121,103.71247917768933,27951800
2026-04-27,103.78227996826172,105.80666646068039,96.01381587352721,98.01826100709867,41336000
2026-05-04,107.39228057861328,111.07207395962655,104.31081929603721,108.83826883725858,45912700
2026-05-11,115.8089370727539,116.5070063743941,105.24821849442489,107.60169450096824,32055000
2026-05-18,115.42999267578125,118.98014811521344,112.39839627479904,115.29038033434078,27236100
2026-05-25,109.2699966430664,116.66999816894531,108.06999969482422,116.0999984741211,22944300
2026-06-01,109.3499984741211,112.0,107.52999877929688,109.91000366210938,20574200
2026-06-08,108.61000061035156,110.30000305175781,105.80999755859375,109.0199966430664,16011400
2026-06-15,108.23999786376953,111.44999694824219,107.1500015258789,109.25,19115900
2026-06-22,107.87000274658203,111.86000061035156,104.87999725341797,106.51000213623047,18123400
2026-06-29,114.83999633789062,115.9800033569336,108.41000366210938,109.0,9816000
2026-07-06,117.19999694824219,118.05000305175781,112.30999755859375,114.38999938964844,10978500
2026-07-13,112.05999755859375,118.12999725341797,109.8499984741211,117.77999877929688,19895600
2026-07-20,109.38999938964844,115.0199966430664,106.43419647216797,112.70999908447266,19532467
