Date,Close,High,Low,Open,Volume
1991-12-09,0.3373827040195465,0.356126187576188,0.3139536355766066,0.31863922046290505,143667200
1991-12-16,0.3373827040195465,0.3467544457978673,0.32332537735492733,0.3373827040195465,62195200
1991-12-23,0.3982994854450226,0.4170429771834714,0.32801110542285306,0.3420690102296764,30092800
1991-12-30,0.524817705154419,0.5341894498893193,0.38892769250131615,0.39829943723621647,47414400
1992-01-06,0.44984379410743713,0.5388756643608493,0.4076712244128468,0.5388756643608493,86528000
1992-01-13,0.47327327728271484,0.5107602468890383,0.4451580500779722,0.4592153776774626,23267200
1992-01-20,0.4451580345630646,0.4779588458225237,0.44047187752271794,0.46858710374757223,15811200
1992-01-27,0.44984379410743713,0.4592155398180088,0.4123568112651507,0.45452995296570486,12259200
1992-02-03,0.4404720962047577,0.4826452424826942,0.4076712686606078,0.44984384293251845,26336000
1992-02-10,0.4357861578464508,0.46390137538475196,0.4123565238950839,0.42641441866701707,14435200
1992-02-17,0.39361321926116943,0.4357863501849178,0.39361321926116943,0.4357863501849178,12028800
1992-02-24,0.3842414915561676,0.40767113680031775,0.3467545167702,0.39361323525265945,23318400
1992-03-02,0.34675443172454834,0.39829929541618286,0.3280109489286268,0.3842413973163914,19110400
1992-03-09,0.3608124852180481,0.3748698173663113,0.32801109019552244,0.35144073978389034,16908800
1992-03-16,0.4170430898666382,0.43578658666949543,0.3467546908528594,0.3608125994580664,17859200
1992-03-23,0.40298473834991455,0.43109995265339696,0.3982991553020838,0.4264143696055662,18243200
1992-03-30,0.3889278471469879,0.4357865894534846,0.3654981899906738,0.4029851838358711,17923200
1992-04-06,0.40298473834991455,0.4123564764510753,0.3795556790997622,0.39361300024875373,13350400
1992-04-13,0.42875736951828003,0.4498436474930735,0.3936131915564393,0.402984934212545,12828800
1992-04-20,0.4264146685600281,0.45921548890762237,0.4217285102212858,0.4217285102212858,11136000
1992-04-27,0.3982994854450226,0.43578646892192013,0.38424158063819935,0.43578646892192013,9024000
1992-05-04,0.3982994854450226,0.41235681824587245,0.38892773957579824,0.39829948544502264,5686400
1992-05-11,0.35144078731536865,0.412356854873165,0.3467546279615251,0.412356854873165,14019200
1992-05-18,0.3420689105987549,0.3608123968779796,0.32332542431953015,0.3608123968779796,17753600
1992-05-25,0.3444117605686188,0.35612629843677407,0.33269722270046354,0.34675455374106945,9472000
1992-06-01,0.37955597043037415,0.388927715724878,0.34206898925235885,0.3467545758966416,18585600
1992-06-08,0.3842414915561676,0.38424149155616755,0.3280110293772162,0.37018416201435017,26358400
1992-06-15,0.3373827040195465,0.3889275698031725,0.33269711913324806,0.370184086246531,11763200
1992-06-22,0.3373827040195465,0.3467544457978673,0.31863922046290505,0.33269711913324806,6988800
1992-06-29,0.3608124852180481,0.37955597608636366,0.346754581063838,0.35144073978389034,7004800
1992-07-06,0.35612618923187256,0.36549793105376394,0.35144060432379004,0.36549793105376394,5644800
1992-07-13,0.33504000306129456,0.36081244299044335,0.3233254656410923,0.35612628481883446,15513600
1992-07-20,0.29052406549453735,0.3326971997144175,0.28115232144632646,0.3326971997144175,26252800
1992-07-27,0.33269721269607544,0.33269721269607544,0.295210252915695,0.29989582124451436,18364800
1992-08-03,0.3045820891857147,0.34206908034665867,0.2905241814973154,0.33269733255642264,8480000
1992-08-10,0.3045820891857147,0.3045820891857147,0.2952103592706691,0.3045820891857147,5289600
1992-08-17,0.29052406549453735,0.31395371161799573,0.28583849734854627,0.29989580954274825,9619200
1992-08-24,0.2998957335948944,0.2998957335948944,0.28583842496067113,0.28583842496067113,3241600
1992-08-31,0.2952101230621338,0.3045818454785178,0.2858383827705738,0.292866741109843,10003200
1992-09-07,0.2717805802822113,0.3045819708019641,0.2717805802822113,0.295210244529485,13168000
1992-09-14,0.26709505915641785,0.2858385507548913,0.24366539078015487,0.2858385507548913,14608000
1992-09-21,0.26006606221199036,0.2670950317159638,0.23429362091037187,0.2670950317159638,17030400
1992-09-28,0.31863927841186523,0.346754508859971,0.24835150616969687,0.2670949931351007,55692800
1992-10-05,0.3701840043067932,0.398299223418489,0.29989567052475513,0.3186391499325523,41571200
1992-10-12,0.4404720962047577,0.4639017490271726,0.36549812238267126,0.3795560284773254,31452800
1992-10-19,0.4639016091823578,0.4732733530849726,0.42641463357189874,0.44984370732550893,33481600
1992-10-26,0.4592154622077942,0.4732733644007623,0.4076711555139345,0.4639016202740726,33072000
1992-11-02,0.4685874283313751,0.5013888343176405,0.43110043406486515,0.4451583429178754,48864000
1992-11-09,0.5013884902000427,0.5060740752644333,0.45452977952741,0.45452977952741,23772800
1992-11-16,0.5295039415359497,0.5482474337672048,0.48733079801263157,0.5060742902438866,27731200
1992-11-23,0.5341895222663879,0.5388756812717155,0.5201321892623686,0.529503935267042,12496000
1992-11-30,0.47795894742012024,0.5388755698589496,0.47327336138952136,0.5341894118224874,23939200
1992-12-07,0.4685874283313751,0.5013888343176405,0.45921567976474764,0.48733092546463014,16281600
1992-12-14,0.44984379410743713,0.4826451900974197,0.43578646154456163,0.477959031239152,6886400
1992-12-21,0.5060743689537048,0.5248178641001384,0.4357865481576179,0.4498438835144043,14182400
1992-12-28,0.45453017950057983,0.5248180213578867,0.4545301795005799,0.5248180213578867,12144000
1993-01-04,0.4709300696849823,0.5013886716492681,0.4217285486744511,0.45452994401877356,31600000
1993-01-11,0.6325929760932922,0.651336463207081,0.4592154342878285,0.468587177844723,60912000
1993-01-18,0.5529329180717468,0.6560221061868182,0.5529329180717468,0.6279068730645261,46499200
1993-01-25,0.5529329180717468,0.6044777981322237,0.5529329180717468,0.5669908206358341,34636800
1993-02-01,0.6279069781303406,0.670080120873427,0.5388756776820126,0.5623047565346334,82742400
1993-02-08,0.6232212781906128,0.7028808182567771,0.5997916315791164,0.6279068643093875,40761600
1993-02-15,0.5951060652732849,0.6232212989396001,0.5435611842154271,0.6232212989396001,50880000
1993-02-22,0.5904196500778198,0.6372783524649483,0.5716761691229684,0.6044775467967806,48278400
1993-03-01,0.6911662817001343,0.7309960517762157,0.5880770949111808,0.5904198879730973,81068800
1993-03-08,0.730996310710907,0.7731694607934212,0.6841375728448232,0.6981954802076871,61225600
1993-03-15,0.8106561899185181,0.8575149126882043,0.7028808415452932,0.7544257225948946,53667200
1993-03-22,0.852828860282898,0.8809440974350814,0.8059701316959256,0.8200280362749993,54723200
1993-03-29,0.9043734669685364,0.9793474094320094,0.8387712673129974,0.8387712673129974,55308800
1993-04-05,0.9137451648712158,0.965289461778858,0.862200295957815,0.9231169072185833,50169600
1993-04-12,0.7825409173965454,0.9184309206775338,0.7403677829951548,0.9184309206775338,70281600
1993-04-19,0.8247135281562805,0.8903157406232574,0.7216243371367455,0.7450539847350435,68889600
1993-04-26,0.852828860282898,0.8668867648619718,0.7684831488263476,0.834085368848109,38819200
1993-05-03,0.8293997049331665,0.8575149394731736,0.7637974910064831,0.8528287810468835,32320000
1993-05-10,0.8059694766998291,0.8996868577114371,0.7872260004975075,0.8481425841578023,48240000
1993-05-17,0.8293997049331665,0.8809440155868907,0.7731692358531522,0.8106562152398283,30313600
1993-05-24,0.8481432795524597,0.8903158495823225,0.8059701375166288,0.8293997879823056,18294400
1993-05-31,0.8879727721214294,0.8996873076044156,0.8106560371256214,0.8340851080915936,20393600
1993-06-07,0.9512321352958679,0.951232135295868,0.8528285545385413,0.8809437816112405,33267200
1993-06-14,1.0074628591537476,1.0918085629524183,0.9324889002215956,0.937174486651899,92931200
1993-06-21,1.0355784893035889,1.0496358259697613,0.9512327532881616,1.0215205806312855,27990400
1993-06-28,1.1105517148971558,1.124609041918265,1.0355777787692715,1.0355777787692715,121526400
1993-07-05,1.138667106628418,1.1480388500080516,1.0918083897302489,1.1105518764895166,34979200
1993-07-12,1.1246088743209839,1.1480385118721643,1.1011798087754567,1.1480385118721643,32899200
1993-07-19,1.305015206336975,1.3167303153174768,1.1667824116232934,1.17615415560418,74976000
1993-07-26,1.2605003118515015,1.3214163839749737,1.2136415748311122,1.3073590488718907,50041600
1993-08-02,1.3307876586914062,1.3448455608072756,1.2136411437531933,1.2745571942396567,51728000
1993-08-09,1.4198191165924072,1.4245047013175736,1.3026720623890968,1.3307872867572068,64697600
1993-08-16,1.454962968826294,1.4901071483453232,1.3963897176317808,1.4151332037744893,50204800
1993-08-23,1.4666789770126343,1.5463385560164664,1.4526210677730442,1.4666789770126345,58720000
1993-08-30,1.490107536315918,1.5229089316088669,1.3917044944489747,1.4619922997816555,62604800
1993-09-06,1.4268478155136108,1.4947933853996558,1.2933006126442006,1.4947933853996558,86835200
1993-09-13,1.4291912317276,1.4619920493970429,1.2839289151756081,1.419819487821209,92998400
1993-09-20,1.541651725769043,1.5650807929541326,1.4010756066414263,1.445590948694235,71475200
1993-09-27,1.5088509321212769,1.6259980296243337,1.4947936007442226,1.5463379118013085,78886400
1993-10-04,1.4854222536087036,1.5603962330462138,1.4245056093126922,1.5041657484680813,75139200
1993-10-11,1.60256826877594,1.616626171171649,1.4854217515057826,1.4901073376337688,59161600
1993-10-18,1.461992621421814,1.625998489956146,1.4526208738485973,1.5931970874468486,88252800
1993-10-25,1.433876872062683,1.4854217515057826,1.3073586105306783,1.4619921048482258,109984000
1993-11-01,1.307358980178833,1.5182229996880425,1.2464423392500596,1.438563436941997,137472000
1993-11-08,1.3776466846466064,1.4619924000331335,1.3495314461844308,1.3542176052644554,102547200
1993-11-15,1.0168347358703613,1.3682749279321267,0.9980912437069075,1.3682749279321267,269766400
1993-11-22,1.049635410308838,1.1058658787182398,0.9746614524296352,0.9887193555349377,81702400
1993-11-29,1.1105517148971558,1.1339807839342506,0.9465459436145397,1.0402633637743952,130243200
1993-12-06,0.9934046864509583,1.1199234938414588,0.965289459475931,1.0871221097010486,62464000
1993-12-13,1.049635410308838,1.0636933134141404,0.9746614524296352,0.9746614524296352,62752000
1993-12-20,1.059007167816162,1.0964941472078846,1.0355780916992912,1.063693326243083,43833600
1993-12-27,0.9934046864509583,1.0590068827260215,0.9816901515461361,1.0590068827260215,44121600
1994-01-03,0.9652895331382751,1.0168344058621515,0.9559177900980977,0.9934047622588075,57308800
1994-01-10,1.0144916772842407,1.0308923808908623,0.8622009003814486,0.9559183895533452,130083200
1994-01-17,0.9067162871360779,0.9652895384585691,0.8762582650890789,0.9137452374564019,103513600
1994-01-24,0.9278026223182678,0.9465461096378288,0.890315647679146,0.9067163420852214,37945600
1994-01-31,0.8575147390365601,0.9418604229415113,0.8387712537243487,0.9278025229544641,31475200
1994-02-07,0.8668861389160156,0.8996869392396869,0.8106557052135351,0.8176840804221818,56070400
1994-02-14,0.7965984344482422,0.8762585638960658,0.7403679567224839,0.8668868176084394,134374400
1994-02-21,0.7965984344482422,0.8247136733111212,0.7591114492977366,0.7965984344482421,91972800
1994-02-28,0.9652895331382751,1.049635220499872,0.7965981584150815,0.8247133875356137,106523200
1994-03-07,0.9559178948402405,0.9934048711084852,0.8996874304378734,0.9934048711084852,30412800
1994-03-14,1.0683790445327759,1.0871225365421227,0.9559180924766941,0.9746615844860411,61825600
1994-03-21,0.9746617078781128,1.06837917978947,0.9746617078781129,1.06837917978947,28977600
1994-03-28,0.9184309244155884,1.0027766215557954,0.843456971402071,1.0027766215557954,30011200
1994-04-04,0.852828860282898,0.9184310803046594,0.834085368848109,0.8715723517176869,28648000
1994-04-11,0.852828860282898,0.852828860282898,0.7403679116741642,0.8434571145655034,37923200
1994-04-18,0.7872264385223389,0.8856300293405399,0.730995978627886,0.8622003850482758,32716800
1994-04-25,0.7965984344482422,0.843457165886374,0.7591114492977366,0.7872266881606157,15376000
1994-05-02,0.7684829831123352,0.8153417015947946,0.7497394957193514,0.7965982142018109,13657600
1994-05-09,0.6419646739959717,0.7778546599040189,0.6279067736574611,0.768482917013609,59046400
1994-05-16,0.674765408039093,0.712252375152376,0.6185349573691686,0.6466501827041309,34868800
1994-05-23,0.6372785568237305,0.7028807612026439,0.6279068133410285,0.6747655307545382,42500800
1994-05-30,0.674765408039093,0.6841371498174138,0.5810479902558857,0.6466501827041309,55756800
1994-06-06,0.684137225151062,0.702880710771639,0.6560219967201965,0.6747654823407735,36016000
1994-06-13,0.656022310256958,0.7122527939932687,0.646650562967573,0.6935092994144985,33944000
1994-06-20,0.5997914671897888,0.6466501755639911,0.5810479838401079,0.6466501755639911,23748800
1994-06-27,0.5997914671897888,0.6747654005885124,0.5810479838401079,0.5810479838401079,19281600
1994-07-04,0.57167649269104,0.6185352216001416,0.5623047469092197,0.6185352216001416,35691200
1994-07-11,0.7122523784637451,0.7309958621075279,0.5716762511353743,0.5904197347791571,62030400
1994-07-18,0.684137225151062,0.7309959392025046,0.6091632826687539,0.7309959392025046,56816000
1994-07-25,0.674765408039093,0.7309958587090175,0.6653936662607723,0.712252375152376,27166400
1994-08-01,0.6653938293457031,0.6841373174962864,0.6560220852704115,0.6747655734209947,14540800
1994-08-08,0.8059694766998291,0.8153412148009899,0.665393405182417,0.6841368813847386,33219200
1994-08-15,0.8153419494628906,0.8622006821906429,0.7684832167351382,0.8059702029173401,38064000
1994-08-22,0.8481432795524597,0.8622006122270912,0.7965983917315517,0.8153418833017059,17291200
1994-08-29,0.7591113448143005,0.8809440297844969,0.7591113448143005,0.8340853047959599,38576000
1994-09-05,0.9254599213600159,0.9465462036882304,0.7591113118687788,0.7591113118687788,81576000
1994-09-12,0.9840330481529236,0.9934047914686657,0.8996873583112444,0.9371743315742129,54683200
1994-09-19,0.9746617078781128,1.0215204438337915,0.9090594775401629,0.9840334550692486,54011200
1994-09-26,0.9488893151283264,0.9840335121346574,0.9090595302577311,0.9840335121346574,23264000
1994-10-03,1.059007167816162,1.0777506575120235,0.9371744847930639,0.9559179744889251,81214400
1994-10-10,1.049635410308838,1.077750644513539,1.0027766866343362,1.059007155043738,62840000
1994-10-17,1.1105517148971558,1.1339807839342506,1.0121481377264385,1.0496351057903808,48918400
1994-10-24,1.1152374744415283,1.133980961406932,1.0215200396145092,1.1058657309588265,40409600
1994-10-31,1.0871223211288452,1.1714680184578072,1.0777505769811826,1.101180223353273,37977600
1994-11-07,1.2089554071426392,1.2651858911957852,1.1199240933948562,1.143353175747302,73782400
1994-11-14,1.152725338935852,1.2651863476125205,1.152725338935852,1.2089558432741863,59812800
1994-11-21,1.1808393001556396,1.1808393001556396,1.0683784144265311,1.1433523382459367,35518400
1994-11-28,1.1152374744415283,1.2370701397166532,1.0777505005107206,1.1808396788204418,32862400
1994-12-05,1.059007167816162,1.1714681059913299,0.9746614641847864,1.115237636903746,47972800
1994-12-12,0.9090598225593567,1.0496360837798757,0.8340858165750799,1.0496360837798757,81561600
1994-12-19,0.9652895331382751,1.002776505298985,0.8996873318570332,0.9090590748972106,30200000
1994-12-26,0.8996875882148743,0.9840332996100188,0.8903158425043027,0.9652898081888756,20440000
1995-01-02,0.8996875882148743,0.9371745710571607,0.8715723510831594,0.8715723510831594,16331200
1995-01-09,0.7872264385223389,0.9184308449427286,0.7872264385223389,0.9184308449427286,54960000
1995-01-16,0.871571958065033,0.9559176314261651,0.7684828017347601,0.7684828017347601,67019200
1995-01-23,1.0683790445327759,1.0871225365421227,0.852828886425286,0.8715723784346329,83739200
1995-01-30,1.049635410308838,1.1152376234531403,0.9652897076947348,1.077750644513539,64084800
1995-02-06,1.059007167816162,1.0777506575120235,1.0308919332723703,1.040263678120301,25278400
1995-02-13,0.9559178948402405,1.0590070795779134,0.9559178948402405,1.0496353355108523,23171200
1995-02-20,1.059007167816162,1.0777506575120235,0.9371744847930639,0.9746614641847864,61209600
1995-02-27,1.0964939594268799,1.1058657026698446,1.0215200134831617,1.049635243212056,34299200
1995-03-06,1.1058658361434937,1.1152375805175911,1.0308918811507144,1.068378858647104,63476800
1995-03-13,1.2276984453201294,1.237070189177535,1.0449497261036462,1.0964940313164515,104600000
1995-03-20,1.2183271646499634,1.293301144013038,1.1433531852868886,1.2276989120703476,68608000
1995-03-27,1.2276984453201294,1.3214158838941852,1.1620962383182905,1.1995832137479128,55385600
1995-04-03,1.1246088743209839,1.2370697617530824,1.0496349493662516,1.2370697617530824,97184000
1995-04-10,1.0074628591537476,1.1199237975519754,0.965289721251456,1.0730650732193805,77364800
1995-04-17,0.9840330481529236,1.0496352513631184,0.9043735159720242,1.0027765347844078,81726400
1995-04-24,0.9840330481529236,1.0168344357609298,0.9184308449427286,0.9793474624979612,47982400
1995-05-01,0.9512321352958679,0.9840329475444708,0.9324886505807353,0.9699756200110008,26974400
1995-05-08,1.1105517148971558,1.162096009982207,0.9137451325614594,0.9465459436145397,102507200
1995-05-15,1.0144916772842407,1.124609870062759,1.0027771341392935,1.124609870062759,58424000
1995-05-22,0.9652895331382751,1.0402634774596946,0.9465460470579203,1.0215199913793398,75897600
1995-05-29,1.049635410308838,1.0871223892484392,0.9231171423906354,0.9652897076947348,68752000
1995-06-05,1.2675282955169678,1.3354738718726493,1.1011802603165606,1.1246093354692257,286795200
1995-06-12,1.274557113647461,1.3026723440955668,1.1808396788204418,1.255813626682057,75377600
1995-06-19,1.2651851177215576,1.3307873090108235,1.251127791305286,1.2839286009470623,57742400
1995-06-26,1.2956434488296509,1.3120441436264445,1.190211473146846,1.2604998382726174,52545600
1995-07-03,1.4057615995407104,1.4057615995407104,1.2792433415849762,1.2839289275805157,61041600
1995-07-10,1.4573060274124146,1.527593799676916,1.4057611653468551,1.4057611653468551,117344000
1995-07-17,1.5650813579559326,1.58382484727277,1.2792434318771102,1.4807356560301639,168449600
1995-07-24,1.597882866859436,1.6916003202821026,1.5041654134367692,1.565081472158532,141740800
1995-07-31,1.6587988138198853,1.668170558530732,1.5182226431571832,1.5931966008439578,83830400
1995-08-07,1.7150291204452515,1.766573997499809,1.5885108647759851,1.6634848153965425,179601600
1995-08-14,1.9493234157562256,2.0524126348587184,1.7150297359778333,1.7197158955764282,251787200
1995-08-21,1.8790351152420044,1.9540090735158815,1.7572024330469536,1.9493229151208107,134464000
1995-08-28,1.8696633577346802,1.9024641782533378,1.7103436974868638,1.87903510245514,117393600
1995-09-04,1.8930925130844116,2.0336686897986005,1.8649772777415738,1.8837207679701324,92011200
1995-09-11,1.7853176593780518,1.9352655752520758,1.761888011519783,1.8977785962835698,79436800
1995-09-18,1.7618883848190308,1.9024645857354427,1.7478310507304025,1.7759462909136847,83675200
1995-09-25,1.7197151184082031,1.7665738331876393,1.5275941018096173,1.757202090231752,204836800
1995-10-02,1.518222689628601,1.7197154930822707,1.4854218681395854,1.7197154930822707,136244800
1995-10-09,1.518222689628601,1.5603958281212447,1.3073587131831446,1.4947936131372928,165452800
1995-10-16,1.3963900804519653,1.5744532450733568,1.3823327481953573,1.5229089307911927,111280000
1995-10-23,1.518222689628601,1.522908848130415,1.363589183169389,1.3823326731648038,97646400
1995-10-30,1.6119389533996582,1.6306824296019797,1.4432476675787635,1.527593310489211,102065600
1995-11-06,1.7759455442428589,1.7806311296337392,1.607254174067031,1.6119397594579112,147385600
1995-11-13,1.705657720565796,1.7806316863049518,1.6025685176744566,1.7665743537318421,83115200
1995-11-20,1.5791391134262085,1.7244008560586617,1.5322803945115708,1.7150291122757342,55569600
1995-11-27,1.5369659662246704,1.7478304853986584,1.4994789914387028,1.588510842558296,115732800
1995-12-04,1.5603957176208496,1.649427002791304,1.4151333944402666,1.5557095594508892,127840000
1995-12-11,1.401076316833496,1.579139491320316,1.3776466657664492,1.5744533323045133,74316800
1995-12-18,1.6681708097457886,1.6681708097457886,1.312044457103429,1.4010763312670134,135304000
1995-12-25,1.6119389533996582,1.672855537059953,1.5369650485903716,1.668169382006623,52208000
1996-01-01,1.5557101964950562,1.649427678211626,1.466678874867372,1.6025689373533412,64798400
1996-01-08,1.4245047569274902,1.5744526260777523,1.3846749971858834,1.551023557525887,94732800
1996-01-15,1.6119389533996582,1.6306824296019797,1.330786810364834,1.433875929477603,147980800
1996-01-22,1.649427056312561,1.7572024056541151,1.565081354569305,1.6119400777600028,115913600
1996-01-29,1.7900025844573975,1.8649765146964508,1.6400547239792909,1.6447408806220785,133686400
1996-02-05,1.8228048086166382,1.8509200454692911,1.771259921717129,1.8274903954224346,97518400
1996-02-12,1.7759455442428589,1.832176000968135,1.700971601942491,1.8134325153930428,55747200
1996-02-19,1.5931968688964844,1.761888302073759,1.5885112817556706,1.7572027149329454,94188800
1996-02-26,1.4994792938232422,1.6494272232055662,1.4713640570640563,1.5978829084833703,111606400
1996-03-04,1.3729608058929443,1.5463377869068369,1.344845573403729,1.5135369683390203,92572800
1996-03-11,1.4057615995407104,1.5182225275039674,1.372960781554357,1.3776463675498964,103081600
1996-03-18,1.4713637828826904,1.4807355267227074,1.354217270885401,1.4151333198425875,79425600
1996-03-25,1.5557101964950562,1.5791398529272558,1.4385636303524012,1.4994797074651145,117603200
1996-04-01,1.5229089260101318,1.5697676533949676,1.4666784531483292,1.5510241624410332,45881600
1996-04-08,1.4924497604370117,1.5557091615119742,1.447934415241421,1.4760496410518784,58331200
1996-04-15,1.237070083618164,1.518222375349565,1.1386670675150745,1.4994788892341382,285016000
1996-04-22,1.5135369300842285,1.5229086740104287,1.199583222553601,1.255813686110801,158280000
1996-04-29,1.4479339122772217,1.5088499277034768,1.4198186962330577,1.5041643443655501,76550400
1996-05-06,1.597882866859436,1.6025684535275986,1.4198197053563695,1.4385631960409027,97273600
1996-05-13,1.8837206363677979,1.94463726135776,1.6259979497333563,1.6259979497333563,235884800
1996-05-20,1.8509198427200317,1.9071503102658673,1.7759458859922512,1.8977785656748947,101089600
1996-05-27,2.0406975746154785,2.0430403678156246,1.7853176716400023,1.8649772164922445,116500800
1996-06-03,1.9540091753005981,2.0008679016626516,1.8509199773040805,1.9961817430234778,104574400
1996-06-10,1.808746576309204,1.9680662229271133,1.808746576309204,1.9493227350897122,61966400
1996-06-17,1.9914957284927368,2.038354444786615,1.6634847144355884,1.8181181922024798,213918400
1996-06-24,1.9914957284927368,1.9961813141192175,1.8228043498347748,1.9821239852339612,104955200
1996-07-01,1.8649766445159912,1.9821237046718725,1.8368614187192678,1.9727519627396313,38953600
1996-07-08,1.640055775642395,1.8977791121035157,1.6353701880007325,1.8649777105876377,115614400
1996-07-15,1.452620029449463,1.658798356210032,1.4432482873239825,1.6447410290246838,182356800
1996-07-22,1.62599778175354,1.6634847557189723,1.3635889639955139,1.4479346554177366,183352000
1996-07-29,1.738459825515747,1.7478315750548987,1.5463386739600375,1.6213126702732514,82699200
1996-08-05,1.7244007587432861,1.8602913219297672,1.6962855289811674,1.752515988505405,78152000
1996-08-12,1.743143916130066,1.785317038813485,1.6447409165449312,1.7244004331609253,78020800
1996-08-19,1.7197151184082031,1.7618876757067978,1.6587985031920385,1.7290868613640904,44528000
1996-08-26,1.62599778175354,1.747830447141195,1.616626038262182,1.7337725459012436,40508800
1996-09-02,1.5135369300842285,1.6025682113802013,1.4666782104532285,1.5697673936414287,96121600
1996-09-09,1.5557101964950562,1.5978833492705697,1.4526209666068297,1.5182232038084285,83811200
1996-09-16,1.4947937726974487,1.565081581680091,1.3776466617184033,1.5557098356820065,131174400
1996-09-23,1.6330255270004272,1.6634841105383822,1.4151327183373092,1.4854210532641512,108086400
1996-09-30,1.4479339122772217,1.644740424586371,1.4385621735958338,1.635368685904983,120886400
1996-10-07,1.5510238409042358,1.5697673279725297,1.3963897865878956,1.4479346620286193,80587200
1996-10-14,1.3870177268981934,1.5744525548574086,1.3823321422020634,1.551023487365357,82641600
1996-10-21,1.3963900804519653,1.4526205534902994,1.3261022751570233,1.3870183349455762,90708800
1996-10-28,1.5041649341583252,1.5135366765144338,1.3917040258850208,1.4057613534163043,69139200
1996-11-04,1.5931968688964844,1.597883028043297,1.4432489282944623,1.5041655651670331,79912000
1996-11-11,1.640055775642395,1.7525167431150164,1.5931970391954695,1.597883198843192,191200000
1996-11-18,1.5650813579559326,1.7103436861643733,1.5041653036791605,1.6447414735554418,128734400
1996-11-25,1.5744528770446777,1.6306833369391305,1.4947933448637782,1.5697672913897154,65217600
1996-12-02,1.518222689628601,1.6119401396056754,1.424505239651527,1.5650814146171381,214686400
1996-12-09,1.4807350635528564,1.5557089908213557,1.443248099918607,1.5463372499127932,93598400
1996-12-16,1.4994792938232422,1.5369662761688232,1.4432488203048706,1.5041654526194177,68891200
1996-12-23,1.518222689628601,1.5322805931281225,1.490107454635479,1.504165358135,26214400
1996-12-30,1.4947937726974487,1.5369663436858376,1.4666785347031956,1.5275945976877534,37667200
1997-01-06,1.6681708097457886,1.682228714932034,1.466678554122185,1.4994793795467762,114748800
1997-01-13,1.8368618488311768,1.879034983404214,1.6353696361102823,1.672856612617041,157057600
1997-01-20,2.0945851802825928,2.253904836670754,1.8462336652039852,1.8462336652039852,271728000
1997-01-27,2.099270820617676,2.155501289027078,1.996181628533772,2.0852134895182775,101001600
1997-02-03,2.1742446422576904,2.1883025444821183,2.0196111498241938,2.099270689076391,109204800
1997-02-10,2.2445337772369385,2.3897955752177293,2.118014901957674,2.1929888807880342,158929600
1997-02-17,2.0430402755737305,2.2585903963911425,2.0430402755737305,2.253904810202401,137529600
1997-02-24,2.0875563621520996,2.183616606339367,2.019611353239588,2.028983098331173,145321600
1997-03-03,2.2023606300354004,2.3569947475090034,2.09927140905502,2.09927140905502,189107200
1997-03-10,2.2164182662963867,2.258590838269374,2.1601877889950747,2.2164182662963867,80110400
1997-03-17,2.1367580890655518,2.235161708117614,1.9914963119961036,2.2117320571029393,138238400
1997-03-24,2.2445337772369385,2.324193343741164,2.061784417834904,2.1508163036989885,97318400
1997-03-31,2.2070460319519043,2.2585903387418336,2.05241196757038,2.244533008528532,144708800
1997-04-07,2.019610643386841,2.272647671922188,2.00555274468757,2.249218031425312,132806400
1997-04-14,1.808746576309204,2.0898988938702203,1.808746576309204,2.0242966864393166,193140800
1997-04-21,1.6916003227233887,1.8790352298392246,1.546337983705645,1.8181185990236068,275702400
1997-04-28,1.8556052446365356,1.8649769882963163,1.6775421151007066,1.7056573460800482,145532800
1997-05-05,1.9258941411972046,2.0149254446070772,1.8602919174192998,1.8696636636732862,117979200
1997-05-12,1.8602919578552246,1.9305797702849234,1.841548464939837,1.9212080238272298,81889600
1997-05-19,2.108642339706421,2.1180140834384495,1.8509196730785575,1.8696631605426146,110411200
1997-05-26,1.808746576309204,2.1227002835885993,1.771259600634402,2.1039567957511984,152878400
1997-06-02,1.7501734495162964,1.822804613270059,1.6916001886852798,1.7993749657341143,143379200
1997-06-09,1.8064039945602417,1.8509199263809393,1.7244010826812561,1.7618880627395443,92537600
1997-06-16,1.8649766445159912,1.8720055939666054,1.7712592251935797,1.8181179348547856,84104000
1997-06-23,1.9024635553359985,1.9540084204243149,1.827489622120787,1.864976588728393,87363200
1997-06-30,2.0289835929870605,2.0570988351161694,1.8977791297178854,1.9165226244706248,76982400
1997-07-07,2.0524120330810547,2.07115552196764,1.9446372579861344,2.0406974955284105,85260800
1997-07-14,1.9891527891159058,2.132072333384387,1.9305795242222958,2.0617839579073065,120454400
1997-07-21,1.733771800994873,2.0430392033344993,1.6869131036706873,2.0055522454751507,258008000
1997-07-28,1.7759455442428589,1.8134325153930428,1.7079999800288115,1.738458573092675,104627200
1997-08-04,1.729086995124817,1.818118274090233,1.724400837281458,1.780631299366723,92668800
1997-08-11,1.6892566680908203,1.7665739830397877,1.6869138751545667,1.7431443376597189,59396800
1997-08-18,1.733771800994873,1.7829732901838724,1.6213109274168274,1.7009709988707344,82692800
1997-08-25,1.733771800994873,1.7572014356597572,1.6962848431355244,1.7384579567300829,56008000
1997-09-01,1.8720065355300903,1.8743493291900726,1.7384592888268027,1.7431448761467676,69561600
1997-09-08,1.9563512802124023,1.9914954556188238,1.8837201369073278,1.8884062938975272,100620800
1997-09-15,2.0383546352386475,2.059440916539619,1.9024640592866662,1.9680662682275856,104961600
1997-09-22,2.1016130447387695,2.127385478782729,2.0383542139114366,2.0406970064593195,102235200
1997-09-29,2.4179108142852783,2.437240329181579,2.146130141361739,2.146130141361739,248569600
1997-10-06,2.5303702354431152,2.5444281338651007,2.3757367848355595,2.417909336090088,110212800
1997-10-13,2.305450677871704,2.567859698117264,2.296078927148648,2.5397444459480965,109057600
1997-10-20,2.221102714538574,2.436652767004343,2.136757041834578,2.324191870065681,104796800
1997-10-27,2.113328456878662,2.2492184523732996,1.9493226587235262,2.202359734615522,154497600
1997-11-03,2.34293532371521,2.5256845649678437,2.164872239112854,2.1836157217025756,147324800
1997-11-10,2.6170592308044434,2.652203556871931,2.263276466160426,2.4179099564415485,218491200
1997-11-17,2.6100306510925293,2.696719271836081,2.5303705514334003,2.6709466931797,132580800
1997-11-24,2.5397422313690186,2.6053444292272587,2.474140033510778,2.5866009441249043,59224000
1997-12-01,2.5116279125213623,2.6756337525136193,2.36167997744546,2.5772301341170696,170187200
1997-12-08,1.900122046470642,2.6264320861164054,1.8884075044939364,2.53037195529796,360641600
1997-12-15,1.7993751764297485,2.0945854523157363,1.738459115314015,1.9868100906411807,255560000
1997-12-22,1.736115574836731,1.8790351115174502,1.705657547349818,1.846233718834693,96192000
1997-12-29,1.942293643951416,2.043040026806878,1.7853173736483667,1.79937470250881,130900800
1998-01-05,1.740801453590393,2.0149248009508587,1.7197151742563141,1.972752242282701,193580800
1998-01-12,1.7244007587432861,1.8743486508079197,1.6869137857271277,1.7197151731191733,174203200
1998-01-19,2.0406975746154785,2.071155602235106,1.7689169752271614,1.8134329060594834,265433600
1998-01-26,1.9446371793746948,2.0945850844057707,1.9329220702897445,2.0336684619839644,158974400
1998-02-02,1.7900025844573975,2.190644667173762,1.7290865521410135,2.0008670492575815,407905600
1998-02-09,1.745487093925476,1.8134326636961335,1.7337725574844716,1.7572022023723128,208977600
1998-02-16,1.7478306293487549,1.7993749379216926,1.7384588848804128,1.7900031934533505,71000000
1998-02-23,1.911835789680481,1.9868097422169704,1.7665740426439642,1.7806313727416243,187092800
1998-03-02,1.8169466257095337,1.9305788546118294,1.7618874983836115,1.9212071125991508,87232000
1998-03-09,1.8017187118530273,1.8696643252410095,1.775946829539861,1.8228055773904352,82417600
1998-03-16,1.7900025844573975,1.8485758244552346,1.7806308431775157,1.8321757062197117,59400000
1998-03-23,1.8720065355300903,1.897778981807959,1.7642311630986507,1.8181188493143705,110990400
1998-03-30,2.0898985862731934,2.1180138138912183,1.8228042099048407,1.8743485078683348,196472000
1998-04-06,2.021953582763672,2.113328214931657,1.9540085927951196,2.103956472453037,69756800
1998-04-13,2.0875563621520996,2.1367578808814405,1.9727526277816616,2.019611353239588,105187200
1998-04-20,2.1250431537628174,2.2703049037766423,2.0711554812712594,2.073498274334577,202643200
1998-04-27,2.085214376449585,2.1320731200551246,1.9868107288748782,2.0805282160859573,98513600
1998-05-04,2.1039578914642334,2.1461304750583743,2.0617847358639403,2.08521439386547,80051200
1998-05-11,2.1461291313171387,2.1648726171801704,2.028982630676087,2.118013902522591,69646400
1998-05-18,2.077012777328491,2.1555008370214903,2.0547544592462135,2.146129094251832,32683200
1998-05-25,1.9540091753005981,2.108642686292406,1.9446374300281875,2.0992709410199955,54555200
1998-06-01,1.9446371793746948,1.9727524115680215,1.867319861838649,1.9399510213395421,49038400
1998-06-08,1.8368618488311768,2.0102394011778695,1.7759457980106275,1.9352654481643519,70649600
1998-06-15,1.8462340831756592,1.9094935158291217,1.7478310297200674,1.7946897627955918,66288000
1998-06-22,2.0289835929870605,2.164873643941388,1.8415486454596677,1.8462342331448198,120000000
1998-06-29,2.0383546352386475,2.127385918512676,2.0266395260662255,2.033668477168505,50907200
1998-07-06,2.118014335632324,2.140857963699155,2.0055533974571564,2.0477265352758,54412800
1998-07-13,2.1461291313171387,2.183616103043202,2.0852130882651823,2.1461291313171387,58027200
1998-07-20,2.3616786003112793,2.5256843446690516,2.108641607420785,2.1367568288530623,284972800
1998-07-27,2.337078332901001,2.3897946779769463,2.2820199098750287,2.3241924711305204,66425600
1998-08-03,2.2023606300354004,2.338251252785298,2.136758398502431,2.333565093101339,78240000
1998-08-10,2.0430402755737305,2.2304751632410453,2.0055532980402675,2.202359930090948,90635200
1998-08-17,2.014925479888916,2.1414443425361074,1.9212080157080362,2.033668972725092,72542400
1998-08-24,1.7267440557479858,2.0547551654154583,1.7009721832785984,2.0242971339478313,99139200
1998-08-31,1.5955394506454468,1.8228046969534895,1.5346233938659999,1.7572024816493574,162163200
1998-09-07,1.705657720565796,1.9024643806310801,1.574453280522273,1.7103438794274752,155475200
1998-09-14,1.8017187118530273,1.841549076530665,1.6611424683013047,1.7244019209011299,81523200
1998-09-21,1.9546926021575928,2.000206424150194,1.7582654517078553,1.796592757632514,103288000
1998-09-28,1.8253374099731445,2.0169738527615055,1.710355544300128,1.9786465642038336,78235200
1998-10-05,1.5690232515335083,1.8085687637971009,1.4468548940720984,1.7726367907505842,153705600
1998-10-12,1.8205451965332031,1.8732454814782709,1.561836142289011,1.6408859848789257,123798400
1998-10-19,2.0792555809020996,2.1032104306997947,1.7918008922981228,1.8253375650492838,115408000
1998-10-26,2.13195538520813,2.1583049533520615,1.9115735104473843,2.093628102641044,117534400
1998-11-02,2.1822595596313477,2.2996367034988014,2.0720683418414354,2.1607006117430103,248860800
1998-11-09,2.1032111644744873,2.22777490632772,2.0744656855852797,2.1846563955797764,77907200
1998-11-16,2.122373342514038,2.2373551781853758,2.0385322744633894,2.1080003206411915,97425600
1998-11-23,2.1056058406829834,2.1918422513782447,2.0720691663318926,2.136746620560361,45024000
1998-11-30,2.067277431488037,2.146327285761136,2.04092728512108,2.1080000128011154,66984000
1998-12-07,2.0002057552337646,2.158305546886509,1.9043875224660163,2.0744650318357896,133459200
1998-12-14,1.9235509634017944,2.036137521075991,1.8780371614952869,1.9858325156292107,92510400
1998-12-21,1.9570868015289307,1.9930187766417171,1.92594602935089,1.9403190533271824,46876800
1998-12-28,1.9858317375183105,2.0026000660968823,1.9403185382733144,1.9690639937675278,45334400
1999-01-04,2.309218406677246,2.357127502251463,2.002600195002259,2.0097867055453484,200267200
1999-01-11,2.4481546878814697,2.4888774126593063,2.1798637952274857,2.323591059149263,176968000
1999-01-18,2.261310338973999,2.591883541110939,2.2277742492422443,2.4433649849083463,214163200
1999-01-25,2.522414207458496,2.558346330354995,2.2038189362608573,2.2708916864948834,123593600
1999-02-01,2.5703232288360596,2.6062553505312565,2.3523373826912675,2.520018960256325,155332800
1999-02-08,2.5655324459075928,2.6805142791173933,2.4721094140107067,2.5679276083522073,169956800
1999-02-15,2.486483573913574,2.6541651983636467,2.414619602843462,2.601465459763263,84398400
1999-02-22,2.797891616821289,2.8961049856142416,2.5200188192602706,2.5272054771283936,235187200
1999-03-01,2.934433698654175,2.9368297398016168,2.726029583708549,2.788311155594672,132878400
1999-03-08,2.960782527923584,3.0973231773313477,2.917664628183312,2.9512007074448667,118993600
1999-03-15,3.2410531044006348,3.2889622455213265,2.944016429452343,2.9751579560091757,108046400
1999-03-22,4.275887489318848,4.596879089694262,3.07576465643975,3.2674010836322576,458883200
1999-03-29,5.2508368492126465,5.303537438913955,4.15850947547133,4.455545866576425,234374400
1999-04-05,5.579015254974365,5.950310817241873,4.982546900105916,5.5119425082421705,309086400
1999-04-12,5.461640357971191,6.783932234111585,5.36582210607696,5.456850030204677,360320000
1999-04-19,7.31572151184082,7.607966491222251,4.714256314460135,5.435288403206324,463910400
1999-04-26,7.665457725524902,8.374512565135955,7.109712040424347,7.26781269084131,231312000
1999-05-03,8.288275718688965,8.796112265614417,7.739716429793077,7.9864489218537065,231694400
1999-05-10,8.585312843322754,9.179385830249105,8.010403501135963,8.384094573557377,153219200
1999-05-17,7.68941068649292,8.585310219429166,7.51214644200052,8.460746566691911,145188800
1999-05-24,7.454659938812256,7.809187468035974,6.5970871759236145,7.703787391780274,145571200
1999-05-31,8.427213668823242,8.441585818078188,6.946821473446863,7.579221773098578,111604000
1999-06-07,8.336185455322266,8.709876527457402,8.000821672636887,8.355349100047144,90165600
1999-06-14,9.945932388305664,9.965096034525905,7.756486392471071,8.451167983126778,146629600
1999-06-21,9.71596908569336,10.540005911501671,9.58182355591061,9.88844190969975,127380000
1999-06-28,11.057426452636719,11.268226610312636,9.591407174254208,9.874071022046914,120345600
1999-07-05,11.402366638183594,11.776057645653475,10.607075519722049,11.205939313744295,151009600
1999-07-12,12.130582809448242,12.255146455990761,10.702891783691696,11.584419128454128,125520000
1999-07-19,11.857510566711426,12.820484152129202,11.249064569954921,12.370138296262182,317568800
1999-07-26,11.958115577697754,12.259943014154066,11.402369821682953,11.632333582792526,129063200
1999-08-02,11.325712203979492,12.015603302699054,10.41543922650229,11.90062145291246,223588800
1999-08-09,12.264730453491211,12.264730453491211,10.808293712139129,11.40236659348011,142665600
1999-08-16,13.40976333618164,13.419345160644792,12.111426121424504,12.293480786224396,140837600
1999-08-23,14.085274696350098,15.225511219387961,13.472038246985194,13.519947344591827,149692000
1999-08-30,12.523443222045898,14.861408138785912,12.053933874012042,14.40627152589595,433299200
1999-09-06,12.70071029663086,13.175010681152344,12.398882779208098,12.533028342507103,136140800
1999-09-13,14.559577941894531,14.569159763508152,11.673054180791716,12.226404378978232,365534400
1999-09-20,14.526049613952637,15.254268460034694,13.840948989020173,14.391904037042783,170932800
1999-09-27,14.320027351379395,15.134481901307295,13.898427349063773,14.842236445156695,149520800
1999-10-04,16.3992862701416,16.4424044636652,14.133185654956975,14.487713023928778,183380000
1999-10-11,15.21593189239502,17.223323410944616,14.650604448030217,16.337004960033696,253952800
1999-10-18,16.538217544555664,17.304762969564038,14.487708532658264,14.985963058913708,179635200
1999-10-25,17.07480239868164,17.352675164990153,15.599202191388166,16.576547783231895,125919200
1999-11-01,22.565196990966797,22.910142677452914,16.80652039157357,16.983784147128937,330948000
1999-11-08,28.97542381286621,30.316878619017423,21.9232042605284,22.574768023516135,391816800
1999-11-15,28.137014389038086,31.131333134678954,25.14269564339722,29.914441996450506,420088000
1999-11-22,29.49284553527832,29.924027487548468,26.42666276357947,28.017245076398247,119056800
1999-11-29,29.46889305114746,30.086920559454732,27.212374009188355,29.32037481271703,148780000
1999-12-06,30.010263442993164,31.236736533894547,29.09040862481713,29.698854259756487,153156800
1999-12-13,34.87783432006836,34.954488900991585,29.895286560058594,30.125250302828274,201154400
1999-12-20,35.75934982299805,40.02325943479711,34.619113320067505,34.94489517804766,195925600
1999-12-27,54.003143310546875,56.73396230336197,35.126955886526765,36.66004725091419,409638200
2000-01-03,45.992740631103516,61.32365417480469,40.756275473833085,61.09369047164917,375661000
2000-01-10,43.06071472167969,49.97879127465092,41.719259434399945,49.6721729232727,151748200
2000-01-17,47.50665283203125,49.19305277120784,41.393453052516136,42.14083484374213,133410400
2000-01-24,33.90049743652344,48.13908963286992,32.38656906033048,47.75581662623878,357041200
2000-01-31,42.14088439941406,45.379542636567756,34.39876648337801,34.53291209083408,290134400
2000-02-07,40.4736328125,42.92658025568182,39.93705055930398,41.22101523659446,89952000
2000-02-14,41.240150451660156,42.54327788228882,36.813349915259835,39.66873207943147,161404800
2000-02-21,40.952701568603516,45.22619359003477,38.71055553045348,40.62691966562445,151942200
2000-02-28,40.43528366088867,45.37950317961345,38.63390135561686,42.160011399978714,143083000
2000-03-06,41.7384147644043,44.612961235782,37.40743141419522,39.707068591297386,168339800
2000-03-13,41.7767333984375,42.1600061819094,38.327278347190365,39.3621148625645,145599400
2000-03-20,44.766265869140625,46.73533000358163,38.5572461167427,41.18266496266404,148635000
2000-03-27,45.781944274902344,49.84463669276727,42.696597674542666,45.28368954440948,205176200
2000-04-03,46.682621002197266,46.83593010236869,38.02065684251206,45.590293663475904,140929400
2000-04-10,32.252410888671875,46.54848844241473,31.581683389501634,46.41434294258068,171125600
2000-04-17,33.57469177246094,38.59556462884493,30.086909864591135,30.182728048873273,208064800
2000-04-24,33.24893569946289,33.72802699196235,28.285549909168427,31.58169800156475,216128400
2000-05-01,33.651371002197266,36.794209751833,32.194933532853874,33.61304370037244,143616000
2000-05-08,30.048595428466797,33.076451345365875,29.12874046637088,32.65485115440524,122987600
2000-05-15,27.346529006958008,33.42140615846865,27.29861988115745,30.14442195371054,141043800
2000-05-22,20.2559757232666,27.63398012578093,19.12532050314103,27.59565283018345,307716000
2000-05-29,22.287315368652344,23.49462479962835,18.39709609106298,19.417560014864133,364284000
2000-06-05,24.242008209228516,24.83608113767601,19.891861281564584,19.94935221012402,225325200
2000-06-12,20.16015625,25.85175929776616,18.392309848799904,25.52597730513308,330429800
2000-06-19,20.3518009185791,22.91973060133767,18.972017805455092,20.1793280294386,236937800
2000-06-26,18.397090911865234,20.960227275888126,17.63054545720418,20.907527275880177,202153800
2000-07-03,17.362262725830078,19.31695455589042,17.189789917295343,18.377935931645744,110580600
2000-07-10,19.336124420166016,19.89187031529467,15.79084888227631,17.151468142763708,174705800
2000-07-17,19.259458541870117,21.75073178609212,17.496403630574545,19.8918586730957,170694400
2000-07-24,19.144479751586914,21.61658974953958,18.70371595350233,19.240297968561823,146886600
2000-07-31,19.623573303222656,20.811719343066216,17.898845180869102,19.93019163608551,100479000
2000-08-07,18.895353317260742,20.179317487906246,18.052152966389066,19.374444425710557,72093800
2000-08-14,18.32044792175293,19.316957641346185,18.301284273299213,18.914521023818143,56834800
2000-08-21,18.052152633666992,18.799534749073587,16.806515774656,18.013825345697423,108923400
2000-08-28,18.16712760925293,19.029491261590884,17.783854874880504,17.937163968629473,111414400
2000-09-04,18.87619400024414,19.93019468046082,18.20546629465171,18.72288481039444,149634600
2000-09-11,20.313459396362305,20.42844124200209,17.783858792287,18.56477716059055,175645400
2000-09-18,22.383132934570312,24.146187925991946,20.581750660726467,20.773387072837515,280220600
2000-09-25,21.846561431884766,23.188016958404006,21.271651920519375,23.073035056130927,123291800
2000-10-02,23.858726501464844,26.67578095585467,21.69323566237607,22.268144734700524,180069200
2000-10-09,21.44411277770996,25.717604421525262,19.355276054948224,23.72458589705535,189354400
2000-10-16,22.91972541809082,24.107871719028637,20.8500512164572,22.95805271812107,133260400
2000-10-23,22.958049774169922,23.3029954302092,19.94935710760508,22.637058677577812,100109000
2000-10-30,21.616592407226562,22.689756569287457,18.703718253061282,21.8657198019907,187874600
2000-11-06,22.670591354370117,23.76291908657561,20.754226911904343,21.88488193295915,105351800
2000-11-13,27.23152732849121,27.538145510937277,21.750727317267785,21.769890953670664,187718400
2000-11-20,25.909259796142578,27.672315936116775,23.762930582260942,26.560824021785216,100459000
2000-11-27,25.44931983947754,28.017248196774222,23.07302792675524,26.67579308475357,163929200
2000-12-04,31.658329010009766,33.05727454132376,26.369165083397966,26.714110556872647,261600000
2000-12-11,24.39531135559082,31.44753019208526,24.22283861230699,30.048584607671962,190295200
2000-12-18,26.06255340576172,28.45800868202658,22.766406945621267,24.912734873154584,182133200
2000-12-25,25.20020294189453,28.132241763270855,24.72111163121213,25.83260347199531,87152000
2001-01-01,22.40229606628418,26.29251514366287,21.175823056667255,25.104369415596473,155918600
2001-01-08,22.019033432006836,23.91623474599176,20.7733962056531,22.38314277509485,136682000
2001-01-15,21.578256607055664,22.823893089700974,20.984183823024825,21.348292948721145,96707800
2001-01-22,24.83607292175293,24.95105474083512,21.25247289369136,21.597418350937925,188416400
2001-01-29,26.618297576904297,27.327352299975182,24.376151560707175,24.586951613512035,146452000
2001-02-05,24.261165618896484,27.40400223935385,23.839565584444887,26.311674877365622,117555800
2001-02-12,24.721099853515625,26.963246119299598,24.222845127785853,24.24200877108315,124021200
2001-02-19,18.952848434448242,25.10437962500222,15.369246152100596,24.66361570792203,258164400
2001-02-26,18.55040168762207,19.853529078901307,15.982474181277693,19.27861993568988,269611000
2001-03-05,15.924988746643066,20.380536139656922,15.924988746643068,18.742044517709893,165567800
2001-03-12,15.426729202270508,16.90232938683551,14.487710903001867,15.637529228636936,188009600
2001-03-19,18.052152633666992,18.377934581408326,15.40756976376673,15.484224339705868,226069200
2001-03-26,17.362262725830078,18.742045194107966,15.944152966766694,18.20546312311101,188113200
2001-04-02,13.682842254638672,17.630553045192688,13.107932916208476,17.017316417533813,253478600
2001-04-09,16.263038635253906,16.33662638909046,13.42375187234657,13.708907050189787,124182000
2001-04-16,19.571453094482422,20.390123663600964,14.687021873674372,15.821509021487971,193101000
2001-04-23,17.262611389160156,19.40893965490864,17.127699747817868,18.801835514384226,186369800
2001-04-30,18.884624481201172,19.298558791491967,17.09397324595928,18.078217882184024,135257600
2001-05-07,17.768524169921875,19.298548267987996,17.520163017385087,18.8202246448653,86592600
2001-05-14,20.046701431274414,20.945093046124644,16.92532855288422,17.82065333006069,138282200
2001-05-21,20.70286750793457,21.782165281975644,20.160154122082293,20.347191480550002,106773600
2001-05-28,18.884624481201172,20.988025408416974,18.397101251256625,20.653812525222428,78495200
2001-06-04,18.777307510375977,20.092699289818604,18.568806947223237,19.148315418176306,69079200
2001-06-11,15.131609916687012,18.768102488041766,14.870984876406125,18.7190436156481,123346600
2001-06-18,16.566579818725586,16.741352086989508,14.71154007176195,15.57313757487335,131604000
2001-06-25,17.93103790283203,18.1364727704399,15.91349011289659,16.931462767330153,110211000
2001-07-02,17.839048385620117,19.623566357701105,17.49256946461336,17.642812909188017,85127400
2001-07-09,20.108030319213867,20.831649753512824,16.931464284392927,18.418562693096945,150976400
2001-07-16,19.770740509033203,20.669131835168105,18.921406873354204,20.058959996325193,117345600
2001-07-23,19.372142791748047,20.022174379708023,17.305535094672997,19.743150625383155,142603600
2001-07-30,20.50050163269043,20.966560462759336,18.93981429368423,19.350682900701266,113168600
2001-08-06,19.55304718017578,21.116801055923627,19.071656590785842,20.33185669552045,100644800
2001-08-13,18.875423431396484,20.77339033380769,18.550407604359634,20.043639604086042,98329400
2001-08-20,20.270536422729492,20.28280143570262,18.627062113322648,19.028732515772518,108065000
2001-08-27,18.04448127746582,20.417705579278355,17.793054437628435,20.172412413684807,110650000
2001-09-03,15.079488754272461,18.09048049982307,14.549039212178746,18.01382592143399,184862400
2001-09-10,15.496488571166992,15.879761431536245,15.226664149963376,15.47502538455879,36125800
2001-09-17,13.764094352722168,15.465825566691688,13.061938213321397,14.487713678073538,204633600
2001-09-24,14.576639175415039,15.116287050641441,13.521871119351582,14.27615328050238,159993000
2001-10-01,11.792537689208984,14.733006772178108,11.746545653210244,14.487712404550738,285651400
2001-10-08,15.177610397338867,15.468898103542296,11.90905838683962,11.982647315536113,246560400
2001-10-15,14.80966854095459,15.787781989159637,14.165770366430797,14.907786335745712,165520600
2001-10-22,16.946794509887695,17.47724405759275,14.28841309501165,14.791268117074527,171262600
2001-10-29,16.410207748413086,16.864002586752466,14.852586584420115,16.84867190924111,163518200
2001-11-05,16.992788314819336,17.799194898991214,15.695792840841094,16.428611676370103,242089400
2001-11-12,18.421621322631836,18.51667221246724,16.46233011601913,16.940654911054317,124041600
2001-11-19,18.79876136779785,19.160570920139367,17.84517862406668,18.49827568646695,79076200
2001-11-26,18.00462532043457,18.909148287828508,17.32393238176388,18.841693063300916,126247000
2001-12-03,17.468040466308594,19.086984302758797,17.31473135544306,17.829850061523707,131051000
2001-12-10,17.121566772460938,18.121141965650736,16.78735276201092,17.339265495597875,111994800
2001-12-17,15.327848434448242,17.24727836544768,15.137744257423488,17.13996243459171,137796800
2001-12-24,15.882827758789062,16.333557035575097,15.346245732007972,15.3891721070055,46609000
2001-12-31,15.45663070678711,16.35502255017055,15.260395153359054,15.790844749236813,94461600
2002-01-07,14.260812759399414,15.459689941199025,13.951128874847988,15.453558606155426,215866800
2002-01-14,13.782490730285645,14.644087274136536,13.751828203138754,14.168829215089959,141448600
2002-01-21,14.119773864746094,14.21482596813695,12.65107178310215,13.840751231189312,164462600
2002-01-28,13.019006729125977,14.365060257789208,12.914756508450294,14.2884057181646,129182000
2002-02-04,11.485921859741211,13.19991829641437,10.6059276185552,13.000617092407198,222623600
2002-02-11,11.467524528503418,12.90862955761857,11.240626478965108,11.899856271169154,159294600
2002-02-18,10.026415824890137,11.682153477567034,9.514363384466396,11.317278224232025,194019800
2002-02-25,11.029060363769531,11.268222257808622,10.13373434077833,10.710177058613434,178288600
2002-03-04,13.429876327514648,13.521861549483852,11.114909254621207,11.117974921836105,160292200
2002-03-11,12.874902725219727,13.690507343356543,12.387379589250155,13.34096150444993,117453200
2002-03-18,12.408841133117676,13.491203197144152,11.964244430189718,13.101797873595157,120237200
2002-03-25,11.541112899780273,12.559085586457307,11.384738077703844,12.40271076438088,92010400
2002-04-01,11.010663032531738,12.14208413088425,10.91254527076081,11.375538386013881,119519400
2002-04-08,10.949339866638184,11.406201675589843,10.455684186991322,10.71017795263528,100756400
2002-04-15,11.424592018127441,12.37204217028879,10.562995745314009,11.035187987933485,117008200
2002-04-22,9.397856712341309,11.05359646089791,9.379459766476337,11.038265770148495,202169600
2002-04-29,8.229635238647461,9.670741486056592,8.03646538167759,9.403983307088486,156369400
2002-05-06,8.217367172241211,9.060567185934266,7.552005683497579,8.171374561187145,183642000
2002-05-13,9.9620361328125,10.412764557473576,8.352288333599407,8.769289703899389,174656200
2002-05-20,9.508234977722168,10.259449574373846,9.28440372554604,9.76272818145773,119360000
2002-05-27,9.701403617858887,10.103074044768045,9.290535015487777,9.63394779688305,90085400
2002-06-03,9.465307235717773,10.152132161703017,8.803011165660145,9.95282979763214,146679200
2002-06-10,9.170949935913086,10.42501836883238,8.493324022656315,9.431575512099451,236567200
2002-06-17,8.008869171142578,9.25680538994532,7.892353905382783,9.216944688827738,202019000
2002-06-24,8.428940773010254,8.600646934183269,7.50908546091244,7.9230204683221075,176804200
2002-07-01,8.750886917114258,8.77541635871454,7.4324278228219915,8.355349013378172,101657800
2002-07-08,8.619041442871094,8.861269619444379,7.999672275953601,8.707960454454586,134826800
2002-07-15,9.19548225402832,9.624747734058083,8.24496545800158,8.487194182737811,168873600
2002-07-22,7.969010829925537,9.434646750448316,7.726782638034495,9.131094654752202,219990800
2002-07-29,7.834095001220703,8.665030651212245,7.6317270301908735,8.324684252285795,152087800
2002-08-05,7.941413879394531,8.156046924038167,7.116610485904903,7.74517835388812,138133200
2002-08-12,8.919524192810059,8.980848071609014,7.696117547876472,7.754375174252695,132510600
2002-08-19,9.039105415344238,9.407047530782968,8.56997989071191,8.888862550574654,108029000
2002-08-26,8.496394157409668,9.272138789761627,8.217371507021765,9.164822250805951,90865400
2002-09-02,8.726357460021973,9.014578856250816,8.048731226086097,8.398275937902572,105659200
2002-09-09,8.763153076171875,9.526632754694978,8.554652488977812,8.738623629727169,147580800
2002-09-16,8.609841346740723,8.72329036855753,7.6961190055111555,8.640503291947532,185546800
2002-09-23,8.772344589233398,9.029903856493375,8.272556726762968,8.41973328381791,147605600
2002-09-30,8.971647262573242,9.220007803737376,8.435065492693223,8.585308318080303,161054200
2002-10-07,9.61861515045166,9.738196085663105,8.37987708942713,8.904194622331012,188727600
2002-10-14,11.09958553314209,11.160909442759596,9.400919435915519,9.46837526863226,196291000
2002-10-21,11.197698593139648,11.375536569327531,10.719373703653421,11.019859447295968,155426400
2002-10-28,10.937073707580566,11.222228807325855,9.824050170800238,11.114912875015666,185383000
2002-11-04,10.651924133300781,11.237565252652269,10.547673826573774,11.019865291484178,169900400
2002-11-11,12.093025207519531,12.206474819514138,10.087742434921164,10.532338029659458,209326200
2002-11-18,12.473237991333008,12.50083369718511,11.252896764113451,12.237141656744248,186395000
2002-11-25,12.63880443572998,12.877966292588196,12.289259823504654,12.46709779741939,88209600
2002-12-02,12.718523025512695,13.150854648540324,11.915183654496914,12.877964632753077,154106200
2002-12-09,11.531912803649902,12.485495767644887,11.409265033298821,12.479363262161751,130122000
2002-12-16,11.553377151489258,12.243268297463588,10.986133788217185,11.620833548941093,131875000
2002-12-23,11.427665710449219,12.13902016806025,11.351011125192374,11.577908042545193,54164200
2002-12-30,10.94627571105957,11.584041293102393,10.854290436779651,11.412335759688206,95856000
2003-01-06,11.789475440979004,11.945850280181908,10.909481130141316,10.921744974838065,144706600
2003-01-13,11.283552169799805,12.237135182368752,11.26208898434344,11.988773961101815,129560800
2003-01-20,11.283552169799805,11.973443281440966,11.225295119226226,11.33874355230357,125725600
2003-01-27,11.547242164611816,11.789470840098286,11.053586641291895,11.059719146075112,132744200
2003-02-03,11.111842155456543,11.623893899213716,11.068914632391005,11.556437532623274,109436600
2003-02-10,10.639662742614746,11.884533169401951,10.004962507859494,11.191575837664079,244676000
2003-02-17,10.799097061157227,10.903347331496416,10.504742599833861,10.728574991465422,113391600
2003-02-24,10.602860450744629,10.927875071819816,10.191991917790807,10.716308884346956,128824200
2003-03-03,10.786832809448242,11.035194074750112,10.25331640720366,10.70711138962765,133695800
2003-03-10,11.508716583251953,11.643823828547069,10.446279301292181,10.830107900672324,155723600
2003-03-17,12.039935111999512,12.267162156109269,11.31833782043211,11.321407933803684,157334200
2003-03-24,11.514860153198242,11.9662430460363,11.33062285928793,11.668391621907553,107427200
2003-03-31,10.529189109802246,11.327552331974744,10.381799030540503,11.284563705275763,173106800
2003-04-07,9.789162635803223,11.131027443205673,9.555795403423186,10.995920221443727,164411200
2003-04-14,10.114651679992676,10.344948858992662,9.718540836664225,9.773812253332384,105320800
2003-04-21,9.555800437927246,10.409435754845173,9.43911617458589,10.14229011208846,188984200
2003-04-28,9.859792709350586,9.997971287902287,9.414551143507255,9.525094006348615,129589600
2003-05-05,9.552729606628418,10.13307845818057,9.248737323164141,9.844439675301052,156972600
2003-05-12,9.30400562286377,9.687834247333,9.082920546012852,9.402266242695733,160648200
2003-05-19,9.48824691772461,9.82601634678043,9.294797478594903,9.549659754162473,139066200
2003-05-26,10.318198204040527,10.40123600737108,9.358652209773545,9.377104859425062,111694600
2003-06-02,10.318198204040527,10.957896315684058,10.121368376826615,10.422764196397708,168618000
2003-06-09,10.145975112915039,10.591917283335436,10.01065369451561,10.136747905988702,110648400
2003-06-16,11.210081100463867,11.742136923956549,10.102911915969868,10.139818376691556,165433800
2003-06-23,11.074762344360352,11.33617788947568,10.831801207114337,11.068612439334862,91475600
2003-06-30,11.520707130432129,11.637575286385225,10.82565162018134,11.05938675888916,69269400
2003-07-07,11.88361644744873,12.295729493629143,11.62220195451585,11.656032313808078,123015600
2003-07-14,10.914837837219238,12.166553378655564,10.844101031803154,11.966647463936548,109342600
2003-07-21,11.640650749206543,11.683708304589866,10.558086595648358,11.03785905222113,110783400
2003-07-28,11.2254638671875,11.994331255351028,11.210086754063935,11.754445005667536,89329600
2003-08-04,10.874858856201172,11.622197936607643,10.804123208134504,11.114745069053201,94784000
2003-08-11,11.797497749328613,11.840554122060764,10.810272609290589,10.816422514082467,96873000
2003-08-18,11.954347610473633,12.1788567054873,11.659102869622643,11.745215625737936,102990600
2003-08-25,12.733424186706543,12.813527471711152,11.725964688165146,11.904657174072033,114363600
2003-09-01,12.696455955505371,12.899796386941233,12.372959974849636,12.690293981792005,98511200
2003-09-08,13.192480087280273,13.232532317888829,12.477707784744169,12.66256224477813,100668400
2003-09-15,13.879526138305664,14.187617733718781,13.053840568576419,13.140107014479884,147095600
2003-09-22,12.832012176513672,13.950383539060402,12.819688233745035,13.651535566214111,97192200
2003-09-29,13.55294418334961,13.636127845398933,12.631750177662212,12.967569924518406,96178200
2003-10-06,13.651531219482422,13.719310532576834,13.109289663074149,13.478999601484244,82709400
2003-10-13,13.328042984008789,13.965793719616622,13.31572021240032,13.799423962501535,79315600
2003-10-20,13.617645263671875,14.064378197629631,13.155507988945063,13.380414654945675,73051000
2003-10-27,14.631266593933105,14.973247189039999,13.608401680819659,13.679263763655104,95909600
2003-11-03,14.80072021484375,14.997898643722497,14.15064677413178,14.631270075980835,113402200
2003-11-10,14.603538513183594,14.982490941622643,14.21842411331352,14.729855989329945,61269600
2003-11-17,13.531376838684082,14.572726339471645,13.435869234875254,14.406356663108555,84665600
2003-11-24,13.746773719787598,14.265170676912874,13.58631740666792,13.715917234498969,59802800
2003-12-01,15.268021583557129,15.425392717260964,13.660374469410728,13.857858798129744,142725000
2003-12-08,15.737048149108887,15.786419233473092,14.869967229294323,15.147680314530163,98515400
2003-12-15,15.74630355834961,16.045616394691628,15.042765370023401,16.027101798172737,114033800
2003-12-22,16.363445281982422,16.55167292368021,15.672250046845813,15.706192890706015,44880800
2003-12-29,16.54550552368164,16.968246822871652,16.29247848618829,16.29247848618829,50029600
2004-01-05,18.196338653564453,18.51107959594284,16.483777470461646,16.508463588498646,114293200
2004-01-12,18.412342071533203,18.739426175442002,18.063659373221125,18.16240152211826,94817800
2004-01-19,17.566865921020508,18.4339468466814,17.341610273521308,18.406175537970565,78034600
2004-01-26,18.08526611328125,18.19943654622924,17.295327440628235,17.48972663615568,84644000
2004-02-02,17.801376342773438,18.153146607214563,17.15955231152345,18.011203724187702,70267600
2004-02-09,17.801376342773438,18.412343890856366,17.58846378388222,17.73966337643932,59327800
2004-02-16,18.329025268554688,18.511081285851642,17.89085605018786,17.92479887703799,62992600
2004-02-23,19.489990234375,19.771110667033888,18.72694855496515,19.437472608871676,136936200
2004-03-01,19.73404312133789,19.910128329373755,18.980268660007855,19.59811596092745,92971200
2004-03-08,19.46836280822754,19.93174696776912,19.045137862827985,19.727858644640737,99485000
2004-03-15,19.882322311401367,20.166531446693508,19.245939295905963,19.323170192902737,97025000
2004-03-22,19.079113006591797,19.75256626609993,18.906116617437096,19.551766717481147,102804200
2004-03-29,21.077857971191406,21.10565996349181,19.415847517945334,19.508525539413327,105064200
2004-04-05,20.81527328491211,21.43312054324978,20.611384915248806,20.911041212646616,65787400
2004-04-12,20.03677749633789,21.118009697652276,20.005885619108742,20.833800656105435,67396200
2004-04-19,20.691701889038086,21.315726467425346,19.873053951880195,19.987354165101234,101098000
2004-04-26,19.295364379882812,20.71950211398548,19.174884385622466,20.540325891839466,87607000
2004-05-03,19.53941535949707,20.3487959430305,19.258294964308703,19.323168629709894,80260200
2004-05-10,19.662988662719727,20.138731314984717,19.233583845862324,19.28919019111148,112912400
2004-05-17,20.20360565185547,20.20360565185547,19.091479888979414,19.2088711970583,83517800
2004-05-24,20.750526428222656,20.80621602277511,20.15341113791025,20.28954178246708,81003000
2004-05-31,20.81548500061035,21.322877737168216,20.5586941121106,20.567977672773065,64065800
2004-06-07,21.61370849609375,21.61370849609375,20.744334497016215,20.889743950048352,55995000
2004-06-14,20.571075439453125,21.604425955118195,20.453509603718523,21.366197402156754,89717000
2004-06-21,21.372390747070312,21.675587780426625,20.02656178537678,20.57726862428915,106281400
2004-06-28,22.359329223632812,22.73987511101788,21.165101219328477,21.474487275260692,115994000
2004-07-05,21.830278396606445,22.455239524099937,21.672493214489293,22.21391878869424,67009000
2004-07-12,21.124879837036133,21.935472165444782,21.063003569096434,21.70033809850295,83067800
2004-07-19,21.935466766357422,22.57589565965742,20.852615820942027,21.115593435600218,115816600
2004-07-26,21.41261100769043,22.167513822699547,21.183665961988588,21.783875731982956,85990200
2004-08-02,20.89904022216797,22.50475310786492,20.89904022216797,21.619908324877056,95052800
2004-08-09,21.400226593017578,21.653922989431855,20.827863030910347,20.93924216693882,82694200
2004-08-16,23.018320083618164,23.20395122130299,21.168190667651295,21.21150452109682,65906400
2004-08-23,23.823299407958984,24.083662198750613,23.042206306014783,23.147592934276627,61672700
2004-08-30,23.8604793548584,24.176634301371774,23.159976211679382,23.52572538929146,48291000
2004-09-06,24.480390548706055,24.796545462852976,23.916269234017463,23.92866542573998,59064000
2004-09-13,24.071243286132812,25.521838662952426,23.246757163633706,24.684956350974584,102161800
2004-09-20,23.711692810058594,24.64776121120629,23.500922112711216,23.556714425679125,65898600
2004-09-27,25.075510025024414,25.174696123964132,23.376945420300657,23.525725751101806,64498400
2004-10-04,25.366863250732422,26.030172975033295,25.07550546823385,25.27387763006455,52177300
2004-10-11,26.327728271484375,26.526100411115564,25.280072896475836,25.45984838701111,49288400
2004-10-18,26.036373138427734,27.53036493106525,25.992979372379654,26.11696257456684,64876100
2004-10-25,25.788414001464844,26.172762273036277,23.978266779677668,25.912397238591645,82024800
2004-11-01,23.72409439086914,25.596233796760334,23.469929902656453,25.416458280399883,121602300
2004-11-08,24.920530319213867,24.97632264480427,23.414139893055975,23.52572454423678,67174200
2004-11-15,24.870939254760742,25.78221323377064,24.436999152147298,24.957726802326768,59184100
2004-11-22,25.664424896240234,25.974381707234524,24.492786164264274,24.72215590704366,32596900
2004-11-29,26.96624755859375,27.635755529627204,25.51564931947117,25.633432078175247,68713000
2004-12-06,26.885530471801758,27.320170013924084,26.214945712220267,26.885530471801758,60890400
2004-12-13,26.92278289794922,27.785851423526054,26.705461968451992,27.096637746671266,65321000
2004-12-20,27.66167640686035,27.934879669730066,26.606123728944084,26.972462529850453,52789300
2004-12-27,26.326688766479492,27.88517797018998,26.221132418555527,27.7299498580494,47924400
2005-01-03,26.835857391357422,27.14010339836332,25.898277547673498,26.51298238594669,72389500
2005-01-10,26.208728790283203,27.102844740597103,26.10938283675881,26.761340804799783,53905800
2005-01-17,23.470508575439453,26.680629695578347,22.21626415683505,26.003834498623366,125229900
2005-01-24,22.570178985595703,23.545011877122256,22.129331472835403,23.470503005474086,85169200
2005-01-31,22.942733764648438,23.228353150551765,22.234893387151107,22.936523308792548,58722700
2005-02-07,22.452211380004883,23.27802671110673,21.334568583410036,22.750249301190518,68435200
2005-02-14,21.508424758911133,23.420837830729628,21.47737958433642,22.452212751271496,80026300
2005-02-21,23.020427703857422,23.095087885911298,21.147685845760467,21.178794057165884,81214600
2005-02-28,22.087162017822266,23.157301331414434,21.912954175480785,23.020422384772502,75050900
2005-03-07,23.238201141357422,23.59906325014019,22.024963573498287,22.05607180308851,101679500
2005-03-14,22.6906681060791,23.97856704994527,22.416910249494602,23.387501755432908,94974900
2005-03-21,22.24893569946289,23.119980033647696,22.24893569946289,22.603576975387536,53114100
2005-03-28,22.118282318115234,23.15109092742774,22.006290822962843,22.311157087189944,80174300
2005-04-04,21.7138671875,22.67201306298839,21.63920462052317,22.180497550783773,69062200
2005-04-11,20.33885955810547,21.825856852650876,20.326415797975702,21.732529838379914,107985600
2005-04-18,21.10413360595703,21.81341371310507,19.959336122304254,20.00288809729519,106390700
2005-04-25,21.707643508911133,22.08716990677225,21.104134163236584,21.153909206486098,77545600
2005-05-02,22.136930465698242,22.311138256276976,21.477425814588102,21.67652111050755,54593500
2005-05-09,21.962730407714844,22.64089981318391,21.76985808608328,22.087165618273286,60504500
2005-05-16,23.22574806213379,23.331516464203975,21.65786987093073,21.800969553769296,63100700
2005-05-23,23.17620849609375,23.544183916041348,22.720917278053008,23.213630572066698,45390500
2005-05-30,23.45061492919922,24.02440783154071,23.007798019472165,23.11382597738142,44305600
2005-06-06,22.452720642089844,23.743751888675938,22.284324951773062,23.456856584807003,57538100
2005-06-13,21.766666412353516,22.995327572667073,21.598270720709586,22.246903069530465,83090300
2005-06-20,20.943401336669922,22.209484625219556,20.943401336669922,21.604507741523918,62407000
2005-06-27,20.955867767333984,21.28642326675282,20.581656777593373,20.862316209486554,57396600
2005-07-04,21.673112869262695,21.72924476754437,20.56918712250705,20.731346997176757,51600100
2005-07-11,22.190765380859375,22.259368892927785,21.5358926947538,21.623208418454535,64833600
2005-07-18,24.510881423950195,24.629383393466213,21.69181787669267,22.047319026889873,103759900
2005-07-25,24.623153686523438,25.115866811677193,24.28636225572141,24.317548497932755,66979000
2005-08-01,24.42357635498047,24.947473391366216,24.211522735986797,24.473472443767903,43706100
2005-08-08,25.440183639526367,25.446419460320254,24.080546305544747,24.37367984555743,66015500
2005-08-15,25.078445434570312,26.026449647663373,24.791550080117183,25.253079354861345,59865700
2005-08-22,24.9095458984375,25.72215535705265,24.697017674330695,25.159579944857757,44474000
2005-08-29,24.978322982788086,25.222105038366614,24.40324760906469,24.72829114467042,45476800
2005-09-05,26.759796142578125,26.85355713403603,25.00956235467681,25.122077452027657,54871400
2005-09-12,27.07859992980957,27.19736486139106,26.134725490023577,26.553530025997357,63947600
2005-09-19,27.978723526000977,28.078736744562516,26.46602329719475,26.98484112332549,86973600
2005-09-26,27.97246551513672,28.159989946717577,27.553661030756214,28.053726976472678,67435000
2005-10-03,27.453641891479492,28.928838028124066,27.284871594128074,28.116230673812016,78821700
2005-10-10,26.20973014831543,27.841197145366916,25.853433032235493,27.39738879158347,72598800
2005-10-17,28.128740310668945,28.22875351417121,25.97845524311884,26.19098359862401,81913200
2005-10-24,25.672164916992188,28.747575271375965,24.803299715367405,28.12249211803405,101570500
2005-10-31,28.003726959228516,28.053734759925987,24.390746816447514,25.384629202529545,155126900
2005-11-07,28.391271591186523,28.847584325768498,27.67867728052834,28.022474872953474,68239700
2005-11-14,28.7100772857666,28.953859400807143,27.83495967764316,28.27877065027208,65339900
2005-11-21,28.8663330078125,28.935092519040026,28.422524651983352,28.53503978226432,38708900
2005-11-28,28.253742218017578,29.07259913620346,27.953702768853866,28.910078662094545,62324500
2005-12-05,27.84037208557129,28.72349738858098,27.527207050613818,28.191115395597514,63341000
2005-12-12,28.15355682373047,29.187000728787698,27.827864672728644,27.827864672728644,77124200
2005-12-19,27.80279541015625,28.50428452011211,27.301731760187778,28.44791471016191,56751500
2005-12-26,26.982301712036133,27.98442891102831,26.919667268811803,27.727633666957832,32431300
2006-01-02,29.662988662719727,29.68177779782764,26.875819733686487,27.088772025526897,70212300
2006-01-09,30.46470069885254,30.972029023536315,29.381149734117162,29.399938875648374,75805400
2006-01-16,29.412458419799805,30.51480063998426,29.143136308576302,29.700569667861384,61412000
2006-01-23,30.076370239257812,30.439640437335886,29.124348246426898,29.53772599693483,76198400
2006-01-30,28.861303329467773,30.6025009170678,28.654613169596068,30.120226266627803,59138000
2006-02-06,29.224571228027344,29.637949123746562,28.234970612506974,28.698453688997386,51032500
2006-02-13,30.258024215698242,30.615032372987738,28.485507935417917,28.99909870166811,67627500
2006-02-20,29.613304138183594,30.42282290406093,29.230510725199597,30.171810947703403,38872900
2006-02-27,29.889404296875,30.598515025498894,29.362276360551196,29.575637725107235,60630500
2006-03-06,30.121612548828125,31.339026860890346,29.55683135599732,29.83922195241272,92027900
2006-03-13,31.859878540039062,32.11716719913315,30.090234125030833,30.52950808768795,80052300
2006-03-20,30.9687557220459,32.004186234221955,30.680091087398164,31.77199967103562,58769800
2006-03-27,31.759464263916016,32.47485192326768,30.855814678335108,31.050350884975405,62434000
2006-04-03,32.60662841796875,32.93294600846579,32.02302228029031,32.092051323605965,61856100
2006-04-10,32.305419921875,32.67566473253558,31.947726066778337,32.49367946763377,33400400
2006-04-17,32.248924255371094,32.99569014469599,31.772000172934337,32.26774948153938,63310100
2006-04-24,32.21757125854492,32.93923576959521,31.85987734092185,32.04813691958919,54256900
2006-05-01,32.98317337036133,33.2655616308675,31.552394852901152,32.29288483817101,63510300
2006-05-08,30.742847442626953,33.252979827957304,30.46673134817739,32.85763330699012,62706200
2006-05-15,29.538013458251953,31.06292066418361,28.866552536413053,30.473039800225983,93229200
2006-05-22,28.961946487426758,29.685524230990467,27.747595693562317,29.226210560801892,76484300
2006-05-29,29.572269439697266,30.056751588754235,27.97410791946211,28.69768568498028,56160200
2006-06-05,27.33232307434082,29.553390625042503,26.577288421613822,29.364629561664128,82798500
2006-06-12,27.653223037719727,28.313879751891054,25.828549826963375,27.225368662786476,128321200
2006-06-19,24.85328483581543,28.313868800296056,24.39397125218975,27.879723676095555,131670600
2006-06-26,25.211944580078125,25.74676151508948,24.24927313697845,25.16790094543945,79824800
2006-07-03,23.90949249267578,24.991712394617746,23.682981127134745,24.834413101902772,52265600
2006-07-10,22.88390350341797,24.557568106523604,22.481217644053764,24.003876249996345,81328600
2006-07-17,21.66954803466797,23.77735983514521,21.461914232346718,23.274002617188263,124559900
2006-07-24,22.51896858215332,22.638515187240323,21.35495231076121,21.745056306681263,85773300
2006-07-31,22.216957092285156,22.632227206150432,21.26686784376796,22.39313156477431,69808500
2006-08-07,20.95854949951172,22.349074065594003,20.612489286065088,22.21064998021535,74062200
2006-08-14,23.48164176940918,23.909496102201178,21.084399322459635,21.443043972173975,93058500
2006-08-21,23.59486961364746,24.08090652868864,23.014149275817942,23.355006708376607,58657100
2006-08-28,24.207157135009766,24.49120510405207,23.134090775361656,23.63906360482554,55337700
2006-09-04,23.06464958190918,24.92673858461224,22.906845469949594,24.213463324343003,70774600
2006-09-11,23.23508644104004,24.043043006425236,22.717488965352583,22.812170020914632,94571200
2006-09-18,23.897865295410156,24.75632041595685,23.039410174863463,23.29820893256645,89589900
2006-09-25,22.94471549987793,24.8068043876741,22.831096353646334,24.112467301058345,89987700
2006-10-02,22.957353591918945,23.146718144153425,21.524491213773203,22.793238288755976,98759500
2006-10-09,25.147668838500977,25.147668838500977,22.092580471297037,22.894225823060694,97437000
2006-10-16,23.93573760986328,25.24866958402495,23.38026861270329,25.059305043724915,85641900
2006-10-23,23.44337272644043,24.390197165523798,23.083579632220673,23.91047384253048,77329900
2006-10-30,23.020465850830078,23.746363359815113,22.351375513596235,23.159331839388205,103530800
2006-11-06,22.24408721923828,23.386588400915844,21.682302089841865,23.00785917974459,104672600
2006-11-13,23.752681732177734,24.238718811310026,22.414500783956257,22.660677284737766,95979400
2006-11-20,23.721118927001953,23.90416989512595,23.241393004173478,23.550690170831313,43301200
2006-11-27,22.94471549987793,23.670615333257633,22.53442627884117,23.56330969953863,84470700
2006-12-04,25.038427352905273,25.956630132972975,23.13869846268114,23.23368345781423,119288400
2006-12-11,25.013093948364258,25.329715390748614,24.132886725036528,24.854783227172078,94743500
2006-12-18,23.942913055419922,25.393037347694335,23.74660690206943,25.133407875523567,73469400
2006-12-25,23.930259704589844,24.297539482926055,23.695957995073837,23.771948913872468,42413900
2007-01-01,24.50016975402832,24.949774100705834,23.297009554790677,23.91125359592912,68753000
2007-01-08,25.089075088500977,25.291712559176958,23.803593180969745,24.538154616077477,78712700
2007-01-15,24.614145278930664,25.304379980425523,24.145546991679865,25.20306123596891,64616200
2007-01-22,23.752939224243164,25.27272309343003,23.6516204606727,24.721802467492488,110771300
2007-01-29,23.550304412841797,23.99990874268556,23.303340049136576,23.42998912211186,80325900
2007-02-05,24.259538650512695,24.690144056266433,23.429989503857364,23.556638578896145,95139600
2007-02-12,26.91914939880371,27.47007235428047,24.00623358962076,24.525492473730505,156094500
2007-02-19,27.457414627075195,27.615725364163378,26.494885055703428,26.583538681971987,86947300
2007-02-26,25.0751953125,27.501417185652073,24.992626867423507,27.476011137497135,139749200
2007-03-05,25.500728607177734,25.977080929183394,24.79572678295284,24.903698812971253,86705400
2007-03-12,27.742765426635742,27.90154956830703,25.284787591963244,25.386409345718718,161045100
2007-03-19,27.03776741027832,28.022228748267178,26.904389293222955,27.952363328041773,101164000
2007-03-26,27.09491729736328,27.31086375888252,26.402618560979818,26.885323556306563,76291100
2007-04-02,27.50141143798828,27.920601453519613,26.859924604695493,27.10762746530215,71244400
2007-04-09,27.025060653686523,27.603034837285044,26.421680425723427,27.52681912704506,67130900
2007-04-16,27.590333938598633,28.073039127262113,27.069522103309144,27.16479356558202,69120000
2007-04-23,28.34614372253418,29.425876297067468,27.11397731630355,27.51411400451221,101285000
2007-04-30,28.009517669677734,28.46681670848174,27.44424659274133,28.35884467034934,69465200
2007-05-07,28.492216110229492,28.574784511408808,27.641133332346858,28.022214160654322,58748500
2007-05-14,28.714523315429688,28.93046984288909,27.85073720559208,28.562091897725228,99379200
2007-05-21,27.53316307067871,30.30871099400298,27.209244559795053,28.72086993057622,131776600
2007-05-28,27.250946044921875,28.65267860157345,26.849540271442745,27.652351818401005,95284200
2007-06-04,26.67751121520996,27.44209288772582,26.11044722417662,27.059803266736957,119357800
2007-06-11,27.161741256713867,27.569517409435747,26.123184696755736,26.5054742322981,106704000
2007-06-18,27.391124725341797,28.028275775723394,26.887774812211124,27.047062574806525,86186000
2007-06-25,27.645980834960938,27.88809888967759,26.951486164473838,27.244575034082455,83179000
2007-07-02,27.767040252685547,28.0346424916292,27.467578521025516,27.77978113312644,39320000
2007-07-09,28.894784927368164,28.971244765733097,27.25730772904535,27.728800343480415,76355200
2007-07-16,27.397499084472656,29.041350196199602,27.16812428464669,28.799232081879,109303500
2007-07-23,26.550079345703125,28.14932961695626,26.314334170972426,27.416605040488214,141071600
2007-07-30,25.976638793945312,27.55677250977791,25.842837707284627,26.696619889202136,106378500
2007-08-06,24.14164924621582,26.652025559276673,23.81033045863537,26.218762716328243,152537100
2007-08-13,23.91865348815918,25.2630427323781,22.446833534578246,24.307316057970937,175716900
2007-08-20,24.3582820892334,24.523942707960536,23.351584787541203,23.829448030692483,97601300
2007-08-27,25.510255813598633,25.574208784486967,24.212040999020452,24.65330552014616,70918800
2007-09-03,24.231225967407227,25.727691350740415,24.07134719756204,25.51665264311411,66899800
2007-09-10,25.216083526611328,25.414334108953938,23.457416796672735,24.160882512825456,112817600
2007-09-17,26.111404418945312,26.188145552909734,24.762027078991178,25.01783167205814,97806900
2007-09-24,27.025901794433594,27.53751572653915,26.073025846976854,26.22011399861259,87440000
2007-10-01,27.729373931884766,27.754955120276414,26.271280347350306,26.89160830873122,77033000
2007-10-08,26.961956024169922,27.59507703496885,26.424763252435103,27.473567606880113,73490000
2007-10-15,25.778867721557617,26.85964791414802,25.663754749618075,26.78290674604091,102688500
2007-10-22,26.43116569519043,26.859639729410326,25.612584539776304,25.75327867139812,75058000
2007-10-29,26.437557220458984,27.33927351240879,26.213727886823374,26.584645416784777,71140800
2007-11-05,24.36552619934082,27.083465582397118,23.40625347590919,26.29046816384538,125235000
2007-11-12,26.450349807739258,26.60383209391276,23.847523065552284,24.627729972640992,137561000
2007-11-19,25.919553756713867,27.07068322297276,25.663749106089725,26.68057850824694,69178000
2007-11-26,26.07942008972168,26.87881381429192,24.998640652342885,25.90675075246778,100376400
2007-12-03,25.74894142150879,26.409995189276454,25.19057770938833,26.069840500609278,82227400
2007-12-10,25.27400779724121,26.67954463995617,25.25475219099494,25.89013333528624,87074700
2007-12-17,25.646242141723633,25.646242141723633,24.22786944522883,25.190566244376996,94120900
2007-12-24,25.39594268798828,25.979978678617286,25.094296891771044,25.646243477077185,26700800
2007-12-31,23.76578140258789,25.54356232439244,23.682349417453835,25.184156977315766,80122000
2008-01-07,24.79265785217285,25.0750480956571,22.963532051736248,23.778615819554894,137193500
2008-01-14,24.612960815429688,26.04417300386097,24.388332417209128,25.094309481558813,130430200
2008-01-21,25.67192268371582,26.313720750808717,22.572036844489777,23.95832301974515,141416700
2008-01-28,27.083877563476562,27.379104071958288,25.415201203713146,25.511471888257937,97156300
2008-02-04,26.904172897338867,27.27641693896739,24.998034366659635,26.981190425564577,101936700
2008-02-11,27.083877563476562,27.21223766011455,25.806698396739662,26.910591800255062,96840200
2008-02-18,27.898950576782227,28.7846297598522,26.775804449836265,27.308495339804647,80306500
2008-02-25,27.29337501525879,28.581102092788488,27.11309401037087,27.924360988511005,81380900
2008-03-03,25.909074783325195,27.11953669683245,25.432614593775995,27.048711301183047,89364800
2008-03-10,25.258769989013672,26.237443004406206,24.37667750088057,25.81249310552542,113938600
2008-03-17,24.640663146972656,25.876880224524015,23.76500815563461,24.85313688261336,103917200
2008-03-24,25.84467887878418,26.617315521635355,24.69216269647292,24.69216269647292,84696900
2008-03-31,27.0744686126709,27.46722587018156,25.593582565517764,25.934829547091557,98024100
2008-04-07,26.65595054626465,27.531602864909573,26.514299786770966,27.113093053174122,70523200
2008-04-14,27.39638900756836,27.686128048138162,26.173049939592907,26.54648945932634,78569600
2008-04-21,27.840667724609375,28.27849278498028,26.559377869128184,27.222556700257552,85558500
2008-04-28,28.54248046875,28.909482600144376,27.576684869050013,27.802036193188588,72078700
2008-05-05,28.149723052978516,28.787146770042735,27.930809286599494,28.381514388691038,58254700
2008-05-12,30.19719886779785,30.229391551286835,27.988746885662028,28.143272748866877,89218400
2008-05-19,30.750934600830078,31.137254361973852,29.405259134610926,30.01693024764609,115811000
2008-05-26,31.355846405029297,31.97598615109313,30.61943014855146,31.02639547078418,81510300
2008-06-02,30.45145606994629,31.9049091256208,30.10262674517284,31.401046188202386,115297800
2008-06-09,32.29253005981445,32.29898877331351,29.90886311124486,30.619442342788126,125188800
2008-06-16,31.349384307861328,32.82867795245229,30.935957822644834,31.904927071452082,126534900
2008-06-23,29.48896026611328,31.652990246241416,28.94633747760908,31.569012235199526,121464400
2008-06-30,29.101364135742188,30.128471221202037,28.519984300936656,29.527710333618998,84192600
2008-07-07,31.22018814086914,31.652993191479958,28.907580516708734,29.695676237780436,122659300
2008-07-14,29.19179916381836,31.82093431094556,29.075522710669457,31.523784470327296,133881400
2008-07-21,35.17357635498047,35.561162982100115,27.576857764023636,29.385601928490477,229770700
2008-07-28,35.83245849609375,36.174826602172814,34.366085764907076,35.14771981972111,112471200
2008-08-04,36.08440017700195,36.17483687491481,33.88161110158021,35.167108389138996,105519800
2008-08-11,36.413848876953125,36.743299667577766,34.760143608364345,36.10377913909273,88227700
2008-08-18,35.79371643066406,36.646408993291956,34.96040246039089,36.45907438647723,61304800
2008-08-25,34.11284637451172,35.6743269476311,33.83424174153284,35.54474299505353,58769900
2008-09-01,30.886213302612305,34.68948923887954,30.28365254996028,34.540468571921714,107279000
2008-09-08,31.04819679260254,31.909928014701553,29.467279421348646,31.294406066289177,132869500
2008-09-15,31.5794734954834,31.90991005524893,24.50421905688087,30.147575145547325,158679600
2008-09-22,29.700504302978516,31.579463890921453,28.84525437964614,31.365650174285218,96363100
2008-09-29,26.480363845825195,29.525573866156197,24.62084297624798,29.15626141924103,159231600
2008-10-06,25.25579833984375,27.951132318136388,23.33796507043693,25.78708995540096,188944700
2008-10-13,25.754697799682617,27.925218512396746,23.13711282635311,26.260072210875382,160273300
2008-10-20,22.670625686645508,26.240648650045316,20.869414049232798,25.95556594955216,147036800
2008-10-27,24.7893123626709,25.96852400610929,21.931997450680882,22.184687248880035,121970400
2008-11-03,23.104721069335938,25.19101468587015,21.361825157587408,24.756908992819035,153235600
2008-11-10,21.342390060424805,23.694330010193234,19.968806392595457,23.39628871397128,126209900
2008-11-17,19.547653198242188,21.21927877439606,18.245340062570627,20.882361685049467,142611300
2008-11-24,21.750574111938477,21.770010831577917,19.858656368606187,20.085427572227548,71700800
2008-12-01,20.66855239868164,21.19984538564668,19.009885196952535,21.167447557818804,115717100
2008-12-08,22.082725524902344,22.753281710071423,20.630944028714325,21.034579320491403,110195900
2008-12-15,22.805349349975586,23.684232447110176,21.399138878017474,22.069694681784732,106862600
2008-12-22,22.414737701416016,22.779311729400092,21.985062321468572,22.727228661063485,43770000
2008-12-29,24.120426177978516,24.1725092629932,21.90043559012048,22.414744879078633,54901600
2009-01-05,22.785829544067383,24.550103178449458,21.815803136469704,23.827466472698557,82150600
2009-01-12,23.449874877929688,23.68424381633715,21.67258040628431,22.779321235731548,98125800
2009-01-19,23.807931900024414,24.224586589987776,22.193393734687465,23.248051229089455,93505300
2009-01-26,22.492856979370117,24.133436172889308,21.98505954451551,23.606106348146938,138848300
2009-02-02,23.64517593383789,23.846994135181156,21.52284018206602,22.238965117806398,129215900
2009-02-09,23.2285213470459,24.022770902991496,22.082718464685907,23.59309544297096,107253300
2009-02-16,22.18036651611328,23.137371686244894,21.763711947294848,22.91602363612796,88604200
2009-02-23,21.865150451660156,23.134021569272402,21.368065171954388,22.126774545719226,116780300
2009-03-02,21.995969772338867,23.186355053384087,21.348451297688374,21.538128703852298,134226400
2009-03-09,24.03662872314453,24.18052226493173,21.472722856958278,21.780128384822326,124972600
2009-03-16,24.239383697509766,25.24663084367354,23.37602757506506,24.121653090355256,115414500
2009-03-23,25.46901512145996,25.966100549879034,24.442144361871932,24.749552390103908,104438800
2009-03-30,26.94064712524414,27.163026936819563,24.409443457483555,24.939231316098493,119147400
2009-04-06,27.241504669189453,27.470423870094038,25.51479021581367,26.45663491675176,70345200
2009-04-13,26.803295135498047,27.313459550343268,26.24080488577992,26.777132218061592,84096600
2009-04-20,27.051836013793945,27.221889975452196,25.684854859000115,26.234263612482636,102534800
2009-04-27,27.902101516723633,29.164433083412305,27.136855201649553,27.699342730534504,110755800
2009-05-04,27.333070755004883,28.91588912613795,27.025662850267462,28.09831703484227,87800400
2009-05-11,26.633243560791016,27.810547506093886,26.064211282950716,27.20881282602944,77530100
2009-05-18,27.01913070678711,28.255299645229115,26.77058802494729,26.86869770055142,72765800
2009-05-25,28.622793197631836,28.681890599473107,26.731678843581367,26.744811877865,71075400
2009-06-01,29.8112850189209,30.00170761665095,28.1368606748658,28.957655939650316,90842700
2009-06-08,30.23809814453125,30.513886665979502,29.154649858851165,29.482967976609093,80699800
2009-06-15,30.205280303955078,30.205280303955078,28.530857657644525,29.752202001148795,105854600
2009-06-22,30.33003044128418,30.684614652005394,28.445484921506143,29.850686232658276,98099500
2009-06-29,29.3385066986084,30.49418535109623,29.036454636634904,30.1461689538167,54523300
2009-07-06,28.524288177490234,29.771898508410427,28.104041225352315,29.04303160491585,78524800
2009-07-13,31.124563217163086,31.262456246061976,28.018671154693507,28.708141308925622,87325300
2009-07-20,31.091720581054688,31.991313906602237,30.205262783908957,31.170518722256887,119859600
2009-07-27,30.343168258666992,31.157398518701562,30.073947427623224,30.84221333881148,69741300
2009-08-03,30.18556785583496,30.96696405642277,29.73905502553667,30.645211206258146,61136100
2009-08-10,30.29063606262207,30.84221070657268,29.798158791411492,29.922918798365355,63121000
2009-08-17,31.052337646484375,31.183665434602712,29.312250089872133,29.85725953385901,78687400
2009-08-24,31.118955612182617,31.764795541586107,30.81580420534894,30.881707778123328,70291100
2009-08-31,30.130428314208984,30.973974036697186,29.08258526219618,30.973974036697186,95572300
2009-09-07,30.716955184936523,30.809217680569155,29.79432520068129,30.249051091962773,62366600
2009-09-14,29.300039291381836,30.6312604789629,28.99689058408113,30.420374203104785,96578100
2009-09-21,29.458215713500977,29.741594718658433,29.00348997715065,29.023262300881274,85722200
2009-09-28,27.3098087310791,30.545599299277324,27.16482592995803,29.748185094238455,121234600
2009-10-05,27.48115348815918,28.601488764935652,26.690328439024995,27.415249934252607,116726900
2009-10-12,27.65251350402832,28.04792751155954,27.072576981993144,27.500939014362423,90832000
2009-10-19,26.8221492767334,27.902943075709366,26.459688309608296,27.672286782256588,89845300
2009-10-26,27.237323760986328,28.39060985994583,26.604662047515763,26.729877575768445,96484500
2009-11-02,28.931001663208008,28.977132898219235,27.07256400886963,27.25049733593364,110173600
2009-11-09,30.163373947143555,30.31494838740488,29.095761251323168,29.15507320742231,76667200
2009-11-16,29.721830368041992,30.479705122622644,29.359369512619875,30.24904890025337,64368100
2009-11-23,29.76152229309082,30.42965046470371,29.563066032148765,29.93351485930093,35008600
2009-11-30,29.87396812438965,30.217955660979293,29.318296338125656,29.64905329367624,63499300
2009-12-07,29.701988220214844,30.350271825339945,29.192621989728753,29.840905594853858,64445400
2009-12-14,29.483686447143555,29.940130317418244,29.13969877485161,29.834288150826595,60635400
2009-12-21,30.49580192565918,30.502418480440394,29.642450572650514,29.688756362213923,33852300
2009-12-28,30.60163116455078,31.08453852054537,30.264260194028406,30.46271385454011,31501300
2010-01-04,32.72510528564453,32.943403639452356,30.80671327187599,30.95224719006532,112759500
2010-01-11,32.10327911376953,32.8706353843262,31.79898322725894,32.79787095157669,80400300
2010-01-18,30.945634841918945,32.8772577038561,30.87286787293317,32.16282112487925,75624800
2010-01-25,25.92473602294922,31.547605732490045,25.46167818329722,31.071317308351418,304655600
2010-02-01,25.16399574279785,26.440718095431073,24.760471757714953,25.96442715913966,216518100
2010-02-08,25.693201065063477,25.799043192606952,24.476015336575827,25.21029620042916,151216900
2010-02-15,26.189346313476562,26.420875265550755,25.60059910093678,25.858589225669828,105177300
2010-02-22,24.371845245361328,26.504713300803516,24.232312389694666,26.451559013497693,138095900
2010-03-01,25.75388526916504,26.258864852972863,23.561217430674077,24.464862972514315,235092400
2010-03-08,25.8801326751709,26.172487556122693,25.58113192496084,25.80039998666704,86276400
2010-03-15,26.611013412475586,26.98310340846895,25.640924624480007,25.9133468878118,147268000
2010-03-22,27.793739318847656,29.129272833898582,26.49142501669356,26.630960411870088,140279000
2010-03-29,28.086078643798828,28.23890062537751,27.640899362977922,27.886745734550786,63565300
2010-04-05,28.0196533203125,28.577787398721235,27.80703105564797,28.305364963703717,69997600
2010-04-12,28.39838409423828,28.690739019636293,27.773804091144232,27.926626156783435,79343800
2010-04-19,25.415021896362305,28.830268877674825,25.116021131826724,28.32529178008097,225209100
2010-04-26,25.700729370117188,26.10604117152775,25.102727936125184,25.428307057888873,124878700
2010-05-03,24.252239227294922,25.946573241722646,23.408393887008383,25.853551359820475,127603400
2010-05-10,24.783790588378906,25.700725124128848,24.51801418857923,24.856879922086943,95977700
2010-05-17,23.84693717956543,25.049583871619912,23.14262690873359,24.8901159126698,120093000
2010-05-24,23.7544002532959,24.148525653544198,23.059670302307026,23.781118675832367,112682400
2010-05-31,23.580730438232422,24.589426021948555,23.179925832357352,23.680932863827955,84115700
2010-06-07,23.620807647705078,23.894691340129977,22.932758930985877,23.61412612813811,110631000
2010-06-14,23.841243743896484,24.09508791415365,23.193276652907958,23.847925261884882,92698000
2010-06-21,23.093074798583984,24.288811720675877,22.89935154451831,23.948125646525547,87507300
2010-06-28,21.623455047607422,23.30015940822193,21.129128439204234,23.133157123999517,108969600
2010-07-05,22.65218734741211,22.805829126946175,21.67021320402877,21.8171760141276,67186600
2010-07-12,24.02161407470703,24.863307228778996,23.053000069641545,23.206644452756436,120011300
2010-07-19,26.105796813964844,26.49324076632151,23.87464632121376,24.222008810256636,147479100
2010-07-26,25.43778419494629,26.38635576117432,25.224018968438486,25.86530955145763,81842300
2010-08-02,25.818561553955078,26.05236379952123,25.35095451456941,25.604798772793632,59604100
2010-08-09,25.350940704345703,26.720358571483857,25.250738340401853,25.965507728328888,93285100
2010-08-16,25.99224090576172,26.580089783928706,25.01694797143577,25.30419216484389,90776400
2010-08-23,25.941452026367188,26.485256687299703,25.276804446272674,26.31070096653583,78204000
2010-08-30,27.109619140625,27.170041869567978,25.38421767764136,25.7736066055724,84437300
2010-09-06,27.136470794677734,27.673562839040027,26.800789547473638,26.928350060479783,59882400
2010-09-13,28.553043365478516,28.70074391980471,27.24388867411244,27.485576997949266,96995900
2010-09-20,29.909198760986328,30.191172341769793,28.579901322836346,28.586616381998518,90989500
2010-09-27,29.714496612548828,30.714827645231072,29.338535333992386,29.754779275698787,109718200
2010-10-04,30.05017852783203,30.184451513922422,29.103557689408852,29.82863027767045,78412900
2010-10-11,30.07032585144043,30.553705091633358,29.385535820035475,29.98976051053778,67620300
2010-10-18,29.660789489746094,30.144171212066585,28.49933290565419,30.063605884317052,77088300
2010-10-25,30.318721771240234,30.634262875996413,29.00956475651417,29.774917378988,66105300
2010-11-01,32.44694137573242,33.19886643898365,29.95618528195106,30.56041237985898,129744000
2010-11-08,31.869564056396484,32.44693595096863,31.34589980541243,32.238812749586444,82404500
2010-11-15,32.19854736328125,32.802774684199186,30.93638761010029,31.963571494615884,92388200
2010-11-22,32.1513557434082,32.48837204560068,31.497543294361098,32.2254997412874,47262000
2010-11-29,32.906272888183594,32.98715608407819,31.315555465284028,31.996329863485666,69230600
2010-12-06,33.351131439208984,33.36461239923105,32.41422657313246,32.72428093994926,53853000
2010-12-13,33.33766174316406,33.53987106935613,32.90628116162601,33.37810463689491,66114700
2010-12-20,33.32416915893555,33.70162832178238,33.128701668804155,33.512900025974055,36227600
2010-12-27,33.357887268066406,33.91059400583354,33.01412907065557,33.29722420800751,32175900
2011-01-03,34.86772537231445,35.74396772265579,33.42529522200565,33.627504599587226,96161900
2011-01-10,35.07666778564453,35.35302113281652,34.66550736324035,34.672246559947965,62469900
2011-01-17,34.53742599487305,35.79112426919624,34.436320092658804,35.29908085896205,58948600
2011-01-24,36.22252655029297,37.071806811356836,34.119542203525846,34.45655862908364,124688600
2011-01-31,37.22682571411133,37.32793164760811,35.77091518489567,36.29665986812528,80562300
2011-02-07,38.82427978515625,38.8579834747914,36.9572115989883,37.14593991903866,66607800
2011-02-14,39.8959846496582,40.05775358870465,38.83101458597177,38.91863953508985,73873900
2011-02-21,39.911624908447266,40.03334813121686,38.22102745847736,39.60055559676808,62784500
2011-02-28,39.32329177856445,40.46613455345028,38.52532969633524,39.89133253914039,71963700
2011-03-07,36.25315856933594,39.620827120435585,36.1043852239005,39.553204279590034,101112000
2011-03-14,34.96831130981445,36.24640235995395,33.879566317578124,35.82037372967183,143156400
2011-03-21,35.671600341796875,36.5912856164331,34.96155004523545,36.00295852267038,71426900
2011-03-28,36.834747314453125,37.321637748140276,35.23205867210868,35.80686349721727,61757400
2011-04-04,36.266685485839844,36.99702200652756,35.4349121191126,36.8820626553525,67931600
2011-04-11,35.935333251953125,36.83473219010908,34.79249048673547,36.42898731904643,62018100
2011-04-18,38.505035400390625,38.9648779795014,35.19146690932325,35.299665011487775,69780100
2011-04-25,38.606483459472656,39.532930139485615,38.011392434955134,38.11959056853586,82321900
2011-05-02,38.25482940673828,39.154228265358064,37.47715374070833,38.84315645115828,58210600
2011-05-09,38.626766204833984,39.106897796287534,37.86261808620516,38.37655852792219,50324600
2011-05-16,38.80258560180664,39.059554505252606,37.639453964316466,38.66733731703975,66960000
2011-05-23,38.93094253540039,39.23641689126786,37.96021435427368,38.34715026472834,54254800
2011-05-30,38.72050857543945,40.017075270456395,38.659413701243516,39.338244485849955,55245200
2011-06-06,37.064151763916016,39.02597448108775,36.90123386108886,38.62546430146538,56210300
2011-06-13,35.7675895690918,37.9262714576781,35.58430496464197,37.1931356294125,84173400
2011-06-20,36.78584671020508,37.32891351912643,35.387456668975645,35.65898748390186,60932400
2011-06-27,39.29072570800781,39.35860774922076,36.412482102689296,36.71116929890758,55878300
2011-07-04,40.29538345336914,40.376842397516256,39.03954533256315,39.20246581039053,47055900
2011-07-11,37.30854034423828,40.003499463171806,36.853724948804185,39.867732784545474,91062400
2011-07-18,39.005615234375,40.322548579117935,37.01664088071596,37.2474434449829,96451700
2011-07-25,37.18634796142578,39.03955561338543,36.69759157829901,38.639045364018294,64061300
2011-08-01,34.633934020996094,37.63436372665442,33.24233194960404,37.566481709331086,96495100
2011-08-08,34.28096008300781,34.78329608302522,31.701403208529936,33.43920863662399,142197500
2011-08-15,31.579208374023438,34.93263151385915,31.524900668341594,34.45066227883551,93306500
2011-08-22,33.37126159667969,33.82812330681117,31.35289407429155,32.52573045135199,80917200
2011-08-29,33.8758544921875,36.05105434413704,33.582645400395016,33.855398890815486,74654000
2011-09-05,34.3668098449707,36.33062561809984,32.457540608228946,33.003047590823776,71624000
2011-09-12,36.732933044433594,36.780664511931114,33.828120788689155,33.828120788689155,85769600
2011-09-19,34.29180145263672,37.026143543789196,33.384898332893705,36.18061242881661,84615900
2011-09-26,33.15988540649414,35.989690989826194,33.15988540649414,34.3599952435455,84902100
2011-10-03,34.25089645385742,34.77594535269546,31.639292498606878,32.87349595323763,102409900
2011-10-10,37.48982620239258,37.52391974046568,34.496368299212776,34.78275714043106,61663600
2011-10-17,35.471466064453125,37.469378511191074,35.10324953270869,37.2989081836617,74258800
2011-10-24,36.29652786254883,36.82157658149947,34.63273904232441,35.730567945478505,72817200
2011-10-31,38.526283264160156,38.83994795495039,33.94404130726971,35.9214975949247,137402400
2011-11-07,38.60811233520508,39.06497408612814,37.26480815671796,38.048969966257076,68204200
2011-11-14,37.96031951904297,39.52864812711187,37.78303157788186,38.57401354838906,79205100
2011-11-21,35.499454498291016,37.662552637079344,35.321476598253554,37.23130130680135,61226800
2011-11-28,37.19707489013672,38.12802896470106,36.17713186723043,36.56731076447362,66887400
2011-12-05,37.77207565307617,37.922671932637776,36.65629958712953,37.76522894332082,66148400
2011-12-12,36.01285171508789,38.148568453001985,35.725349928707246,37.24499588652852,68266500
2011-12-19,37.39558792114258,37.47088606163963,35.431000003417466,36.279811844582404,50430700
2011-12-26,37.443504333496094,37.64201713762429,36.971180584966596,37.169693389094796,24274700
2012-01-02,38.44291305541992,38.607200158046744,37.3476744087575,38.25124694506773,48386000
2012-01-09,38.703033447265625,38.83309222132611,37.94321048912478,38.42922247831679,53382100
2012-01-16,39.51760482788086,39.86671383603503,38.826236131126045,38.96998567036406,55562700
2012-01-23,39.558685302734375,40.729221979996176,39.387554117944475,39.66136244685552,76870600
2012-01-30,41.797080993652344,42.40630758613173,39.03844455347233,39.182196731462724,106613500
2012-02-06,42.25571823120117,42.433696152625714,41.441134608349756,41.63280072872537,59182900
2012-02-13,42.79648971557617,42.92654848420043,41.824463166566275,42.43369241644996,56129000
2012-02-20,43.42626190185547,43.679538013540515,42.65959468876147,42.89233327628622,36958200
2012-02-27,42.881980895996094,43.69250068290089,42.586621857365884,43.20481580339261,51996000
2012-03-05,43.91228485107422,44.15269205613726,41.851642681132645,42.744587097392255,58578600
2012-03-12,44.92888641357422,45.07313078729365,43.589465388203735,43.926038213792005,62448700
2012-03-19,45.80121612548828,46.02101779188985,45.0181723614024,45.22423347588099,56895500
2012-03-26,46.74911117553711,47.305488253767614,46.22708547810326,46.2545561017701,53763500
2012-04-02,46.15153121948242,47.278015521924544,45.91111870234496,46.87962332605253,47737000
2012-04-09,45.794342041015625,47.0994166194499,45.045644478517886,45.416560742314026,70560700
2012-04-16,42.758331298828125,46.62546845181026,42.73772571258337,46.2545521779502,116826100
2012-04-23,44.08401107788086,44.296942454356106,42.078317728204254,42.46297192930121,65567600
2012-04-30,42.52479553222656,44.45493176448293,42.160749501254536,43.94663875611814,51818000
2012-05-07,42.490455627441406,43.314713284529795,41.803574683241564,42.09206342208893,52754200
2012-05-14,38.45160675048828,42.93007219645132,38.27301880305826,42.01651900239388,83341100
2012-05-21,39.372013092041016,40.3061715379766,38.36229732764847,38.36229732764847,73107500
2012-05-28,38.0236701965332,40.527769726680944,37.83741459860393,39.94141155770716,52939000
2012-06-04,40.53468704223633,41.045165893567216,37.88572160871879,38.02368907920097,54999500
2012-06-11,38.97564697265625,41.17621795173355,38.36859191130368,40.67953893018112,93180600
2012-06-18,38.38237762451172,39.78964013984322,37.968478123065445,38.71349775197051,64633800
2012-06-25,38.40997314453125,38.59622871699664,36.84404900403387,38.03056481462424,71803700
2012-07-02,38.154747009277344,39.09981953415863,37.823626766213316,38.389290843719756,36332100
2012-07-09,37.927093505859375,38.63072488199104,36.63710396537264,38.20992549348501,54351900
2012-07-16,39.7896728515625,40.62437235688717,36.62333090472125,38.12027120940214,88020200
2012-07-23,40.934776306152344,41.06584390411003,38.67901734229373,38.99634055724997,54693400
2012-07-30,41.55562973022461,41.63150931163828,40.12077276606229,40.858895440209935,48198800
2012-08-06,42.75593566894531,42.80422386628082,41.39696106290763,41.67289587469,36416600
2012-08-13,43.65962600708008,43.69411720567583,42.383430606959045,42.51450084573659,51401900
2012-08-20,43.06636047363281,43.6596184603683,42.48689949025272,43.528548244246686,39160900
2012-08-27,42.39723587036133,43.190546750124774,41.92814810986803,43.14225853638372,36986000
2012-09-03,42.89781188964844,43.61127376052061,41.75488512191079,42.39215416499045,40036200
2012-09-10,44.941219329833984,45.21829326737712,42.35058937600916,42.93937083269509,60074500
2012-09-17,44.51868438720703,45.33604962614852,43.77058895636321,45.052052661253576,61189800
2012-09-24,43.2718620300293,44.581031090820076,42.99478806650427,43.98532391890248,53426000
2012-10-01,43.38961410522461,44.158491796939224,42.613810753911444,43.45195561110344,43361400
2012-10-08,40.792057037353516,43.167957352126905,40.24483742893529,42.980932828653344,57552700
2012-10-15,40.695072174072266,42.43370303112067,40.34180547614121,41.02755925517574,65803700
2012-10-22,40.895957946777344,41.013712653085086,39.68376409011976,40.52190892255351,54368500
2012-10-29,41.0760498046875,41.63019498053894,40.39722163397291,40.97214907054996,28256400
2012-11-05,42.68309020996094,43.500455681344256,40.25177606533684,41.657920539935404,92057100
2012-11-12,42.89781188964844,43.472736782253456,42.08044662448263,42.83547038154687,66941300
2012-11-19,43.729034423828125,43.74981404730905,42.51684039647289,43.29264383411572,34565500
2012-11-26,44.06843185424805,44.200043136577946,42.71770131070726,43.46579920277503,55197400
2012-12-03,44.40960693359375,44.7851350916449,43.79068236911421,44.44437746982326,48603500
2012-12-10,41.60706329345703,45.00767348706167,41.33584672131512,44.36788442485151,78752300
2012-12-17,42.844913482666016,44.18707701581946,41.65574350857322,41.87132244780724,78382800
2012-12-24,42.17035675048828,43.29693876863804,42.10776871321205,42.76841962827838,29012300
2012-12-31,44.15925216674805,45.33451585135401,41.87827117144732,42.08689702907234,60833300
2013-01-07,45.13284683227539,45.57096037425936,43.922812511847376,44.054941613788614,55414100
2013-01-14,44.979854583740234,45.424923837671045,44.17316589778513,44.70864067292752,49442900
2013-01-21,44.27052688598633,45.411020227568414,44.06885404026552,45.01463023581215,46329800
2013-01-28,46.405452728271484,46.8992010767524,43.34559880137549,44.13837843760028,86008000
2013-02-04,46.5584602355957,46.906170932816416,45.45274276514304,46.071667381744376,56781500
2013-02-11,45.50141525268555,46.808805368881416,45.223245675338255,46.59322646661788,57189000
2013-02-18,45.16066360473633,45.939532111430466,44.7295004630708,45.7239531934196,38696700
2013-02-25,46.1064567565918,46.90618739638089,45.06332429880145,45.473620518822216,52865500
2013-03-04,46.52094650268555,47.81222449329775,45.96953480745775,46.102154360491184,59037200
2013-03-11,45.34833526611328,47.114246158998604,45.18779549165454,46.57679710147218,60741200
2013-03-18,46.011409759521484,46.15101068232245,44.252480734074844,44.957450749835324,54270300
2013-03-25,46.72336959838867,46.76524722018336,45.56470569324009,46.19987802502841,33407200
2013-04-01,45.4809455871582,46.653561473895216,45.05517206032727,46.5558434833338,46748100
2013-04-08,46.541900634765625,47.218950728091166,45.43209550105862,45.466997076578956,50706500
2013-04-15,44.62242126464844,46.534908959904435,43.994230320883595,46.227797529243965,61266000
2013-04-22,42.94026184082031,46.45812259466085,42.90536294102763,44.73408978622557,124454900
2013-04-29,44.510746002197266,44.5665837215199,42.75181391037095,43.13570721704292,84412200
2013-05-06,45.11798858642578,45.11798858642578,44.343220712947314,44.54563807248261,50387800
2013-05-13,46.49302291870117,46.534900532290806,44.7969103403231,44.90858575163899,52578600
2013-05-20,44.85274887084961,46.48603963669198,44.329254758890514,46.27664625209266,64521600
2013-05-27,44.308319091796875,45.28550160222756,44.308319091796875,45.11798581763505,47315900
2013-06-03,43.585411071777344,44.94701825320392,43.108147085331815,44.47677167359833,78370500
2013-06-10,43.080074310302734,43.65559805049053,42.63790271763926,43.592430680110034,58960000
2013-06-17,42.58175277709961,44.07671209199648,42.26591860240358,43.24150146307071,75863100
2013-06-24,42.87652587890625,44.160925242316175,41.73249604087838,42.11150018511491,88757400
2013-07-01,42.77827072143555,43.241497165984974,42.30100678736918,43.15727490626072,30917700
2013-07-08,43.529258728027344,43.529258728027344,41.423683506804736,42.63789822975782,86003800
2013-07-15,43.13622283935547,43.97845357623536,42.68703382698692,43.08709295846377,79164800
2013-07-22,45.34706497192383,45.480419761799695,42.94670820530431,43.29061994868581,84721400
2013-07-29,46.84904098510742,46.85606106735761,45.03824530683426,45.248804936309305,64167200
2013-08-05,46.51213836669922,46.77182781617624,45.62078085078287,45.90854526950765,51459900
2013-08-12,46.95432662963867,47.34034552526548,46.18228348363058,46.24544816746325,54524200
2013-08-19,47.129791259765625,47.305255854660686,46.456007857939106,46.940286498616445,41669100
2013-08-26,46.76451873779297,47.441855732375245,46.38351566902871,47.29368876946624,42951200
2013-09-02,47.992210388183594,48.29560153977788,46.933869912807914,47.216095116174365,38148400
2013-09-09,48.387325286865234,49.650278833830406,47.61826178262489,47.978099032608824,78338600
2013-09-16,48.72598648071289,49.41743785646026,47.95692843406262,48.69776342629492,67810900
2013-09-23,47.540645599365234,49.55149652911043,47.32898076354809,49.3892153102864,44479500
2013-09-30,47.992210388183594,48.11215973313801,46.955041244033765,47.2302093369916,35551700
2013-10-07,47.66059112548828,47.73114606513212,46.193024695710236,46.84213875322854,45903400
2013-10-14,48.260318756103516,48.75420874289959,47.216087291595514,47.350145452153214,37247300
2013-10-21,48.168601989746094,48.86005349069682,47.14554165108241,48.3379403469166,44642200
2013-10-28,49.31864929199219,49.389204221423576,47.94986105243971,48.25325209369115,45111900
2013-11-04,47.59003829956055,49.523277324919505,46.74336812446739,49.48799715804158,79861600
2013-11-11,50.9202766418457,50.927333750849265,47.399532868643014,47.48420202769487,63264200
2013-11-18,51.477664947509766,51.5693858238738,49.67143278959602,50.997883857689374,62759500
2013-11-25,52.16300964355469,52.382775955541646,50.30561327042199,50.39777211541967,46951300
2013-12-02,52.29060363769531,52.43947807604142,51.64547566282993,52.12754759072638,37916200
2013-12-09,51.45406723022461,52.59544333322557,51.39026080880212,52.37567166910248,45853600
2013-12-16,51.68802261352539,51.964504526279505,50.81603745189337,51.90778890091976,57481200
2013-12-23,52.318973541259766,52.47493341127289,51.41153968408225,52.12046883554268,21417100
2013-12-30,51.673866271972656,52.6876355840496,51.35485018854592,52.219744967776904,29195600
2014-01-06,52.36860656738281,52.815230055620106,51.43282015724201,51.80855180097036,40521300
2014-01-13,52.97829055786133,53.155522888177245,51.30521692698299,52.30480445743997,51037200
2014-01-20,52.5174674987793,53.80771820690834,52.50328588831984,53.16968095372373,36044000
2014-01-27,52.61670684814453,52.808115282320706,50.319778594537574,52.46783241963005,80557100
2014-02-03,52.751407623291016,52.79394163100526,51.06415320130802,52.226796287554045,55185600
2014-02-10,54.07711410522461,54.41031166747282,52.38277388794981,52.6025401912624,45404500
2014-02-17,53.60213088989258,54.26852598967225,53.24766633191614,54.055845091406425,33296900
2014-02-24,53.37528610229492,53.87153443446163,52.81523132244897,53.85735822870022,40629600
2014-03-03,54.69291305541992,54.98492864472832,52.022012918520026,53.14735348035097,46713600
2014-03-10,53.232826232910156,54.98493631505843,53.061890121812056,54.692920685014215,42338400
2014-03-17,55.69005584716797,56.28833493027199,53.795494549417,53.93082190895944,67329200
2014-03-24,56.46637725830078,56.77976454681708,55.063263814300775,55.86809836272505,52572500
2014-03-31,55.932220458984375,57.947861472283485,55.88236386374905,56.61597037962366,45743700
2014-04-07,55.56185531616211,57.19288590272988,55.1843689081806,55.55473139319234,47241100
2014-04-14,57.91936111450195,57.933603524673956,55.57609067907918,56.05329021226694,34808400
2014-04-21,55.27696228027344,58.16153725986891,54.678677687440846,57.826783496898,60944000
2014-04-28,56.25984191894531,56.61596195591489,55.10601647689861,55.55472576725449,43161200
2014-05-05,56.62309265136719,57.04331173695647,55.86099589844937,56.09603645511516,37890300
2014-05-12,56.56611251831055,57.68432935838429,56.09603683575048,56.7797867410859,39514500
2014-05-19,56.89373779296875,57.228491512704444,56.352439224081145,56.423662147991536,32417100
2014-05-26,57.299720764160156,57.50627107008196,56.893744075682505,56.92935825855093,32779600
2014-06-02,57.55029296875,57.843846485531834,56.66964334335861,57.750771339040476,37015500
2014-06-09,56.64104080200195,57.61477167632065,56.16133667696454,57.478734058407106,36134100
2014-06-16,57.17800521850586,57.27108039478329,56.132677962896366,56.440548730557154,43263700
2014-06-23,56.555084228515625,57.27106202010962,55.781832365076674,57.013309578137616,42787900
2014-06-30,57.98706817626953,58.194702492894045,56.311681946407866,56.6696710173164,23610100
2014-07-07,56.991844177246094,58.072972419771546,56.6696562821949,57.757940371292484,32446500
2014-07-14,56.84148025512695,57.23527025194144,55.760352187717814,56.87728133210188,40803600
2014-07-21,54.48594284057617,58.688737065769985,54.170916130219894,56.85583452376813,80037100
2014-07-28,51.944210052490234,54.59332666983831,51.42154366907838,54.48592886913954,63449500
2014-08-04,52.89643096923828,52.95371049673043,51.66495390301549,52.17329741893641,49288100
2014-08-11,53.27593231201172,53.79143194845606,52.91078195652758,53.12557210609288,39932800
2014-08-18,55.001434326171875,55.352262045921265,53.3761665341875,53.57663951690144,38935700
2014-08-25,54.78736114501953,55.65129130913139,54.54258450210892,55.557695716383954,31079000
2014-09-01,54.57855987548828,54.77294643169094,53.72183641960499,54.65775358465273,36496400
2014-09-08,54.23299026489258,54.895332632174465,54.13939470704603,54.348177614869094,34278900
2014-09-15,54.37699508666992,55.43530635964036,53.9234354665536,54.35539779419282,44039800
2014-09-22,54.038604736328125,55.125713865622615,53.3978596417757,54.34817864098693,39602300
2014-09-29,53.89461135864258,54.13938787940904,52.67071776941755,53.729023041356285,40091600
2014-10-06,51.27403259277344,54.312174637468836,51.25963074356568,53.995399867251535,51582600
2014-10-13,52.14517593383789,52.4691462491342,49.93496368022842,51.24525228835036,56578700
2014-10-20,54.715354919433594,54.72255584619416,51.835599397358145,51.87159853846319,38342000
2014-10-27,56.522403717041016,56.536800078034915,54.18979776178607,54.61456456252671,31924600
2014-11-03,49.86296463012695,56.536795130816756,48.71825904050601,56.37840771025434,133757100
2014-11-10,51.007659912109375,51.26683830443738,49.308604003602156,49.61098245644937,51243700
2014-11-17,51.45403289794922,51.87879420284619,50.1077452080308,50.84208594533095,56628800
2014-11-24,52.79033279418945,52.86274641033855,51.54479870712778,51.92135282598596,34717300
2014-12-01,53.13067626953125,54.19516789682291,51.624448931534495,52.47169973735613,55762400
2014-12-08,51.110321044921875,53.23207299128359,51.110321044921875,53.02206959780957,41648300
2014-12-15,53.17414093017578,53.391387348361185,50.39341219150979,51.305839413160214,59135500
2014-12-22,54.7600212097168,54.832434835277766,53.18861735853577,53.282760044089976,24258600
2014-12-29,53.78965377807617,54.74552787256459,53.4058566414353,54.311040652307085,26517700
2015-01-05,53.891048431396484,54.52830168222099,52.674480572775266,53.37690443799433,53143600
2015-01-12,51.624454498291016,54.347249514457566,50.7772036011088,53.68827291122384,57768000
2015-01-19,52.26894760131836,53.014818368800604,50.65409683765096,51.957564069526214,47637800
2015-01-26,45.23023223876953,52.7903305724167,45.179542157118064,52.26170069964752,109847700
2015-02-02,48.04717254638672,49.234773683727234,45.085409960622904,45.25196627156459,73004400
2015-02-09,51.327552795410156,51.378242879650806,48.4888970283242,49.35787700434152,86020100
2015-02-16,51.79102325439453,51.93585605944994,50.76997822158526,51.24067516960379,35304300
2015-02-23,52.50791931152344,52.55136637913778,50.951001599282826,51.60273523752368,49463800
2015-03-02,52.08546829223633,53.097896861289335,51.35710209539283,52.29669515616011,45669800
2015-03-09,49.99504089355469,53.96463329914856,49.761964000038944,52.180138854136594,93507600
2015-03-16,51.014766693115234,51.42993518349939,50.19171492993059,50.359236035405296,63035800
2015-03-23,48.82238006591797,51.408082011083756,47.83908691669734,50.92735770520246,52042100
2015-03-30,49.50704574584961,50.70156573037714,49.13557747109029,49.339519094254634,49101800
2015-04-06,50.373809814453125,50.402939572735846,48.20327606084016,48.210561278907434,66244500
2015-04-13,48.880653381347656,52.36952795024633,48.77139734608502,51.88152395733172,77502400
2015-04-20,49.70371627807617,50.41023249983023,48.771408274645914,48.9826351749534,61121500
2015-04-27,49.834800720214844,50.85451423844523,49.24482603449932,50.089727710524535,43237400
2015-05-04,50.55589294433594,50.55589294433594,49.16471104590299,49.85665660819657,37439900
2015-05-11,51.7577018737793,51.77955197128521,49.60173852696846,50.38109016097439,47285100
2015-05-18,50.62874221801758,51.80869204770954,50.27912395481648,51.706721211982924,62088800
2015-05-25,50.752559661865234,51.94707984705491,50.075178838569215,50.64330361481877,62523600
2015-06-01,50.063148498535156,51.375968288193434,50.0338110869991,50.979921625765314,45182300
2015-06-08,49.16102981567383,50.019127919736,48.97033948292519,49.89444814643558,47061400
2015-06-15,49.051025390625,49.63042665494201,48.354280080473806,48.80166579601556,46805100
2015-06-22,47.430171966552734,49.601090005402995,47.37883289654928,49.16837578616514,83476800
2015-06-29,46.28603744506836,46.96078105599161,45.4792754954962,46.49872946068214,53219800
2015-07-06,46.0073356628418,46.608738523968945,45.0905626674932,45.95599659892381,62623900
2015-07-13,47.188140869140625,47.43750605436787,46.205362821960705,46.205362821960705,49540300
2015-07-20,45.207908630371094,48.442286381674634,44.61384153137175,47.40082802635989,108265500
2015-07-27,47.22480392456055,47.63551638229469,45.112558435610715,45.45726593215369,60927800
2015-08-03,46.220027923583984,47.54018048459716,45.911990740611714,47.195472941162976,61128000
2015-08-10,45.405941009521484,46.447396775336244,45.17858025837926,45.8386580534569,62594100
2015-08-17,42.252235412597656,45.55261828609697,42.21556505133484,45.10523260449065,66579600
2015-08-24,42.134891510009766,42.398922605906385,38.570477310944284,39.73661278597473,104278700
2015-08-31,40.15276336669922,42.349366811753804,40.04182257333598,41.83904536923437,56807100
2015-09-07,40.426422119140625,41.336127220487235,40.05662315982857,40.75924174678991,48306100
2015-09-14,40.27110290527344,41.35091507329129,39.953075608737215,40.49298169274614,63348200
2015-09-21,39.36140060424805,40.47819217663323,38.74753300137219,40.40423351617828,51644200
2015-09-28,40.72964859008789,40.78881776538257,38.584813948462354,39.23566076999601,57159800
2015-10-05,42.73396682739258,42.985430232532096,40.98851528834675,41.10685366379326,46740200
2015-10-12,44.3093147277832,44.375878658624835,42.17187702380755,42.62303224158502,44742800
2015-10-19,44.91576385498047,45.255978088595135,43.34781766503981,43.97647452373392,47082000
2015-10-26,43.9468994140625,45.04890136472205,43.414390922726625,45.04890136472205,44803200
2015-11-02,39.50931930541992,45.24860071163498,36.92072660027532,44.153996134877744,124186700
2015-11-09,38.41470718383789,39.45753992738246,38.32595624135411,39.109930893762,60854700
2015-11-16,36.698848724365234,39.60546883301014,35.14569419026375,38.429508004158826,102892400
2015-11-23,36.25449752807617,37.14330678758803,36.20221479805754,36.665291627877615,37131600
2015-11-30,39.09271240234375,39.91430055416775,36.07523832065697,36.299307557591256,101992700
2015-12-07,35.447845458984375,39.242095844831915,35.358218327194436,39.07030932173655,69805900
2015-12-14,35.425437927246094,37.04620821907805,34.30508885389661,35.41049959769803,112320800
2015-12-21,37.00886154174805,37.255339690326736,35.507595129515074,35.559877855117556,41655200
2015-12-28,37.33750534057617,38.2785974085852,36.76986015418728,36.93417894748859,38909600
2016-01-04,34.26774597167969,37.793109274436915,34.2378693112609,36.919238326151095,77618200
2016-01-11,34.22292709350586,35.858635601491855,33.70756758120215,34.62625341575824,79123400
2016-01-18,35.90345764160156,36.060305848009,33.15486733752911,34.73082569031578,52510100
2016-01-25,33.86443328857422,36.486050042048895,32.46773161531888,35.82878034239715,82918600
2016-02-01,32.878517150878906,34.663606544472664,32.02705215554093,33.393876793005695,72442400
2016-02-08,33.28184509277344,33.43122272395129,31.54903835851012,32.49759828311132,57417600
2016-02-15,36.91178512573242,37.374865032796855,33.90925056901777,34.058628243093786,58070600
2016-02-22,38.554954528808594,38.83877715967331,37.143314814837936,37.4047313706224,54999700
2016-02-29,39.700889587402344,39.94214049110593,38.230764915751514,38.57756273033321,64905000
2016-03-07,39.369178771972656,40.34926113832415,38.577571018440445,39.53503700644127,56763700
2016-03-14,38.89419937133789,39.5124050608242,38.38154057382186,39.38424179941374,80529000
2016-03-21,38.3438606262207,39.46718484439064,37.793506706267785,38.90175238028224,35141600
2016-03-28,38.35894012451172,38.93945114721515,37.44670687401301,38.01968006242032,43366200
2016-04-04,38.11768341064453,38.56249034137491,37.49193684879592,38.30616087492117,33901500
2016-04-11,38.49464797973633,39.535041772422666,37.84628488009962,38.3438653953657,46632300
2016-04-18,39.685821533203125,40.025081604914526,38.25339427344375,38.51726162036463,58954800
2016-04-25,38.08753204345703,40.16832229600599,37.7784290706814,39.65566328614323,42030300
2016-05-02,38.38908004760742,38.65295016476089,37.79349357801404,38.21568116396001,46577500
2016-05-09,38.690650939941406,39.6028811132339,38.29107966382469,38.449400032557236,40187800
2016-05-16,41.10316848754883,41.14840411732061,38.539873652575594,38.690656209210154,49334600
2016-05-23,42.06861114501953,42.8297584364361,41.21612699162599,41.25418377548752,44988600
2016-05-30,41.81742477416992,42.19038816770268,41.322680852252404,42.159941583833465,46294500
2016-06-06,40.972564697265625,42.14472945114012,40.64527109287465,41.847882438680124,44137900
2016-06-13,40.75942611694336,41.0258293407548,39.93738876901936,40.7974828907605,50304900
2016-06-20,39.67099380493164,42.29695239469386,39.67099380493164,41.23134508467413,49564800
2016-06-27,40.340816497802734,40.98018049806074,38.69673805478889,39.80040248307972,41879400
2016-07-04,41.24656295776367,41.35312599759899,38.94028802549938,40.30274211901846,30984100
2016-07-11,41.672813415527344,42.14472391427182,41.05628307588392,41.07150636984941,36870100
2016-07-18,46.544158935546875,46.56699242559798,41.82504505639774,41.96966199929898,81012400
2016-07-25,47.63261032104492,47.815284088835455,45.78302172676943,46.39954932249646,50639100
2016-08-01,47.191131591796875,47.49559166671092,45.6840603184199,47.472755273787165,49277500
2016-08-08,46.97039794921875,47.52603511516088,46.64310438655406,47.22918814054557,27533100
2016-08-15,47.769596099853516,47.98271928627371,47.008448914107596,47.03889549838849,35990900
2016-08-22,47.92945098876953,48.47747512270989,47.45753752713479,47.72394084971185,30766200
2016-08-29,48.62797164916992,48.89663623934756,47.875716067419035,47.914095886532266,30151100
2016-09-05,46.45563507080078,48.65866914259123,46.4402825598938,48.451414637635104,30208300
2016-09-12,48.351619720458984,48.69704091012394,46.00273864722624,46.233020416400066,48087000
2016-09-19,48.167396545410156,49.12690643675299,47.998521867512444,48.459088372272085,35410300
2016-09-26,52.581153869628906,54.03961040371311,47.484236649171294,47.96783056304863,94665900
2016-10-03,52.343177795410156,53.21057250176474,50.83866720904453,52.25874046883603,47617300
2016-10-10,50.43184280395508,52.64255757216191,49.35719629872589,52.45832743722186,36535800
2016-10-17,52.14360427856445,53.30269383395475,49.96359482244221,50.30134416858113,50985400
2016-10-24,52.504398345947266,54.97609751253674,51.6216478069674,52.504398345947266,73175200
2016-10-31,51.22247314453125,53.35642197790214,50.46253717516994,52.964940344265976,58428200
2016-11-07,51.33761978149414,52.74234379555385,49.37254521956415,51.98241353236751,55520500
2016-11-14,51.66768264770508,51.78282499678979,50.393456658614845,51.752119979941654,44296000
2016-11-21,52.41994857788086,52.65790517273951,50.77726800300682,51.322268954821666,26692900
2016-11-28,50.93461227416992,52.84543489705695,49.34097341073145,52.156920675346655,53491000
2016-12-05,53.00788879394531,53.51847551955384,50.818571437282955,51.35235967510269,33717100
2016-12-12,51.41424560546875,54.33849761125229,51.29047077195655,52.8918471514185,49385100
2016-12-19,51.72370529174805,52.41221958609109,51.414259272425,51.66955268103091,28769800
2016-12-26,50.43949890136719,52.28069919723785,50.31572405329857,51.94030803621483,19218100
2017-01-02,50.694793701171875,51.166697496005014,49.9753343010321,50.95008707913561,28489800
2017-01-09,51.739166259765625,51.893892194574654,50.323460844956216,50.69479128411606,31486000
2017-01-16,48.64472198486328,51.80879509175087,48.44358121804458,51.60765432493216,68675600
2017-01-23,41.9607048034668,45.38780231941616,41.38823078017519,45.38780231941616,224858300
2017-01-30,40.98596954345703,42.084500282530094,40.514065680614834,42.07676250875785,70397900
2017-02-06,41.77504348754883,41.991653879800445,40.784821178861115,41.24125232760222,49475500
2017-02-13,43.67814254760742,44.04947603624629,41.97619517802376,42.223753788212576,65816900
2017-02-20,44.26607131958008,44.335696504624416,43.693597247982744,43.964363168086294,39387300
2017-02-27,44.07086181640625,44.625263666511145,43.64139794387962,44.16456529958995,44021300
2017-03-06,45.78871536254883,45.90584321459362,43.7819454830642,43.93811495956224,47202600
2017-03-13,44.93761444091797,46.10107442060365,44.90637993625973,46.093264305095936,50308300
2017-03-20,44.445674896240234,45.36707179765336,43.80538253813089,45.12501186878634,40060600
2017-03-27,44.773643493652344,45.046937997696965,44.10211645092933,44.289520524193286,31146400
2017-04-03,43.97716522216797,44.92198642147306,43.75852969933654,44.71115803359178,37312700
2017-04-10,41.220794677734375,44.35979090050456,41.212984562243854,44.06306906427722,65178200
2017-04-17,40.99435806274414,41.69711967815169,40.135429847190004,41.37697338195202,72792100
2017-04-24,41.96259689331055,42.12657357091496,39.86212267363851,41.392577621985474,71177200
2017-05-01,42.89179229736328,42.94645117875047,41.306678779763345,41.892312204928125,62963600
2017-05-08,43.196327209472656,43.28222060036565,42.4779515377968,42.93865001547972,46506300
2017-05-15,45.031288146972656,45.124991605119696,42.962052594520394,43.00890432359392,64865800
2017-05-22,45.35649490356445,47.22532041851585,45.23821355116688,46.04251892661906,61405900
2017-05-29,46.19234085083008,46.491981719788825,44.946455209933376,45.16724385190711,46734400
2017-06-05,44.98587417602539,46.562942529316516,44.741430506397535,46.12924933376529,49905800
2017-06-12,44.80451202392578,45.790179752378954,44.433899995461246,44.56795237070086,43808800
2017-06-19,44.8754768371582,45.466877429639474,44.20522403555368,44.914902941719824,41080700
2017-06-26,43.54286193847656,45.49053947669772,43.01454243055673,45.01742013326395,38934700
2017-07-03,43.64537811279297,44.173697728304326,43.16437465248806,43.787314546332134,22222400
2017-07-10,44.796630859375,44.89125412508906,43.38515386038797,43.66113963872873,28009100
2017-07-17,42.45467758178711,44.899132175952204,42.084065578974204,44.73354073095796,69405300
2017-07-24,41.69770050048828,42.48623491157456,41.18515193007417,42.38372459588773,44239300
2017-07-31,41.492679595947266,42.1313935476094,41.40594033001562,41.87117574981444,61080200
2017-08-07,41.57152557373047,42.05253193537795,41.00377996548828,41.39804708054105,41771500
2017-08-14,40.94070053100586,42.65970559262557,40.92493249163222,41.82386113691561,36695200
2017-08-21,41.02743148803711,41.674029260263055,40.60950934472547,41.00377642574222,29791600
2017-08-28,41.49782943725586,42.071863794399135,40.8839322589417,41.27459520562827,27893200
2017-09-04,39.57640838623047,41.378236923638994,39.00237408527369,41.3463454532885,56862900
2017-09-11,41.609439849853516,41.68916852068942,39.791668733524304,39.81558581410617,39110900
2017-09-18,41.52971649169922,41.8725421916989,41.043382217683956,41.64930798382487,30083900
2017-09-25,41.33039855957031,41.68916998761148,40.54110141787974,41.37823576375511,36861900
2017-10-02,41.84861755371094,41.96023463749461,41.178912009671485,41.52970899318265,23379300
2017-10-09,42.11172103881836,43.35546096747728,41.76092400109616,42.000103937785745,38074400
2017-10-16,41.47391128540039,42.25523411732621,41.33837404730177,42.2392883810006,35296600
2017-10-23,43.5069465637207,43.61059233163982,41.56161230567694,41.69714650566953,43005800
2017-10-30,49.27916717529297,51.814478212170755,39.879370812172546,43.18006192194907,150922300
2017-11-06,51.4796257019043,52.45229422435278,49.55023743296515,51.4557086206434,134421900
2017-11-13,53.19375991821289,53.37712828285752,51.623139863425614,51.79056553306149,74687500
2017-11-20,54.93977737426758,55.23476283773555,52.03771432624378,52.76323160891877,45688100
2017-11-27,52.6535530090332,55.411252028435456,51.93799900736196,55.15397425405912,81694800
2017-12-04,51.6485710144043,52.82240147677857,51.294814771043086,52.74200330642172,52065500
2017-12-11,52.0666618347168,52.60533643233295,51.455624575367544,51.503862260530646,51651600
2017-12-18,52.042545318603516,52.64554094605194,51.69682758017354,52.20334169899427,31399900
2017-12-25,51.47170639038086,52.211385722037384,51.45562920520939,51.84958464879485,18219200
2018-01-01,53.441490173339844,53.546007200773474,51.59230124251607,51.761139271749634,23655700
2018-01-08,52.56513214111328,53.489726584517705,52.163135090414684,53.2646092175646,27708800
2018-01-15,54.70374298095703,55.395178191408384,53.087713604531295,53.24851605695391,52700100
2018-01-22,55.097713470458984,55.39519348910183,54.100762526070596,54.51883674985022,45816100
2018-01-29,53.11989212036133,54.977116604659464,52.95105408851499,54.80024304795504,59530600
2018-02-05,51.44758224487305,53.50580818243694,48.641641571674306,53.304809663545726,112022500
2018-02-12,52.13901138305664,53.706803414863494,51.34305901447055,52.17117188018981,59067600
2018-02-19,50.908912658691406,51.56818765940452,49.73508185907971,50.65967335178982,60874700
2018-02-26,52.497337341308594,54.84082325234931,51.921602669089204,52.34327150769108,72694300
2018-03-05,51.110694885253906,53.194694136424786,49.513234338004466,52.17296502351234,68055700
2018-03-12,49.15644454956055,51.47560429702979,46.950812678574984,51.126919266840034,120201900
2018-03-19,43.51261520385742,48.937500347094364,43.50450761685042,48.80775730175489,65246600
2018-03-26,44.931671142578125,46.415609794260064,43.99103349932074,44.2586302109293,45745100
2018-04-02,43.07472229003906,45.004652393963156,43.03417817681612,44.68029330154451,46042500
2018-04-09,45.1911735534668,46.05072328289041,43.25313518817977,43.39909652135206,45823700
2018-04-16,41.712425231933594,45.401998854958,41.61511872711662,45.36145164240941,50754700
2018-04-23,41.444828033447266,42.012454934187936,39.37704719597274,41.76107646710225,55377800
2018-04-30,42.56385803222656,42.65305383798989,39.98521301024582,41.558347388022575,42882900
2018-05-07,44.78571319580078,45.239815334155615,42.255722638264416,42.63684413105004,48424100
2018-05-14,46.63454818725586,47.02378032657558,44.777601860283866,46.48859000165782,59576800
2018-05-21,48.621246337890625,48.65368286886615,46.03449331229033,46.77240737873542,59030100
2018-05-28,48.02312469482422,48.83429668534313,47.24472502542101,48.752361194095904,45525200
2018-06-04,49.375083923339844,51.3333748639065,47.482347008385105,48.03132173028346,44317500
2018-06-11,49.04731750488281,49.50616110291574,48.277110392805966,49.301319317897445,46377100
2018-06-18,47.93297576904297,48.6458242770964,47.40038589913195,48.596664251074586,36110800
2018-06-25,45.98289489746094,47.63801732280005,45.13894752550166,47.597049580346976,52400600
2018-07-02,47.392208099365234,47.58066221657939,45.16352788598314,45.39295287159733,31453300
2018-07-09,47.84284591674805,48.16239859531656,46.49089203621684,47.57245639089682,33820500
2018-07-16,48.02312469482422,48.826104386473865,47.21194957866666,47.86744288556039,39272400
2018-07-23,51.36613082885742,52.242853520118764,47.32665011089046,47.851047766744024,72306400
2018-07-30,53.58662414550781,53.758690533091674,50.74341853602946,51.33336400847502,61032600
2018-08-06,53.111385345458984,54.09462355328876,52.84099265035917,53.96352804284029,41967200
2018-08-13,54.12738037109375,54.23390207866497,52.89014073969237,53.381759674464845,53590700
2018-08-20,55.02050018310547,55.19256651822278,53.86518960996468,54.34861943352969,68048100
2018-08-27,56.2987174987793,57.75719006112944,55.07786216587474,55.200768491625965,72599400
2018-09-03,58.19216537475586,58.99418972331649,56.811363820119745,56.836167656351776,64754400
2018-09-10,62.086509704589844,62.872000066893726,57.89449211760625,58.43193156377273,74843800
2018-09-17,60.93721389770508,63.25233454823941,60.44938846311039,61.87979720200353,71112800
2018-09-24,59.556427001953125,61.06125389082335,58.911502093608426,60.424599029769624,80073100
2018-10-01,58.878421783447266,61.110861193406436,58.33271857758864,59.91195679504028,57652000
2018-10-08,53.156776428222656,59.20088749338788,52.31341143338824,58.522888740420775,84344100
2018-10-15,54.041481018066406,55.075016064605016,52.92526442944418,53.10716760694654,65916800
2018-10-22,51.660213470458984,55.33132868404468,50.58533769276979,54.314333768584305,87150700
2018-10-29,52.36301803588867,53.17330593218649,50.659751243770906,52.503577279993834,71272900
2018-11-05,46.89768600463867,53.19811143961382,46.45946501204623,52.156312682959474,94541800
2018-11-12,46.20314407348633,47.16226431419415,44.260096610209686,46.60828797940444,135563100
2018-11-19,45.682247161865234,46.81500064273132,44.70658986608032,46.17834270198364,58667100
2018-11-26,48.1710090637207,48.82420409218932,45.219232671490765,46.12874557487851,82723000
2018-12-03,46.79667663574219,50.57450865859008,46.54593283538532,50.57450865859008,68209000
2018-12-10,48.159034729003906,49.31244536068387,47.33994703612214,48.28440662813819,69348600
2018-12-17,45.8438606262207,48.927980267792904,45.71013207728668,48.13396561359838,106353400
2018-12-24,47.4820442199707,48.08382115790099,44.72388743345687,44.88269229363411,55281000
2018-12-31,47.306514739990234,48.476641853161105,46.14474745398851,47.7411332909297,47373100
2019-01-07,48.05875015258789,48.61873753700588,46.47908044031558,47.13100681342083,58415500
2019-01-14,46.19490051269531,48.18411548738504,45.44267542485546,47.657557925897144,87113800
2019-01-21,42.87676239013672,45.96088247302555,42.02424157306488,45.94416600347427,103955000
2019-01-28,41.4642448425293,42.86839608486565,41.0379829359237,42.05766503028077,109117800
2019-02-04,42.032596588134766,43.1609310527263,41.347237356727426,41.54782859168849,60471600
2019-02-11,43.44511032104492,43.871372330810765,42.10782461820045,42.24990982922866,67747900
2019-02-18,44.39791488647461,44.42299117866794,43.252864110958285,43.461815145310744,42342800
2019-02-25,45.30059051513672,45.46775200106109,43.68748807439581,44.94955107586152,68793800
2019-03-04,45.260841369628906,46.892700881078795,44.83807990501317,46.14864302565317,68420200
2019-03-11,47.856597900390625,48.48228630545643,45.36230776672648,45.421494115466125,64804700
2019-03-18,48.0426139831543,49.27707672176406,47.72131435755241,47.87350874728941,61044000
2019-03-25,48.22016525268555,49.37007680061832,47.40846412193779,47.83968256511937,54509200
2019-04-01,49.03187561035156,49.55609891828109,48.287814536719544,48.73594065273882,53482100
2019-04-08,48.152530670166016,49.454636733793514,47.17172421746007,48.86277004801611,64019600
2019-04-15,67.54881286621094,69.77253540554041,48.22016203197164,48.31317005175602,295108900
2019-04-22,73.25611114501953,74.93870008446578,67.08379075390876,67.49810166251646,170149400
2019-04-29,75.49674224853516,76.38453744342262,72.57968430606165,73.05318152749624,125134300
2019-05-06,72.57967376708984,74.99786948154338,69.55270705775095,72.99398458203837,83233900
2019-05-13,68.91011047363281,73.56048602706815,67.64182623178681,70.38131838794254,84849700
2019-05-20,55.982078552246094,66.83014048040289,55.71996847950528,65.90851703133796,169352900
2019-05-27,56.49783706665039,57.360267542730746,54.75606204488034,56.34564269430357,65594800
2019-06-03,58.60984802246094,58.686637533290366,56.16954819484284,57.24464040520902,62543900
2019-06-10,58.63544464111328,61.62182491757447,57.9357786653055,58.87435402166339,55374900
2019-06-17,62.048439025878906,62.85902520201053,58.789019139129834,58.95113246848146,61034700
2019-06-24,64.90682220458984,65.22252751001847,61.60473752979833,62.26174463654079,72023800
2019-07-01,65.41026306152344,68.90859290672093,63.22593479664046,68.83179688669135,39279800
2019-07-08,63.90854263305664,65.7259660977454,62.543341449971706,64.83005587281124,52833600
2019-07-15,63.99385070800781,67.74815791816917,63.1832645362895,64.12183971138205,66468300
2019-07-22,64.18157196044922,65.37612523377733,62.55185864623759,64.04504861044983,53640900
2019-07-29,60.70884323120117,65.12015175703357,58.23441267281543,64.13038343955452,72067400
2019-08-05,61.00748062133789,61.59622622375422,57.270241494632856,59.70200690275573,52266700
2019-08-12,62.52626037597656,62.637187222159575,59.13885134003703,60.5808482620847,47033600
2019-08-19,62.731048583984375,67.49219360500533,62.475077035092596,63.635499617487504,53758000
2019-08-26,66.35735321044922,66.59626905158011,61.8777837184539,63.90852605442471,39949100
2019-09-02,67.27032470703125,68.63553190028678,63.73786509053182,65.50409489878153,31112700
2019-09-09,67.43463897705078,68.84508103288974,66.51440489668484,67.976452972161,34025500
2019-09-16,65.74037170410156,68.8020613337826,65.50816107267356,66.72080055318989,27607700
2019-09-23,65.90376281738281,67.34001063132273,64.18371152730023,65.93816463056146,30338600
2019-09-30,66.64339447021484,67.13360889216972,62.91948790691502,66.12738032523221,28130000
2019-10-07,65.9639663696289,66.9271974836964,62.618467032910516,66.23057878955727,30704000
2019-10-14,66.80682373046875,68.76768207181483,65.60278594990314,65.92099795007802,28009500
2019-10-21,68.9482650756836,68.99987108418834,66.11018394400931,67.40881814505734,27833500
2019-10-28,71.8809814453125,71.9411830085406,68.66447917718735,69.27510346897303,33228400
2019-11-04,80.86821746826172,80.93702110067242,72.43136724779627,72.70657521596355,72049800
2019-11-11,78.09894561767578,80.79083073713198,76.9121123025698,78.8729701977347,64266800
2019-11-18,73.0075912475586,79.10517771603303,72.6979814278108,78.0989425211146,57844000
2019-11-25,71.85517883300781,74.21164836396945,71.74337124758055,73.75583560901286,29646000
2019-12-02,72.64631652832031,73.05366391047502,69.17087050674478,72.78499079133162,40491000
2019-12-09,76.12178039550781,77.74249489719973,72.5336656533204,72.80233883545021,50470300
2019-12-16,77.00579071044922,78.40116912545885,75.91375399166927,77.37846954077514,47075000
2019-12-23,76.96246337890625,77.42181034107612,76.2517742537399,77.14446840472715,20588800
2019-12-30,75.41973876953125,77.83781677841603,74.91706107630547,76.88445432420468,28470700
2020-01-06,78.22785186767578,80.07390887715212,74.13705253719138,74.45773190086528,43202500
2020-01-13,83.12467193603516,83.35000774315334,77.35248344299742,78.91253617418444,58416900
2020-01-20,77.69916534423828,82.9600008367115,76.98847609955399,82.6219905015784,39964500
2020-01-27,73.93770599365234,77.6038266536876,73.70370138709254,75.66243281688615,44468700
2020-02-03,75.76642608642578,78.99053044965305,73.80770141993705,74.14571172133792,63034100
2020-02-10,77.65582275390625,80.11723847332264,74.96907123444883,75.21174462671087,41443100
2020-02-17,75.42841339111328,79.63187995417728,74.8217299494827,76.1217715635656,37081500
2020-02-24,67.86219024658203,73.5217049617688,63.56337918500031,72.71567871426662,78750100
2020-03-02,67.67692565917969,72.2021159269478,66.24424055493994,69.03098430534524,62227200
2020-03-09,66.22676849365234,69.04846340780963,58.53045286863633,63.24783398506946,76248200
2020-03-16,53.21028518676758,62.17330337872598,50.66814231758109,59.64863268264961,85099300
2020-03-23,58.17227554321289,60.85419958294309,51.63783498976202,53.769390482237846,75416300
2020-03-30,56.98420715332031,61.46571583246498,56.39016643186849,58.696440605751,61296200
2020-04-06,62.531490325927734,65.4318049876817,59.09828594233445,59.84083511810853,49593700
2020-04-13,66.54126739501953,68.35833397437477,62.40919547629134,62.645061555507866,47908000
2020-04-20,66.42769622802734,66.59368024049914,62.67999930267897,65.53663187838859,37601900
2020-04-27,66.0782470703125,70.64711878880324,65.23960273923204,66.90815364842626,52275800
2020-05-04,70.3763198852539,70.83932093740094,64.72419861706484,65.65894514152959,38101900
2020-05-11,66.19180297851562,71.45080989928498,64.96878431317565,70.1404270450334,63062100
2020-05-18,68.75144958496094,71.59935150626997,67.44980387994241,67.50221708559465,46360500
2020-05-25,70.65587615966797,71.18003489340548,66.5325416642797,70.05310427979809,40913600
2020-06-01,77.95504760742188,78.77377392663522,69.7589790287369,70.33120825683946,56750500
2020-06-08,75.04106903076172,81.11548836197007,73.535670596267,78.35118853958222,51510600
2020-06-15,78.18391418457031,80.19111195286057,73.15711437951632,73.65891382158887,59036000
2020-06-22,77.48844146728516,79.76855256105014,76.8721988562896,78.10469079482142,40204600
2020-06-29,80.87777709960938,81.4323953200513,76.30875731019721,77.65569207165558,30556800
2020-07-06,81.44121551513672,82.70891549478893,80.4992408774215,82.05745809437457,32323500
2020-07-13,81.19471740722656,82.8673777334273,78.5272501499212,82.13669203245615,32495900
2020-07-20,78.25433349609375,82.62086994745796,77.03945256422101,81.15949201925216,35831000
2020-07-27,92.97380065917969,94.85774986393368,78.58007383287922,79.24913526051176,84180700
2020-08-03,95.29794311523438,99.47960805562573,93.31715445925953,94.54964652184105,54620300
2020-08-10,100.13105773925781,102.34073923696259,92.20790373381554,95.6060569890285,63154200
2020-08-17,99.47959899902344,100.79131926448534,96.54803044310013,99.73490143075804,40164800
2020-08-24,104.05740356445312,104.11022915010176,99.71727628379686,100.68566699439062,38416900
2020-08-31,102.64102935791016,109.68614870876208,99.46364125130947,104.72978411674461,52579300
2020-09-07,100.38412475585938,102.49943070516406,97.02087999560108,99.07423163163168,32860100
2020-09-14,97.9678955078125,104.43772169976482,97.18018780807466,101.99493919981232,43372400
2020-09-21,101.34000396728516,102.4463358883254,95.85260033993129,96.61375724180809,40229100
2020-09-28,102.198486328125,106.39369375650197,101.71169773566572,102.63216641344471,31680100
2020-10-05,110.51811981201172,111.42088355611958,103.31368793864497,103.4641474372441,36714100
2020-10-12,114.20000457763672,117.20037619259914,110.58893558444711,113.02286579881282,42678600
2020-10-19,114.06722259521484,116.79322539740312,111.84570675458309,115.17355424358549,22357800
2020-10-26,109.18167877197266,113.88137433661173,107.1371796623864,112.87240022389275,34990700
2020-11-02,128.34335327148438,131.6977593400945,108.34087951937124,110.19066331697948,59491400
2020-11-09,127.6795654296875,132.23766161672893,122.60814305159026,132.23766161672893,47388800
2020-11-16,129.24607849121094,135.70705757290995,127.93618569132624,128.5114727067757,40457200
2020-11-23,127.2989730834961,130.5383160699172,124.89159383178699,125.98907991875161,32727100
2020-11-30,140.10610961914062,140.5238868338906,128.0439420341434,128.55949718347983,47534100
2020-12-07,128.2483673095703,143.1727587790617,126.1239320296522,140.9327640723066,54490100
2020-12-14,131.03945922851562,134.42610979113422,127.40392188608811,128.799464646923,45813100
2020-12-21,132.2572479248047,134.70168268658185,128.36393923637337,128.89726231913616,20083000
2020-12-28,135.41275024414062,135.60830604740062,130.69277262510474,133.8838668168226,17027700
2021-01-04,139.23497009277344,140.0260773379416,130.79056112293554,136.0083126408811,40243500
2021-01-11,139.63499450683594,145.0483029606658,136.57722677364387,138.75500670263844,33723200
2021-01-18,144.37277221679688,149.2794236664219,140.84389591832044,141.27945466876426,27510300
2021-01-25,138.91500854492188,148.48830805364923,135.72391322978433,146.0616547212912,39368500
2021-02-01,129.63502502441406,148.9593957519592,128.55058390574288,139.88387114220075,100185500
2021-02-08,131.5372314453125,134.57721727906926,127.58169491732397,130.75502167246074,56319600
2021-02-15,128.83502197265625,133.1016736093708,127.07503308921198,132.44389368412055,40566000
2021-02-22,121.05731201171875,128.10616714347276,119.50176246900065,126.44395568665783,64809100
2021-03-01,115.88250732421875,125.12631971802499,111.99743040678001,122.80419851314126,62100400
2021-03-08,116.0879135131836,118.99949794281616,109.84499695571913,115.21265837392112,62164500
2021-03-15,117.01678466796875,121.10728284051443,115.31984561332293,116.15938201758574,56202300
2021-03-22,118.7762222290039,121.0626108775168,111.09537258670152,118.74942967671285,48957300
2021-03-29,123.06316375732422,123.63476077837451,115.27515945599448,118.37427747235063,39278300
2021-04-05,125.54608154296875,125.64431181398204,122.71487471680196,124.179593265392,41959400
2021-04-12,123.43830871582031,124.93874605378186,119.59788415610863,124.01883214654225,47865600
2021-04-19,120.95541381835938,122.40227962367166,118.3117823429823,122.26830324891043,39452200
2021-04-26,123.96526336669922,129.77055295003643,120.67856925452085,120.86613076043533,63994700
2021-05-03,123.11677551269531,124.82262682261005,118.2671198122042,124.76904172557967,41448300
2021-05-10,116.23974609375,122.07182781249121,110.46125629312762,121.4823780389646,65038900
2021-05-17,117.40974426269531,119.03521811062639,112.93519736406361,115.4716588482357,40563800
2021-05-24,120.1605453491211,121.1429843254981,117.29363332997234,117.29363332997234,36585500
2021-05-31,120.59416198730469,122.14715611274985,117.97294163753827,121.27640661501177,27146300
2021-06-07,120.84552001953125,121.53673655569142,119.0142612285584,120.01965713752452,33990600
2021-06-14,119.3912582397461,123.32309503715373,118.70902740947213,121.36614849368773,40412800
2021-06-21,123.56549835205078,125.19928056776664,119.08608928977284,119.43618352207005,34852500
2021-06-28,127.99105072021484,128.9336162422237,123.8617225749817,124.08614228510324,31473800
2021-07-05,126.95870971679688,128.52964766143583,121.7252542178782,128.36807204764048,26988000
2021-07-12,125.41471099853516,131.36631211987168,125.25312169206683,126.93177666250901,36331500
2021-07-19,130.05569458007812,130.1544397850847,122.81142088843568,124.16692449329757,31726600
2021-07-26,134.4722900390625,136.0162987059917,124.06819579774258,129.22086346058347,50984800
2021-08-02,131.3124542236328,136.69852704231337,129.7774311409041,134.6518204670141,35506100
2021-08-09,133.4310302734375,134.03247366909667,127.82950736383249,131.77031834247776,26921400
2021-08-16,127.55119323730469,133.82597375927895,124.74146755883262,133.21554497681197,33016100
2021-08-23,130.02874755859375,130.69302094020898,127.12923588820694,128.05384372814822,32824900
2021-08-30,130.4359588623047,133.5654127874602,130.075206764121,131.30173637537462,31048000
2021-09-06,128.67730712890625,131.6714872807057,127.56802379470089,130.48102613275154,24796600
2021-09-13,120.48843383789062,130.59827105385583,120.07357241590964,129.88580810894518,43314400
2021-09-20,120.74095916748047,121.89533827346264,117.79187462954452,118.5674743814967,31458900
2021-09-27,116.0783462524414,120.88524544118687,114.05817594959225,119.433251046295,34048900
2021-10-04,114.13031768798828,117.89106999382118,113.35471800008354,116.26772020968528,41159400
2021-10-11,117.42211151123047,117.67463108616315,110.18018037299497,113.68841349754332,47441100
2021-10-18,118.70276641845703,120.56962255739293,115.65449006439668,116.6285001680215,27220200
2021-10-25,119.98338317871094,120.6958598980682,117.70167971887103,118.8831272366788,26036700
2021-11-01,147.03012084960938,152.00838804796106,119.44224811437188,119.44224811437188,102989000
2021-11-08,148.752685546875,152.88320308109786,143.42269340841278,147.1924727019196,53217600
2021-11-15,166.843994140625,170.19891231289589,149.5373095195841,150.15959472656252,94799000
2021-11-22,158.49276733398438,170.24399357922044,157.8794958193018,163.33574764631933,42481100
2021-11-29,159.78900146484375,169.11327348311457,154.99108755871907,162.47765108341898,65600600
2021-12-06,166.46083068847656,170.04568738647194,155.9506594106125,160.12394911420242,39540700
2021-12-13,160.05152893066406,174.42718829071498,158.4401515482905,169.14948326565798,67076900
2021-12-20,165.42884826660156,166.30696022859402,157.0279537507481,157.7793148025118,24154900
2021-12-27,165.5465087890625,169.63832782442717,165.03956044744862,165.8543106935906,23904200
2022-01-03,163.3195343017578,175.24192177499137,163.05699863556006,165.58270611854408,48119500
2022-01-10,170.81517028808594,173.43139654007592,157.29950006311978,161.38227114875477,47846000
2022-01-17,149.30596923828125,168.37998855012538,148.98008574702152,168.26229919163384,41921100
2022-01-24,151.00791931152344,158.01470632722322,142.4712392927348,146.81651943148856,59753600
2022-01-31,162.4685821533203,173.9021307795146,150.09356011375493,151.2341937553342,98473000
2022-02-07,149.04344177246094,166.56944477525957,148.05670218110492,162.6496295531148,58141300
2022-02-14,151.75924682617188,157.4805517352111,147.08805694169874,149.686187546729,46292900
2022-02-21,154.73760986328125,154.88245620567324,141.0318389671846,148.51841680321726,39501700
2022-02-28,147.5016632080078,157.25572779758178,145.3472306096184,152.9923037622266,46272800
2022-03-07,138.4839324951172,148.3198075108966,134.42959896195944,147.55621292674957,50854500
2022-03-14,139.98387145996094,141.8383175133308,126.40273432919984,137.0840151330216,68832000
2022-03-21,143.60186767578125,145.39268778358957,138.7021147281096,139.98387175630452,39912200
2022-03-28,133.62057495117188,146.62901110241813,129.59349701978783,142.2655908454328,67587300
2022-04-04,124.25741577148438,140.11116948947446,123.95742913022076,134.30237003993582,72310000
2022-04-11,124.4573745727539,129.6207443566366,121.53024808578937,122.07566685216854,40245100
2022-04-18,120.73029327392578,131.63883589812045,120.5848427099135,123.28470811907602,40622700
2022-04-25,126.98452758789062,137.4476329601083,118.77585045232239,119.37582361986809,77596100
2022-05-02,127.7935562133789,135.9022364849603,125.33913732529409,127.81174099844041,56557800
2022-05-09,122.657470703125,127.36633237929225,116.19416526252748,125.4391608600436,52070700
2022-05-16,119.63037109375,127.2663463248698,114.4124459008952,121.79388954903973,47255200
2022-05-23,127.04816436767578,127.39360601556967,114.58516124571301,118.13043231803869,46060100
2022-05-30,129.05113220214844,133.64769806982048,125.59685435216718,127.47934277429029,41570000
2022-06-06,121.72222900390625,132.4780187055092,121.00944227559098,132.4597381898235,35772400
2022-06-13,110.56436157226562,121.79534040472946,108.16098962090496,119.33713387680804,60671800
2022-06-20,114.32022857666016,115.25233987161774,108.04221561345551,113.10483197243876,34326400
2022-06-27,112.88550567626953,124.69219669100548,111.57872749151946,115.32543198109047,63953200
2022-07-04,124.29010009765625,124.63736020228033,109.98865618557677,110.66488890577841,31952800
2022-07-11,131.9296875,132.94403977956904,119.27314510322671,122.0785971190064,41677900
2022-07-18,140.45574951171875,143.16069401276476,128.68562178065207,133.39184342719557,41321000
2022-07-25,132.56028747558594,141.46100407504738,128.5485710072027,139.6333425597211,52534100
2022-08-01,137.26649475097656,138.24428620073442,131.6555756622394,131.8748860728292,31744000
2022-08-08,138.25343322753906,138.57327953336915,129.13340722344697,136.90096776667158,30374800
2022-08-15,134.88140869140625,139.73384718215232,133.74825367252535,137.3670291596973,28151800
2022-08-22,126.45586395263672,134.6620576074108,126.15429822652396,132.77956908435502,29886600
2022-08-29,118.0677719116211,127.8546873351556,115.86227734918111,126.6416555102789,36538500
2022-09-05,121.34844970703125,121.8630641258468,115.69685460204084,118.39858731191819,23730400
2022-09-12,114.8238525390625,123.34260107539455,113.07783713831454,122.22147067375462,45479600
2022-09-19,111.36857604980469,119.27161025332013,109.40200554092276,113.60164534872528,39153400
2022-09-26,103.82390594482422,113.19727727006767,103.76876368239913,111.69018630422218,42984100
2022-10-03,111.11124420166016,116.90067690897975,104.45798149380028,105.67100609057061,36046300
2022-10-10,101.03946685791016,111.23071851236975,96.17818340044546,110.81718305197828,45704100
2022-10-17,106.36024475097656,106.68187879328754,100.66270539516523,104.6877407198632,37642000
2022-10-24,109.54903411865234,110.9550394014468,103.2266026142544,106.91162088804614,38429000
2022-10-31,98.04366302490234,110.85393692726133,93.66941956475527,108.55654118301746,63240200
2022-11-07,111.58910369873047,112.25994632487358,97.64850833901987,98.76963855714946,47642700
2022-11-14,113.81300354003906,117.7461516267996,109.08955763017016,110.95504217680637,42713200
2022-11-21,113.44540405273438,116.74446813282775,110.30256821857652,111.27666181357269,23849700
2022-11-28,116.21257781982422,118.56160820995738,109.19320887986557,112.97571636418485,40188800
2022-12-05,110.09954071044922,116.036868149706,108.90652513149227,115.21378103067188,30870300
2022-12-12,105.91935729980469,118.33040764617202,104.82807226295908,107.33432708152013,51106900
2022-12-19,102.50678253173828,106.50200145947318,99.30691438458635,105.43845977579181,37232300
2022-12-26,101.67444610595703,102.36805928483712,98.78901274172857,101.49872850945202,23864600
2023-01-02,106.66846466064453,107.2603544496242,99.07571257974038,102.97844420251374,33529900
2023-01-09,111.20006561279297,113.17917470101716,105.00379055052821,107.95396093552145,41619000
2023-01-16,113.66009521484375,114.66814310752332,108.51810407395101,110.7376679353048,34751100
2023-01-23,123.37066650390625,124.74864985620516,116.3605542134948,117.02642403767709,42247700
2023-01-30,124.86888122558594,129.4189823035596,118.90381029276182,121.19735407992638,58340500
2023-02-06,119.29222869873047,127.05144788897378,118.0252260318315,122.32562933326393,32683100
2023-02-13,118.11771392822266,123.30594162081093,117.41485052347696,119.72690175401931,26442300
2023-02-20,114.9917984008789,118.02520556519048,113.67855931464598,116.02759648545826,27479600
2023-02-27,115.00570678710938,117.7971074717426,112.45622948283608,117.70406220203463,32120600
2023-03-06,107.18047332763672,116.46652804778948,106.56636183007997,115.63841316088903,38484900
2023-03-13,112.33526611328125,114.32646460772418,105.27301901845523,105.84991102203074,48094600
2023-03-20,116.08504486083984,118.16928859321757,111.47922974688314,112.37247706075931,34259300
2023-03-27,118.70895385742188,119.27653916286116,111.85141111234786,116.99689128558423,30879000
2023-04-03,114.4474105834961,118.69964335943105,112.63300325526815,118.15997093912296,25512000
2023-04-10,111.80489349365234,116.54096607268801,110.50223856088456,113.60068759304363,26443600
2023-04-17,109.57176971435547,112.40038957003658,108.35285340848779,110.84650465633179,25547700
2023-04-24,108.67852783203125,109.63690752448015,104.35185568267113,109.6276008685529,31412400
2023-05-01,101.21617126464844,109.40428145044913,96.30330799272718,109.06000619960619,57644500
2023-05-08,96.41497802734375,101.26270948784578,95.47520451652474,100.84399514394484,40745000
2023-05-15,98.49922180175781,99.67161202631556,95.73573410760677,96.54524282676071,38901800
2023-05-22,102.67700958251953,103.5423439872923,94.41446698451696,96.4614910974276,51205900
2023-05-29,108.32766723632812,109.99539869164883,104.5612109591193,107.27830482538407,49705700
2023-06-05,111.59756469726562,113.22781843901777,105.16086272385088,108.149667207228,42519600
2023-06-12,114.94236755371094,117.49081374933269,112.21590268836394,113.40580566779708,46911200
2023-06-19,106.27578735351562,114.65192943097843,105.9010145686173,114.24904993814708,35834300
2023-06-26,111.53194427490234,112.37518116384427,107.09090619073561,107.33450239894451,34774300
2023-07-03,108.62747955322266,112.88113529100218,106.45380597976931,111.7474456515156,22564200
2023-07-10,114.82994842529297,115.63570746331169,107.64370893682518,109.12405760185464,37907500
2023-07-17,116.85371398925781,119.08360106129192,112.6469073740394,114.61445563150437,55325600
2023-07-24,121.31348419189453,121.72573497179303,114.62381604494058,116.8537101927228,36423300
2023-07-31,113.83679962158203,124.58336942092758,107.64370237895548,121.79132681591494,73767700
2023-08-07,107.38136291503906,114.99858812155124,106.54749722317054,114.50201722057294,34220600
2023-08-14,103.15581512451172,107.29703692546909,101.65673111830502,106.6974033229864,34443000
2023-08-21,103.36194610595703,105.4700351141309,100.96341156630217,102.91221730567335,33368700
2023-08-28,108.87770080566406,109.17020294288207,104.28254780479935,105.01853276745827,31051300
2023-09-04,100.14974212646484,110.45344484862636,99.55530023054428,108.42479084877168,42473800
2023-09-11,106.75467681884766,108.68898311590144,102.67848649034855,104.99021208543184,55538800
2023-09-18,101.60282897949219,107.405740861797,101.30088921189774,106.5187896450081,31770400
2023-09-25,104.79205322265625,105.89602686380242,100.68755761992519,100.81021815835881,30287900
2023-10-02,104.62222290039062,105.9243439504413,101.95194610108474,104.16931686466037,33711900
2023-10-09,102.52752685546875,106.61314789202999,102.4142967394347,104.09383720047282,28753400
2023-10-16,102.49922180175781,107.94358305254902,101.92364793228812,102.93325981501465,39031200
2023-10-23,100.4516830444336,104.32972627357053,98.44189710768862,101.84815899215013,39826600
2023-10-30,112.77461242675781,113.32188052867502,100.18748927553526,100.68757636222048,58705600
2023-11-06,117.19992065429688,117.76605682753579,111.69894845358594,113.2275226002618,44531000
2023-11-13,122.16305541992188,123.01225603177937,115.70908325764832,117.00176665826747,45202700
2023-11-20,120.54011535644531,122.77635398517324,118.65299026280233,122.13473836419314,32146000
2023-11-27,123.12991333007812,124.01301503438084,119.33165883578395,120.85095918458252,48610900
2023-12-04,126.26345825195312,127.21302174065598,121.57261229949081,122.80704773264232,36123300
2023-12-11,135.91102600097656,136.2528694345314,127.30798316056732,127.72577892229975,62421200
2023-12-18,136.2528839111328,137.11697576095847,133.28074525608588,135.32230116641222,33776100
2023-12-25,137.33535766601562,139.4813657102733,136.53771340701778,136.89855213158376,18619600
2024-01-01,129.8338165283203,135.0279301616861,128.13410419627434,135.0184397425581,30226700
2024-01-08,133.1288299560547,135.4647630703905,129.16915100288378,130.08073854460304,33160300
2024-01-15,144.2957000732422,145.06484431916854,130.42257442834318,132.93891233034816,43154600
2024-01-22,143.11822509765625,150.01205152826782,142.7953769552431,145.04583802155707,40505900
2024-01-29,134.54364013671875,143.6119734824791,132.23619354595874,142.81432921663838,74341000
2024-02-05,143.3840789794922,145.66302543249756,134.08785930699176,134.70506974533416,44111000
2024-02-12,144.98887634277344,149.80315652405454,140.9247450713313,142.79538662491464,47299200
2024-02-19,147.0968780517578,148.99600495866315,141.3899924234267,144.22919236535802,35866600
2024-02-26,155.65090942382812,156.5194047378686,147.8917561526257,148.88431182382624,36267100
2024-03-04,162.78976440429688,169.48954929370126,152.92139376770734,157.58834466409155,59517500
2024-03-11,159.5734405517578,165.96782801725664,158.2850273475813,161.29133938677737,48194600
2024-03-18,162.34120178222656,165.0325650067499,156.1663179726268,163.11425276626213,34196900
2024-03-25,161.57766723632812,162.14075188036796,159.3539445326546,160.22243990329673,22606100
2024-04-01,163.70594787597656,167.9243353009557,160.53739163578678,160.59465250717798,35953100
2024-04-08,163.47691345214844,167.9625431964932,162.31257491909994,165.04210726843448,30497200
2024-04-15,150.43995666503906,166.4259313911882,149.20878985932936,166.32094828808724,40544300
2024-04-22,158.10369873046875,158.92447184649726,149.9914120619857,150.8312624261467,33967900
2024-04-29,171.446044921875,174.83412098930086,156.31900825037565,157.66469713935,62590400
2024-05-06,173.77474975585938,175.90302823571847,168.56379143629638,173.61250574789395,31449800
2024-05-13,185.0174102783203,187.13614996353658,174.55732541064063,174.82455252744398,39420400
2024-05-20,200.76478576660156,201.66191159005396,184.4638592665276,185.1510188520322,59833600
2024-05-27,195.54071044921875,208.36272778690574,190.42340262226176,208.1710711107868,52348100
2024-06-03,198.00352478027344,203.638321605536,193.25037496808562,200.8209231929047,43986500
2024-06-10,206.3502960205078,209.25393759266663,196.0294231701555,196.72897656815144,40706400
2024-06-17,203.66705322265625,221.0122512068865,200.6771684288087,208.0368893436536,75134300
2024-06-24,190.873779296875,198.39642407837445,185.75647173625177,198.2814330031813,65570500
2024-07-01,197.1697998046875,198.12809773812464,187.90306054304648,191.15168995249968,23804900
2024-07-08,193.98825073242188,201.6642268180008,191.43918924944742,198.59767624348774,33171800
2024-07-15,178.44467163085938,202.28711520834204,178.01342584589486,194.53448813160267,48774700
2024-07-22,172.5415496826172,188.05639591009864,166.04429071900665,183.034909362964,45949900
2024-07-29,152.66644287109375,175.02353562299865,150.96067370334146,173.93107655351162,82026600
2024-08-05,157.620849609375,158.97205328731138,145.07673240511807,146.87833730903324,45717300
2024-08-12,164.99972534179688,167.35714460880416,150.85525360714962,153.8643084271309,43046100
2024-08-19,166.26470947265625,168.1142176658731,161.35822820083723,164.4152012794394,32807100
2024-08-26,167.98963928222656,169.00543280423597,161.25280563402697,164.79850524532148,44096000
2024-09-02,152.37657165527344,165.83317990596996,151.35552865983317,165.57309820210176,34660300
2024-09-09,161.5659637451172,162.11502345432254,151.8852955876087,155.16998253733016,33777500
2024-09-16,162.71224975585938,170.30266732907776,157.77077068417407,158.86887551143369,56662000
2024-09-23,163.8777618408203,169.29122328164854,159.27342704348345,162.23059752554062,38928000
2024-09-30,162.69296264648438,166.44964747033774,158.0501040473425,165.0721919588484,33708600
2024-10-07,163.73329162597656,164.1667513471748,157.64555701053672,161.4792893173185,26538700
2024-10-14,164.63873291015625,173.22129626651994,163.19385751809634,165.04329625616913,41865600
2024-10-21,164.0126495361328,167.10467508570204,158.26204347885775,163.4057970814548,34828900
2024-10-28,159.19639587402344,170.0811282071796,156.12362478203508,163.19387910836977,37031300
2024-11-04,164.6291046142578,175.40787731969942,157.62627114475964,158.99408474313464,62307800
2024-11-11,154.60165405273438,164.51349194823385,153.7347347690344,163.75253077236664,40984100
2024-11-18,151.02801513671875,160.12110074588472,147.32913733917002,156.62451198793602,44869100
2024-11-25,152.70407104492188,155.58419477398644,148.7836499113994,153.09900720104076,31129600
2024-12-02,154.4517822265625,159.76769447064743,152.25377670421065,153.35762563864748,40693900
2024-12-09,153.5028839111328,157.76335043168098,151.09183851216468,152.48617730795732,39929400
2024-12-16,148.04173278808594,156.04948847876247,144.6914457096363,153.14462092603014,53195600
2024-12-23,152.2537841796875,154.5002072201896,149.64908412341268,150.7238856208925,22782200
2024-12-30,152.8250732421875,153.41573019506865,147.94488781430275,150.30751562582734,20674200
2025-01-06,152.00201416015625,160.41644854734423,150.61736788121073,154.27749938594908,31234500
2025-01-13,159.3416748046875,160.58108384860472,149.89117715108824,150.29785685847472,36761600
2025-01-20,166.65225219726562,169.64426223250237,160.1066226265828,160.7360046867737,27660300
2025-01-27,167.44622802734375,171.1838245679185,161.97540048779965,166.6425610712028,43282800
2025-02-03,162.6338653564453,171.387193483091,160.15503251999343,163.52468967387537,52238000
2025-02-10,166.76841735839844,167.3397191214028,162.90495354159137,164.3476947564218,29385000
2025-02-17,160.18405151367188,170.9030184603408,159.9710415141817,167.76575659852875,32990500
2025-02-24,152.18600463867188,161.30728670100538,148.53555038925572,160.64885716791173,48191300
2025-03-03,156.94931030273438,157.53342234473402,147.3407697084858,154.77838678973816,41881300
2025-03-10,152.43222045898438,155.04122052033276,146.43539439390398,153.1818274307659,37121300
2025-03-17,152.66587829589844,156.2581184937336,149.49222550366648,151.4781946510709,34589000
2025-03-24,148.67446899414062,157.19268267473598,147.54519367252684,155.76162158802907,30991900
2025-03-31,124.08361053466797,151.34190385499775,123.32427375887177,146.81507246358063,55183300
2025-04-07,135.56129455566406,141.02268733984593,117.60003444182736,121.28963154218958,80000900
2025-04-14,133.03988647460938,139.31902330148506,128.29888244864702,138.9685590906807,30830200
2025-04-21,144.62466430664062,145.24771020328487,129.8273131204005,131.161017261361,39386000
2025-04-28,136.10646057128906,145.34507784495952,131.29731773991503,144.2547363047317,59309600
2025-05-05,141.3341827392578,143.59273319840966,133.8186987763792,134.63644365796816,39025800
2025-05-12,148.46029663085938,150.27102608886838,145.86102633469235,149.99844443751957,42155900
2025-05-19,141.52891540527344,151.99414989080728,138.01454304432,146.5619612776263,40728800
2025-05-26,141.3536834716797,146.5132906997994,139.67924467531498,143.64143847095335,36557400
2025-06-02,146.15939331054688,147.48151764435403,141.49763966616032,141.81104139921564,31127600
2025-06-09,151.52627563476562,158.7931104259136,148.049551638638,148.67634018024108,42653500
2025-06-16,148.1964569091797,155.17926915432798,147.5206975110454,153.7885826140853,38043800
2025-06-23,155.26742553710938,157.77459480877476,146.59031223268468,148.1083202660693,48212000
2025-06-30,158.86167907714844,160.57555569929423,154.54270640282465,155.12052407748888,30127700
2025-07-07,154.20973205566406,158.48952214439836,153.90611849371814,157.7843831212168,29838700
2025-07-14,151.6046142578125,153.4751915363432,148.41189776394376,153.191169361165,35409100
2025-07-21,155.1302947998047,156.7364412555547,151.71234508535682,151.7221332851774,31733100
2025-07-28,145.13107299804688,160.22298425751296,142.57494786905477,156.46223795769816,70617500
2025-08-04,144.51406860351562,147.67739085806696,141.13528638672807,145.4444557438169,36202600
2025-08-11,154.59165954589844,155.97254290846743,144.6609704560788,145.5032188971561,36501800
2025-08-18,154.74835205078125,156.58954987102464,149.89074474400996,154.52310389526758,31031400
2025-08-25,157.41221618652344,158.2642678572016,152.19223595379333,154.35662383324456,36481300
2025-09-01,157.4314422607422,161.026451136774,152.14236508606032,155.4418915158775,29592100
2025-09-08,159.39146423339844,159.88392997655464,154.2501206725388,157.87466132831474,35193400
2025-09-15,164.3358154296875,167.02467403078552,157.79587132280196,158.96792710255988,49525700
2025-09-22,166.650390625,171.81143659464067,163.41981682075487,164.33581084188893,33818400
2025-09-29,166.6306915283203,169.1619725083834,162.01137576208708,166.65039436493217,29906800
2025-10-06,151.27561950683594,169.38850847571922,151.0392455746379,167.9702047670854,45462500
2025-10-13,160.98704528808594,162.70083145119136,153.432622739063,153.60005928500283,36840100
2025-10-20,166.39431762695312,169.8218747836982,159.6179846021993,160.8786956260334,37256400
2025-10-27,178.17408752441406,202.84662255382224,166.2761292190521,166.404160083781,131052700
2025-11-03,168.31494140625,180.68567849260876,165.71472287872786,180.1932127485412,66503600
2025-11-10,171.35836791992188,176.13529142095254,166.9458792717353,171.14168180056413,44810200
2025-11-17,160.8393096923828,172.20541207639837,156.45636772108577,170.1961585198341,52351200
2025-11-24,165.55712890625,165.65562806581846,159.43085389686175,161.89318259745633,32864700
2025-12-01,173.0556182861328,175.47113305653772,163.8390551247221,164.24494402259327,39246800
2025-12-08,176.5006866455078,181.59901064778435,170.59061506986527,172.9863262964299,40694400
2025-12-15,173.4912109375,178.50042693625164,170.32332879457937,177.91635173448654,56783600
2025-12-22,173.0556182861328,176.5304018721059,171.7686619619077,175.7780195042173,15200600
2025-12-29,171.24398803710938,173.43181537332634,169.2937575260476,172.2636498650468,18622500
2026-01-05,175.99581909179688,182.59887792375036,172.2636501500306,173.69911020077782,47874800
2026-01-12,157.82008361816406,174.1149002395087,157.61219960499022,174.1149002395087,52843200
2026-01-19,154.2562255859375,157.82998176985217,151.71201039579623,153.39494647856648,35710300
2026-01-26,150.0686492919922,155.16697330046173,148.22731552313604,153.2464405935668,43617900
2026-02-02,135.961669921875,152.09808825405776,131.3979346805967,149.45488584093812,85581200
2026-02-09,139.28794860839844,140.96099038744876,135.13010232715516,135.72408684118435,55715900
2026-02-16,141.44607543945312,143.03000893603473,138.49597154543184,139.58493809767504,39099700
2026-02-23,140.93128967285156,145.4653270568583,138.2385861163615,140.5452042786458,47786100
2026-03-02,135.190673828125,141.48740881626676,132.9290229941276,137.3227981871269,46824100
2026-03-09,129.34228515625,138.07004392644214,128.7444870037465,132.9987781689575,47531900
2026-03-16,129.42198181152344,133.55671956862807,128.4256616583858,130.58768976901683,118986200
2026-03-23,126.64225006103516,133.4770066383571,126.2138321087662,132.6600168491435,47387600
2026-03-30,126.3333969116211,129.75076769777596,123.55366280624233,126.98099892217603,42561700
2026-04-06,127.58875274658203,130.12937210529233,121.5410898932355,126.09427255941581,47194900
2026-04-13,135.69879150390625,136.4659622202573,125.99463607821693,127.52896990960008,43746100
2026-04-20,148.30226135253906,150.98234980288177,131.56407968546827,135.90803617522425,68875600
2026-04-27,176.35862731933594,186.2022754359052,143.4701040737201,155.73480289926653,184480700
2026-05-04,218.2837677001953,227.21080251152287,164.18358307109042,176.5678498557628,176479500
2026-05-11,200.74855041503906,246.98775654311382,198.42712266529153,231.1562301318646,161051100
2026-05-18,237.28359985351562,242.10578551304346,190.3170707123007,206.0091123659239,118264600
2026-05-25,250.09628295898438,258.9635412258548,223.35503915110172,239.83418259301195,106241300
2026-06-01,215.94000244140625,255.08999633789062,215.0,233.3300018310547,97535500
2026-06-08,211.72000122070312,221.92999267578125,190.10000610351562,221.02999877929688,98570300
2026-06-15,226.11000061035156,231.19000244140625,212.67999267578125,219.77000427246094,92660700
2026-06-22,189.38999938964844,233.44000244140625,186.17999267578125,222.92999267578125,139427000
2026-06-29,176.25,194.58999633789062,172.1199951171875,193.02999877929688,85630000
2026-07-06,189.16000366210938,196.08999633789062,177.10000610351562,178.1300048828125,62030100
2026-07-13,171.77999877929688,189.99000549316406,164.77000427246094,185.05999755859375,67781300
2026-07-20,166.97000122070312,178.64999389648438,165.77000427246094,175.5500030517578,51170898
