Date,Close,High,Low,Open,Volume
1972-08-21,0.01148279383778572,0.011526620881003164,0.011309087502876482,0.011309087502876482,7526400
1972-08-28,0.011221961118280888,0.011569908214469219,0.011134840691882714,0.011482787788071045,13363200
1972-09-04,0.011091556400060654,0.011221970339897067,0.011091556400060654,0.011221970339897067,7987200
1972-09-11,0.011178671382367611,0.011265257227790652,0.011134844347850479,0.011178671382367611,10444800
1972-09-18,0.010308541357517242,0.01126526302625426,0.010308541357517242,0.011221970579033505,19660800
1972-09-25,0.010134830139577389,0.010265244020065373,0.00974305587961026,0.010265244020065373,12134400
1972-10-02,0.010265245102345943,0.011091552521944076,0.0102214170659793,0.0102214170659793,44544000
1972-10-09,0.010395663790404797,0.010482784306450247,0.010351836725179465,0.010351836725179465,6451200
1972-10-16,0.011004425585269928,0.011134839402841578,0.0100477048338593,0.010351824874713577,64665600
1972-10-23,0.010917315259575844,0.011004435756411825,0.010786902317014693,0.011004435756411825,6144000
1972-10-30,0.01178743876516819,0.011961679577863885,0.010830718123185848,0.01091730392025237,19353600
1972-11-06,0.011917860247194767,0.01196168728547566,0.01178744636050639,0.01178744636050639,5068800
1972-11-13,0.011700326576828957,0.011874567511907005,0.011657034145662212,0.011874567511907005,9369600
1972-11-20,0.011874566785991192,0.012048273100793407,0.011569912970831464,0.011700325861564836,4608000
1972-11-27,0.011396215297281742,0.012178696221649039,0.01117868078383962,0.011874575789963558,45004800
1972-12-04,0.011744154617190361,0.012004981410239205,0.011482793214484512,0.011482793214484512,39475200
1972-12-11,0.011961686424911022,0.012004979846000085,0.011744153086936755,0.011830738933566301,11520000
1972-12-18,0.01200497429817915,0.01200497429817915,0.01122195977325385,0.01196168089709713,36556800
1972-12-25,0.01200497429817915,0.012135387119669258,0.011744147659650811,0.01200497429817915,5068800
1973-01-01,0.011917860247194767,0.012135393600819125,0.011874566822991026,0.012048273138334491,13670400
1973-01-08,0.011569912545382977,0.01191785977181684,0.011352378204886946,0.01191785977181684,26419200
1973-01-15,0.01148279383778572,0.011787447688210034,0.011396207975174112,0.01148279383778572,15360000
1973-01-22,0.011048262007534504,0.01143950176702603,0.010874021042249962,0.01143950176702603,13670400
1973-01-29,0.010526075027883053,0.010961142885343722,0.010308540601378218,0.010961142885343722,25344000
1973-02-05,0.010438958182930946,0.01061319923074026,0.010351837659026291,0.010526078706835603,19507200
1973-02-12,0.011221961118280888,0.011309081544679063,0.010438946499506054,0.010438946499506054,19200000
1973-02-19,0.011091556400060654,0.011396211335875362,0.011004435902071506,0.011309090837886214,68812800
1973-02-26,0.01061319001019001,0.011048257641731585,0.010569361983538661,0.011048257641731585,22579200
1973-03-05,0.009960588999092579,0.010613191005372677,0.009134281685179208,0.010613191005372677,75878400
1973-03-12,0.009655933827161789,0.0101348284664104,0.009438934133756264,0.010003880993488855,17049600
1973-03-19,0.007612079381942749,0.00956934928253556,0.007481131393596932,0.00956934928253556,38092800
1973-03-26,0.00791619997471571,0.007960027512409328,0.007612080259089327,0.007612080259089327,25651200
1973-04-02,0.00756825553253293,0.007960030469066626,0.0075682555325329295,0.00791620291509379,11366400
1973-04-09,0.00756825553253293,0.007655376030634236,0.007524962588404459,0.0075682555325329295,6912000
1973-04-16,0.007612079381942749,0.007612079381942749,0.007350718014835303,0.007481131393596932,7219200
1973-04-23,0.007829081267118454,0.008090442723035654,0.007655374906272833,0.007655374906272833,27033600
1973-04-30,0.007829081267118454,0.007829081267118454,0.007655374906272833,0.00778578832934851,6604800
1973-05-07,0.007742492947727442,0.00787290632963926,0.007742492947727442,0.007742492947727442,3072000
1973-05-14,0.007524962071329355,0.007612082563444209,0.007394548638060891,0.007612082563444209,17664000
1973-05-21,0.0074811349622905254,0.0074811349622905254,0.0071770151366351495,0.0074811349622905254,27494400
1973-05-28,0.007655374240130186,0.007872908129582593,0.007568253762405358,0.007568253762405358,2918400
1973-06-04,0.006915647070854902,0.007655368679638771,0.0066548204368516595,0.007655368679638771,16588800
1973-06-11,0.005219744984060526,0.006915653888517236,0.005219744984060525,0.006915653888517236,165580800
1973-06-18,0.0059589301235973835,0.006176463974996068,0.005219742716542499,0.005263035642971914,17049600
1973-06-25,0.005263037513941526,0.0059156393001325285,0.0051326240786664975,0.0059156393001325285,63744000
1973-07-02,0.005610980559140444,0.005610980559140445,0.005263033462952114,0.005263033462952114,7372800
1973-07-09,0.005219744984060526,0.005610985320762035,0.0051326244837297304,0.005610985320762035,13209600
1973-07-16,0.007046600803732872,0.007046600803732872,0.005306330015916689,0.005306330015916689,11673600
1973-07-23,0.00778578594326973,0.009177574344787776,0.007002771035017281,0.007046598569121421,32102400
1973-07-30,0.007698665373027325,0.00835126688870818,0.00765537244915297,0.007872906287713255,13209600
1973-08-06,0.007524962071329355,0.007785788937866284,0.007220307653831187,0.007698668445751431,10752000
1973-08-13,0.0074811349622905254,0.007568255459551723,0.007220308080346143,0.007524962515840729,6144000
1973-08-20,0.007307426538318396,0.007437839942896022,0.006785238310317877,0.007394547011266818,17356800
1973-08-27,0.0073507241904735565,0.007568258207696721,0.007263603661577624,0.007394551759938191,6604800
1973-09-03,0.0074811349622905254,0.007568255459551723,0.007437842018579532,0.007437842018579532,10905600
1973-09-10,0.006829064805060625,0.0075682521876142975,0.006741944345463698,0.00748113172801737,14592000
1973-09-17,0.008003318682312965,0.008003318682312965,0.0068723567050577245,0.0068723567050577245,27187200
1973-09-24,0.007829081267118454,0.00800332223772992,0.007698667844042777,0.00800332223772992,13516800
1973-10-01,0.007960021495819092,0.007960021495819092,0.007655367400820022,0.007785780696036279,6604800
1973-10-08,0.008177027106285095,0.008177027106285095,0.007829079838327662,0.007960027847271444,9676800
1973-10-15,0.008003318682312965,0.008177024965990813,0.008003318682312965,0.008177024965990813,4300800
1973-10-22,0.008003318682312965,0.008090439128916065,0.007916198235709866,0.007916198235709866,12902400
1973-10-29,0.00791619997471571,0.00835126769377716,0.00791619997471571,0.008090440906198605,7065600
1973-11-05,0.007089894264936447,0.007829081928019996,0.007089894264936447,0.007829081928019996,13670400
1973-11-12,0.006481120362877846,0.007089894622586339,0.00635070692221445,0.007089894622586339,18278400
1973-11-19,0.005437275394797325,0.006393995949055013,0.005437275394797325,0.006393995949055013,37171200
1973-11-26,0.005393449682742357,0.005610983560392017,0.004871796064135428,0.005437277224086481,53299200
1973-12-03,0.005306329112499952,0.005350156653040887,0.005045502307976434,0.005350156653040887,20275200
1973-12-10,0.004654259886592627,0.005306326587633841,0.004523846546384383,0.005306326587633841,20736000
1973-12-17,0.004697552882134914,0.004784673313664083,0.00434960576545409,0.004654259971088255,34252800
1973-12-24,0.004523847717791796,0.0049150878397244396,0.004349606812778682,0.004697554013240335,34560000
1973-12-31,0.005306329112499952,0.005567690526703993,0.004349607756126703,0.004523848698929397,21043200
1974-01-07,0.005306329112499952,0.005480570055302646,0.005306329112499952,0.005306329112499952,5376000
1974-01-14,0.005567688960582018,0.005567688960582018,0.0053063276198956864,0.00539344806679113,3072000
1974-01-21,0.006263582967221737,0.006263582967221737,0.005437275723749105,0.005480568643456855,10752000
1974-01-28,0.006263582967221737,0.00661153015351215,0.006263582967221737,0.006263582967221737,8908800
1974-02-04,0.005567688960582018,0.006176462869789838,0.005567688960582018,0.00600222197599895,13056000
1974-02-11,0.005654274020344019,0.0060022211505442674,0.00504550019485774,0.005871807802901252,17203200
1974-02-18,0.005610980559140444,0.0056542734676373494,0.005480567224245366,0.005567687650643539,3225600
1974-02-25,0.005393449682742357,0.005915637911039605,0.005393449682742356,0.005698104033389945,35942400
1974-03-04,0.005610980559140444,0.005610980559140445,0.005306326371449018,0.005393446797847192,16281600
1974-03-11,0.0056280153803527355,0.005933594491872394,0.00558459103547885,0.005715400302567993,9676800
1974-03-18,0.005540630780160427,0.005584591360056799,0.00532243657817452,0.005584591360056799,10598400
1974-03-25,0.005453780293464661,0.005540628959725005,0.005453780293464661,0.005540628959725005,614400
1974-04-01,0.005540630780160427,0.005540630780160427,0.005453782085364985,0.005453782085364985,2918400
1974-04-08,0.00567143689841032,0.005758821777070301,0.005584588251950549,0.005584588251950549,3532800
1974-04-15,0.00567143689841032,0.005758821777070301,0.0056280125751804345,0.00567143689841032,5068800
1974-04-22,0.00558459060266614,0.005671439285683031,0.0054972056872233215,0.005671439285683031,9676800
1974-04-29,0.005322434939444065,0.005540629074249935,0.005235586271388557,0.005540629074249935,5683200
1974-05-06,0.00567143689841032,0.005846206655730283,0.005322433615970605,0.005322433615970605,5683200
1974-05-13,0.00567143689841032,0.0057153974538404154,0.0056280125751804345,0.00567143689841032,4147200
1974-05-20,0.006020440720021725,0.006020440720021725,0.005409818979116918,0.005628013079207542,16742400
1974-05-27,0.005933593958616257,0.006151787629026092,0.005846209044254341,0.006151787629026092,12134400
1974-06-03,0.006631599273532629,0.006631599273532629,0.005933593031789694,0.005933593031789694,26419200
1974-06-10,0.006893218029290438,0.006893218029290437,0.006631599548635859,0.0068058331249529844,34560000
1974-06-17,0.006936641875654459,0.006980602440899099,0.0068932175427297475,0.0068932175427297475,31795200
1974-06-24,0.006805832497775555,0.007067987186629587,0.006805832497775554,0.006805832497775554,25036800
1974-07-01,0.006805832497775555,0.006936641726048389,0.006718983833799239,0.006762408165787397,7372800
1974-07-08,0.00676241097971797,0.00676241097971797,0.006675026047071242,0.006718986629660354,5990400
1974-07-15,0.00715483957901597,0.00715483957901597,0.006718987335085293,0.006805836044318751,7680000
1974-07-22,0.006805832497775555,0.007067987186629587,0.006805832497775554,0.007067987186629587,6297600
1974-07-29,0.006805832497775555,0.006893217394060232,0.006718983833799239,0.006805832497775554,3225600
1974-08-05,0.006849794648587704,0.006849794648587704,0.006631600473493133,0.006718985390017474,4454400
1974-08-12,0.005322434939444065,0.006718984149383117,0.005322434939444065,0.006718984149383117,10752000
1974-08-19,0.005453780293464661,0.005453780293464661,0.005148201264586058,0.005366395394881851,9676800
1974-08-26,0.005758823361247778,0.005977017501819999,0.005540629220675557,0.005540629220675557,5529600
1974-09-02,0.005715401377528906,0.005846210669220849,0.005584592085836962,0.0057588257305701065,3993600
1974-09-09,0.005120087880641222,0.005733143406257433,0.005120087880641223,0.005733143406257433,3379200
1974-09-16,0.005076530389487743,0.005207745788741784,0.005032971222184337,0.005076530389487744,13363200
1974-09-23,0.005076530389487743,0.005164186621438377,0.005076530389487744,0.005076530389487744,1536000
1974-09-30,0.004026269540190697,0.00498887445749274,0.004026269540190697,0.00498887445749274,6144000
1974-10-07,0.004551668185740709,0.004551668185740709,0.0038509563208833555,0.003895053379652506,14438400
1974-10-14,0.00463878782466054,0.004726444069792942,0.004551669476952845,0.004551669476952845,13516800
1974-10-21,0.004069829359650612,0.004638788146327398,0.004069829359650612,0.004638788146327398,2611200
1974-10-28,0.004464013036340475,0.004464013036340475,0.0040262697272720315,0.004069828899218415,6758400
1974-11-04,0.0036761814262717962,0.004507570696160161,0.003500869252912627,0.0044640115388262964,247603200
1974-11-11,0.0036761814262717962,0.0036761814262717962,0.003500869252912627,0.0036761814262717962,15820800
1974-11-18,0.0035008720587939024,0.0036761843726625023,0.0035008720587939024,0.0036761843726625023,7065600
1974-11-25,0.0035008720587939024,0.0035008720587939024,0.0034573126161302867,0.0035008720587939024,72192000
1974-12-02,0.0031507837120443583,0.0035008708189845994,0.0031507837120443583,0.0035008708189845994,20121600
1974-12-09,0.003063664073124528,0.0030636640731245275,0.0025818240539796774,0.0030636640731245275,26572800
1974-12-16,0.003632622305303812,0.0037197406208436742,0.002888351593050044,0.003063663768164249,13824000
1974-12-23,0.0035008720587939024,0.003588528090519252,0.0034573126161302867,0.003588528090519252,3993600
1974-12-30,0.0034573113080114126,0.003500870734193751,0.0032384398847099594,0.0034137521322468813,9369600
1975-01-06,0.004595229402184486,0.004682885661649789,0.00354496798113883,0.00354496798113883,16281600
1975-01-13,0.004376358352601528,0.0047264455449728075,0.004332799165152341,0.0045952300850326516,16742400
1975-01-20,0.004726444371044636,0.004901756872483419,0.004069829336837686,0.004376357265626061,29491200
1975-01-27,0.0052518416196107864,0.005383056988039323,0.004814098460037362,0.004814098460037362,41011200
1975-02-03,0.005426615476608276,0.005820799430552062,0.005251840972639742,0.005251840972639742,37324800
1975-02-10,0.0052954028360545635,0.0055142745009601046,0.005207746590607019,0.00542661825551256,29184000
1975-02-17,0.005207747686654329,0.005295403950550427,0.005120091422758231,0.005295403950550427,7219200
1975-02-24,0.004945316817611456,0.005207747713092167,0.004945316817611456,0.005207747713092167,17356800
1975-03-03,0.005820801015943289,0.005864360179511682,0.004901755402625468,0.004945314566193862,18892800
1975-03-10,0.0070139276795089245,0.007233163462624214,0.005917749265601262,0.005917749265601262,50688000
1975-03-17,0.0069261230528354645,0.007145358755077098,0.006882491429220008,0.0070139250921485525,39321600
1975-03-24,0.006751058157533407,0.006751058157533408,0.006444020398185023,0.006751058157533408,16128000
1975-03-31,0.006400387734174728,0.007013924361268974,0.0064003877341747275,0.006794688681872594,30105600
1975-04-07,0.00648765591904521,0.006487655919045211,0.006136986350152426,0.006356222179759815,12441600
1975-04-14,0.006882496643811464,0.007013930406322096,0.0066632607754636124,0.0066632607754636124,11366400
1975-04-21,0.0061811525374650955,0.007013924908986991,0.0061811525374650955,0.0068824912494907025,7987200
1975-04-28,0.006005547940731049,0.006093349962774945,0.005961916325697202,0.006093349962774945,4761600
1975-05-05,0.0063125863671302795,0.0064003884065173934,0.00596191750333306,0.006005549126985302,9369600
1975-05-12,0.006794692948460579,0.007013928765521591,0.0063562218160074235,0.0063562218160074235,26726400
1975-05-19,0.007408225443214178,0.007408225443214179,0.006794688805001795,0.006838320424861325,40396800
1975-05-26,0.007364597171545029,0.007583832954586129,0.007276795099872438,0.00740822881124095,15974400
1975-06-02,0.007978127337992191,0.00850440053044046,0.0071453553424552126,0.00736459093998992,69120000
1975-06-09,0.008065933361649513,0.008065933361649513,0.007364594616180562,0.007890329279235378,62361600
1975-06-16,0.008723640814423561,0.008723640814423561,0.00797813208274059,0.008065934132337008,39321600
1975-06-23,0.008514916524291039,0.00886601933692169,0.008339095388945658,0.008734422712154013,15513600
1975-06-30,0.009260815568268299,0.009260815568268299,0.008514924216652961,0.008514924216652961,26265600
1975-07-07,0.008997616358101368,0.009260808644040138,0.008997616358101368,0.009260808644040138,18892800
1975-07-14,0.008953925222158432,0.009041296286080502,0.00886601470045836,0.008997610251831033,12134400
1975-07-21,0.008427008055150509,0.00904130326571373,0.008427008055150509,0.00895393213434359,19046400
1975-07-28,0.00833909958600998,0.00877811318726863,0.00820750339729871,0.008427010197928034,20121600
1975-08-04,0.008427008055150509,0.008734424887240522,0.008075905155086605,0.00833909746558592,22886400
1975-08-11,0.00833909958600998,0.008602831421764141,0.00820750339729871,0.008427010197928034,12748800
1975-08-18,0.008075907826423645,0.008514921461268428,0.008075907826423645,0.00833910022398136,11980800
1975-08-25,0.008251184597611427,0.008251184597611427,0.007987992359787713,0.008075902925077446,24576000
1975-09-01,0.00904130656272173,0.009129217184343855,0.008251189884904935,0.008251189884904935,16588800
1975-09-08,0.008437075652182102,0.009140120365122462,0.008173568910498363,0.00905210475033602,26112000
1975-09-15,0.008525085635483265,0.008525085635483265,0.008085547954575632,0.008261038965547403,19737600
1975-09-22,0.008525085635483265,0.00887660775974561,0.008525085635483265,0.008525085635483265,16819200
1975-09-29,0.008525085635483265,0.008700576646455035,0.00834905452219269,0.008525085635483265,37785600
1975-10-06,0.010106668807566166,0.010194684396120538,0.0086131043147149,0.0086131043147149,27724800
1975-10-13,0.010106668807566166,0.010634222236377788,0.009843162144417661,0.010106668807566166,38476800
1975-10-20,0.010019201785326004,0.010194693008167728,0.009403632247952797,0.009931186122419706,25651200
1975-10-27,0.009931178763508797,0.010546207742180394,0.009931178763508797,0.010194685454000815,23808000
1975-11-03,0.010458195582032204,0.010546211208649915,0.009931182027822314,0.009931182027822314,29107200
1975-11-10,0.010897726751863956,0.010897726751863956,0.010458188998228321,0.010458188998228321,108364800
1975-11-17,0.010897726751863956,0.011073757894281479,0.010546204569437083,0.010897726751863956,66355200
1975-11-24,0.010546209290623665,0.010897731630415379,0.010546209290623663,0.010810256122454918,9984000
1975-12-01,0.00968172587454319,0.01073782575274836,0.009417295239207486,0.010649682207636457,8448000
1975-12-08,0.00968172587454319,0.0102095053697895,0.00968172587454319,0.00968172587454319,11289600
1975-12-15,0.00968172587454319,0.009945615622166344,0.009593582329431288,0.00968172587454319,5913600
1975-12-22,0.009241558611392975,0.009505448632418813,0.00888952495393421,0.009505448632418813,18201600
1975-12-29,0.009153410792350769,0.00932969798466299,0.009153410792350769,0.00924155438850688,6758400
1976-01-05,0.009857485070824623,0.010033772393423816,0.008889527461805637,0.0091534175572789,50841600
1976-01-12,0.010121378116309643,0.010209521803299901,0.009593597771534436,0.00985748794392204,46464000
1976-01-19,0.010209508240222931,0.010297651810116657,0.009857474848512645,0.010121364670329204,34176000
1976-01-26,0.009593592025339603,0.010297659322385938,0.009417304756948417,0.010209515688190344,22809600
1976-02-02,0.00941730011254549,0.009857477178178715,0.009329697409812807,0.00959358729399576,154752000
1976-02-09,0.009505444206297398,0.009857477699835047,0.009153410712759746,0.009329697903539108,79104000
1976-02-16,0.010121378116309643,0.010209521803299901,0.009153420225166312,0.009505454084544175,109670400
1976-02-23,0.010649689473211765,0.011530043749512891,0.010033766012649914,0.010121368729814777,81331200
1976-03-01,0.010913579724729061,0.011441900483803924,0.010473402573516276,0.010649689789240436,56217600
1976-03-08,0.011265602894127369,0.01144188994751725,0.010737823509156794,0.010913569674947141,51225600
1976-03-15,0.010663316585123539,0.011192313356297083,0.010575060193229577,0.011192313356297083,23424000
1976-03-22,0.011456544511020184,0.01172077218860007,0.01057506347860925,0.01066331989792204,29030400
1976-03-29,0.011456544511020184,0.01163251576928728,0.011192316833440297,0.011456544511020184,42624000
1976-04-05,0.011632508598268032,0.012249761572585028,0.01145653744848076,0.01145653744848076,38476800
1976-04-12,0.01092754490673542,0.011368285315301591,0.01092754490673542,0.011368285315301591,16281600
1976-04-19,0.009958350099623203,0.011015802219921987,0.009958350099623203,0.010751574584915097,29952000
1976-04-26,0.010134329088032246,0.010575069870640575,0.00960587341345092,0.009958357723400417,19584000
1976-05-03,0.010222572833299637,0.010399085558853983,0.010046601687756847,0.010134316470522464,8140800
1976-05-10,0.010575056076049805,0.010663312433582976,0.010134315868363325,0.010222572225896497,17510400
1976-05-17,0.010399089194834232,0.01066331679553982,0.010399089194834234,0.01057506040190432,31795200
1976-05-24,0.0096941152587533,0.01048679757455463,0.0096058589192636,0.010399082814933585,23424000
1976-05-31,0.009429351426661015,0.00995834817469187,0.008900896258796696,0.009517607814693912,31718400
1976-06-07,0.00960586778819561,0.00960586778819561,0.008989156002105671,0.00942935494624495,20966400
1976-06-14,0.00987009797245264,0.010486809914855932,0.00987009797245264,0.00987009797245264,31641600
1976-06-21,0.009354987181723118,0.009884197589194942,0.009089839623823521,0.009884197589194942,41088000
1976-06-28,0.00988419447094202,0.010237182082617723,0.008295479041405075,0.009089836756173548,121344000
1976-07-05,0.009795809164643288,0.010060956562702884,0.009531204120420427,0.009884191630663152,29030400
1976-07-12,0.009266601875424385,0.009972577109168681,0.009266601875424385,0.009884194616450502,31104000
1976-07-19,0.0086490074172616,0.009354982510844644,0.0086490074172616,0.00926660003567354,30336000
1976-07-26,0.008472239598631859,0.008825227025919036,0.008119252171344682,0.008649004489130085,91008000
1976-08-02,0.009354987181723118,0.009442827346859299,0.008560629216351697,0.008560629216351697,82636800
1976-08-09,0.009442816488444805,0.009707963741448212,0.009354976424317029,0.009354976424317029,18124800
1976-08-16,0.009707966819405556,0.009795806911383454,0.00935497939035802,0.009442819482335918,43776000
1976-08-23,0.01014880184084177,0.01059017204177117,0.009531208972008291,0.009707973994025173,80947200
1976-08-30,0.010515779256820679,0.010604279504631378,0.010250821589986397,0.010250821589986397,58444800
1976-09-06,0.010427824221551418,0.010692781942657305,0.01016232342373648,0.01051578141078068,29414400
1976-09-13,0.010427824221551418,0.010604281676718993,0.010074366234507219,0.010427824221551418,31180800
1976-09-20,0.010957743972539902,0.01113474457401626,0.01033932802121784,0.01042782832195602,33100800
1976-09-27,0.010781281627714634,0.011311197041375278,0.010781281627714634,0.01095773907337492,34483200
1976-10-04,0.010339325293898582,0.010781283604086605,0.010074367538497506,0.010781283604086605,67046400
1976-10-11,0.010250822640955448,0.010604280591838823,0.010250822640955446,0.010339322897839663,24883200
1976-10-18,0.010250822640955448,0.010604280591838823,0.010250822640955446,0.010250822640955446,26496000
1976-10-25,0.010074364952743053,0.010427822894816703,0.00980886418870785,0.010250822385459902,23424000
1976-11-01,0.010515779256820679,0.010604279504631378,0.00980886342753072,0.010074364170962812,61977600
1976-11-08,0.010692781768739223,0.011046239750034428,0.010427824051942872,0.010515781239741511,43008000
1976-11-15,0.011488203890621662,0.011841662053282274,0.01051578663557082,0.010692787255390565,44236800
1976-11-22,0.010781281627714634,0.011576697824885388,0.010692781366544599,0.01148819756371535,48768000
1976-11-29,0.010604283772408962,0.010869784622693964,0.010604283772408962,0.01078128433926563,12595200
1976-12-06,0.011153281666338444,0.011241929302135313,0.010533292196795923,0.010621939832592792,24192000
1976-12-13,0.01088788267225027,0.011153281596954272,0.010179245571319285,0.011153281596954272,49459200
1976-12-20,0.010799230076372623,0.0108878776708977,0.010533287292797396,0.0108878776708977,12057600
1976-12-27,0.010975983925163746,0.010975983925163746,0.010621937442671796,0.010799232674374359,30720000
1977-01-03,0.010267885401844978,0.010887874396270893,0.009913839111009614,0.010887874396270893,35328000
1977-01-10,0.010179242119193077,0.01053328855907332,0.010002490889676807,0.010267889724375064,12134400
1977-01-17,0.00982519332319498,0.010091136074966882,0.009825193323194979,0.010091136074966882,31411200
1977-01-24,0.009913844987750053,0.010091140228574364,0.009825197367337899,0.009913844987750055,23040000
1977-01-31,0.00964844785630703,0.010002494421188035,0.009471152583346644,0.00982519914822765,38400000
1977-02-07,0.00938305165618658,0.009648450661756626,0.009294403993930587,0.009648450661756626,16819200
1977-02-14,0.00964844785630703,0.009737095492787222,0.009383048927906217,0.009383048927906217,20812800
1977-02-21,0.009559798054397106,0.009737093287197608,0.009471150437996855,0.009648445670797357,13747200
1977-02-28,0.00964844785630703,0.009737095492787222,0.009559800219826838,0.009559800219826838,9216000
1977-03-07,0.009559798054397106,0.009825196922681315,0.009559798054397106,0.009648445670797357,34944000
1977-03-14,0.010267885401844978,0.010356532969708496,0.009648440388037766,0.009648440388037766,37939200
1977-03-21,0.009754138998687267,0.01028586594737372,0.0096653361961705,0.01028586594737372,13132800
1977-03-28,0.00957653671503067,0.009931203114897638,0.00957653671503067,0.009754142381662192,21964800
1977-04-04,0.009221871383488178,0.009576537824442125,0.00913306853988489,0.009576537824442125,13516800
1977-04-11,0.009665333665907383,0.00984239429138159,0.009221864702625232,0.009221864702625232,16512000
1977-04-18,0.009044808335602283,0.009665338216514777,0.009044808335602285,0.009665338216514777,21964800
1977-04-25,0.008512530475854874,0.009221862688995053,0.008512530475854874,0.009044802102182725,46694400
1977-05-02,0.00913306139409542,0.009133061394095419,0.008246668451961972,0.008512531841298722,45158400
1977-05-09,0.00913306139409542,0.009221864168218618,0.008956000778881867,0.009133061394095419,12211200
1977-05-16,0.00957653671503067,0.009665339548346431,0.008867203915296733,0.009133067481847942,31104000
1977-05-23,0.00957653671503067,0.009754142381662192,0.009310673148479463,0.00957653671503067,13209600
1977-05-30,0.009842398576438427,0.009842398576438427,0.009310671535454907,0.009487732238015524,24806400
1977-06-06,0.010020011104643345,0.010197071928996628,0.009754147401275167,0.009842405346613556,26342400
1977-06-13,0.010374666191637516,0.010551726819803207,0.010108802782852627,0.010108802782852627,19584000
1977-06-20,0.010317839682102203,0.010495997376238464,0.010140228615104276,0.010406918529170334,25651200
1977-06-27,0.01014022622257471,0.010317837247666313,0.01014022622257471,0.010317837247666313,29260800
1977-07-04,0.01014022622257471,0.010228758421615832,0.009962068570473749,0.01014022622257471,22041600
1977-07-11,0.01014022622257471,0.01014022622257471,0.009962068570473749,0.01014022622257471,9216000
1977-07-18,0.010584520176053047,0.011118446156134812,0.01014021959041206,0.01014021959041206,42393600
1977-07-25,0.010406910441815853,0.01067360014863364,0.010406910441815853,0.01049598921965963,43392000
1977-08-01,0.011207527481019497,0.011207527481019495,0.0103178328534422,0.01040691164155524,17740800
1977-08-08,0.011207527481019497,0.01147421721858206,0.01094083774345693,0.011118448692906454,24729600
1977-08-15,0.011296603828668594,0.011296603828668594,0.010851756610982598,0.011118446290930808,35404800
1977-08-22,0.01094084046781063,0.011296609082075368,0.01094084046781063,0.011296609082075368,14361600
1977-08-29,0.011239361017942429,0.011417476448396063,0.011060697408089348,0.011060697408089348,17049600
1977-09-05,0.011060698889195919,0.011328694339862043,0.010882583434891353,0.011239362522973336,13824000
1977-09-12,0.011417477391660213,0.011506809203966973,0.01088258287670912,0.011060698321877907,24345600
1977-09-19,0.011239361017942429,0.011417476448396063,0.011150029213015888,0.011417476448396063,24806400
1977-09-26,0.012131035327911377,0.012131035327911377,0.01123936175812223,0.01123936175812223,90854400
1977-10-03,0.012487813830375671,0.012577145637169706,0.012042251155227314,0.012131034782610442,55219200
1977-10-10,0.012309692800045013,0.013201913082729813,0.012131029267679812,0.012487808153248516,86092800
1977-10-17,0.012131035327911377,0.012131035327911377,0.011863588074918188,0.012131035327911377,12748800
1977-10-24,0.012131035327911377,0.012131035327911377,0.011774256264108609,0.012042251696537346,33024000
1977-10-31,0.012042256072163582,0.012220371579066535,0.011685476878722945,0.012131039735797693,32640000
1977-11-07,0.012755812145769596,0.012845143979987074,0.011952923017789267,0.012042254852006743,36864000
1977-11-14,0.013112582266330719,0.013201914038983886,0.012577140830430997,0.012755803354919453,71193600
1977-11-21,0.014037522487342358,0.014306154426710934,0.013054187153851853,0.013143731133641378,45388800
1977-11-28,0.014395138248801231,0.01439513824880123,0.012875639126321782,0.014037512076278319,78566400
1977-12-05,0.014306153170764446,0.014395147661342996,0.013411812414180132,0.014306153170764446,105600000
1977-12-12,0.014216601848602295,0.014663771995699605,0.014127057922969682,0.01430614577423491,106444800
1977-12-19,0.014484689570963383,0.014484689570963383,0.014127063215517922,0.014216607174697192,75571200
1977-12-26,0.014484689570963383,0.014663777489321921,0.014306151133876462,0.014484689570963383,32256000
1978-01-02,0.013233263976871967,0.014395136810760073,0.013233263976871966,0.014395136810760073,26188800
1978-01-09,0.012696562334895134,0.013143731750177317,0.012428479864349645,0.013054187766187532,43622400
1978-01-16,0.012875639833509922,0.012964635294027827,0.012159838991400598,0.01251746518356595,28723200
1978-01-23,0.01314372569322586,0.013322264097506685,0.012607012541284488,0.012875643346219299,19200000
1978-01-30,0.014306153170764446,0.014395147661342996,0.01323327395167318,0.01323327395167318,75187200
1978-02-06,0.014216601848602295,0.01430614577423491,0.013769431701504986,0.014216601848602295,70579200
1978-02-13,0.0134118115529418,0.014216608285917759,0.013322267586763456,0.014216608285917759,25574400
1978-02-20,0.013679889030754566,0.013858976898447865,0.013143724389907005,0.013411806710330786,24268800
1978-02-27,0.014395138248801231,0.014574226075557967,0.013679885903755408,0.013679885903755408,51840000
1978-03-06,0.013322271406650543,0.014306156354091945,0.013322271406650543,0.014306156354091945,91084800
1978-03-13,0.013633674941956997,0.013633674941956995,0.01237776849445033,0.013364197562065465,86553600
1978-03-20,0.013364202342927456,0.01381278025915579,0.013274927728423706,0.013633679819220895,73651200
1978-03-27,0.013454020023345947,0.013722946125905149,0.013005443405147745,0.013274919691837712,52454400
1978-04-03,0.013633674941956997,0.013902601111118318,0.012916171017039998,0.013274922979498498,29721600
1978-04-10,0.01453027781099081,0.014530277810990812,0.013812773956773373,0.013812773956773373,28108800
1978-04-17,0.01506867352873087,0.015337599532577191,0.014530270310646855,0.014530270310646855,91084800
1978-04-24,0.016682785004377365,0.016682785004377365,0.015068677360465159,0.015068677360465159,120576000
1978-05-01,0.016682785004377365,0.017490115458062047,0.016593510453988346,0.016682785004377365,164044800
1978-05-08,0.01740083657205105,0.01757993582283806,0.0166827818317724,0.0166827818317724,47539200
1978-05-15,0.01722119003534317,0.018566371737938958,0.01722119003534317,0.017400841574668036,88320000
1978-05-22,0.016952257603406906,0.017579934308904335,0.01578617666521039,0.017041532129130302,80716800
1978-05-29,0.017041539773344994,0.017400842878925828,0.01677261365478586,0.016952265207576277,37401600
1978-06-05,0.016593508422374725,0.01775958851351631,0.016503682672451926,0.017041534751060638,107289600
1978-06-12,0.017041539773344994,0.01757994219462676,0.016503687536226726,0.016593513312621936,23884800
1978-06-19,0.01699182577431202,0.01717134407307064,0.016811754978597052,0.01708130867521316,32793600
1978-06-26,0.016811758279800415,0.01708131202934684,0.016811758279800415,0.016991829110874584,17740800
1978-07-03,0.016182607039809227,0.016991820369202583,0.016182607039809227,0.01681174963076824,6067200
1978-07-10,0.016542205587029457,0.01663224100831833,0.0161826163989741,0.0161826163989741,13747200
1978-07-17,0.017081312835216522,0.017081312835216522,0.01654220531068942,0.01654220531068942,89318400
1978-07-24,0.017980553209781647,0.017980553209781647,0.016721715442201735,0.016901786193350123,24268800
1978-07-31,0.01860969327390194,0.018879799363304566,0.01744144354013029,0.017801031467065864,77030400
1978-08-07,0.018250107765197754,0.018879803993688687,0.018160625905718847,0.01860969783804092,45849600
1978-08-14,0.018699731677770615,0.018789767055545335,0.01816062440478849,0.01834014163464667,28492800
1978-08-21,0.020408201962709427,0.020408201962709427,0.018699739094690616,0.01878977450817629,43776000
1978-08-28,0.019548621028661728,0.021080120800398946,0.01945840254315648,0.02071979944789037,133632000
1978-09-04,0.020629584789276123,0.02117034321310858,0.01963884315727045,0.01963884315727045,25574400
1978-09-11,0.018377451226115227,0.020899695973572212,0.01837745122611523,0.020629592949620152,18892800
1978-09-18,0.01945839263498783,0.01945839263498783,0.018647533919253983,0.018647533919253983,48998400
1978-09-25,0.01999916136264801,0.02017904576715314,0.019278520627362763,0.019368186534823785,42931200
1978-10-02,0.019548621028661728,0.02035948015728296,0.01945840254315648,0.019999158804774382,11750400
1978-10-09,0.020539354532957077,0.021080112647329324,0.019458395017312002,0.019548613467923824,33024000
1978-10-16,0.017837228253483772,0.020359470316169595,0.017747009811587222,0.020359470316169595,59827200
1978-10-23,0.015855195000767708,0.01801711634013741,0.015855195000767708,0.017837232007728923,69657600
1978-10-30,0.01603507809340954,0.017476912587858336,0.014053593701613758,0.015855194794293877,69504000
1978-11-06,0.01531443651765585,0.01639539709289074,0.015134553231915135,0.016035076901145775,40320000
1978-11-13,0.01657583937048912,0.016755722714523132,0.01459380086345735,0.015314441480479278,48844800
1978-11-20,0.016755713149905205,0.016755713149905205,0.016035072944244357,0.016575829908553455,36019200
1978-11-27,0.016755713149905205,0.016936150011383877,0.01621550980572303,0.016755713149905205,31027200
1978-12-04,0.016075024381279945,0.016617128643346045,0.015894692960240108,0.016617128643346045,82329600
1978-12-11,0.016436250880360603,0.016797468912179293,0.016165476106437995,0.016165476106437995,38092800
1978-12-18,0.016978353261947632,0.016978353261947632,0.015352594826287841,0.016075030797760008,15436800
1978-12-25,0.016436250880360603,0.016978355427971454,0.016346362622230153,0.016978355427971454,34560000
1979-01-01,0.016978353261947632,0.017158684754968262,0.01634636053683319,0.01643624878349609,108825600
1979-01-08,0.017610352486371994,0.017881680242620216,0.016797471982726353,0.0168879152571553,36864000
1979-01-15,0.017700791358947754,0.017700791358947754,0.017430017604763592,0.017610350163487026,5452800
1979-01-22,0.017520451918244362,0.017700782317821098,0.017249122269335705,0.017700782317821098,47001600
1979-01-29,0.01679745875298977,0.017339562972733195,0.01634635273587187,0.017339562972733195,17203200
1979-02-05,0.016887905076146126,0.016887905076146126,0.016255912535879456,0.0167974618562416,23500800
1979-02-12,0.01679745875298977,0.0169783451593809,0.016436240939637473,0.016887901956185333,12825600
1979-02-19,0.01679745875298977,0.017249119769537632,0.0166171273460286,0.016707570549224168,9446400
1979-02-26,0.017610352486371994,0.017610352486371994,0.01670758370816449,0.016797471982726353,32025600
1979-03-05,0.017610352486371994,0.01806201282513033,0.01733957662943294,0.017610352486371994,13593600
1979-03-12,0.01743001863360405,0.01761035120297196,0.017249132097928735,0.01743001863360405,31948800
1979-03-19,0.017937632277607918,0.017937632277607918,0.01739383241440831,0.01748455868714539,49228800
1979-03-26,0.01757529377937317,0.01784691496066427,0.017122218924799103,0.01784691496066427,11289600
1979-04-02,0.01820925809442997,0.018299984380611267,0.017484561278083927,0.017575287564265223,79257600
1979-04-09,0.019114844501018524,0.019387023285393414,0.01829997939384827,0.01829997939384827,46540800
1979-04-16,0.01920558139681816,0.01920558139681816,0.019024686546891625,0.019024686546891625,16896000
1979-04-23,0.01893395185470581,0.019567922282543365,0.018843225583168362,0.019205572896102675,62899200
1979-04-30,0.01884322427213192,0.019114845294630478,0.018390148645676976,0.018752498006906843,13900800
1979-05-07,0.019658654928207397,0.01984010753011653,0.01829998736046017,0.018843231692901936,29798400
1979-05-14,0.019296297803521156,0.019567920899222463,0.018843224251078657,0.019567920899222463,25344000
1979-05-21,0.018480893224477768,0.019749393022126676,0.018480893224477768,0.019387043301827635,31795200
1979-05-28,0.018662329763174057,0.01875250033994701,0.018480877210148985,0.018480877210148985,45158400
1979-06-04,0.018662329763174057,0.018843226616459548,0.018118529877344917,0.018480877210148985,34560000
1979-06-11,0.019387025386095047,0.019567922228965536,0.018662328688704294,0.018662328688704294,12672000
1979-06-18,0.0190246794372797,0.019567923631016074,0.018662330025868642,0.01938702677518424,10291200
1979-06-25,0.018352603539824486,0.018897409810024537,0.018352603539824486,0.018897409810024537,22348800
1979-07-02,0.017807243391871452,0.018170634836422162,0.01744385402679019,0.018170634836422162,52684800
1979-07-09,0.01944277621805668,0.019442776218056675,0.017898227664573343,0.017898227664573343,25190400
1979-07-16,0.018625017255544662,0.019624202638964455,0.01835261499022425,0.019442785508433112,9753600
1979-07-23,0.018806422129273415,0.01889740928423308,0.01862500511697788,0.01862500511697788,8217600
1979-07-30,0.01962418109178543,0.019624181091785427,0.018715983919817356,0.018806413736798377,50611200
1979-08-06,0.020623935386538506,0.02071436317978465,0.019442776143523716,0.019624193186672776,17356800
1979-08-13,0.022077497094869614,0.023258654276134806,0.02062393569593499,0.02062393569593499,92544000
1979-08-20,0.023531053215265274,0.023531053215265274,0.021986504991008404,0.02207749214239675,27878400
1979-08-27,0.024948440492153168,0.02513081548471598,0.023491678818614588,0.023582866314895996,17894400
1979-09-03,0.022945696488022804,0.024948466058107046,0.022945696488022804,0.024948466058107046,19968000
1979-09-10,0.02367405965924263,0.023947061606760228,0.023036305552449357,0.023127493071256285,22732800
1979-09-17,0.023309877142310143,0.02367406883382039,0.022945687534848665,0.02367406883382039,46080000
1979-09-24,0.023218698799610138,0.023764705206905462,0.023036323618966327,0.023309886389932043,16972800
1979-10-01,0.022581497207283974,0.023309878550250678,0.022581497207283974,0.023218690990597375,86169600
1979-10-08,0.021853111684322357,0.022581492887966577,0.019485592988967224,0.02239911780354411,101376000
1979-10-15,0.020942337810993195,0.022126097206693295,0.020759962879710794,0.02185309333429928,35020800
1979-10-22,0.02112416736781597,0.021306542412629217,0.020851163325473373,0.02112416736781597,44313600
1979-10-29,0.02112416736781597,0.021761919415737012,0.02112416736781597,0.02112416736781597,74188800
1979-11-05,0.02194373868405819,0.021943738684058186,0.020942353470844804,0.021124170013552736,23116800
1979-11-12,0.022126106545329094,0.022217294049457267,0.02148835254119719,0.021943731537072745,21273600
1979-11-19,0.022854499518871307,0.022854499518871307,0.021943743130012718,0.02212611823461834,6144000
1979-11-26,0.025495024397969246,0.025676841005141265,0.02294569055774042,0.02294569055774042,44620800
1979-12-03,0.02622338943183422,0.02622338943183422,0.025312633472818202,0.02549500849134967,36172800
1979-12-10,0.025092091411352158,0.026826038887757368,0.025000712857592408,0.02627832934855987,12057600
1979-12-17,0.026278337463736534,0.026369716045715478,0.025092099160199204,0.025092099160199204,18432000
1979-12-24,0.024270813912153244,0.026186959433219116,0.024088616439478416,0.026186959433219116,10982400
1979-12-31,0.024727152660489082,0.025183486025357946,0.02418000246730493,0.024270821384035527,10214400
1980-01-07,0.025548430159687996,0.02573062762762122,0.02445357044356659,0.02472714440461036,26342400
1980-01-14,0.024088609963655472,0.026278330952629277,0.024088609963655472,0.025730621379998753,43622400
1980-01-21,0.025183474645018578,0.02518347464501858,0.023723660470197812,0.02408861296969582,22656000
1980-01-28,0.025913376361131668,0.026004752824517738,0.025183469425015623,0.025183469425015623,16281600
1980-02-04,0.025457056239247322,0.0258220109370526,0.02500072503160082,0.025639813435759752,15974400
1980-02-11,0.025183474645018578,0.025548427144516588,0.024453567557608195,0.025365670003034874,10521600
1980-02-18,0.023997236043214798,0.02500071921655408,0.023997236043214798,0.02500071921655408,14668800
1980-02-25,0.023358719423413277,0.023905869686526787,0.023358719423413277,0.023905869686526787,12825600
1980-03-03,0.021898893639445305,0.023175950785449855,0.021716136481840252,0.023175950785449855,52838400
1980-03-10,0.021351192146539688,0.022446052250339583,0.020803480158566746,0.021716144818334535,72192000
1980-03-17,0.021533386781811714,0.021898901223609053,0.021168434123723916,0.021351191344622582,72192000
1980-03-24,0.020875338464975357,0.021791155603860583,0.020875338464975354,0.021607767105523357,34022400
1980-03-31,0.021241554990410805,0.021516637752904536,0.020326299430243767,0.020875339602369015,25497600
1980-04-07,0.02243189886212349,0.02261528743295057,0.021058735287411846,0.021150429572825386,31795200
1980-04-14,0.02270696498453617,0.022798097573981907,0.02206566918368016,0.022615270766696404,17740800
1980-04-21,0.02499595656991005,0.02517878346640485,0.022706976064270575,0.022706976064270575,22195200
1980-04-28,0.02417183108627796,0.025178780890004825,0.02371392354452324,0.024995954012217648,19200000
1980-05-05,0.025087082758545876,0.025636684468535512,0.024263521588532695,0.024263521588532695,42700800
1980-05-12,0.024720866233110428,0.025087081542936287,0.024171826178248645,0.025087081542936287,118195200
1980-05-19,0.024904269725084305,0.024904269725084305,0.02380562732413849,0.024720881145298995,40550400
1980-05-26,0.025087082758545876,0.025362165475617,0.024629736916103737,0.025087082758545876,67660800
1980-06-02,0.025819528847932816,0.025819528847932816,0.024263538061984235,0.024904272817493318,96921600
1980-06-09,0.02792567014694214,0.02838357771237075,0.025728384015119746,0.025819516644419598,51916800
1980-06-16,0.027723753824830055,0.028825282696129075,0.027723753824830055,0.02799899579210468,43776000
1980-06-23,0.02845809981226921,0.028641406718049326,0.02763181307935071,0.027723748083848646,51379200
1980-06-30,0.027907056733965874,0.02845810159104951,0.027815121723721515,0.0282742315705608,22041600
1980-07-07,0.02937578596174717,0.02937578596174717,0.027723774051743814,0.02790708112922129,60518400
1980-07-14,0.03194655850529671,0.03194655850529671,0.029559632948249134,0.029559632948249134,55603200
1980-07-21,0.0308450385928154,0.03194656772120157,0.03066116850283042,0.03194656772120157,20582400
1980-07-28,0.03167075663805008,0.03222180159991559,0.030661162744271067,0.030845032799722893,56064000
1980-08-04,0.03304809704422951,0.033231404043484604,0.030936412683424414,0.03157939283844205,29721600
1980-08-11,0.03626073896884918,0.0369037189724772,0.033231396219153865,0.033231396219153865,33100800
1980-08-18,0.035435017198324203,0.03598549700012018,0.03341526824555845,0.03598549700012018,23116800
1980-08-25,0.03550753742456436,0.03697924717573346,0.03550753742456436,0.035967022740392325,45465600
1980-09-01,0.036059170961380005,0.036611346240652626,0.03504751212588261,0.03532331763738972,43084800
1980-09-08,0.038634635508060455,0.03872675658078204,0.03578333734785129,0.036059140521098015,56448000
1980-09-15,0.04038271680474281,0.04065852000702402,0.03900256385992484,0.03900256385992484,46540800
1980-09-22,0.0367950014770031,0.04010691378638971,0.0367950014770031,0.04010691378638971,25190400
1980-09-29,0.039922650903463364,0.04038270029334608,0.03587545173963134,0.03670286100816963,14054400
1980-10-06,0.040106941014528275,0.04010694101452827,0.03900259051719623,0.03992269451289722,19200000
1980-10-13,0.03845096752047539,0.04038272737552267,0.03845096752047539,0.040106924101045854,39091200
1980-10-20,0.038634635508060455,0.038634635508060455,0.03753085013756339,0.0382667070512281,47923200
1980-10-27,0.03716292232275009,0.038450949714997955,0.03707079704801147,0.038450949714997955,39936000
1980-11-03,0.03753087669610977,0.0380830518999935,0.03688714461049675,0.03697926995927445,20812800
1980-11-10,0.039739008992910385,0.039739008992910385,0.03716295214144603,0.03753087664729583,67507200
1980-11-17,0.04176230728626251,0.04194655366987412,0.03973898681259372,0.03973898681259372,96000000
1980-11-24,0.04139436036348343,0.04148648140888322,0.04084274996972579,0.04148648140888322,48076800
1980-12-01,0.04047481343150139,0.04185439693251524,0.04047481343150139,0.041578593925573136,23347200
1980-12-08,0.0377151221036911,0.040290618839501365,0.03734719760788984,0.040290618839501365,60825600
1980-12-15,0.03697926551103592,0.037898800854455635,0.036427090373573376,0.03771511864604379,54528000
1980-12-22,0.04376452788710594,0.04561159238603949,0.03730150756041486,0.03730150756041486,17318400
1980-12-29,0.04671945795416832,0.046903824885974006,0.04284153511115931,0.04376449826267511,26265600
1981-01-05,0.04561157897114754,0.05170530125905279,0.04542664560902502,0.0469038428404707,67929600
1981-01-12,0.04579595476388931,0.04856598275609694,0.044503690646520905,0.0459808881615091,26073600
1981-01-19,0.04708879813551903,0.047273165223773374,0.045242299679512266,0.045795967304281406,17625600
1981-01-26,0.04431876167654991,0.046903856529400656,0.04431876167654991,0.046903856529400656,11097600
1981-02-02,0.04838106408715248,0.04838106408715248,0.039887176846812825,0.04431877074089013,55411200
1981-02-09,0.047642435878515244,0.04875089892626032,0.046903835268742734,0.04838103226172319,25996800
1981-02-16,0.04635021090507507,0.048566006130728034,0.04635021090507508,0.04764247564440552,8870400
1981-02-23,0.04671945795416832,0.04727312510911088,0.044688032000280035,0.046350161957595074,25113600
1981-03-02,0.047642435878515244,0.04838103226172319,0.04653453496385648,0.046903835268742734,67392000
1981-03-09,0.05022815242409706,0.05078182032445738,0.047273188754257935,0.04764248947459415,31065600
1981-03-16,0.05078177526593208,0.05281320215230734,0.049673874087961006,0.05022810785683928,24192000
1981-03-23,0.05328131839632988,0.05402128730583804,0.05013615729742238,0.050876130441349275,24806400
1981-03-30,0.05402131751179695,0.055131277848320365,0.05346662528417067,0.05346662528417067,30912000
1981-04-06,0.05420657992362976,0.05420657992362976,0.05069143547389128,0.053836597479432785,16819200
1981-04-13,0.05420657992362976,0.0547612762354177,0.052541364632556,0.05420657992362976,58790400
1981-04-20,0.057721707969903946,0.057721707969903946,0.053836578230642175,0.05420656054255526,37555200
1981-04-27,0.05698118731379509,0.05772172807648758,0.05550124484736946,0.05772172807648758,18624000
1981-05-04,0.05661118030548096,0.05772170302703198,0.05513123848130487,0.056241193790832415,28262400
1981-05-11,0.055501244962215424,0.05661120499014637,0.05457656621282834,0.05661120499014637,21235200
1981-05-18,0.05735115706920624,0.05735115706920624,0.055871215039394705,0.05605649202847463,11788800
1981-05-25,0.05735115706920624,0.05846168417948121,0.05679646516058974,0.05735115706920624,71616000
1981-06-01,0.05494656041264534,0.05772173609977348,0.05494656041264534,0.05716647230364021,28838400
1981-06-08,0.05698118731379509,0.05698118731379509,0.054761275731366604,0.054946552775107155,32217600
1981-06-15,0.054852526634931564,0.05855911849778576,0.05485252663493156,0.05707613734480047,39283200
1981-06-22,0.05652051791548729,0.05670553532601443,0.0544819204947197,0.054852523673514765,58982400
1981-06-29,0.05707617849111557,0.05707617849111557,0.05614995824675481,0.05652056171272694,34521600
1981-07-06,0.05411134287714958,0.056705562112701884,0.05337014041090442,0.056705562112701884,84672000
1981-07-13,0.05244334787130356,0.05411133852559178,0.05114652465755958,0.05411133852559178,57715200
1981-07-20,0.05262890085577965,0.05299949970699328,0.05133150585256617,0.05244331513063113,23385600
1981-07-27,0.054852526634931564,0.05485252663493156,0.05207272694797173,0.05262891592506264,31872000
1981-08-03,0.055223118513822556,0.056334923640853615,0.0548525153909872,0.0548525153909872,37324800
1981-08-10,0.05874413251876831,0.05911473572288339,0.05522313062521319,0.05522313062521319,72307200
1981-08-17,0.05744672194123268,0.05874411265433414,0.056334916946322415,0.058373513817013736,49536000
1981-08-24,0.05299950763583183,0.05763231844189443,0.05207271982813194,0.057446732688981886,26265600
1981-08-31,0.05012567713856697,0.0532812390908006,0.05012567713856697,0.05309588524840276,38822400
1981-09-07,0.051424842327833176,0.052353319431278314,0.04882591208404167,0.04956846601037467,24576000
1981-09-14,0.0525386780500412,0.05346715098970383,0.05086822050685276,0.05142484705808726,70464000
1981-09-21,0.05068231374025345,0.053095891202311396,0.05012568275941123,0.052538695079363235,42240000
1981-09-28,0.05773714557290077,0.05773714557290077,0.05031105270110884,0.05068232993742213,41625600
1981-10-05,0.06008834391832352,0.06046387194618861,0.058398184135520816,0.058398184135520816,134707200
1981-10-12,0.0582101047039032,0.06008831556978314,0.0582101047039032,0.06008831556978314,31296000
1981-10-19,0.05783464014530182,0.05990032924203125,0.0572716400060791,0.058210168406964184,67008000
1981-10-26,0.059712816029787064,0.0599002920889077,0.05745908054251825,0.057834604273420014,27840000
1981-11-02,0.06459467113018036,0.06590930296186531,0.05990029544608145,0.05990029544608145,53529600
1981-11-09,0.06309259682893753,0.06440722936073229,0.06309259682893753,0.06440722936073229,36288000
1981-11-16,0.06309259682893753,0.06309259682893753,0.06177796429714277,0.06290454474862983,24307200
1981-11-23,0.0647827684879303,0.06534576870386444,0.06346813573540068,0.06346813573540068,13555200
1981-11-30,0.06384362280368805,0.06590931098645086,0.06346809900601894,0.06478273099776287,39129600
1981-12-07,0.0647827684879303,0.0647827684879303,0.06271707910974093,0.06365618784728348,37593600
1981-12-14,0.06365614384412766,0.0649701997773629,0.06309256380899718,0.06478272370601115,23308800
1981-12-21,0.06384362280368805,0.06421915089919748,0.06328062291356543,0.06365615100907486,10368000
1981-12-28,0.06384362280368805,0.06478273099776287,0.06290451890745355,0.06421915089919748,11366400
1982-01-04,0.06121494993567467,0.0642191668502718,0.0593373175874325,0.06403169071125205,49804800
1982-01-11,0.0585862472653389,0.06121493536547855,0.05783461515592467,0.060839411563916,50611200
1982-01-18,0.06008834391832352,0.06121492370407925,0.05821013216633892,0.0587737121633859,59904000
1982-01-25,0.06365614384412766,0.06365614384412766,0.05858624006362333,0.05933729617010555,36748800
1982-02-01,0.06609679758548737,0.06684784959805129,0.06290452890660143,0.06497021741772098,83788800
1982-02-08,0.0632806271314621,0.06572126336396938,0.06196599505209289,0.06497021142073033,38131200
1982-02-15,0.06365614384412766,0.06365614384412766,0.0625289837738667,0.06290451182710782,24000000
1982-02-22,0.06234152987599373,0.06459469024582574,0.06215347784018284,0.06403168595979858,33446400
1982-03-01,0.061590492725372314,0.06328065363311308,0.06102691235321726,0.06196602100318169,85401600
1982-03-08,0.0602758452296257,0.06271705779306722,0.05971284090720625,0.06121494935013674,162278400
1982-03-15,0.06196603551506996,0.062341563880824694,0.05971286961838495,0.06008839798413968,42163200
1982-03-22,0.06492165476083755,0.0660506506515572,0.06228675243452163,0.06285153679916193,73612800
1982-03-29,0.07094290852546692,0.07131924158843081,0.06473314164222378,0.06529792980922064,80985600
1982-04-05,0.07094290852546692,0.07094290852546692,0.06736746446886498,0.07000236874766123,94656000
1982-04-12,0.07451839745044708,0.07470685698589938,0.0711314105698248,0.07188407288538891,63052800
1982-04-19,0.07790594547986984,0.07828227869310038,0.07414204481634133,0.07489471124280242,53260800
1982-04-26,0.07828229665756226,0.08054028784100684,0.07621217924412582,0.07884650372716308,67776000
1982-05-03,0.07828229665756226,0.07997550362594107,0.07771751244249649,0.0779059633579696,71424000
1982-05-10,0.07414210587739944,0.07809389213649598,0.07376577235423269,0.07809389213649598,37478400
1982-05-17,0.07508321851491928,0.07508321851491928,0.07282521779845955,0.07433055160943271,36057600
1982-05-24,0.073577880859375,0.07527108842833942,0.07226042957782014,0.07508321459169189,77606400
1982-05-31,0.07376573979854584,0.07508319942814554,0.07301308169850614,0.07395419935691687,35827200
1982-06-07,0.07470687478780746,0.07470687478780746,0.07244887438188846,0.07338942361860136,35750400
1982-06-14,0.07503125071525574,0.07578528931706936,0.0739001928125353,0.07465423141434893,43430400
1982-06-21,0.0793672576546669,0.0793672576546669,0.07446602345753142,0.07522006214318754,66892800
1982-06-28,0.07767099142074585,0.08162997207087,0.07767099142074585,0.08106415807317757,77644800
1982-07-05,0.07522010058164597,0.07804802325203111,0.07465427786456263,0.07804802325203111,154022400
1982-07-12,0.0852113664150238,0.0852113664150238,0.07540830742078009,0.07540830742078009,78163200
1982-07-19,0.08332624286413193,0.08860508360879478,0.08144115464507054,0.08709700612969346,72038400
1982-07-26,0.08219520002603531,0.08332624959693542,0.0757853092839393,0.082572219426274,457132800
1982-08-02,0.07691698521375656,0.08294927282841773,0.0746542894517433,0.08219524227022283,132153600
1982-08-09,0.07540833204984665,0.07804803889541902,0.07390025360561828,0.07691698869206853,49056000
1982-08-16,0.08822809159755707,0.08898213057092673,0.07540830717393915,0.07767099366203295,145152000
1982-08-23,0.09199824184179306,0.09878515152166077,0.08973613422431921,0.09388333871453408,159744000
1982-08-30,0.10119631886482239,0.10497264461444819,0.08986850835960715,0.09213395292202942,102451200
1982-09-06,0.1030842512845993,0.10459512463169557,0.09817578401866245,0.10006365404958811,77568000
1982-09-13,0.104972705245018,0.10572785674950418,0.10157395306648817,0.10270668032321743,67449600
1982-09-20,0.10572785884141922,0.1064830103608467,0.10157395507621471,0.10383940963449716,67737600
1982-09-27,0.10799330472946167,0.10988118352754633,0.10497270729507702,0.10610543457392782,111763200
1982-10-04,0.1140349954366684,0.11781074163508748,0.10686050811598961,0.10988110334621598,106694400
1982-10-11,0.11894352734088898,0.1215865484036798,0.11441262791714127,0.11592293060590678,71289600
1982-10-18,0.12120892107486725,0.12309736903922958,0.11554530569080464,0.12045377005231354,69734400
1982-10-25,0.11856584250926971,0.12120886113872566,0.10874833094781026,0.11781069186012778,69100800
1982-11-01,0.13367004692554474,0.13480276490536364,0.11818833486481944,0.11932105284463833,70867200
1982-11-08,0.13442522287368774,0.1355579410630418,0.13140462663116456,0.13329249604178628,66604800
1982-11-15,0.13593550026416779,0.13593550026416779,0.12536283996221773,0.1325373288212224,72076800
1982-11-22,0.13518032431602478,0.1363130508032291,0.12876097912312381,0.13367003097563046,59174400
1982-11-29,0.151039719581604,0.15330515678452564,0.13518041463387467,0.13706829337389362,80620800
1982-12-06,0.14210064709186554,0.16326435129771258,0.14096693607497301,0.15381620588665326,99321600
1982-12-13,0.1485249549150467,0.15306036901131018,0.1383210127781496,0.1417227160762534,102873600
1982-12-20,0.1530604064464569,0.15759523344810286,0.1489028949327458,0.15079300159569095,55584000
1982-12-27,0.15079304575920105,0.1530604512740333,0.142856503652999,0.15154883606406572,74169600
1983-01-03,0.1390768587589264,0.15230460428313766,0.1360536377708545,0.14776920622227452,152428800
1983-01-10,0.14021053910255432,0.14550175206179503,0.1345420020751965,0.13680941515612854,116966400
1983-01-17,0.13718734681606293,0.14210065715764592,0.13454202957265446,0.1417227534585794,63763200
1983-01-24,0.14021053910255432,0.14928077097999662,0.13227458034420903,0.133786194831534,276019200
1983-01-31,0.1413448303937912,0.14436805092205335,0.13454201113899025,0.14096692674650144,99859200
1983-02-07,0.15079304575920105,0.15117094956169294,0.13756527951418074,0.1413448884430314,102086400
1983-02-14,0.1451238989830017,0.15230462390221078,0.1439901877226646,0.15154881639531936,99686400
1983-02-21,0.1466354876756668,0.1481470851180005,0.14210065209838124,0.14361226684082873,64377600
1983-02-28,0.1609969437122345,0.16402017336192745,0.14550178455021537,0.14776920678748506,125011200
1983-03-07,0.15419414639472961,0.1628864865377262,0.15419414639472961,0.1617527752499989,88492800
1983-03-14,0.16461119055747986,0.1665031411978544,0.15325882845866245,0.15439400923641197,108230400
1983-03-21,0.18201853334903717,0.18277532107009636,0.16498970098177523,0.16801742351028043,88608000
1983-03-28,0.17520685493946075,0.18164010361979677,0.17520685493946075,0.18126170983398907,50496000
1983-04-04,0.1736932098865509,0.17520678442058393,0.16839571633997852,0.17482839078707568,82099200
1983-04-11,0.19110044836997986,0.19110044836997983,0.17293644316126316,0.17520680523199073,69619200
1983-04-18,0.18693825602531433,0.19110057185537552,0.18164016945943834,0.19034378400944504,90816000
1983-04-25,0.1865597665309906,0.18958689904140816,0.18504560264789066,0.1873165539892319,59097600
1983-05-02,0.1994255781173706,0.19980397163359592,0.18163997421235992,0.18542389205207527,100665600
1983-05-09,0.22061669826507568,0.22250923727203042,0.19791198126351414,0.19942555515413202,124896000
1983-05-16,0.21039961278438568,0.22326612248233915,0.20585890643658947,0.22023840172484543,114720000
1983-05-23,0.2179681807756424,0.21948175631073735,0.20737259770822902,0.20888617324332398,102547200
1983-05-30,0.2194817066192627,0.21986010041736667,0.21342742317214988,0.21645455623443094,98515200
1983-06-06,0.2418084740638733,0.24332203101405045,0.21872478611853394,0.21872478611853394,100128000
1983-06-13,0.25451457500457764,0.26208950601267134,0.24239503560770412,0.2431524558913095,127315200
1983-06-20,0.24466724693775177,0.25489320610047983,0.23936461328009143,0.25451448742028815,84979200
1983-06-27,0.24163763225078583,0.24466736582711085,0.22913878279845934,0.2439099280986716,71616000
1983-07-04,0.2473183125257492,0.250348634528981,0.2370923519230307,0.24163754886034935,56716800
1983-07-11,0.2423950880765915,0.2757239803348805,0.2393647474639,0.2484545556816451,120547200
1983-07-18,0.27345171570777893,0.2825415249689736,0.24012221281332036,0.24239511590193596,76867200
1983-07-25,0.24845466017723083,0.27572409629950323,0.24391004889334175,0.2719369231191691,88272000
1983-08-01,0.25148478150367737,0.25148478150367737,0.23557746834664425,0.24693958473310196,169468800
1983-08-08,0.2560293972492218,0.27572386357748524,0.2469395928806244,0.25299964739223263,113904000
1983-08-15,0.24163763225078583,0.26890705486806915,0.2401221673212199,0.260574685057414,109756800
1983-08-22,0.23179036378860474,0.24390990369125395,0.21512562583489048,0.24239504572339524,127632000
1983-08-29,0.2365516573190689,0.24261728688528614,0.22896978087956435,0.2297279129928711,45148800
1983-09-05,0.2289697527885437,0.2456497678477884,0.22821162076824797,0.23503536425727878,78528000
1983-09-12,0.2357935905456543,0.23882611983921428,0.22214608075812142,0.23806798751582428,70713600
1983-09-19,0.23958411812782288,0.2524734893146276,0.23579347571030979,0.23730973961864404,97507200
1983-09-26,0.2479240745306015,0.25019904243104263,0.23200276989106877,0.2426171696550254,47788800
1983-10-03,0.2547479271888733,0.2577804381523257,0.2471660510905167,0.24792418316971115,77635200
1983-10-10,0.2592974305152893,0.2683955756208542,0.25474806295581814,0.25626432792229425,72278400
1983-10-17,0.2479240745306015,0.26081344219499925,0.24337528404869244,0.26081344219499925,96384000
1983-10-24,0.24716606736183167,0.25778045512240183,0.24261729194053766,0.24261729194053766,64684800
1983-10-31,0.24564968049526215,0.25550594856060715,0.23730967593132846,0.24716594399667344,92313600
1983-11-07,0.2547479271888733,0.2562641913472622,0.23958415763883475,0.24413352277373893,55632000
1983-11-14,0.2646041214466095,0.2653622533020978,0.25323158830803705,0.2570222475854784,73977600
1983-11-21,0.2592974305152893,0.26991184058733036,0.25626432792229425,0.2653624730278592,72009600
1983-11-28,0.25095728039741516,0.26081355258612166,0.24868229418075277,0.2577804343015898,53068800
1983-12-05,0.24131186306476593,0.25041795996288824,0.23979368235137008,0.24965857434166533,121094400
1983-12-12,0.23448185622692108,0.24434673652789102,0.22916974108421953,0.24282916551028244,104678400
1983-12-19,0.23296447098255157,0.23448204321032026,0.21551107904185904,0.23372326578068328,99638400
1983-12-26,0.23675838112831116,0.24586447271016926,0.22916987884480897,0.2337232199000906,41884800
1984-01-02,0.24207063019275665,0.24586458784683904,0.2276523961544806,0.2375172870051762,77299200
1984-01-09,0.22461706399917603,0.24207044751594103,0.2200637242477424,0.2405522681236103,91094400
1984-01-16,0.22006386518478394,0.23068753245821294,0.21854627534906862,0.22309961801663133,102220800
1984-01-23,0.20944026112556458,0.21778756422556556,0.20261054844517593,0.2170287690157594,178704000
1984-01-30,0.19881649315357208,0.21854627232907253,0.19426315054893,0.2094401776486945,121209600
1984-02-06,0.201851487159729,0.20185148715972903,0.18515688559763396,0.19502176611360567,146198400
1984-02-13,0.19426311552524567,0.20336920856388677,0.19426311552524567,0.2018516363912426,73238400
1984-02-20,0.19578132033348083,0.19578132033348083,0.18363947351805296,0.19426314007171053,60720000
1984-02-27,0.21019887924194336,0.2124752455850096,0.19426306430923354,0.1972988331199519,99705600
1984-03-05,0.20792260766029358,0.20792260766029358,0.19805771713188225,0.20336926462147004,138057600
1984-03-12,0.21323412656784058,0.21551110173077576,0.2033692373617254,0.20716378491219864,106579200
1984-03-19,0.197591632604599,0.21735066540807083,0.19759163260459897,0.2112707435716586,72403200
1984-03-26,0.20215101540088654,0.20367083838141237,0.18847191280597728,0.19607167129602007,103440000
1984-04-02,0.19835151731967926,0.20443086457700854,0.19455134040174007,0.20367094399555946,75062400
1984-04-09,0.20975090563297272,0.2203903515550851,0.1953112823766676,0.19759163577575123,103046400
1984-04-16,0.20671117305755615,0.2097508373322401,0.20215107654357103,0.20823099649776827,63916800
1984-04-23,0.2158307582139969,0.21811050189751302,0.20519131656811512,0.20899090097014755,70425600
1984-04-30,0.2158307582139969,0.21887042225677117,0.2120305824071802,0.21735058153825487,78864000
1984-05-07,0.22266995906829834,0.22798997445660227,0.2097507765000741,0.21431087169153507,106080000
1984-05-14,0.2135503888130188,0.22266998901788865,0.2135503888130188,0.22266998901788865,51014400
1984-05-21,0.21887041628360748,0.22191008024342668,0.21127065628216238,0.2143109116467497,74476800
1984-05-28,0.2279900461435318,0.23255014276882435,0.2143109390773418,0.22343054092308307,150412800
1984-06-04,0.2371096909046173,0.23938945262459407,0.22950992855493704,0.23102975230732498,134476800
1984-06-11,0.22678285837173462,0.23819795889841094,0.22602188882894014,0.23743698935561647,82579200
1984-06-18,0.2511354982852936,0.2511354982852936,0.22221639992329367,0.22221639992329367,168998400
1984-06-25,0.2511354982852936,0.2541793581288241,0.24200330911530343,0.2511354982852936,122918400
1984-07-02,0.2473301887512207,0.25417947307219996,0.24352535787164467,0.2518965815117649,72115200
1984-07-09,0.2511354982852936,0.25570129675972364,0.24961296743326405,0.24961296743326405,76444800
1984-07-16,0.24580805003643036,0.25265734621964403,0.24428611195186178,0.25265734621964403,52300800
1984-07-23,0.24961306154727936,0.25037403114964485,0.2328712077469863,0.24428629174899621,90201600
1984-07-30,0.2754875719547272,0.27700949293656885,0.2458081009991038,0.24961292958110692,165696000
1984-08-06,0.26787739992141724,0.2861417819533212,0.2648335394626071,0.2739657304785591,157363200
1984-08-13,0.25950610637664795,0.2671163737609174,0.2480910275381873,0.2617896063721687,118656000
1984-08-20,0.26102855801582336,0.26787724442727134,0.25874505871226017,0.25874505871226017,95625600
1984-08-27,0.2689657509326935,0.2704901375556482,0.25677486086835694,0.2598224307888233,46128000
1984-09-03,0.26744189858436584,0.2720138363872189,0.26210863966164877,0.2689656743912177,45590400
1984-09-10,0.2720138728618622,0.2727757695871988,0.2659181409952796,0.2666800377206162,79440000
1984-09-17,0.27125173807144165,0.2727755126473045,0.2682035610984316,0.26972794605609873,78336000
1984-09-24,0.2613467276096344,0.27125194118993545,0.25906044493228486,0.27049004461174164,70992000
1984-10-01,0.2483934462070465,0.2613468265050446,0.24534585874104364,0.2613468265050446,72230400
1984-10-08,0.25144150853157043,0.25448907733821735,0.24001192654151435,0.24839334678216826,88243200
1984-10-15,0.2697281241416931,0.2720137962343221,0.25067900230384105,0.25296528477867736,90624000
1984-10-22,0.2582985758781433,0.27277572755660956,0.25677478266226345,0.2697281585643437,77289600
1984-10-29,0.25677499175071716,0.2621088478528822,0.2560130945223744,0.25829878620740254,70867200
1984-11-05,0.25067901611328125,0.2651561841811883,0.24991711956060292,0.25982233280918426,67574400
1984-11-12,0.2483934462070465,0.2522035060430429,0.24382208244754197,0.24991722250054818,63312000
1984-11-19,0.25220343470573425,0.2529653313567278,0.24534578934346254,0.2483933759474366,45590400
1984-11-26,0.2430601269006729,0.2582986011762584,0.24306012690067294,0.2506790588472932,89145600
1984-12-03,0.23652009665966034,0.24567570969929706,0.23346842938081827,0.24414988479134903,139113600
1984-12-10,0.23957164585590363,0.242623905147994,0.2349941387960428,0.23728288359450517,65769600
1984-12-17,0.24414990842342377,0.2548313474049002,0.2388088833311007,0.24109762964603107,118512000
1984-12-24,0.23041614890098572,0.2487273734337028,0.22736446441694128,0.24567568894965836,113433600
1984-12-31,0.23499421775341034,0.23652004231074578,0.22965319440535334,0.23041611541549206,81398400
1985-01-07,0.24643872678279877,0.2502533167314802,0.235757267215733,0.23652018869805985,101433600
1985-01-14,0.26093530654907227,0.26093530654907227,0.2456757455235059,0.2472015881168969,152784000
1985-01-21,0.2845868766307831,0.2914537249369752,0.26017170897592184,0.26780149579972534,235065600
1985-01-28,0.28077220916748047,0.2861126375721779,0.2731424245081879,0.2830609542192433,111907200
1985-02-04,0.2853497862815857,0.28687561086700064,0.276194175177288,0.27771999976270295,180691200
1985-02-11,0.2838239073753357,0.2922165963655648,0.2822980655251271,0.28534974922554435,128140800
1985-02-18,0.2685644328594208,0.28534983324518504,0.2662756868731396,0.28534983324518504,139536000
1985-02-25,0.27924641966819763,0.28611269103232495,0.26093519850110286,0.2678014698652302,131635200
1985-03-04,0.2746683955192566,0.2838240087032318,0.2685644496622331,0.2784829840436828,99216000
1985-03-11,0.2769572138786316,0.2784830391123589,0.27085386055487326,0.2746684498336161,71875200
1985-03-18,0.27280038595199585,0.27891316612318273,0.2705081043190019,0.274328585367273,88569600
1985-03-25,0.27280038595199585,0.2766208844901888,0.2659229289057479,0.27127220402664054,67459200
1985-04-01,0.2750926911830902,0.2796778666981538,0.2720363097745936,0.27356449173388075,75033600
1985-04-08,0.2827341556549072,0.2834982551296577,0.27203622082098705,0.27356440228057144,68563200
1985-04-15,0.2873188555240631,0.29343223105345556,0.2789131980988806,0.28120609214200704,77328000
1985-04-22,0.2957243323326111,0.29648843161597677,0.2873186630484861,0.2888474562722317,65385600
1985-04-29,0.28502652049064636,0.29572447530711815,0.2781490464481866,0.2941962760015451,61603200
1985-05-06,0.3010737895965576,0.3026019891916686,0.2812060929949058,0.2842624746952038,75936000
1985-05-13,0.3064224421977997,0.30947940060686197,0.29113988886241804,0.2995455450517451,83174400
1985-05-20,0.31788507103919983,0.32094146990772326,0.3048942564929602,0.30795121503899114,110169600
1985-05-27,0.32017719745635986,0.3224694953710675,0.314063843339934,0.32094129676126243,81561600
1985-06-03,0.33851683139801025,0.34615838708747293,0.324761919221493,0.3270547777025276,133968000
1985-06-10,0.3270547091960907,0.3377526610495254,0.32399775175417694,0.33011110696069906,76742400
1985-06-17,0.33283883333206177,0.33283883333206177,0.3244221689121533,0.3251872692766497,66432000
1985-06-24,0.33436909317970276,0.33743005558933475,0.33054359068084693,0.33207379168038925,55920000
1985-07-01,0.3175363540649414,0.3412555927909874,0.3160055924991863,0.3412555927909874,115564800
1985-07-08,0.3114148676395416,0.31753623028455,0.29917270275991065,0.3160054693155085,239817600
1985-07-15,0.3175363540649414,0.32059675637524304,0.3060587245801018,0.31218008961130933,123897600
1985-07-22,0.3007030785083771,0.31753641528147386,0.29993797778330106,0.3167713145563979,89894400
1985-07-29,0.30758941173553467,0.31064981330548086,0.28769510278665067,0.30070294779268686,132508800
1985-08-05,0.3045286536216736,0.3083547185559324,0.2968770841639999,0.3083547185559324,73824000
1985-08-12,0.30682387948036194,0.3121801448823124,0.2984077716369739,0.30529367805429136,73795200
1985-08-19,0.31294509768486023,0.3152403987391141,0.3075893952249345,0.3106497966306064,90355200
1985-08-26,0.3172086477279663,0.3179748047479506,0.30954651634371,0.3133773014436316,48163200
1985-09-02,0.31261101365089417,0.31720851503196706,0.30954638685296443,0.3164417971483063,33724800
1985-09-09,0.29881972074508667,0.3172086093698814,0.2972868457060661,0.3149095774035231,71884800
1985-09-16,0.304949015378952,0.3087803616926807,0.29881975917205394,0.29958591619791625,69772800
1985-09-23,0.29422223567962646,0.30724746541153536,0.29115762532310185,0.30648130843815125,74707200
1985-09-30,0.304949015378952,0.3057151724048143,0.2903914882401648,0.29422225583246303,67382400
1985-10-07,0.3279353678226471,0.32946768167865736,0.30035203486142475,0.3018843487174351,81801600
1985-10-14,0.3264031410217285,0.340194530588473,0.32027332277845577,0.32793545528642287,81561600
1985-10-21,0.3279353678226471,0.3371298121430545,0.32640305396663677,0.32640305396663677,64032000
1985-10-28,0.32180559635162354,0.33100004196166993,0.3202732822806866,0.32793541381979596,44462400
1985-11-04,0.33559760451316833,0.3417268618772926,0.320273338733811,0.32180565307484205,71376000
1985-11-11,0.3447919487953186,0.35551870716424594,0.33559750430990154,0.33559750430990154,99182400
1985-11-18,0.3662453293800354,0.3693099560077689,0.3447918206176069,0.3478564472453403,75513600
1985-11-25,0.36318066716194153,0.3662452934893529,0.3570508533230265,0.3616477928141436,48710400
1985-12-02,0.3682037889957428,0.3743407060904701,0.36206687190101544,0.36206687190101544,66580800
1985-12-09,0.39275062084198,0.40348979687074477,0.3666694437241217,0.3666694437241217,92606400
1985-12-16,0.3958189785480499,0.4234342561211697,0.3820116206786203,0.39121671320299356,173688000
1985-12-23,0.38354575634002686,0.3958190272718983,0.37434066268254085,0.3942849386347056,55161600
1985-12-30,0.37280648946762085,0.3927507608950758,0.3682036627659454,0.38507975761508495,56212800
1986-01-06,0.36360135674476624,0.39121662832661663,0.35746444244853104,0.3712717973223869,130675200
1986-01-13,0.3804771900177002,0.38047719001770025,0.3651357348444169,0.36820391351215664,72561600
1986-01-20,0.3743407130241394,0.38047706839813167,0.368203795815742,0.38047706839813167,38788800
1986-01-27,0.39428526163101196,0.408092632510998,0.37280687944668256,0.37434096934059324,92116800
1986-02-03,0.3820117712020874,0.41116114870924036,0.37740894220912546,0.3942850454591829,132715200
1986-02-10,0.38968202471733093,0.3927507631474474,0.36820366487754275,0.3820115832275533,153974400
1986-02-17,0.3973531424999237,0.4050241480335599,0.38814804822643373,0.39275087628036237,105729600
1986-02-24,0.4172975718975067,0.42036631233017996,0.39428510874260353,0.39735328734070474,117302400
1986-03-03,0.4464474618434906,0.44951564006997025,0.4172975213539175,0.4203662614149012,142608000
1986-03-10,0.49707508087158203,0.503211997543177,0.44644734429258043,0.44644734429258043,118550400
1986-03-17,0.44538167119026184,0.4975990420955704,0.44538167119026184,0.4914556565694813,134817600
1986-03-24,0.4868486821651459,0.4914558008422534,0.45459660171841576,0.45459660171841576,76392000
1986-03-31,0.4545966684818268,0.4883844601164344,0.44231045444507266,0.4853130472139526,78326400
1986-04-07,0.5006703734397888,0.5037423469240043,0.4515249843837235,0.45459639544144975,114043200
1986-04-14,0.5114216208457947,0.5160287390885971,0.49452772910213605,0.4991348473449385,69960000
1986-04-21,0.5190998315811157,0.5267789196835819,0.5068136280729767,0.5114213059049945,58334400
1986-04-28,0.49145594239234924,0.5221723254603693,0.4868488223882901,0.5206366187923496,65452800
1986-05-05,0.5006703734397888,0.5160285535813983,0.479169371182727,0.4929918457954734,111374400
1986-05-12,0.5175644159317017,0.5436731051127457,0.4991348191482188,0.502206793563239,103488000
1986-05-19,0.5697817206382751,0.5774608120431625,0.509885257621424,0.5191000548219713,135926400
1986-05-26,0.5882114171981812,0.6112481329872044,0.5697818195962887,0.5713175256586657,104102400
1986-06-02,0.6051052808761597,0.6112481048428265,0.5774608857461827,0.585139978131175,96038400
1986-06-09,0.6020331382751465,0.6051051118269162,0.5774607244199987,0.6020331382751465,107068800
1986-06-16,0.6148472428321838,0.6179212904717322,0.5917901968076974,0.6025499264554078,107203200
1986-06-23,0.6363665461540222,0.6379035695970715,0.593327075202873,0.6117724823377721,95889600
1986-06-30,0.6502007842063904,0.6978513182494596,0.6332924030826085,0.636366449501817,77376000
1986-07-07,0.5964015126228333,0.6409779941332885,0.5764190878203165,0.6394404082254874,194971200
1986-07-14,0.6010127663612366,0.6010127663612366,0.5303057463187851,0.5902530391532003,159494400
1986-07-21,0.5841044187545776,0.5964017331092921,0.5733446908761015,0.5933271230660141,74817600
1986-07-28,0.5702705979347229,0.5902530285195358,0.5564362611242195,0.5779562780617633,71592000
1986-08-04,0.5426022410392761,0.5702703391978605,0.5364535871455136,0.5687333164516444,132691200
1986-08-11,0.5718075037002563,0.582567228500099,0.5426023755552442,0.5426023755552442,92808000
1986-08-18,0.5687335729598999,0.5856419566120342,0.5610478928535523,0.570270596399339,64492800
1986-08-25,0.5784959197044373,0.5784959197044373,0.5523404336651927,0.5661871242537659,78566400
1986-09-01,0.5631104707717896,0.5815731091577498,0.5523406922858143,0.5784961905717596,76363200
1986-09-08,0.5000297427177429,0.5677264654532341,0.4984912832801294,0.5600336048301044,169190400
1986-09-15,0.5215699076652527,0.5215699076652527,0.4815671418511683,0.5000297834776355,147931200
1986-09-22,0.5138769745826721,0.5400324738032017,0.5046456550598398,0.5215698347575373,83025600
1986-09-29,0.541570782661438,0.5508020996191053,0.4969526567935673,0.5123383728679705,92856000
1986-10-06,0.5369548201560974,0.5477245955867743,0.529261962438514,0.5354163612995506,54278400
1986-10-13,0.541570782661438,0.563110334417704,0.5246466076665691,0.5369548424651679,60744000
1986-10-20,0.5461862683296204,0.5631104466990849,0.5261851715057023,0.5354164903040479,52963200
1986-10-27,0.5523409843444824,0.5677267122798892,0.5354167963025962,0.5431096602702997,60542400
1986-11-03,0.5569559931755066,0.5615719338514295,0.5431092980176012,0.5523406159345153,58233600
1986-11-10,0.5584949851036072,0.5815729969145105,0.5431092682730713,0.5523405856844127,86356800
1986-11-17,0.5769577622413635,0.5815731403680344,0.53387808255057,0.550802262551776,102014400
1986-11-24,0.5861891508102417,0.5877276103665763,0.5738803474893536,0.5754188070456882,69657600
1986-12-01,0.5928522944450378,0.6097910281011056,0.5682146490539899,0.5866931650570537,118939200
1986-12-08,0.5620548129081726,0.5990118355221958,0.5589752489968082,0.5882327979130079,90518400
1986-12-15,0.6005519032478333,0.6005519032478333,0.552815820309619,0.5543556029979999,110721600
1986-12-22,0.5759133696556091,0.5913123158540992,0.569754242311708,0.5913123158540992,55132800
1986-12-29,0.5759133696556091,0.5820730609188789,0.5666741147203889,0.577453715410953,45244800
1987-01-05,0.5974723100662231,0.6020916579163933,0.5805335734429566,0.58207335605968,116884800
1987-01-12,0.5882328152656555,0.5990118531928211,0.5759134314179556,0.597472071191716,107563200
1987-01-19,0.6236503720283508,0.6544477193671373,0.5820734173972609,0.5882331124329039,190200000
1987-01-26,0.5974723100662231,0.6282696541596546,0.5943921809131217,0.6113309175363882,112454400
1987-02-02,0.640588641166687,0.6436687710994683,0.5959326782992297,0.5974724613057216,89529600
1987-02-09,0.6467483043670654,0.6529080000009605,0.6205703028227229,0.6421289555814708,80155200
1987-02-16,0.6713861227035522,0.6744656867245843,0.6421285727454507,0.6482877007875146,95419200
1987-02-23,0.6744661331176758,0.6821656121855622,0.6621473049609412,0.6729263500880597,89304000
1987-03-02,0.7206620573997498,0.7222018396041909,0.6790856822018236,0.6837050288151472,117960000
1987-03-09,0.7098830938339233,0.7314411748365763,0.7037234004390667,0.7145024409403932,103032000
1987-03-16,0.7183442115783691,0.7275932762574121,0.6890556008477512,0.7090951468993263,103435200
1987-03-23,0.7183442115783691,0.7445499889220087,0.71680279488488,0.7245098783523258,89169600
1987-03-30,0.7214265465736389,0.7260513579772007,0.685971729044631,0.6967622029626513,104606400
1987-04-06,0.6998454928398132,0.7322169096955624,0.6921378513453114,0.7245092682010604,98304000
1987-04-13,0.7029283046722412,0.7090945306050631,0.6536001907625177,0.6998454739646388,127012800
1987-04-20,0.6828891634941101,0.7275930567064507,0.6798063310373754,0.7060115359554954,98558400
1987-04-27,0.6844307780265808,0.7137193884053321,0.6489759364298446,0.6659326488907272,103867200
1987-05-04,0.696762204170227,0.7029284312130902,0.6674736136226348,0.675181256296784,98006400
1987-05-11,0.6782640218734741,0.7168022315120216,0.676722606391465,0.6998455321745936,117254400
1987-05-18,0.689055323600769,0.6983043845583775,0.6551419119169112,0.678264282051992,115176000
1987-05-25,0.7214265465736389,0.7245093778308682,0.693679371705422,0.6998455987375984,62500800
1987-06-01,0.7568812966346741,0.7784622425470012,0.7121774248011385,0.7245093132485159,123480000
1987-06-08,0.7877116799354553,0.7938779093920297,0.7476325997625711,0.7522568484665471,129062400
1987-06-15,0.8362835049629211,0.8378269346803415,0.7591357511248996,0.7992524927129261,115521600
1987-06-22,0.8362835049629211,0.8625138994814018,0.8239400225623911,0.8424555286873886,113217600
1987-06-29,0.8424557447433472,0.8486277700506905,0.823940233869867,0.837827149549252,66292800
1987-07-06,0.8223976492881775,0.8517137906615191,0.8131398906940305,0.8424560320673722,111993600
1987-07-13,0.9257760643959045,0.9257760643959047,0.8146829366683961,0.8393704867352426,200880000
1987-07-20,0.888744592666626,0.9350333735346794,0.8856588622916206,0.9226898869860634,100802400
1987-07-27,0.9196030497550964,0.9288608004742696,0.8856583404836367,0.8887440690406071,77196000
1987-08-03,0.9628069996833801,0.9689790277745417,0.907260442009339,0.9134324701005005,90549600
1987-08-10,1.0306967496871948,1.0522985592193939,0.9720644774897413,0.9720644774897413,182793600
1987-08-17,1.0492122173309326,1.0584699738516425,0.9782364607045662,1.0306967042895125,122791200
1987-08-24,0.9820405840873718,1.0561568545845321,0.9727760502752268,1.0530688651345734,109236000
1987-08-31,0.9542468786239624,1.0129220645503312,0.95115888951064,0.9727759442283112,111249600
1987-09-07,0.9573346972465515,0.9573346972465514,0.8924829791807052,0.944982177530902,103689600
1987-09-14,0.9110123515129089,0.9851286259536148,0.9079243618986459,0.9820406363393517,99554400
1987-09-21,0.9326297640800476,0.935717752995282,0.8461604198317757,0.9110121452868942,163576800
1987-09-28,0.9480704069137573,0.975864007430404,0.9202768063971104,0.944982417565991,79929600
1987-10-05,0.8708657622337341,0.9542465267029215,0.8523367034628037,0.9511585387284326,129844800
1987-10-12,0.7164570689201355,0.8801306825911739,0.7164570689201355,0.8646896049354911,176709600
1987-10-19,0.6670466065406799,0.7627799588067319,0.5435196456687663,0.5435196456687663,374289600
1987-10-26,0.6824876070022583,0.7226337372509746,0.5836657108565564,0.6330763761982339,172800000
1987-11-02,0.6979283094406128,0.7318984690662065,0.6639587152775182,0.6763112435675073,100080000
1987-11-09,0.7102810740470886,0.7318981299027969,0.6608698528594169,0.6732229408874533,98064000
1987-11-16,0.6763113737106323,0.7288106186049297,0.6207241375152379,0.7257220618412249,108876000
1987-11-23,0.6176357269287109,0.6917519915416672,0.6145471722616884,0.6855754476698462,122025600
1987-11-30,0.5342550277709961,0.6145472856017314,0.4941083333933003,0.6114592958274195,243355200
1987-12-07,0.572106659412384,0.5906614638663241,0.5349970505045039,0.5349970505045039,134354400
1987-12-14,0.627771258354187,0.6308635379280765,0.5257198036893511,0.5751991081108933,142720800
1987-12-21,0.6648805141448975,0.6710650699060245,0.6215857925792484,0.6277709145879273,86628000
1987-12-28,0.6432334184646606,0.6494185457449093,0.6123089145594859,0.6339560106683048,69765600
1988-01-04,0.6215861439704895,0.7081750698041527,0.6061236133313856,0.6463260797434812,116448000
1988-01-11,0.6896199584007263,0.6896199584007263,0.5999387920993755,0.6215858725432146,94224000
1988-01-18,0.6432334184646606,0.6896204574464398,0.6184940418397347,0.6896204574464398,68988000
1988-01-25,0.6772506237030029,0.6865280295071537,0.6525106861426301,0.6556035322426222,78868800
1988-02-01,0.6432334184646606,0.6896204574464398,0.6339560106683048,0.6865281769303327,66880800
1988-02-08,0.6710653901100159,0.6710653901100159,0.6215860891738123,0.6370486184497981,81064800
1988-02-15,0.6803424954414368,0.692712739925103,0.6556031389692506,0.6710650952024736,63912000
1988-02-22,0.6988980174064636,0.7112682746602061,0.6803431977740074,0.6865283264008787,101498400
1988-02-29,0.7421925067901611,0.7483776330960609,0.705082881450653,0.7081751614796303,121634400
1988-03-07,0.7329147458076477,0.760746951344647,0.7112676635836498,0.7421921476533142,77366400
1988-03-14,0.7369900941848755,0.7555696811559562,0.727700300699335,0.7338936853576943,86174400
1988-03-21,0.702927827835083,0.7369900226393779,0.702927827835083,0.7246038215290835,62318400
1988-03-28,0.6967341899871826,0.7153137683868408,0.6781546115875243,0.6936377825884846,52915200
1988-04-04,0.7277002930641174,0.7400870622508708,0.6781549173290768,0.6905411195118393,70293600
1988-04-11,0.6998313665390015,0.7431839527863232,0.6688655575076909,0.7307977425746707,73188000
1988-04-18,0.7122178077697754,0.7184106264519907,0.6719616513149205,0.6936382177149473,68587200
1988-04-25,0.6874445676803589,0.7184103501962011,0.6719613929205013,0.7122175338953565,50035200
1988-05-02,0.668864905834198,0.7060240672694312,0.6657684980491972,0.6874444865518146,65397600
1988-05-09,0.6595755219459534,0.6812515238066418,0.6409959297784618,0.6657689083365024,65812800
1988-05-16,0.6812514662742615,0.693638238009284,0.6440922850774089,0.6626718756758352,66468000
1988-05-23,0.6750588417053223,0.6874450500012179,0.6502858581092602,0.6874450500012179,56157600
1988-05-30,0.7122178077697754,0.7338938071657112,0.6781550370012268,0.6781550370012268,89632800
1988-06-06,0.7246034741401672,0.7338932622701694,0.6998305167922716,0.7122172789680544,67740000
1988-06-13,0.7317982912063599,0.7473021097610536,0.7069913866259334,0.7224957729612818,99940800
1988-06-20,0.7379993200302124,0.7504030516478265,0.719394290384237,0.7348986710160318,83001600
1988-06-27,0.7504034638404846,0.7690085037061102,0.7069915148937724,0.7317984239748591,108777600
1988-07-04,0.7969154715538025,0.8186211460137522,0.7473016902448664,0.7535035548535673,106802400
1988-07-11,0.8341256976127625,0.8403269957344864,0.7814112568953828,0.8031169358823254,94130400
1988-07-18,0.7783107161521912,0.8279239469329385,0.7721088493868977,0.8279239469329385,85816800
1988-07-25,0.8155208826065063,0.8155208826065065,0.7628064279969242,0.7752095952895184,67545600
1988-08-01,0.7969154715538025,0.8217217944279347,0.781411093922218,0.8093186329908686,62640000
1988-08-08,0.7721085548400879,0.8062179573662214,0.7659066904407045,0.8000160929668381,55668000
1988-08-15,0.7690083384513855,0.7845121564872355,0.7566046026859429,0.7659071206197071,57571200
1988-08-22,0.75350421667099,0.772109259057928,0.734899174284052,0.7690086079203833,54576000
1988-08-29,0.7576019763946533,0.7700220630518277,0.7141333786818346,0.7544972389949084,63631200
1988-09-05,0.7886515855789185,0.7917563228254069,0.7607072447733159,0.7638119820198043,54909600
1988-09-12,0.7979666590690613,0.8041761358437785,0.7576022173870098,0.7917566137650661,78640800
1988-09-19,0.8010714054107666,0.8072814507764252,0.7824418378430744,0.7917566216269205,50539200
1988-09-26,0.8010714054107666,0.8072814507764252,0.7824418378430744,0.7979666669925791,65179200
1988-10-03,0.8228054642677307,0.8259107702825259,0.7917563838235695,0.8010711648097292,82687200
1988-10-10,0.8134908080101013,0.825910896915367,0.7979665496723193,0.8165961145010178,50649600
1988-10-17,0.8259108066558838,0.8290155442782996,0.791756418692758,0.8165960252594985,68280000
1988-10-24,0.7824422121047974,0.8290161533015115,0.7669173755293741,0.8259114133982491,66458400
1988-10-31,0.7669176459312439,0.7886525385060941,0.7576028544076671,0.7855472289783977,79370400
1988-11-07,0.7389727830886841,0.7793372320401206,0.7389727830886841,0.7607076613023439,66141600
1988-11-14,0.7482883334159851,0.7544983861867688,0.7265540015131847,0.7513936440663578,78508800
1988-11-21,0.7420780658721924,0.7513928509311346,0.7358680196564436,0.7420780658721923,33043200
1988-11-28,0.7420780658721924,0.7576023286175219,0.7358680196564436,0.7451828047153859,61656000
1988-12-05,0.7741638422012329,0.7834911174084767,0.7399636433441059,0.7430731146076536,56520000
1988-12-12,0.7679460644721985,0.7866006293524311,0.7648371600895401,0.7741644425296563,76795200
1988-12-19,0.7772731781005859,0.7803826511000559,0.7586186172718357,0.7617280902713057,62083200
1988-12-26,0.7803818583488464,0.7897091292881099,0.7648362170195946,0.7710545874095831,36388800
1989-01-02,0.7710550427436829,0.7803823191910186,0.7461821157868622,0.7679455710667207,58869600
1989-01-09,0.7928187251091003,0.7959276283847644,0.758618511909042,0.7741641668712391,70116000
1989-01-16,0.7928187251091003,0.7990371009523668,0.7772730701469032,0.7928187251091003,59136000
1989-01-23,0.8145816922187805,0.8270184363569312,0.7710547956100319,0.7959271453031475,83563200
1989-01-30,0.8332362174987793,0.8518907639300324,0.81147276975951,0.8145816710675262,69684000
1989-02-06,0.8301270604133606,0.8705450421303601,0.8301270604133607,0.836345430404977,74628000
1989-02-13,0.8550004959106445,0.8550004959106445,0.8176913916424238,0.8301275699679134,62918400
1989-02-20,0.7959276437759399,0.8581096955352296,0.7897098371043756,0.8550007921994475,54235200
1989-02-27,0.7928187251091003,0.802146004228031,0.7803825427145057,0.7897098218334363,70149600
1989-03-06,0.817691445350647,0.8270187220303434,0.7928185177741934,0.8052546969165255,72052800
1989-03-13,0.8190212249755859,0.8439340322039917,0.7972218058787227,0.8159066964088303,89347200
1989-03-20,0.7941080927848816,0.8096790297748264,0.7909941334740056,0.8096790297748264,72480000
1989-03-27,0.8096790909767151,0.8252494589258076,0.7941081528097967,0.7941081528097967,60465600
1989-04-03,0.837706446647644,0.8408204062277287,0.8034506103953852,0.8096790997733864,59191200
1989-04-10,0.8595048785209656,0.8595048785209656,0.8345915035637834,0.8377060318193996,70368000
1989-04-17,0.9062175154685974,0.9062175154685974,0.8532767832552166,0.8595052724032058,108187200
1989-04-24,0.8968753218650818,0.9062177731345097,0.8781904193262259,0.9031038127840246,51772800
1989-05-01,0.890646755695343,0.9062176965681242,0.853276953775008,0.8844188355205703,77359200
1989-05-08,0.9124459624290466,0.9124459624290465,0.856391273342302,0.8875325772067875,80304000
1989-05-15,0.9778432250022888,0.9902996341007483,0.9124460793541262,0.9124460793541262,120796800
1989-05-22,0.9622721076011658,0.9934134096839593,0.946701171450893,0.9902994505410055,67303200
1989-05-29,0.9747287631034851,0.9778432932588973,0.9435874530746441,0.9622723531355282,64454400
1989-06-05,0.9965282082557678,0.9996421682399548,0.9591584075739003,0.977843307914834,84847200
1989-06-12,0.969835102558136,0.9947822437470054,0.9511244611647537,0.9947822437470054,81381600
1989-06-19,1.0041362047195435,1.0041362047195435,0.9667149726057382,0.9667149726057382,66619200
1989-06-26,0.9511240124702454,1.0166112264533693,0.9386498767570468,1.0010188423134667,72108000
1989-07-03,0.9635976552963257,0.9698347236585461,0.9417687725334104,0.9542423382546138,42808800
1989-07-10,0.9916634559631348,0.9979005233790476,0.9604792608898727,0.9667157573026346,57616800
1989-07-17,1.0665059089660645,1.0665059089660645,0.9916633890386213,0.9947816370345607,85000800
1989-07-24,1.0633877515792847,1.072743067367363,1.0259664884269717,1.0509136165264064,52346400
1989-07-31,1.0415586233139038,1.0945722861993137,1.0384403740865285,1.0727433996010098,60374400
1989-08-07,1.0228478908538818,1.0820986176891343,1.0072560751631603,1.0415585264853753,138043200
1989-08-14,1.035321831703186,1.035321831703186,1.0103741319382207,1.0197294479746857,71546400
1989-08-21,1.05715012550354,1.0696236829628056,1.0041365070466572,1.038439503813212,87988800
1989-08-28,1.0491567850112915,1.0585242563060353,1.036667013866658,1.0491567850112915,55941600
1989-09-04,1.0148100852966309,1.0554028774954858,0.9898305212079527,1.0460353980258381,59152800
1989-09-11,1.0023200511932373,1.0148098300967014,0.9835850969653263,1.0054423529827459,89832000
1989-09-18,0.9960746169090271,1.0023197906098518,0.9804625402748862,0.9991974896320798,59004000
1989-09-25,1.0241763591766357,1.0304215287202099,0.9773390169620808,0.9929516549485659,60789600
1989-10-02,1.0866270065307617,1.099116781541319,1.0085649121605895,1.0241769879874734,96175200
1989-10-09,0.9991979598999023,1.0991173556680078,0.9929527832598146,1.0928727507734697,76022400
1989-10-16,1.0866270065307617,1.092872179908666,0.9242576444125132,0.9242576444125132,147170400
1989-10-23,1.0304220914840698,1.0897492334423242,1.0054419714118095,1.080381759883378,82975200
1989-10-30,1.0148100852966309,1.039790221130882,1.008565480147248,1.0366679185561907,61713600
1989-11-06,1.0554020404815674,1.0647695125220986,0.9991972082383795,1.014809280475852,61848000
1989-11-13,1.0710145235061646,1.077259697843559,1.0304223196764477,1.0616470478727422,50280000
1989-11-20,1.0803812742233276,1.0897487435713478,1.0678915056742861,1.0741366758212845,42600000
1989-11-27,1.1147295236587524,1.1147295236587524,1.0647698476339642,1.0803819247849795,67960800
1989-12-04,1.1067264080047607,1.122358327748385,1.0848421783244948,1.1129792903924125,37341600
1989-12-11,1.1129792928695679,1.1161054478448464,1.0848421807390256,1.1004735280664302,71200800
1989-12-18,1.103600025177002,1.1192313692422244,1.05670484807955,1.1004732984032437,67344000
1989-12-25,1.122358798980713,1.122358798980713,1.081715905073211,1.100473987660904,38040000
1990-01-01,1.1598742008209229,1.1848845795105425,1.1129790252142937,1.1192313336612614,70192800
1990-01-08,1.1129792928695679,1.1755058270812098,1.1098525654432776,1.1536215973522361,66432000
1990-01-15,1.087968111038208,1.1192313716878586,1.0535781236079667,1.10360002758848,97788000
1990-01-22,1.053578495979309,1.0910946509987633,1.0285681076004034,1.0817156122438998,76608000
1990-01-29,1.050451636314392,1.0692097012485777,1.0379464505085059,1.0535777896531857,58483200
1990-02-05,1.091094732284546,1.091094732284546,1.0254414561093785,1.0441995350165691,56126400
1990-02-12,1.0723369121551514,1.091094995589068,1.056705557594405,1.091094995589068,42775200
1990-02-19,1.0160623788833618,1.056705263305456,1.0098100677808222,1.056705263305456,58627200
1990-02-26,1.1286096572875977,1.1379886864962219,1.009809002278701,1.009809002278701,95354400
1990-03-05,1.1536213159561157,1.159874196832456,1.1161051755998193,1.1317370915652336,67569600
1990-03-12,1.1817588806152344,1.1848850360432166,1.1442427256750682,1.1473688811030505,78710400
1990-03-19,1.1647261381149292,1.189774203152997,1.1459402326614625,1.1678569312570612,56728800
1990-03-26,1.1835126876831055,1.1929056455218603,1.1678575668516311,1.1709889349983156,45038400
1990-04-02,1.2116905450820923,1.2242142872645383,1.1709879530140161,1.1772495374551548,57391200
1990-04-09,1.2868343591690063,1.2899651519111788,1.2116907469547578,1.2148215396969302,68884800
1990-04-16,1.2304761409759521,1.2993575659102206,1.2148210371408803,1.286833826822179,88562400
1990-04-23,1.2085598707199097,1.2430003084052994,1.2022977123679186,1.2242144066495506,55922400
1990-04-30,1.2680494785308838,1.2930975605650694,1.2022987648292824,1.2085609286630103,108890400
1990-05-07,1.340061068534851,1.346322653051719,1.2617861023724213,1.268048260189465,92028000
1990-05-14,1.361978530883789,1.3807644416545999,1.3212759153138653,1.3369304587558746,101054400
1990-05-21,1.3807640075683594,1.4277287697305485,1.3588473096594444,1.3619781027034839,77164800
1990-05-28,1.4621702432632446,1.4653010372854833,1.3807644389805516,1.3838952330027903,74726400
1990-06-04,1.4903486967086792,1.5467064133073225,1.4684314247200916,1.4684314247200916,156861600
1990-06-11,1.5736055374145508,1.5955486294299324,1.4513532995244074,1.4795653544221328,122995200
1990-06-18,1.5359891653060913,1.5924132641211186,1.5297202036437203,1.5673362695204052,84830400
1990-06-25,1.5642015933990479,1.570471130554857,1.488969443432348,1.5391245927273167,83539200
1990-07-02,1.5673364400863647,1.5767404575789317,1.5359893324606908,1.5704709212586614,51866400
1990-07-09,1.7867623567581177,1.8055703815660977,1.5986821086783158,1.604951641606098,204208800
1990-07-16,1.6801831722259521,1.8431858074062055,1.6551056229770007,1.7804922212714132,177909600
1990-07-23,1.5861437320709229,1.6927223557366102,1.5610661725126518,1.6739143295617591,127778400
1990-07-30,1.523451328277588,1.5986834926369748,1.429411122828354,1.5547978721020446,171943200
1990-08-06,1.4983733892440796,1.5547974989726314,1.40433320636316,1.4294107797899802,157081200
1990-08-13,1.4043323993682861,1.5610661387618798,1.3917939068479412,1.4858340356890183,116694000
1990-08-20,1.3479084968566895,1.4419486378926323,1.2475993957353306,1.4106021155391415,166456800
1990-08-27,1.431274652481079,1.5003271853681661,1.3747769688305103,1.4689397749147919,101978400
1990-09-03,1.406164288520813,1.4501071200985052,1.3684991685182546,1.406164288520813,59228400
1990-09-10,1.3245575428009033,1.4312752420831847,1.2931695446933422,1.4249975275167934,90138000
1990-09-17,1.3245575428009033,1.3747775351588483,1.3057249738261247,1.318279828234512,88356000
1990-09-24,1.3684990406036377,1.374776751591989,1.2868916713754095,1.3120013658806793,86145600
1990-10-01,1.3433893918991089,1.5066047106442018,1.3245568330160564,1.3936093573458868,113481600
1990-10-08,1.3057246208190918,1.3810548763524195,1.2555040673140472,1.3622223124690875,153055200
1990-10-15,1.3936092853546143,1.4124418432648118,1.2492265329511192,1.3120013428357393,112652400
1990-10-22,1.3182796239852905,1.462662438847006,1.3057247715221039,1.3936098882130215,69057600
1990-10-29,1.3936092853546143,1.3998869962326992,1.299446495803627,1.3245567645919092,65295600
1990-11-05,1.4124418497085571,1.4375521186113958,1.3371116177241007,1.3998870026191677,61863600
1990-11-12,1.468940258026123,1.4877728254367144,1.424997409159961,1.4438299765705522,81703200
1990-11-19,1.4877724647521973,1.5066050275971619,1.4626621893841754,1.4877724647521973,38011200
1990-11-26,1.5128822326660156,1.519159368359375,1.443829142246943,1.4752171196097996,67581600
1990-12-03,1.5774461030960083,1.6591467005995428,1.5334539605281345,1.5460230619223012,101062800
1990-12-10,1.52088463306427,1.5774464653936444,1.4768924803925652,1.558592521283853,73278000
1990-12-17,1.5962998867034912,1.6025847244739952,1.49574593463457,1.5083150347990544,71445600
1990-12-24,1.52088463306427,1.5963004095034359,1.5146003686121479,1.5900161450513135,23163600
1990-12-31,1.4894613027572632,1.5460231243809568,1.4831764641179852,1.5146000819377727,53716800
1991-01-07,1.495746374130249,1.5208845818455856,1.4328997040885214,1.4580384871805512,75394800
1991-01-14,1.6214385032653809,1.6465772765035116,1.4328991424205693,1.4580379156587,117189600
1991-01-21,1.583730697631836,1.615153733967288,1.546022823878697,1.5962997970907185,71089200
1991-01-28,1.6842842102050781,1.684284210205078,1.5805876195192012,1.5837297486570274,79432800
1991-02-04,1.7911243438720703,1.8916788847939308,1.6717158624883985,1.6717158624883985,107809200
1991-02-11,1.8665393590927124,1.8853932920128407,1.7722696944920704,1.797408463511032,126086400
1991-02-18,1.8728241920471191,1.8979623856475032,1.7974084604932266,1.841400586982084,74104800
1991-02-25,1.8162626028060913,1.9168165395547527,1.684285057369092,1.910532278118234,122595600
1991-03-04,1.8225481510162354,1.8853948373881202,1.7911250955187143,1.8162638851428368,84403200
1991-03-11,1.860254168510437,1.8728238383128715,1.8099772154294829,1.822546309855656,83488800
1991-03-18,1.868660807609558,1.8938281485437007,1.8372020634646233,1.856077425157649,57822000
1991-03-25,1.9504542350769043,2.0070803201981984,1.8686608090027041,1.8686608090027041,60837600
1991-04-01,2.0448317527770996,2.107749262934193,1.937870948655095,1.9567463169083281,78861600
1991-04-08,2.1958348751068115,2.2021262810093436,2.044831916956901,2.0511233228594326,68108400
1991-04-15,2.1140408515930176,2.2272930400712148,2.095165486846651,2.2021256950659205,87914400
1991-04-22,2.082582473754883,2.151791964823839,2.076290492373879,2.1203332099798624,64158000
1991-04-29,2.082582473754883,2.1140412285988592,2.0259563694174134,2.076290492373879,80496000
1991-05-06,2.0133721828460693,2.126624378931732,2.0070807781949482,2.0574148955562013,76122000
1991-05-13,2.0448317527770996,2.082582489283566,2.019664403095947,2.03853977134918,79689600
1991-05-20,2.082582473754883,2.1203332099798624,2.01966438803641,2.0511231428803858,49654800
1991-05-27,2.158083200454712,2.158083200454712,2.0699977956816564,2.082581754095134,60944400
1991-06-03,2.0951664447784424,2.1580845480432775,2.069999088266372,2.1517925649075895,59287200
1991-06-10,2.1854288578033447,2.1854288578033447,2.0972561200336926,2.103554378661954,64816800
1991-06-17,2.1854288578033447,2.191727116431607,2.1098520606850135,2.179131175780286,65409600
1991-06-24,2.1539387702941895,2.2106213695124577,2.116150370815344,2.1665347112520656,62234400
1991-07-01,2.2043240070343018,2.2232182144563253,2.166535592190254,2.166535592190254,46501200
1991-07-08,2.342881202697754,2.361775405945316,2.179131633420653,2.1917275767172537,93386400
1991-07-15,2.3554773330688477,2.386968058719361,2.323987184023704,2.3554773330688477,79465200
1991-07-22,2.3302857875823975,2.3743718874156907,2.2861991111436493,2.34917999511251,62733600
1991-07-29,2.405860424041748,2.405860424041748,2.317687151560553,2.3302836628321115,52122000
1991-08-05,2.4499471187591553,2.4877355091595796,2.3617744000265244,2.3995627904269488,61562400
1991-08-12,2.4373512268066406,2.6136972442036495,2.3806686401367188,2.449947164976038,124183200
1991-08-19,2.4814391136169434,2.53182346804287,2.2421121327316946,2.2421121327316946,148126800
1991-08-26,2.5528953075408936,2.5528953075408936,2.4520399919141376,2.4583436294838235,59434800
1991-09-02,2.533984661102295,2.5718053276859116,2.4772536612268707,2.5528949943941033,50128800
1991-09-09,2.4835567474365234,2.5339840993361036,2.4457360892374775,2.5276804639371138,58338000
1991-09-16,2.5024659633636475,2.5213762840512888,2.4709483774861183,2.477252010081062,73971600
1991-09-23,2.407914400100708,2.5024660051164793,2.351183437091245,2.483555684113325,87916800
1991-09-30,2.338576078414917,2.445734944556801,2.338576078414917,2.414217359410517,53582400
1991-10-07,2.370093822479248,2.414217521287119,2.2818452706690775,2.351183500962385,72360000
1991-10-14,2.4709506034851074,2.4772542417587937,2.3637922154186963,2.3700958536923826,56418000
1991-10-21,2.332275390625,2.5024684456330952,2.2944547117343124,2.477254467340049,78339600
1991-10-28,2.3196663856506348,2.407914955415422,2.2881493690759718,2.3322736539583655,75460800
1991-11-04,2.4709506034851074,2.5024682177558293,2.288150864525298,2.3070612022486476,76436400
1991-11-11,2.3890058994293213,2.5718056160471883,2.3890058994293213,2.47725393898663,73234800
1991-11-18,2.3763976097106934,2.452038919060608,2.351184224658983,2.407915206671419,90057600
1991-11-25,2.464646577835083,2.4835569081583766,2.351184595895322,2.3827016207349834,45014400
1991-12-02,2.618112802505493,2.6559650330112152,2.428851649976884,2.4351599700083706,118532400
1991-12-09,2.6559648513793945,2.6685820681587225,2.5550253844072874,2.599186509503677,75764400
1991-12-16,2.693814754486084,2.7064319603765368,2.6433447757669466,2.6559625592360625,91322400
1991-12-23,2.851533889770508,2.8641516822670168,2.6875077855275777,2.6875077855275777,49122000
1991-12-30,2.914621114730835,3.021868885300633,2.80106444792314,2.8578427813269873,125642400
1992-01-06,2.8578429222106934,2.9398562670300836,2.8199906980754528,2.914621258413555,99248400
1992-01-13,2.883077383041382,3.002942351642518,2.8389162707478617,2.8515334838692987,100485600
1992-01-20,2.8578429222106934,2.8893862497970266,2.6938168101510174,2.845225706691981,108782400
1992-01-27,2.7190499305725098,2.8767676476404778,2.712741614643392,2.870458754132535,79966800
1992-02-03,2.750594139099121,2.851532981443694,2.712741928825183,2.7190502454849113,83022000
1992-02-10,2.693814754486084,2.775827459142022,2.681196971016968,2.769519144986127,67339200
1992-02-17,2.6307291984558105,2.69381642212018,2.529789756108624,2.687507526480037,99087600
1992-02-24,2.725360155105591,2.782138491670291,2.5739512575997248,2.630729594164425,86128800
1992-03-02,2.668581247329712,2.750594575116764,2.62442013581684,2.7253595717409826,66517200
1992-03-09,2.643345832824707,2.7064330426624847,2.630728621888709,2.668580832275597,62593200
1992-03-16,2.690141201019287,2.721715435546287,2.63962231014708,2.6648814665106686,67112400
1992-03-23,2.690141201019287,2.7343455918731117,2.63962231014708,2.683826122855875,54232800
1992-03-30,2.6080474853515625,2.7090858447713297,2.5827883291053912,2.6901411885141875,78436800
1992-04-06,2.671196699142456,2.715401092552506,2.5512136759694997,2.6017331479081465,104307600
1992-04-13,2.753288507461548,2.7911777961965933,2.664879781649998,2.6775099299914564,62529600
1992-04-20,2.614362955093384,2.728030909662661,2.608047876013386,2.7217158305826636,79316400
1992-04-27,2.601731300354004,2.6711948022605525,2.5827866563663404,2.614360870297562,67424400
1992-05-04,2.6269919872283936,2.6964561081857386,2.5954177547036874,2.601732832466626,68616000
1992-05-11,2.614362955093384,2.702771171487784,2.601733375078502,2.639622693268261,77586000
1992-05-18,2.64593505859375,2.7280287077931487,2.6269904147896312,2.664879702397869,54392400
1992-05-25,2.6775107383728027,2.7090849624698596,2.6017321380239955,2.6206767881111976,45967200
1992-06-01,2.740658760070801,2.8227524237216945,2.639621027425584,2.6775103217037275,82298400
1992-06-08,2.7369749546051025,2.7685795511009057,2.692728056550196,2.724332653045999,54944400
1992-06-15,2.7559351921081543,2.7875397583732426,2.7116883363766915,2.736972336609017,73885200
1992-06-22,2.7053682804107666,2.7496151539492493,2.6611219855729407,2.7432940066721354,52143600
1992-06-29,2.7369749546051025,2.7812212739590314,2.692728056550196,2.7116909301878733,57709200
1992-07-06,2.7748992443084717,2.825466687880379,2.6927266421410323,2.749615233172181,69319200
1992-07-13,2.781219244003296,2.831787255929184,2.7622563842062267,2.774898676537976,65295600
1992-07-20,2.7748992443084717,2.7938621079855213,2.7369735169543725,2.7369735169543725,40753200
1992-07-27,2.825467348098755,2.8444302162068,2.762257594838334,2.7748998927109034,55520400
1992-08-03,2.901319742202759,2.9329243395225015,2.787542497410494,2.8191470947302366,58642800
1992-08-10,2.9834909439086914,2.9898115130891667,2.8760343234320644,2.882355471313252,52484400
1992-08-17,2.9266016483306885,2.9961319435724745,2.913959355595401,2.9645273691354035,50965200
1992-08-24,2.9076404571533203,2.951886771026132,2.8823564358682097,2.9139610284489184,43020000
1992-08-31,2.891308307647705,2.9292685892394568,2.8723281668518297,2.910288448443581,42120000
1992-09-07,2.9609017372131348,2.97355497036458,2.8786542736590306,2.903961319189805,38984400
1992-09-14,2.967229127883911,2.992535598318773,2.9482489854437754,2.9862092703240473,64364400
1992-09-21,2.9482483863830566,3.011515128842889,2.9419214804459286,2.9672285249665786,52746000
1992-09-28,2.935593843460083,3.0051880537539115,2.935593843460083,2.9545739773169966,39207600
1992-10-05,2.935593843460083,2.97355411117391,2.802732906461687,2.922940613964713,63044400
1992-10-12,3.011517286300659,3.0115172863006596,2.9166165253959297,2.948250498516358,66021600
1992-10-19,3.087437391281128,3.138051508324351,2.986210315651047,3.011516794944476,92149200
1992-10-26,3.0811092853546143,3.1507029321453284,3.074782379563513,3.0874356119178663,38360400
1992-11-02,3.144376039505005,3.16335617772984,3.068455486605666,3.08110929824079,61828800
1992-11-09,3.0747828483581543,3.182336787837913,3.0431494730353865,3.1507034125151456,78579600
1992-11-16,3.1633574962615967,3.2013177885336486,3.08111058249088,3.08111058249088,59718000
1992-11-23,3.2392771244049072,3.239277124404907,3.1443764217443344,3.163356562276449,36474000
1992-11-30,3.235612630844116,3.2736041663150655,3.197621095373167,3.2482762827661573,57963600
1992-12-07,3.222947359085083,3.2609388822951413,3.203951597480054,3.241943120690112,47596800
1992-12-14,3.3242578506469727,3.3369214968431544,3.2166154087180208,3.229279054914202,90631200
1992-12-21,3.2862648963928223,3.3115927574225275,3.1596267506529174,3.3115927574225275,77673600
1992-12-28,3.2419419288635254,3.3242570587922367,3.222946174241855,3.2799334381068648,41113200
1993-01-04,3.0076613426208496,3.2546061527809664,2.9823334765491056,3.2482740413369244,139114800
1993-01-11,3.064650058746338,3.108973120744678,2.9633391261556876,3.0013306534140938,108474000
1993-01-18,3.172290563583374,3.1849542049337565,2.9886651553332886,3.0646481628442674,90710400
1993-01-25,3.298929214477539,3.311593437445095,3.222946195489923,3.241941950236827,134522400
1993-02-01,3.3369219303131104,3.412904976769611,3.2925988730165776,3.29893040708486,88689600
1993-02-08,3.2419419288635254,3.336920701971875,3.229278285683887,3.3305891702342687,89284800
1993-02-15,3.1153042316436768,3.241942421808988,3.083644829028477,3.2292787767038114,115609200
1993-02-22,3.2925984859466553,3.305262132299151,2.9760021097931144,3.1153045384888554,152051400
1993-03-01,3.3179268836975098,3.4572293587883727,3.292599582557181,3.3305911139724382,165583800
1993-03-08,3.368582010269165,3.444565058773698,3.317926258129707,3.368582010269165,89448000
1993-03-15,3.3591134548187256,3.447845145572222,3.346437747678231,3.384465449356393,75456000
1993-03-22,3.33376145362854,3.43516825341317,3.2957337586451594,3.3464371585374746,68848800
1993-03-29,3.0929198265075684,3.3971414678118124,3.0422164130424383,3.3464380543466823,170195400
1993-04-05,2.928133964538574,3.105596822475018,2.75067110660213,3.092920531028717,241883400
1993-04-12,2.699967622756958,3.04221703972615,2.6112364858505623,2.9788373246462383,236591400
1993-04-19,2.7126431465148926,2.7633471471833055,2.6239120157303866,2.725319436810401,120033600
1993-04-26,2.7126431465148926,2.776022857222003,2.687291726437497,2.737995146849099,78934800
1993-05-03,2.6619391441345215,2.750670255520111,2.623911442075457,2.687291138926126,130194000
1993-05-10,2.763345718383789,2.7886971253531327,2.6239106590263535,2.674614053221552,114074400
1993-05-17,2.7760226726531982,2.8901057961868912,2.71264296616,2.7633469634572676,100417800
1993-05-24,2.826725959777832,2.8901056633581095,2.7506705475841975,2.801374542551118,73284000
1993-05-31,2.7126431465148926,2.877430278302018,2.687291726437497,2.814050567594907,73969800
1993-06-07,2.7539796829223633,2.76667122173052,2.665141816039323,2.715906228407516,80695800
1993-06-14,2.5509228706359863,2.7920546896314575,2.5509228706359863,2.7539812139503237,131053200
1993-06-21,2.7032153606414795,2.7285978581488783,2.3986277143720174,2.576304035014147,165622200
1993-06-28,2.601687431335449,2.741290375596237,2.5889964658408906,2.728599410101679,64306200
1993-07-05,2.6651408672332764,2.728596795818937,2.5509205443518503,2.588993985312326,49713000
1993-07-12,2.652451753616333,2.728598688352161,2.6397602105236904,2.6651427157539684,67575000
1993-07-19,2.5763039588928223,2.677832784012913,2.538230504234085,2.652450868210297,45078000
1993-07-26,2.5763039588928223,2.6143774135515594,2.500157049575348,2.5889949167941304,54157200
1993-08-02,2.614377498626709,2.6524509545244044,2.5509215451456053,2.588995001043301,54904800
1993-08-09,2.5889954566955566,2.6397598798418636,2.512848531498628,2.6016864172433998,75673800
1993-08-16,2.6651408672332764,2.6905233548584615,2.5509205443518503,2.588993985312326,85492200
1993-08-23,2.6397593021392822,2.6905242951307735,2.614377386598344,2.652450840864559,70094400
1993-08-30,2.4905450344085693,2.668441316035626,2.4778383648902245,2.6303207258065457,92849400
1993-09-06,2.4905450344085693,2.5286656246376498,2.4015971844320636,2.4905450344085693,75742200
1993-09-13,2.427011489868164,2.5159593539445204,2.4015975651288604,2.4905454292052167,96298800
1993-09-20,2.503251075744629,2.5667849743035758,2.3380615434743337,2.439716595511918,104969400
1993-09-27,2.5159590244293213,2.5667862855769434,2.439717841870857,2.5286656942977115,50898600
1993-10-04,2.7065625190734863,2.744683117933676,2.4778389259123466,2.4778389259123466,106015200
1993-10-11,2.7319769859313965,2.7828042672407096,2.579494560329166,2.706563054439594,78846600
1993-10-18,2.6684415340423584,2.7955099846292013,2.6684415340423584,2.7446827207292825,77179800
1993-10-25,2.681149959564209,2.7446845172816645,2.617615983521227,2.6938572201123843,61553400
1993-11-01,2.770096778869629,2.871751311636542,2.6430277403998055,2.6557349932512606,85636800
1993-11-08,2.97340726852417,3.01152787453089,2.770097563713091,2.795510913268047,105889800
1993-11-15,3.0242342948913574,3.0750621530738926,2.9734070183830594,2.9861136920915747,89721000
1993-11-22,3.0402402877807617,3.052960763526772,2.9511952106405284,2.989357220184613,45384600
1993-11-29,2.8367080688476562,3.1038420308294574,2.798546074278828,3.0402390947519597,87783000
1993-12-06,2.7858262062072754,2.900312214681547,2.760384676888787,2.8494297383505214,43803600
1993-12-13,2.79854679107666,2.8239883214075485,2.684060778046624,2.7603847867333147,75570600
1993-12-20,2.645897388458252,2.7476628741970703,2.645897388458252,2.7476628741970703,46757400
1993-12-27,2.5441346168518066,2.684061621898938,2.5441346168518066,2.6586206658755454,73489800
1994-01-03,2.480530023574829,2.633178025025588,2.4550884958977313,2.5822955519773063,104541000
1994-01-10,2.6077375411987305,2.6204586012823445,2.4805310165056196,2.5059725543667004,77114400
1994-01-17,2.5695743560791016,2.607736354349117,2.531412357809086,2.5950158823610727,67851000
1994-01-24,2.6967804431915283,2.7095009106419465,2.5059705199068842,2.5695734394646497,70263000
1994-01-31,2.7858262062072754,2.86215021185679,2.6840606712392727,2.72222267406403,118223400
1994-02-07,2.760385036468506,2.7985470442644114,2.7095025535093074,2.747664561305213,59223600
1994-02-14,2.823986768722534,2.8621487520836495,2.7349423349818167,2.7476628020003036,57429600
1994-02-21,2.887591600418091,2.963915602347151,2.8112675984890303,2.8239880713752328,78144600
1994-02-28,2.849428176879883,2.9257521407042937,2.7858246795909962,2.913031091863137,63017400
1994-03-07,2.8748698234558105,2.9766353279137623,2.862149353763233,2.8748698234558105,63808200
1994-03-14,2.726310968399048,2.891928390439781,2.713571391003788,2.8791882298640497,95310000
1994-03-21,2.7772700786590576,2.866448275044763,2.713571033709042,2.7263106094268874,63740400
1994-03-28,2.6371335983276367,2.7772713269318365,2.4842562882796577,2.7772713269318365,57432600
1994-04-04,2.6243953704833984,2.7517930001717725,2.522476916824125,2.5606962640487327,105882000
1994-04-11,2.5097339153289795,2.649870942432008,2.496993761461312,2.6371313717445046,67639200
1994-04-18,2.5861737728118896,2.637132663707439,2.395077202978017,2.5097351448783405,86821200
1994-04-25,2.573434591293335,2.6243940847475167,2.547955427746916,2.5606950095201255,43005000
1994-05-02,2.522475004196167,2.61165321904192,2.5097354258412063,2.5734339007965237,59094000
1994-05-09,2.446035861968994,2.522474482655525,2.4078165516257286,2.5097349069345682,60502200
1994-05-16,2.3695974349975586,2.496994952163086,2.2804192312997333,2.4332964851705436,143874600
1994-05-23,2.4205567836761475,2.458776104382511,2.3441181422634214,2.3695978837945146,72955800
1994-05-30,2.4332971572875977,2.4332971572875977,2.2804198611895417,2.4078174135443873,99814800
1994-06-06,2.5014185905456543,2.603517511213459,2.4120824000948224,2.5269434667660042,78927600
1994-06-13,2.463132381439209,2.616280520890637,2.463132381439209,2.514182150732211,75595800
1994-06-20,2.3993208408355713,2.5141819355955652,2.3993208408355713,2.4631321706708533,45517200
1994-06-27,2.514180898666382,2.539705186387961,2.3737949793437068,2.3993198512787832,52756800
1994-07-04,2.488656997680664,2.539706177254154,2.4376078181071748,2.5014191465206053,42283200
1994-07-11,2.577993392944336,2.6035182766692118,2.437607992991939,2.488657176227923,80688600
1994-07-18,2.5907561779022217,2.6800923963768573,2.5779934436817173,2.5907561779022217,58306800
1994-07-25,2.552468776702881,2.6162801017762085,2.5269438961453328,2.6035179536042823,45994800
1994-08-01,2.5014185905456543,2.603517511213459,2.4503694223185497,2.5524683429863546,52843800
1994-08-08,2.4503703117370605,2.5269443839788437,2.4248454262518635,2.514182233343149,57841200
1994-08-15,2.463132381439209,2.526944300948567,2.412083196359996,2.450370231222853,87860400
1994-08-22,2.5269434452056885,2.5269434452056885,2.412082379514521,2.463131547306065,71948400
1994-08-29,2.50571346282959,2.5696349246850243,2.4801453462607563,2.5440662228995152,57610200
1994-09-05,2.5440680980682373,2.5696368186998084,2.4929312420222023,2.5184999626537734,58252200
1994-09-12,2.5440680980682373,2.6591264630846463,2.531284030361005,2.5568527509925763,135033000
1994-09-19,2.4162254333496094,2.5440678537984027,2.3523039305166877,2.5440678537984027,96435000
1994-09-26,2.390657663345337,2.4545791915305393,2.390657663345337,2.441795119980412,60042000
1994-10-03,2.3523030281066895,2.416224506417524,2.301166196588118,2.416224506417524,84264600
1994-10-10,2.467363119125366,2.4929318459511274,2.326736584626802,2.326736584626802,64317600
1994-10-17,2.4162254333496094,2.4673622844857164,2.3906567151730305,2.4545782180059526,57462000
1994-10-24,2.44179368019104,2.4545777442031187,2.3650881256846925,2.4034409029378665,46739400
1994-10-31,2.429009199142456,2.4673619790511103,2.3906564192338013,2.4417938492566598,73928400
1994-11-07,2.4162254333496094,2.5057150691420595,2.4034413668698456,2.4290094998293736,67578000
1994-11-14,2.326735019683838,2.467361459598208,2.301166310055382,2.429008687763951,128395800
1994-11-21,2.4162254333496094,2.4417941515261887,2.3395198640369235,2.3523039305166877,63783600
1994-11-28,2.305243492126465,2.4461196787298833,2.2540160543860113,2.433312379604468,105720600
1994-12-05,2.2027876377105713,2.3564705097893004,2.164366919690889,2.3308570886119333,112251000
1994-12-12,2.356470823287964,2.356470823287964,2.2155952293098324,2.2284019416022876,132280800
1994-12-19,2.254016399383545,2.343664575714235,2.241209098297856,2.330857860882372,74832600
1994-12-26,2.177175998687744,2.254017497626675,2.1515619702900635,2.254017497626675,81883200
1995-01-02,2.254016399383545,2.27962982904727,2.1003334763858903,2.18998165271658,112341600
1995-01-09,2.254016399383545,2.254016399383545,2.18998165271658,2.241209098297856,75244800
1995-01-16,2.177175998687744,2.2668242186984595,2.1515619702900635,2.254017497626675,93582600
1995-01-23,2.305243492126465,2.305243492126465,2.138753879779688,2.1515605926513675,86760000
1995-01-30,2.45892596244812,2.4717326730846594,2.3052430897951126,2.318049800431652,118853400
1995-02-06,2.4205057621002197,2.484540501489045,2.4076990487239587,2.471733201859024,71698200
1995-02-13,2.4205057621002197,2.471733201859024,2.4076990487239587,2.4205057621002197,63657000
1995-02-20,2.433312177658081,2.4589261875294084,2.4076987540404415,2.4205054658492613,62614800
1995-02-27,2.5613820552825928,2.5613820552825928,2.3820851296741385,2.420505857572109,116855400
1995-03-06,2.5357675552368164,2.548574266663557,2.4461194027422937,2.548574266663557,63951000
1995-03-13,2.502377510070801,2.5665412317815934,2.502377510070801,2.5408756256103513,83861400
1995-03-20,2.5280416011810303,2.5408741028587922,2.4767104196014387,2.489543508713473,64473600
1995-03-27,2.6307029724121094,2.6563685649867037,2.489543681837624,2.528041776982359,118218600
1995-04-03,2.579373359680176,2.6820351817476156,2.5665408522096973,2.630703976996627,91446600
1995-04-10,2.6050379276275635,2.617870430002415,2.540874240884697,2.5793723354435563,51588000
1995-04-17,2.515209436416626,2.6307037562638356,2.4895444236291273,2.605038743476337,98912400
1995-04-24,2.438213586807251,2.515209811521528,2.399715474450112,2.502377303214007,107809800
1995-05-01,2.463879108428955,2.463879108428955,2.3355522673431324,2.412548489481537,112047000
1995-05-08,2.5922043323516846,2.6178699195310324,2.386881397219471,2.438211984143977,109712400
1995-05-15,2.5408740043640137,2.630702687494759,2.5023759133888013,2.617870186314438,112396200
1995-05-22,2.438213586807251,2.592206036235805,2.42538107849973,2.5537079238786666,71964600
1995-05-29,2.55370831489563,2.5665414126026964,2.4253814498676283,2.451047057847095,62845200
1995-06-05,2.571608304977417,2.623040270954874,2.5458920276914956,2.558749872037264,68792400
1995-06-12,2.725903272628784,2.7387611098101554,2.5716068720760994,2.5844647092574706,142288200
1995-06-19,2.7644786834716797,2.7773365267492585,2.7130461331726914,2.7259045650446065,105951600
1995-06-26,2.7516191005706787,2.764477527063789,2.6487552201903384,2.7259034247726386,81258600
1995-07-03,2.7516191005706787,2.7773353649628088,2.7259034247726386,2.7516191005706787,57364200
1995-07-10,2.674471378326416,2.738761756604397,2.635897269078467,2.7259039163864793,73634400
1995-07-17,2.8287675380706787,2.8287675380706787,2.6744711162014756,2.687329543753335,121565400
1995-07-24,2.7387616634368896,2.8416261474635642,2.73876166343689,2.82876771908887,62125800
1995-07-31,2.635896921157837,2.7516192336271192,2.5844649784806397,2.7516192336271192,76036200
1995-08-07,2.5458908081054688,2.6487552793784714,2.5458908081054688,2.6487552793784714,66116400
1995-08-14,2.5973217487335205,2.635895837024582,2.4944579056866076,2.5458898272100643,96143400
1995-08-21,2.584465980529785,2.648756375248542,2.5330340179113877,2.62304009964217,74244000
1995-08-28,2.5638768672943115,2.6411796933411122,2.5123418465210303,2.615412477841351,109558200
1995-09-04,2.5509936809539795,2.589645100362373,2.5381100710758004,2.5509936809539795,85296000
1995-09-11,2.6411781311035156,2.666945921135576,2.5509917506514204,2.5638753507807457,113283600
1995-09-18,2.576761484146118,2.654064322772763,2.5381100648327957,2.654064322772763,83328600
1995-09-25,2.5509936809539795,2.6025287102405525,2.5381100710758004,2.589645100362373,70825800
1995-10-02,2.447922468185425,2.5638766996748457,2.4221552543702556,2.5381094858596764,88626000
1995-10-09,2.3835034370422363,2.512341253448383,2.3512935406104853,2.4479220503585,159301200
1995-10-16,2.370619297027588,2.3835034918057643,2.2804328824485185,2.370619297027588,177683400
1995-10-23,2.280433416366577,2.370619852061004,2.2417820025298556,2.344852636019037,111246600
1995-10-30,2.409271001815796,2.4479224114159086,2.216013953815232,2.280433166406655,128548200
1995-11-06,2.460806131362915,2.499457533479748,2.3706191332412425,2.409270535358076,83852400
1995-11-13,2.422154664993286,2.4865732736301065,2.3706190703555383,2.435038268765935,101342400
1995-11-20,2.5509936809539795,2.563877290832159,2.447923032606978,2.447923032606978,61359600
1995-11-27,2.5045695304870605,2.582030437708518,2.4787490310866342,2.569119892518394,93547200
1995-12-04,2.452928304672241,2.5303892047248357,2.414197854645944,2.4916587546985385,90447000
1995-12-11,2.388378620147705,2.478749498625101,2.3625581158770492,2.452928994354445,114847200
1995-12-18,2.375466823577881,2.4271078049680153,2.3109164833096467,2.375466823577881,84875400
1995-12-25,2.298006296157837,2.388377732009804,2.285096344313147,2.349647285496022,75931800
1996-01-01,2.4141969680786133,2.491657839685195,2.2850957123941606,2.298005660668741,93916800
1996-01-08,2.298006296157837,2.4271081785235866,2.285096344313147,2.388377732009804,79942200
1996-01-15,2.0527141094207764,2.362557748578629,1.9720258587166992,2.310917339045601,282013200
1996-01-22,2.0656235218048096,2.130174460010477,2.0398036193062916,2.0914440152830136,158503200
1996-01-29,2.220545768737793,2.2721867665785442,2.052714003204878,2.0656239571751605,214780800
1996-02-05,2.3109171390533447,2.36255754411729,2.220545691466703,2.220545691466703,128575200
1996-02-12,2.194725751876831,2.3625575090805495,2.194725751876831,2.3367370114416,132055800
1996-02-19,2.298006296157837,2.349647285496022,2.078534159899547,2.168905004771801,89574000
1996-02-26,2.233456611633301,2.2980069810756096,2.1689056512111025,2.272187069690642,117325200
1996-03-04,2.323826789855957,2.4012876828511556,2.207635450363159,2.2205454022024544,165964800
1996-03-11,2.4583396911621094,2.47127871701037,2.2513217927086915,2.264260226273429,165778200
1996-03-18,2.4583396911621094,2.5618489365305797,2.432462824032634,2.4842171505751076,105570600
1996-03-25,2.3807075023651123,2.497155161594114,2.354830639614283,2.4842167302186993,107303400
1996-04-01,2.328953266143799,2.445400929450989,2.328953266143799,2.406585041681925,75868800
1996-04-08,2.341891050338745,2.341891050338745,2.2254434192343333,2.2642592962691372,107571000
1996-04-15,2.328953266143799,2.4195234735104654,2.2901373783747356,2.3548307220843223,99256200
1996-04-22,2.4583396911621094,2.47127871701037,2.3289535786641635,2.3548310380771618,118075800
1996-04-29,2.429227828979492,2.5489105633519236,2.406585421633901,2.4324628816599603,144057000
1996-05-06,2.4583396911621094,2.510094609988106,2.4065853646196356,2.47127871701037,94419600
1996-05-13,2.5489091873168945,2.587725060259369,2.458338422262309,2.471277441431946,132174600
1996-05-20,2.58772611618042,2.626542004961709,2.5359712029497286,2.5618486595650745,108997800
1996-05-27,2.678295850753784,2.730050162519309,2.6006640869638193,2.613602516834362,95294400
1996-06-03,2.6912343502044678,2.7429892555914366,2.6006641542023257,2.6912343502044678,135106800
1996-06-10,2.709592342376709,2.7355210581609994,2.6706986752300113,2.6966273910143013,89266200
1996-06-17,2.6577346324920654,2.7095932687305657,2.5540185469559966,2.6966283129357076,117838200
1996-06-24,2.631804943084717,2.6836629668428045,2.605875634470549,2.6706986092708447,77639400
1996-07-01,2.5410516262054443,2.6318038727102864,2.528087273906184,2.6318038727102864,38680800
1996-07-08,2.4762308597564697,2.5799469316250634,2.4373371844381504,2.5280888956907663,84734400
1996-07-15,2.489194631576538,2.5410526552443002,2.2558326348662376,2.4762302740271593,92419800
1996-07-22,2.489194631576538,2.5280882976949215,2.346584324652383,2.4632653230075334,79369200
1996-07-29,2.5410516262054443,2.579945276573232,2.450299973170609,2.4891936235383967,67791600
1996-08-05,2.6188414096832275,2.657735096923427,2.5021603479626298,2.554018993263275,68904600
1996-08-12,2.8910973072052,2.9040622656550776,2.6188414883459927,2.63180644679587,215674200
1996-08-19,2.787381649017334,2.8781334054186867,2.774416688480939,2.8651690383529744,90619800
1996-08-26,2.7408246994018555,2.831752936020811,2.714845712900056,2.7797937737754403,61354200
1996-09-02,2.688865900039673,2.792783620953465,2.675876407908262,2.701855392171084,48946800
1996-09-09,2.831752061843872,2.909690186531128,2.7278343640539635,2.7278343640539635,89767200
1996-09-16,2.8707220554351807,2.883711548889882,2.7538148304801853,2.8447424739048834,92063400
1996-09-23,2.714845895767212,2.8577321150143264,2.662886730021965,2.8577321150143264,75438000
1996-09-30,2.7408246994018555,2.7668042805245405,2.6498970574037854,2.7408246994018555,74905200
1996-10-07,2.8577322959899902,2.8577322959899902,2.72783556264257,2.7538151471604393,79489200
1996-10-14,2.9226813316345215,2.935670828234773,2.779794490547599,2.8447431627909343,110039400
1996-10-21,2.805773973464966,2.9226812223593397,2.7797943866147663,2.909691726244748,60517200
1996-10-28,2.7408246994018555,2.8577319225226105,2.714845712900056,2.792783861647226,76533000
1996-11-04,2.805773973464966,2.818763469579557,2.7018562206851837,2.740825303649975,63077400
1996-11-11,2.5459792613983154,2.8057732820139734,2.494020695123532,2.8057732820139734,233227200
1996-11-18,2.649897575378418,2.649897575378418,2.507010743204934,2.558969915606747,116677800
1996-11-25,2.649897575378418,2.6758771615793244,2.623917989177511,2.6628870711683703,60933000
1996-12-02,2.5979394912719727,2.7148467594598946,2.5589704018759987,2.6628875771845193,90694800
1996-12-09,2.486281633377075,2.629470219277439,2.4602470741773614,2.629470219277439,97903200
1996-12-16,2.460247039794922,2.5123155615874566,2.3821439591665117,2.4862815986307973,157404600
1996-12-23,2.5123164653778076,2.5383510335794583,2.434213356652286,2.473264911015047,46663200
1996-12-30,2.356109380722046,2.525333117928057,2.343092399352049,2.525333117928057,70134000
1997-01-06,2.4992995262145996,2.5253340949058156,2.291024764323197,2.3821448609232903,141232200
1997-01-13,2.4342126846313477,2.512315771794699,2.3691271759147328,2.499298789227229,132736800
1997-01-20,2.3951618671417236,2.453739200271924,2.369127894114599,2.4472310049548662,138457200
1997-01-27,2.473264694213867,2.525333826052898,2.369127622294562,2.3821446073146304,122751000
1997-02-03,2.486281633377075,2.5123155966975643,2.39516097411769,2.473264055837606,105738000
1997-02-10,2.5643837451934814,2.6164522480202885,2.5123146464876753,2.5123146464876753,117209400
1997-02-17,2.4992995262145996,2.590419622814693,2.4472309847116094,2.5643856500029187,94160400
1997-02-24,2.7466251850128174,2.8117112932041617,2.4732643648401904,2.4862819440060386,201534600
1997-03-03,2.8377444744110107,2.8833041916778166,2.733606871168723,2.733606871168723,122443200
1997-03-10,2.9939513206481934,3.085071373561602,2.8377451751514036,2.863779135481431,207864600
1997-03-17,3.105433940887451,3.118482381687089,2.9358095861200657,2.988001557442648,182769000
1997-03-24,3.0140979290008545,3.1184824719596915,2.9488575149900806,3.1184824719596915,136494600
1997-03-31,2.9097137451171875,3.0271461464532003,2.857521765842986,2.9880020126745293,134527200
1997-04-07,2.883617401123047,3.014097618406987,2.883617401123047,2.8966652436638576,86007000
1997-04-14,2.935809850692749,2.974953982035319,2.8314253013485478,2.8705694326911178,95626200
1997-04-21,2.831425428390503,2.9619062702482513,2.831425428390503,2.922762137149341,78157200
1997-04-28,2.961906671524048,2.9749545185607023,2.8183779649522442,2.8183779649522442,86318400
1997-05-05,3.0271451473236084,3.066289268182499,2.9097127847469353,2.9619053440867122,127375200
1997-05-12,3.118481397628784,3.183721191872148,3.0206211089719375,3.0206211089719375,140473800
1997-05-19,3.144578695297241,3.1967712743118075,3.0793388674671958,3.131530849189654,69722400
1997-05-26,3.118481397628784,3.1706733524818356,3.0793372821660454,3.092385121556358,54488400
1997-06-02,3.275059461593628,3.275059461593628,3.1184829231475915,3.13153076892073,99058200
1997-06-09,3.3402984142303467,3.3533468538832825,3.2228660411055463,3.3011542898554134,105411000
1997-06-16,3.5301644802093506,3.5301644802093506,3.3601937973327343,3.3601937973327343,112465800
1997-06-23,3.4190311431884766,3.5367033362789586,3.373269535260492,3.504016216968231,91848600
1997-06-30,3.7066733837127686,3.719747869865733,3.4255674425869422,3.464791499557448,80824800
1997-07-07,3.7066733837127686,3.765509469168527,3.4713290418897356,3.7328229545303095,115929000
1997-07-14,3.6609108448028564,3.772046043369805,3.621686797899571,3.7197469151577853,107013000
1997-07-21,4.013928413391113,4.053152471497579,3.6412998613796894,3.6478374039013097,151447200
1997-07-28,3.8374199867248535,4.0923763534419235,3.791658986578243,4.0008537546371,97711200
1997-08-04,3.8766419887542725,4.079299705688049,3.7851194384509306,3.8439554918983543,86186400
1997-08-11,3.6674489974975586,3.922405344917175,3.634762485793768,3.8897188332133843,123553200
1997-08-18,3.791658401489258,3.9289425777680402,3.641299142747679,3.6805231931130455,96235200
1997-08-25,3.7132081985473633,3.863566773652801,3.680521109407489,3.791656254865187,63736200
1997-09-01,3.955089569091797,4.04661270654611,3.7524324758241283,3.7589694152771425,73262400
1997-09-08,4.053153038024902,4.13160116520288,3.8766447518744545,4.020466517871316,90130200
1997-09-15,4.007976531982422,4.093113488239789,3.9293887568455115,4.066917363335104,98250600
1997-09-22,3.7984111309051514,4.145507102331248,3.752568040498902,4.007978430689927,80755800
1997-09-29,3.877000093460083,3.9031956389687132,3.798412257778984,3.8049608443673395,78196200
1997-10-06,3.7591161727905273,3.89009562355623,3.6739792000253284,3.876997858352837,80645400
1997-10-13,3.6346848011016846,3.8638989580688583,3.5626462031010697,3.7591156518092688,76286400
1997-10-20,3.569195032119751,3.8311545150598376,3.529901139657599,3.634685052749077,71516400
1997-10-27,3.6674294471740723,3.8246050034754924,3.1697072519376865,3.5429991981535585,135951000
1997-11-03,3.7984111309051514,3.8769989432716203,3.746018856275888,3.837705037088386,71593200
1997-11-10,4.138958930969238,4.152057302620622,3.824607604577206,3.837705976228589,102352800
1997-11-17,4.191349029541016,4.2830345853312215,4.060368978895283,4.191349029541016,102129600
1997-11-24,4.197896957397461,4.230642264738477,4.1389561236762304,4.165152249633611,48292200
1997-12-01,4.289585113525391,4.335427606014212,4.1782519755898,4.217545883195903,73853400
1997-12-08,4.1848015785217285,4.302683313127974,4.093115984798262,4.302683313127974,69288600
1997-12-15,4.0540361404418945,4.401712178830334,4.001556908396311,4.211474437158085,103664400
1997-12-22,3.9425201416015625,4.093398408383975,3.8572408079002845,4.034359008263053,37186200
1997-12-29,4.132755756378174,4.1917951243264335,3.9753174418494814,3.9884371012003696,43491600
1998-01-05,4.008117198944092,4.218035368188715,3.994997538583635,4.1786757865277915,82624800
1998-01-12,4.211472511291504,4.2442719412486944,3.942515744252547,3.942515744252547,97696800
1998-01-19,4.145875930786133,4.401713223678844,4.067156763742221,4.15243606156632,73517400
1998-01-26,4.178675651550293,4.3557937633032635,4.001557539797322,4.139316071160744,75661800
1998-02-02,4.51979398727417,4.605073323080046,4.218037446262329,4.296756648366261,108540600
1998-02-09,4.637872219085693,4.690352081076499,4.447634370963408,4.532913696263635,70344000
1998-02-16,4.762510776519775,4.788750705509271,4.650992129328947,4.670671925926136,58168800
1998-02-23,4.860908031463623,5.031466007813034,4.769069213518481,4.828108582321683,90442800
1998-03-02,5.267623424530029,5.2807436845047215,4.8805877668668245,4.900267556249353,110697600
1998-03-09,5.392261505126953,5.484100308670768,5.2807429150680765,5.2807429150680765,101063400
1998-03-16,5.262484550476074,5.466151443938049,5.209925604401761,5.420161990190714,82687800
1998-03-23,5.249345779418945,5.328184511517895,5.124517586431679,5.183646635505891,83465400
1998-03-30,5.413590908050537,5.439870677035829,5.242773913375111,5.242773913375111,82510800
1998-04-06,5.341320514678955,5.433298773229187,5.203352826107912,5.433298773229187,76981800
1998-04-13,5.59754753112793,5.669816136783814,5.32161208945261,5.328182181418246,93073800
1998-04-20,5.282193183898926,5.597548000848115,5.236203739263309,5.597548000848115,67210200
1998-04-27,5.32161283493042,5.387311959315654,5.065387031767103,5.183645094765557,82861800
1998-05-04,5.308474063873291,5.4135919572031,5.229635343130083,5.334753236459891,66582000
1998-05-11,5.682955265045166,5.755223857276383,5.315041010161074,5.328181191651416,105102000
1998-05-18,5.834063529968262,5.912902226319185,5.650106371318937,5.696095811354148,62711400
1998-05-25,5.794643402099609,5.926041011173883,5.518708001999628,5.926041011173883,59047800
1998-06-01,6.077151298522949,6.11657065699663,5.8209254684440275,5.8537747333415355,91525200
1998-06-08,6.182268142700195,6.280816522241067,6.037730920367965,6.083719763159323,81692400
1998-06-15,6.0920023918151855,6.223579523216953,5.920952843765451,6.065687447383208,96955800
1998-06-22,6.2827839851379395,6.407781376166527,6.026209568812966,6.07884001754553,77531400
1998-06-29,6.388045787811279,6.618305313553535,6.2893633060103316,6.341994364510883,70063800
1998-07-06,6.75646448135376,6.75646448135376,6.341997831230324,6.381470845527795,89652000
1998-07-13,7.263034343719482,7.335401332968301,6.69725469525059,6.789358190868212,86085600
1998-07-20,6.716990947723389,7.269613105161268,6.5590989027411375,7.263034069183557,88370400
1998-07-27,6.644623279571533,6.782778817281607,6.394627745437705,6.68409629034584,107298000
1998-08-03,6.618308067321777,6.782778537216744,6.026212930155127,6.598571562749556,114136200
1998-08-10,6.565676689147949,7.091983855411034,6.434100198737324,6.486730674439516,107777400
1998-08-17,6.861721038818359,6.907773059988285,6.440676225273367,6.565673621961718,95911800
1998-08-24,6.8814616203308105,7.348559334775612,6.86830415031489,6.993302223552429,138598800
1998-08-31,6.157788276672363,6.855144842108319,5.8420042624840365,6.776198838561238,205648200
1998-09-07,6.381469249725342,6.6248857088154285,6.065685214313123,6.513045730377017,100368600
1998-09-14,6.382858753204346,6.685863600920332,6.336749149425376,6.679276342362442,115180200
1998-09-21,6.52777099609375,6.824188438856894,6.264288623727789,6.297223694124972,107249400
1998-09-28,5.842720031738281,6.685863827008334,5.526541259277799,6.639754221670131,183044400
1998-10-05,6.2313551902771,6.389444534613407,5.605584466903891,5.954698837688563,147462000
1998-10-12,7.02180290222168,7.13378266923106,6.2708784107236735,6.527773631499308,136853400
1998-10-19,7.166717529296875,7.318220236299676,6.8044298107805625,7.166717529296875,123657600
1998-10-26,7.278697967529297,7.318220308342916,6.613404828457992,7.081086263461199,103854000
1998-11-02,7.529006481170654,7.542180394727346,7.041564442815813,7.30504633232827,119244600
1998-11-09,7.344569206237793,7.634400149911633,7.140370817584804,7.529007024660859,99030000
1998-11-16,7.772725582122803,7.851770247015364,7.377502257659998,7.5751139198914,98248800
1998-11-23,8.069147109985352,8.069147109985352,7.713445940120804,7.792490644535148,55134600
1998-11-30,7.713439464569092,8.141597719680234,7.529001774752838,8.088901495331045,86509200
1998-12-07,8.051060676574707,8.169749531757626,7.727963036238069,7.780714040996746,82423200
1998-12-14,8.202719688415527,8.202719688415527,7.826871590578182,7.97193596991845,96142200
1998-12-21,8.558782577514648,8.611533567203848,8.18293464347127,8.189528668103062,58159800
1998-12-28,8.591756820678711,8.730227188298413,8.334597566527835,8.545599830244512,58693800
1999-01-04,8.809344291687012,8.974189399906919,8.393933604786596,8.61152967887729,111646200
1999-01-11,8.453280448913574,8.842315766105335,8.16315186323068,8.80934685560238,110194200
1999-01-18,8.651095390319824,8.703845769513624,8.255466037160115,8.466468157617799,70659600
1999-01-25,9.073103904724121,9.119260885560475,8.426909191428987,8.631317988066826,101866200
1999-02-01,8.88847541809082,9.21157240853357,8.519220852323894,9.046727202367318,100470600
1999-02-08,8.901664733886719,9.112666955980886,8.492847739928402,8.8884772836567,77111400
1999-02-15,8.941224098205566,9.356634952325736,8.881879690474113,9.020349975180837,100548600
1999-02-22,9.086287498474121,9.442353909251565,8.815940376725154,9.01375504937929,112204800
1999-03-01,9.837986946105957,9.94348774198732,8.822537710889602,9.191791703839776,131995800
1999-03-08,10.167675971984863,10.227020384272713,9.686326648867002,9.930298322833465,114627600
1999-03-15,10.006659507751465,10.389499028115042,10.000058607563258,10.244285267094691,114195600
1999-03-22,9.670022964477539,10.033060958850141,9.313585265362065,10.019859764023925,115476000
1999-03-29,9.848245620727539,10.204684061930934,9.736033306238845,9.749235110479983,74329200
1999-04-05,10.851551055908203,10.924157951870955,9.907651135085931,9.98025863536083,117360600
1999-04-12,10.033061027526855,11.280592378658461,9.795435893156652,10.798743023239682,168639000
1999-04-19,10.759140014648438,10.917556788276398,9.293784254277758,10.138673512189543,175926600
1999-04-26,9.716232299804688,10.970365772462218,9.122169171332004,10.957165175356955,126850800
1999-05-03,9.452203750610352,9.901051203742615,8.792133468923442,9.689828979500174,158754600
1999-05-10,9.795437812805176,10.05946599306309,9.412597646390097,9.465403040716845,125752200
1999-05-17,9.135367393493652,10.019860836373901,9.003353013855149,9.584214713053298,98310000
1999-05-24,9.003353118896484,9.32018666682612,8.660117178180734,9.293784274040007,106460700
1999-05-31,9.716232299804688,9.821843724081697,8.910946927090249,9.016558351367259,88915500
1999-06-07,9.016561508178711,9.663430273110647,8.950554269356584,9.584221828249085,71501700
1999-06-14,9.251863479614258,9.423684208473155,8.961090822734088,9.093260102220734,94246500
1999-06-21,9.185779571533203,9.621938879742316,9.027176186729891,9.198996318592181,76854600
1999-06-28,10.309222221374512,10.375307785902539,9.26508324934587,9.304734104043465,96440400
1999-07-05,10.13740062713623,10.785030961116885,9.78054298504045,10.335655477768938,76124400
1999-07-12,10.150614738464355,10.229916416108608,9.87305886670947,10.229916416108608,56012400
1999-07-19,9.502986907958984,10.269569778557624,9.384034362261406,10.150617232860046,75043200
1999-07-26,8.93465805053711,9.767325905402998,8.93465805053711,9.436902355146744,73875300
1999-08-02,8.723186492919922,9.198996665261008,8.2209422204408,8.947874831533408,92374200
1999-08-09,9.476553916931152,9.555855623348986,8.43241498410434,8.683536852752813,112233000
1999-08-16,9.873062133789062,10.018448792587792,9.31795020658807,9.463336865386802,75880800
1999-08-23,9.873062133789062,10.243135945224408,9.701241977044369,9.91271298573199,76053300
1999-08-30,10.058099746704102,10.058099746704102,9.212214493312876,9.912713086428486,74981700
1999-09-06,10.08453369140625,10.13740190022391,9.674808400701489,10.03166608761261,49387200
1999-09-13,9.870361328125,10.16144416212958,9.433736774283494,9.976209301034336,77521500
1999-09-20,9.843897819519043,10.121749774102243,9.473428748631177,9.857128663085655,78992400
1999-09-27,10.227601051330566,10.24083129195229,9.645434123815528,9.949748433864091,85166700
1999-10-04,11.72270393371582,11.72270393371582,10.333444342481242,10.35990723749215,113495400
1999-10-11,10.75683879852295,11.643317941149888,10.743608562049166,11.603624809052016,90193500
1999-10-18,12.079939842224121,12.278405460785724,10.478984660052541,10.822992539784654,92987100
1999-10-25,11.921171188354492,12.38425858842948,10.90238229993702,11.841784915351738,139907700
1999-11-01,12.29163932800293,12.437179180834718,11.64331662838407,12.119634159854458,71489700
1999-11-08,12.463640213012695,12.529796223400478,11.97409251963558,12.38425396961771,101390400
1999-11-15,12.304866790771484,12.847340220288793,12.225480553411668,12.490102152169621,97290600
1999-11-22,12.321409225463867,12.42394899802728,11.749165825610461,12.106403975713484,62296500
1999-11-29,12.503334045410156,12.569490059558303,12.066709681919644,12.384254673549108,77836500
1999-12-06,13.389817237854004,13.65443895540133,12.199023142906212,12.397488825397511,113443800
1999-12-13,13.770550727844238,14.657691116431831,13.717585457984562,13.876476418596289,143687400
1999-12-20,14.273709297180176,14.406120098153895,13.386568568182247,14.0088925442019,55681500
1999-12-27,14.644453048706055,14.882789522783636,14.260465698975288,14.260465698975288,48113400
2000-01-03,14.512045860290527,14.617974016396962,13.174714708809155,14.48556563962736,109965300
2000-01-10,13.66462230682373,14.35314897923892,13.558694193958472,14.247223290857258,81227400
2000-01-17,13.227677345275879,14.075095305980888,13.148231835694643,13.386568364438352,71858100
2000-01-24,11.678484916687012,13.439525484851663,11.334220380823051,13.439525484851663,120284400
2000-01-31,11.930066108703613,12.737763709409236,11.466635602839816,11.559321219115683,107745000
2000-02-07,11.877099990844727,12.73776021863242,11.572558157277188,11.996268218177617,96734100
2000-02-14,10.116060256958008,12.472943156717847,10.010132724499673,12.009510277977764,219787800
2000-02-21,9.427530288696289,10.447080838751651,9.202435161396957,10.433840733302295,184672200
2000-02-28,11.148853302001953,11.294501777641308,9.440774344686764,9.440774344686764,214597800
2000-03-06,10.155783653259277,11.162093154338391,9.665869314765125,11.14885304535353,135562200
2000-03-13,11.82575798034668,11.931819406471384,9.731061807127901,9.81060726983771,194208600
2000-03-20,11.77272891998291,12.01136531700959,11.321972090333057,11.839017617224197,118696800
2000-03-27,11.98485279083252,12.886369136295091,11.507579859858627,11.600384548127325,137382000
2000-04-03,13.045454978942871,13.429925497866375,12.011364035490082,12.011364035490082,131834400
2000-04-10,11.666658401489258,13.774611599780217,11.666658401489258,13.045446208291224,106130700
2000-04-17,12.23674201965332,12.2897715082454,10.977271638432784,11.693180658330576,89002200
2000-04-24,11.746211051940918,12.886363351024574,11.746211051940918,12.289772455143808,82204800
2000-05-01,10.884469985961914,12.475379000838952,10.645833633730359,11.958333571003916,119384100
2000-05-08,12.051129341125488,12.130674749317736,10.499993881376664,10.871204977096083,114707700
2000-05-15,12.104166030883789,12.528409270381815,11.759470674605383,11.931818352744585,79466700
2000-05-22,11.454544067382812,12.382573448849142,11.189391775163433,12.236741751532664,83628600
2000-05-29,12.528407096862793,12.740527466044295,11.176134584820458,11.255680026705303,71658300
2000-06-05,11.454544067382812,12.674241698550757,11.441287302408858,12.581437061130094,70503900
2000-06-12,11.440510749816895,11.931578411374133,10.962716763557454,11.467055670226603,113219100
2000-06-19,11.413965225219727,11.679404638006885,11.01580367585375,11.400691553450702,84870600
2000-06-26,12.236834526062012,12.260062243624409,11.374152527044933,11.506872273773872,84648900
2000-07-03,13.072972297668457,13.179149539062161,11.918303606934915,12.157200577431508,71964900
2000-07-10,12.634992599487305,13.364957074154104,12.555360288082584,13.033154156510909,85354800
2000-07-17,12.674812316894531,13.006615327776535,12.581908737544275,12.80753449332172,62511000
2000-07-24,12.462461471557617,12.807535762195297,12.14393210487244,12.528822566345767,79446900
2000-07-31,11.241426467895508,12.502272132037428,11.201610314608764,12.502272132037428,112187700
2000-08-07,11.068894386291504,12.236834470706317,10.76363629699126,11.281246466134387,147391200
2000-08-14,10.803449630737305,11.267972265649163,10.325655753748647,11.09543639790948,125837700
2000-08-21,10.7238187789917,10.7238187789917,10.007128473408295,10.458379320178501,115439100
2000-08-28,10.352206230163574,10.750368008246788,10.007132486642568,10.630919474821825,122164500
2000-09-04,11.068894386291504,11.175071641305928,10.365474628419623,10.39201954971972,96367800
2000-09-11,11.054635047912598,11.639256024489478,10.93505365040072,11.214076911261769,101994000
2000-09-18,10.735748291015625,11.200787738821784,10.217562381390417,10.842043647542795,117119400
2000-09-25,10.230849266052246,10.775607107319512,9.96511213158053,10.762321102106974,114385800
2000-10-02,9.67280101776123,10.33714071937509,9.380490697540205,10.24413383019345,176103600
2000-10-09,9.566510200500488,9.925254333019257,8.8091614762942,9.712665420193359,149718000
2000-10-16,9.898674011230469,10.190984259271984,9.539930113542924,9.619650979695713,98915100
2000-10-23,9.194477081298828,10.310570258594536,9.194477081298828,9.898677939637576,143558100
2000-10-30,10.071406364440918,10.629453224366769,9.16790270656087,9.221049765887175,240850200
2000-11-06,9.287479400634766,10.815461609805356,9.181184726928375,10.270704068030659,135036900
2000-11-13,10.323858261108398,10.536446552047178,9.048323649697322,9.141331179038612,119526900
2000-11-20,9.606366157531738,10.3371400888432,9.500071446823899,10.3371400888432,51589500
2000-11-27,10.881903648376465,11.214073278450606,9.965113231113978,9.978399846014716,158013900
2000-12-04,11.572813987731934,11.891697518350387,10.709172714232468,10.828754038214388,147033000
2000-12-11,10.602877616882324,11.439946902425664,10.523156732544862,11.400086460256935,140664900
2000-12-18,11.174894332885742,11.22810730344541,9.99088746843076,10.74918326060745,123722700
2000-12-25,11.307926177978516,11.707029483506384,10.429898905817204,11.121679592687684,74771700
2001-01-01,11.480870246887207,12.505233566718866,11.214800618341608,11.307923892162822,157176600
2001-01-08,11.268022537231445,11.667126079706405,10.749187932014,11.28132761260375,118976100
2001-01-15,10.81569766998291,11.667117092788702,10.735877022971966,11.37444219905952,95962500
2001-01-22,11.414358139038086,11.94649523563994,11.068467686483164,11.108378029626655,104402400
2001-01-29,11.655942916870117,12.132739038848786,11.315375128289986,11.430317061427402,109610400
2001-02-05,10.727896690368652,11.75385943853219,10.691712118642899,11.707029838132193,95417400
2001-02-12,11.145095825195312,11.594221151613754,10.84709949641207,10.855613085650484,102305100
2001-02-19,10.70235824584961,11.555907132409246,10.227690901452355,11.111039788308016,104209800
2001-02-26,10.412871360778809,11.036536023611154,10.110616509620932,10.840710137757616,108063000
2001-03-05,10.808782577514648,11.047180081114563,10.217045612301746,10.417129535886218,80057100
2001-03-12,9.989293098449707,10.695972191198512,9.90415111245389,10.695972191198512,130853100
2001-03-19,10.140342712402344,10.609309747232489,9.63513751538532,10.016705804522125,133242600
2001-03-26,10.764917373657227,10.922661493642558,10.295951697882238,10.423850984093736,118694700
2001-04-02,10.922660827636719,10.939714146075072,10.381217662281601,10.65833500171701,118549500
2001-04-09,10.594389915466309,11.03990731443321,10.10623737000235,10.988747334187,93290700
2001-04-16,11.022851943969727,11.285046917573938,10.340717856225176,10.594386778854345,121536300
2001-04-23,11.261601448059082,11.340472929465022,10.66473380979771,11.09533121225056,96060900
2001-04-30,11.302103042602539,11.447056938523875,10.918403777649397,11.361790299673153,110828100
2001-05-07,11.532320976257324,11.609061543789231,10.90134799107806,11.169938147814825,88031100
2001-05-14,11.093198776245117,11.670880948786477,10.871505541335349,11.532322219561596,120650400
2001-05-21,10.914139747619629,11.485425565542391,10.914139747619629,11.093199062875234,89440200
2001-05-28,11.024983406066895,11.212569954280546,10.877898651413558,11.07401247078457,63018600
2001-06-04,10.875772476196289,11.04204276706764,10.6732646174014,10.988750647502954,74626200
2001-06-11,10.2639799118042,10.892822071927212,10.232005382882727,10.860847543005741,90525600
2001-06-18,10.669365882873535,10.923398927394606,10.32140554685354,10.417468021466322,95970600
2001-06-25,10.41746711730957,10.791044732269622,10.33207812267592,10.791044732269622,93524400
2001-07-02,10.105793952941895,10.628801846396794,9.97130617401063,10.449485622155219,63273600
2001-07-09,11.292708396911621,11.363154795312767,10.043892931191797,10.1356862788657,126013500
2001-07-16,11.587299346923828,11.653476594866088,11.21372287633348,11.399443519943963,124480800
2001-07-23,11.828516960144043,11.954467054966992,11.207312100594004,11.506174082343199,103632000
2001-07-30,11.824249267578125,12.118840921176098,11.56808234673201,11.954468521154267,92935800
2001-08-06,11.442138671875,11.926721470642732,11.207318582055686,11.864814589249608,102119700
2001-08-13,10.84440803527832,11.478421541410432,10.694978266673171,11.431458528048852,115043700
2001-08-20,10.87643051147461,11.019457187890175,10.56689503937374,10.951146012378274,88570200
2001-08-27,10.257354736328125,10.993835930015248,10.084442307438358,10.9297939277599,100377900
2001-09-03,9.866704940795898,10.648014931682184,9.631884968142911,10.295785583452792,113919300
2001-09-10,9.868837356567383,10.033211545817942,9.614805073861932,9.713002673193433,20180700
2001-09-17,9.548429489135742,9.90975557475451,8.979713900278812,9.407319527999768,206486100
2001-09-24,10.583227157592773,10.679438068893267,9.837056445173816,9.941819451072,182397000
2001-10-01,11.203255653381348,11.432024351493608,10.292456602658882,10.583227837665126,171020400
2001-10-08,11.310165405273438,11.705700574746523,10.895388771249275,11.205401698803016,141759000
2001-10-15,11.333670616149902,11.545335043002778,10.993724199464129,11.250288179129925,100618200
2001-10-22,11.421332359313965,11.506853295614789,11.01296912386004,11.288774602200691,89939700
2001-10-29,11.32512378692627,11.37002213479015,10.767098492389515,11.310156855379493,103651500
2001-11-05,11.780525207519531,11.844666242356723,11.201119857691438,11.363610316160521,112423800
2001-11-12,11.780525207519531,12.024260895223158,11.545342228708824,11.662933106419937,136867200
2001-11-19,11.93018913269043,11.96867327042551,11.67362617547542,11.67362617547542,64790400
2001-11-26,11.791216850280762,11.977224531991748,11.647969048940213,11.90880896807678,116933700
2001-12-03,11.831838607788086,12.09481576773146,11.583827160205207,11.771973311568969,105478200
2001-12-10,11.558168411254883,11.844663917012863,11.337951187004212,11.780522894767834,93078900
2001-12-17,12.324080467224121,12.3262204118023,11.534156735195847,11.591956062537557,139336800
2001-12-24,12.491058349609375,12.574545600963626,12.229890746157187,12.313377997511436,53507700
2001-12-31,12.330501556396484,12.5188840319223,12.199918402613562,12.437536747623028,73348800
2002-01-07,11.94517707824707,12.437540834574236,11.88737773751143,12.298394182808758,93132300
2002-01-14,12.062914848327637,12.249157427458316,11.840280956265216,11.945176230141703,105330600
2002-01-21,12.501760482788086,12.83357073456776,12.225608392940046,12.227749562601046,107935200
2002-01-28,12.685860633850098,12.839993001171223,12.362613836228393,12.56598208135666,108242700
2002-02-04,12.66231632232666,12.822869779583801,12.437541237181529,12.754367036483456,103082100
2002-02-11,12.850696563720703,12.998405423953878,12.71154993237836,12.735097899216322,100403400
2002-02-18,12.833569526672363,13.030515469482967,12.544572895909557,12.715829704907767,96592500
2002-02-25,13.445816040039062,13.460800554950843,12.857120469610054,12.887090724359224,157456500
2002-03-04,13.383734703063965,13.50361448923085,12.908496673099568,13.475785406272086,151422300
2002-03-11,13.6470365524292,13.6470365524292,13.122561634861032,13.445809546192535,114540300
2002-03-18,13.298839569091797,13.703913710611983,13.19596386917002,13.699627529709012,90922200
2002-03-25,13.138092041015625,13.37170660987505,13.133805861448169,13.255971176930876,74586600
2002-04-01,12.675153732299805,12.936630353225326,12.377242739174555,12.934486649882732,126436200
2002-04-08,13.123085975646973,13.255967314517811,12.542266503564049,12.645143367830457,103623000
2002-04-15,12.630146980285645,13.13166568939539,12.160776466138051,13.084515248725905,118501500
2002-04-22,11.959310531616211,12.666581815330737,11.955023124780855,12.630146215479929,111753600
2002-04-29,11.841437339782715,12.302234422752543,11.749276451538217,11.980747458348947,133602300
2002-05-06,11.500654220581055,12.107192192379935,11.489938158003303,11.918586792987076,133618200
2002-05-13,12.501551628112793,12.709446720729664,11.539234775499667,11.539234775499667,134872500
2002-05-20,11.899301528930664,12.606572957035691,11.897157825075347,12.591569482798871,85087800
2002-05-27,11.59495735168457,11.929303930280708,11.519944906882417,11.873579909306306,96753600
2002-06-03,11.665680885314941,11.952875705794801,11.144871543894746,11.61209935940097,142578900
2002-06-10,12.205784797668457,12.49512224017713,11.800710661231225,11.809284249304662,151737000
2002-06-17,11.798683166503906,12.635620862662115,11.78151399211098,12.253633133309906,136435200
2002-06-24,11.805118560791016,12.399559704793415,11.534724359864068,11.813703146888564,163496400
2002-07-01,12.017565727233887,12.019710951453822,11.438146436782594,11.867344774202566,92509800
2002-07-08,11.341577529907227,12.167784831120015,11.28578205024724,12.049755742924269,139291200
2002-07-15,9.978875160217285,11.476780151975088,9.787881357310505,11.245012335955717,213454500
2002-07-22,10.339402198791504,10.354423686998283,9.38228854718319,9.925225767049742,223933500
2002-07-29,9.893035888671875,10.665594490578018,9.697749785009382,10.341548824589175,169575900
2002-08-05,10.558296203613281,10.6398442509339,9.775008237297344,9.893038014957849,155771100
2002-08-12,11.543301582336426,11.757900157381314,10.182741189023524,10.34369134825477,179538900
2002-08-19,11.414543151855469,11.75790190532961,11.313681978502851,11.373770374334708,127513200
2002-08-26,11.476778984069824,11.58836997453968,11.169901304381986,11.395230966143165,117477900
2002-09-02,11.326558113098145,11.405960907020813,10.734263591739253,11.341580827492,110653200
2002-09-09,11.674205780029297,12.232164230291733,11.212818029732395,11.298656468906275,113410200
2002-09-16,11.754837036132812,12.017010171271412,11.507706178383408,11.711858398079418,140022300
2002-09-23,11.011292457580566,11.544236297958367,10.931781012104878,11.539937451442903,152764500
2002-09-30,11.120893478393555,11.284214041989838,10.336520953460738,11.013444412460439,206035800
2002-10-07,11.567880630493164,11.600115850141751,10.529929921118702,11.00270371533077,218090100
2002-10-14,12.094371795654297,12.35654612476763,11.51200222987965,11.567874943605732,189684300
2002-10-21,12.320018768310547,12.468297082625172,11.776329976293134,12.096525354979477,141014400
2002-10-28,11.722601890563965,12.354398448291903,11.314298678638373,12.341504364948024,166587900
2002-11-04,11.610854148864746,11.795665208050883,11.432490130074315,11.724748993345349,124000800
2002-11-11,11.924605369567871,12.077181249971588,11.389513231846538,11.613004108089768,147686100
2002-11-18,11.552834510803223,11.92675432700449,11.297107181664702,11.873031028179373,130253100
2002-11-25,11.58292293548584,11.85369260406972,11.393812945654496,11.48621974591612,89895000
2002-12-02,11.398104667663574,12.193221470802108,11.181058445854255,12.025602139848584,141830400
2002-12-09,10.860868453979492,11.398110091954543,10.822187429858156,11.398110091954543,117013800
2002-12-16,10.930684089660645,11.206156860667585,10.749904467957126,10.879032945096842,134623200
2002-12-23,10.579887390136719,10.90055478329236,10.534692789110542,10.874728593299963,77261700
2002-12-30,10.76066780090332,11.107160177552243,10.577735559173405,10.579888152314684,94941300
2003-01-06,11.109310150146484,11.1910901983151,10.689644483215224,10.8037072635849,117647100
2003-01-13,10.75421142578125,11.229832306417727,10.696103724638878,11.109312949241858,110796000
2003-01-20,10.179591178894043,10.823077973921682,10.155916965000149,10.77573200905505,114741000
2003-01-27,10.287196159362793,10.56482090787598,10.09780862901221,10.125786178426901,140624700
2003-02-03,10.069830894470215,10.59064690122456,9.994505540257366,10.280739423345386,118176900
2003-02-10,10.577736854553223,10.579889447958115,9.953618380626787,10.071985772950308,119696400
2003-02-17,10.523932456970215,10.71547262005025,10.308719925192378,10.685342471533934,85851000
2003-02-24,10.343153953552246,10.53254152198174,10.063376555961689,10.480890366955514,117411600
2003-03-03,10.356066703796387,10.476586061493256,10.028941501444251,10.459369010393704,118259400
2003-03-10,10.622929573059082,10.805861804622072,10.007419735146705,10.285045124832848,124311900
2003-03-17,11.786016464233398,11.826977675491696,10.641261323875396,10.67144346378977,158316600
2003-03-24,11.454012870788574,11.719183148532565,11.322506502323433,11.719183148532565,106948500
2003-03-31,11.770919799804688,11.794634237681972,11.106918006410687,11.1392564369638,116133300
2003-04-07,11.421674728393555,12.010220727817897,11.419519654927097,12.010220727817897,126742500
2003-04-14,11.945548057556152,11.964951125093057,11.341911459350854,11.421677569915499,93487800
2003-04-21,11.857154846191406,12.07274113949141,11.69762266682535,11.947701237407639,107705700
2003-04-28,12.105079650878906,12.398274524922764,11.749365435832694,11.857156126955319,136329600
2003-05-05,12.029627799987793,12.124485604515517,11.738587930264714,12.10508253533875,116241000
2003-05-12,11.408748626708984,12.277556036964052,11.408748626708984,12.010230490179989,152714700
2003-05-19,11.210404396057129,11.533781469666193,11.210404396057129,11.3483797161335,119212200
2003-05-26,11.341909408569336,11.628636586674228,11.130635712209642,11.210401808351422,138238800
2003-06-02,11.559650421142578,11.92398864893828,11.236273398070631,11.417364975081682,138164100
2003-06-09,11.658818244934082,11.984351537844761,11.53162326429041,11.630792420423912,116527800
2003-06-16,11.716778755187988,11.958628738543641,11.617447203122714,11.76212670822188,120702300
2003-06-23,11.617444038391113,11.954307041245071,11.37343551890829,11.671428858321761,100782600
2003-06-30,11.867934226989746,12.124900583245683,11.444697412317435,11.660634260063242,90747900
2003-07-07,12.206948280334473,12.312758035814742,11.8161018659019,12.0061267170716,119696700
2003-07-14,12.30844497680664,12.459601483374412,12.029885234897895,12.373226513279263,108579600
2003-07-21,12.133538246154785,12.334361183213861,11.876571873335603,12.276057909307077,94585500
2003-07-28,11.9348726272583,12.362429055228246,11.919757470239093,12.133535684224066,103164300
2003-08-04,12.474717140197754,12.47903557997448,11.829064058386269,11.829064058386269,121120800
2003-08-11,12.545971870422363,12.697128321772638,12.36890231970709,12.49846534532292,99703800
2003-08-18,12.61075496673584,12.843967947886558,12.606435292562871,12.632348395181724,86770200
2003-08-25,12.77702808380127,12.83749117324503,12.59564005107487,12.610756441238253,83292900
2003-09-01,12.716564178466797,12.999443542694728,12.632349061721435,12.731680567660316,104585100
2003-09-08,12.412099838256836,12.662587968168245,12.213436710850663,12.64315312887671,137636400
2003-09-15,12.554611206054688,12.63666772264681,12.41641251291692,12.41641251291692,104746500
2003-09-22,12.265252113342285,12.504943334576128,12.211268550239055,12.457436810561637,113852100
2003-09-29,12.431707382202148,12.591754496222704,12.0683592845911,12.386289024695445,144744600
2003-10-06,12.635007858276367,12.849123826633678,12.433868915287926,12.451171203260666,89374200
2003-10-13,12.725841522216797,12.89886436063183,12.637168091002192,12.637168091002192,91822500
2003-10-20,12.567963600158691,12.86210253416403,12.327893549666243,12.760452043113863,97578300
2003-10-27,12.7496337890625,12.799378634322668,12.49009950147827,12.56796040653209,97384200
2003-11-03,12.635007858276367,12.961589317235113,12.490101041810016,12.710705522851761,107143500
2003-11-10,11.8953275680542,12.645815326840234,11.787189869101606,12.61986252660294,189882300
2003-11-17,11.854239463806152,12.022937049826188,11.756914266598407,11.895331307302534,134883300
2003-11-24,12.0337495803833,12.167841345433231,11.916958860772292,11.927772632950067,85245000
2003-12-01,11.5665864944458,12.038073337788322,11.27677174352717,12.03374807696896,270740700
2003-12-08,11.35463809967041,11.592544885214947,11.24866111439,11.566592070231232,159993600
2003-12-15,11.342061042785645,11.528387289069759,10.941241916936589,11.498054849964038,262978500
2003-12-22,11.378886222839355,11.552212585141746,11.283557343437007,11.287890192562584,84264000
2003-12-29,11.331220626831055,11.569544673646076,11.294389551415414,11.413550954958987,88601700
2004-01-05,11.352890014648438,11.771040406916601,11.175229530218386,11.439553212030843,190529700
2004-01-12,11.58687973022461,11.645377535662904,11.287890809125768,11.39621948154987,135260400
2004-01-19,11.745041847229004,11.794873964879084,11.433054309573913,11.543550050792792,111774300
2004-01-26,11.667049407958984,11.905373609517019,11.51105434825701,11.747212743812508,141045300
2004-02-02,12.475177764892578,12.477344809557433,11.732040130039797,11.742874113636008,178111200
2004-02-09,12.202193260192871,12.631176534670802,12.174027866981692,12.36035411100948,129996300
2004-02-16,12.875995635986328,12.901995213353858,12.236855062256891,12.431846933601047,159427500
2004-02-23,12.904160499572754,13.0319888571256,12.810997417297695,12.87816216297843,208722600
2004-03-01,13.051483154296875,13.28330724203196,12.88465674082147,12.92798769717624,157821000
2004-03-08,12.67017936706543,13.211825601657608,12.479520219777411,13.010332463510892,167163300
2004-03-15,12.724708557128906,12.852824259958794,12.435905868043825,12.605279275387986,134407800
2004-03-22,12.900589942932129,13.02219107905296,12.496699523216586,12.659558342978402,137531700
2004-03-29,12.724708557128906,13.126427265281698,12.616136369863087,12.95271126865046,145446600
2004-04-05,12.309958457946777,12.872363986822943,12.192699884104494,12.716019635871385,121304100
2004-04-12,12.689964294433594,12.746422920493849,12.231788236397703,12.333845909923468,143738100
2004-04-19,12.8050537109375,12.844139500827223,12.420706589896461,12.594421349685769,115297200
2004-04-26,12.377275466918945,12.841966027352578,12.349046775282515,12.7616225413455,124145100
2004-05-03,11.704120635986328,12.490184798394589,11.638976860741478,12.377270080983402,188028600
2004-05-10,11.956015586853027,12.094989641164236,11.606412883749895,11.617268736842162,173941200
2004-05-17,11.990761756896973,12.20624282012039,11.764397975236156,11.894993087379504,131571600
2004-05-24,12.130061149597168,12.27371474531478,11.849282591444862,12.029937172702773,122469900
2004-05-31,12.317244529724121,12.508784301151215,11.949403029833224,12.069115386975158,105264300
2004-06-07,12.450018882751465,12.587142612383902,12.315070949264967,12.343366262739258,78122400
2004-06-14,12.10612678527832,12.406493935372364,12.069124529505286,12.341196349780834,120297600
2004-06-21,11.429203987121582,12.160534339329796,11.429203987121582,12.014703677241197,207256500
2004-06-28,11.302959442138672,11.592443634336178,11.211543643644058,11.407434996260186,219770400
2004-07-05,11.265962600708008,11.483620731877025,11.226784560549715,11.274669523769541,123649500
2004-07-12,11.459677696228027,11.601155536920254,11.209372663383904,11.257256378841262,139346400
2004-07-19,11.570676803588867,11.73174419743303,11.353020048259317,11.461848425924092,144340500
2004-07-26,11.538031578063965,11.794867660396697,11.355198711598407,11.557621214078956,135426900
2004-08-02,11.172369956970215,11.694747930254852,11.131014878404265,11.540210334753565,132158700
2004-08-09,11.622919082641602,11.644684517527637,11.117953769691974,11.144073287912956,141771000
2004-08-16,11.923188209533691,11.993003698680123,11.66138012523457,11.672287390964353,138898500
2004-08-23,11.685382843017578,11.844649960328889,11.615568573976915,11.742108887237999,103449600
2004-08-30,11.617745399475098,11.772649303990503,11.366845816797573,11.6831977359126,126038400
2004-09-06,11.66137981414795,11.691923153535154,11.399571736832993,11.595927482719363,110065200
2004-09-13,11.449748992919922,11.761736424788884,11.375569115357385,11.698466307408422,147839100
2004-09-20,11.521746635437012,11.615562593142029,11.148670000160458,11.373389361464655,152318700
2004-09-27,11.591564178466797,11.731195166285305,11.388663055342963,11.565383992450577,153660600
2004-10-04,11.530475616455078,11.864281396647865,11.484659357126558,11.685378266965767,138453000
2004-10-11,11.460662841796875,11.633019405670142,11.358120536166172,11.57847682135568,121769700
2004-10-18,11.342849731445312,11.641747860312226,11.331941213746497,11.443209842034182,127572600
2004-10-25,11.763920783996582,11.855553298497794,11.325391788541765,11.377753403742368,142217400
2004-11-01,12.320259094238281,12.424982285271245,11.574104797629783,11.763916361626347,179576700
2004-11-08,12.403170585632324,12.429350770419806,12.206813581928712,12.320264378406318,111243600
2004-11-15,12.054093360900879,12.630071169534439,12.03445728563857,12.414079335246921,179580000
2004-11-22,12.069369316101074,12.206818146531552,11.962463837944094,12.10427707447071,85976100
2004-11-29,11.547924995422363,11.75955358558983,11.358113425321951,11.726828055489252,300721200
2004-12-06,11.499933242797852,11.58502166799902,11.366847595205924,11.547931713588287,147566100
2004-12-13,11.377031326293945,11.733520202700843,11.372656292990502,11.530124954481394,174876300
2004-12-20,11.492940902709961,11.646034480580868,11.401085256563144,11.43607800285139,118941000
2004-12-27,11.551992416381836,11.729143680591964,11.495129511119117,11.602294024662019,111253500
2005-01-03,11.807883262634277,11.882242575889453,11.595737902693342,11.755394114788272,175817100
2005-01-10,11.807883262634277,11.882242575889453,11.678846032976184,11.76632794605286,122190300
2005-01-17,11.593551635742188,11.941293022333753,11.59136537006551,11.722587613946102,103278300
2005-01-24,11.466702461242676,11.74227078311916,11.438269746254852,11.595737179978569,119790900
2005-01-31,11.691963195800781,11.718208383239245,11.420770017093341,11.492941779670286,134528700
2005-02-07,11.394526481628418,11.753202836171871,11.394526481628418,11.744454021944179,119887800
2005-02-14,11.53012752532959,11.600113056512408,11.394530245802875,11.43827057707213,148753500
2005-02-21,11.261117935180664,11.521376101083952,11.175822306202816,11.503879722247436,139610100
2005-02-28,11.61323356628418,11.698527947771696,11.285176135049483,11.328916458446225,184434000
2005-03-07,11.285175323486328,11.670095648031506,11.256743865035114,11.613232731129076,141399000
2005-03-14,11.285543441772461,11.500506915120626,11.156127066635662,11.357929254854504,457893600
2005-03-21,11.112256050109863,11.353539545685784,11.081546807991987,11.300895668539013,210485400
2005-03-28,10.745943069458008,11.24606059735116,10.63846259024666,11.112257548452655,247304100
2005-04-04,10.653814315795898,10.956516271926072,10.62968571710017,10.820519286154205,252260400
2005-04-11,10.462981224060059,10.85781096471177,10.41691798442437,10.653816079841226,243970500
2005-04-18,10.26776123046875,10.52001334310173,10.232665306191628,10.509046023656287,232152600
2005-04-25,10.340147018432617,10.438854154308341,10.13395813753723,10.322599682838725,196323900
2005-05-02,10.739364624023438,10.7963964516364,10.379630713858628,10.414727271433122,178770900
2005-05-09,10.33795166015625,10.849037085534329,10.221695956270711,10.726200112294311,225322500
2005-05-16,10.382055282592773,10.55589574866483,10.278630139956185,10.371052219383703,201252600
2005-05-23,10.401859283447266,10.569098658953559,10.373252075982885,10.415062077252928,125830200
2005-05-30,10.419465065002441,10.659322691693792,10.371053971086605,10.441470565563469,127070100
2005-06-06,10.558091163635254,10.593300068007515,10.388651498560169,10.419458424222178,131121600
2005-06-13,10.767144203186035,11.068615633341793,10.560295831478893,10.562496192026861,215659200
2005-06-20,10.423867225646973,10.802356450324012,10.395260639314898,10.685729114067044,160875600
2005-06-27,10.624114036560059,10.793555083148373,10.421666939839323,10.42386730120988,143094600
2005-07-04,10.980594635009766,11.002600758222279,10.782547080982956,10.87056905553774,141934500
2005-07-11,11.057611465454102,11.154434869253535,10.91457734953129,10.969590761612556,136455000
2005-07-18,10.901373863220215,11.079616259601364,10.782545598966115,11.042208247662176,141039000
2005-07-25,10.85956859588623,11.004802487899381,10.850765893172898,10.901377341544006,102167100
2005-08-01,10.852968215942383,10.973996264286031,10.789152076093313,10.918984087378927,127232100
2005-08-08,10.716533660888672,10.947587277136211,10.685726092339742,10.888174389492397,137562600
2005-08-15,10.282450675964355,10.849773457041143,10.26479083760163,10.776926150120673,224508300
2005-08-22,10.08818531036377,10.417100061225334,9.968981794145494,10.344253432893874,185548800
2005-08-29,9.83432674407959,10.143373746499172,9.829911471119521,10.030792180583573,252562500
2005-09-05,10.130128860473633,10.180900392684702,9.889513228475002,9.900550463167384,154845900
2005-09-12,9.684219360351562,10.26037185228459,9.675389444362919,10.09260344850037,475387500
2005-09-19,9.536316871643066,9.765895289109265,9.339851424292307,9.712915800055217,384019200
2005-09-26,9.673182487487793,9.684219724997837,9.439189389195347,9.662145249977748,234624600
2005-10-03,9.719535827636719,9.812249593217585,9.558389450640666,9.746025565169132,232141200
2005-10-10,9.942492485046387,9.991057327084452,9.812251097651856,9.860815939689921,228331200
2005-10-17,10.092604637145996,10.28024021611189,9.885101902757174,9.995475549831648,213404100
2005-10-24,10.044036865234375,10.231672377993101,9.871853228149353,10.17427762177634,186123900
2005-10-31,10.52747631072998,10.624605377619755,10.152204600145907,10.176487024759687,220010400
2005-11-07,10.816656112670898,10.92261636328761,10.445799656470093,10.578249022392907,192461100
2005-11-14,10.927032470703125,10.993257162545696,10.664341656208942,10.907164684211073,186876900
2005-11-21,11.145572662353516,11.229457184747057,10.75484838420272,10.93586135636966,130634400
2005-11-28,10.589290618896484,11.183103794325524,10.487746863197145,11.174273243500561,245341500
2005-12-05,10.613574981689453,10.69745954566539,10.395034282452945,10.571632699701485,224712300
2005-12-12,10.909337043762207,11.006762155603665,10.69456114470046,10.705631949778367,209636400
2005-12-19,10.703417778015137,11.013405402452346,10.665777292400323,10.876125132573796,121358100
2005-12-26,10.362430572509766,10.727772160305053,10.35135913539011,10.718916024187141,115415400
2006-01-02,10.158727645874023,10.33143502783061,9.986020263917435,10.265008916774587,238166100
2006-01-09,10.052446365356445,10.318149542353659,10.03251878545324,10.160942304411732,192489600
2006-01-16,9.963875770568848,10.160939378544937,9.877522104538912,10.052443470731305,203414100
2006-01-23,10.149872779846191,10.30043857539054,9.862027933831701,9.96388052083351,248903100
2006-01-30,10.072370529174805,10.39564293495879,10.061299725592882,10.273862828585369,219690000
2006-02-06,10.12994384765625,10.178655782741204,9.857597917700033,10.06130369807227,185666100
2006-02-13,10.207440376281738,10.411146148790714,10.02587621882404,10.06794604760509,174896100
2006-02-20,10.06351375579834,10.287147662288001,10.021444575505745,10.121083074677559,149290800
2006-02-27,10.036947250366211,10.158728036325344,9.932880010237993,10.085659818144412,166269600
2006-03-06,10.036947250366211,10.103373363975328,9.957236294127092,10.072374342028041,156088500
2006-03-13,10.376357078552246,10.398581951126648,10.036331279466864,10.078556884194965,202611300
2006-03-20,10.70971393585205,10.860837179080406,10.443026345791075,10.4519165467639,201232800
2006-03-27,10.49858570098877,10.738603939132174,10.48969550078129,10.709713013869159,141823500
2006-04-03,10.22745418548584,10.514143127935968,10.18078412911743,10.505253563111898,155427600
2006-04-10,10.171895027160645,10.225232418532157,10.060775143887398,10.218565085652754,107161200
2006-04-17,10.183006286621094,10.380799591729007,10.140781328254024,10.178562457711948,148431600
2006-04-24,10.007437705993652,10.24078863320126,9.998548140806392,10.1385589514637,180300900
2006-05-01,10.500810623168945,10.520811989180128,10.120781489796677,10.205232690915832,178812600
2006-05-08,10.343017578125,10.70526810622056,10.340795346081066,10.500807498216163,169342800
2006-05-15,10.553247451782227,10.77403597778218,10.27670444729659,10.314618079683715,222656400
2006-05-22,11.072881698608398,11.15093963127063,10.504184203638902,10.54655789010976,241242600
2006-05-29,10.666986465454102,10.865473443982882,10.553246850892533,10.843171909083152,175703400
2006-06-05,10.510873794555664,10.713820186538202,10.381523360941776,10.653605659542997,187075200
2006-06-12,10.774036407470703,10.963603300843003,10.464041086367548,10.504184108298443,193666800
2006-06-19,10.691516876220703,10.970291120338647,10.651373864890088,10.805256471760215,141003300
2006-06-26,10.742816925048828,10.894468938876168,10.562171375869518,10.724975436591263,133721100
2006-07-03,10.258861541748047,10.716049988559242,10.232099319215466,10.649144751258648,123959100
2006-07-10,9.600956916809082,10.42166572722544,9.547432470785953,10.314616835179184,240456300
2006-07-17,9.750378608703613,9.948865569672067,9.435922655617626,9.64109969362706,236729700
2006-07-24,9.915413856506348,10.01131199128006,9.694625335349778,9.819516359794425,167233800
2006-07-31,10.006848335266113,10.136198726973017,9.765988391133876,10.04030126479987,155597700
2006-08-07,9.96671199798584,10.046999342943494,9.757074166505134,9.94664048077744,137071200
2006-08-14,9.959664344787598,10.170095674329042,9.861164723411786,10.038016476455827,202398600
2006-08-21,9.823107719421387,9.93503878150125,9.733561973089532,9.91713040080742,130590300
2006-08-28,10.174570083618164,10.2529228363113,9.85444623350303,9.894741202914366,160148100
2006-09-04,10.458877563476562,10.479025691866676,10.107413196810247,10.232776340122305,152193900
2006-09-11,10.794672966003418,10.933468198868296,10.364855821909307,10.454400926829516,222187200
2006-09-18,10.810338973999023,10.982713078584625,10.655873883928207,10.749895889892397,182365500
2006-09-25,11.040923118591309,11.181956188622777,10.752139654102889,10.801388504634224,204735000
2006-10-02,10.817059516906738,11.105842976514626,10.752139472388421,10.884218669529039,294860100
2006-10-09,10.84840202331543,10.895413051921725,10.716322809157528,10.787958906263206,151624200
2006-10-16,11.05211067199707,11.132701873135115,10.664827775128657,10.814815282668265,171197400
2006-10-23,11.35657024383545,11.67445573088848,10.976002534116455,11.052116844632895,347791500
2006-10-30,10.640209197998047,11.143900348600045,10.566333992067666,11.018538458886097,308562000
2006-11-06,10.402910232543945,10.79243168059758,10.367092838279305,10.68721604342482,317569800
2006-11-13,10.633492469787598,10.790197383759676,10.290981920169527,10.402913635591187,288522000
2006-11-20,10.723036766052246,10.799149784172384,10.615582641310567,10.633491021623744,110950500
2006-11-27,10.268594741821289,10.676025292137728,10.167856658239993,10.620059120835128,296359200
2006-12-04,10.376046180725098,10.476784878689136,10.268592081945016,10.353660230384389,178654200
2006-12-11,10.436842918395996,10.535706999603592,10.24136277728219,10.436842918395996,259213800
2006-12-18,10.232376098632812,10.51548536448894,10.111043372453665,10.448078151535453,199611600
2006-12-25,10.376173973083496,10.472790645788082,10.066102055030493,10.066102055030493,121585200
2007-01-01,10.648051261901855,10.852518971510909,10.573903849935117,10.580644056228271,198951600
2007-01-08,10.780620574951172,10.809830714845253,10.45032659185607,10.540203104735562,219365100
2007-01-15,10.854766845703125,10.960371785251407,10.737928869998651,10.769385742567442,154212900
2007-01-22,10.710965156555176,10.942395637208618,10.663779851910476,10.821062915040535,174912900
2007-01-29,10.803083419799805,10.879477542340023,10.540196817466487,10.81881120554232,199862400
2007-02-05,10.778369903564453,10.987331064393835,10.710963347069653,10.883974815853119,169376100
2007-02-12,10.89296817779541,10.976103215520146,10.713216397394318,10.818820086247653,183224100
2007-02-19,11.137879371643066,11.328866755642716,11.074966893866339,11.191804903602872,245926500
2007-02-26,10.74242115020752,11.245725239784864,10.603112626077115,11.169331092892476,274390800
2007-03-05,10.654794692993164,10.85027422256267,10.594128321754326,10.706472834644185,230769300
2007-03-12,10.432621002197266,10.753208603718083,10.172991467245316,10.73063175733262,288158700
2007-03-19,10.816421508789062,10.881893902927505,10.471000259388473,10.498092084091262,192269100
2007-03-26,10.599681854248047,10.818674497236387,10.466480276743754,10.800613288283932,214462500
2007-04-02,10.897693634033203,10.938331035639475,10.577106817273267,10.62451798037372,154192500
2007-04-09,10.703537940979004,10.960909937260134,10.572593806475261,10.897696329331445,180021600
2007-04-16,11.23408317565918,11.252144386014393,10.7261117958988,10.75320361143162,198319500
2007-04-23,10.913498878479004,11.27698130490116,10.86608835187437,11.227313933882947,196933800
2007-04-30,10.897693634033203,11.006060899543066,10.726112130309254,10.893177362423847,184350300
2007-05-07,10.787069320678711,11.035410658022261,10.703535732318535,10.93381650392353,204093300
2007-05-14,10.721465110778809,10.909719485305917,10.655688829207683,10.80538579029603,225710400
2007-05-21,10.639813423156738,10.75095168365874,10.505992878516013,10.689711982373058,210000600
2007-05-28,11.220452308654785,11.327055255014635,10.54001249880669,10.698781960816037,292724400
2007-06-04,11.358805656433105,11.66727264061655,11.249935414192711,11.374683377907116,456614400
2007-06-11,11.19096565246582,11.367880141038066,11.091167269945544,11.317980949777928,245824200
2007-06-18,10.848474502563477,11.215912495857301,10.834866048506898,11.18642697130326,242496600
2007-06-25,10.911983489990234,11.034462829006209,10.816721709764723,10.88703389886953,238446000
2007-07-02,10.975493431091309,10.99817570956247,10.884768859632397,10.932400087018728,123184800
2007-07-09,11.147870063781738,11.172819657284352,10.71238843264163,10.980028759675834,237582000
2007-07-16,10.900646209716797,11.145603661980168,10.86889205732689,11.145603661980168,239586000
2007-07-23,10.4197998046875,11.03673188319678,10.372169231544108,10.955079842904045,300381900
2007-07-30,10.324539184570312,10.685172075858983,10.315466663084546,10.478772049828331,312876900
2007-08-06,10.449288368225098,10.982299262161332,10.365367042927426,10.365367042927426,328733700
2007-08-13,9.9138822555542,10.65246527931986,9.783946631010675,10.643346326243915,523148100
2007-08-20,9.970870971679688,10.011903649688968,9.793063787293297,9.961752671254548,309593700
2007-08-27,9.945795059204102,10.103085571795972,9.8386555229124,9.977709435430075,345255300
2007-09-03,9.663126945495605,9.948074286838294,9.644890346954899,9.91843932506549,314962200
2007-09-10,9.875129699707031,9.925280684279281,9.594741764270042,9.708720859630008,254244900
2007-09-17,10.082571029663086,10.26949718596329,9.799903687303981,9.854613495502518,305826900
2007-09-24,9.950353622436523,10.13727842995172,9.729235029871207,10.103084644901603,253428000
2007-10-01,10.342442512512207,10.458701013123974,9.952634982338825,9.991387598478637,219806400
2007-10-08,10.727694511413574,10.87358671090302,10.173756774943103,10.303692432924207,273723900
2007-10-15,10.25353717803955,10.729968812968895,10.248978354415229,10.71629168990371,301117500
2007-10-22,10.176033020019531,10.390312753128295,9.863730742459651,10.212506221586324,359673300
2007-10-29,10.073450088500977,10.451859822139623,9.952632790104714,10.194268039089426,270469500
2007-11-05,9.779382705688477,10.164630579718509,9.688199738332727,10.087125383562137,251948400
2007-11-12,10.563559532165527,10.732247738075431,9.72467536945701,9.79762176167582,408242700
2007-11-19,10.424505233764648,10.565839198186497,10.185150041583615,10.486053916728752,214863900
2007-11-26,10.919174194335938,10.994400652852628,10.258096515501128,10.486053998448194,308259900
2007-12-03,11.174489974975586,11.263392931228715,10.825714430810567,10.875864766220609,242586600
2007-12-10,10.906560897827148,11.46070400107572,10.899691187381247,11.234008797414193,277644600
2007-12-17,11.039377212524414,11.117231785270121,10.732536983730002,10.899696525748196,251696400
2007-12-24,11.009601593017578,11.238587088226321,10.904268239016297,11.018761641752175,105122700
2007-12-31,10.469199180603027,11.00960418557201,10.38905430392051,10.954647811012283,216741600
2008-01-07,10.927173614501953,11.167607677228013,10.359290214853477,10.487522457456862,391263000
2008-01-14,10.895115852355957,11.108072381934502,9.871552140014913,10.986709847293419,395963400
2008-01-21,11.0118989944458,11.531695078537334,10.553927710341812,10.640942332937401,468728700
2008-01-28,11.71945858001709,11.788154381031621,10.968388070311583,11.005025656150877,424898400
2008-02-04,11.16531753540039,11.735490631219589,10.954652007354536,11.678245204705739,408137400
2008-02-11,11.321024894714355,11.6805310543091,11.069141155864765,11.183634598236786,314529900
2008-02-18,11.442391395568848,11.522534994303946,11.222564498426907,11.47215928000894,256867800
2008-02-25,11.35537338256836,11.808763847691415,11.341633959925003,11.492763678211535,373118100
2008-03-03,11.426362991333008,11.618711057939764,11.270653837175926,11.318740526261614,358796100
2008-03-10,11.462332725524902,11.669400948506858,11.190844243048037,11.503747160020865,408864000
2008-03-17,12.246891975402832,12.30671108625931,11.340396397540898,11.351899971436403,356607900
2008-03-24,11.99150562286377,12.458557470047388,11.91097930612528,12.297506153069776,287488800
2008-03-31,12.516075134277344,12.700134888480058,11.878767083413644,12.00991015197028,328397400
2008-04-07,12.608102798461914,12.73004219965656,12.364223996072617,12.582794422138651,319723800
2008-04-14,12.955516815185547,13.197095702605173,12.62190806348688,12.628810467870185,335716800
2008-04-21,13.263819694519043,13.353548335449242,12.826676111015185,12.900301332841577,241354500
2008-04-28,13.229307174682617,13.595125410597221,13.091261712809764,13.229307174682619,265712100
2008-05-05,13.155681610107422,13.25231395742656,12.89109557902939,13.132674472578652,312637200
2008-05-12,13.178834915161133,13.486126300081443,13.024035731474,13.329014845728421,287666100
2008-05-19,12.880791664123535,13.181151657275098,12.719060885565268,13.158047449202998,259146600
2008-05-26,13.340571403503418,13.435299166058133,12.89234245502256,12.89234245502256,205098000
2008-06-02,13.48613166809082,13.839631589552216,13.058697226223392,13.26432810687273,324976800
2008-06-09,13.673274993896484,13.851179717301484,13.5023004729935,13.627065270879882,316430700
2008-06-16,12.998620986938477,13.754139993101594,12.984759259581466,13.6085819404543,304844400
2008-06-23,13.007869720458984,13.56931159328018,12.90389944395447,13.077183678813256,317066400
2008-06-30,13.077181816101074,13.359056865323398,12.84844671155063,13.107217551963753,232554600
2008-07-07,13.00555419921875,13.698690895029326,12.8553755512989,13.111836710452279,414662700
2008-07-14,13.382153511047363,13.416809801250968,12.786055800765729,13.169591229384286,358418700
2008-07-21,13.130326271057129,13.761080906999261,13.072565729193311,13.419134268592462,334429800
2008-07-28,13.34288215637207,13.717176628071517,12.926999850723817,13.12107861257391,265281300
2008-08-04,13.368298530578613,14.093780690755661,13.12570038664773,13.303605163375634,411058800
2008-08-11,13.772499084472656,13.902406306557813,13.197194344995893,13.424532979183931,350032500
2008-08-18,13.788738250732422,13.825854603294676,13.334062268152064,13.802655887404164,195652800
2008-08-25,13.702903747558594,13.92792075438353,13.46396645244401,13.74929851405996,178886400
2008-09-01,14.090303421020508,14.1482968668068,13.691300815178462,13.895441991977854,267848400
2008-09-08,14.477703094482422,14.667925292468503,13.976631282601767,14.241086144957611,376898100
2008-09-15,13.849048614501953,14.811754603931098,13.709862990028732,14.197014666762731,560060700
2008-09-22,14.083343505859375,14.127417992337925,13.4894808167527,13.791052035040702,312271800
2008-09-29,13.856009483337402,14.115823913949434,13.394375412430147,13.930242177797982,390429300
2008-10-06,11.819250106811523,13.814256071584762,10.995730195030795,13.614755342368888,644545200
2008-10-13,12.47342300415039,13.00697213112951,11.30425811830349,12.220568065793161,494016900
2008-10-20,11.923635482788086,12.874742688833917,11.596547903146588,12.677562298920213,422454300
2008-10-27,12.946654319763184,13.176311825120624,11.506075301849693,11.796047851486167,457020900
2008-11-03,12.617246627807617,13.280701502993834,12.308717233366341,13.167033547212021,347662800
2008-11-10,12.227529525756836,12.92810232125715,11.844767315904171,12.784276126998048,401566200
2008-11-17,12.276243209838867,12.480383120946504,11.645265302778892,12.241447131851366,523377000
2008-11-24,12.962894439697266,13.222708821391684,12.116176766463369,12.364392457755274,271788300
2008-12-01,13.503406524658203,13.619394798006176,12.11386220481394,12.844590583461537,426218100
2008-12-08,12.727746963500977,13.799460168395804,12.522725283459112,13.648022215563788,382018200
2008-12-15,12.986359596252441,13.258946912565161,12.58330172420156,12.811623863615498,363870600
2008-12-22,12.895499229431152,13.163425964620478,12.853561688453196,13.044606931233634,122412000
2008-12-29,13.321853637695312,13.398737796783522,12.6578585660914,12.89549930042948,161880000
2009-01-05,12.017159461975098,13.36146037675099,11.721274375452563,13.270598373749763,520456200
2009-01-12,12.012499809265137,12.278098886391003,11.725933296085286,11.998521962938456,340923300
2009-01-19,11.264631271362305,12.031138518888294,11.129502088958814,11.977553440711372,347560500
2009-01-26,10.978060722351074,11.565172724748317,10.93146458458651,11.332191369361762,298537200
2009-02-02,11.562845230102539,11.667686398929984,10.775369977080018,10.849923149071444,394527600
2009-02-09,10.840608596801758,11.546541350019874,10.828959055294279,11.546541350019874,323111400
2009-02-16,11.653706550598145,11.805144526375853,11.019999625892615,11.073584694349119,429502500
2009-02-23,11.471982955932617,11.751559843609627,11.0852339281336,11.730591077110942,379958100
2009-03-02,11.395099639892578,11.882029921234418,10.950106228031458,11.371801897508567,495723000
2009-03-09,11.524979591369629,11.590581503845536,11.04701724636195,11.377372942165412,392426400
2009-03-16,11.618699073791504,11.972483974177475,11.400803579592262,11.560124828808675,306761400
2009-03-23,12.316899299621582,12.417647657210091,11.56246973957993,11.780363920613649,327284700
2009-03-30,12.605076789855957,12.78548503269293,11.96310911050988,12.183345307081776,296757900
2009-04-06,11.869393348693848,12.593365883776007,11.632754287071922,12.513704598974636,268101900
2009-04-13,11.761615753173828,12.17866169405094,11.747557723560556,11.902192027364066,286684500
2009-04-20,11.215712547302246,11.817851200288837,11.180568129707027,11.73584778267466,298331100
2009-04-27,11.726473808288574,11.972484029577394,11.161823098064259,11.189938494469503,362713800
2009-05-04,11.747560501098633,12.038086925441988,11.496864723194422,11.763961986407839,350212800
2009-05-11,11.342146873474121,12.091224246274848,11.335081301093535,11.770864832558585,302310000
2009-05-18,11.601263046264648,11.848598521365162,11.464638164724523,11.495260587933288,242119200
2009-05-25,11.716684341430664,11.971088052746774,11.523526816687333,11.584771655383035,189172800
2009-06-01,12.02997875213623,12.190159142237608,11.678996895499619,11.820332613111264,293243700
2009-06-08,11.740239143371582,12.05117684451051,11.591837885843434,12.011132766763883,270470100
2009-06-15,11.346863746643066,11.589488485779137,11.318596053916966,11.565932973759237,306852300
2009-06-22,11.455215454101562,11.648374356121195,11.311524996271443,11.33036966857502,280039200
2009-06-29,11.25734806060791,11.561218933727645,11.250281139386823,11.474062485129908,217743600
2009-07-06,11.205522537231445,11.507037257875862,11.153699357651405,11.245567292582392,255967200
2009-07-13,11.42223834991455,11.474061535997448,11.17019068801386,11.212590863955645,244554000
2009-07-20,11.528239250183105,11.667218875080012,11.358637201680022,11.46228222404883,267264600
2009-07-27,11.749667167663574,11.879223812187176,11.43166241165848,11.565931236180361,224167500
2009-08-03,11.610685348510742,11.843888343520824,11.483483469800275,11.82975450191359,242370000
2009-08-10,12.26650333404541,12.37545630190037,11.608058340729496,11.695692891523572,290974500
2009-08-17,12.16465950012207,12.339928612316365,12.067550242010213,12.15044812473568,224172300
2009-08-24,12.11017894744873,12.448876052341438,11.987017349502942,12.202550145908072,223511400
2009-08-31,12.240448951721191,12.339925846587608,11.994123017803608,12.08412656804991,230595600
2009-09-07,12.013069152832031,12.268867006581305,11.989383087176742,12.249918967219482,204528900
2009-09-14,11.868592262268066,11.979912869596333,11.783325385266181,11.930174422708163,335292900
2009-09-21,11.717010498046875,12.150447954354348,11.705168137148062,11.849646837493443,246379500
2009-09-28,11.624639511108398,11.771487228789464,11.541741627825077,11.747801151228973,274633500
2009-10-05,11.835433959960938,11.849643976445764,11.570159989845777,11.60568706396435,224295300
2009-10-12,12.131494522094727,12.176496286701937,11.717005298223446,11.84964157880811,274535700
2009-10-19,11.94675350189209,12.316239689681982,11.837801907884787,12.16228767613246,270822600
2009-10-26,11.766744613647461,11.987016781946581,11.75253459897561,11.979911096975238,239717100
2009-11-02,12.138603210449219,12.162289285512754,11.728851865902982,11.797538366463437,224446200
2009-11-09,12.600461959838867,12.728361600756175,12.176499289025948,12.23571108184243,303912600
2009-11-16,12.856261253356934,12.996004622966952,12.508090724546394,12.635990379062756,236512200
2009-11-23,12.939157485961914,13.048109079886842,12.811259202941558,12.974685916193433,117372000
2009-11-30,12.846783638000488,13.045738740600349,12.778097160695404,12.915470115305572,169517100
2009-12-07,13.00916862487793,13.092483161293728,12.79730811937525,12.887765536295976,184199400
2009-12-14,12.580687522888184,12.997267030965743,12.452142911132514,12.992505110452266,266878800
2009-12-21,12.759224891662598,12.794932494749357,12.599734563490493,12.602115524398204,115480800
2009-12-28,12.723517417907715,12.942518126495933,12.7163758979823,12.804452373552992,93753900
2010-01-04,12.694950103759766,13.013930698180731,12.621155313109995,12.792549050442455,212833800
2010-01-11,12.778267860412598,13.140096260453971,12.640202100923238,12.694951940139855,225764700
2010-01-18,12.602113723754883,12.916332413386774,12.542601968517431,12.833016500896575,190115100
2010-01-25,12.718751907348633,12.890144250875066,12.49974989845667,12.64971905035809,246060900
2010-02-01,12.723517417907715,12.973465166874613,12.559265183834487,12.763984214677528,230916000
2010-02-08,12.592589378356934,12.763981736979865,12.535458592149292,12.706850950772221,178071900
2010-02-15,12.733034133911133,12.91394758174942,12.592587468851121,12.67352375861803,227559900
2010-02-22,12.871097564697266,12.921086815952068,12.675901116439247,12.740173400082545,198967200
2010-03-01,12.887768745422363,12.89491026560021,12.652104027976195,12.86396322412764,181285500
2010-03-08,12.902953147888184,13.046585823251503,12.814378888537268,12.92928448091484,161970300
2010-03-15,13.24767017364502,13.470299591831898,13.010677213695702,13.020251995015505,245935200
2010-03-22,13.288369178771973,13.405670559765742,13.197403248831932,13.240492517728073,143048100
2010-03-29,13.283577919006348,13.41763306498775,13.206972825929999,13.285970929245138,115418400
2010-04-05,13.183040618896484,13.381731789561703,13.077709765625798,13.333855125190123,170778000
2010-04-12,12.953228950500488,13.216554705926361,12.888594359727932,13.17107105427963,229150800
2010-04-19,13.053767204284668,13.123189167002108,12.90774150756415,12.92689244106492,178272600
2010-04-26,12.840719223022461,13.094470251006156,12.811993492746744,13.053773982516741,235287600
2010-05-03,12.543869018554688,13.154305648729897,12.335601839525731,12.898160469197144,301783200
2010-05-10,12.549330711364746,12.819002796715559,12.479505432504734,12.77566182825838,274290000
2010-05-17,12.368744850158691,13.110339827517798,12.161675970626034,12.619153311206885,364189200
2010-05-24,12.173714637756348,12.409677489564773,12.038880690637892,12.289287773349697,254094600
2010-05-31,12.135190963745117,12.539698339546344,12.091851379816603,12.23150191566433,192811200
2010-06-07,12.245943069458008,12.443381460146817,12.115923001867786,12.14963216341708,258674700
2010-06-14,12.412089347839355,12.498769922943216,12.253176567513444,12.30614795353575,246614100
2010-06-21,11.749944686889648,12.491539549696258,11.749944686889648,12.450608264819882,313235100
2010-06-28,11.557328224182129,11.983504812668116,11.50194924037038,11.812551967963373,255397500
2010-07-05,11.901633262634277,11.930525848406294,11.595845244918692,11.879962790000256,175977000
2010-07-12,11.95942211151123,12.205015337626818,11.923304650176423,11.985906412836387,196640400
2010-07-19,12.44097900390625,12.474688181260388,11.81977233537912,11.971462944602488,196564800
2010-07-26,12.325404167175293,12.467462972869242,12.159266593688567,12.44097729271542,176753100
2010-08-02,12.469871520996094,12.469871520996094,12.267619213640096,12.412084950645735,144923400
2010-08-09,12.206016540527344,12.709757833945636,12.109144867147979,12.552338593141073,153929100
2010-08-16,12.162419319152832,12.50147558832855,12.109140196500917,12.150310364650986,207135000
2010-08-23,12.351325035095215,12.542648779588061,12.203593814472162,12.247186338341956,210104100
2010-08-30,12.603191375732422,12.61530032971637,12.138200891000272,12.356164834273228,204337800
2010-09-06,12.586240768432617,12.729128661437418,12.47725739671824,12.61045867957753,104981700
2010-09-13,12.838107109069824,12.915605511999177,12.595923907025218,12.654049095002987,182430000
2010-09-20,13.097245216369629,13.17232128972588,12.857484310586036,12.85990665583535,136964400
2010-09-27,12.922882080078125,13.080299977930435,12.847804572688322,13.05608205299653,146412000
2010-10-04,13.177167892456055,13.276461889590538,12.869595132868028,12.918032344416089,133007100
2010-10-11,12.920456886291504,13.257092343293124,12.818740515356431,13.203810425771563,191374800
2010-10-18,13.092399597167969,13.160210008569747,12.867168645353638,12.896231240083535,133784700
2010-10-25,13.11904525756836,13.254667522085365,12.968891689693478,13.121466217607098,142480500
2010-11-01,13.368490219116211,13.494425847305395,13.082714442570177,13.089980092829274,149262300
2010-11-08,13.109352111816406,13.370909926414788,13.04396265816681,13.298254823939592,163407000
2010-11-15,13.172324180603027,13.404820873225871,12.971312440006978,13.119045045454522,214242600
2010-11-22,13.01490592956543,13.223183315004725,12.971312021602813,13.12631027361218,113461800
2010-11-29,13.228026390075684,13.29583682497794,12.939828230842604,12.993108749125193,216297600
2010-12-06,13.218385696411133,13.476520055482865,13.184293662289226,13.364499589730631,179365800
2010-12-13,13.250043869018555,13.332840993067816,13.15019933562853,13.22569062616679,199557300
2010-12-20,13.052790641784668,13.286571742097095,12.940770182856978,13.286571742097095,127284000
2010-12-27,13.13315486907959,13.213516260290502,12.962689116233342,13.043050507444256,101075100
2011-01-03,13.16968059539795,13.41076751835536,13.09175356549031,13.206209761570411,192667200
2011-01-10,13.34745979309082,13.481396429848768,13.038185845257512,13.064973451298304,174621600
2011-01-17,13.571492195129395,13.702993004609052,13.32309945481484,13.420508235972987,159001500
2011-01-24,13.807710647583008,14.099937055164231,13.466779142015534,13.488696645126161,208613700
2011-01-31,13.644554138183594,13.77849214602536,13.488700015201008,13.746834451475245,182904900
2011-02-07,13.561756134033203,13.815019068012358,13.466781662887467,13.654294862117778,148397700
2011-02-14,13.486262321472168,13.532531681721418,13.235435151116315,13.457040374362185,214545900
2011-02-21,12.602275848388672,13.152635234435497,12.546264916018961,13.10393152988315,278030100
2011-02-28,12.680203437805176,12.809269932574923,12.585230373761066,12.60227639240114,224789100
2011-03-07,12.896598815917969,13.212943174791203,12.690605867691811,12.815672764255522,207540900
2011-03-14,12.634202003479004,12.879431563349467,12.499326657638127,12.837743534452095,189497100
2011-03-21,12.837743759155273,12.984880375083236,12.5998712362707,12.68570151356707,160066800
2011-03-28,12.783795356750488,12.933384814400476,12.72494041915644,12.827936209142925,133432200
2011-04-04,12.884333610534668,13.055995536301058,12.766623778476474,12.827931508877906,145062000
2011-04-11,13.132018089294434,13.23256244681258,12.850004728501109,12.884335716052767,136826100
2011-04-18,13.139372825622559,13.2301073113444,12.975069344943703,13.016757366290246,86727900
2011-04-25,13.482695579528809,13.526836420826163,13.053544223767735,13.14427872101698,141482700
2011-05-02,13.492505073547363,13.681331123377632,13.40667479576776,13.507219156186645,139907400
2011-05-09,13.7545747756958,13.831098187514689,13.502785969877513,13.569436030976266,127878900
2011-05-16,13.648427963256836,13.939712985776882,13.564498835368568,13.727420415974375,170012400
2011-05-23,13.502788543701172,13.70026972071186,13.376894116794759,13.574375293805446,122595000
2011-05-30,13.24605941772461,13.631148314605078,13.093011193964609,13.547217777787276,144465000
2011-06-06,13.014019966125488,13.404045574575449,13.00661424674078,13.295430240261757,176212200
2011-06-13,13.038704872131348,13.154724514368834,12.784447016807366,13.060922030483797,206923500
2011-06-20,12.93749713897705,13.255936059218927,12.922687110416804,13.00908529992034,226779300
2011-06-27,13.209031105041504,13.24359065549539,12.870844144342522,12.915278457424566,148456800
2011-07-04,13.34973430633545,13.529936329429889,13.088070804479928,13.167064652442779,117732900
2011-07-11,13.238656044006348,13.433668158221455,13.176942652325998,13.285557995683945,158679300
2011-07-18,13.458351135253906,13.507722124440638,13.12757129893834,13.184346594631434,129227400
2011-07-25,13.01154899597168,13.42872837624199,13.001675646584719,13.337393538179093,160232700
2011-08-01,12.55240535736084,13.080667669932629,12.241372261758205,13.031296687100586,302259300
2011-08-08,12.369708061218262,12.762556504869039,12.011670594147912,12.630777581141635,362383800
2011-08-15,13.00373649597168,13.11313756858666,12.255338747935095,12.402034864733507,312060000
2011-08-22,13.152915954589844,13.299612031643603,12.916711226660707,12.988815812842082,191304000
2011-08-29,12.936603546142578,13.314533468177066,12.921686382942264,13.20513240175347,175480500
2011-09-05,12.770020484924316,13.115624977507474,12.648187713021475,12.799856240110042,153444600
2011-09-12,13.090761184692383,13.215080858276092,12.635755618246506,12.64321491247872,243574500
2011-09-19,12.630781173706055,13.157892750398378,12.416954248200659,12.973901577611127,185841900
2011-09-26,12.90428352355957,13.142976678735305,12.630782224436182,12.665591791098784,174831000
2011-10-03,13.351825714111328,13.433876496745954,12.837145989546201,12.899305802697981,215208900
2011-10-10,13.789429664611816,14.020662027119158,13.473659607414994,13.473659607414994,197118900
2011-10-17,14.152443885803223,14.276762138434501,13.545768365892915,13.622845369527026,189510600
2011-10-24,14.209623336791992,14.41101992257869,14.060441787209237,14.14249114152976,176180400
2011-10-31,14.296650886535645,14.304108756253646,13.84412948948584,14.067903994318982,146313000
2011-11-07,14.719337463378906,14.769064195387084,14.18476655800144,14.256871173042253,181137300
2011-11-14,14.229525566101074,14.664640261168234,13.988345454594572,14.622371391158865,172634700
2011-11-21,14.144981384277344,14.254382446142365,14.00325766941982,14.154927582044436,89846100
2011-11-28,14.443349838256836,14.706906365618808,14.172335438968798,14.304112991292294,164810700
2011-12-05,14.591136932373047,14.811304763346504,14.378475001860567,14.576125131451098,174241800
2011-12-12,14.578630447387695,14.633674210884791,14.365968454098747,14.47855556264424,160394100
2011-12-19,15.008956909179688,15.01145792169468,14.41350118998356,14.586132612498043,122908800
2011-12-26,14.95141315460205,15.008957920386667,14.846333400183932,14.99894957483984,63316800
2012-01-02,14.761271476745605,15.276663424677627,14.603650386055726,15.003955645578383,129299100
2012-01-09,14.896371841430664,15.011459949185848,14.7412532119871,14.76877437459841,104753700
2012-01-16,15.264152526855469,15.324199741340417,14.891368470422545,14.97893541607391,102074400
2012-01-23,15.189094543457031,15.511841124438645,15.139055681278174,15.214113258744351,102408600
2012-01-30,15.519351959228516,15.669467175732802,15.099031357263238,15.129054973206015,130402500
2012-02-06,15.486822128295898,15.551871365518103,15.319194146527659,15.47431276972273,92337300
2012-02-13,15.631938934326172,15.654455214457952,15.409268556947177,15.514348348508253,91890000
2012-02-20,14.708730697631836,15.136558569975197,14.563620393639907,15.094025597741025,231993600
2012-02-27,14.763772010803223,14.866350767079082,14.583634649863205,14.686213406139064,181911300
2012-03-05,15.132087707519531,15.162312276240044,14.797105463072043,14.849998458332943,143140500
2012-03-12,15.323506355285645,15.482181019810678,15.134607121601494,15.154756353978646,124555500
2012-03-19,15.300841331481934,15.333583661228692,15.1698720124949,15.258023662712349,108404100
2012-03-26,15.414182662963867,15.489742671550351,15.268101036567344,15.338622654377382,102970500
2012-04-02,15.280684471130371,15.487215126783253,15.116971462885465,15.383949798956813,105079200
2012-04-09,15.054004669189453,15.210161538068979,14.99859537606595,15.16734533161838,114578400
2012-04-16,15.729001998901367,15.739075889245743,15.07918851255006,15.096818541245733,122566800
2012-04-23,14.867627143859863,15.172384791871352,14.401675653829727,14.897851709831674,390691500
2012-04-30,14.784507751464844,14.940663155194809,14.729097025658122,14.814730866604583,115747200
2012-05-07,15.067410469055176,15.125732055323697,14.775798184813972,14.846799764673753,135910200
2012-05-14,15.830666542053223,15.88138215413245,14.94061937543512,14.983727573154164,220570800
2012-05-21,16.56096649169922,16.609144376390084,15.757134069010059,15.817991948108633,181167300
2012-05-28,16.621824264526367,16.90329140944535,16.515321888560067,16.583787183479018,156248400
2012-06-04,17.298870086669922,17.301406375983635,16.5837888516773,16.710577199967336,193872000
2012-06-11,17.1796817779541,17.364793093236553,16.979358537187466,17.341970852112865,158893500
2012-06-18,17.065582275390625,17.410445103495366,17.037690345364886,17.108690491645355,137080800
2012-06-25,17.67923927307129,17.67923927307129,17.004729692572816,17.004729692572816,152046000
2012-07-02,18.095090866088867,18.095090866088867,17.534690040237436,17.648799816762736,120808800
2012-07-09,18.556596755981445,18.57181158632202,18.008874471449396,18.069732341845615,165295200
2012-07-16,18.320772171020508,18.627599278295506,17.808552098524864,18.49066870019353,173046000
2012-07-23,18.89638900756836,18.96738913881816,18.069734361898686,18.16102190318128,120504000
2012-07-30,18.90399742126465,19.078963646076854,18.495741929391958,18.881175171997974,132001500
2012-08-06,18.784435272216797,19.10056898249232,18.720699695897093,19.10056898249232,93717600
2012-08-13,18.35356330871582,18.998575886119056,18.300023423737507,18.715585186484496,146596500
2012-08-20,18.384166717529297,18.460650852983267,18.190407102221048,18.358671033168942,93117300
2012-08-27,18.509092330932617,18.6161692543865,18.37396971465311,18.399465401181768,77828100
2012-09-03,18.820131301879883,19.072528020361325,18.501448989118405,18.552437458929482,88854300
2012-09-10,18.993486404418945,19.16940034922598,18.738541237673214,18.837969590117616,96097200
2012-09-17,18.980741500854492,19.143906880840028,18.784431876597523,18.95779582223894,98700300
2012-09-24,18.815025329589844,19.133707516723604,18.71814552456289,18.917003687825186,81163200
2012-10-01,19.15410614013672,19.248437412503264,18.77168687311763,18.815028229101888,81808500
2012-10-08,19.327470779418945,19.582415993781893,18.899160135071835,19.161755368913383,145718400
2012-10-15,19.279024124145508,19.78381728094175,19.230584229421293,19.34276113484858,113227200
2012-10-22,19.14900779724121,19.319821757843638,18.99603950522176,19.294327528778314,74166900
2012-10-29,18.552431106567383,19.29432534233187,18.53713544614975,19.18469696038389,84174900
2012-11-05,18.43515396118164,18.937398632676963,18.33572561277319,18.524385203564666,92821500
2012-11-12,17.343984603881836,18.509089291976405,17.29809470976666,18.424956603754055,173332500
2012-11-19,17.897212982177734,17.90741154418017,17.24710024243011,17.37457424398881,103214400
2012-11-26,18.361221313476562,18.3867169982177,17.665218442196277,17.879373732903122,147172800
2012-12-03,18.532333374023438,18.611806111921872,18.22726467545166,18.48618881238158,137608800
2012-12-10,17.624818801879883,18.637443916321903,17.622254644368432,18.478499889526574,205932900
2012-12-17,17.599178314208984,17.85810243156494,17.476125181193733,17.678651046099493,165036000
2012-12-24,17.332561492919922,17.64019429528935,17.31461532929697,17.563285727969767,65685900
2012-12-31,17.704280853271484,17.778625246348078,17.271030874960502,17.301794881424506,98254200
2013-01-07,17.594045639038086,17.696589882583044,17.360757301609738,17.64531702735628,104405400
2013-01-14,17.740175247192383,17.783755642506264,17.458178154905706,17.558158262058694,94784100
2013-01-21,17.688899993896484,17.945259885434137,17.670955300237793,17.701717841782504,87660000
2013-01-28,18.070871353149414,18.08368772898094,17.637620053865756,17.7094017334972,111306900
2013-02-04,18.324676513671875,18.365692748335206,17.722227371560095,17.80170008517389,135768300
2013-02-11,17.765811920166016,18.381077536927435,17.4658686484495,18.265715417148286,142313700
2013-02-18,18.04780387878418,18.32210990469311,17.50944551753245,17.737607002076764,168702600
2013-02-25,18.391334533691406,18.44773425425325,18.058064524487126,18.07344653316928,176940300
2013-03-04,18.842824935913086,19.126641388128125,18.45064271196295,18.45322341181299,117850200
2013-03-11,18.706083297729492,19.144707888715484,18.688021347228233,18.858310668518648,126529500
2013-03-18,19.165340423583984,19.16791964651198,18.57964569764781,18.651890514338408,92023800
2013-03-25,19.307254791259766,19.379499633806425,19.12406493741516,19.129224861490457,91259100
2013-04-01,19.709754943847656,19.78457899713775,19.325313354681555,19.35111444691134,107701800
2013-04-08,20.269649505615234,20.344473567386096,19.565268978021038,19.634933116035675,116429700
2013-04-15,20.199983596801758,20.455418255005487,19.76651903544423,20.238686712513175,134123700
2013-04-22,20.39348602294922,20.512173066407804,19.996142571055024,20.199974956284994,94634400
2013-04-29,20.44767951965332,20.47089991317447,19.962611286378397,20.403816479755474,91519800
2013-05-06,20.476879119873047,20.546961090275392,20.188764187638068,20.531386989024195,95199900
2013-05-13,20.21212387084961,20.754609314780893,20.07455611865883,20.453516481790782,145579800
2013-05-20,20.0667724609375,20.292591009934327,19.765679577046882,20.214721981400594,113208000
2013-05-27,19.425647735595703,20.256246524275483,19.4204568644734,20.121274963728915,83745600
2013-06-03,19.81239891052246,19.952562854299618,19.373738284164656,19.48275551000693,127006200
2013-06-10,19.433435440063477,19.895455660536005,19.352970251429987,19.799417858010603,93180000
2013-06-17,19.080427169799805,19.71635561214192,18.95064649156225,19.467175997016533,135550800
2013-06-24,19.334796905517578,19.755288571349062,18.922092287411957,18.961027526041253,132088800
2013-07-01,19.521684646606445,19.643679766410127,19.23097508379641,19.464582096403838,63553200
2013-07-08,20.149829864501953,20.180978066146047,19.64368346960944,19.64368346960944,78807600
2013-07-15,20.26663589477539,20.28999704974844,19.908440429891424,20.06417700736036,77765700
2013-07-22,20.245872497558594,20.424970243966808,20.01226687052426,20.21732046766332,76831200
2013-07-29,20.440540313720703,20.440540313720703,20.16540478573491,20.201742375494046,75996300
2013-08-05,20.081552505493164,20.629942512335695,20.008434535229252,20.530711087995147,79998000
2013-08-12,19.352964401245117,20.20949893839912,19.24589870478518,19.992754109662958,118392300
2013-08-19,19.178016662597656,19.3582019214163,19.04483592906933,19.29291827358167,88582200
2013-08-26,19.057893753051758,19.258968579561433,18.86203982516302,19.23024467166497,80696400
2013-09-02,18.956043243408203,19.214570291663225,18.851587945842862,19.1884568408335,66885600
2013-09-09,19.418258666992188,19.46004078638737,18.984768804705546,19.02393898129611,80958900
2013-09-16,19.80213737487793,19.98493456971101,19.50444006808341,19.559278927683966,93993600
2013-09-23,19.418258666992188,20.03715761799899,19.209348070016272,19.68723050025626,110233500
2013-09-30,19.010887145996094,19.480936857227498,19.008275202519595,19.397372596941633,98194200
2013-10-07,19.538381576538086,19.55143830136174,18.67401234729642,18.91164832527818,110362200
2013-10-14,19.77079963684082,19.87786540231834,18.72102258563263,19.413039617588673,101986200
2013-10-21,19.867414474487305,20.04498771045454,19.538379955787722,19.77340397161046,91517400
2013-10-28,20.125944137573242,20.272181554652906,19.859582754330816,19.888308148037986,86533500
2013-11-04,20.358360290527344,20.44192304509835,20.03454807923567,20.165116844451575,86280600
2013-11-11,20.687393188476562,20.76834548750299,20.285239153507607,20.332243666031133,108649500
2013-11-18,20.84146499633789,20.85713366642222,20.496763219962332,20.690005170180346,70746300
2013-11-25,21.154842376708984,21.24363055907846,20.867591239005463,20.906761441170282,58406100
2013-12-02,20.996931076049805,21.372531987140324,20.71588642809541,21.246455967662357,98592300
2013-12-09,20.508392333984375,21.12563991004268,20.468994128129886,21.07573611713841,82346700
2013-12-16,20.337663650512695,20.618709895157092,20.174815028631304,20.55304321322635,114210600
2013-12-23,20.61082649230957,20.731648237112516,20.321901857415018,20.416458136212533,37245000
2013-12-30,20.658105850219727,20.87348538946923,20.579307944610623,20.647598761430825,56343000
2014-01-06,20.497880935668945,20.726394689841722,20.353419374954065,20.71326195731718,88035900
2014-01-13,20.011964797973633,20.513641817873374,19.969937947719416,20.38231298326823,101642100
2014-01-20,19.547054290771484,20.064491071495294,19.49714901456206,20.027720028346977,90491700
2014-01-27,19.615346908569336,19.804460945094068,19.342182189144722,19.47088385799469,122470500
2014-02-03,19.371074676513672,19.568068666464285,18.982340991876633,19.486645125207843,112803600
2014-02-10,19.90690040588379,19.959432842757206,19.16357686959276,19.329052617946264,84642600
2014-02-17,19.205610275268555,19.870137689457035,19.124186692341773,19.828112323505348,108522600
2014-02-24,19.620603561401367,19.74930675852195,19.197722916243794,19.237122620946554,116157600
2014-03-03,19.715463638305664,19.95602502824983,19.517198723238682,19.691671303946773,85732200
2014-03-10,19.63616180419922,20.138432934954402,19.57535966243148,19.69960653084277,104711100
2014-03-17,20.11728286743164,20.360486874511075,19.52513213915297,19.641446704458406,123849000
2014-03-24,20.093488693237305,20.495305222127413,20.03004397814939,20.146360045464558,101571600
2014-03-31,20.437156677246094,20.593125185121497,20.096140633317635,20.183377717850565,88033200
2014-04-07,20.2230281829834,20.70150702793206,20.16751422999397,20.41600648218046,112892400
2014-04-14,20.52967071533203,20.553463048739818,20.207158972805033,20.33933658599335,72918000
2014-04-21,20.783451080322266,20.825747556613948,20.402782793697135,20.463583411125935,79820700
2014-04-28,20.915632247924805,21.14562033877223,20.838970055189556,20.846900835492054,93372300
2014-05-05,21.06639289855957,21.087672063319655,20.62218938293913,20.975956828830697,78099300
2014-05-12,20.483882904052734,21.111619250140993,20.28173152748621,20.999903975669852,108754200
2014-05-19,20.111494064331055,20.51579828796345,20.01307809488185,20.5104788760488,84658200
2014-05-26,20.420045852661133,20.43068467808843,20.026380393727642,20.13809719275326,61128000
2014-06-02,20.537071228027344,20.63814610428057,20.31097880392006,20.369496878912667,80065800
2014-06-09,20.023714065551758,20.683369753175082,19.98115725429218,20.49983713121781,71084100
2014-06-16,20.130115509033203,20.28970853018872,19.927962623962337,19.978500845230055,101153400
2014-06-23,20.0396785736084,20.27109051687536,19.861465320543022,20.09819667622822,105362400
2014-06-30,20.148733139038086,20.228530406366225,19.882744277285994,20.05563658082297,61497300
2014-07-07,20.4333438873291,20.63283631086955,20.095536087704634,20.1327750184203,87445800
2014-07-14,20.505157470703125,20.547715805895496,20.33226366323182,20.515796293498155,68242800
2014-07-21,20.20725440979004,20.49718295387136,20.162035596068364,20.41738567401226,69035400
2014-07-28,19.560894012451172,20.217889307440835,19.47577885834588,20.063615712490268,118908300
2014-08-04,19.992311477661133,20.02979573647294,19.483601351605547,19.646923761816556,107886300
2014-08-11,19.78615379333496,19.986960497280872,19.67638052405447,19.890572605292064,85043100
2014-08-18,20.276123046875,20.401961222676846,19.826314917972745,19.85309026919251,70080900
2014-08-25,20.21453857421875,20.38856989323578,20.158311421269726,20.329666278168506,56463300
2014-09-01,20.752702713012695,20.811606338720598,20.190444870252957,20.193121332854698,67097700
2014-09-08,20.286821365356445,20.701821474110094,20.257369566821733,20.650950325007663,86620800
2014-09-15,20.573312759399414,20.634894371918513,20.241313472382014,20.28950664545927,90516600
2014-09-22,20.479604721069336,20.69915276358983,20.233281331288588,20.559926166749978,84929100
2014-09-29,20.701824188232422,20.74466442701725,20.254695761022614,20.364468989553544,83597400
2014-10-06,20.96154022216797,21.250702338766065,20.54118548736402,20.62953938696522,113242200
2014-10-13,19.83969497680664,21.05256563224639,19.440758192139537,20.89192125297229,188906700
2014-10-20,20.450157165527344,20.525125707813842,19.791511319578877,19.85041495537058,96344100
2014-10-27,20.420692443847656,20.723241352839885,20.340371026196202,20.436757340191082,81869400
2014-11-03,21.090051651000977,21.173052607215105,20.238631926556643,20.442116560337777,100781400
2014-11-10,22.211894989013672,22.262766154152164,20.996344546078063,21.04453924907239,175449300
2014-11-17,22.664379119873047,22.9294438539162,22.09676539407594,22.110152300679815,122225700
2014-11-24,23.438154220581055,23.585411726862496,22.59476530704209,22.717926993987138,79303200
2014-12-01,22.648300170898438,23.442550896140286,22.48406380769119,23.348319038721993,107259000
2014-12-08,22.56483268737793,22.885224968036596,22.252516189584874,22.656373118910132,105570300
2014-12-15,22.928308486938477,23.246009408195672,22.330600313517287,22.685993363275493,123332400
2014-12-22,23.399478912353516,23.461404569100736,22.963314062368696,22.971391388926705,47608500
2014-12-29,23.127540588378906,23.54216780549707,23.03330719996987,23.27831370171498,46572600
2015-01-05,24.056413650512695,24.411808223579275,23.022539229133614,23.07908050031975,134755800
2015-01-12,23.361780166625977,24.492580989924292,23.216392941903106,24.05910764911171,136091400
2015-01-19,23.830251693725586,24.03218017067025,23.033308064742698,23.375240922480366,92149500
2015-01-26,22.879846572875977,24.005259975553386,22.858306012421068,23.776408082086352,100281000
2015-02-02,23.512557983398438,23.692945945982963,22.597148771236967,22.828692104029187,104554200
2015-02-09,23.103313446044922,23.534095400487843,22.947155931172137,23.415630016382774,88740000
2015-02-16,22.696765899658203,23.23524143812125,22.225598840632827,23.001005156611953,130821300
2015-02-23,22.59714698791504,22.84753790820849,22.419448913661654,22.720995200125724,91506000
2015-03-02,22.236371994018555,22.615997105097954,22.13136828758449,22.59715103653949,91395600
2015-03-09,22.183034896850586,22.573067468434957,21.814672265208333,22.369926117548612,81394500
2015-03-16,22.545988082885742,22.613700850446975,21.982608247731694,22.3320117077929,123454800
2015-03-23,22.034061431884766,22.724742213738665,21.844462664329168,22.529726737070252,97485900
2015-03-30,21.86613655090332,22.491812331252227,21.784879694390565,22.12886638202813,76175400
2015-04-06,21.844467163085938,22.044899390145158,21.70904010830367,21.793004541302654,87256200
2015-04-13,21.094196319580078,21.9338483407876,21.004815182527928,21.776751356254344,108804300
2015-04-20,21.62506866455078,21.920301770202556,21.004811329437107,21.23232860002947,110937600
2015-04-27,21.289213180541992,21.630490695797395,21.01564841246534,21.606113176905783,96749100
2015-05-04,21.40449333190918,21.682509291875075,21.033805905163597,21.527148624549948,86670600
2015-05-11,21.5980167388916,21.663432172563265,21.224603053489076,21.347256796670077,100207500
2015-05-18,20.6767520904541,21.788816231115405,20.594982393118315,21.633453962140134,164616000
2015-05-25,20.243371963500977,20.668573103658073,20.210665023288108,20.65221885373808,86883900
2015-06-01,19.913564682006836,20.496854192485856,19.891761099168395,20.357846214316517,111466500
2015-06-08,19.741851806640625,20.079832329533538,19.717320433976358,20.014416895389132,131433000
2015-06-15,19.826343536376953,20.02804069255005,19.542875155232814,19.679158450682362,127240800
2015-06-22,19.65735626220703,19.949000250013302,19.578311252741603,19.891761943565623,101685600
2015-06-29,19.58648681640625,19.77728219578628,19.17764002048526,19.57013257025899,109951200
2015-07-06,19.92991828918457,20.13161702023548,19.455656065878337,19.455656065878337,135071700
2015-07-13,20.00351333618164,20.207936760720493,19.949001254772323,20.03622027310184,81245100
2015-07-20,19.510175704956055,20.120719862303496,19.488368996852117,19.992615199863135,86076900
2015-07-27,19.619197845458984,19.7963636695393,19.354809883857726,19.455658482094282,96787500
2015-08-03,19.55282974243164,20.222428549643865,19.530875708921016,19.71474093585704,101658600
2015-08-10,19.862932205200195,19.969957535910396,19.5253887241373,19.621436252318123,105766800
2015-08-17,18.260284423828125,19.821767163875833,18.260284423828125,19.71199542973889,212578200
2015-08-24,17.82120132446289,18.161488000627333,16.877176474444468,17.49189087804114,237554100
2015-08-31,17.533058166503906,17.8404146545383,17.3629140037729,17.788273625462196,146519700
2015-09-07,17.741621017456055,18.389265842083493,17.516592548846717,17.90078895063109,149274600
2015-09-14,17.382122039794922,17.91725180020485,17.360168006394904,17.741619533004723,118383600
2015-09-21,17.50286865234375,17.689478706921722,17.266862419012515,17.49463569417217,107748600
2015-09-28,17.832181930541992,17.832181930541992,17.35193800050335,17.453475216784597,119804700
2015-10-05,18.301450729370117,18.392011718664104,17.87609107647212,17.89530183980654,100727100
2015-10-12,16.160932540893555,18.647230338039275,16.0182320649322,18.29596569533216,503547000
2015-10-19,15.999017715454102,16.45456590979297,15.977065250477878,16.133486770230494,206928600
2015-10-26,15.708124160766602,16.04017946981938,15.68617012967905,16.02645839667418,185540700
2015-11-02,16.130741119384766,16.246000976398246,15.579145422422927,15.72184742955926,149602200
2015-11-09,15.483099937438965,16.130743245180703,15.450168096730497,16.053904900655265,140434800
2015-11-16,16.484752655029297,16.868949087871336,15.466633992329799,15.47486695249374,230447400
2015-11-23,16.43535614013672,16.66861915277635,16.427123180135172,16.545126323029727,108576000
2015-11-30,16.509374618530273,16.620064249025607,16.138563960513558,16.567486476611652,201039000
2015-12-07,16.426361083984375,16.80547375647793,16.27416181456773,16.484472956514452,156178800
2015-12-14,16.28522491455078,16.83590672770451,16.257551323787457,16.409750530983818,205000800
2015-12-21,16.833133697509766,16.913383444064756,16.235409973080422,16.276917971268947,86743200
2015-12-28,16.963197708129883,17.12093099186238,16.741820077598767,16.763956415565744,76791300
2016-01-04,17.58306884765625,18.10054318650755,16.703085688090894,16.74182746348264,258233100
2016-01-11,17.13753890991211,17.91236792672001,16.952133576139296,17.643943388655586,200054100
2016-01-18,17.34785270690918,17.505584469341787,16.658809038264103,17.226093299556624,155121300
2016-01-25,18.363426208496094,18.41046830745801,17.309106190138095,17.37275212799445,180588900
2016-02-01,18.540525436401367,18.79788015315054,17.98984524611725,18.238896461145927,202979400
2016-02-08,18.31361961364746,18.58204260867301,17.898533030306396,18.402172917073628,197932500
2016-02-15,17.89299201965332,18.485181813829062,17.253758548647696,18.432604052498323,201732300
2016-02-22,18.404935836791992,18.87260011714735,17.89299570445374,17.89299570445374,158628300
2016-02-29,18.47965431213379,18.61801597451651,17.953878094963923,18.43814470501825,152392800
2016-03-07,18.725183486938477,19.09037759416808,18.474288403730146,18.57185906834495,147704400
2016-03-14,18.663848876953125,19.213030839719504,18.60809354514788,18.71960261360683,172465800
2016-03-21,18.956560134887695,19.14612474724265,18.66942329640534,18.686148459741492,88036800
2016-03-28,19.252063751220703,19.29109233276492,18.797663995450478,18.937049963649077,96566700
2016-04-04,18.973283767700195,19.338476124413305,18.917530037440883,19.235330447312492,91774800
2016-04-11,19.252063751220703,19.352421137875087,18.783723962993907,18.95935178236693,109272900
2016-04-18,19.157278060913086,19.536408912629724,19.02346717207192,19.249272050021627,99202500
2016-04-25,18.64154624938965,19.483440078286332,18.499371993917737,19.10988431647005,103703400
2016-05-02,19.026254653930664,19.0290413839219,18.521676273376855,18.571854959887606,112434600
2016-05-09,18.236064910888672,19.412674847415975,18.15462750888653,19.165558721546613,158804400
2016-05-16,19.617666244506836,19.69629328623882,17.61265498812815,18.213596777747185,280541100
2016-05-23,19.86758804321289,20.044501686426834,19.49972348566924,19.544653679686988,121977900
2016-05-30,19.901283264160156,19.95182932252395,19.699097423874754,19.819847501565647,85482900
2016-06-06,19.977108001708984,20.103473981690865,19.84793328181372,20.083817622789013,108305100
2016-06-13,19.92375373840332,20.109092013842563,19.71314323037193,19.937795831525317,149266500
2016-06-20,20.207374572753906,20.42079218804912,19.8001924855592,20.024845059453288,133096200
2016-06-27,20.44606590270996,20.55277551313766,19.84512416768396,20.117512459358306,129695100
2016-07-04,20.735313415527344,20.77462775519151,20.409570161590292,20.429226528006758,116195100
2016-07-11,20.68756675720215,20.87851928078917,20.482572141829444,20.68756675720215,121324500
2016-07-18,20.653867721557617,20.830781361998035,20.53873349863069,20.679141557857807,72737700
2016-07-25,20.490997314453125,20.799892812404668,20.350590854231715,20.653868872583182,79996800
2016-08-01,20.712841033935547,20.777429199307647,20.36182405488212,20.446068579767527,87929700
2016-08-08,20.891393661499023,21.14868376424594,20.65106813247473,20.92249645854437,112025700
2016-08-15,20.586029052734375,21.258941165698534,20.354185927370246,20.868764255796975,227842200
2016-08-22,20.113862991333008,20.679335130265446,20.04317836728009,20.65671624470815,150920700
2016-08-29,20.498382568359375,20.693470224603832,20.102551321962462,20.11385995411834,118194600
2016-09-05,19.876358032226562,20.66236609622028,19.876358032226562,20.57188896279834,123069000
2016-09-12,20.602998733520508,20.62844396977266,19.995115145690836,20.014906064757,139751100
2016-09-19,20.455974578857422,20.602998146315585,20.218475467680495,20.537967838123762,99226500
2016-09-26,20.39094352722168,20.49555566030361,19.966839060693744,20.44466195948255,109372200
2016-10-03,19.423986434936523,20.51817685858977,19.27413651832684,20.308950950989722,154966500
2016-10-10,19.35330581665039,19.497501434050946,18.963128773989258,19.43812705356199,126391200
2016-10-17,19.322206497192383,19.604941823595766,19.169528579662597,19.40985409245468,109839000
2016-10-24,19.788721084594727,19.850923439345426,19.33634326428182,19.401371969265284,101784900
2016-10-31,19.554046630859375,19.839609880135306,19.54556434591261,19.808508707940643,110816700
2016-11-07,20.13930892944336,20.382462342596643,19.554044281089983,19.684103271594093,170104200
2016-11-14,19.37874984741211,20.373982504005387,19.260001093835513,20.1195188091307,205231800
2016-11-21,20.13930892944336,20.25805766876743,19.344820003646568,19.378747521526204,92919900
2016-11-28,20.04035186767578,20.297641891192352,19.805680729547145,20.054488468814455,111778200
2016-12-05,19.955976486206055,20.21510797996923,19.79081629108537,20.18947899959144,128619000
2016-12-12,20.212261199951172,20.639401126627078,19.93889190758411,19.953129687885376,154866300
2016-12-19,19.802207946777344,20.502717190065727,19.70823663824515,20.17239513565129,102027300
2016-12-26,19.682607650756836,19.933194527222728,19.600025921951033,19.73386398324261,61497900
2017-01-02,19.437713623046875,19.827835002701956,19.36652472014563,19.71677933653029,104944500
2017-01-09,19.115936279296875,19.72532241544106,19.1016984986555,19.457647902918442,126590100
2017-01-16,19.13016700744629,19.7310099278181,19.08460547442671,19.39214663701334,118094400
2017-01-23,18.697336196899414,19.286789667042523,18.58912712690474,19.081761097889835,141967800
2017-01-30,18.93653106689453,19.118775567254886,18.68878921585883,18.68878921585883,130909200
2017-02-06,19.36937141418457,19.68830389284134,18.899518134594775,18.899518134594775,138269400
2017-02-13,19.753795623779297,19.87339427044864,19.2383808565525,19.454797377696583,139953300
2017-02-20,20.613767623901367,20.730519677941654,20.132524889379564,20.27775249777777,193035600
2017-02-27,19.941736221313477,20.622312796526835,19.899022885260433,20.582446038565067,170832600
2017-03-06,20.108449935913086,20.20597971701847,19.947811973519904,20.07976335444287,117325800
2017-03-13,20.048208236694336,20.426855632631195,19.996575023145304,20.07689317295599,140142300
2017-03-20,19.967885971069336,20.208843673422408,19.94493769662571,20.11991808408458,106279200
2017-03-27,20.676416397094727,20.814106053257298,19.887569203489562,19.94206992283751,114351300
2017-04-03,20.91163444519043,20.9374518695498,20.475617229258155,20.676415041679746,110766600
2017-04-10,20.983352661132812,21.17841385470985,20.86287460587692,20.937456102807673,75810300
2017-04-17,21.496816635131836,21.545582334850845,20.98334877869967,20.98621792858553,94412700
2017-04-24,21.565664291381836,21.734908046286495,21.3476564717457,21.536979354317403,101592000
2017-05-01,21.94431495666504,21.97299989798921,21.539851703266322,21.539851703266322,90319500
2017-05-08,21.863035202026367,22.249989954154373,21.76485109925353,22.09116535344043,109565100
2017-05-15,22.74668312072754,22.9401613447568,21.646457586068493,21.889026214635123,197805600
2017-05-22,22.56186294555664,22.813094915881337,22.46368050739952,22.712025779539115,108510900
2017-05-29,22.99213409423828,23.081653124509604,22.504106996047117,22.52432049090294,89285100
2017-06-05,22.934383392333984,23.2375957920461,22.59074399455997,22.986362141538315,151562700
2017-06-12,21.72730827331543,23.20871651932814,21.164200532792847,22.928605998171555,265425900
2017-06-19,21.611799240112305,22.122928241583484,21.51939184904686,21.767737125628866,168951900
2017-06-26,21.8543701171875,22.17779599552625,21.634901730698935,21.64356513041554,108172800
2017-07-03,21.753307342529297,22.044968080212872,21.672450016951096,21.90058188725197,67063200
2017-07-10,22.04496192932129,22.108492431353127,21.117999557446613,21.70132087005793,136835700
2017-07-17,21.990095138549805,22.198011796194844,21.816830430991583,22.030523790630017,91748400
2017-07-24,23.04700469970703,23.090321701791,21.955441032811088,21.955441032811088,115907400
2017-07-31,23.240478515625,23.610106372314544,23.012346770265793,23.0498870607333,113254200
2017-08-07,23.363422393798828,23.825460836470832,23.351799642706503,23.412823242862196,106268700
2017-08-14,23.046674728393555,23.665631809172584,22.76189743829219,23.41862928289918,160322400
2017-08-21,22.849075317382812,23.502902371432167,22.622416735215037,22.991464808010004,158968500
2017-08-28,22.77351951599121,22.985650465147845,22.52070562294175,22.78514392686115,110357100
2017-09-04,22.921716690063477,23.46802566976473,22.587538625534,22.651468718156682,111945000
2017-09-11,23.357608795166016,23.465128377762895,22.8577939648618,23.000183460185266,126258000
2017-09-18,23.11060905456543,23.57264747636714,23.029244812289196,23.308210779124828,95562900
2017-09-25,22.706689834594727,23.276246193157192,22.66019550584548,22.9333501029394,130271700
2017-10-02,22.956592559814453,23.191970691427468,22.52070786990952,22.636945339134424,99614100
2017-10-09,25.17088508605957,25.266780240412995,23.072827740536727,23.101886273576685,238332000
2017-10-16,25.4091739654541,25.4120788215835,24.70594604136612,25.159266548840492,105812100
2017-10-23,25.62130355834961,25.89445814072754,25.324901812849482,25.38011403311074,113390400
2017-10-30,26.060091018676758,26.118208086661962,25.10405095051515,25.554464878472572,92790600
2017-11-06,26.42042350769043,26.644177218187853,25.661983446435443,25.984538835485235,95779500
2017-11-13,28.323787689208984,29.096755361236802,26.051374005887133,26.45529362799276,265371000
2017-11-20,28.0767879486084,28.454552244041977,27.82687888434157,28.02448058822392,127665300
2017-11-27,28.288911819458008,28.605652462986754,27.84430931827043,28.14361584112408,150568200
2017-12-04,28.204317092895508,28.668788967291718,28.0845451558598,28.54902037331954,115293900
2017-12-11,28.367895126342773,28.794393020426345,28.128358006745387,28.3240776051771,150442500
2017-12-18,28.68923568725586,29.185841039826805,28.440933010970387,28.446773342384756,130662600
2017-12-25,28.846975326538086,29.12156779339063,28.730125263304295,28.730125263304295,79034700
2018-01-01,29.250097274780273,29.32312646343927,28.779781945080007,29.007635019533257,99505500
2018-01-08,29.466278076171875,29.898619737079915,28.782715237670505,29.28516427898375,112727700
2018-01-15,30.552959442138672,30.655200308652894,29.311443147522255,29.60356325205351,109617300
2018-01-22,31.663015365600586,31.668855694165394,30.392287574850496,30.526661934703064,105187800
2018-01-29,30.52082633972168,32.12749195081746,30.424425801304757,31.581225576183652,128965200
2018-02-05,29.028085708618164,30.558800297905247,28.169249711469487,30.20533499876462,204900900
2018-02-12,30.60846710205078,30.65520646187996,28.861583110552303,29.25010383019095,139874100
2018-02-19,27.135143280029297,28.610356513686657,26.653143876446315,28.332842212087737,404246100
2018-02-26,25.931608200073242,27.400977997515497,25.484662405915994,27.138069493437825,240516300
2018-03-05,26.07151222229004,26.594588853788068,25.66598061784269,25.901070671944034,165702000
2018-03-12,26.20375633239746,26.474110798967676,25.242824459247814,26.065641523680412,215096400
2018-03-19,25.101770401000977,26.353626495101825,25.0606292114678,26.127352474915,163562100
2018-03-26,26.144983291625977,26.253712251409464,25.119401271133817,25.336859190700793,109789500
2018-04-02,25.474973678588867,25.962786012518237,24.93132724075222,25.859932211349726,144275700
2018-04-09,25.27808380126953,25.69830836735717,25.03417931623228,25.52199164930054,114570000
2018-04-16,25.56018829345703,26.024491522711198,25.30746609103427,25.33097509401554,103769400
2018-04-23,25.651290893554688,25.953970426832996,25.145846373554278,25.533745851868186,102072600
2018-04-30,25.721818923950195,26.347747766706163,25.013609389546044,25.842303226949547,106722600
2018-05-07,24.65665054321289,25.874994462748198,24.233780261387075,25.8720366889391,226177800
2018-05-14,24.733535766601562,25.90160768511659,24.68917931196149,24.807464883091967,222958500
2018-05-21,24.384586334228516,25.07951404054428,24.18350008543171,24.881385564556872,128015700
2018-05-28,24.541322708129883,24.931664245814208,24.19237985116734,24.23673630569365,103346700
2018-06-04,24.946443557739258,25.360442079065333,24.632985624805375,24.692127545527782,125622900
2018-06-11,24.751279830932617,25.079523359060243,24.56202291096366,24.961237784079643,122078400
2018-06-18,25.082473754882812,25.09134538250652,24.357974983875987,24.559059569713575,134179200
2018-06-25,25.327919006347656,25.87203427430023,24.98193395494639,25.014462695449428,159264000
2018-07-02,24.990806579589844,25.413678530894963,24.662563080032697,25.327920015919446,70507500
2018-07-09,25.934127807617188,26.01988460666806,25.06768480653206,25.13569835278904,88490700
2018-07-16,26.040590286254883,26.374747629584807,25.676861975788544,25.910477015600573,75307200
2018-07-23,26.06128692626953,26.44571451054723,25.75965837444233,25.91934427742024,80328900
2018-07-30,26.49599838256836,26.697083045907235,25.910484270456486,26.02285431545616,83466300
2018-08-06,26.822391510009766,26.87890369455342,26.36732078305377,26.56362680365317,81576600
2018-08-13,29.10369873046875,29.805634442453613,26.581476476619635,26.82834480793377,238282500
2018-08-20,28.241147994995117,29.234569647272174,28.06268994293678,29.050163390592843,137001000
2018-08-27,28.511804580688477,28.800315416989008,28.04483743365872,28.333344866123312,114808500
2018-09-03,28.502883911132812,28.800317929299172,28.32740083579055,28.493960754434372,91735500
2018-09-10,28.134071350097656,29.04718621336567,28.062687794356037,28.586167203127925,104005200
2018-09-17,28.523704528808594,28.639703861332517,28.003198412689358,28.181656436845895,98541300
2018-09-24,27.931814193725586,28.708110069147676,27.866378848937416,28.38688495259145,87355500
2018-10-01,27.753358840942383,28.43745341425908,27.62843803716722,28.044842985642173,95445000
2018-10-08,28.199504852294922,29.103699957463682,27.66710228909959,27.73551089144159,134534100
2018-10-15,28.895496368408203,29.044213396915374,27.905049672372343,28.107303946144558,148307100
2018-10-22,29.42789077758789,29.64501463888059,28.586159691251744,28.952000531031608,157668300
2018-10-29,30.1417293548584,30.516495091298182,29.472507986206402,29.597428763741032,158423400
2018-11-05,31.39690589904785,31.498030498635277,29.930563464739524,30.09712683463454,111209700
2018-11-12,29.05610466003418,31.590223179343194,28.827084357068433,31.379049188944503,173098500
2018-11-19,28.28575897216797,29.222668266352507,27.75335475408598,29.130465153699436,108227700
2018-11-26,29.044204711914062,29.276203343164863,28.080526075717483,28.461239989087233,138159000
2018-12-03,27.868919372558594,29.78287014336089,27.647619440344066,29.313353017373775,115116300
2018-12-10,27.468185424804688,28.25769111057359,27.38444929917252,27.979568894956714,128713500
2018-12-17,26.056650161743164,27.812102471972448,25.760585913554266,27.2797857472153,186405900
2018-12-24,27.551923751831055,27.95265902574366,25.652925254597722,25.88020758969921,107682300
2018-12-31,27.94368553161621,28.323484182010187,27.40538646674343,27.713412022568072,94394700
2019-01-07,28.362361907958984,28.7511324206843,27.84798890378798,27.997515760804546,108161400
2019-01-14,29.226627349853516,29.367182333675242,28.194886894697547,28.254698654778394,93865200
2019-01-21,28.990375518798828,29.711101081872474,28.83785918852287,29.05317676331377,93710700
2019-01-28,28.069286346435547,29.056165910146373,27.844995225373005,28.867762189832455,150880200
2019-02-04,28.58365821838379,28.95448667086872,27.91676558351959,28.069283599363775,92438100
2019-02-11,29.90249252319336,29.905480287775475,28.601601685362645,28.60459287235551,100693200
2019-02-18,29.77091407775879,31.155536203516796,29.50176194908521,30.61723879099261,158487600
2019-02-25,29.286436080932617,29.94435685619094,29.044201286993772,29.941365669399623,142061400
2019-03-04,29.18476104736328,29.66324834007404,29.008318644275498,29.343263171584105,90855900
2019-03-11,29.591344833374023,29.870963529299225,29.341792071922388,29.477092217879083,106271700
2019-03-18,29.54924964904785,30.213717808780807,29.447026160429754,29.555264212247703,92300100
2019-03-25,29.323755264282227,29.72364118585486,28.563078086687124,29.404934673217703,102956100
2019-04-01,29.714614868164062,29.825860198359944,29.101260190917543,29.45604371126944,87448800
2019-04-08,30.535430908203125,30.673738347807948,29.51016800196746,29.600365813237257,73949700
2019-04-15,31.022512435913086,31.208922652779403,30.445238091109186,30.45726377975264,52191900
2019-04-22,30.526409149169922,31.314148313177718,29.964167929384885,30.902236762324147,80690400
2019-04-29,30.691768646240234,30.94432518856348,30.138545948858553,30.63163335073365,84523200
2019-05-06,30.803428649902344,30.99687556214445,29.87850930358091,30.452803527135792,90162300
2019-05-13,30.486061096191406,31.423070276071016,29.92687953752956,30.36213521378369,149846400
2019-05-20,31.033151626586914,31.09964945083494,30.301682478067594,30.343997702996123,97085700
2019-05-27,30.6613712310791,31.305190146101765,30.407472957557484,30.999906874580645,83217000
2019-06-03,32.05781555175781,32.14849596860173,30.64927869508831,30.71879977148461,103066800
2019-06-10,32.967620849609375,33.1247956201205,32.1515178866286,32.184763335798515,83157000
2019-06-17,33.590274810791016,33.91067430511613,32.72278691028002,32.98273164657739,93488700
2019-06-24,33.39683151245117,33.91974078531437,32.90414443009666,33.699091467680475,84862500
2019-07-01,33.847206115722656,33.97415525098215,33.25477220570567,33.64166612615537,49092900
2019-07-08,34.639122009277344,34.69050699475382,33.76256437685388,33.82906218639947,67074000
2019-07-15,34.42753601074219,34.90813000061356,34.37917428611796,34.66027486475062,49627800
2019-07-22,34.16154861450195,34.56053548158008,33.72326978752005,34.48799115698268,69086700
2019-07-29,33.0673713684082,34.14946572173462,32.689543765336886,34.10715049685093,78314400
2019-08-05,32.586185455322266,33.06003422906049,32.07285131151551,32.80488622632869,91298400
2019-08-12,34.32061004638672,34.90988402011418,31.845054509684275,32.41610312095153,157903800
2019-08-19,33.66449737548828,34.864304866937125,33.451872867064694,34.73369619469556,101036700
2019-08-26,34.70635986328125,35.046558415246025,33.782963793662574,33.88623965762973,84048600
2019-09-02,34.84912109375,35.83023137275944,34.47247530413956,34.53018603766651,65695200
2019-09-09,35.66925048828125,35.90010041162608,34.7488889342334,34.77926685141621,78684300
2019-09-16,35.532554626464844,35.78466799648622,35.00707134392509,35.398907808904326,88091400
2019-09-23,35.97905731201172,36.40734437188865,35.40497091968545,35.420158132890776,73412400
2019-09-30,35.8909797668457,36.27977810665448,34.80355897567661,36.04589356068715,68726100
2019-10-07,36.52278518676758,36.6655464435347,35.43536078126873,35.87276244527338,72578700
2019-10-14,36.18864822387695,36.63212255319184,36.106635871716875,36.40431085009504,67124400
2019-10-21,36.158294677734375,36.50153149975069,35.90314653526065,36.237268937255635,42778200
2019-10-28,35.726959228515625,36.358756543431426,35.48699492397448,36.22206810353157,59507400
2019-11-04,36.2797737121582,36.72932434520745,35.56292946706419,35.9638768373932,62254800
2019-11-11,36.10664749145508,38.08405204215526,35.92743551433036,36.05500955293917,149567400
2019-11-18,36.25547409057617,36.71413564425306,35.915275598210386,35.979062598270794,70455600
2019-11-25,36.1734733581543,36.455961217841065,35.81201125759848,36.44988493926194,56296200
2019-12-02,36.5462532043457,36.55235673760649,35.82618991542183,36.354033807317,79547700
2019-12-09,36.70185089111328,36.81169001486271,36.16485186006543,36.48216915189163,66360000
2019-12-16,36.70185089111328,37.260205298733965,36.5462422650557,36.74151337026481,82344000
2019-12-23,36.488285064697266,36.82390608126384,36.293013893227844,36.674400935909325,43443000
2019-12-30,35.9695930480957,36.579817206290386,35.878060995642294,36.552358288899164,60065700
2020-01-06,35.50886917114258,36.03061297216834,35.29529441134294,35.82008299526353,92360100
2020-01-13,35.07561492919922,35.56074105768595,34.94136513513535,35.50887150164093,106701000
2020-01-20,34.895599365234375,35.55464127416452,34.82847446771566,34.96272426275309,62904900
2020-01-27,34.93221664428711,35.73466022660201,34.3799655663284,34.5355707575155,85264200
2020-02-03,35.53022766113281,35.7682165491039,34.813216214357524,35.057305143223076,72914100
2020-02-10,35.9695930480957,36.17707128708181,34.91696047798555,35.31665463043422,90423300
2020-02-17,36.18012237548828,36.598123628935184,35.65533023779067,36.1465599252065,89898000
2020-02-24,32.85439682006836,36.143498621152084,31.844478794852034,35.8383848824252,144006900
2020-03-02,35.768218994140625,35.975693724928,32.7354090445501,32.8299963479766,164238000
2020-03-09,34.8132209777832,36.82085400179925,31.420382656454727,34.7277889680599,227946000
2020-03-16,34.92741775512695,39.251587252309285,31.259072156014785,32.23974799429057,279439800
2020-03-23,33.58205795288086,36.021490410280244,32.74541807228899,34.988715327227595,229769700
2020-03-30,36.616024017333984,36.74780256654227,33.99884114551995,34.28078635628811,141881100
2020-04-06,37.3270149230957,38.764321491982855,36.05826664703364,36.48731327932312,149843700
2020-04-13,40.48970031738281,40.750192163976315,37.13394498430967,37.164590671300196,143525700
2020-04-20,39.66838455200195,40.875841492575816,39.144335571879765,40.57244637590337,117933900
2020-04-27,37.67025375366211,39.935008033970824,37.014426193107454,39.840002190060446,154909800
2020-05-04,37.842105865478516,38.627022335919456,37.39886053371693,38.119133757504414,102630600
2020-05-11,38.76553726196289,38.85788224756894,37.33730220306583,37.87288902917685,127620300
2020-05-18,38.269962310791016,40.62778351354337,38.09759088140856,39.24571923490174,190434000
2020-05-25,38.18685531616211,38.6331794370097,37.25419384913913,38.273042796054284,108540300
2020-06-01,37.41733169555664,38.294589673255565,36.909446610341774,37.99601401506116,123353100
2020-06-08,36.241493225097656,37.73129256408496,36.03218382599879,36.80786397865988,143754000
2020-06-15,36.89097595214844,37.029488138641625,36.01679676706391,36.44465186157988,138186600
2020-06-22,36.420021057128906,37.81440015227879,36.32767961037478,37.23571792719192,115242300
2020-06-29,36.693973541259766,37.20801252441675,36.38924042752442,36.4754278910395,74450100
2020-07-06,40.22455596923828,40.43694415031986,36.389246651530534,36.87558751107752,254378700
2020-07-13,40.55084228515625,41.286505958962834,39.67358411107276,40.424641554563145,136391700
2020-07-20,40.39693069458008,41.24340825721668,40.17223100475422,40.61855515349701,86053500
2020-07-27,39.83055877685547,40.74783355586393,39.28266043479539,40.27996166737096,78102900
2020-08-03,40.006011962890625,40.54159880669113,39.48273661004389,39.98754296515941,89729400
2020-08-10,40.98334503173828,41.09770244972519,39.89540208721907,40.25392785511952,102111300
2020-08-17,40.68354415893555,42.53799423090126,40.195203895023724,41.524227389821235,209527500
2020-08-24,43.363224029541016,43.60121310974058,40.07775513663206,40.87516923502856,243420600
2020-08-31,44.14518356323242,46.7723199286776,41.888935081816115,42.49163275685178,285697800
2020-09-07,42.25055694580078,44.077191560652935,41.89512253690951,43.706300098512976,130224900
2020-09-14,41.81476974487305,43.61049405654431,41.64786891587372,42.07748309572066,195976200
2020-09-21,42.426727294921875,43.03560425357934,41.746762047506365,42.18873822034749,155582700
2020-09-28,43.4250373840332,44.62424992254564,42.15474009331901,42.39272916965594,151602300
2020-10-05,44.12972640991211,44.30280646496496,43.347765909415344,43.66920535034555,81855300
2020-10-12,44.72624588012695,45.31039864315809,44.14827593784639,44.20390717627034,92541000
2020-10-19,44.4604377746582,45.041499082793656,44.101908477333964,44.846782689063204,66165000
2020-10-26,42.884159088134766,44.4140818542203,42.45763640880673,44.14827714798456,78547800
2020-11-02,45.05385971069336,45.192944865707055,42.97069501801964,43.452852408429386,80317200
2020-11-09,46.528160095214844,46.65178823351396,44.34609091306836,45.74310797609862,97506000
2020-11-16,46.43543243408203,47.412105907390306,46.06763240783119,46.5250621142751,142736700
2020-11-23,46.85576629638672,47.20192994238144,46.16653041443948,46.475604214092726,60545100
2020-11-30,46.02434539794922,47.4924536351566,45.61327636488059,46.855757692510075,125793000
2020-12-07,45.60011291503906,46.53072746432557,45.27129653162722,46.0530128950284,96848400
2020-12-14,45.27439880371094,45.823461524465536,44.936274290078295,45.817256102192374,154674000
2020-12-21,44.5143928527832,45.49774279978774,44.142149179004406,45.13480370909804,92637300
2020-12-28,44.71601486206055,45.24336555053952,44.312751282650595,44.681892149570665,73848300
2021-01-04,45.48533248901367,45.9413351304148,44.7563516449474,44.762553516591275,125615400
2021-01-11,44.86801528930664,46.508997533513,44.56711630019707,45.28989512610221,124644900
2021-01-18,45.392269134521484,45.70557545494519,44.25691845555002,44.868021093406874,81444600
2021-01-25,43.58067321777344,45.86688103512855,43.537242369267965,45.09137023338216,118783800
2021-02-01,44.781166076660156,44.93316695660146,43.177408935263855,43.710961595460944,105712200
2021-02-08,44.815284729003906,45.38916547772746,44.52679654938626,44.920755587150694,76524000
2021-02-15,42.91373825073242,45.755214501676804,42.65316377443635,45.27129453142709,186995400
2021-02-22,40.30180358886719,42.91372831932832,40.283190877009766,42.72760475076593,185767800
2021-03-01,40.053646087646484,41.17968870067904,39.17266437620806,40.81674963945469,185124300
2021-03-08,41.60466766357422,41.72874768382897,39.64727268394494,40.11878528094184,181833600
2021-03-15,41.03700256347656,41.97461804705637,40.463841438835175,41.97150238222488,156628200
2021-03-22,42.092987060546875,42.11479315070862,40.803379807852345,40.80649547285175,134135700
2021-03-29,42.24562072753906,42.85927475513089,41.92789067005577,42.05248873543467,107517600
2021-04-05,43.541465759277344,43.95887575840864,42.426296506488924,42.58827544202221,131221500
2021-04-12,43.80000686645508,43.9090337499388,43.11782240536885,43.63179660867119,106244400
2021-04-19,43.57884979248047,44.1613580472368,43.24243277386642,43.700335795355805,103744500
2021-04-26,43.58196258544922,43.61000000877843,42.846822415207704,43.58196258544922,92560200
2021-05-03,43.84379959106445,44.638118119925416,43.568601605962954,43.68118455195914,104285100
2021-05-10,43.63114547729492,44.43171616594255,42.45530548892708,43.921975784686474,116337000
2021-05-17,44.328521728515625,45.21352792646805,43.39660775772833,43.781257221108135,166202700
2021-05-24,44.41608428955078,44.932076939546754,44.11587025395917,44.331648868363544,137508600
2021-05-31,44.35980224609375,44.65688844427305,43.80940973050332,44.47238163866502,76075800
2021-06-07,44.01579284667969,44.39731435034471,43.477908545616536,44.359786706355855,95447700
2021-06-14,42.27080535888672,44.072089690421926,42.03000710299377,44.072089690421926,127417500
2021-06-21,43.321556091308594,43.42475534750036,42.32709834000746,42.424041794429804,111357300
2021-06-28,43.81565856933594,44.58808542490759,42.71799803500587,43.16831911255566,149652000
2021-07-05,43.87507629394531,44.15339863154046,43.22461248670938,43.74998531082912,80339100
2021-07-12,44.269107818603516,44.60684594470788,43.57173268227113,43.99703771419956,93345000
2021-07-19,44.54117965698242,44.71317843072298,43.7093368984387,44.222201739697326,93956100
2021-07-26,44.57868957519531,44.98835856803837,44.15651256164826,44.519273792726715,75379800
2021-08-02,45.41679763793945,45.80457499440259,44.30350124103451,44.66626255067221,100444200
2021-08-09,46.93359375,47.577036595906335,45.63729341591726,45.797367478535726,129780000
2021-08-16,47.53622817993164,47.88776680336611,46.45336120074256,46.980670931896114,168984300
2021-08-23,45.988826751708984,47.64294436507083,45.882108327619996,47.561334045471305,103471800
2021-08-30,46.845699310302734,46.97124700745961,45.83188513254609,45.9574364217062,97805700
2021-09-06,45.79108428955078,46.8205883536763,45.64670012514064,46.75781450410839,82957500
2021-09-13,45.4269905090332,46.18656634257173,45.1005636000768,45.988826550568895,142374300
2021-09-20,44.937347412109375,45.57137555185558,44.45084645042865,45.04092642666213,86482200
2021-09-27,43.01643753051758,45.05661636694851,42.66175953508813,44.843183124319594,115679400
2021-10-04,43.83564758300781,44.16207806337869,42.281969676401545,43.0289914106332,104859900
2021-10-11,44.114994049072266,44.28762572566787,43.355418264054855,43.791706571815546,87296100
2021-10-18,46.560081481933594,46.98381221203689,43.88901356462112,43.942372781301366,105935100
2021-10-25,46.89906311035156,47.253741136751955,46.26189914568636,46.6981839016296,85893300
2021-11-01,47.1533088684082,47.708866189963054,46.776658497454214,47.07483794579037,70629000
2021-11-08,46.37803268432617,47.24118397156018,46.30898000662687,47.15016259968647,79095600
2021-11-15,44.69253158569336,46.59460900648197,44.212305807377284,46.50044462406437,188512200
2021-11-22,45.4803466796875,46.41568995734999,44.570111504725745,44.777269516021434,98163300
2021-11-29,43.160823822021484,45.59021090332159,42.44833191788079,45.51173998936501,218428200
2021-12-06,44.443885803222656,44.5289731600979,42.76735507733447,43.35035836965284,175752000
2021-12-13,43.725372314453125,46.17714535971298,43.611923709609925,44.194926990785106,251901300
2021-12-20,43.95856857299805,44.169712714382236,43.36296076119879,43.526831350072754,90258900
2021-12-27,45.5972900390625,45.70759019780822,43.983785964331744,43.99323851194071,77765700
2022-01-03,45.660316467285156,45.994365387148335,44.67393717735977,45.37984520737866,131607000
2022-01-10,45.713897705078125,46.20866525670371,45.06471567787213,45.833650429798965,114467100
2022-01-17,44.17917251586914,45.69183628295526,44.13820666515632,45.509053357889016,93693300
2022-01-24,43.33775329589844,44.286318810484424,42.212712573055846,43.82621667810437,137255100
2022-01-31,43.90814971923828,44.746418636260785,43.07933695598106,43.20224170966794,101444100
2022-02-07,42.64760971069336,44.14136138069042,42.28204741509762,44.138212935162414,112486800
2022-02-14,43.48586654663086,43.99008657125274,41.81878841401238,42.64760120650525,164613300
2022-02-21,42.97850036621094,43.564659380897965,41.60134946045613,43.41654179809358,103127100
2022-02-28,45.00798034667969,45.04579774810283,42.15598350681519,42.54360285523761,139636800
2022-03-07,44.77163314819336,45.39560593153268,43.53314012993614,44.528975663268916,142973400
2022-03-14,46.01091766357422,46.48545270996473,44.9194892291251,44.92897833707027,120391200
2022-03-21,45.38136672973633,46.59617889499599,44.77079821456733,46.007752838223716,88737300
2022-03-28,47.773033142089844,47.85528536756863,45.333922845540215,45.39719323122916,113135100
2022-04-04,49.79770278930664,50.11405824110524,47.47880910928166,47.741383301579134,122391600
2022-04-11,49.69329833984375,50.07608835276607,48.26020082695588,49.65849891863134,103119000
2022-04-18,49.62370681762695,50.86066133330952,49.101719042854306,49.588907391281126,89562900
2022-04-25,48.399410247802734,50.025483472240396,48.310829552290606,49.468696218245,91200300
2022-05-02,47.486297607421875,49.21036016328544,47.07671370538564,49.200832928219185,115481700
2022-05-09,47.00685501098633,48.61026445778703,46.400418608707156,47.140210847485555,126153900
2022-05-16,37.84678268432617,47.54025769906826,37.23399491869571,47.429128463722975,379006800
2022-05-23,40.79324722290039,40.83769673994492,38.056340791534424,38.07538798914314,158885100
2022-05-30,39.7899284362793,41.24410683094225,39.475595156504625,40.469392370074374,106964100
2022-06-06,38.64056396484375,40.101094283123494,37.8912479678997,39.94869121426584,135204300
2022-06-13,37.557865142822266,38.659612489276164,37.43403652129284,38.018250067076,139901700
2022-06-20,39.281917572021484,39.78675189583972,37.53562887536692,37.56103119555617,94038300
2022-06-27,38.93584060668945,39.86930971633941,38.065871857724126,39.30097131420131,91026600
2022-07-04,39.81532669067383,40.19951180622296,38.61197760390745,38.802482289557254,71756400
2022-07-11,40.9805793762207,41.36158512909131,39.34224410151016,39.69467542214854,80043900
2022-07-18,41.9775505065918,42.35220842014841,40.723400309602695,40.847225276901526,82185000
2022-07-25,41.926753997802734,42.13313381023118,38.11984984200657,42.03470752129386,221490600
2022-08-01,40.18999481201172,42.618920180493404,39.726437773579875,41.61242701146832,161807400
2022-08-08,42.163570404052734,42.36128033849805,40.37460131710462,40.38735597268802,113230800
2022-08-15,43.69423294067383,45.51190433083561,41.889319853856534,41.975420154430516,202197900
2022-08-22,41.965858459472656,43.633649114990625,41.93715592403391,43.43274961392222,92135100
2022-08-29,42.41229248046875,43.2637266647664,41.64376901176189,41.72030422578409,93286800
2022-09-05,43.6368293762207,43.84729391124185,41.685225255407836,42.42823575290633,72055200
2022-09-12,42.47288513183594,44.086463697140566,41.863803919460075,43.71336363765273,113970300
2022-09-19,41.47475051879883,43.83134275909672,41.063382941182084,42.35488707418787,99660000
2022-09-26,41.359962463378906,42.7694557003249,40.903951662908234,41.05701845498651,91865100
2022-10-03,40.99641799926758,43.11384329222343,40.84016166749834,41.532153472562186,79544100
2022-10-10,41.59275436401367,42.976734776062116,40.907141485425086,41.30575455770696,86821800
2022-10-17,43.62407302856445,43.81859699403622,41.643769939138565,41.76175868888375,76883700
2022-10-24,45.44492721557617,45.569291448919394,43.72930075670392,43.83134526321085,84863400
2022-10-31,44.95384979248047,45.7829607040651,44.258668223802225,45.390726805423846,78554100
2022-11-07,45.46725845336914,45.94240304085987,44.392597724741044,45.046322054196104,81945900
2022-11-14,47.90676498413086,47.919519638106074,44.092846091120244,45.16750323828807,190446000
2022-11-21,48.812408447265625,48.90807382097025,47.894004072460866,48.027940704807456,63753600
2022-11-28,48.8602409362793,49.31306214580779,48.066204470025724,48.700794998017116,106319700
2022-12-05,46.512508392333984,48.97401094178311,46.483697659656514,48.893989269139844,103226100
2022-12-12,45.69307327270508,48.077755863525,45.6354591308991,46.70136104904265,121032000
2022-12-19,46.01956558227539,46.71416616989691,45.366578463182066,45.776295296627694,68433300
2022-12-26,45.38578414916992,46.237230144275436,45.07209698975387,46.10599020336014,45968700
2023-01-02,46.98303985595703,47.22951173034835,45.47540886707796,45.629052672850435,65094300
2023-01-09,46.506107330322266,47.328742617632095,46.00676401113609,46.83580249781457,70734600
2023-01-16,44.98567581176758,46.64054760727744,44.22705782655124,46.506109718891295,84681900
2023-01-23,45.86912155151367,46.90941792875925,44.876838176942705,44.96006144754348,73542600
2023-01-30,45.36017608642578,46.60853244304606,45.08809874770214,45.491412356683384,77812800
2023-02-06,46.00355911254883,46.073979647924,44.393498923598656,45.3953870898102,73553700
2023-02-13,46.87421417236328,47.09507694587344,46.15081010596156,46.32045827020621,85604100
2023-02-20,45.60344696044922,47.48238288747639,44.66237453405578,45.73468323244388,126882600
2023-02-27,45.027278900146484,45.80190110583894,44.611162560854815,45.68026597184378,80555700
2023-03-06,43.84293746948242,45.35056833209934,43.5612590140684,44.97286021664658,88680000
2023-03-13,44.80365753173828,44.93543171852491,43.89730080095542,43.92944066709012,158805000
2023-03-20,45.57502365112305,45.79036589562249,44.822940512782424,45.02863859089855,116286900
2023-03-27,47.390953063964844,47.709140653362205,45.889997906659985,45.89321262862622,115022400
2023-04-03,48.467647552490234,48.54478615800873,47.252743940943155,47.48093767956453,82312800
2023-04-10,47.72199249267578,48.57049880142872,47.61592874431025,48.32623144364834,67836900
2023-04-17,48.76655960083008,48.94975829222567,47.728425100521406,47.773420173339325,81059100
2023-04-24,48.52228927612305,49.41579065961388,48.26838142990307,48.76012719173018,70686000
2023-05-01,48.964717864990234,49.21314009495774,48.21945486723191,48.729203371125905,63640800
2023-05-08,49.384124755859375,49.79708365018783,48.7356477037604,48.80339854160217,74009700
2023-05-15,48.3646354675293,49.777729759674145,47.97748462676499,49.52285736377873,132974400
2023-05-22,47.23867416381836,48.41948087117028,46.809584271166585,48.29688323153493,89955300
2023-05-29,48.01296615600586,48.0742631221236,46.78376667095493,47.19995246873373,85290600
2023-06-05,49.39057540893555,49.5938316165715,47.91295731238592,48.19041453371571,89302200
2023-06-12,50.17778396606445,51.04886780780102,49.416390030418924,49.500271849951126,104391900
2023-06-19,50.15520095825195,50.42298109593582,49.47768881732339,49.91000566624229,71527800
2023-06-26,50.71011734008789,50.8230341883722,49.40671287688372,50.21649980372711,85693200
2023-07-03,49.51962661743164,51.33600258785369,49.50672257497137,50.59073967665279,60434700
2023-07-10,49.897098541259766,50.29392647624762,49.54866353646186,49.86483658779979,63225600
2023-07-17,51.09404373168945,51.22631849876685,49.60351763280371,49.81322405329336,67893600
2023-07-24,51.59088134765625,51.92318540409572,50.832714300184286,51.11984866420816,67598400
2023-07-31,51.084354400634766,51.82639039194844,50.9617567646288,51.607006897479586,64940400
2023-08-07,52.19194412231445,52.48333760885222,51.51526192217036,51.6415337916021,67860600
2023-08-14,51.133209228515625,52.70349854149155,50.19103341756865,52.45095851967814,143922900
2023-08-21,51.097591400146484,51.55411016290465,50.58603457409689,51.03607282166072,72860400
2023-08-28,52.31173324584961,52.77149040788848,51.11054068306394,51.11054068306394,67677300
2023-09-04,53.02402877807617,53.053167010944804,51.774271295786505,52.402388441754226,61592100
2023-09-11,53.305721282958984,53.697483123028256,52.98842424223779,53.098507796431534,116882700
2023-09-18,52.56428146362305,53.48702686121445,52.38296782508991,53.318666843483044,69135600
2023-09-25,51.78075408935547,52.94956640721876,51.54116027326652,52.57075451507534,71065800
2023-10-02,50.64107894897461,52.14338038580863,49.099927763552095,51.638296601465235,96887400
2023-10-09,51.748382568359375,51.95235765273212,49.62120218619668,50.210466011230935,76386000
2023-10-16,51.401939392089844,52.567517030436626,51.385751071089835,51.97825325339015,62602800
2023-10-23,52.18222427368164,53.20534534892462,51.162345308710194,51.39222389540304,81303600
2023-10-30,53.312191009521484,53.84317831404446,52.05919865864985,52.2761236425535,74454000
2023-11-06,53.807559967041016,53.943543337457896,52.855672668853884,53.26038437504338,74544300
2023-11-13,50.29788589477539,55.02171184880703,50.1878023355977,53.86908399886166,211117800
2023-11-20,50.52775955200195,50.783537991103984,49.90288072016118,50.35939952946254,96437100
2023-11-27,49.97087478637695,51.45374582789065,49.41722602357714,50.492146905246514,146024700
2023-12-04,49.02555847167969,50.64717863654576,48.82407625805874,49.824993898354464,132646500
2023-12-11,49.63650894165039,50.06222267392666,48.596593560026626,49.116551250838505,189508800
2023-12-18,50.907161712646484,51.06964618259587,49.76325096143476,49.83474933485606,112194000
2023-12-25,51.23213195800781,51.45311677717808,50.731673119884526,50.90715931438753,70300200
2024-01-01,50.926658630371094,52.093314930999576,50.56593865814658,51.10214482637891,83287800
2024-01-08,52.42478942871094,52.61002320840847,50.91690828794025,50.92340915422233,92109300
2024-01-15,52.769264221191406,53.1559839701837,52.20055739536818,52.463786710589034,69226200
2024-01-22,53.38345718383789,53.41920078763043,52.09980771404049,52.90249354212832,81053700
2024-01-29,55.1058235168457,55.43404659938868,53.13973173566703,53.40945817931908,102108600
2024-02-05,55.01157760620117,55.46004066474434,54.61836075148481,55.24880714842292,79166700
2024-02-12,55.362552642822266,55.87276279563919,54.44612760286729,54.995331796403846,91176000
2024-02-19,57.05241775512695,58.93401691468067,56.15548786627289,58.001339698838656,216168600
2024-02-26,57.28639602661133,58.33931322148115,56.720943388612795,57.63736842490127,113246800
2024-03-04,58.612281799316406,59.53845800384461,56.93541928358136,57.03290994972937,76747800
2024-03-11,59.35972595214844,60.230360751117026,58.56734857413914,58.79234379048068,114233300
2024-03-18,59.545589447021484,60.31840152200448,59.07603373520446,59.369505588627966,69458200
2024-03-25,58.86082077026367,59.72167479592832,58.85103999197418,59.54559093314016,59823400
2024-04-01,58.54778289794922,59.43798297918211,57.59889068431013,58.99777705934712,72734800
2024-04-08,58.83147430419922,59.56515581693539,58.00975086066683,58.30322271942187,59449400
2024-04-15,58.23474884033203,59.37929399499801,57.68693567311175,59.19342561466485,66840500
2024-04-22,58.85104751586914,59.21299606600877,57.28586157064562,58.264103719334734,81711200
2024-04-29,58.5184326171875,59.076030225070376,57.30541469999196,58.87060031304971,71240100
2024-05-06,59.368865966796875,59.73206730874769,58.29889120732971,58.89768493665729,63562400
2024-05-13,63.462257385253906,63.688027651519874,58.34797220101167,59.50629364438809,150157200
2024-05-20,64.17884063720703,64.48315043213543,62.69658389644121,63.23647858700039,75030400
2024-05-27,64.55186462402344,64.68929195605591,62.98126119420382,64.02178456222909,65572300
2024-06-03,64.6696548461914,66.3286086885019,63.962888923565615,64.30645725176451,74811400
2024-06-10,65.7887191772461,66.09302901427382,64.6893003778547,65.9556016643499,70518400
2024-06-17,66.66236877441406,67.29061016783852,65.18992660434519,65.69055154992434,63940300
2024-06-24,66.46603393554688,67.77160103099072,65.32734929933329,66.79979136477978,79233000
2024-07-01,68.75323486328125,68.86121455631019,66.01449149225574,66.64273289393597,45976100
2024-07-08,67.96792602539062,69.15569510109219,67.89921235949807,68.61580415171578,60409600
2024-07-15,69.45018768310547,70.01953377530748,68.02682994182844,68.02682994182844,55889900
2024-07-22,68.49801635742188,69.950829426005,67.56547253915657,69.55817663807207,80031000
2024-07-29,67.20225524902344,68.94955197570992,66.49548185638,68.56671763623267,86600800
2024-08-05,66.70162200927734,67.36912937291383,65.44513932225045,66.84886771243184,80380200
2024-08-12,72.30609130859375,73.28067851838183,66.09436525569564,67.27567352682838,136311400
2024-08-19,74.52105712890625,75.0329629367999,72.1978107960364,72.24703510814848,71785500
2024-08-26,76.0272445678711,76.26350477104944,74.39309334532787,74.71795581880835,65967100
2024-09-02,75.44641876220703,76.59819554336899,75.11171747971227,76.12567520213223,68740400
2024-09-09,79.34474182128906,79.43334407541225,75.29874996660695,75.65314396194955,87337100
2024-09-16,77.8287353515625,79.7582098613697,76.28318647066419,79.58101283952129,113157200
2024-09-23,78.53751373291016,80.3291689499223,77.83857209715778,77.83857209715778,69922400
2024-09-30,79.67945861816406,80.26026646807556,78.60643016022938,78.64580810929426,74893300
2024-10-07,78.85253143310547,79.67945328698897,77.74997897536123,79.43334675473173,64858000
2024-10-14,80.04369354248047,80.5457530176271,78.5178374078706,78.8033219129314,56062800
2024-10-21,81.22501373291016,82.04208182990006,79.4628898063397,79.9649493075713,55654000
2024-10-28,80.90998077392578,81.78611937188478,79.95508628814298,81.46125696754272,54662200
2024-11-04,83.50886535644531,84.20780696517602,80.72293777461277,80.91981998446725,69379800
2024-11-11,82.93790435791016,84.45392155248702,82.63273465030382,83.62699966881982,69207300
2024-11-18,89.03150177001953,89.49418325369211,82.35709379760955,83.49902420508357,122337700
2024-11-25,91.05941009521484,91.19722914208054,87.67298206234402,89.09055798504804,67135700
2024-12-02,94.20957946777344,94.68210732401036,90.51798140852564,91.3744348620783,92996600
2024-12-09,92.98773193359375,94.65510057007761,91.79393808206233,94.37885174852863,79572200
2024-12-16,91.00464630126953,94.61563227747848,90.40281530523471,93.1554503049967,130925500
2024-12-23,90.43242645263672,91.63608100544916,87.7192564459945,90.27456567555015,57576200
2024-12-30,89.56420135498047,90.07724131962478,88.32107416226687,89.51487551079029,46712900
2025-01-06,91.75447082519531,92.32670481536807,89.23861942071497,89.61353497913919,57352400
2025-01-13,90.70867156982422,91.1921070072217,88.91304670370349,90.88626117316433,78650400
2025-01-20,93.49090576171875,93.73755757591805,91.07371346623613,91.24144242057581,67986800
2025-01-27,96.8453598022461,97.67410618102184,93.5500880634012,94.61562557372578,72187000
2025-02-03,99.79532623291016,101.72907556657785,95.17800393751064,95.47398160030349,77151700
2025-02-10,102.64662170410156,103.88974897713013,99.89398650600353,100.58460858701042,69104200
2025-02-17,93.51062774658203,102.8044656184405,92.85947091893603,102.33089838510077,127221000
2025-02-24,97.28933715820312,97.53598895963306,90.88625850070223,92.91866693577595,120039600
2025-03-03,90.49160766601562,98.15754179633392,89.5444657192684,96.66777044142913,117109900
2025-03-10,84.20691680908203,89.02156440769335,82.74674247592763,88.55785785351087,164146400
2025-03-17,85.06143951416016,87.04996032704324,83.8742551362576,84.22051441602186,113687300
2025-03-24,84.24030303955078,86.71359433520473,83.66649764746641,85.54620054174062,104611500
2025-03-31,82.30125427246094,89.18689722926618,81.7670223773786,83.85448110620726,140955600
2025-04-07,91.80857849121094,92.35269806279848,78.957351123737,79.38275754044754,178112800
2025-04-14,92.2240982055664,95.00407554312943,89.64198117645621,92.27355950873614,93237100
2025-04-21,94.07411193847656,95.56798211895611,90.36417468581611,92.02622687692346,80577600
2025-04-28,97.69500732421875,98.15998730091732,93.33211780452653,94.08400048063243,76472100
2025-05-05,95.91804504394531,98.91300131344754,95.49161009646589,98.11963907204212,62525300
2025-05-12,97.42544555664062,98.36757321614498,91.12809779526215,96.86017198739232,149923000
2025-05-19,95.54119110107422,98.00063145464321,94.21230537282351,95.84862587410485,78774300
2025-05-26,97.9014663696289,98.10972425103016,95.77921074071836,96.49324208617155,72719100
2025-06-02,96.66183471679688,100.05347618184409,96.16598043596063,98.02047060396119,75129800
2025-06-09,93.6569595336914,97.27668975207372,92.65533176202158,96.59241598548701,83748200
2025-06-16,95.32302856445312,95.51144804400974,92.84375718907224,93.96438512693551,61755900
2025-06-23,96.46348571777344,98.28823335367777,94.87675357751031,95.12468071086816,104784100
2025-06-30,97.54444885253906,98.36756872499163,95.5114433971823,96.42382096919663,53627000
2025-07-07,93.61729431152344,98.52624890531858,93.44870566367038,97.41554010427616,76998300
2025-07-14,94.26189422607422,95.04533726853482,93.59744379297348,93.72637073794024,61212900
2025-07-21,96.66183471679688,96.84034256054335,94.31148270182422,94.47015970343703,60089200
2025-07-28,97.67337036132812,98.06013608020359,96.27506527757889,96.47340395582533,72593200
2025-08-04,102.86992645263672,103.85171575311331,97.38577206977011,97.38577206977011,85669800
2025-08-11,99.40247344970703,103.706602370193,98.9452229818952,103.27917143100697,74633800
2025-08-18,96.25141906738281,102.03664285139091,96.18183763772561,99.4024757278417,131830400
2025-08-25,96.40052032470703,96.99693363773223,94.84983661027343,96.42039748215828,88994100
2025-09-01,99.90943908691406,100.87364439797074,95.93333971517202,96.64903881549483,63736600
2025-09-08,102.87162780761719,103.3587054359578,99.68080900486342,100.24740285612235,70983000
2025-09-15,101.71855926513672,105.47597178320596,101.47998785359044,103.0306716934118,100281800
2025-09-22,102.5436019897461,102.89150915292191,100.72453478596017,101.8378377081228,62638400
2025-09-29,101.46011352539062,103.31894267723028,99.27326194518547,102.43426119019941,72966300
2025-10-06,101.23148345947266,103.01078878732672,99.77027335268556,101.27124536210603,80454000
2025-10-13,107.08628845214844,108.92523270224174,100.46608005124423,100.76429050641912,93248800
2025-10-20,105.53560638427734,107.60317969412573,104.8795539897681,107.20556827549227,55503600
2025-10-27,100.57543182373047,105.72448070660005,99.58140700142984,105.70459596322182,75987400
2025-11-03,101.97698974609375,102.35472398355685,99.43228895555167,100.2175693740907,72919600
2025-11-10,101.86766815185547,103.30900112517982,98.2891726884986,101.53963813707982,81286800
2025-11-17,104.69068908691406,107.50378102262268,99.08438995794542,101.96706332460975,146847600
2025-11-24,109.84967803955078,110.0385375864264,103.14001092857826,104.73044902330663,90361900
2025-12-01,114.42218780517578,115.57525255371876,109.70057031588087,109.8496755428305,110288400
2025-12-08,116.23915100097656,116.48816375599088,111.85653259213755,114.11756506399041,110566000
2025-12-15,113.90840148925781,116.98619566185528,113.08167727358796,116.46825244678578,126054300
2025-12-22,111.29874420166016,113.86855778071944,110.11344859833584,113.55978438142934,59807200
2025-12-29,112.3147201538086,112.34460046985909,110.68119701607182,111.14933463297372,50504200
2026-01-05,114.07772827148438,115.00405607413008,109.37636598705747,112.37448184712292,108945600
2026-01-12,119.22730255126953,120.76122201464432,115.95030142413489,117.03599337460048,562872200
2026-01-19,117.26509094238281,121.1397288357493,116.6774168838822,120.41260824118405,125499900
2026-01-26,118.66951751708984,118.93845554717745,115.02397474772778,117.34476784110639,97459300
2026-02-02,130.66197204589844,131.17992285780286,118.57988290378033,119.02810284550027,147871800
2026-02-09,133.36126708984375,134.118260374443,125.89088462861896,130.90101991673114,128605300
2026-02-16,122.50431823730469,134.15812024602033,120.57198434058695,132.58435774102833,152625200
2026-02-23,127.4447250366211,128.09216731908256,122.47443257198988,123.03221871171937,111013500
2026-03-02,123.31111907958984,128.24156857944251,121.139727556177,126.95666185419091,100163900
2026-03-09,126.02037048339844,126.18970493059696,121.7971163273896,123.20155189960403,93291700
2026-03-16,118.79328918457031,126.94773288156013,117.79519396918542,126.51855163435013,135566400
2026-03-23,122.65592193603516,124.03329060905865,118.82323991638948,120.25051639674824,89034200
2026-03-30,125.55039978027344,125.66019086466167,122.60601428555796,123.47435987621155,70697400
2026-04-06,126.52852630615234,129.44297010399848,121.09889354679387,125.57035581920674,74867800
2026-04-13,127.25714111328125,127.32700747439601,122.31657279835758,126.04944680551907,89921000
2026-04-20,129.6725311279297,132.2077015539505,127.07748503941592,127.62644046471371,86262800
2026-04-27,131.34933471679688,133.11595225949642,125.67017057885771,129.37309525080798,80258700
2026-05-04,130.42999267578125,131.75,128.6699981689453,130.41000366210938,67468600
2026-05-11,131.4499969482422,133.9499969482422,126.37999725341797,130.17999267578125,89944600
2026-05-18,120.2699966430664,135.16000366210938,118.91000366210938,131.52000427246094,145949100
2026-05-25,115.75,121.05000305175781,114.70999908447266,120.69000244140625,114662900
2026-06-01,118.87999725341797,120.88999938964844,112.7300033569336,114.7300033569336,145931700
2026-06-08,121.04000091552734,121.86000061035156,117.52999877929688,118.25,103079500
2026-06-15,117.18000030517578,122.94000244140625,116.80000305175781,119.73999786376953,102021100
2026-06-22,115.69000244140625,120.4000015258789,115.08999633789062,116.95999908447266,118086100
2026-06-29,111.83999633789062,116.80000305175781,107.25,116.47000122070312,113304600
2026-07-06,113.9000015258789,114.16000366210938,109.37000274658203,111.4000015258789,102282900
2026-07-13,114.23999786376953,118.08999633789062,112.06999969482422,114.7300033569336,97260700
2026-07-20,109.47000122070312,114.4000015258789,106.79000091552734,113.95999908447266,103638839
